{"type":"FeatureCollection","features":[{"type":"Feature","id":"AC-Y364-X398","properties":{"id":"AC-Y364-X398","grid_x":398,"grid_y":364,"region":"oeste","centroid":[-71.152262,-9.8679445],"aggregation":"none","score_unico_gradboost":0.0012754,"score_unico_random_forest":0.0594359,"score_unico_logistic_regression":0.2059007,"score_unico_fuzzy_knn":0.0,"score_unico_xgboost":0.0019879,"score_regional_gradboost":0.0032914,"score_regional_random_forest":0.0049158,"score_regional_logistic_regression":0.2555478,"score_regional_fuzzy_knn":0.0,"score_regional_xgboost":0.0030857},"geometry":{"type":"Polygon","coordinates":[[[-71.156349,-9.8706216],[-71.14821,-9.8706736],[-71.148175,-9.8652673],[-71.1563138,-9.8652153],[-71.156349,-9.8706216]]]}},{"type":"Feature","id":"AC-Y365-X398","properties":{"id":"AC-Y365-X398","grid_x":398,"grid_y":365,"region":"oeste","centroid":[-71.1522269,-9.8625382],"aggregation":"none","score_unico_gradboost":0.001205,"score_unico_random_forest":0.0599835,"score_unico_logistic_regression":0.2083704,"score_unico_fuzzy_knn":0.0,"score_unico_xgboost":0.0019457,"score_regional_gradboost":0.0032914,"score_regional_random_forest":0.0054822,"score_regional_logistic_regression":0.2610721,"score_regional_fuzzy_knn":0.0,"score_regional_xgboost":0.0030857},"geometry":{"type":"Polygon","coordinates":[[[-71.1563138,-9.8652153],[-71.148175,-9.8652673],[-71.1481399,-9.859861],[-71.1562787,-9.859809],[-71.1563138,-9.8652153]]]}},{"type":"Feature","id":"AC-Y365-X399","properties":{"id":"AC-Y365-X399","grid_x":399,"grid_y":365,"region":"oeste","centroid":[-71.144088,-9.86259],"aggregation":"none","score_unico_gradboost":0.00122,"score_unico_random_forest":0.0812604,"score_unico_logistic_regression":0.1715484,"score_unico_fuzzy_knn":0.0,"score_unico_xgboost":0.0020278,"score_regional_gradboost":0.0052334,"score_regional_random_forest":0.0216361,"score_regional_logistic_regression":0.2198439,"score_regional_fuzzy_knn":0.0,"score_regional_xgboost":0.0054451},"geometry":{"type":"Polygon","coordinates":[[[-71.148175,-9.8652673],[-71.1400361,-9.865319],[-71.1400012,-9.8599127],[-71.1481399,-9.859861],[-71.148175,-9.8652673]]]}},{"type":"Feature","id":"AC-Y366-X398","properties":{"id":"AC-Y366-X398","grid_x":398,"grid_y":366,"region":"oeste","centroid":[-71.1521918,-9.8571319],"aggregation":"none","score_unico_gradboost":0.001205,"score_unico_random_forest":0.0584531,"score_unico_logistic_regression":0.1826616,"score_unico_fuzzy_knn":0.0,"score_unico_xgboost":0.0018327,"score_regional_gradboost":0.0046512,"score_regional_random_forest":0.007865,"score_regional_logistic_regression":0.228803,"score_regional_fuzzy_knn":0.0,"score_regional_xgboost":0.0039259},"geometry":{"type":"Polygon","coordinates":[[[-71.1562787,-9.859809],[-71.1481399,-9.859861],[-71.1481049,-9.8544547],[-71.1562435,-9.8544027],[-71.1562787,-9.859809]]]}},{"type":"Feature","id":"AC-Y366-X399","properties":{"id":"AC-Y366-X399","grid_x":399,"grid_y":366,"region":"oeste","centroid":[-71.1440531,-9.8571837],"aggregation":"none","score_unico_gradboost":0.0017009,"score_unico_random_forest":0.085282,"score_unico_logistic_regression":0.223185,"score_unico_fuzzy_knn":0.0,"score_unico_xgboost":0.0021407,"score_regional_gradboost":0.0038561,"score_regional_random_forest":0.0228746,"score_regional_logistic_regression":0.2926615,"score_regional_fuzzy_knn":0.0,"score_regional_xgboost":0.0061484},"geometry":{"type":"Polygon","coordinates":[[[-71.1481399,-9.859861],[-71.1400012,-9.8599127],[-71.1399663,-9.8545064],[-71.1481049,-9.8544547],[-71.1481399,-9.859861]]]}},{"type":"Feature","id":"AC-Y367-X398","properties":{"id":"AC-Y367-X398","grid_x":398,"grid_y":367,"region":"oeste","centroid":[-71.1521567,-9.8517256],"aggregation":"none","score_unico_gradboost":0.0013043,"score_unico_random_forest":0.0626287,"score_unico_logistic_regression":0.2258714,"score_unico_fuzzy_knn":0.0,"score_unico_xgboost":0.001945,"score_regional_gradboost":0.0029858,"score_regional_random_forest":0.0047324,"score_regional_logistic_regression":0.2861338,"score_regional_fuzzy_knn":0.0,"score_regional_xgboost":0.0034472},"geometry":{"type":"Polygon","coordinates":[[[-71.1562435,-9.8544027],[-71.1481049,-9.8544547],[-71.14807,-9.8490483],[-71.1562084,-9.8489965],[-71.1562435,-9.8544027]]]}},{"type":"Feature","id":"AC-Y367-X399","properties":{"id":"AC-Y367-X399","grid_x":399,"grid_y":367,"region":"oeste","centroid":[-71.1440182,-9.8517774],"aggregation":"none","score_unico_gradboost":0.0018051,"score_unico_random_forest":0.082752,"score_unico_logistic_regression":0.2332706,"score_unico_fuzzy_knn":0.0,"score_unico_xgboost":0.0029981,"score_regional_gradboost":0.0058864,"score_regional_random_forest":0.0232438,"score_regional_logistic_regression":0.3073945,"score_regional_fuzzy_knn":0.0,"score_regional_xgboost":0.0093032},"geometry":{"type":"Polygon","coordinates":[[[-71.1481049,-9.8544547],[-71.1399663,-9.8545064],[-71.1399315,-9.8491],[-71.14807,-9.8490483],[-71.1481049,-9.8544547]]]}},{"type":"Feature","id":"AC-Y367-X400","properties":{"id":"AC-Y367-X400","grid_x":400,"grid_y":367,"region":"oeste","centroid":[-71.1358796,-9.851829],"aggregation":"none","score_unico_gradboost":0.0018351,"score_unico_random_forest":0.0827607,"score_unico_logistic_regression":0.1860401,"score_unico_fuzzy_knn":0.0,"score_unico_xgboost":0.0035653,"score_regional_gradboost":0.0078519,"score_regional_random_forest":0.0260377,"score_regional_logistic_regression":0.2618562,"score_regional_fuzzy_knn":0.0,"score_regional_xgboost":0.013598},"geometry":{"type":"Polygon","coordinates":[[[-71.1399663,-9.8545064],[-71.1318276,-9.8545579],[-71.1317929,-9.8491515],[-71.1399315,-9.8491],[-71.1399663,-9.8545064]]]}},{"type":"Feature","id":"AC-Y367-X401","properties":{"id":"AC-Y367-X401","grid_x":401,"grid_y":367,"region":"oeste","centroid":[-71.1277409,-9.8518804],"aggregation":"none","score_unico_gradboost":0.001666,"score_unico_random_forest":0.0870811,"score_unico_logistic_regression":0.2340879,"score_unico_fuzzy_knn":0.0,"score_unico_xgboost":0.0038291,"score_regional_gradboost":0.0054177,"score_regional_random_forest":0.0292486,"score_regional_logistic_regression":0.4782405,"score_regional_fuzzy_knn":0.0,"score_regional_xgboost":0.0066289},"geometry":{"type":"Polygon","coordinates":[[[-71.1318276,-9.8545579],[-71.1236889,-9.8546092],[-71.1236543,-9.8492028],[-71.1317929,-9.8491515],[-71.1318276,-9.8545579]]]}},{"type":"Feature","id":"AC-Y367-X402","properties":{"id":"AC-Y367-X402","grid_x":402,"grid_y":367,"region":"oeste","centroid":[-71.1196023,-9.8519316],"aggregation":"none","score_unico_gradboost":0.001666,"score_unico_random_forest":0.0870811,"score_unico_logistic_regression":0.2331439,"score_unico_fuzzy_knn":0.0,"score_unico_xgboost":0.0038291,"score_regional_gradboost":0.0054177,"score_regional_random_forest":0.0292486,"score_regional_logistic_regression":0.4722099,"score_regional_fuzzy_knn":0.0,"score_regional_xgboost":0.0066289},"geometry":{"type":"Polygon","coordinates":[[[-71.1236889,-9.8546092],[-71.1155501,-9.8546603],[-71.1155157,-9.8492539],[-71.1236543,-9.8492028],[-71.1236889,-9.8546092]]]}},{"type":"Feature","id":"AC-Y367-X403","properties":{"id":"AC-Y367-X403","grid_x":403,"grid_y":367,"region":"oeste","centroid":[-71.1114635,-9.8519826],"aggregation":"none","score_unico_gradboost":0.0014463,"score_unico_random_forest":0.0841235,"score_unico_logistic_regression":0.2085656,"score_unico_fuzzy_knn":0.0,"score_unico_xgboost":0.0036086,"score_regional_gradboost":0.0055149,"score_regional_random_forest":0.0292486,"score_regional_logistic_regression":0.3373374,"score_regional_fuzzy_knn":0.0,"score_regional_xgboost":0.0068331},"geometry":{"type":"Polygon","coordinates":[[[-71.1155501,-9.8546603],[-71.1074113,-9.8547113],[-71.107377,-9.8493048],[-71.1155157,-9.8492539],[-71.1155501,-9.8546603]]]}},{"type":"Feature","id":"AC-Y367-X404","properties":{"id":"AC-Y367-X404","grid_x":404,"grid_y":367,"region":"oeste","centroid":[-71.1033248,-9.8520334],"aggregation":"none","score_unico_gradboost":0.001666,"score_unico_random_forest":0.0870811,"score_unico_logistic_regression":0.220489,"score_unico_fuzzy_knn":0.0,"score_unico_xgboost":0.0038291,"score_regional_gradboost":0.0054177,"score_regional_random_forest":0.0292486,"score_regional_logistic_regression":0.4010043,"score_regional_fuzzy_knn":0.0,"score_regional_xgboost":0.0066289},"geometry":{"type":"Polygon","coordinates":[[[-71.1074113,-9.8547113],[-71.0992725,-9.854762],[-71.0992383,-9.8493555],[-71.107377,-9.8493048],[-71.1074113,-9.8547113]]]}},{"type":"Feature","id":"AC-Y368-X399","properties":{"id":"AC-Y368-X399","grid_x":399,"grid_y":368,"region":"oeste","centroid":[-71.1439833,-9.846371],"aggregation":"none","score_unico_gradboost":0.001568,"score_unico_random_forest":0.0797759,"score_unico_logistic_regression":0.1875078,"score_unico_fuzzy_knn":0.0,"score_unico_xgboost":0.0021956,"score_regional_gradboost":0.0055281,"score_regional_random_forest":0.0249139,"score_regional_logistic_regression":0.2485557,"score_regional_fuzzy_knn":0.0,"score_regional_xgboost":0.0064412},"geometry":{"type":"Polygon","coordinates":[[[-71.14807,-9.8490483],[-71.1399315,-9.8491],[-71.1398966,-9.8436937],[-71.148035,-9.843642],[-71.14807,-9.8490483]]]}},{"type":"Feature","id":"AC-Y368-X400","properties":{"id":"AC-Y368-X400","grid_x":400,"grid_y":368,"region":"oeste","centroid":[-71.1358448,-9.8464226],"aggregation":"none","score_unico_gradboost":0.0021255,"score_unico_random_forest":0.0822334,"score_unico_logistic_regression":0.201822,"score_unico_fuzzy_knn":0.0,"score_unico_xgboost":0.0034798,"score_regional_gradboost":0.0064317,"score_regional_random_forest":0.0263794,"score_regional_logistic_regression":0.2812862,"score_regional_fuzzy_knn":0.0,"score_regional_xgboost":0.0119541},"geometry":{"type":"Polygon","coordinates":[[[-71.1399315,-9.8491],[-71.1317929,-9.8491515],[-71.1317582,-9.8437451],[-71.1398966,-9.8436937],[-71.1399315,-9.8491]]]}},{"type":"Feature","id":"AC-Y368-X401","properties":{"id":"AC-Y368-X401","grid_x":401,"grid_y":368,"region":"oeste","centroid":[-71.1277063,-9.846474],"aggregation":"none","score_unico_gradboost":0.0018351,"score_unico_random_forest":0.0774358,"score_unico_logistic_regression":0.1926438,"score_unico_fuzzy_knn":0.0,"score_unico_xgboost":0.0033531,"score_regional_gradboost":0.0078519,"score_regional_random_forest":0.0278901,"score_regional_logistic_regression":0.2785932,"score_regional_fuzzy_knn":0.0,"score_regional_xgboost":0.013598},"geometry":{"type":"Polygon","coordinates":[[[-71.1317929,-9.8491515],[-71.1236543,-9.8492028],[-71.1236197,-9.8437964],[-71.1317582,-9.8437451],[-71.1317929,-9.8491515]]]}},{"type":"Feature","id":"AC-Y368-X402","properties":{"id":"AC-Y368-X402","grid_x":402,"grid_y":368,"region":"oeste","centroid":[-71.1195678,-9.8465252],"aggregation":"none","score_unico_gradboost":0.0018351,"score_unico_random_forest":0.0774358,"score_unico_logistic_regression":0.1931078,"score_unico_fuzzy_knn":0.0,"score_unico_xgboost":0.0033531,"score_regional_gradboost":0.0078519,"score_regional_random_forest":0.0278901,"score_regional_logistic_regression":0.2802404,"score_regional_fuzzy_knn":0.0,"score_regional_xgboost":0.013598},"geometry":{"type":"Polygon","coordinates":[[[-71.1236543,-9.8492028],[-71.1155157,-9.8492539],[-71.1154812,-9.8438475],[-71.1236198,-9.8437964],[-71.1236543,-9.8492028]]]}},{"type":"Feature","id":"AC-Y368-X403","properties":{"id":"AC-Y368-X403","grid_x":403,"grid_y":368,"region":"oeste","centroid":[-71.1114292,-9.8465762],"aggregation":"none","score_unico_gradboost":0.0018351,"score_unico_random_forest":0.0774358,"score_unico_logistic_regression":0.1919329,"score_unico_fuzzy_knn":0.0,"score_unico_xgboost":0.0032711,"score_regional_gradboost":0.0078519,"score_regional_random_forest":0.0278901,"score_regional_logistic_regression":0.273604,"score_regional_fuzzy_knn":0.0,"score_regional_xgboost":0.013598},"geometry":{"type":"Polygon","coordinates":[[[-71.1155157,-9.8492539],[-71.107377,-9.8493048],[-71.1073427,-9.8438984],[-71.1154812,-9.8438475],[-71.1155157,-9.8492539]]]}},{"type":"Feature","id":"AC-Y368-X404","properties":{"id":"AC-Y368-X404","grid_x":404,"grid_y":368,"region":"oeste","centroid":[-71.1032905,-9.846627],"aggregation":"none","score_unico_gradboost":0.0015165,"score_unico_random_forest":0.0809977,"score_unico_logistic_regression":0.1986103,"score_unico_fuzzy_knn":0.0,"score_unico_xgboost":0.0035799,"score_regional_gradboost":0.0064772,"score_regional_random_forest":0.0288338,"score_regional_logistic_regression":0.3071757,"score_regional_fuzzy_knn":0.0,"score_regional_xgboost":0.0111364},"geometry":{"type":"Polygon","coordinates":[[[-71.107377,-9.8493048],[-71.0992383,-9.8493555],[-71.0992041,-9.843949],[-71.1073427,-9.8438984],[-71.107377,-9.8493048]]]}},{"type":"Feature","id":"AC-Y369-X399","properties":{"id":"AC-Y369-X399","grid_x":399,"grid_y":369,"region":"oeste","centroid":[-71.1439484,-9.8409647],"aggregation":"none","score_unico_gradboost":0.0015229,"score_unico_random_forest":0.0870555,"score_unico_logistic_regression":0.2341115,"score_unico_fuzzy_knn":0.0,"score_unico_xgboost":0.0018432,"score_regional_gradboost":0.0035463,"score_regional_random_forest":0.0168436,"score_regional_logistic_regression":0.3076508,"score_regional_fuzzy_knn":0.0,"score_regional_xgboost":0.0040459},"geometry":{"type":"Polygon","coordinates":[[[-71.148035,-9.843642],[-71.1398966,-9.8436937],[-71.1398618,-9.8382873],[-71.148,-9.8382357],[-71.148035,-9.843642]]]}},{"type":"Feature","id":"AC-Y369-X400","properties":{"id":"AC-Y369-X400","grid_x":400,"grid_y":369,"region":"oeste","centroid":[-71.13581,-9.8410163],"aggregation":"none","score_unico_gradboost":0.0018836,"score_unico_random_forest":0.0818669,"score_unico_logistic_regression":0.1836302,"score_unico_fuzzy_knn":0.0,"score_unico_xgboost":0.0033429,"score_regional_gradboost":0.0077561,"score_regional_random_forest":0.0270978,"score_regional_logistic_regression":0.2467116,"score_regional_fuzzy_knn":0.0,"score_regional_xgboost":0.0105865},"geometry":{"type":"Polygon","coordinates":[[[-71.1398966,-9.8436937],[-71.1317582,-9.8437451],[-71.1317235,-9.8383388],[-71.1398618,-9.8382873],[-71.1398966,-9.8436937]]]}},{"type":"Feature","id":"AC-Y369-X401","properties":{"id":"AC-Y369-X401","grid_x":401,"grid_y":369,"region":"oeste","centroid":[-71.1276717,-9.8410676],"aggregation":"none","score_unico_gradboost":0.0018593,"score_unico_random_forest":0.0891629,"score_unico_logistic_regression":0.1719203,"score_unico_fuzzy_knn":0.0,"score_unico_xgboost":0.0038571,"score_regional_gradboost":0.0078674,"score_regional_random_forest":0.0301281,"score_regional_logistic_regression":0.2340856,"score_regional_fuzzy_knn":0.0,"score_regional_xgboost":0.0122213},"geometry":{"type":"Polygon","coordinates":[[[-71.1317582,-9.8437451],[-71.1236197,-9.8437964],[-71.1235852,-9.83839],[-71.1317235,-9.8383388],[-71.1317582,-9.8437451]]]}},{"type":"Feature","id":"AC-Y369-X402","properties":{"id":"AC-Y369-X402","grid_x":402,"grid_y":369,"region":"oeste","centroid":[-71.1195333,-9.8411188],"aggregation":"none","score_unico_gradboost":0.0019069,"score_unico_random_forest":0.0907421,"score_unico_logistic_regression":0.1886112,"score_unico_fuzzy_knn":0.0,"score_unico_xgboost":0.0039812,"score_regional_gradboost":0.0078674,"score_regional_random_forest":0.0295337,"score_regional_logistic_regression":0.2579962,"score_regional_fuzzy_knn":0.0,"score_regional_xgboost":0.0122213},"geometry":{"type":"Polygon","coordinates":[[[-71.1236198,-9.8437964],[-71.1154812,-9.8438475],[-71.1154468,-9.8384411],[-71.1235852,-9.83839],[-71.1236198,-9.8437964]]]}},{"type":"Feature","id":"AC-Y369-X403","properties":{"id":"AC-Y369-X403","grid_x":403,"grid_y":369,"region":"oeste","centroid":[-71.1113948,-9.8411697],"aggregation":"none","score_unico_gradboost":0.0018836,"score_unico_random_forest":0.0857554,"score_unico_logistic_regression":0.1881155,"score_unico_fuzzy_knn":0.0,"score_unico_xgboost":0.0036954,"score_regional_gradboost":0.0078674,"score_regional_random_forest":0.0275398,"score_regional_logistic_regression":0.2549035,"score_regional_fuzzy_knn":0.0,"score_regional_xgboost":0.0122213},"geometry":{"type":"Polygon","coordinates":[[[-71.1154812,-9.8438475],[-71.1073427,-9.8438984],[-71.1073084,-9.8384919],[-71.1154468,-9.8384411],[-71.1154812,-9.8438475]]]}},{"type":"Feature","id":"AC-Y369-X404","properties":{"id":"AC-Y369-X404","grid_x":404,"grid_y":369,"region":"oeste","centroid":[-71.1032563,-9.8412205],"aggregation":"none","score_unico_gradboost":0.0018351,"score_unico_random_forest":0.0774358,"score_unico_logistic_regression":0.192981,"score_unico_fuzzy_knn":0.0,"score_unico_xgboost":0.0034114,"score_regional_gradboost":0.0078519,"score_regional_random_forest":0.0278901,"score_regional_logistic_regression":0.278385,"score_regional_fuzzy_knn":0.0,"score_regional_xgboost":0.013598},"geometry":{"type":"Polygon","coordinates":[[[-71.1073427,-9.8438984],[-71.0992041,-9.843949],[-71.09917,-9.8385425],[-71.1073084,-9.8384919],[-71.1073427,-9.8438984]]]}},{"type":"Feature","id":"AC-Y369-X405","properties":{"id":"AC-Y369-X405","grid_x":405,"grid_y":369,"region":"oeste","centroid":[-71.0951178,-9.841271],"aggregation":"none","score_unico_gradboost":0.0015165,"score_unico_random_forest":0.0809977,"score_unico_logistic_regression":0.1995992,"score_unico_fuzzy_knn":0.0,"score_unico_xgboost":0.0034731,"score_regional_gradboost":0.006377,"score_regional_random_forest":0.0288338,"score_regional_logistic_regression":0.3118347,"score_regional_fuzzy_knn":0.0,"score_regional_xgboost":0.0111364},"geometry":{"type":"Polygon","coordinates":[[[-71.0992041,-9.843949],[-71.0910655,-9.8439995],[-71.0910315,-9.838593],[-71.09917,-9.8385425],[-71.0992041,-9.843949]]]}},{"type":"Feature","id":"AC-Y370-X399","properties":{"id":"AC-Y370-X399","grid_x":399,"grid_y":370,"region":"oeste","centroid":[-71.1439135,-9.8355584],"aggregation":"none","score_unico_gradboost":0.0011972,"score_unico_random_forest":0.0717124,"score_unico_logistic_regression":0.1802316,"score_unico_fuzzy_knn":0.0,"score_unico_xgboost":0.0017043,"score_regional_gradboost":0.0052946,"score_regional_random_forest":0.0106198,"score_regional_logistic_regression":0.231244,"score_regional_fuzzy_knn":0.0,"score_regional_xgboost":0.0040327},"geometry":{"type":"Polygon","coordinates":[[[-71.148,-9.8382357],[-71.1398618,-9.8382873],[-71.139827,-9.832881],[-71.1479651,-9.8328294],[-71.148,-9.8382357]]]}},{"type":"Feature","id":"AC-Y370-X400","properties":{"id":"AC-Y370-X400","grid_x":400,"grid_y":370,"region":"oeste","centroid":[-71.1357753,-9.8356099],"aggregation":"none","score_unico_gradboost":0.0012687,"score_unico_random_forest":0.0834744,"score_unico_logistic_regression":0.1688088,"score_unico_fuzzy_knn":0.0,"score_unico_xgboost":0.0020846,"score_regional_gradboost":0.0055091,"score_regional_random_forest":0.0211279,"score_regional_logistic_regression":0.2197346,"score_regional_fuzzy_knn":0.0,"score_regional_xgboost":0.0046074},"geometry":{"type":"Polygon","coordinates":[[[-71.1398618,-9.8382873],[-71.1317235,-9.8383388],[-71.1316889,-9.8329324],[-71.139827,-9.832881],[-71.1398618,-9.8382873]]]}},{"type":"Feature","id":"AC-Y370-X401","properties":{"id":"AC-Y370-X401","grid_x":401,"grid_y":370,"region":"oeste","centroid":[-71.1276371,-9.8356612],"aggregation":"none","score_unico_gradboost":0.0012229,"score_unico_random_forest":0.0785078,"score_unico_logistic_regression":0.2122141,"score_unico_fuzzy_knn":0.0,"score_unico_xgboost":0.0021983,"score_regional_gradboost":0.0036038,"score_regional_random_forest":0.022729,"score_regional_logistic_regression":0.2809317,"score_regional_fuzzy_knn":0.0,"score_regional_xgboost":0.0051113},"geometry":{"type":"Polygon","coordinates":[[[-71.1317235,-9.8383388],[-71.1235852,-9.83839],[-71.1235507,-9.8329836],[-71.1316889,-9.8329324],[-71.1317235,-9.8383388]]]}},{"type":"Feature","id":"AC-Y370-X402","properties":{"id":"AC-Y370-X402","grid_x":402,"grid_y":370,"region":"oeste","centroid":[-71.1194988,-9.8357123],"aggregation":"none","score_unico_gradboost":0.0014358,"score_unico_random_forest":0.0759026,"score_unico_logistic_regression":0.1860158,"score_unico_fuzzy_knn":0.0,"score_unico_xgboost":0.0021938,"score_regional_gradboost":0.0052334,"score_regional_random_forest":0.0251093,"score_regional_logistic_regression":0.2455967,"score_regional_fuzzy_knn":0.0,"score_regional_xgboost":0.0064412},"geometry":{"type":"Polygon","coordinates":[[[-71.1235852,-9.83839],[-71.1154468,-9.8384411],[-71.1154124,-9.8330346],[-71.1235507,-9.8329836],[-71.1235852,-9.83839]]]}},{"type":"Feature","id":"AC-Y370-X403","properties":{"id":"AC-Y370-X403","grid_x":403,"grid_y":370,"region":"oeste","centroid":[-71.1113605,-9.8357633],"aggregation":"none","score_unico_gradboost":0.001568,"score_unico_random_forest":0.0805318,"score_unico_logistic_regression":0.1865187,"score_unico_fuzzy_knn":0.0,"score_unico_xgboost":0.0021956,"score_regional_gradboost":0.0055281,"score_regional_random_forest":0.0247871,"score_regional_logistic_regression":0.2473628,"score_regional_fuzzy_knn":0.0,"score_regional_xgboost":0.0064412},"geometry":{"type":"Polygon","coordinates":[[[-71.1154468,-9.8384411],[-71.1073084,-9.8384919],[-71.1072742,-9.8330854],[-71.1154124,-9.8330346],[-71.1154468,-9.8384411]]]}},{"type":"Feature","id":"AC-Y370-X404","properties":{"id":"AC-Y370-X404","grid_x":404,"grid_y":370,"region":"oeste","centroid":[-71.1032221,-9.835814],"aggregation":"none","score_unico_gradboost":0.0019069,"score_unico_random_forest":0.0883968,"score_unico_logistic_regression":0.1890755,"score_unico_fuzzy_knn":0.0,"score_unico_xgboost":0.0042164,"score_regional_gradboost":0.0078674,"score_regional_random_forest":0.0290936,"score_regional_logistic_regression":0.2591238,"score_regional_fuzzy_knn":0.0,"score_regional_xgboost":0.0122213},"geometry":{"type":"Polygon","coordinates":[[[-71.1073084,-9.8384919],[-71.09917,-9.8385425],[-71.0991358,-9.8331361],[-71.1072742,-9.8330854],[-71.1073084,-9.8384919]]]}},{"type":"Feature","id":"AC-Y370-X405","properties":{"id":"AC-Y370-X405","grid_x":405,"grid_y":370,"region":"oeste","centroid":[-71.0950837,-9.8358645],"aggregation":"none","score_unico_gradboost":0.0018351,"score_unico_random_forest":0.0774358,"score_unico_logistic_regression":0.1925919,"score_unico_fuzzy_knn":0.0,"score_unico_xgboost":0.0034013,"score_regional_gradboost":0.0078519,"score_regional_random_forest":0.0278901,"score_regional_logistic_regression":0.2759217,"score_regional_fuzzy_knn":0.0,"score_regional_xgboost":0.013598},"geometry":{"type":"Polygon","coordinates":[[[-71.09917,-9.8385425],[-71.0910315,-9.838593],[-71.0909975,-9.8331865],[-71.0991358,-9.8331361],[-71.09917,-9.8385425]]]}},{"type":"Feature","id":"AC-Y370-X406","properties":{"id":"AC-Y370-X406","grid_x":406,"grid_y":370,"region":"oeste","centroid":[-71.0869452,-9.8359149],"aggregation":"none","score_unico_gradboost":0.0016277,"score_unico_random_forest":0.0806234,"score_unico_logistic_regression":0.1970148,"score_unico_fuzzy_knn":0.0,"score_unico_xgboost":0.0033072,"score_regional_gradboost":0.0065771,"score_regional_random_forest":0.0307532,"score_regional_logistic_regression":0.2978029,"score_regional_fuzzy_knn":0.0,"score_regional_xgboost":0.0127494},"geometry":{"type":"Polygon","coordinates":[[[-71.0910315,-9.838593],[-71.0828929,-9.8386433],[-71.082859,-9.8332367],[-71.0909975,-9.8331865],[-71.0910315,-9.838593]]]}},{"type":"Feature","id":"AC-Y371-X399","properties":{"id":"AC-Y371-X399","grid_x":399,"grid_y":371,"region":"oeste","centroid":[-71.1438786,-9.8301521],"aggregation":"none","score_unico_gradboost":0.0012938,"score_unico_random_forest":0.0671895,"score_unico_logistic_regression":0.1907946,"score_unico_fuzzy_knn":0.0,"score_unico_xgboost":0.0018654,"score_regional_gradboost":0.0063805,"score_regional_random_forest":0.0115201,"score_regional_logistic_regression":0.241659,"score_regional_fuzzy_knn":0.0,"score_regional_xgboost":0.00361},"geometry":{"type":"Polygon","coordinates":[[[-71.1479651,-9.8328294],[-71.139827,-9.832881],[-71.1397922,-9.8274746],[-71.1479302,-9.8274231],[-71.1479651,-9.8328294]]]}},{"type":"Feature","id":"AC-Y371-X400","properties":{"id":"AC-Y371-X400","grid_x":400,"grid_y":371,"region":"oeste","centroid":[-71.1357406,-9.8302035],"aggregation":"none","score_unico_gradboost":0.0012224,"score_unico_random_forest":0.0674361,"score_unico_logistic_regression":0.1833515,"score_unico_fuzzy_knn":0.0,"score_unico_xgboost":0.0016233,"score_regional_gradboost":0.0052384,"score_regional_random_forest":0.0111378,"score_regional_logistic_regression":0.2343967,"score_regional_fuzzy_knn":0.0,"score_regional_xgboost":0.0037169},"geometry":{"type":"Polygon","coordinates":[[[-71.139827,-9.832881],[-71.1316889,-9.8329324],[-71.1316542,-9.827526],[-71.1397922,-9.8274746],[-71.139827,-9.832881]]]}},{"type":"Feature","id":"AC-Y371-X401","properties":{"id":"AC-Y371-X401","grid_x":401,"grid_y":371,"region":"oeste","centroid":[-71.1276025,-9.8302548],"aggregation":"none","score_unico_gradboost":0.0011972,"score_unico_random_forest":0.0717428,"score_unico_logistic_regression":0.202956,"score_unico_fuzzy_knn":0.0,"score_unico_xgboost":0.0017229,"score_regional_gradboost":0.0039033,"score_regional_random_forest":0.0084581,"score_regional_logistic_regression":0.2620637,"score_regional_fuzzy_knn":0.0,"score_regional_xgboost":0.003541},"geometry":{"type":"Polygon","coordinates":[[[-71.1316889,-9.8329324],[-71.1235507,-9.8329836],[-71.1235162,-9.8275772],[-71.1316542,-9.827526],[-71.1316889,-9.8329324]]]}},{"type":"Feature","id":"AC-Y371-X402","properties":{"id":"AC-Y371-X402","grid_x":402,"grid_y":371,"region":"oeste","centroid":[-71.1194643,-9.8303059],"aggregation":"none","score_unico_gradboost":0.0011972,"score_unico_random_forest":0.0723401,"score_unico_logistic_regression":0.2014295,"score_unico_fuzzy_knn":0.0,"score_unico_xgboost":0.0016814,"score_regional_gradboost":0.0039033,"score_regional_random_forest":0.0084581,"score_regional_logistic_regression":0.2602282,"score_regional_fuzzy_knn":0.0,"score_regional_xgboost":0.003541},"geometry":{"type":"Polygon","coordinates":[[[-71.1235507,-9.8329836],[-71.1154124,-9.8330346],[-71.1153781,-9.8276282],[-71.1235162,-9.8275772],[-71.1235507,-9.8329836]]]}},{"type":"Feature","id":"AC-Y371-X403","properties":{"id":"AC-Y371-X403","grid_x":403,"grid_y":371,"region":"oeste","centroid":[-71.1113261,-9.8303568],"aggregation":"none","score_unico_gradboost":0.0012687,"score_unico_random_forest":0.0806936,"score_unico_logistic_regression":0.1850428,"score_unico_fuzzy_knn":0.0,"score_unico_xgboost":0.0018046,"score_regional_gradboost":0.0055091,"score_regional_random_forest":0.0154486,"score_regional_logistic_regression":0.2404984,"score_regional_fuzzy_knn":0.0,"score_regional_xgboost":0.0046074},"geometry":{"type":"Polygon","coordinates":[[[-71.1154124,-9.8330346],[-71.1072742,-9.8330854],[-71.1072399,-9.827679],[-71.1153781,-9.8276282],[-71.1154124,-9.8330346]]]}},{"type":"Feature","id":"AC-Y371-X404","properties":{"id":"AC-Y371-X404","grid_x":404,"grid_y":371,"region":"oeste","centroid":[-71.1031879,-9.8304075],"aggregation":"none","score_unico_gradboost":0.001568,"score_unico_random_forest":0.0805318,"score_unico_logistic_regression":0.186606,"score_unico_fuzzy_knn":0.0,"score_unico_xgboost":0.0021956,"score_regional_gradboost":0.0055281,"score_regional_random_forest":0.0244322,"score_regional_logistic_regression":0.2473216,"score_regional_fuzzy_knn":0.0,"score_regional_xgboost":0.0064412},"geometry":{"type":"Polygon","coordinates":[[[-71.1072742,-9.8330854],[-71.0991358,-9.8331361],[-71.0991017,-9.8277296],[-71.1072399,-9.827679],[-71.1072742,-9.8330854]]]}},{"type":"Feature","id":"AC-Y371-X405","properties":{"id":"AC-Y371-X405","grid_x":405,"grid_y":371,"region":"oeste","centroid":[-71.0950496,-9.830458],"aggregation":"none","score_unico_gradboost":0.0019191,"score_unico_random_forest":0.0878849,"score_unico_logistic_regression":0.1938506,"score_unico_fuzzy_knn":0.0,"score_unico_xgboost":0.0038814,"score_regional_gradboost":0.0078674,"score_regional_random_forest":0.0300483,"score_regional_logistic_regression":0.2640051,"score_regional_fuzzy_knn":0.0,"score_regional_xgboost":0.0122213},"geometry":{"type":"Polygon","coordinates":[[[-71.0991358,-9.8331361],[-71.0909975,-9.8331865],[-71.0909635,-9.82778],[-71.0991017,-9.8277296],[-71.0991358,-9.8331361]]]}},{"type":"Feature","id":"AC-Y371-X406","properties":{"id":"AC-Y371-X406","grid_x":406,"grid_y":371,"region":"oeste","centroid":[-71.0869113,-9.8305084],"aggregation":"none","score_unico_gradboost":0.0018351,"score_unico_random_forest":0.0782019,"score_unico_logistic_regression":0.2013494,"score_unico_fuzzy_knn":0.0,"score_unico_xgboost":0.0032349,"score_regional_gradboost":0.0078519,"score_regional_random_forest":0.0278901,"score_regional_logistic_regression":0.2879254,"score_regional_fuzzy_knn":0.0,"score_regional_xgboost":0.013598},"geometry":{"type":"Polygon","coordinates":[[[-71.0909975,-9.8331865],[-71.082859,-9.8332367],[-71.0828252,-9.8278302],[-71.0909635,-9.82778],[-71.0909975,-9.8331865]]]}},{"type":"Feature","id":"AC-Y371-X407","properties":{"id":"AC-Y371-X407","grid_x":407,"grid_y":371,"region":"oeste","centroid":[-71.0787729,-9.8305585],"aggregation":"none","score_unico_gradboost":0.0016846,"score_unico_random_forest":0.0827389,"score_unico_logistic_regression":0.2540257,"score_unico_fuzzy_knn":0.0,"score_unico_xgboost":0.0037621,"score_regional_gradboost":0.0038636,"score_regional_random_forest":0.0286226,"score_regional_logistic_regression":0.4664776,"score_regional_fuzzy_knn":0.0,"score_regional_xgboost":0.0058225},"geometry":{"type":"Polygon","coordinates":[[[-71.082859,-9.8332367],[-71.0747206,-9.8332867],[-71.0746869,-9.8278802],[-71.0828252,-9.8278302],[-71.082859,-9.8332367]]]}},{"type":"Feature","id":"AC-Y372-X400","properties":{"id":"AC-Y372-X400","grid_x":400,"grid_y":372,"region":"oeste","centroid":[-71.1357059,-9.8247972],"aggregation":"none","score_unico_gradboost":0.0013975,"score_unico_random_forest":0.0660813,"score_unico_logistic_regression":0.2231708,"score_unico_fuzzy_knn":0.0,"score_unico_xgboost":0.0016478,"score_regional_gradboost":0.0034204,"score_regional_random_forest":0.0066222,"score_regional_logistic_regression":0.2828059,"score_regional_fuzzy_knn":0.0,"score_regional_xgboost":0.0031697},"geometry":{"type":"Polygon","coordinates":[[[-71.1397922,-9.8274746],[-71.1316542,-9.827526],[-71.1316196,-9.8221196],[-71.1397575,-9.8220683],[-71.1397922,-9.8274746]]]}},{"type":"Feature","id":"AC-Y372-X401","properties":{"id":"AC-Y372-X401","grid_x":401,"grid_y":372,"region":"oeste","centroid":[-71.1275679,-9.8248484],"aggregation":"none","score_unico_gradboost":0.0014069,"score_unico_random_forest":0.067156,"score_unico_logistic_regression":0.2198723,"score_unico_fuzzy_knn":0.0,"score_unico_xgboost":0.0018199,"score_regional_gradboost":0.0034204,"score_regional_random_forest":0.0067139,"score_regional_logistic_regression":0.2795079,"score_regional_fuzzy_knn":0.0,"score_regional_xgboost":0.0031697},"geometry":{"type":"Polygon","coordinates":[[[-71.1316542,-9.827526],[-71.1235162,-9.8275772],[-71.1234817,-9.8221708],[-71.1316196,-9.8221196],[-71.1316542,-9.827526]]]}},{"type":"Feature","id":"AC-Y372-X402","properties":{"id":"AC-Y372-X402","grid_x":402,"grid_y":372,"region":"oeste","centroid":[-71.1194299,-9.8248995],"aggregation":"none","score_unico_gradboost":0.0012938,"score_unico_random_forest":0.066291,"score_unico_logistic_regression":0.1963882,"score_unico_fuzzy_knn":0.0,"score_unico_xgboost":0.0018532,"score_regional_gradboost":0.0037076,"score_regional_random_forest":0.008862,"score_regional_logistic_regression":0.2486786,"score_regional_fuzzy_knn":0.0,"score_regional_xgboost":0.0031697},"geometry":{"type":"Polygon","coordinates":[[[-71.1235162,-9.8275772],[-71.1153781,-9.8276282],[-71.1153437,-9.8222217],[-71.1234817,-9.8221708],[-71.1235162,-9.8275772]]]}},{"type":"Feature","id":"AC-Y372-X403","properties":{"id":"AC-Y372-X403","grid_x":403,"grid_y":372,"region":"oeste","centroid":[-71.1112918,-9.8249504],"aggregation":"none","score_unico_gradboost":0.0012224,"score_unico_random_forest":0.0633876,"score_unico_logistic_regression":0.1771431,"score_unico_fuzzy_knn":0.0,"score_unico_xgboost":0.001858,"score_regional_gradboost":0.0052384,"score_regional_random_forest":0.0104976,"score_regional_logistic_regression":0.2255635,"score_regional_fuzzy_knn":0.0,"score_regional_xgboost":0.00361},"geometry":{"type":"Polygon","coordinates":[[[-71.1153781,-9.8276282],[-71.1072399,-9.827679],[-71.1072057,-9.8222725],[-71.1153437,-9.8222217],[-71.1153781,-9.8276282]]]}},{"type":"Feature","id":"AC-Y372-X404","properties":{"id":"AC-Y372-X404","grid_x":404,"grid_y":372,"region":"oeste","centroid":[-71.1031537,-9.8250011],"aggregation":"none","score_unico_gradboost":0.0008315,"score_unico_random_forest":0.0749767,"score_unico_logistic_regression":0.1627631,"score_unico_fuzzy_knn":0.0,"score_unico_xgboost":0.0011364,"score_regional_gradboost":0.0035925,"score_regional_random_forest":0.0122354,"score_regional_logistic_regression":0.2097812,"score_regional_fuzzy_knn":0.0,"score_regional_xgboost":0.0043031},"geometry":{"type":"Polygon","coordinates":[[[-71.1072399,-9.827679],[-71.0991017,-9.8277296],[-71.0990676,-9.8223231],[-71.1072057,-9.8222725],[-71.1072399,-9.827679]]]}},{"type":"Feature","id":"AC-Y372-X405","properties":{"id":"AC-Y372-X405","grid_x":405,"grid_y":372,"region":"oeste","centroid":[-71.0950156,-9.8250515],"aggregation":"none","score_unico_gradboost":0.0010892,"score_unico_random_forest":0.0831952,"score_unico_logistic_regression":0.1480456,"score_unico_fuzzy_knn":0.0,"score_unico_xgboost":0.0013566,"score_regional_gradboost":0.0035072,"score_regional_random_forest":0.0233739,"score_regional_logistic_regression":0.193417,"score_regional_fuzzy_knn":0.008052,"score_regional_xgboost":0.0036416},"geometry":{"type":"Polygon","coordinates":[[[-71.0991017,-9.8277296],[-71.0909635,-9.82778],[-71.0909295,-9.8223734],[-71.0990676,-9.8223231],[-71.0991017,-9.8277296]]]}},{"type":"Feature","id":"AC-Y372-X406","properties":{"id":"AC-Y372-X406","grid_x":406,"grid_y":372,"region":"oeste","centroid":[-71.0868774,-9.8251018],"aggregation":"none","score_unico_gradboost":0.0021255,"score_unico_random_forest":0.0887345,"score_unico_logistic_regression":0.1986485,"score_unico_fuzzy_knn":0.0,"score_unico_xgboost":0.0037321,"score_regional_gradboost":0.0078674,"score_regional_random_forest":0.0284783,"score_regional_logistic_regression":0.2747621,"score_regional_fuzzy_knn":0.0,"score_regional_xgboost":0.0122213},"geometry":{"type":"Polygon","coordinates":[[[-71.0909635,-9.82778],[-71.0828252,-9.8278302],[-71.0827914,-9.8224236],[-71.0909295,-9.8223734],[-71.0909635,-9.82778]]]}},{"type":"Feature","id":"AC-Y372-X407","properties":{"id":"AC-Y372-X407","grid_x":407,"grid_y":372,"region":"oeste","centroid":[-71.0787392,-9.8251519],"aggregation":"none","score_unico_gradboost":0.0015165,"score_unico_random_forest":0.0817844,"score_unico_logistic_regression":0.1809229,"score_unico_fuzzy_knn":0.0,"score_unico_xgboost":0.0034149,"score_regional_gradboost":0.0064772,"score_regional_random_forest":0.0288562,"score_regional_logistic_regression":0.2767939,"score_regional_fuzzy_knn":0.0079301,"score_regional_xgboost":0.0111364},"geometry":{"type":"Polygon","coordinates":[[[-71.0828252,-9.8278302],[-71.0746869,-9.8278802],[-71.0746532,-9.8224736],[-71.0827914,-9.8224236],[-71.0828252,-9.8278302]]]}},{"type":"Feature","id":"AC-Y372-X408","properties":{"id":"AC-Y372-X408","grid_x":408,"grid_y":372,"region":"oeste","centroid":[-71.0706009,-9.8252018],"aggregation":"none","score_unico_gradboost":0.0015165,"score_unico_random_forest":0.0821587,"score_unico_logistic_regression":0.1826794,"score_unico_fuzzy_knn":0.0,"score_unico_xgboost":0.0034083,"score_regional_gradboost":0.006377,"score_regional_random_forest":0.0289136,"score_regional_logistic_regression":0.2854311,"score_regional_fuzzy_knn":0.0079888,"score_regional_xgboost":0.0111364},"geometry":{"type":"Polygon","coordinates":[[[-71.0746869,-9.8278802],[-71.0665485,-9.82793],[-71.0665149,-9.8225234],[-71.0746532,-9.8224736],[-71.0746869,-9.8278802]]]}},{"type":"Feature","id":"AC-Y372-X409","properties":{"id":"AC-Y372-X409","grid_x":409,"grid_y":372,"region":"oeste","centroid":[-71.0624626,-9.8252515],"aggregation":"none","score_unico_gradboost":0.0025865,"score_unico_random_forest":0.1878608,"score_unico_logistic_regression":0.4538635,"score_unico_fuzzy_knn":0.038443,"score_unico_xgboost":0.0116413,"score_regional_gradboost":0.0028587,"score_regional_random_forest":0.2470799,"score_regional_logistic_regression":0.6355566,"score_regional_fuzzy_knn":0.1020775,"score_regional_xgboost":0.003589},"geometry":{"type":"Polygon","coordinates":[[[-71.0665485,-9.82793],[-71.0584101,-9.8279796],[-71.0583767,-9.822573],[-71.0665149,-9.8225234],[-71.0665485,-9.82793]]]}},{"type":"Feature","id":"AC-Y373-X401","properties":{"id":"AC-Y373-X401","grid_x":401,"grid_y":373,"region":"oeste","centroid":[-71.1275334,-9.819442],"aggregation":"none","score_unico_gradboost":0.0012682,"score_unico_random_forest":0.0745793,"score_unico_logistic_regression":0.2262205,"score_unico_fuzzy_knn":0.0,"score_unico_xgboost":0.0017442,"score_regional_gradboost":0.0034204,"score_regional_random_forest":0.0084157,"score_regional_logistic_regression":0.2836339,"score_regional_fuzzy_knn":0.0,"score_regional_xgboost":0.0031697},"geometry":{"type":"Polygon","coordinates":[[[-71.1316196,-9.8221196],[-71.1234817,-9.8221708],[-71.1234472,-9.8167644],[-71.131585,-9.8167133],[-71.1316196,-9.8221196]]]}},{"type":"Feature","id":"AC-Y373-X402","properties":{"id":"AC-Y373-X402","grid_x":402,"grid_y":373,"region":"oeste","centroid":[-71.1193955,-9.8194931],"aggregation":"none","score_unico_gradboost":0.0013029,"score_unico_random_forest":0.0740592,"score_unico_logistic_regression":0.1783353,"score_unico_fuzzy_knn":0.0,"score_unico_xgboost":0.0020458,"score_regional_gradboost":0.0063805,"score_regional_random_forest":0.0102237,"score_regional_logistic_regression":0.2211182,"score_regional_fuzzy_knn":0.0,"score_regional_xgboost":0.00361},"geometry":{"type":"Polygon","coordinates":[[[-71.1234817,-9.8221708],[-71.1153437,-9.8222217],[-71.1153094,-9.8168153],[-71.1234472,-9.8167644],[-71.1234817,-9.8221708]]]}},{"type":"Feature","id":"AC-Y373-X403","properties":{"id":"AC-Y373-X403","grid_x":403,"grid_y":373,"region":"oeste","centroid":[-71.1112576,-9.8195439],"aggregation":"none","score_unico_gradboost":0.0008986,"score_unico_random_forest":0.0665197,"score_unico_logistic_regression":0.1560645,"score_unico_fuzzy_knn":0.0,"score_unico_xgboost":0.001108,"score_regional_gradboost":0.0040493,"score_regional_random_forest":0.0091183,"score_regional_logistic_regression":0.1939527,"score_regional_fuzzy_knn":0.0,"score_regional_xgboost":0.0020384},"geometry":{"type":"Polygon","coordinates":[[[-71.1153437,-9.8222217],[-71.1072057,-9.8222725],[-71.1071715,-9.816866],[-71.1153094,-9.8168153],[-71.1153437,-9.8222217]]]}},{"type":"Feature","id":"AC-Y373-X404","properties":{"id":"AC-Y373-X404","grid_x":404,"grid_y":373,"region":"oeste","centroid":[-71.1031196,-9.8195946],"aggregation":"none","score_unico_gradboost":0.0012224,"score_unico_random_forest":0.0668932,"score_unico_logistic_regression":0.1676249,"score_unico_fuzzy_knn":0.0,"score_unico_xgboost":0.0018103,"score_regional_gradboost":0.0054066,"score_regional_random_forest":0.0094263,"score_regional_logistic_regression":0.212283,"score_regional_fuzzy_knn":0.0,"score_regional_xgboost":0.00361},"geometry":{"type":"Polygon","coordinates":[[[-71.1072057,-9.8222725],[-71.0990676,-9.8223231],[-71.0990335,-9.8169166],[-71.1071715,-9.816866],[-71.1072057,-9.8222725]]]}},{"type":"Feature","id":"AC-Y373-X405","properties":{"id":"AC-Y373-X405","grid_x":405,"grid_y":373,"region":"oeste","centroid":[-71.0949816,-9.819645],"aggregation":"none","score_unico_gradboost":0.0008811,"score_unico_random_forest":0.0794475,"score_unico_logistic_regression":0.1416119,"score_unico_fuzzy_knn":0.0,"score_unico_xgboost":0.0012923,"score_regional_gradboost":0.0042604,"score_regional_random_forest":0.014482,"score_regional_logistic_regression":0.1814832,"score_regional_fuzzy_knn":0.0080989,"score_regional_xgboost":0.0026027},"geometry":{"type":"Polygon","coordinates":[[[-71.0990676,-9.8223231],[-71.0909295,-9.8223734],[-71.0908956,-9.8169669],[-71.0990335,-9.8169166],[-71.0990676,-9.8223231]]]}},{"type":"Feature","id":"AC-Y373-X406","properties":{"id":"AC-Y373-X406","grid_x":406,"grid_y":373,"region":"oeste","centroid":[-71.0868435,-9.8196953],"aggregation":"none","score_unico_gradboost":0.0018836,"score_unico_random_forest":0.0829908,"score_unico_logistic_regression":0.1718627,"score_unico_fuzzy_knn":0.0,"score_unico_xgboost":0.0035641,"score_regional_gradboost":0.0078674,"score_regional_random_forest":0.0274009,"score_regional_logistic_regression":0.2314152,"score_regional_fuzzy_knn":0.0076312,"score_regional_xgboost":0.0122213},"geometry":{"type":"Polygon","coordinates":[[[-71.0909295,-9.8223734],[-71.0827914,-9.8224236],[-71.0827576,-9.8170171],[-71.0908956,-9.8169669],[-71.0909295,-9.8223734]]]}},{"type":"Feature","id":"AC-Y373-X407","properties":{"id":"AC-Y373-X407","grid_x":407,"grid_y":373,"region":"oeste","centroid":[-71.0787054,-9.8197453],"aggregation":"none","score_unico_gradboost":0.0022024,"score_unico_random_forest":0.0842673,"score_unico_logistic_regression":0.1968863,"score_unico_fuzzy_knn":0.0,"score_unico_xgboost":0.0032379,"score_regional_gradboost":0.0078519,"score_regional_random_forest":0.0299297,"score_regional_logistic_regression":0.2779866,"score_regional_fuzzy_knn":0.0,"score_regional_xgboost":0.013598},"geometry":{"type":"Polygon","coordinates":[[[-71.0827914,-9.8224236],[-71.0746532,-9.8224736],[-71.0746195,-9.817067],[-71.0827576,-9.8170171],[-71.0827914,-9.8224236]]]}},{"type":"Feature","id":"AC-Y373-X408","properties":{"id":"AC-Y373-X408","grid_x":408,"grid_y":373,"region":"oeste","centroid":[-71.0705673,-9.8197952],"aggregation":"none","score_unico_gradboost":0.0022024,"score_unico_random_forest":0.0856641,"score_unico_logistic_regression":0.1833239,"score_unico_fuzzy_knn":0.0,"score_unico_xgboost":0.0032605,"score_regional_gradboost":0.0078519,"score_regional_random_forest":0.0300095,"score_regional_logistic_regression":0.2582704,"score_regional_fuzzy_knn":0.0,"score_regional_xgboost":0.013598},"geometry":{"type":"Polygon","coordinates":[[[-71.0746532,-9.8224736],[-71.0665149,-9.8225234],[-71.0664814,-9.8171168],[-71.0746195,-9.817067],[-71.0746532,-9.8224736]]]}},{"type":"Feature","id":"AC-Y373-X409","properties":{"id":"AC-Y373-X409","grid_x":409,"grid_y":373,"region":"oeste","centroid":[-71.0624291,-9.8198449],"aggregation":"none","score_unico_gradboost":0.0018351,"score_unico_random_forest":0.079843,"score_unico_logistic_regression":0.1840806,"score_unico_fuzzy_knn":0.0,"score_unico_xgboost":0.0033765,"score_regional_gradboost":0.0073115,"score_regional_random_forest":0.0271768,"score_regional_logistic_regression":0.2674324,"score_regional_fuzzy_knn":0.0077752,"score_regional_xgboost":0.013598},"geometry":{"type":"Polygon","coordinates":[[[-71.0665149,-9.8225234],[-71.0583767,-9.822573],[-71.0583432,-9.8171663],[-71.0664814,-9.8171168],[-71.0665149,-9.8225234]]]}},{"type":"Feature","id":"AC-Y374-X402","properties":{"id":"AC-Y374-X402","grid_x":402,"grid_y":374,"region":"oeste","centroid":[-71.1193611,-9.8140867],"aggregation":"none","score_unico_gradboost":0.001419,"score_unico_random_forest":0.0670011,"score_unico_logistic_regression":0.2066464,"score_unico_fuzzy_knn":0.0,"score_unico_xgboost":0.0021615,"score_regional_gradboost":0.0037076,"score_regional_random_forest":0.0080328,"score_regional_logistic_regression":0.2552023,"score_regional_fuzzy_knn":0.0,"score_regional_xgboost":0.0031697},"geometry":{"type":"Polygon","coordinates":[[[-71.1234472,-9.8167644],[-71.1153094,-9.8168153],[-71.115275,-9.8114089],[-71.1234127,-9.811358],[-71.1234472,-9.8167644]]]}},{"type":"Feature","id":"AC-Y374-X403","properties":{"id":"AC-Y374-X403","grid_x":403,"grid_y":374,"region":"oeste","centroid":[-71.1112233,-9.8141375],"aggregation":"none","score_unico_gradboost":0.0013029,"score_unico_random_forest":0.0733033,"score_unico_logistic_regression":0.1848899,"score_unico_fuzzy_knn":0.0,"score_unico_xgboost":0.0019228,"score_regional_gradboost":0.0063805,"score_regional_random_forest":0.0113208,"score_regional_logistic_regression":0.2291839,"score_regional_fuzzy_knn":0.0,"score_regional_xgboost":0.00361},"geometry":{"type":"Polygon","coordinates":[[[-71.1153094,-9.8168153],[-71.1071715,-9.816866],[-71.1071373,-9.8114596],[-71.115275,-9.8114089],[-71.1153094,-9.8168153]]]}},{"type":"Feature","id":"AC-Y374-X404","properties":{"id":"AC-Y374-X404","grid_x":404,"grid_y":374,"region":"oeste","centroid":[-71.1030855,-9.8141881],"aggregation":"none","score_unico_gradboost":0.0012938,"score_unico_random_forest":0.0646604,"score_unico_logistic_regression":0.2105924,"score_unico_fuzzy_knn":0.0,"score_unico_xgboost":0.0018067,"score_regional_gradboost":0.0037076,"score_regional_random_forest":0.0073,"score_regional_logistic_regression":0.2659347,"score_regional_fuzzy_knn":0.0,"score_regional_xgboost":0.0031697},"geometry":{"type":"Polygon","coordinates":[[[-71.1071715,-9.816866],[-71.0990335,-9.8169166],[-71.0989995,-9.8115101],[-71.1071373,-9.8114596],[-71.1071715,-9.816866]]]}},{"type":"Feature","id":"AC-Y374-X405","properties":{"id":"AC-Y374-X405","grid_x":405,"grid_y":374,"region":"oeste","centroid":[-71.0949476,-9.8142385],"aggregation":"none","score_unico_gradboost":0.0008315,"score_unico_random_forest":0.0704663,"score_unico_logistic_regression":0.1533569,"score_unico_fuzzy_knn":0.0,"score_unico_xgboost":0.0010843,"score_regional_gradboost":0.0033588,"score_regional_random_forest":0.0088535,"score_regional_logistic_regression":0.1949076,"score_regional_fuzzy_knn":0.0077186,"score_regional_xgboost":0.0022775},"geometry":{"type":"Polygon","coordinates":[[[-71.0990335,-9.8169166],[-71.0908956,-9.8169669],[-71.0908616,-9.8115604],[-71.0989995,-9.8115101],[-71.0990335,-9.8169166]]]}},{"type":"Feature","id":"AC-Y374-X406","properties":{"id":"AC-Y374-X406","grid_x":406,"grid_y":374,"region":"oeste","centroid":[-71.0868096,-9.8142887],"aggregation":"none","score_unico_gradboost":0.0012229,"score_unico_random_forest":0.077447,"score_unico_logistic_regression":0.1813981,"score_unico_fuzzy_knn":0.0,"score_unico_xgboost":0.002039,"score_regional_gradboost":0.0052334,"score_regional_random_forest":0.0246157,"score_regional_logistic_regression":0.238742,"score_regional_fuzzy_knn":0.0,"score_regional_xgboost":0.0058198},"geometry":{"type":"Polygon","coordinates":[[[-71.0908956,-9.8169669],[-71.0827576,-9.8170171],[-71.0827238,-9.8116105],[-71.0908616,-9.8115604],[-71.0908956,-9.8169669]]]}},{"type":"Feature","id":"AC-Y374-X407","properties":{"id":"AC-Y374-X407","grid_x":407,"grid_y":374,"region":"oeste","centroid":[-71.0786717,-9.8143388],"aggregation":"none","score_unico_gradboost":0.0018836,"score_unico_random_forest":0.0818877,"score_unico_logistic_regression":0.1751495,"score_unico_fuzzy_knn":0.0,"score_unico_xgboost":0.0035644,"score_regional_gradboost":0.0078674,"score_regional_random_forest":0.0274009,"score_regional_logistic_regression":0.2359457,"score_regional_fuzzy_knn":0.0,"score_regional_xgboost":0.0122213},"geometry":{"type":"Polygon","coordinates":[[[-71.0827576,-9.8170171],[-71.0746195,-9.817067],[-71.0745858,-9.8116604],[-71.0827238,-9.8116105],[-71.0827576,-9.8170171]]]}},{"type":"Feature","id":"AC-Y374-X408","properties":{"id":"AC-Y374-X408","grid_x":408,"grid_y":374,"region":"oeste","centroid":[-71.0705337,-9.8143886],"aggregation":"none","score_unico_gradboost":0.0018836,"score_unico_random_forest":0.0799746,"score_unico_logistic_regression":0.207766,"score_unico_fuzzy_knn":0.0,"score_unico_xgboost":0.0036722,"score_regional_gradboost":0.006471,"score_regional_random_forest":0.0253643,"score_regional_logistic_regression":0.2806867,"score_regional_fuzzy_knn":0.0,"score_regional_xgboost":0.0093032},"geometry":{"type":"Polygon","coordinates":[[[-71.0746195,-9.817067],[-71.0664814,-9.8171168],[-71.0664479,-9.8117102],[-71.0745858,-9.8116604],[-71.0746195,-9.817067]]]}},{"type":"Feature","id":"AC-Y374-X409","properties":{"id":"AC-Y374-X409","grid_x":409,"grid_y":374,"region":"oeste","centroid":[-71.0623956,-9.8144383],"aggregation":"none","score_unico_gradboost":0.002167,"score_unico_random_forest":0.0822465,"score_unico_logistic_regression":0.2301194,"score_unico_fuzzy_knn":0.0,"score_unico_xgboost":0.0033329,"score_regional_gradboost":0.0059593,"score_regional_random_forest":0.0275036,"score_regional_logistic_regression":0.3224807,"score_regional_fuzzy_knn":0.0,"score_regional_xgboost":0.0119541},"geometry":{"type":"Polygon","coordinates":[[[-71.0664814,-9.8171168],[-71.0583432,-9.8171663],[-71.0583099,-9.8117597],[-71.0664479,-9.8117102],[-71.0664814,-9.8171168]]]}},{"type":"Feature","id":"AC-Y374-X410","properties":{"id":"AC-Y374-X410","grid_x":410,"grid_y":374,"region":"oeste","centroid":[-71.0542575,-9.8144877],"aggregation":"none","score_unico_gradboost":0.0014734,"score_unico_random_forest":0.079199,"score_unico_logistic_regression":0.2422946,"score_unico_fuzzy_knn":0.0,"score_unico_xgboost":0.0033374,"score_regional_gradboost":0.004692,"score_regional_random_forest":0.0288919,"score_regional_logistic_regression":0.3601927,"score_regional_fuzzy_knn":0.0,"score_regional_xgboost":0.0119541},"geometry":{"type":"Polygon","coordinates":[[[-71.0583432,-9.8171663],[-71.0502051,-9.8172157],[-71.0501718,-9.811809],[-71.0583099,-9.8117597],[-71.0583432,-9.8171663]]]}},{"type":"Feature","id":"AC-Y374-X411","properties":{"id":"AC-Y374-X411","grid_x":411,"grid_y":374,"region":"oeste","centroid":[-71.0461193,-9.814537],"aggregation":"none","score_unico_gradboost":0.0014615,"score_unico_random_forest":0.0652435,"score_unico_logistic_regression":0.2167307,"score_unico_fuzzy_knn":0.0,"score_unico_xgboost":0.0022114,"score_regional_gradboost":0.0026183,"score_regional_random_forest":0.027213,"score_regional_logistic_regression":0.3348528,"score_regional_fuzzy_knn":0.0,"score_regional_xgboost":0.0087386},"geometry":{"type":"Polygon","coordinates":[[[-71.0502051,-9.8172157],[-71.0420668,-9.8172649],[-71.0420337,-9.8118582],[-71.0501718,-9.811809],[-71.0502051,-9.8172157]]]}},{"type":"Feature","id":"AC-Y374-X412","properties":{"id":"AC-Y374-X412","grid_x":412,"grid_y":374,"region":"oeste","centroid":[-71.0379812,-9.814586],"aggregation":"none","score_unico_gradboost":0.0015687,"score_unico_random_forest":0.0643333,"score_unico_logistic_regression":0.210136,"score_unico_fuzzy_knn":0.0,"score_unico_xgboost":0.0020454,"score_regional_gradboost":0.0026589,"score_regional_random_forest":0.0291897,"score_regional_logistic_regression":0.3206636,"score_regional_fuzzy_knn":0.007757,"score_regional_xgboost":0.0100078},"geometry":{"type":"Polygon","coordinates":[[[-71.0420668,-9.8172649],[-71.0339286,-9.8173138],[-71.0338956,-9.8119071],[-71.0420337,-9.8118582],[-71.0420668,-9.8172649]]]}},{"type":"Feature","id":"AC-Y374-X413","properties":{"id":"AC-Y374-X413","grid_x":413,"grid_y":374,"region":"oeste","centroid":[-71.0298429,-9.8146349],"aggregation":"none","score_unico_gradboost":0.001207,"score_unico_random_forest":0.0665364,"score_unico_logistic_regression":0.2591275,"score_unico_fuzzy_knn":0.0,"score_unico_xgboost":0.002176,"score_regional_gradboost":0.0020456,"score_regional_random_forest":0.0294948,"score_regional_logistic_regression":0.4248385,"score_regional_fuzzy_knn":0.0,"score_regional_xgboost":0.0052824},"geometry":{"type":"Polygon","coordinates":[[[-71.0339286,-9.8173138],[-71.0257902,-9.8173626],[-71.0257574,-9.8119559],[-71.0338956,-9.8119071],[-71.0339286,-9.8173138]]]}},{"type":"Feature","id":"AC-Y374-X414","properties":{"id":"AC-Y374-X414","grid_x":414,"grid_y":374,"region":"oeste","centroid":[-71.0217047,-9.8146836],"aggregation":"none","score_unico_gradboost":0.0012857,"score_unico_random_forest":0.0710128,"score_unico_logistic_regression":0.2657566,"score_unico_fuzzy_knn":0.0,"score_unico_xgboost":0.0020351,"score_regional_gradboost":0.0024853,"score_regional_random_forest":0.0277975,"score_regional_logistic_regression":0.4037904,"score_regional_fuzzy_knn":0.0,"score_regional_xgboost":0.0101927},"geometry":{"type":"Polygon","coordinates":[[[-71.0257902,-9.8173626],[-71.0176519,-9.8174112],[-71.0176191,-9.8120044],[-71.0257574,-9.8119559],[-71.0257902,-9.8173626]]]}},{"type":"Feature","id":"AC-Y374-X415","properties":{"id":"AC-Y374-X415","grid_x":415,"grid_y":374,"region":"oeste","centroid":[-71.0135663,-9.814732],"aggregation":"none","score_unico_gradboost":0.0014779,"score_unico_random_forest":0.0643139,"score_unico_logistic_regression":0.233067,"score_unico_fuzzy_knn":0.0,"score_unico_xgboost":0.0022539,"score_regional_gradboost":0.0024153,"score_regional_random_forest":0.027415,"score_regional_logistic_regression":0.3585458,"score_regional_fuzzy_knn":0.0,"score_regional_xgboost":0.0087386},"geometry":{"type":"Polygon","coordinates":[[[-71.0176519,-9.8174112],[-71.0095135,-9.8174596],[-71.0094809,-9.8120528],[-71.0176191,-9.8120044],[-71.0176519,-9.8174112]]]}},{"type":"Feature","id":"AC-Y374-X416","properties":{"id":"AC-Y374-X416","grid_x":416,"grid_y":374,"region":"oeste","centroid":[-71.005428,-9.8147803],"aggregation":"none","score_unico_gradboost":0.0014615,"score_unico_random_forest":0.0639788,"score_unico_logistic_regression":0.2299617,"score_unico_fuzzy_knn":0.0,"score_unico_xgboost":0.002506,"score_regional_gradboost":0.0026183,"score_regional_random_forest":0.0274724,"score_regional_logistic_regression":0.3562623,"score_regional_fuzzy_knn":0.0,"score_regional_xgboost":0.0087386},"geometry":{"type":"Polygon","coordinates":[[[-71.0095135,-9.8174596],[-71.001375,-9.8175078],[-71.0013426,-9.812101],[-71.0094809,-9.8120528],[-71.0095135,-9.8174596]]]}},{"type":"Feature","id":"AC-Y374-X417","properties":{"id":"AC-Y374-X417","grid_x":417,"grid_y":374,"region":"oeste","centroid":[-70.9972896,-9.8148284],"aggregation":"none","score_unico_gradboost":0.0015184,"score_unico_random_forest":0.0636045,"score_unico_logistic_regression":0.2287997,"score_unico_fuzzy_knn":0.0,"score_unico_xgboost":0.0021191,"score_regional_gradboost":0.0026589,"score_regional_random_forest":0.027415,"score_regional_logistic_regression":0.3495445,"score_regional_fuzzy_knn":0.0,"score_regional_xgboost":0.0100078},"geometry":{"type":"Polygon","coordinates":[[[-71.001375,-9.8175078],[-70.9932365,-9.8175558],[-70.9932042,-9.8121489],[-71.0013426,-9.812101],[-71.001375,-9.8175078]]]}},{"type":"Feature","id":"AC-Y375-X403","properties":{"id":"AC-Y375-X403","grid_x":403,"grid_y":375,"region":"oeste","centroid":[-71.111189,-9.808731],"aggregation":"none","score_unico_gradboost":0.001419,"score_unico_random_forest":0.0667171,"score_unico_logistic_regression":0.1840485,"score_unico_fuzzy_knn":0.0,"score_unico_xgboost":0.002089,"score_regional_gradboost":0.0063805,"score_regional_random_forest":0.0104126,"score_regional_logistic_regression":0.2255176,"score_regional_fuzzy_knn":0.0,"score_regional_xgboost":0.00361},"geometry":{"type":"Polygon","coordinates":[[[-71.115275,-9.8114089],[-71.1071373,-9.8114596],[-71.1071031,-9.8060531],[-71.1152407,-9.8060024],[-71.115275,-9.8114089]]]}},{"type":"Feature","id":"AC-Y375-X404","properties":{"id":"AC-Y375-X404","grid_x":404,"grid_y":375,"region":"oeste","centroid":[-71.1030513,-9.8087816],"aggregation":"none","score_unico_gradboost":0.0012938,"score_unico_random_forest":0.0732607,"score_unico_logistic_regression":0.1937953,"score_unico_fuzzy_knn":0.0,"score_unico_xgboost":0.0020081,"score_regional_gradboost":0.0037076,"score_regional_random_forest":0.0126461,"score_regional_logistic_regression":0.2417426,"score_regional_fuzzy_knn":0.0,"score_regional_xgboost":0.0031697},"geometry":{"type":"Polygon","coordinates":[[[-71.1071373,-9.8114596],[-71.0989995,-9.8115101],[-71.0989655,-9.8061036],[-71.1071031,-9.8060531],[-71.1071373,-9.8114596]]]}},{"type":"Feature","id":"AC-Y375-X405","properties":{"id":"AC-Y375-X405","grid_x":405,"grid_y":375,"region":"oeste","centroid":[-71.0949136,-9.808832],"aggregation":"none","score_unico_gradboost":0.0012938,"score_unico_random_forest":0.0669533,"score_unico_logistic_regression":0.1643112,"score_unico_fuzzy_knn":0.0,"score_unico_xgboost":0.0018783,"score_regional_gradboost":0.004162,"score_regional_random_forest":0.0087447,"score_regional_logistic_regression":0.2068028,"score_regional_fuzzy_knn":0.0,"score_regional_xgboost":0.0033714},"geometry":{"type":"Polygon","coordinates":[[[-71.0989995,-9.8115101],[-71.0908616,-9.8115604],[-71.0908277,-9.8061539],[-71.0989655,-9.8061036],[-71.0989995,-9.8115101]]]}},{"type":"Feature","id":"AC-Y375-X406","properties":{"id":"AC-Y375-X406","grid_x":406,"grid_y":375,"region":"oeste","centroid":[-71.0867758,-9.8088822],"aggregation":"none","score_unico_gradboost":0.0011972,"score_unico_random_forest":0.0717124,"score_unico_logistic_regression":0.1815404,"score_unico_fuzzy_knn":0.0,"score_unico_xgboost":0.0017101,"score_regional_gradboost":0.0055887,"score_regional_random_forest":0.0113078,"score_regional_logistic_regression":0.2340093,"score_regional_fuzzy_knn":0.0,"score_regional_xgboost":0.0046074},"geometry":{"type":"Polygon","coordinates":[[[-71.0908616,-9.8115604],[-71.0827238,-9.8116105],[-71.08269,-9.806204],[-71.0908277,-9.8061539],[-71.0908616,-9.8115604]]]}},{"type":"Feature","id":"AC-Y375-X407","properties":{"id":"AC-Y375-X407","grid_x":407,"grid_y":375,"region":"oeste","centroid":[-71.078638,-9.8089322],"aggregation":"none","score_unico_gradboost":0.0012229,"score_unico_random_forest":0.0815415,"score_unico_logistic_regression":0.1963573,"score_unico_fuzzy_knn":0.0,"score_unico_xgboost":0.0022131,"score_regional_gradboost":0.0036038,"score_regional_random_forest":0.0220512,"score_regional_logistic_regression":0.2575782,"score_regional_fuzzy_knn":0.0,"score_regional_xgboost":0.004782},"geometry":{"type":"Polygon","coordinates":[[[-71.0827238,-9.8116105],[-71.0745858,-9.8116604],[-71.0745522,-9.8062539],[-71.08269,-9.806204],[-71.0827238,-9.8116105]]]}},{"type":"Feature","id":"AC-Y375-X408","properties":{"id":"AC-Y375-X408","grid_x":408,"grid_y":375,"region":"oeste","centroid":[-71.0705001,-9.808982],"aggregation":"none","score_unico_gradboost":0.0013298,"score_unico_random_forest":0.0839843,"score_unico_logistic_regression":0.2221877,"score_unico_fuzzy_knn":0.0,"score_unico_xgboost":0.0022508,"score_regional_gradboost":0.0033246,"score_regional_random_forest":0.0220339,"score_regional_logistic_regression":0.2922718,"score_regional_fuzzy_knn":0.0,"score_regional_xgboost":0.004782},"geometry":{"type":"Polygon","coordinates":[[[-71.0745858,-9.8116604],[-71.0664479,-9.8117102],[-71.0664144,-9.8063036],[-71.0745522,-9.8062539],[-71.0745858,-9.8116604]]]}},{"type":"Feature","id":"AC-Y375-X409","properties":{"id":"AC-Y375-X409","grid_x":409,"grid_y":375,"region":"oeste","centroid":[-71.0623621,-9.8090316],"aggregation":"none","score_unico_gradboost":0.0018836,"score_unico_random_forest":0.0809563,"score_unico_logistic_regression":0.1973463,"score_unico_fuzzy_knn":0.0,"score_unico_xgboost":0.0036074,"score_regional_gradboost":0.0078674,"score_regional_random_forest":0.0273211,"score_regional_logistic_regression":0.2669689,"score_regional_fuzzy_knn":0.0,"score_regional_xgboost":0.0122213},"geometry":{"type":"Polygon","coordinates":[[[-71.0664479,-9.8117102],[-71.0583099,-9.8117597],[-71.0582765,-9.8063531],[-71.0664144,-9.8063036],[-71.0664479,-9.8117102]]]}},{"type":"Feature","id":"AC-Y375-X410","properties":{"id":"AC-Y375-X410","grid_x":410,"grid_y":375,"region":"oeste","centroid":[-71.0542242,-9.8090811],"aggregation":"none","score_unico_gradboost":0.002143,"score_unico_random_forest":0.082942,"score_unico_logistic_regression":0.1985223,"score_unico_fuzzy_knn":0.0,"score_unico_xgboost":0.0032576,"score_regional_gradboost":0.0078519,"score_regional_random_forest":0.0293648,"score_regional_logistic_regression":0.2781813,"score_regional_fuzzy_knn":0.0,"score_regional_xgboost":0.013598},"geometry":{"type":"Polygon","coordinates":[[[-71.0583099,-9.8117597],[-71.0501718,-9.811809],[-71.0501385,-9.8064024],[-71.0582765,-9.8063531],[-71.0583099,-9.8117597]]]}},{"type":"Feature","id":"AC-Y375-X411","properties":{"id":"AC-Y375-X411","grid_x":411,"grid_y":375,"region":"oeste","centroid":[-71.0460862,-9.8091303],"aggregation":"none","score_unico_gradboost":0.0020869,"score_unico_random_forest":0.0722867,"score_unico_logistic_regression":0.1865051,"score_unico_fuzzy_knn":0.0,"score_unico_xgboost":0.0021302,"score_regional_gradboost":0.0041107,"score_regional_random_forest":0.0303333,"score_regional_logistic_regression":0.2652917,"score_regional_fuzzy_knn":0.0080154,"score_regional_xgboost":0.0121463},"geometry":{"type":"Polygon","coordinates":[[[-71.0501718,-9.811809],[-71.0420337,-9.8118582],[-71.0420006,-9.8064515],[-71.0501385,-9.8064024],[-71.0501718,-9.811809]]]}},{"type":"Feature","id":"AC-Y375-X412","properties":{"id":"AC-Y375-X412","grid_x":412,"grid_y":375,"region":"oeste","centroid":[-71.0379481,-9.8091793],"aggregation":"none","score_unico_gradboost":0.0017657,"score_unico_random_forest":0.0669871,"score_unico_logistic_regression":0.2364804,"score_unico_fuzzy_knn":0.0,"score_unico_xgboost":0.0019389,"score_regional_gradboost":0.003117,"score_regional_random_forest":0.0284721,"score_regional_logistic_regression":0.33591,"score_regional_fuzzy_knn":0.0,"score_regional_xgboost":0.0106759},"geometry":{"type":"Polygon","coordinates":[[[-71.0420337,-9.8118582],[-71.0338956,-9.8119071],[-71.0338626,-9.8065004],[-71.0420006,-9.8064515],[-71.0420337,-9.8118582]]]}},{"type":"Feature","id":"AC-Y375-X413","properties":{"id":"AC-Y375-X413","grid_x":413,"grid_y":375,"region":"oeste","centroid":[-71.02981,-9.8092282],"aggregation":"none","score_unico_gradboost":0.0017686,"score_unico_random_forest":0.0672928,"score_unico_logistic_regression":0.1791618,"score_unico_fuzzy_knn":0.0,"score_unico_xgboost":0.0020809,"score_regional_gradboost":0.0041107,"score_regional_random_forest":0.0275805,"score_regional_logistic_regression":0.262669,"score_regional_fuzzy_knn":0.0084162,"score_regional_xgboost":0.0121463},"geometry":{"type":"Polygon","coordinates":[[[-71.0338956,-9.8119071],[-71.0257574,-9.8119559],[-71.0257245,-9.8065491],[-71.0338626,-9.8065004],[-71.0338956,-9.8119071]]]}},{"type":"Feature","id":"AC-Y375-X414","properties":{"id":"AC-Y375-X414","grid_x":414,"grid_y":375,"region":"oeste","centroid":[-71.0216719,-9.8092768],"aggregation":"none","score_unico_gradboost":0.0021226,"score_unico_random_forest":0.0680635,"score_unico_logistic_regression":0.201515,"score_unico_fuzzy_knn":0.0,"score_unico_xgboost":0.0022503,"score_regional_gradboost":0.0041107,"score_regional_random_forest":0.0303333,"score_regional_logistic_regression":0.2887608,"score_regional_fuzzy_knn":0.0078174,"score_regional_xgboost":0.0121463},"geometry":{"type":"Polygon","coordinates":[[[-71.0257574,-9.8119559],[-71.0176191,-9.8120044],[-71.0175864,-9.8065977],[-71.0257245,-9.8065491],[-71.0257574,-9.8119559]]]}},{"type":"Feature","id":"AC-Y375-X415","properties":{"id":"AC-Y375-X415","grid_x":415,"grid_y":375,"region":"oeste","centroid":[-71.0135337,-9.8093252],"aggregation":"none","score_unico_gradboost":0.0020869,"score_unico_random_forest":0.0673808,"score_unico_logistic_regression":0.2028659,"score_unico_fuzzy_knn":0.0,"score_unico_xgboost":0.0021228,"score_regional_gradboost":0.0033789,"score_regional_random_forest":0.0278013,"score_regional_logistic_regression":0.2883835,"score_regional_fuzzy_knn":0.0077988,"score_regional_xgboost":0.0106759},"geometry":{"type":"Polygon","coordinates":[[[-71.0176191,-9.8120044],[-71.0094809,-9.8120528],[-71.0094483,-9.806646],[-71.0175864,-9.8065977],[-71.0176191,-9.8120044]]]}},{"type":"Feature","id":"AC-Y375-X416","properties":{"id":"AC-Y375-X416","grid_x":416,"grid_y":375,"region":"oeste","centroid":[-71.0053955,-9.8093735],"aggregation":"none","score_unico_gradboost":0.0020869,"score_unico_random_forest":0.0679167,"score_unico_logistic_regression":0.2103611,"score_unico_fuzzy_knn":0.0,"score_unico_xgboost":0.0021089,"score_regional_gradboost":0.0033789,"score_regional_random_forest":0.0283662,"score_regional_logistic_regression":0.2990454,"score_regional_fuzzy_knn":0.0,"score_regional_xgboost":0.0106759},"geometry":{"type":"Polygon","coordinates":[[[-71.0094809,-9.8120528],[-71.0013426,-9.812101],[-71.0013101,-9.8066941],[-71.0094483,-9.806646],[-71.0094809,-9.8120528]]]}},{"type":"Feature","id":"AC-Y375-X417","properties":{"id":"AC-Y375-X417","grid_x":417,"grid_y":375,"region":"oeste","centroid":[-70.9972572,-9.8094215],"aggregation":"none","score_unico_gradboost":0.0015558,"score_unico_random_forest":0.0625999,"score_unico_logistic_regression":0.2528883,"score_unico_fuzzy_knn":0.0,"score_unico_xgboost":0.0019017,"score_regional_gradboost":0.0028069,"score_regional_random_forest":0.0278103,"score_regional_logistic_regression":0.3686902,"score_regional_fuzzy_knn":0.0,"score_regional_xgboost":0.0124483},"geometry":{"type":"Polygon","coordinates":[[[-71.0013426,-9.812101],[-70.9932042,-9.8121489],[-70.9931719,-9.8067421],[-71.0013101,-9.8066941],[-71.0013426,-9.812101]]]}},{"type":"Feature","id":"AC-Y376-X403","properties":{"id":"AC-Y376-X403","grid_x":403,"grid_y":376,"region":"oeste","centroid":[-71.1111548,-9.8033246],"aggregation":"none","score_unico_gradboost":0.0014745,"score_unico_random_forest":0.076955,"score_unico_logistic_regression":0.2286147,"score_unico_fuzzy_knn":0.0,"score_unico_xgboost":0.0019221,"score_regional_gradboost":0.0034656,"score_regional_random_forest":0.0079487,"score_regional_logistic_regression":0.2811077,"score_regional_fuzzy_knn":0.0,"score_regional_xgboost":0.0031697},"geometry":{"type":"Polygon","coordinates":[[[-71.1152407,-9.8060024],[-71.1071031,-9.8060531],[-71.107069,-9.8006466],[-71.1152065,-9.800596],[-71.1152407,-9.8060024]]]}},{"type":"Feature","id":"AC-Y376-X404","properties":{"id":"AC-Y376-X404","grid_x":404,"grid_y":376,"region":"oeste","centroid":[-71.1030172,-9.8033751],"aggregation":"none","score_unico_gradboost":0.0013029,"score_unico_random_forest":0.0729558,"score_unico_logistic_regression":0.1862565,"score_unico_fuzzy_knn":0.0,"score_unico_xgboost":0.0019419,"score_regional_gradboost":0.0063805,"score_regional_random_forest":0.010994,"score_regional_logistic_regression":0.2297225,"score_regional_fuzzy_knn":0.0,"score_regional_xgboost":0.00361},"geometry":{"type":"Polygon","coordinates":[[[-71.1071031,-9.8060531],[-71.0989655,-9.8061036],[-71.0989314,-9.8006971],[-71.107069,-9.8006466],[-71.1071031,-9.8060531]]]}},{"type":"Feature","id":"AC-Y376-X405","properties":{"id":"AC-Y376-X405","grid_x":405,"grid_y":376,"region":"oeste","centroid":[-71.0948796,-9.8034255],"aggregation":"none","score_unico_gradboost":0.0008986,"score_unico_random_forest":0.0666744,"score_unico_logistic_regression":0.1530829,"score_unico_fuzzy_knn":0.0,"score_unico_xgboost":0.0010994,"score_regional_gradboost":0.0040493,"score_regional_random_forest":0.0103157,"score_regional_logistic_regression":0.1891384,"score_regional_fuzzy_knn":0.0,"score_regional_xgboost":0.0020384},"geometry":{"type":"Polygon","coordinates":[[[-71.0989655,-9.8061036],[-71.0908277,-9.8061539],[-71.0907939,-9.8007473],[-71.0989314,-9.8006971],[-71.0989655,-9.8061036]]]}},{"type":"Feature","id":"AC-Y376-X406","properties":{"id":"AC-Y376-X406","grid_x":406,"grid_y":376,"region":"oeste","centroid":[-71.086742,-9.8034757],"aggregation":"none","score_unico_gradboost":0.000849,"score_unico_random_forest":0.0659483,"score_unico_logistic_regression":0.1599458,"score_unico_fuzzy_knn":0.0,"score_unico_xgboost":0.0011147,"score_regional_gradboost":0.0040493,"score_regional_random_forest":0.0087447,"score_regional_logistic_regression":0.2010869,"score_regional_fuzzy_knn":0.0,"score_regional_xgboost":0.0020384},"geometry":{"type":"Polygon","coordinates":[[[-71.0908277,-9.8061539],[-71.08269,-9.806204],[-71.0826562,-9.8007974],[-71.0907939,-9.8007473],[-71.0908277,-9.8061539]]]}},{"type":"Feature","id":"AC-Y376-X407","properties":{"id":"AC-Y376-X407","grid_x":407,"grid_y":376,"region":"oeste","centroid":[-71.0786043,-9.8035256],"aggregation":"none","score_unico_gradboost":0.0012224,"score_unico_random_forest":0.0708812,"score_unico_logistic_regression":0.2034391,"score_unico_fuzzy_knn":0.0,"score_unico_xgboost":0.0016538,"score_regional_gradboost":0.0036073,"score_regional_random_forest":0.0083777,"score_regional_logistic_regression":0.2613058,"score_regional_fuzzy_knn":0.0,"score_regional_xgboost":0.003541},"geometry":{"type":"Polygon","coordinates":[[[-71.08269,-9.806204],[-71.0745522,-9.8062539],[-71.0745186,-9.8008473],[-71.0826562,-9.8007974],[-71.08269,-9.806204]]]}},{"type":"Feature","id":"AC-Y376-X408","properties":{"id":"AC-Y376-X408","grid_x":408,"grid_y":376,"region":"oeste","centroid":[-71.0704665,-9.8035754],"aggregation":"none","score_unico_gradboost":0.0011972,"score_unico_random_forest":0.0704663,"score_unico_logistic_regression":0.171998,"score_unico_fuzzy_knn":0.0,"score_unico_xgboost":0.0017043,"score_regional_gradboost":0.0056676,"score_regional_random_forest":0.0095485,"score_regional_logistic_regression":0.2205478,"score_regional_fuzzy_knn":0.0,"score_regional_xgboost":0.0040327},"geometry":{"type":"Polygon","coordinates":[[[-71.0745522,-9.8062539],[-71.0664144,-9.8063036],[-71.0663809,-9.8008969],[-71.0745186,-9.8008473],[-71.0745522,-9.8062539]]]}},{"type":"Feature","id":"AC-Y376-X409","properties":{"id":"AC-Y376-X409","grid_x":409,"grid_y":376,"region":"oeste","centroid":[-71.0623287,-9.803625],"aggregation":"none","score_unico_gradboost":0.0012229,"score_unico_random_forest":0.0748886,"score_unico_logistic_regression":0.1969538,"score_unico_fuzzy_knn":0.0,"score_unico_xgboost":0.0020647,"score_regional_gradboost":0.0036038,"score_regional_random_forest":0.02242,"score_regional_logistic_regression":0.2592798,"score_regional_fuzzy_knn":0.0,"score_regional_xgboost":0.004782},"geometry":{"type":"Polygon","coordinates":[[[-71.0664144,-9.8063036],[-71.0582765,-9.8063531],[-71.0582431,-9.8009464],[-71.0663809,-9.8008969],[-71.0664144,-9.8063036]]]}},{"type":"Feature","id":"AC-Y376-X410","properties":{"id":"AC-Y376-X410","grid_x":410,"grid_y":376,"region":"oeste","centroid":[-71.0541909,-9.8036744],"aggregation":"none","score_unico_gradboost":0.0018836,"score_unico_random_forest":0.0817238,"score_unico_logistic_regression":0.1704726,"score_unico_fuzzy_knn":0.0,"score_unico_xgboost":0.0033851,"score_regional_gradboost":0.0077561,"score_regional_random_forest":0.0264827,"score_regional_logistic_regression":0.2282029,"score_regional_fuzzy_knn":0.0077776,"score_regional_xgboost":0.0105865},"geometry":{"type":"Polygon","coordinates":[[[-71.0582765,-9.8063531],[-71.0501385,-9.8064024],[-71.0501053,-9.8009957],[-71.0582431,-9.8009464],[-71.0582765,-9.8063531]]]}},{"type":"Feature","id":"AC-Y376-X411","properties":{"id":"AC-Y376-X411","grid_x":411,"grid_y":376,"region":"oeste","centroid":[-71.046053,-9.8037236],"aggregation":"none","score_unico_gradboost":0.0012848,"score_unico_random_forest":0.072196,"score_unico_logistic_regression":0.1626294,"score_unico_fuzzy_knn":0.0,"score_unico_xgboost":0.0015655,"score_regional_gradboost":0.0025746,"score_regional_random_forest":0.0258459,"score_regional_logistic_regression":0.220262,"score_regional_fuzzy_knn":0.0083762,"score_regional_xgboost":0.0051338},"geometry":{"type":"Polygon","coordinates":[[[-71.0501385,-9.8064024],[-71.0420006,-9.8064515],[-71.0419675,-9.8010448],[-71.0501053,-9.8009957],[-71.0501385,-9.8064024]]]}},{"type":"Feature","id":"AC-Y376-X412","properties":{"id":"AC-Y376-X412","grid_x":412,"grid_y":376,"region":"oeste","centroid":[-71.0379151,-9.8037726],"aggregation":"none","score_unico_gradboost":0.0018495,"score_unico_random_forest":0.0750835,"score_unico_logistic_regression":0.1725477,"score_unico_fuzzy_knn":0.0,"score_unico_xgboost":0.002248,"score_regional_gradboost":0.0041189,"score_regional_random_forest":0.0280232,"score_regional_logistic_regression":0.2359042,"score_regional_fuzzy_knn":0.0082176,"score_regional_xgboost":0.0109149},"geometry":{"type":"Polygon","coordinates":[[[-71.0420006,-9.8064515],[-71.0338626,-9.8065004],[-71.0338296,-9.8010937],[-71.0419675,-9.8010448],[-71.0420006,-9.8064515]]]}},{"type":"Feature","id":"AC-Y376-X413","properties":{"id":"AC-Y376-X413","grid_x":413,"grid_y":376,"region":"oeste","centroid":[-71.0297771,-9.8038214],"aggregation":"none","score_unico_gradboost":0.0018378,"score_unico_random_forest":0.079127,"score_unico_logistic_regression":0.2112176,"score_unico_fuzzy_knn":0.0,"score_unico_xgboost":0.0027233,"score_regional_gradboost":0.0033855,"score_regional_random_forest":0.0281722,"score_regional_logistic_regression":0.2928081,"score_regional_fuzzy_knn":0.0,"score_regional_xgboost":0.0095921},"geometry":{"type":"Polygon","coordinates":[[[-71.0338626,-9.8065004],[-71.0257245,-9.8065491],[-71.0256917,-9.8011424],[-71.0338296,-9.8010937],[-71.0338626,-9.8065004]]]}},{"type":"Feature","id":"AC-Y376-X414","properties":{"id":"AC-Y376-X414","grid_x":414,"grid_y":376,"region":"oeste","centroid":[-71.0216391,-9.80387],"aggregation":"none","score_unico_gradboost":0.0016387,"score_unico_random_forest":0.0718796,"score_unico_logistic_regression":0.2394119,"score_unico_fuzzy_knn":0.0,"score_unico_xgboost":0.0021651,"score_regional_gradboost":0.0031644,"score_regional_random_forest":0.0268102,"score_regional_logistic_regression":0.3279717,"score_regional_fuzzy_knn":0.0,"score_regional_xgboost":0.0095921},"geometry":{"type":"Polygon","coordinates":[[[-71.0257245,-9.8065491],[-71.0175864,-9.8065977],[-71.0175537,-9.8011909],[-71.0256917,-9.8011424],[-71.0257245,-9.8065491]]]}},{"type":"Feature","id":"AC-Y376-X415","properties":{"id":"AC-Y376-X415","grid_x":415,"grid_y":376,"region":"oeste","centroid":[-71.013501,-9.8039184],"aggregation":"none","score_unico_gradboost":0.0016271,"score_unico_random_forest":0.0720524,"score_unico_logistic_regression":0.2432703,"score_unico_fuzzy_knn":0.0,"score_unico_xgboost":0.0022204,"score_regional_gradboost":0.0031195,"score_regional_random_forest":0.0263034,"score_regional_logistic_regression":0.3317068,"score_regional_fuzzy_knn":0.0,"score_regional_xgboost":0.009081},"geometry":{"type":"Polygon","coordinates":[[[-71.0175864,-9.8065977],[-71.0094483,-9.806646],[-71.0094157,-9.8012392],[-71.0175537,-9.8011909],[-71.0175864,-9.8065977]]]}},{"type":"Feature","id":"AC-Y376-X416","properties":{"id":"AC-Y376-X416","grid_x":416,"grid_y":376,"region":"oeste","centroid":[-71.0053629,-9.8039667],"aggregation":"none","score_unico_gradboost":0.0018495,"score_unico_random_forest":0.0742772,"score_unico_logistic_regression":0.2205486,"score_unico_fuzzy_knn":0.0,"score_unico_xgboost":0.0025057,"score_regional_gradboost":0.0031232,"score_regional_random_forest":0.0261783,"score_regional_logistic_regression":0.3032742,"score_regional_fuzzy_knn":0.0,"score_regional_xgboost":0.0095921},"geometry":{"type":"Polygon","coordinates":[[[-71.0094483,-9.806646],[-71.0013101,-9.8066941],[-71.0012777,-9.8012873],[-71.0094157,-9.8012392],[-71.0094483,-9.806646]]]}},{"type":"Feature","id":"AC-Y376-X417","properties":{"id":"AC-Y376-X417","grid_x":417,"grid_y":376,"region":"oeste","centroid":[-70.9972248,-9.8040147],"aggregation":"none","score_unico_gradboost":0.0015266,"score_unico_random_forest":0.0705698,"score_unico_logistic_regression":0.2707153,"score_unico_fuzzy_knn":0.0,"score_unico_xgboost":0.0018638,"score_regional_gradboost":0.0024053,"score_regional_random_forest":0.0305976,"score_regional_logistic_regression":0.4031586,"score_regional_fuzzy_knn":0.0,"score_regional_xgboost":0.0133333},"geometry":{"type":"Polygon","coordinates":[[[-71.0013101,-9.8066941],[-70.9931719,-9.8067421],[-70.9931396,-9.8013352],[-71.0012777,-9.8012873],[-71.0013101,-9.8066941]]]}},{"type":"Feature","id":"AC-Y377-X403","properties":{"id":"AC-Y377-X403","grid_x":403,"grid_y":377,"region":"oeste","centroid":[-71.1111206,-9.7979181],"aggregation":"none","score_unico_gradboost":0.0011678,"score_unico_random_forest":0.0578813,"score_unico_logistic_regression":0.1879135,"score_unico_fuzzy_knn":0.0,"score_unico_xgboost":0.0018333,"score_regional_gradboost":0.0063805,"score_regional_random_forest":0.0087902,"score_regional_logistic_regression":0.2270985,"score_regional_fuzzy_knn":0.0,"score_regional_xgboost":0.00361},"geometry":{"type":"Polygon","coordinates":[[[-71.1152065,-9.800596],[-71.107069,-9.8006466],[-71.1070348,-9.7952402],[-71.1151722,-9.7951895],[-71.1152065,-9.800596]]]}},{"type":"Feature","id":"AC-Y377-X404","properties":{"id":"AC-Y377-X404","grid_x":404,"grid_y":377,"region":"oeste","centroid":[-71.1029832,-9.7979686],"aggregation":"none","score_unico_gradboost":0.001419,"score_unico_random_forest":0.0703012,"score_unico_logistic_regression":0.1647519,"score_unico_fuzzy_knn":0.0,"score_unico_xgboost":0.0020725,"score_regional_gradboost":0.0063805,"score_regional_random_forest":0.0098904,"score_regional_logistic_regression":0.1996889,"score_regional_fuzzy_knn":0.0,"score_regional_xgboost":0.00361},"geometry":{"type":"Polygon","coordinates":[[[-71.107069,-9.8006466],[-71.0989314,-9.8006971],[-71.0988974,-9.7952906],[-71.1070348,-9.7952402],[-71.107069,-9.8006466]]]}},{"type":"Feature","id":"AC-Y377-X405","properties":{"id":"AC-Y377-X405","grid_x":405,"grid_y":377,"region":"oeste","centroid":[-71.0948457,-9.798019],"aggregation":"none","score_unico_gradboost":0.0011584,"score_unico_random_forest":0.0729383,"score_unico_logistic_regression":0.1537475,"score_unico_fuzzy_knn":0.0,"score_unico_xgboost":0.0011756,"score_regional_gradboost":0.0040493,"score_regional_random_forest":0.0097025,"score_regional_logistic_regression":0.1876225,"score_regional_fuzzy_knn":0.0,"score_regional_xgboost":0.0020384},"geometry":{"type":"Polygon","coordinates":[[[-71.0989314,-9.8006971],[-71.0907939,-9.8007473],[-71.09076,-9.7953408],[-71.0988974,-9.7952906],[-71.0989314,-9.8006971]]]}},{"type":"Feature","id":"AC-Y377-X406","properties":{"id":"AC-Y377-X406","grid_x":406,"grid_y":377,"region":"oeste","centroid":[-71.0867082,-9.7980691],"aggregation":"none","score_unico_gradboost":0.0008986,"score_unico_random_forest":0.0666744,"score_unico_logistic_regression":0.1502464,"score_unico_fuzzy_knn":0.0,"score_unico_xgboost":0.0011767,"score_regional_gradboost":0.0040493,"score_regional_random_forest":0.0103157,"score_regional_logistic_regression":0.1850787,"score_regional_fuzzy_knn":0.0,"score_regional_xgboost":0.0020384},"geometry":{"type":"Polygon","coordinates":[[[-71.0907939,-9.8007473],[-71.0826562,-9.8007974],[-71.0826225,-9.7953908],[-71.09076,-9.7953408],[-71.0907939,-9.8007473]]]}},{"type":"Feature","id":"AC-Y377-X407","properties":{"id":"AC-Y377-X407","grid_x":407,"grid_y":377,"region":"oeste","centroid":[-71.0785706,-9.7981191],"aggregation":"none","score_unico_gradboost":0.0012938,"score_unico_random_forest":0.0649542,"score_unico_logistic_regression":0.1701614,"score_unico_fuzzy_knn":0.0,"score_unico_xgboost":0.0018292,"score_regional_gradboost":0.0063805,"score_regional_random_forest":0.0091536,"score_regional_logistic_regression":0.2127148,"score_regional_fuzzy_knn":0.0,"score_regional_xgboost":0.00361},"geometry":{"type":"Polygon","coordinates":[[[-71.0826562,-9.8007974],[-71.0745186,-9.8008473],[-71.074485,-9.7954407],[-71.0826225,-9.7953908],[-71.0826562,-9.8007974]]]}},{"type":"Feature","id":"AC-Y377-X408","properties":{"id":"AC-Y377-X408","grid_x":408,"grid_y":377,"region":"oeste","centroid":[-71.070433,-9.7981688],"aggregation":"none","score_unico_gradboost":0.0012938,"score_unico_random_forest":0.064718,"score_unico_logistic_regression":0.1740448,"score_unico_fuzzy_knn":0.0,"score_unico_xgboost":0.0018785,"score_regional_gradboost":0.0063805,"score_regional_random_forest":0.0091536,"score_regional_logistic_regression":0.2197024,"score_regional_fuzzy_knn":0.0,"score_regional_xgboost":0.00361},"geometry":{"type":"Polygon","coordinates":[[[-71.0745186,-9.8008473],[-71.0663809,-9.8008969],[-71.0663474,-9.7954903],[-71.074485,-9.7954407],[-71.0745186,-9.8008473]]]}},{"type":"Feature","id":"AC-Y377-X409","properties":{"id":"AC-Y377-X409","grid_x":409,"grid_y":377,"region":"oeste","centroid":[-71.0622953,-9.7982184],"aggregation":"none","score_unico_gradboost":0.0008315,"score_unico_random_forest":0.0704663,"score_unico_logistic_regression":0.1525096,"score_unico_fuzzy_knn":0.0,"score_unico_xgboost":0.0010843,"score_regional_gradboost":0.0035959,"score_regional_random_forest":0.0088535,"score_regional_logistic_regression":0.1940778,"score_regional_fuzzy_knn":0.0078866,"score_regional_xgboost":0.0022775},"geometry":{"type":"Polygon","coordinates":[[[-71.0663809,-9.8008969],[-71.0582431,-9.8009464],[-71.0582098,-9.7955398],[-71.0663474,-9.7954903],[-71.0663809,-9.8008969]]]}},{"type":"Feature","id":"AC-Y377-X410","properties":{"id":"AC-Y377-X410","grid_x":410,"grid_y":377,"region":"oeste","centroid":[-71.0541576,-9.7982678],"aggregation":"none","score_unico_gradboost":0.0012687,"score_unico_random_forest":0.0863916,"score_unico_logistic_regression":0.1862498,"score_unico_fuzzy_knn":0.0,"score_unico_xgboost":0.0019422,"score_regional_gradboost":0.0055091,"score_regional_random_forest":0.0211796,"score_regional_logistic_regression":0.2429222,"score_regional_fuzzy_knn":0.0,"score_regional_xgboost":0.0046074},"geometry":{"type":"Polygon","coordinates":[[[-71.0582431,-9.8009464],[-71.0501053,-9.8009957],[-71.0500721,-9.795589],[-71.0582098,-9.7955398],[-71.0582431,-9.8009464]]]}},{"type":"Feature","id":"AC-Y377-X411","properties":{"id":"AC-Y377-X411","grid_x":411,"grid_y":377,"region":"oeste","centroid":[-71.0460198,-9.7983169],"aggregation":"none","score_unico_gradboost":0.0012457,"score_unico_random_forest":0.0770517,"score_unico_logistic_regression":0.1999186,"score_unico_fuzzy_knn":0.0,"score_unico_xgboost":0.0014745,"score_regional_gradboost":0.0019824,"score_regional_random_forest":0.0176714,"score_regional_logistic_regression":0.2649199,"score_regional_fuzzy_knn":0.0,"score_regional_xgboost":0.0036102},"geometry":{"type":"Polygon","coordinates":[[[-71.0501053,-9.8009957],[-71.0419675,-9.8010448],[-71.0419344,-9.7956381],[-71.0500721,-9.795589],[-71.0501053,-9.8009957]]]}},{"type":"Feature","id":"AC-Y377-X412","properties":{"id":"AC-Y377-X412","grid_x":412,"grid_y":377,"region":"oeste","centroid":[-71.037882,-9.7983659],"aggregation":"none","score_unico_gradboost":0.0012008,"score_unico_random_forest":0.0668137,"score_unico_logistic_regression":0.1970634,"score_unico_fuzzy_knn":0.0,"score_unico_xgboost":0.0016063,"score_regional_gradboost":0.0018829,"score_regional_random_forest":0.0229632,"score_regional_logistic_regression":0.262631,"score_regional_fuzzy_knn":0.0,"score_regional_xgboost":0.0042674},"geometry":{"type":"Polygon","coordinates":[[[-71.0419675,-9.8010448],[-71.0338296,-9.8010937],[-71.0337967,-9.7956869],[-71.0419344,-9.7956381],[-71.0419675,-9.8010448]]]}},{"type":"Feature","id":"AC-Y377-X413","properties":{"id":"AC-Y377-X413","grid_x":413,"grid_y":377,"region":"oeste","centroid":[-71.0297442,-9.7984147],"aggregation":"none","score_unico_gradboost":0.0015396,"score_unico_random_forest":0.0696617,"score_unico_logistic_regression":0.1822859,"score_unico_fuzzy_knn":0.0,"score_unico_xgboost":0.0016274,"score_regional_gradboost":0.0027364,"score_regional_random_forest":0.0255129,"score_regional_logistic_regression":0.2435272,"score_regional_fuzzy_knn":0.0078698,"score_regional_xgboost":0.005749},"geometry":{"type":"Polygon","coordinates":[[[-71.0338296,-9.8010937],[-71.0256917,-9.8011424],[-71.0256589,-9.7957356],[-71.0337967,-9.7956869],[-71.0338296,-9.8010937]]]}},{"type":"Feature","id":"AC-Y377-X414","properties":{"id":"AC-Y377-X414","grid_x":414,"grid_y":377,"region":"oeste","centroid":[-71.0216063,-9.7984633],"aggregation":"none","score_unico_gradboost":0.0012008,"score_unico_random_forest":0.0744198,"score_unico_logistic_regression":0.2007475,"score_unico_fuzzy_knn":0.0,"score_unico_xgboost":0.0016743,"score_regional_gradboost":0.0018829,"score_regional_random_forest":0.0223316,"score_regional_logistic_regression":0.2667942,"score_regional_fuzzy_knn":0.0,"score_regional_xgboost":0.0042674},"geometry":{"type":"Polygon","coordinates":[[[-71.0256917,-9.8011424],[-71.0175537,-9.8011909],[-71.017521,-9.7957841],[-71.0256589,-9.7957356],[-71.0256917,-9.8011424]]]}},{"type":"Feature","id":"AC-Y377-X415","properties":{"id":"AC-Y377-X415","grid_x":415,"grid_y":377,"region":"oeste","centroid":[-71.0134684,-9.7985117],"aggregation":"none","score_unico_gradboost":0.001266,"score_unico_random_forest":0.0744249,"score_unico_logistic_regression":0.2229456,"score_unico_fuzzy_knn":0.0,"score_unico_xgboost":0.0016091,"score_regional_gradboost":0.0018286,"score_regional_random_forest":0.0197726,"score_regional_logistic_regression":0.2961561,"score_regional_fuzzy_knn":0.0,"score_regional_xgboost":0.0036102},"geometry":{"type":"Polygon","coordinates":[[[-71.0175537,-9.8011909],[-71.0094157,-9.8012392],[-71.0093832,-9.7958324],[-71.017521,-9.7957841],[-71.0175537,-9.8011909]]]}},{"type":"Feature","id":"AC-Y377-X416","properties":{"id":"AC-Y377-X416","grid_x":416,"grid_y":377,"region":"oeste","centroid":[-71.0053305,-9.7985599],"aggregation":"none","score_unico_gradboost":0.0018495,"score_unico_random_forest":0.0714667,"score_unico_logistic_regression":0.2103665,"score_unico_fuzzy_knn":0.0,"score_unico_xgboost":0.0024714,"score_regional_gradboost":0.0033375,"score_regional_random_forest":0.0257364,"score_regional_logistic_regression":0.2867083,"score_regional_fuzzy_knn":0.0,"score_regional_xgboost":0.0083061},"geometry":{"type":"Polygon","coordinates":[[[-71.0094157,-9.8012392],[-71.0012777,-9.8012873],[-71.0012452,-9.7958805],[-71.0093832,-9.7958324],[-71.0094157,-9.8012392]]]}},{"type":"Feature","id":"AC-Y377-X417","properties":{"id":"AC-Y377-X417","grid_x":417,"grid_y":377,"region":"oeste","centroid":[-70.9971924,-9.7986079],"aggregation":"none","score_unico_gradboost":0.0017686,"score_unico_random_forest":0.0611457,"score_unico_logistic_regression":0.2089255,"score_unico_fuzzy_knn":0.0,"score_unico_xgboost":0.002171,"score_regional_gradboost":0.0031767,"score_regional_random_forest":0.0263266,"score_regional_logistic_regression":0.3047245,"score_regional_fuzzy_knn":0.0078193,"score_regional_xgboost":0.0106759},"geometry":{"type":"Polygon","coordinates":[[[-71.0012777,-9.8012873],[-70.9931396,-9.8013352],[-70.9931073,-9.7959283],[-71.0012452,-9.7958805],[-71.0012777,-9.8012873]]]}},{"type":"Feature","id":"AC-Y378-X404","properties":{"id":"AC-Y378-X404","grid_x":404,"grid_y":378,"region":"oeste","centroid":[-71.1029491,-9.7925621],"aggregation":"none","score_unico_gradboost":0.0011678,"score_unico_random_forest":0.0571874,"score_unico_logistic_regression":0.1848674,"score_unico_fuzzy_knn":0.0,"score_unico_xgboost":0.0018371,"score_regional_gradboost":0.0063805,"score_regional_random_forest":0.0088946,"score_regional_logistic_regression":0.2237826,"score_regional_fuzzy_knn":0.0,"score_regional_xgboost":0.00361},"geometry":{"type":"Polygon","coordinates":[[[-71.1070348,-9.7952402],[-71.0988974,-9.7952906],[-71.0988635,-9.7898841],[-71.1070007,-9.7898337],[-71.1070348,-9.7952402]]]}},{"type":"Feature","id":"AC-Y378-X405","properties":{"id":"AC-Y378-X405","grid_x":405,"grid_y":378,"region":"oeste","centroid":[-71.0948118,-9.7926125],"aggregation":"none","score_unico_gradboost":0.001419,"score_unico_random_forest":0.0696364,"score_unico_logistic_regression":0.1618679,"score_unico_fuzzy_knn":0.0,"score_unico_xgboost":0.0020862,"score_regional_gradboost":0.004162,"score_regional_random_forest":0.0087943,"score_regional_logistic_regression":0.1960403,"score_regional_fuzzy_knn":0.0,"score_regional_xgboost":0.0033714},"geometry":{"type":"Polygon","coordinates":[[[-71.0988974,-9.7952906],[-71.09076,-9.7953408],[-71.0907262,-9.7899343],[-71.0988635,-9.7898841],[-71.0988974,-9.7952906]]]}},{"type":"Feature","id":"AC-Y378-X406","properties":{"id":"AC-Y378-X406","grid_x":406,"grid_y":378,"region":"oeste","centroid":[-71.0866744,-9.7926626],"aggregation":"none","score_unico_gradboost":0.0013029,"score_unico_random_forest":0.0727014,"score_unico_logistic_regression":0.1686583,"score_unico_fuzzy_knn":0.0,"score_unico_xgboost":0.0019555,"score_regional_gradboost":0.0063805,"score_regional_random_forest":0.009897,"score_regional_logistic_regression":0.2065358,"score_regional_fuzzy_knn":0.0,"score_regional_xgboost":0.00361},"geometry":{"type":"Polygon","coordinates":[[[-71.09076,-9.7953408],[-71.0826225,-9.7953908],[-71.0825888,-9.7899843],[-71.0907262,-9.7899343],[-71.09076,-9.7953408]]]}},{"type":"Feature","id":"AC-Y378-X407","properties":{"id":"AC-Y378-X407","grid_x":407,"grid_y":378,"region":"oeste","centroid":[-71.0785369,-9.7927125],"aggregation":"none","score_unico_gradboost":0.0013029,"score_unico_random_forest":0.0740592,"score_unico_logistic_regression":0.1691134,"score_unico_fuzzy_knn":0.0,"score_unico_xgboost":0.0019073,"score_regional_gradboost":0.0063805,"score_regional_random_forest":0.0102237,"score_regional_logistic_regression":0.2080546,"score_regional_fuzzy_knn":0.0,"score_regional_xgboost":0.00361},"geometry":{"type":"Polygon","coordinates":[[[-71.0826225,-9.7953908],[-71.074485,-9.7954407],[-71.0744514,-9.7900341],[-71.0825888,-9.7899843],[-71.0826225,-9.7953908]]]}},{"type":"Feature","id":"AC-Y378-X408","properties":{"id":"AC-Y378-X408","grid_x":408,"grid_y":378,"region":"oeste","centroid":[-71.0703994,-9.7927622],"aggregation":"none","score_unico_gradboost":0.0012938,"score_unico_random_forest":0.0694116,"score_unico_logistic_regression":0.1667853,"score_unico_fuzzy_knn":0.0,"score_unico_xgboost":0.0018367,"score_regional_gradboost":0.0063805,"score_regional_random_forest":0.0107245,"score_regional_logistic_regression":0.2069566,"score_regional_fuzzy_knn":0.0,"score_regional_xgboost":0.00361},"geometry":{"type":"Polygon","coordinates":[[[-71.074485,-9.7954407],[-71.0663474,-9.7954903],[-71.0663139,-9.7900837],[-71.0744514,-9.7900341],[-71.074485,-9.7954407]]]}},{"type":"Feature","id":"AC-Y378-X409","properties":{"id":"AC-Y378-X409","grid_x":409,"grid_y":378,"region":"oeste","centroid":[-71.0622619,-9.7928118],"aggregation":"none","score_unico_gradboost":0.0008986,"score_unico_random_forest":0.065723,"score_unico_logistic_regression":0.1471992,"score_unico_fuzzy_knn":0.0,"score_unico_xgboost":0.0011378,"score_regional_gradboost":0.0040493,"score_regional_random_forest":0.0087447,"score_regional_logistic_regression":0.1834957,"score_regional_fuzzy_knn":0.0078748,"score_regional_xgboost":0.0020384},"geometry":{"type":"Polygon","coordinates":[[[-71.0663474,-9.7954903],[-71.0582098,-9.7955398],[-71.0581765,-9.7901331],[-71.0663139,-9.7900837],[-71.0663474,-9.7954903]]]}},{"type":"Feature","id":"AC-Y378-X410","properties":{"id":"AC-Y378-X410","grid_x":410,"grid_y":378,"region":"oeste","centroid":[-71.0541243,-9.7928611],"aggregation":"none","score_unico_gradboost":0.0012224,"score_unico_random_forest":0.0633876,"score_unico_logistic_regression":0.1813041,"score_unico_fuzzy_knn":0.0,"score_unico_xgboost":0.0019082,"score_regional_gradboost":0.0052384,"score_regional_random_forest":0.0104976,"score_regional_logistic_regression":0.2309917,"score_regional_fuzzy_knn":0.0,"score_regional_xgboost":0.00361},"geometry":{"type":"Polygon","coordinates":[[[-71.0582098,-9.7955398],[-71.0500721,-9.795589],[-71.0500389,-9.7901824],[-71.0581765,-9.7901331],[-71.0582098,-9.7955398]]]}},{"type":"Feature","id":"AC-Y378-X411","properties":{"id":"AC-Y378-X411","grid_x":411,"grid_y":378,"region":"oeste","centroid":[-71.0459867,-9.7929102],"aggregation":"none","score_unico_gradboost":0.0012003,"score_unico_random_forest":0.0584542,"score_unico_logistic_regression":0.1731002,"score_unico_fuzzy_knn":0.0,"score_unico_xgboost":0.0014207,"score_regional_gradboost":0.002739,"score_regional_random_forest":0.0102555,"score_regional_logistic_regression":0.2231457,"score_regional_fuzzy_knn":0.0077674,"score_regional_xgboost":0.0032211},"geometry":{"type":"Polygon","coordinates":[[[-71.0500721,-9.795589],[-71.0419344,-9.7956381],[-71.0419014,-9.7902314],[-71.0500389,-9.7901824],[-71.0500721,-9.795589]]]}},{"type":"Feature","id":"AC-Y378-X412","properties":{"id":"AC-Y378-X412","grid_x":412,"grid_y":378,"region":"oeste","centroid":[-71.037849,-9.7929592],"aggregation":"none","score_unico_gradboost":0.0011755,"score_unico_random_forest":0.0638629,"score_unico_logistic_regression":0.1833933,"score_unico_fuzzy_knn":0.0,"score_unico_xgboost":0.0012703,"score_regional_gradboost":0.0027685,"score_regional_random_forest":0.0120073,"score_regional_logistic_regression":0.2383453,"score_regional_fuzzy_knn":0.0076056,"score_regional_xgboost":0.0035984},"geometry":{"type":"Polygon","coordinates":[[[-71.0419344,-9.7956381],[-71.0337967,-9.7956869],[-71.0337637,-9.7902802],[-71.0419014,-9.7902314],[-71.0419344,-9.7956381]]]}},{"type":"Feature","id":"AC-Y378-X413","properties":{"id":"AC-Y378-X413","grid_x":413,"grid_y":378,"region":"oeste","centroid":[-71.0297113,-9.7930079],"aggregation":"none","score_unico_gradboost":0.0012783,"score_unico_random_forest":0.0622476,"score_unico_logistic_regression":0.2193863,"score_unico_fuzzy_knn":0.0,"score_unico_xgboost":0.0013099,"score_regional_gradboost":0.0018814,"score_regional_random_forest":0.0086361,"score_regional_logistic_regression":0.2875565,"score_regional_fuzzy_knn":0.0,"score_regional_xgboost":0.0031595},"geometry":{"type":"Polygon","coordinates":[[[-71.0337967,-9.7956869],[-71.0256589,-9.7957356],[-71.0256261,-9.7903289],[-71.0337637,-9.7902802],[-71.0337967,-9.7956869]]]}},{"type":"Feature","id":"AC-Y378-X414","properties":{"id":"AC-Y378-X414","grid_x":414,"grid_y":378,"region":"oeste","centroid":[-71.0215736,-9.7930565],"aggregation":"none","score_unico_gradboost":0.0012003,"score_unico_random_forest":0.0634654,"score_unico_logistic_regression":0.1785962,"score_unico_fuzzy_knn":0.0,"score_unico_xgboost":0.0012517,"score_regional_gradboost":0.002739,"score_regional_random_forest":0.0112093,"score_regional_logistic_regression":0.2310181,"score_regional_fuzzy_knn":0.0077908,"score_regional_xgboost":0.0035984},"geometry":{"type":"Polygon","coordinates":[[[-71.0256589,-9.7957356],[-71.017521,-9.7957841],[-71.0174884,-9.7903773],[-71.0256261,-9.7903289],[-71.0256589,-9.7957356]]]}},{"type":"Feature","id":"AC-Y378-X415","properties":{"id":"AC-Y378-X415","grid_x":415,"grid_y":378,"region":"oeste","centroid":[-71.0134358,-9.7931049],"aggregation":"none","score_unico_gradboost":0.0011755,"score_unico_random_forest":0.0659482,"score_unico_logistic_regression":0.1774787,"score_unico_fuzzy_knn":0.0,"score_unico_xgboost":0.0012703,"score_regional_gradboost":0.0029641,"score_regional_random_forest":0.011449,"score_regional_logistic_regression":0.2305824,"score_regional_fuzzy_knn":0.0078995,"score_regional_xgboost":0.0035984},"geometry":{"type":"Polygon","coordinates":[[[-71.017521,-9.7957841],[-71.0093832,-9.7958324],[-71.0093506,-9.7904256],[-71.0174884,-9.7903773],[-71.017521,-9.7957841]]]}},{"type":"Feature","id":"AC-Y378-X416","properties":{"id":"AC-Y378-X416","grid_x":416,"grid_y":378,"region":"oeste","centroid":[-71.005298,-9.793153],"aggregation":"none","score_unico_gradboost":0.00172,"score_unico_random_forest":0.0763554,"score_unico_logistic_regression":0.1804135,"score_unico_fuzzy_knn":0.0,"score_unico_xgboost":0.0023987,"score_regional_gradboost":0.0040604,"score_regional_random_forest":0.0275813,"score_regional_logistic_regression":0.2441046,"score_regional_fuzzy_knn":0.0081259,"score_regional_xgboost":0.0094532},"geometry":{"type":"Polygon","coordinates":[[[-71.0093832,-9.7958324],[-71.0012452,-9.7958805],[-71.0012129,-9.7904736],[-71.0093506,-9.7904256],[-71.0093832,-9.7958324]]]}},{"type":"Feature","id":"AC-Y378-X417","properties":{"id":"AC-Y378-X417","grid_x":417,"grid_y":378,"region":"oeste","centroid":[-70.9971601,-9.793201],"aggregation":"none","score_unico_gradboost":0.0015576,"score_unico_random_forest":0.0697511,"score_unico_logistic_regression":0.2731666,"score_unico_fuzzy_knn":0.0,"score_unico_xgboost":0.0020434,"score_regional_gradboost":0.0029457,"score_regional_random_forest":0.0320722,"score_regional_logistic_regression":0.393049,"score_regional_fuzzy_knn":0.0,"score_regional_xgboost":0.0133333},"geometry":{"type":"Polygon","coordinates":[[[-71.0012452,-9.7958805],[-70.9931073,-9.7959283],[-70.993075,-9.7905215],[-71.0012129,-9.7904736],[-71.0012452,-9.7958805]]]}},{"type":"Feature","id":"AC-Y379-X404","properties":{"id":"AC-Y379-X404","grid_x":404,"grid_y":379,"region":"oeste","centroid":[-71.1029151,-9.7871557],"aggregation":"none","score_unico_gradboost":0.0011678,"score_unico_random_forest":0.0532943,"score_unico_logistic_regression":0.1926976,"score_unico_fuzzy_knn":0.0,"score_unico_xgboost":0.0018214,"score_regional_gradboost":0.0037076,"score_regional_random_forest":0.0097179,"score_regional_logistic_regression":0.2319194,"score_regional_fuzzy_knn":0.0,"score_regional_xgboost":0.0031697},"geometry":{"type":"Polygon","coordinates":[[[-71.1070007,-9.7898337],[-71.0988635,-9.7898841],[-71.0988295,-9.7844776],[-71.1069666,-9.7844272],[-71.1070007,-9.7898337]]]}},{"type":"Feature","id":"AC-Y379-X405","properties":{"id":"AC-Y379-X405","grid_x":405,"grid_y":379,"region":"oeste","centroid":[-71.0947779,-9.7872059],"aggregation":"none","score_unico_gradboost":0.0011678,"score_unico_random_forest":0.0562377,"score_unico_logistic_regression":0.1969391,"score_unico_fuzzy_knn":0.0,"score_unico_xgboost":0.0018251,"score_regional_gradboost":0.0037076,"score_regional_random_forest":0.0068846,"score_regional_logistic_regression":0.2392033,"score_regional_fuzzy_knn":0.0,"score_regional_xgboost":0.0031697},"geometry":{"type":"Polygon","coordinates":[[[-71.0988635,-9.7898841],[-71.0907262,-9.7899343],[-71.0906923,-9.7845277],[-71.0988295,-9.7844776],[-71.0988635,-9.7898841]]]}},{"type":"Feature","id":"AC-Y379-X406","properties":{"id":"AC-Y379-X406","grid_x":406,"grid_y":379,"region":"oeste","centroid":[-71.0866406,-9.787256],"aggregation":"none","score_unico_gradboost":0.001419,"score_unico_random_forest":0.0719811,"score_unico_logistic_regression":0.1773334,"score_unico_fuzzy_knn":0.0,"score_unico_xgboost":0.0020326,"score_regional_gradboost":0.0063805,"score_regional_random_forest":0.0097445,"score_regional_logistic_regression":0.2152721,"score_regional_fuzzy_knn":0.0,"score_regional_xgboost":0.00361},"geometry":{"type":"Polygon","coordinates":[[[-71.0907262,-9.7899343],[-71.0825888,-9.7899843],[-71.0825551,-9.7845777],[-71.0906923,-9.7845277],[-71.0907262,-9.7899343]]]}},{"type":"Feature","id":"AC-Y379-X407","properties":{"id":"AC-Y379-X407","grid_x":407,"grid_y":379,"region":"oeste","centroid":[-71.0785033,-9.7873059],"aggregation":"none","score_unico_gradboost":0.0012616,"score_unico_random_forest":0.068406,"score_unico_logistic_regression":0.150415,"score_unico_fuzzy_knn":0.0,"score_unico_xgboost":0.0012565,"score_regional_gradboost":0.0040493,"score_regional_random_forest":0.0087943,"score_regional_logistic_regression":0.1810208,"score_regional_fuzzy_knn":0.0,"score_regional_xgboost":0.0020384},"geometry":{"type":"Polygon","coordinates":[[[-71.0825888,-9.7899843],[-71.0744514,-9.7900341],[-71.0744178,-9.7846275],[-71.0825551,-9.7845777],[-71.0825888,-9.7899843]]]}},{"type":"Feature","id":"AC-Y379-X408","properties":{"id":"AC-Y379-X408","grid_x":408,"grid_y":379,"region":"oeste","centroid":[-71.0703659,-9.7873556],"aggregation":"none","score_unico_gradboost":0.0013029,"score_unico_random_forest":0.0729558,"score_unico_logistic_regression":0.186831,"score_unico_fuzzy_knn":0.0,"score_unico_xgboost":0.001897,"score_regional_gradboost":0.0063805,"score_regional_random_forest":0.0113053,"score_regional_logistic_regression":0.2304792,"score_regional_fuzzy_knn":0.0,"score_regional_xgboost":0.00361},"geometry":{"type":"Polygon","coordinates":[[[-71.0744514,-9.7900341],[-71.0663139,-9.7900837],[-71.0662805,-9.7846771],[-71.0744178,-9.7846275],[-71.0744514,-9.7900341]]]}},{"type":"Feature","id":"AC-Y379-X409","properties":{"id":"AC-Y379-X409","grid_x":409,"grid_y":379,"region":"oeste","centroid":[-71.0622285,-9.7874051],"aggregation":"none","score_unico_gradboost":0.0012938,"score_unico_random_forest":0.0720904,"score_unico_logistic_regression":0.1698415,"score_unico_fuzzy_knn":0.0,"score_unico_xgboost":0.0020372,"score_regional_gradboost":0.0063805,"score_regional_random_forest":0.0123084,"score_regional_logistic_regression":0.2104434,"score_regional_fuzzy_knn":0.0,"score_regional_xgboost":0.00361},"geometry":{"type":"Polygon","coordinates":[[[-71.0663139,-9.7900837],[-71.0581765,-9.7901331],[-71.0581432,-9.7847265],[-71.0662805,-9.7846771],[-71.0663139,-9.7900837]]]}},{"type":"Feature","id":"AC-Y379-X410","properties":{"id":"AC-Y379-X410","grid_x":410,"grid_y":379,"region":"oeste","centroid":[-71.0540911,-9.7874544],"aggregation":"none","score_unico_gradboost":0.0008986,"score_unico_random_forest":0.0671895,"score_unico_logistic_regression":0.1612085,"score_unico_fuzzy_knn":0.0,"score_unico_xgboost":0.0010619,"score_regional_gradboost":0.004162,"score_regional_random_forest":0.0093719,"score_regional_logistic_regression":0.2002936,"score_regional_fuzzy_knn":0.0,"score_regional_xgboost":0.0033714},"geometry":{"type":"Polygon","coordinates":[[[-71.0581765,-9.7901331],[-71.0500389,-9.7901824],[-71.0500058,-9.7847757],[-71.0581432,-9.7847265],[-71.0581765,-9.7901331]]]}},{"type":"Feature","id":"AC-Y379-X411","properties":{"id":"AC-Y379-X411","grid_x":411,"grid_y":379,"region":"oeste","centroid":[-71.0459536,-9.7875036],"aggregation":"none","score_unico_gradboost":0.0012704,"score_unico_random_forest":0.0608522,"score_unico_logistic_regression":0.1916308,"score_unico_fuzzy_knn":0.0,"score_unico_xgboost":0.0013069,"score_regional_gradboost":0.003338,"score_regional_random_forest":0.0119052,"score_regional_logistic_regression":0.2438959,"score_regional_fuzzy_knn":0.0,"score_regional_xgboost":0.0032211},"geometry":{"type":"Polygon","coordinates":[[[-71.0500389,-9.7901824],[-71.0419014,-9.7902314],[-71.0418683,-9.7848247],[-71.0500058,-9.7847757],[-71.0500389,-9.7901824]]]}},{"type":"Feature","id":"AC-Y379-X412","properties":{"id":"AC-Y379-X412","grid_x":412,"grid_y":379,"region":"oeste","centroid":[-71.0378161,-9.7875525],"aggregation":"none","score_unico_gradboost":0.0012704,"score_unico_random_forest":0.0584867,"score_unico_logistic_regression":0.1938846,"score_unico_fuzzy_knn":0.0,"score_unico_xgboost":0.0013789,"score_regional_gradboost":0.0019372,"score_regional_random_forest":0.0097226,"score_regional_logistic_regression":0.248013,"score_regional_fuzzy_knn":0.0,"score_regional_xgboost":0.0028281},"geometry":{"type":"Polygon","coordinates":[[[-71.0419014,-9.7902314],[-71.0337637,-9.7902802],[-71.0337308,-9.7848735],[-71.0418683,-9.7848247],[-71.0419014,-9.7902314]]]}},{"type":"Feature","id":"AC-Y379-X413","properties":{"id":"AC-Y379-X413","grid_x":413,"grid_y":379,"region":"oeste","centroid":[-71.0296785,-9.7876012],"aggregation":"none","score_unico_gradboost":0.0012704,"score_unico_random_forest":0.0615616,"score_unico_logistic_regression":0.1694987,"score_unico_fuzzy_knn":0.0,"score_unico_xgboost":0.0013884,"score_regional_gradboost":0.003338,"score_regional_random_forest":0.0099827,"score_regional_logistic_regression":0.2157393,"score_regional_fuzzy_knn":0.0078458,"score_regional_xgboost":0.0032211},"geometry":{"type":"Polygon","coordinates":[[[-71.0337637,-9.7902802],[-71.0256261,-9.7903289],[-71.0255933,-9.7849221],[-71.0337308,-9.7848735],[-71.0337637,-9.7902802]]]}},{"type":"Feature","id":"AC-Y379-X414","properties":{"id":"AC-Y379-X414","grid_x":414,"grid_y":379,"region":"oeste","centroid":[-71.0215409,-9.7876497],"aggregation":"none","score_unico_gradboost":0.0012704,"score_unico_random_forest":0.0586933,"score_unico_logistic_regression":0.204652,"score_unico_fuzzy_knn":0.0,"score_unico_xgboost":0.0013522,"score_regional_gradboost":0.0019372,"score_regional_random_forest":0.0085268,"score_regional_logistic_regression":0.2615203,"score_regional_fuzzy_knn":0.0,"score_regional_xgboost":0.0028281},"geometry":{"type":"Polygon","coordinates":[[[-71.0256261,-9.7903289],[-71.0174884,-9.7903773],[-71.0174557,-9.7849705],[-71.0255933,-9.7849221],[-71.0256261,-9.7903289]]]}},{"type":"Feature","id":"AC-Y379-X415","properties":{"id":"AC-Y379-X415","grid_x":415,"grid_y":379,"region":"oeste","centroid":[-71.0134032,-9.7876981],"aggregation":"none","score_unico_gradboost":0.0011755,"score_unico_random_forest":0.0636803,"score_unico_logistic_regression":0.2029822,"score_unico_fuzzy_knn":0.0,"score_unico_xgboost":0.0012532,"score_regional_gradboost":0.0020397,"score_regional_random_forest":0.0092873,"score_regional_logistic_regression":0.2650535,"score_regional_fuzzy_knn":0.0,"score_regional_xgboost":0.0031595},"geometry":{"type":"Polygon","coordinates":[[[-71.0174884,-9.7903773],[-71.0093506,-9.7904256],[-71.0093181,-9.7850188],[-71.0174557,-9.7849705],[-71.0174884,-9.7903773]]]}},{"type":"Feature","id":"AC-Y379-X416","properties":{"id":"AC-Y379-X416","grid_x":416,"grid_y":379,"region":"oeste","centroid":[-71.0052655,-9.7877462],"aggregation":"none","score_unico_gradboost":0.00172,"score_unico_random_forest":0.0716185,"score_unico_logistic_regression":0.2192246,"score_unico_fuzzy_knn":0.0,"score_unico_xgboost":0.0023714,"score_regional_gradboost":0.0030788,"score_regional_random_forest":0.0257364,"score_regional_logistic_regression":0.29768,"score_regional_fuzzy_knn":0.0,"score_regional_xgboost":0.0083061},"geometry":{"type":"Polygon","coordinates":[[[-71.0093506,-9.7904256],[-71.0012129,-9.7904736],[-71.0011805,-9.7850668],[-71.0093181,-9.7850188],[-71.0093506,-9.7904256]]]}},{"type":"Feature","id":"AC-Y379-X417","properties":{"id":"AC-Y379-X417","grid_x":417,"grid_y":379,"region":"oeste","centroid":[-70.9971278,-9.7877942],"aggregation":"none","score_unico_gradboost":0.0017686,"score_unico_random_forest":0.0604169,"score_unico_logistic_regression":0.2236121,"score_unico_fuzzy_knn":0.0,"score_unico_xgboost":0.0023309,"score_regional_gradboost":0.0031767,"score_regional_random_forest":0.0265286,"score_regional_logistic_regression":0.3249469,"score_regional_fuzzy_knn":0.0,"score_regional_xgboost":0.0106759},"geometry":{"type":"Polygon","coordinates":[[[-71.0012129,-9.7904736],[-70.993075,-9.7905215],[-70.9930428,-9.7851146],[-71.0011805,-9.7850668],[-71.0012129,-9.7904736]]]}},{"type":"Feature","id":"AC-Y379-X418","properties":{"id":"AC-Y379-X418","grid_x":418,"grid_y":379,"region":"oeste","centroid":[-70.98899,-9.7878419],"aggregation":"none","score_unico_gradboost":0.0019005,"score_unico_random_forest":0.0922089,"score_unico_logistic_regression":0.3059647,"score_unico_fuzzy_knn":0.0,"score_unico_xgboost":0.0023027,"score_regional_gradboost":0.0019798,"score_regional_random_forest":0.042485,"score_regional_logistic_regression":0.5160908,"score_regional_fuzzy_knn":0.0,"score_regional_xgboost":0.006499},"geometry":{"type":"Polygon","coordinates":[[[-70.993075,-9.7905215],[-70.9849372,-9.7905692],[-70.984905,-9.7851623],[-70.9930428,-9.7851146],[-70.993075,-9.7905215]]]}},{"type":"Feature","id":"AC-Y380-X408","properties":{"id":"AC-Y380-X408","grid_x":408,"grid_y":380,"region":"oeste","centroid":[-71.0703324,-9.781949],"aggregation":"none","score_unico_gradboost":0.001419,"score_unico_random_forest":0.071903,"score_unico_logistic_regression":0.2015992,"score_unico_fuzzy_knn":0.0,"score_unico_xgboost":0.0021232,"score_regional_gradboost":0.0037076,"score_regional_random_forest":0.0099764,"score_regional_logistic_regression":0.2471414,"score_regional_fuzzy_knn":0.0,"score_regional_xgboost":0.0031697},"geometry":{"type":"Polygon","coordinates":[[[-71.0744178,-9.7846275],[-71.0662805,-9.7846771],[-71.0662471,-9.7792705],[-71.0743843,-9.7792209],[-71.0744178,-9.7846275]]]}},{"type":"Feature","id":"AC-Y380-X409","properties":{"id":"AC-Y380-X409","grid_x":409,"grid_y":380,"region":"oeste","centroid":[-71.0621952,-9.7819985],"aggregation":"none","score_unico_gradboost":0.0013303,"score_unico_random_forest":0.0709724,"score_unico_logistic_regression":0.1673751,"score_unico_fuzzy_knn":0.0,"score_unico_xgboost":0.0020545,"score_regional_gradboost":0.0063805,"score_regional_random_forest":0.0093155,"score_regional_logistic_regression":0.2043987,"score_regional_fuzzy_knn":0.0,"score_regional_xgboost":0.00361},"geometry":{"type":"Polygon","coordinates":[[[-71.0662805,-9.7846771],[-71.0581432,-9.7847265],[-71.0581099,-9.7793198],[-71.0662471,-9.7792705],[-71.0662805,-9.7846771]]]}},{"type":"Feature","id":"AC-Y380-X410","properties":{"id":"AC-Y380-X410","grid_x":410,"grid_y":380,"region":"oeste","centroid":[-71.0540579,-9.7820478],"aggregation":"none","score_unico_gradboost":0.0013029,"score_unico_random_forest":0.0724006,"score_unico_logistic_regression":0.1773195,"score_unico_fuzzy_knn":0.0,"score_unico_xgboost":0.0018879,"score_regional_gradboost":0.0063805,"score_regional_random_forest":0.0102237,"score_regional_logistic_regression":0.2183165,"score_regional_fuzzy_knn":0.0,"score_regional_xgboost":0.00361},"geometry":{"type":"Polygon","coordinates":[[[-71.0581432,-9.7847265],[-71.0500058,-9.7847757],[-71.0499726,-9.779369],[-71.0581099,-9.7793198],[-71.0581432,-9.7847265]]]}},{"type":"Feature","id":"AC-Y380-X411","properties":{"id":"AC-Y380-X411","grid_x":411,"grid_y":380,"region":"oeste","centroid":[-71.0459205,-9.7820969],"aggregation":"none","score_unico_gradboost":0.0012793,"score_unico_random_forest":0.0699968,"score_unico_logistic_regression":0.1661701,"score_unico_fuzzy_knn":0.0,"score_unico_xgboost":0.0014115,"score_regional_gradboost":0.003338,"score_regional_random_forest":0.0108764,"score_regional_logistic_regression":0.2067196,"score_regional_fuzzy_knn":0.0076455,"score_regional_xgboost":0.0032211},"geometry":{"type":"Polygon","coordinates":[[[-71.0500058,-9.7847757],[-71.0418683,-9.7848247],[-71.0418353,-9.779418],[-71.0499726,-9.779369],[-71.0500058,-9.7847757]]]}},{"type":"Feature","id":"AC-Y380-X412","properties":{"id":"AC-Y380-X412","grid_x":412,"grid_y":380,"region":"oeste","centroid":[-71.0377831,-9.7821458],"aggregation":"none","score_unico_gradboost":0.0012793,"score_unico_random_forest":0.0678133,"score_unico_logistic_regression":0.1875825,"score_unico_fuzzy_knn":0.0,"score_unico_xgboost":0.0014378,"score_regional_gradboost":0.003338,"score_regional_random_forest":0.0119734,"score_regional_logistic_regression":0.2359609,"score_regional_fuzzy_knn":0.0,"score_regional_xgboost":0.0032211},"geometry":{"type":"Polygon","coordinates":[[[-71.0418683,-9.7848247],[-71.0337308,-9.7848735],[-71.0336979,-9.7794668],[-71.0418353,-9.779418],[-71.0418683,-9.7848247]]]}},{"type":"Feature","id":"AC-Y380-X415","properties":{"id":"AC-Y380-X415","grid_x":415,"grid_y":380,"region":"oeste","centroid":[-71.0133707,-9.7822913],"aggregation":"none","score_unico_gradboost":0.0012003,"score_unico_random_forest":0.0609676,"score_unico_logistic_regression":0.2043931,"score_unico_fuzzy_knn":0.0,"score_unico_xgboost":0.0012326,"score_regional_gradboost":0.0018847,"score_regional_random_forest":0.0091479,"score_regional_logistic_regression":0.2658829,"score_regional_fuzzy_knn":0.0,"score_regional_xgboost":0.0031595},"geometry":{"type":"Polygon","coordinates":[[[-71.0174557,-9.7849705],[-71.0093181,-9.7850188],[-71.0092856,-9.7796119],[-71.0174231,-9.7795637],[-71.0174557,-9.7849705]]]}},{"type":"Feature","id":"AC-Y380-X416","properties":{"id":"AC-Y380-X416","grid_x":416,"grid_y":380,"region":"oeste","centroid":[-71.0052331,-9.7823394],"aggregation":"none","score_unico_gradboost":0.0015396,"score_unico_random_forest":0.0744344,"score_unico_logistic_regression":0.2036186,"score_unico_fuzzy_knn":0.0,"score_unico_xgboost":0.0016376,"score_regional_gradboost":0.0019893,"score_regional_random_forest":0.0228687,"score_regional_logistic_regression":0.2737343,"score_regional_fuzzy_knn":0.0,"score_regional_xgboost":0.0050491},"geometry":{"type":"Polygon","coordinates":[[[-71.0093181,-9.7850188],[-71.0011805,-9.7850668],[-71.0011481,-9.7796599],[-71.0092856,-9.7796119],[-71.0093181,-9.7850188]]]}},{"type":"Feature","id":"AC-Y380-X417","properties":{"id":"AC-Y380-X417","grid_x":417,"grid_y":380,"region":"oeste","centroid":[-70.9970955,-9.7823873],"aggregation":"none","score_unico_gradboost":0.0020485,"score_unico_random_forest":0.0683936,"score_unico_logistic_regression":0.2075091,"score_unico_fuzzy_knn":0.0,"score_unico_xgboost":0.00228,"score_regional_gradboost":0.0033649,"score_regional_random_forest":0.0267831,"score_regional_logistic_regression":0.2919478,"score_regional_fuzzy_knn":0.0,"score_regional_xgboost":0.0103055},"geometry":{"type":"Polygon","coordinates":[[[-71.0011805,-9.7850668],[-70.9930428,-9.7851146],[-70.9930105,-9.7797078],[-71.0011481,-9.7796599],[-71.0011805,-9.7850668]]]}},{"type":"Feature","id":"AC-Y380-X418","properties":{"id":"AC-Y380-X418","grid_x":418,"grid_y":380,"region":"oeste","centroid":[-70.9889578,-9.782435],"aggregation":"none","score_unico_gradboost":0.0014711,"score_unico_random_forest":0.0619049,"score_unico_logistic_regression":0.22376,"score_unico_fuzzy_knn":0.0,"score_unico_xgboost":0.0021693,"score_regional_gradboost":0.0038819,"score_regional_random_forest":0.028636,"score_regional_logistic_regression":0.3320152,"score_regional_fuzzy_knn":0.0,"score_regional_xgboost":0.0106759},"geometry":{"type":"Polygon","coordinates":[[[-70.9930428,-9.7851146],[-70.984905,-9.7851623],[-70.9848729,-9.7797554],[-70.9930105,-9.7797078],[-70.9930428,-9.7851146]]]}},{"type":"Feature","id":"AC-Y381-X417","properties":{"id":"AC-Y381-X417","grid_x":417,"grid_y":381,"region":"oeste","centroid":[-70.9970632,-9.7769804],"aggregation":"none","score_unico_gradboost":0.0016271,"score_unico_random_forest":0.0692295,"score_unico_logistic_regression":0.2534958,"score_unico_fuzzy_knn":0.0,"score_unico_xgboost":0.0022015,"score_regional_gradboost":0.0031681,"score_regional_random_forest":0.0262996,"score_regional_logistic_regression":0.344771,"score_regional_fuzzy_knn":0.0,"score_regional_xgboost":0.0096889},"geometry":{"type":"Polygon","coordinates":[[[-71.0011481,-9.7796599],[-70.9930105,-9.7797078],[-70.9929783,-9.7743009],[-71.0011158,-9.7742531],[-71.0011481,-9.7796599]]]}},{"type":"Feature","id":"AC-Y381-X418","properties":{"id":"AC-Y381-X418","grid_x":418,"grid_y":381,"region":"oeste","centroid":[-70.9889257,-9.7770281],"aggregation":"none","score_unico_gradboost":0.0022247,"score_unico_random_forest":0.0655669,"score_unico_logistic_regression":0.213119,"score_unico_fuzzy_knn":0.0,"score_unico_xgboost":0.0025327,"score_regional_gradboost":0.0033789,"score_regional_random_forest":0.0268753,"score_regional_logistic_regression":0.3061945,"score_regional_fuzzy_knn":0.0,"score_regional_xgboost":0.0106759},"geometry":{"type":"Polygon","coordinates":[[[-70.9930105,-9.7797078],[-70.9848729,-9.7797554],[-70.9848409,-9.7743485],[-70.9929783,-9.7743009],[-70.9930105,-9.7797078]]]}},{"type":"Feature","id":"AC-Y382-X418","properties":{"id":"AC-Y382-X418","grid_x":418,"grid_y":382,"region":"oeste","centroid":[-70.9888935,-9.7716213],"aggregation":"none","score_unico_gradboost":0.001952,"score_unico_random_forest":0.0669871,"score_unico_logistic_regression":0.2311986,"score_unico_fuzzy_knn":0.0,"score_unico_xgboost":0.0021776,"score_regional_gradboost":0.003117,"score_regional_random_forest":0.0279072,"score_regional_logistic_regression":0.3280611,"score_regional_fuzzy_knn":0.0,"score_regional_xgboost":0.0106759},"geometry":{"type":"Polygon","coordinates":[[[-70.9929783,-9.7743009],[-70.9848409,-9.7743485],[-70.9848088,-9.7689416],[-70.9929461,-9.768894],[-70.9929783,-9.7743009]]]}},{"type":"Feature","id":"AC-Y382-X419","properties":{"id":"AC-Y382-X419","grid_x":419,"grid_y":382,"region":"oeste","centroid":[-70.9807561,-9.7716687],"aggregation":"none","score_unico_gradboost":0.0025477,"score_unico_random_forest":0.1675514,"score_unico_logistic_regression":0.4620339,"score_unico_fuzzy_knn":0.0633552,"score_unico_xgboost":0.0065439,"score_regional_gradboost":0.0014931,"score_regional_random_forest":0.2474836,"score_regional_logistic_regression":0.6649387,"score_regional_fuzzy_knn":0.1401728,"score_regional_xgboost":0.0032024},"geometry":{"type":"Polygon","coordinates":[[[-70.9848409,-9.7743485],[-70.9767033,-9.7743959],[-70.9766714,-9.7689889],[-70.9848088,-9.7689416],[-70.9848409,-9.7743485]]]}},{"type":"Feature","id":"AC-Y383-X418","properties":{"id":"AC-Y383-X418","grid_x":418,"grid_y":383,"region":"oeste","centroid":[-70.9888614,-9.7662144],"aggregation":"none","score_unico_gradboost":0.0020485,"score_unico_random_forest":0.0733221,"score_unico_logistic_regression":0.2051736,"score_unico_fuzzy_knn":0.0,"score_unico_xgboost":0.0026277,"score_regional_gradboost":0.0033855,"score_regional_random_forest":0.027295,"score_regional_logistic_regression":0.2868781,"score_regional_fuzzy_knn":0.0,"score_regional_xgboost":0.0095921},"geometry":{"type":"Polygon","coordinates":[[[-70.9929461,-9.768894],[-70.9848088,-9.7689416],[-70.9847768,-9.7635347],[-70.992914,-9.7634871],[-70.9929461,-9.768894]]]}},{"type":"Feature","id":"AC-Y383-X419","properties":{"id":"AC-Y383-X419","grid_x":419,"grid_y":383,"region":"oeste","centroid":[-70.9807241,-9.7662618],"aggregation":"none","score_unico_gradboost":0.0014223,"score_unico_random_forest":0.0731586,"score_unico_logistic_regression":0.2749784,"score_unico_fuzzy_knn":0.0,"score_unico_xgboost":0.0020283,"score_regional_gradboost":0.0023685,"score_regional_random_forest":0.028304,"score_regional_logistic_regression":0.4163926,"score_regional_fuzzy_knn":0.0,"score_regional_xgboost":0.0109191},"geometry":{"type":"Polygon","coordinates":[[[-70.9848088,-9.7689416],[-70.9766714,-9.7689889],[-70.9766395,-9.763582],[-70.9847768,-9.7635347],[-70.9848088,-9.7689416]]]}},{"type":"Feature","id":"AC-Y384-X419","properties":{"id":"AC-Y384-X419","grid_x":419,"grid_y":384,"region":"oeste","centroid":[-70.9806922,-9.7608549],"aggregation":"none","score_unico_gradboost":0.0014963,"score_unico_random_forest":0.060752,"score_unico_logistic_regression":0.2412107,"score_unico_fuzzy_knn":0.0,"score_unico_xgboost":0.0021211,"score_regional_gradboost":0.003117,"score_regional_random_forest":0.0264325,"score_regional_logistic_regression":0.3487279,"score_regional_fuzzy_knn":0.0,"score_regional_xgboost":0.0106759},"geometry":{"type":"Polygon","coordinates":[[[-70.9847768,-9.7635347],[-70.9766395,-9.763582],[-70.9766076,-9.7581751],[-70.9847447,-9.7581278],[-70.9847768,-9.7635347]]]}},{"type":"Feature","id":"AC-Y380-X404","properties":{"id":"AC-Y380-X404","grid_x":404,"grid_y":380,"region":"oeste","centroid":[-71.1028811,-9.7817492],"aggregation":"none","score_unico_gradboost":0.001392,"score_unico_random_forest":0.0583071,"score_unico_logistic_regression":0.2333653,"score_unico_fuzzy_knn":0.0,"score_unico_xgboost":0.0017195,"score_regional_gradboost":0.0035195,"score_regional_random_forest":0.0103453,"score_regional_logistic_regression":0.2836496,"score_regional_fuzzy_knn":0.0,"score_regional_xgboost":0.0037005},"geometry":{"type":"Polygon","coordinates":[[[-71.1069666,-9.7844272],[-71.0988295,-9.7844776],[-71.0987956,-9.7790711],[-71.1069326,-9.7790207],[-71.1069666,-9.7844272]]]}},{"type":"Feature","id":"AC-Y380-X405","properties":{"id":"AC-Y380-X405","grid_x":405,"grid_y":380,"region":"oeste","centroid":[-71.094744,-9.7817994],"aggregation":"none","score_unico_gradboost":0.0011678,"score_unico_random_forest":0.0579074,"score_unico_logistic_regression":0.1950517,"score_unico_fuzzy_knn":0.0,"score_unico_xgboost":0.0018604,"score_regional_gradboost":0.0037076,"score_regional_random_forest":0.0074219,"score_regional_logistic_regression":0.2365212,"score_regional_fuzzy_knn":0.0,"score_regional_xgboost":0.0031697},"geometry":{"type":"Polygon","coordinates":[[[-71.0988295,-9.7844776],[-71.0906923,-9.7845277],[-71.0906585,-9.7791212],[-71.0987956,-9.7790711],[-71.0988295,-9.7844776]]]}},{"type":"Feature","id":"AC-Y380-X406","properties":{"id":"AC-Y380-X406","grid_x":406,"grid_y":380,"region":"oeste","centroid":[-71.0866068,-9.7818495],"aggregation":"none","score_unico_gradboost":0.0012283,"score_unico_random_forest":0.0706237,"score_unico_logistic_regression":0.1837317,"score_unico_fuzzy_knn":0.0,"score_unico_xgboost":0.0020822,"score_regional_gradboost":0.0063805,"score_regional_random_forest":0.0101372,"score_regional_logistic_regression":0.2232202,"score_regional_fuzzy_knn":0.0,"score_regional_xgboost":0.00361},"geometry":{"type":"Polygon","coordinates":[[[-71.0906923,-9.7845277],[-71.0825551,-9.7845777],[-71.0825214,-9.7791712],[-71.0906585,-9.7791212],[-71.0906923,-9.7845277]]]}},{"type":"Feature","id":"AC-Y380-X407","properties":{"id":"AC-Y380-X407","grid_x":407,"grid_y":380,"region":"oeste","centroid":[-71.0784697,-9.7818993],"aggregation":"none","score_unico_gradboost":0.001419,"score_unico_random_forest":0.0745643,"score_unico_logistic_regression":0.1759463,"score_unico_fuzzy_knn":0.0,"score_unico_xgboost":0.0020932,"score_regional_gradboost":0.0063805,"score_regional_random_forest":0.0103551,"score_regional_logistic_regression":0.2138116,"score_regional_fuzzy_knn":0.0,"score_regional_xgboost":0.00361},"geometry":{"type":"Polygon","coordinates":[[[-71.0825551,-9.7845777],[-71.0744178,-9.7846275],[-71.0743843,-9.7792209],[-71.0825214,-9.7791712],[-71.0825551,-9.7845777]]]}},{"type":"Feature","id":"AC-Y380-X413","properties":{"id":"AC-Y380-X413","grid_x":413,"grid_y":380,"region":"oeste","centroid":[-71.0296457,-9.7821945],"aggregation":"none","score_unico_gradboost":0.0012704,"score_unico_random_forest":0.0594473,"score_unico_logistic_regression":0.1849187,"score_unico_fuzzy_knn":0.0,"score_unico_xgboost":0.0013997,"score_regional_gradboost":0.003338,"score_regional_random_forest":0.0120401,"score_regional_logistic_regression":0.2341074,"score_regional_fuzzy_knn":0.0,"score_regional_xgboost":0.0032211},"geometry":{"type":"Polygon","coordinates":[[[-71.0337308,-9.7848735],[-71.0255933,-9.7849221],[-71.0255606,-9.7795154],[-71.0336979,-9.7794668],[-71.0337308,-9.7848735]]]}},{"type":"Feature","id":"AC-Y380-X414","properties":{"id":"AC-Y380-X414","grid_x":414,"grid_y":380,"region":"oeste","centroid":[-71.0215082,-9.782243],"aggregation":"none","score_unico_gradboost":0.0012103,"score_unico_random_forest":0.0615663,"score_unico_logistic_regression":0.2354276,"score_unico_fuzzy_knn":0.0,"score_unico_xgboost":0.0011655,"score_regional_gradboost":0.0018105,"score_regional_random_forest":0.0081205,"score_regional_logistic_regression":0.3036599,"score_regional_fuzzy_knn":0.0,"score_regional_xgboost":0.0028281},"geometry":{"type":"Polygon","coordinates":[[[-71.0255933,-9.7849221],[-71.0174557,-9.7849705],[-71.0174231,-9.7795637],[-71.0255606,-9.7795154],[-71.0255933,-9.7849221]]]}},{"type":"Feature","id":"AC-Y381-X404","properties":{"id":"AC-Y381-X404","grid_x":404,"grid_y":381,"region":"oeste","centroid":[-71.1028471,-9.7763427],"aggregation":"none","score_unico_gradboost":0.0011678,"score_unico_random_forest":0.0578375,"score_unico_logistic_regression":0.2091516,"score_unico_fuzzy_knn":0.0,"score_unico_xgboost":0.001782,"score_regional_gradboost":0.0034204,"score_regional_random_forest":0.0066769,"score_regional_logistic_regression":0.2548493,"score_regional_fuzzy_knn":0.0,"score_regional_xgboost":0.0031697},"geometry":{"type":"Polygon","coordinates":[[[-71.1069326,-9.7790207],[-71.0987956,-9.7790711],[-71.0987617,-9.7736646],[-71.1068985,-9.7736142],[-71.1069326,-9.7790207]]]}},{"type":"Feature","id":"AC-Y381-X405","properties":{"id":"AC-Y381-X405","grid_x":405,"grid_y":381,"region":"oeste","centroid":[-71.0947101,-9.7763929],"aggregation":"none","score_unico_gradboost":0.0012616,"score_unico_random_forest":0.0702612,"score_unico_logistic_regression":0.1417033,"score_unico_fuzzy_knn":0.0,"score_unico_xgboost":0.0012508,"score_regional_gradboost":0.0040493,"score_regional_random_forest":0.0103681,"score_regional_logistic_regression":0.1696844,"score_regional_fuzzy_knn":0.0,"score_regional_xgboost":0.0020384},"geometry":{"type":"Polygon","coordinates":[[[-71.0987956,-9.7790711],[-71.0906585,-9.7791212],[-71.0906247,-9.7737147],[-71.0987617,-9.7736646],[-71.0987956,-9.7790711]]]}},{"type":"Feature","id":"AC-Y381-X406","properties":{"id":"AC-Y381-X406","grid_x":406,"grid_y":381,"region":"oeste","centroid":[-71.0865731,-9.7764429],"aggregation":"none","score_unico_gradboost":0.0013303,"score_unico_random_forest":0.0697045,"score_unico_logistic_regression":0.1947124,"score_unico_fuzzy_knn":0.0,"score_unico_xgboost":0.0020271,"score_regional_gradboost":0.0037076,"score_regional_random_forest":0.0092213,"score_regional_logistic_regression":0.2401998,"score_regional_fuzzy_knn":0.0,"score_regional_xgboost":0.0031697},"geometry":{"type":"Polygon","coordinates":[[[-71.0906585,-9.7791212],[-71.0825214,-9.7791712],[-71.0824878,-9.7737646],[-71.0906247,-9.7737147],[-71.0906585,-9.7791212]]]}},{"type":"Feature","id":"AC-Y381-X407","properties":{"id":"AC-Y381-X407","grid_x":407,"grid_y":381,"region":"oeste","centroid":[-71.0784361,-9.7764928],"aggregation":"none","score_unico_gradboost":0.0013029,"score_unico_random_forest":0.072443,"score_unico_logistic_regression":0.1703888,"score_unico_fuzzy_knn":0.0,"score_unico_xgboost":0.0018879,"score_regional_gradboost":0.0063805,"score_regional_random_forest":0.0102237,"score_regional_logistic_regression":0.2093399,"score_regional_fuzzy_knn":0.0,"score_regional_xgboost":0.00361},"geometry":{"type":"Polygon","coordinates":[[[-71.0825214,-9.7791712],[-71.0743843,-9.7792209],[-71.0743508,-9.7738143],[-71.0824878,-9.7737646],[-71.0825214,-9.7791712]]]}},{"type":"Feature","id":"AC-Y381-X408","properties":{"id":"AC-Y381-X408","grid_x":408,"grid_y":381,"region":"oeste","centroid":[-71.070299,-9.7765424],"aggregation":"none","score_unico_gradboost":0.0013029,"score_unico_random_forest":0.072443,"score_unico_logistic_regression":0.173711,"score_unico_fuzzy_knn":0.0,"score_unico_xgboost":0.0018879,"score_regional_gradboost":0.0063805,"score_regional_random_forest":0.0102237,"score_regional_logistic_regression":0.2136525,"score_regional_fuzzy_knn":0.0,"score_regional_xgboost":0.00361},"geometry":{"type":"Polygon","coordinates":[[[-71.0743843,-9.7792209],[-71.0662471,-9.7792705],[-71.0662137,-9.7738638],[-71.0743508,-9.7738143],[-71.0743843,-9.7792209]]]}},{"type":"Feature","id":"AC-Y381-X409","properties":{"id":"AC-Y381-X409","grid_x":409,"grid_y":381,"region":"oeste","centroid":[-71.0621618,-9.7765919],"aggregation":"none","score_unico_gradboost":0.0013029,"score_unico_random_forest":0.0729558,"score_unico_logistic_regression":0.1869263,"score_unico_fuzzy_knn":0.0,"score_unico_xgboost":0.001897,"score_regional_gradboost":0.0063805,"score_regional_random_forest":0.0119448,"score_regional_logistic_regression":0.2307038,"score_regional_fuzzy_knn":0.0,"score_regional_xgboost":0.00361},"geometry":{"type":"Polygon","coordinates":[[[-71.0662471,-9.7792705],[-71.0581099,-9.7793198],[-71.0580766,-9.7739132],[-71.0662137,-9.7738638],[-71.0662471,-9.7792705]]]}},{"type":"Feature","id":"AC-Y381-X410","properties":{"id":"AC-Y381-X410","grid_x":410,"grid_y":381,"region":"oeste","centroid":[-71.0540247,-9.7766411],"aggregation":"none","score_unico_gradboost":0.0013029,"score_unico_random_forest":0.0740592,"score_unico_logistic_regression":0.1824502,"score_unico_fuzzy_knn":0.0,"score_unico_xgboost":0.0019228,"score_regional_gradboost":0.0063805,"score_regional_random_forest":0.0108639,"score_regional_logistic_regression":0.2259758,"score_regional_fuzzy_knn":0.0,"score_regional_xgboost":0.00361},"geometry":{"type":"Polygon","coordinates":[[[-71.0581099,-9.7793198],[-71.0499726,-9.779369],[-71.0499395,-9.7739623],[-71.0580766,-9.7739132],[-71.0581099,-9.7793198]]]}},{"type":"Feature","id":"AC-Y381-X411","properties":{"id":"AC-Y381-X411","grid_x":411,"grid_y":381,"region":"oeste","centroid":[-71.0458874,-9.7766902],"aggregation":"none","score_unico_gradboost":0.0012704,"score_unico_random_forest":0.0604577,"score_unico_logistic_regression":0.1877869,"score_unico_fuzzy_knn":0.0,"score_unico_xgboost":0.0014804,"score_regional_gradboost":0.003338,"score_regional_random_forest":0.0126508,"score_regional_logistic_regression":0.2377579,"score_regional_fuzzy_knn":0.0,"score_regional_xgboost":0.0032211},"geometry":{"type":"Polygon","coordinates":[[[-71.0499726,-9.779369],[-71.0418353,-9.779418],[-71.0418023,-9.7740113],[-71.0499395,-9.7739623],[-71.0499726,-9.779369]]]}},{"type":"Feature","id":"AC-Y381-X412","properties":{"id":"AC-Y381-X412","grid_x":412,"grid_y":381,"region":"oeste","centroid":[-71.0377502,-9.776739],"aggregation":"none","score_unico_gradboost":0.0012704,"score_unico_random_forest":0.0600208,"score_unico_logistic_regression":0.1737085,"score_unico_fuzzy_knn":0.0,"score_unico_xgboost":0.0013886,"score_regional_gradboost":0.003338,"score_regional_random_forest":0.0099827,"score_regional_logistic_regression":0.2206558,"score_regional_fuzzy_knn":0.0,"score_regional_xgboost":0.0032211},"geometry":{"type":"Polygon","coordinates":[[[-71.0418353,-9.779418],[-71.0336979,-9.7794668],[-71.0336651,-9.77406],[-71.0418023,-9.7740113],[-71.0418353,-9.779418]]]}},{"type":"Feature","id":"AC-Y381-X413","properties":{"id":"AC-Y381-X413","grid_x":413,"grid_y":381,"region":"oeste","centroid":[-71.0296129,-9.7767877],"aggregation":"none","score_unico_gradboost":0.0012003,"score_unico_random_forest":0.0579339,"score_unico_logistic_regression":0.1875626,"score_unico_fuzzy_knn":0.0,"score_unico_xgboost":0.0013777,"score_regional_gradboost":0.003338,"score_regional_random_forest":0.0121511,"score_regional_logistic_regression":0.2410861,"score_regional_fuzzy_knn":0.0,"score_regional_xgboost":0.0032211},"geometry":{"type":"Polygon","coordinates":[[[-71.0336979,-9.7794668],[-71.0255606,-9.7795154],[-71.0255278,-9.7741086],[-71.0336651,-9.77406],[-71.0336979,-9.7794668]]]}},{"type":"Feature","id":"AC-Y381-X414","properties":{"id":"AC-Y381-X414","grid_x":414,"grid_y":381,"region":"oeste","centroid":[-71.0214755,-9.7768362],"aggregation":"none","score_unico_gradboost":0.0011947,"score_unico_random_forest":0.0635287,"score_unico_logistic_regression":0.2212448,"score_unico_fuzzy_knn":0.0,"score_unico_xgboost":0.0012829,"score_regional_gradboost":0.0018814,"score_regional_random_forest":0.0086361,"score_regional_logistic_regression":0.2898973,"score_regional_fuzzy_knn":0.0,"score_regional_xgboost":0.0031595},"geometry":{"type":"Polygon","coordinates":[[[-71.0255606,-9.7795154],[-71.0174231,-9.7795637],[-71.0173905,-9.774157],[-71.0255278,-9.7741086],[-71.0255606,-9.7795154]]]}},{"type":"Feature","id":"AC-Y381-X415","properties":{"id":"AC-Y381-X415","grid_x":415,"grid_y":381,"region":"oeste","centroid":[-71.0133381,-9.7768845],"aggregation":"none","score_unico_gradboost":0.0011867,"score_unico_random_forest":0.069928,"score_unico_logistic_regression":0.2278808,"score_unico_fuzzy_knn":0.0,"score_unico_xgboost":0.0012092,"score_regional_gradboost":0.0018286,"score_regional_random_forest":0.0118293,"score_regional_logistic_regression":0.3008619,"score_regional_fuzzy_knn":0.0,"score_regional_xgboost":0.0036102},"geometry":{"type":"Polygon","coordinates":[[[-71.0174231,-9.7795637],[-71.0092856,-9.7796119],[-71.0092532,-9.7742051],[-71.0173905,-9.774157],[-71.0174231,-9.7795637]]]}},{"type":"Feature","id":"AC-Y381-X416","properties":{"id":"AC-Y381-X416","grid_x":416,"grid_y":381,"region":"oeste","centroid":[-71.0052007,-9.7769326],"aggregation":"none","score_unico_gradboost":0.0012008,"score_unico_random_forest":0.0786639,"score_unico_logistic_regression":0.2061975,"score_unico_fuzzy_knn":0.0,"score_unico_xgboost":0.0016243,"score_regional_gradboost":0.0018829,"score_regional_random_forest":0.0223316,"score_regional_logistic_regression":0.2739667,"score_regional_fuzzy_knn":0.0,"score_regional_xgboost":0.0042674},"geometry":{"type":"Polygon","coordinates":[[[-71.0092856,-9.7796119],[-71.0011481,-9.7796599],[-71.0011158,-9.7742531],[-71.0092532,-9.7742051],[-71.0092856,-9.7796119]]]}},{"type":"Feature","id":"AC-Y382-X403","properties":{"id":"AC-Y382-X403","grid_x":403,"grid_y":382,"region":"oeste","centroid":[-71.1109499,-9.7708858],"aggregation":"none","score_unico_gradboost":0.0016217,"score_unico_random_forest":0.0600334,"score_unico_logistic_regression":0.2475972,"score_unico_fuzzy_knn":0.0,"score_unico_xgboost":0.0019708,"score_regional_gradboost":0.0034161,"score_regional_random_forest":0.0152295,"score_regional_logistic_regression":0.3030686,"score_regional_fuzzy_knn":0.0,"score_regional_xgboost":0.004261},"geometry":{"type":"Polygon","coordinates":[[[-71.1150354,-9.7735637],[-71.1068985,-9.7736142],[-71.1068645,-9.7682078],[-71.1150012,-9.7681573],[-71.1150354,-9.7735637]]]}},{"type":"Feature","id":"AC-Y382-X404","properties":{"id":"AC-Y382-X404","grid_x":404,"grid_y":382,"region":"oeste","centroid":[-71.1028131,-9.7709362],"aggregation":"none","score_unico_gradboost":0.001543,"score_unico_random_forest":0.0749678,"score_unico_logistic_regression":0.2134476,"score_unico_fuzzy_knn":0.0,"score_unico_xgboost":0.0021521,"score_regional_gradboost":0.0034204,"score_regional_random_forest":0.0087911,"score_regional_logistic_regression":0.2625278,"score_regional_fuzzy_knn":0.0,"score_regional_xgboost":0.0031697},"geometry":{"type":"Polygon","coordinates":[[[-71.1068985,-9.7736142],[-71.0987617,-9.7736646],[-71.0987278,-9.768258],[-71.1068645,-9.7682078],[-71.1068985,-9.7736142]]]}},{"type":"Feature","id":"AC-Y382-X405","properties":{"id":"AC-Y382-X405","grid_x":405,"grid_y":382,"region":"oeste","centroid":[-71.0946763,-9.7709864],"aggregation":"none","score_unico_gradboost":0.0013029,"score_unico_random_forest":0.0727014,"score_unico_logistic_regression":0.1699645,"score_unico_fuzzy_knn":0.0,"score_unico_xgboost":0.0019103,"score_regional_gradboost":0.0063805,"score_regional_random_forest":0.0108477,"score_regional_logistic_regression":0.2087109,"score_regional_fuzzy_knn":0.0,"score_regional_xgboost":0.00361},"geometry":{"type":"Polygon","coordinates":[[[-71.0987617,-9.7736646],[-71.0906247,-9.7737147],[-71.090591,-9.7683081],[-71.0987278,-9.768258],[-71.0987617,-9.7736646]]]}},{"type":"Feature","id":"AC-Y382-X406","properties":{"id":"AC-Y382-X406","grid_x":406,"grid_y":382,"region":"oeste","centroid":[-71.0865394,-9.7710364],"aggregation":"none","score_unico_gradboost":0.0012938,"score_unico_random_forest":0.0712197,"score_unico_logistic_regression":0.1938879,"score_unico_fuzzy_knn":0.0,"score_unico_xgboost":0.0020231,"score_regional_gradboost":0.0037076,"score_regional_random_forest":0.0123391,"score_regional_logistic_regression":0.2423112,"score_regional_fuzzy_knn":0.0,"score_regional_xgboost":0.0031697},"geometry":{"type":"Polygon","coordinates":[[[-71.0906247,-9.7737147],[-71.0824878,-9.7737646],[-71.0824541,-9.768358],[-71.090591,-9.7683081],[-71.0906247,-9.7737147]]]}},{"type":"Feature","id":"AC-Y382-X407","properties":{"id":"AC-Y382-X407","grid_x":407,"grid_y":382,"region":"oeste","centroid":[-71.0784025,-9.7710862],"aggregation":"none","score_unico_gradboost":0.0012938,"score_unico_random_forest":0.064999,"score_unico_logistic_regression":0.2033117,"score_unico_fuzzy_knn":0.0,"score_unico_xgboost":0.0017265,"score_regional_gradboost":0.0037076,"score_regional_random_forest":0.0079512,"score_regional_logistic_regression":0.2560466,"score_regional_fuzzy_knn":0.0,"score_regional_xgboost":0.0031697},"geometry":{"type":"Polygon","coordinates":[[[-71.0824878,-9.7737646],[-71.0743508,-9.7738143],[-71.0743173,-9.7684077],[-71.0824541,-9.768358],[-71.0824878,-9.7737646]]]}},{"type":"Feature","id":"AC-Y382-X408","properties":{"id":"AC-Y382-X408","grid_x":408,"grid_y":382,"region":"oeste","centroid":[-71.0702655,-9.7711358],"aggregation":"none","score_unico_gradboost":0.0012938,"score_unico_random_forest":0.064999,"score_unico_logistic_regression":0.2017105,"score_unico_fuzzy_knn":0.0,"score_unico_xgboost":0.0017265,"score_regional_gradboost":0.0037076,"score_regional_random_forest":0.0079512,"score_regional_logistic_regression":0.2539102,"score_regional_fuzzy_knn":0.0,"score_regional_xgboost":0.0031697},"geometry":{"type":"Polygon","coordinates":[[[-71.0743508,-9.7738143],[-71.0662137,-9.7738638],[-71.0661803,-9.7684572],[-71.0743173,-9.7684077],[-71.0743508,-9.7738143]]]}},{"type":"Feature","id":"AC-Y382-X409","properties":{"id":"AC-Y382-X409","grid_x":409,"grid_y":382,"region":"oeste","centroid":[-71.0621285,-9.7711852],"aggregation":"none","score_unico_gradboost":0.0008986,"score_unico_random_forest":0.0671895,"score_unico_logistic_regression":0.1578513,"score_unico_fuzzy_knn":0.0,"score_unico_xgboost":0.0010619,"score_regional_gradboost":0.0040493,"score_regional_random_forest":0.0093719,"score_regional_logistic_regression":0.1956738,"score_regional_fuzzy_knn":0.0074916,"score_regional_xgboost":0.0020384},"geometry":{"type":"Polygon","coordinates":[[[-71.0662137,-9.7738638],[-71.0580766,-9.7739132],[-71.0580434,-9.7685065],[-71.0661803,-9.7684572],[-71.0662137,-9.7738638]]]}},{"type":"Feature","id":"AC-Y382-X410","properties":{"id":"AC-Y382-X410","grid_x":410,"grid_y":382,"region":"oeste","centroid":[-71.0539915,-9.7712344],"aggregation":"none","score_unico_gradboost":0.0012938,"score_unico_random_forest":0.064718,"score_unico_logistic_regression":0.1834447,"score_unico_fuzzy_knn":0.0,"score_unico_xgboost":0.0018369,"score_regional_gradboost":0.0063805,"score_regional_random_forest":0.0097938,"score_regional_logistic_regression":0.2307771,"score_regional_fuzzy_knn":0.0,"score_regional_xgboost":0.00361},"geometry":{"type":"Polygon","coordinates":[[[-71.0580766,-9.7739132],[-71.0499395,-9.7739623],[-71.0499064,-9.7685556],[-71.0580434,-9.7685065],[-71.0580766,-9.7739132]]]}},{"type":"Feature","id":"AC-Y382-X411","properties":{"id":"AC-Y382-X411","grid_x":411,"grid_y":382,"region":"oeste","centroid":[-71.0458544,-9.7712835],"aggregation":"none","score_unico_gradboost":0.0012003,"score_unico_random_forest":0.060054,"score_unico_logistic_regression":0.192298,"score_unico_fuzzy_knn":0.0,"score_unico_xgboost":0.0013777,"score_regional_gradboost":0.003338,"score_regional_random_forest":0.012523,"score_regional_logistic_regression":0.2476733,"score_regional_fuzzy_knn":0.0,"score_regional_xgboost":0.0032211},"geometry":{"type":"Polygon","coordinates":[[[-71.0499395,-9.7739623],[-71.0418023,-9.7740113],[-71.0417693,-9.7686046],[-71.0499064,-9.7685556],[-71.0499395,-9.7739623]]]}},{"type":"Feature","id":"AC-Y382-X412","properties":{"id":"AC-Y382-X412","grid_x":412,"grid_y":382,"region":"oeste","centroid":[-71.0377172,-9.7713323],"aggregation":"none","score_unico_gradboost":0.0012003,"score_unico_random_forest":0.0605183,"score_unico_logistic_regression":0.1983652,"score_unico_fuzzy_knn":0.0,"score_unico_xgboost":0.0012349,"score_regional_gradboost":0.0018847,"score_regional_random_forest":0.0102206,"score_regional_logistic_regression":0.2579996,"score_regional_fuzzy_knn":0.0,"score_regional_xgboost":0.0031595},"geometry":{"type":"Polygon","coordinates":[[[-71.0418023,-9.7740113],[-71.0336651,-9.77406],[-71.0336322,-9.7686533],[-71.0417693,-9.7686046],[-71.0418023,-9.7740113]]]}},{"type":"Feature","id":"AC-Y382-X413","properties":{"id":"AC-Y382-X413","grid_x":413,"grid_y":382,"region":"oeste","centroid":[-71.0295801,-9.771381],"aggregation":"none","score_unico_gradboost":0.0011755,"score_unico_random_forest":0.0622466,"score_unico_logistic_regression":0.2098334,"score_unico_fuzzy_knn":0.0,"score_unico_xgboost":0.0013721,"score_regional_gradboost":0.0020397,"score_regional_random_forest":0.0092873,"score_regional_logistic_regression":0.2749947,"score_regional_fuzzy_knn":0.0,"score_regional_xgboost":0.0031595},"geometry":{"type":"Polygon","coordinates":[[[-71.0336651,-9.77406],[-71.0255278,-9.7741086],[-71.0254951,-9.7687018],[-71.0336322,-9.7686533],[-71.0336651,-9.77406]]]}},{"type":"Feature","id":"AC-Y382-X414","properties":{"id":"AC-Y382-X414","grid_x":414,"grid_y":382,"region":"oeste","centroid":[-71.0214428,-9.7714294],"aggregation":"none","score_unico_gradboost":0.0012008,"score_unico_random_forest":0.0664211,"score_unico_logistic_regression":0.1903106,"score_unico_fuzzy_knn":0.0,"score_unico_xgboost":0.0015761,"score_regional_gradboost":0.0027364,"score_regional_random_forest":0.0247892,"score_regional_logistic_regression":0.2537428,"score_regional_fuzzy_knn":0.0076263,"score_regional_xgboost":0.0048595},"geometry":{"type":"Polygon","coordinates":[[[-71.0255278,-9.7741086],[-71.0173905,-9.774157],[-71.0173579,-9.7687502],[-71.0254951,-9.7687018],[-71.0255278,-9.7741086]]]}},{"type":"Feature","id":"AC-Y382-X415","properties":{"id":"AC-Y382-X415","grid_x":415,"grid_y":382,"region":"oeste","centroid":[-71.0133056,-9.7714777],"aggregation":"none","score_unico_gradboost":0.001645,"score_unico_random_forest":0.0716789,"score_unico_logistic_regression":0.2092337,"score_unico_fuzzy_knn":0.0,"score_unico_xgboost":0.0023175,"score_regional_gradboost":0.0033375,"score_regional_random_forest":0.0252632,"score_regional_logistic_regression":0.28322,"score_regional_fuzzy_knn":0.0,"score_regional_xgboost":0.0083061},"geometry":{"type":"Polygon","coordinates":[[[-71.0173905,-9.774157],[-71.0092532,-9.7742051],[-71.0092207,-9.7687983],[-71.0173579,-9.7687502],[-71.0173905,-9.774157]]]}},{"type":"Feature","id":"AC-Y382-X416","properties":{"id":"AC-Y382-X416","grid_x":416,"grid_y":382,"region":"oeste","centroid":[-71.0051683,-9.7715257],"aggregation":"none","score_unico_gradboost":0.0016387,"score_unico_random_forest":0.0706972,"score_unico_logistic_regression":0.2413001,"score_unico_fuzzy_knn":0.0,"score_unico_xgboost":0.0021651,"score_regional_gradboost":0.0031644,"score_regional_random_forest":0.0259079,"score_regional_logistic_regression":0.3300927,"score_regional_fuzzy_knn":0.0,"score_regional_xgboost":0.0095921},"geometry":{"type":"Polygon","coordinates":[[[-71.0092532,-9.7742051],[-71.0011158,-9.7742531],[-71.0010834,-9.7688463],[-71.0092207,-9.7687983],[-71.0092532,-9.7742051]]]}},{"type":"Feature","id":"AC-Y382-X417","properties":{"id":"AC-Y382-X417","grid_x":417,"grid_y":382,"region":"oeste","centroid":[-70.9970309,-9.7715736],"aggregation":"none","score_unico_gradboost":0.001748,"score_unico_random_forest":0.0722915,"score_unico_logistic_regression":0.2274281,"score_unico_fuzzy_knn":0.0,"score_unico_xgboost":0.0025717,"score_regional_gradboost":0.0031232,"score_regional_random_forest":0.0253179,"score_regional_logistic_regression":0.3106589,"score_regional_fuzzy_knn":0.0,"score_regional_xgboost":0.0083061},"geometry":{"type":"Polygon","coordinates":[[[-71.0011158,-9.7742531],[-70.9929783,-9.7743009],[-70.9929461,-9.768894],[-71.0010834,-9.7688463],[-71.0011158,-9.7742531]]]}},{"type":"Feature","id":"AC-Y383-X403","properties":{"id":"AC-Y383-X403","grid_x":403,"grid_y":383,"region":"oeste","centroid":[-71.1109158,-9.7654793],"aggregation":"none","score_unico_gradboost":0.0015764,"score_unico_random_forest":0.075682,"score_unico_logistic_regression":0.2585639,"score_unico_fuzzy_knn":0.0,"score_unico_xgboost":0.0023566,"score_regional_gradboost":0.0030982,"score_regional_random_forest":0.0175488,"score_regional_logistic_regression":0.3187622,"score_regional_fuzzy_knn":0.0,"score_regional_xgboost":0.004261},"geometry":{"type":"Polygon","coordinates":[[[-71.1150012,-9.7681573],[-71.1068645,-9.7682078],[-71.1068305,-9.7628013],[-71.1149671,-9.7627508],[-71.1150012,-9.7681573]]]}},{"type":"Feature","id":"AC-Y383-X404","properties":{"id":"AC-Y383-X404","grid_x":404,"grid_y":383,"region":"oeste","centroid":[-71.1027792,-9.7655297],"aggregation":"none","score_unico_gradboost":0.0013303,"score_unico_random_forest":0.0693189,"score_unico_logistic_regression":0.2030817,"score_unico_fuzzy_knn":0.0,"score_unico_xgboost":0.0021175,"score_regional_gradboost":0.0037076,"score_regional_random_forest":0.008684,"score_regional_logistic_regression":0.2512615,"score_regional_fuzzy_knn":0.0,"score_regional_xgboost":0.0031697},"geometry":{"type":"Polygon","coordinates":[[[-71.1068645,-9.7682078],[-71.0987278,-9.768258],[-71.0986939,-9.7628515],[-71.1068305,-9.7628013],[-71.1068645,-9.7682078]]]}},{"type":"Feature","id":"AC-Y383-X405","properties":{"id":"AC-Y383-X405","grid_x":405,"grid_y":383,"region":"oeste","centroid":[-71.0946425,-9.7655798],"aggregation":"none","score_unico_gradboost":0.0008986,"score_unico_random_forest":0.0666744,"score_unico_logistic_regression":0.149821,"score_unico_fuzzy_knn":0.0,"score_unico_xgboost":0.0011767,"score_regional_gradboost":0.0040493,"score_regional_random_forest":0.0103157,"score_regional_logistic_regression":0.184628,"score_regional_fuzzy_knn":0.0,"score_regional_xgboost":0.0020384},"geometry":{"type":"Polygon","coordinates":[[[-71.0987278,-9.768258],[-71.090591,-9.7683081],[-71.0905572,-9.7629016],[-71.0986939,-9.7628515],[-71.0987278,-9.768258]]]}},{"type":"Feature","id":"AC-Y383-X406","properties":{"id":"AC-Y383-X406","grid_x":406,"grid_y":383,"region":"oeste","centroid":[-71.0865057,-9.7656298],"aggregation":"none","score_unico_gradboost":0.0012938,"score_unico_random_forest":0.064718,"score_unico_logistic_regression":0.1797603,"score_unico_fuzzy_knn":0.0,"score_unico_xgboost":0.0018785,"score_regional_gradboost":0.0063805,"score_regional_random_forest":0.0102249,"score_regional_logistic_regression":0.2272177,"score_regional_fuzzy_knn":0.0,"score_regional_xgboost":0.00361},"geometry":{"type":"Polygon","coordinates":[[[-71.090591,-9.7683081],[-71.0824541,-9.768358],[-71.0824205,-9.7629515],[-71.0905572,-9.7629016],[-71.090591,-9.7683081]]]}},{"type":"Feature","id":"AC-Y383-X407","properties":{"id":"AC-Y383-X407","grid_x":407,"grid_y":383,"region":"oeste","centroid":[-71.0783689,-9.7656796],"aggregation":"none","score_unico_gradboost":0.0012224,"score_unico_random_forest":0.0639764,"score_unico_logistic_regression":0.2137633,"score_unico_fuzzy_knn":0.0,"score_unico_xgboost":0.0017556,"score_regional_gradboost":0.0033278,"score_regional_random_forest":0.0076128,"score_regional_logistic_regression":0.2743844,"score_regional_fuzzy_knn":0.0,"score_regional_xgboost":0.0031697},"geometry":{"type":"Polygon","coordinates":[[[-71.0824541,-9.768358],[-71.0743173,-9.7684077],[-71.0742838,-9.7630011],[-71.0824205,-9.7629515],[-71.0824541,-9.768358]]]}},{"type":"Feature","id":"AC-Y383-X408","properties":{"id":"AC-Y383-X408","grid_x":408,"grid_y":383,"region":"oeste","centroid":[-71.0702321,-9.7657292],"aggregation":"none","score_unico_gradboost":0.0012224,"score_unico_random_forest":0.0636413,"score_unico_logistic_regression":0.2102622,"score_unico_fuzzy_knn":0.0,"score_unico_xgboost":0.0019665,"score_regional_gradboost":0.0036073,"score_regional_random_forest":0.0076128,"score_regional_logistic_regression":0.2697374,"score_regional_fuzzy_knn":0.0,"score_regional_xgboost":0.0031697},"geometry":{"type":"Polygon","coordinates":[[[-71.0743173,-9.7684077],[-71.0661803,-9.7684572],[-71.066147,-9.7630506],[-71.0742838,-9.7630011],[-71.0743173,-9.7684077]]]}},{"type":"Feature","id":"AC-Y383-X409","properties":{"id":"AC-Y383-X409","grid_x":409,"grid_y":383,"region":"oeste","centroid":[-71.0620952,-9.7657786],"aggregation":"none","score_unico_gradboost":0.0012224,"score_unico_random_forest":0.0639764,"score_unico_logistic_regression":0.21405,"score_unico_fuzzy_knn":0.0,"score_unico_xgboost":0.0017569,"score_regional_gradboost":0.0033278,"score_regional_random_forest":0.0076128,"score_regional_logistic_regression":0.274348,"score_regional_fuzzy_knn":0.0,"score_regional_xgboost":0.0031697},"geometry":{"type":"Polygon","coordinates":[[[-71.0661803,-9.7684572],[-71.0580434,-9.7685065],[-71.0580102,-9.7630999],[-71.066147,-9.7630506],[-71.0661803,-9.7684572]]]}},{"type":"Feature","id":"AC-Y383-X410","properties":{"id":"AC-Y383-X410","grid_x":410,"grid_y":383,"region":"oeste","centroid":[-71.0539583,-9.7658278],"aggregation":"none","score_unico_gradboost":0.0012168,"score_unico_random_forest":0.0727374,"score_unico_logistic_regression":0.1780571,"score_unico_fuzzy_knn":0.0,"score_unico_xgboost":0.0016304,"score_regional_gradboost":0.0052384,"score_regional_random_forest":0.0106198,"score_regional_logistic_regression":0.2277327,"score_regional_fuzzy_knn":0.0,"score_regional_xgboost":0.0040327},"geometry":{"type":"Polygon","coordinates":[[[-71.0580434,-9.7685065],[-71.0499064,-9.7685557],[-71.0498733,-9.763149],[-71.0580102,-9.7630999],[-71.0580434,-9.7685065]]]}},{"type":"Feature","id":"AC-Y383-X411","properties":{"id":"AC-Y383-X411","grid_x":411,"grid_y":383,"region":"oeste","centroid":[-71.0458213,-9.7658768],"aggregation":"none","score_unico_gradboost":0.0011755,"score_unico_random_forest":0.0651119,"score_unico_logistic_regression":0.1818962,"score_unico_fuzzy_knn":0.0,"score_unico_xgboost":0.0013396,"score_regional_gradboost":0.0028809,"score_regional_random_forest":0.0143179,"score_regional_logistic_regression":0.2385525,"score_regional_fuzzy_knn":0.0075794,"score_regional_xgboost":0.0041115},"geometry":{"type":"Polygon","coordinates":[[[-71.0499064,-9.7685557],[-71.0417693,-9.7686046],[-71.0417364,-9.7631979],[-71.0498733,-9.763149],[-71.0499064,-9.7685557]]]}},{"type":"Feature","id":"AC-Y383-X412","properties":{"id":"AC-Y383-X412","grid_x":412,"grid_y":383,"region":"oeste","centroid":[-71.0376843,-9.7659256],"aggregation":"none","score_unico_gradboost":0.0012008,"score_unico_random_forest":0.0808153,"score_unico_logistic_regression":0.2052553,"score_unico_fuzzy_knn":0.0,"score_unico_xgboost":0.0016106,"score_regional_gradboost":0.0019824,"score_regional_random_forest":0.0203491,"score_regional_logistic_regression":0.2727568,"score_regional_fuzzy_knn":0.0,"score_regional_xgboost":0.0036102},"geometry":{"type":"Polygon","coordinates":[[[-71.0417693,-9.7686046],[-71.0336322,-9.7686533],[-71.0335994,-9.7632466],[-71.0417364,-9.7631979],[-71.0417693,-9.7686046]]]}},{"type":"Feature","id":"AC-Y383-X413","properties":{"id":"AC-Y383-X413","grid_x":413,"grid_y":383,"region":"oeste","centroid":[-71.0295473,-9.7659742],"aggregation":"none","score_unico_gradboost":0.0015396,"score_unico_random_forest":0.0774492,"score_unico_logistic_regression":0.2062559,"score_unico_fuzzy_knn":0.0,"score_unico_xgboost":0.0016767,"score_regional_gradboost":0.0019893,"score_regional_random_forest":0.0235458,"score_regional_logistic_regression":0.2768449,"score_regional_fuzzy_knn":0.0,"score_regional_xgboost":0.0050491},"geometry":{"type":"Polygon","coordinates":[[[-71.0336322,-9.7686533],[-71.0254951,-9.7687018],[-71.0254624,-9.7632951],[-71.0335994,-9.7632466],[-71.0336322,-9.7686533]]]}},{"type":"Feature","id":"AC-Y383-X414","properties":{"id":"AC-Y383-X414","grid_x":414,"grid_y":383,"region":"oeste","centroid":[-71.0214102,-9.7660226],"aggregation":"none","score_unico_gradboost":0.001748,"score_unico_random_forest":0.0715842,"score_unico_logistic_regression":0.2272103,"score_unico_fuzzy_knn":0.0,"score_unico_xgboost":0.0024636,"score_regional_gradboost":0.0031232,"score_regional_random_forest":0.0260822,"score_regional_logistic_regression":0.312155,"score_regional_fuzzy_knn":0.0,"score_regional_xgboost":0.0095921},"geometry":{"type":"Polygon","coordinates":[[[-71.0254951,-9.7687018],[-71.0173579,-9.7687502],[-71.0173254,-9.7633434],[-71.0254624,-9.7632951],[-71.0254951,-9.7687018]]]}},{"type":"Feature","id":"AC-Y383-X415","properties":{"id":"AC-Y383-X415","grid_x":415,"grid_y":383,"region":"oeste","centroid":[-71.0132731,-9.7660709],"aggregation":"none","score_unico_gradboost":0.0018022,"score_unico_random_forest":0.0701484,"score_unico_logistic_regression":0.253952,"score_unico_fuzzy_knn":0.0,"score_unico_xgboost":0.002078,"score_regional_gradboost":0.0031941,"score_regional_random_forest":0.0312781,"score_regional_logistic_regression":0.356169,"score_regional_fuzzy_knn":0.0,"score_regional_xgboost":0.0120172},"geometry":{"type":"Polygon","coordinates":[[[-71.0173579,-9.7687502],[-71.0092207,-9.7687983],[-71.0091883,-9.7633915],[-71.0173254,-9.7633434],[-71.0173579,-9.7687502]]]}},{"type":"Feature","id":"AC-Y383-X416","properties":{"id":"AC-Y383-X416","grid_x":416,"grid_y":383,"region":"oeste","centroid":[-71.0051359,-9.7661189],"aggregation":"none","score_unico_gradboost":0.0020061,"score_unico_random_forest":0.0662937,"score_unico_logistic_regression":0.2312833,"score_unico_fuzzy_knn":0.0,"score_unico_xgboost":0.0023037,"score_regional_gradboost":0.003117,"score_regional_random_forest":0.0284721,"score_regional_logistic_regression":0.3303194,"score_regional_fuzzy_knn":0.0,"score_regional_xgboost":0.0106759},"geometry":{"type":"Polygon","coordinates":[[[-71.0092207,-9.7687983],[-71.0010834,-9.7688463],[-71.0010511,-9.7634394],[-71.0091883,-9.7633915],[-71.0092207,-9.7687983]]]}},{"type":"Feature","id":"AC-Y383-X417","properties":{"id":"AC-Y383-X417","grid_x":417,"grid_y":383,"region":"oeste","centroid":[-70.9969987,-9.7661667],"aggregation":"none","score_unico_gradboost":0.0020654,"score_unico_random_forest":0.0679167,"score_unico_logistic_regression":0.2099048,"score_unico_fuzzy_knn":0.0,"score_unico_xgboost":0.0021089,"score_regional_gradboost":0.0033789,"score_regional_random_forest":0.0278013,"score_regional_logistic_regression":0.2980953,"score_regional_fuzzy_knn":0.0,"score_regional_xgboost":0.0106759},"geometry":{"type":"Polygon","coordinates":[[[-71.0010834,-9.7688463],[-70.9929461,-9.768894],[-70.992914,-9.7634871],[-71.0010511,-9.7634394],[-71.0010834,-9.7688463]]]}},{"type":"Feature","id":"AC-Y384-X403","properties":{"id":"AC-Y384-X403","grid_x":403,"grid_y":384,"region":"oeste","centroid":[-71.1108818,-9.7600728],"aggregation":"none","score_unico_gradboost":0.001419,"score_unico_random_forest":0.0748188,"score_unico_logistic_regression":0.1849043,"score_unico_fuzzy_knn":0.0,"score_unico_xgboost":0.002172,"score_regional_gradboost":0.0063805,"score_regional_random_forest":0.0114522,"score_regional_logistic_regression":0.2256852,"score_regional_fuzzy_knn":0.0,"score_regional_xgboost":0.00361},"geometry":{"type":"Polygon","coordinates":[[[-71.1149671,-9.7627508],[-71.1068305,-9.7628013],[-71.1067965,-9.7573948],[-71.1149329,-9.7573444],[-71.1149671,-9.7627508]]]}},{"type":"Feature","id":"AC-Y384-X404","properties":{"id":"AC-Y384-X404","grid_x":404,"grid_y":384,"region":"oeste","centroid":[-71.1027452,-9.7601232],"aggregation":"none","score_unico_gradboost":0.001564,"score_unico_random_forest":0.0745793,"score_unico_logistic_regression":0.229975,"score_unico_fuzzy_knn":0.0,"score_unico_xgboost":0.0017442,"score_regional_gradboost":0.0034656,"score_regional_random_forest":0.0087679,"score_regional_logistic_regression":0.2883307,"score_regional_fuzzy_knn":0.0,"score_regional_xgboost":0.0031697},"geometry":{"type":"Polygon","coordinates":[[[-71.1068305,-9.7628013],[-71.0986939,-9.7628515],[-71.09866,-9.757445],[-71.1067965,-9.7573948],[-71.1068305,-9.7628013]]]}},{"type":"Feature","id":"AC-Y384-X405","properties":{"id":"AC-Y384-X405","grid_x":405,"grid_y":384,"region":"oeste","centroid":[-71.0946087,-9.7601733],"aggregation":"none","score_unico_gradboost":0.0012938,"score_unico_random_forest":0.0680605,"score_unico_logistic_regression":0.1621918,"score_unico_fuzzy_knn":0.0,"score_unico_xgboost":0.0018783,"score_regional_gradboost":0.004162,"score_regional_random_forest":0.0087447,"score_regional_logistic_regression":0.2035641,"score_regional_fuzzy_knn":0.0,"score_regional_xgboost":0.0033714},"geometry":{"type":"Polygon","coordinates":[[[-71.0986939,-9.7628515],[-71.0905572,-9.7629016],[-71.0905235,-9.757495],[-71.09866,-9.757445],[-71.0986939,-9.7628515]]]}},{"type":"Feature","id":"AC-Y384-X406","properties":{"id":"AC-Y384-X406","grid_x":406,"grid_y":384,"region":"oeste","centroid":[-71.086472,-9.7602233],"aggregation":"none","score_unico_gradboost":0.0011972,"score_unico_random_forest":0.0716966,"score_unico_logistic_regression":0.1650702,"score_unico_fuzzy_knn":0.0,"score_unico_xgboost":0.0017041,"score_regional_gradboost":0.0036961,"score_regional_random_forest":0.0088535,"score_regional_logistic_regression":0.211457,"score_regional_fuzzy_knn":0.0,"score_regional_xgboost":0.0037662},"geometry":{"type":"Polygon","coordinates":[[[-71.0905572,-9.7629016],[-71.0824205,-9.7629515],[-71.0823869,-9.7575449],[-71.0905235,-9.757495],[-71.0905572,-9.7629016]]]}},{"type":"Feature","id":"AC-Y384-X407","properties":{"id":"AC-Y384-X407","grid_x":407,"grid_y":384,"region":"oeste","centroid":[-71.0783354,-9.760273],"aggregation":"none","score_unico_gradboost":0.0012687,"score_unico_random_forest":0.0838129,"score_unico_logistic_regression":0.2008335,"score_unico_fuzzy_knn":0.0,"score_unico_xgboost":0.0019664,"score_regional_gradboost":0.003794,"score_regional_random_forest":0.0169579,"score_regional_logistic_regression":0.26281,"score_regional_fuzzy_knn":0.0,"score_regional_xgboost":0.0040459},"geometry":{"type":"Polygon","coordinates":[[[-71.0824205,-9.7629515],[-71.0742838,-9.7630011],[-71.0742503,-9.7575945],[-71.0823869,-9.7575449],[-71.0824205,-9.7629515]]]}},{"type":"Feature","id":"AC-Y384-X408","properties":{"id":"AC-Y384-X408","grid_x":408,"grid_y":384,"region":"oeste","centroid":[-71.0701987,-9.7603226],"aggregation":"none","score_unico_gradboost":0.0012687,"score_unico_random_forest":0.0844297,"score_unico_logistic_regression":0.2156653,"score_unico_fuzzy_knn":0.0,"score_unico_xgboost":0.0019334,"score_regional_gradboost":0.0035001,"score_regional_random_forest":0.0195178,"score_regional_logistic_regression":0.2828148,"score_regional_fuzzy_knn":0.0,"score_regional_xgboost":0.0040459},"geometry":{"type":"Polygon","coordinates":[[[-71.0742838,-9.7630011],[-71.066147,-9.7630506],[-71.0661137,-9.757644],[-71.0742503,-9.7575945],[-71.0742838,-9.7630011]]]}},{"type":"Feature","id":"AC-Y384-X409","properties":{"id":"AC-Y384-X409","grid_x":409,"grid_y":384,"region":"oeste","centroid":[-71.0620619,-9.7603719],"aggregation":"none","score_unico_gradboost":0.0012687,"score_unico_random_forest":0.0790227,"score_unico_logistic_regression":0.183853,"score_unico_fuzzy_knn":0.0,"score_unico_xgboost":0.0018228,"score_regional_gradboost":0.0055091,"score_regional_random_forest":0.0148094,"score_regional_logistic_regression":0.2393217,"score_regional_fuzzy_knn":0.0,"score_regional_xgboost":0.0046074},"geometry":{"type":"Polygon","coordinates":[[[-71.066147,-9.7630506],[-71.0580102,-9.7630999],[-71.057977,-9.7576932],[-71.0661137,-9.757644],[-71.066147,-9.7630506]]]}},{"type":"Feature","id":"AC-Y384-X410","properties":{"id":"AC-Y384-X410","grid_x":410,"grid_y":384,"region":"oeste","centroid":[-71.0539252,-9.7604211],"aggregation":"none","score_unico_gradboost":0.0012229,"score_unico_random_forest":0.076744,"score_unico_logistic_regression":0.1895395,"score_unico_fuzzy_knn":0.0,"score_unico_xgboost":0.0021715,"score_regional_gradboost":0.0052334,"score_regional_random_forest":0.0235898,"score_regional_logistic_regression":0.2485804,"score_regional_fuzzy_knn":0.0,"score_regional_xgboost":0.0054451},"geometry":{"type":"Polygon","coordinates":[[[-71.0580102,-9.7630999],[-71.0498733,-9.763149],[-71.0498402,-9.7577423],[-71.057977,-9.7576932],[-71.0580102,-9.7630999]]]}},{"type":"Feature","id":"AC-Y384-X411","properties":{"id":"AC-Y384-X411","grid_x":411,"grid_y":384,"region":"oeste","centroid":[-71.0457883,-9.7604701],"aggregation":"none","score_unico_gradboost":0.0015392,"score_unico_random_forest":0.0767857,"score_unico_logistic_regression":0.1771326,"score_unico_fuzzy_knn":0.0,"score_unico_xgboost":0.0017247,"score_regional_gradboost":0.0031742,"score_regional_random_forest":0.0258117,"score_regional_logistic_regression":0.2383038,"score_regional_fuzzy_knn":0.007834,"score_regional_xgboost":0.0077902},"geometry":{"type":"Polygon","coordinates":[[[-71.0498733,-9.763149],[-71.0417364,-9.7631979],[-71.0417034,-9.7577912],[-71.0498402,-9.7577423],[-71.0498733,-9.763149]]]}},{"type":"Feature","id":"AC-Y384-X412","properties":{"id":"AC-Y384-X412","grid_x":412,"grid_y":384,"region":"oeste","centroid":[-71.0376514,-9.7605189],"aggregation":"none","score_unico_gradboost":0.0017363,"score_unico_random_forest":0.0722915,"score_unico_logistic_regression":0.2281957,"score_unico_fuzzy_knn":0.0,"score_unico_xgboost":0.0024982,"score_regional_gradboost":0.0030788,"score_regional_random_forest":0.0253179,"score_regional_logistic_regression":0.3119617,"score_regional_fuzzy_knn":0.0,"score_regional_xgboost":0.0083061},"geometry":{"type":"Polygon","coordinates":[[[-71.0417364,-9.7631979],[-71.0335994,-9.7632466],[-71.0335666,-9.7578398],[-71.0417034,-9.7577912],[-71.0417364,-9.7631979]]]}},{"type":"Feature","id":"AC-Y384-X413","properties":{"id":"AC-Y384-X413","grid_x":413,"grid_y":384,"region":"oeste","centroid":[-71.0295145,-9.7605675],"aggregation":"none","score_unico_gradboost":0.0017369,"score_unico_random_forest":0.0769334,"score_unico_logistic_regression":0.2259753,"score_unico_fuzzy_knn":0.0,"score_unico_xgboost":0.0029013,"score_regional_gradboost":0.0031232,"score_regional_random_forest":0.028076,"score_regional_logistic_regression":0.3139068,"score_regional_fuzzy_knn":0.0,"score_regional_xgboost":0.0095921},"geometry":{"type":"Polygon","coordinates":[[[-71.0335994,-9.7632466],[-71.0254624,-9.7632951],[-71.0254297,-9.7578883],[-71.0335666,-9.7578398],[-71.0335994,-9.7632466]]]}},{"type":"Feature","id":"AC-Y384-X414","properties":{"id":"AC-Y384-X414","grid_x":414,"grid_y":384,"region":"oeste","centroid":[-71.0213776,-9.7606159],"aggregation":"none","score_unico_gradboost":0.001817,"score_unico_random_forest":0.0683742,"score_unico_logistic_regression":0.2461598,"score_unico_fuzzy_knn":0.0,"score_unico_xgboost":0.0019282,"score_regional_gradboost":0.0031582,"score_regional_random_forest":0.0313926,"score_regional_logistic_regression":0.3484273,"score_regional_fuzzy_knn":0.0,"score_regional_xgboost":0.0116693},"geometry":{"type":"Polygon","coordinates":[[[-71.0254624,-9.7632951],[-71.0173254,-9.7633434],[-71.0172928,-9.7579366],[-71.0254297,-9.7578883],[-71.0254624,-9.7632951]]]}},{"type":"Feature","id":"AC-Y384-X415","properties":{"id":"AC-Y384-X415","grid_x":415,"grid_y":384,"region":"oeste","centroid":[-71.0132406,-9.7606641],"aggregation":"none","score_unico_gradboost":0.0015266,"score_unico_random_forest":0.0726608,"score_unico_logistic_regression":0.2655632,"score_unico_fuzzy_knn":0.0,"score_unico_xgboost":0.00187,"score_regional_gradboost":0.0024053,"score_regional_random_forest":0.0305976,"score_regional_logistic_regression":0.3974358,"score_regional_fuzzy_knn":0.0,"score_regional_xgboost":0.0133333},"geometry":{"type":"Polygon","coordinates":[[[-71.0173254,-9.7633434],[-71.0091883,-9.7633915],[-71.0091559,-9.7579847],[-71.0172928,-9.7579366],[-71.0173254,-9.7633434]]]}},{"type":"Feature","id":"AC-Y384-X416","properties":{"id":"AC-Y384-X416","grid_x":416,"grid_y":384,"region":"oeste","centroid":[-71.0051035,-9.7607121],"aggregation":"none","score_unico_gradboost":0.0012857,"score_unico_random_forest":0.0669939,"score_unico_logistic_regression":0.2615157,"score_unico_fuzzy_knn":0.0,"score_unico_xgboost":0.0022042,"score_regional_gradboost":0.0024467,"score_regional_random_forest":0.0283626,"score_regional_logistic_regression":0.4068033,"score_regional_fuzzy_knn":0.0,"score_regional_xgboost":0.0101927},"geometry":{"type":"Polygon","coordinates":[[[-71.0091883,-9.7633915],[-71.0010511,-9.7634394],[-71.0010189,-9.7580326],[-71.0091559,-9.7579847],[-71.0091883,-9.7633915]]]}},{"type":"Feature","id":"AC-Y384-X417","properties":{"id":"AC-Y384-X417","grid_x":417,"grid_y":384,"region":"oeste","centroid":[-70.9969664,-9.7607599],"aggregation":"none","score_unico_gradboost":0.0014711,"score_unico_random_forest":0.0619049,"score_unico_logistic_regression":0.223776,"score_unico_fuzzy_knn":0.0,"score_unico_xgboost":0.002194,"score_regional_gradboost":0.0038819,"score_regional_random_forest":0.0290163,"score_regional_logistic_regression":0.3340053,"score_regional_fuzzy_knn":0.0,"score_regional_xgboost":0.0106759},"geometry":{"type":"Polygon","coordinates":[[[-71.0010511,-9.7634394],[-70.992914,-9.7634871],[-70.9928818,-9.7580803],[-71.0010189,-9.7580326],[-71.0010511,-9.7634394]]]}},{"type":"Feature","id":"AC-Y384-X418","properties":{"id":"AC-Y384-X418","grid_x":418,"grid_y":384,"region":"oeste","centroid":[-70.9888293,-9.7608075],"aggregation":"none","score_unico_gradboost":0.0017686,"score_unico_random_forest":0.0621585,"score_unico_logistic_regression":0.2094511,"score_unico_fuzzy_knn":0.0,"score_unico_xgboost":0.0022302,"score_regional_gradboost":0.0033789,"score_regional_random_forest":0.0263266,"score_regional_logistic_regression":0.3018849,"score_regional_fuzzy_knn":0.0,"score_regional_xgboost":0.0106759},"geometry":{"type":"Polygon","coordinates":[[[-70.992914,-9.7634871],[-70.9847768,-9.7635347],[-70.9847447,-9.7581278],[-70.9928818,-9.7580803],[-70.992914,-9.7634871]]]}},{"type":"Feature","id":"AC-Y385-X403","properties":{"id":"AC-Y385-X403","grid_x":403,"grid_y":385,"region":"oeste","centroid":[-71.1108477,-9.7546664],"aggregation":"none","score_unico_gradboost":0.001419,"score_unico_random_forest":0.0688332,"score_unico_logistic_regression":0.1818657,"score_unico_fuzzy_knn":0.0,"score_unico_xgboost":0.002089,"score_regional_gradboost":0.0063805,"score_regional_random_forest":0.0098019,"score_regional_logistic_regression":0.2228461,"score_regional_fuzzy_knn":0.0,"score_regional_xgboost":0.00361},"geometry":{"type":"Polygon","coordinates":[[[-71.1149329,-9.7573444],[-71.1067965,-9.7573948],[-71.1067625,-9.7519883],[-71.1148988,-9.7519379],[-71.1149329,-9.7573444]]]}},{"type":"Feature","id":"AC-Y385-X404","properties":{"id":"AC-Y385-X404","grid_x":404,"grid_y":385,"region":"oeste","centroid":[-71.1027113,-9.7547167],"aggregation":"none","score_unico_gradboost":0.0013975,"score_unico_random_forest":0.0673585,"score_unico_logistic_regression":0.2227421,"score_unico_fuzzy_knn":0.0,"score_unico_xgboost":0.0016547,"score_regional_gradboost":0.0034204,"score_regional_random_forest":0.0078196,"score_regional_logistic_regression":0.2808845,"score_regional_fuzzy_knn":0.0,"score_regional_xgboost":0.0031697},"geometry":{"type":"Polygon","coordinates":[[[-71.1067965,-9.7573948],[-71.09866,-9.757445],[-71.0986262,-9.7520385],[-71.1067625,-9.7519883],[-71.1067965,-9.7573948]]]}},{"type":"Feature","id":"AC-Y385-X405","properties":{"id":"AC-Y385-X405","grid_x":405,"grid_y":385,"region":"oeste","centroid":[-71.0945749,-9.7547668],"aggregation":"none","score_unico_gradboost":0.0012224,"score_unico_random_forest":0.0674664,"score_unico_logistic_regression":0.2079165,"score_unico_fuzzy_knn":0.0,"score_unico_xgboost":0.0016846,"score_regional_gradboost":0.0036073,"score_regional_random_forest":0.0081781,"score_regional_logistic_regression":0.2673705,"score_regional_fuzzy_knn":0.0,"score_regional_xgboost":0.0032636},"geometry":{"type":"Polygon","coordinates":[[[-71.09866,-9.757445],[-71.0905235,-9.757495],[-71.0904898,-9.7520885],[-71.0986262,-9.7520385],[-71.09866,-9.757445]]]}},{"type":"Feature","id":"AC-Y385-X406","properties":{"id":"AC-Y385-X406","grid_x":406,"grid_y":385,"region":"oeste","centroid":[-71.0864384,-9.7548167],"aggregation":"none","score_unico_gradboost":0.0012229,"score_unico_random_forest":0.0730939,"score_unico_logistic_regression":0.1725529,"score_unico_fuzzy_knn":0.0,"score_unico_xgboost":0.0020401,"score_regional_gradboost":0.0052334,"score_regional_random_forest":0.0239586,"score_regional_logistic_regression":0.2261506,"score_regional_fuzzy_knn":0.0,"score_regional_xgboost":0.0054451},"geometry":{"type":"Polygon","coordinates":[[[-71.0905235,-9.757495],[-71.0823869,-9.7575449],[-71.0823533,-9.7521383],[-71.0904898,-9.7520885],[-71.0905235,-9.757495]]]}},{"type":"Feature","id":"AC-Y385-X407","properties":{"id":"AC-Y385-X407","grid_x":407,"grid_y":385,"region":"oeste","centroid":[-71.0783019,-9.7548664],"aggregation":"none","score_unico_gradboost":0.0018836,"score_unico_random_forest":0.0822804,"score_unico_logistic_regression":0.1679312,"score_unico_fuzzy_knn":0.0,"score_unico_xgboost":0.0033426,"score_regional_gradboost":0.0050618,"score_regional_random_forest":0.0264827,"score_regional_logistic_regression":0.2248536,"score_regional_fuzzy_knn":0.0,"score_regional_xgboost":0.0098914},"geometry":{"type":"Polygon","coordinates":[[[-71.0823869,-9.7575449],[-71.0742503,-9.7575945],[-71.0742169,-9.7521879],[-71.0823533,-9.7521383],[-71.0823869,-9.7575449]]]}},{"type":"Feature","id":"AC-Y385-X408","properties":{"id":"AC-Y385-X408","grid_x":408,"grid_y":385,"region":"oeste","centroid":[-71.0701653,-9.754916],"aggregation":"none","score_unico_gradboost":0.0017051,"score_unico_random_forest":0.079622,"score_unico_logistic_regression":0.2314887,"score_unico_fuzzy_knn":0.0,"score_unico_xgboost":0.0033057,"score_regional_gradboost":0.0058864,"score_regional_random_forest":0.0249757,"score_regional_logistic_regression":0.3123115,"score_regional_fuzzy_knn":0.0,"score_regional_xgboost":0.0093032},"geometry":{"type":"Polygon","coordinates":[[[-71.0742503,-9.7575945],[-71.0661137,-9.757644],[-71.0660803,-9.7522373],[-71.0742169,-9.7521879],[-71.0742503,-9.7575945]]]}},{"type":"Feature","id":"AC-Y385-X409","properties":{"id":"AC-Y385-X409","grid_x":409,"grid_y":385,"region":"oeste","centroid":[-71.0620287,-9.7549653],"aggregation":"none","score_unico_gradboost":0.0017517,"score_unico_random_forest":0.0801204,"score_unico_logistic_regression":0.1858031,"score_unico_fuzzy_knn":0.0,"score_unico_xgboost":0.0033429,"score_regional_gradboost":0.0077561,"score_regional_random_forest":0.0270978,"score_regional_logistic_regression":0.2488991,"score_regional_fuzzy_knn":0.0,"score_regional_xgboost":0.0105865},"geometry":{"type":"Polygon","coordinates":[[[-71.0661137,-9.757644],[-71.057977,-9.7576932],[-71.0579438,-9.7522866],[-71.0660803,-9.7522373],[-71.0661137,-9.757644]]]}},{"type":"Feature","id":"AC-Y385-X410","properties":{"id":"AC-Y385-X410","grid_x":410,"grid_y":385,"region":"oeste","centroid":[-71.053892,-9.7550144],"aggregation":"none","score_unico_gradboost":0.0021026,"score_unico_random_forest":0.0814201,"score_unico_logistic_regression":0.240388,"score_unico_fuzzy_knn":0.0,"score_unico_xgboost":0.0035289,"score_regional_gradboost":0.0060497,"score_regional_random_forest":0.0266332,"score_regional_logistic_regression":0.3258806,"score_regional_fuzzy_knn":0.0,"score_regional_xgboost":0.0107419},"geometry":{"type":"Polygon","coordinates":[[[-71.057977,-9.7576932],[-71.0498402,-9.7577423],[-71.0498072,-9.7523356],[-71.0579438,-9.7522866],[-71.057977,-9.7576932]]]}},{"type":"Feature","id":"AC-Y385-X411","properties":{"id":"AC-Y385-X411","grid_x":411,"grid_y":385,"region":"oeste","centroid":[-71.0457553,-9.7550634],"aggregation":"none","score_unico_gradboost":0.0020882,"score_unico_random_forest":0.078228,"score_unico_logistic_regression":0.182899,"score_unico_fuzzy_knn":0.0,"score_unico_xgboost":0.0026542,"score_regional_gradboost":0.0041189,"score_regional_random_forest":0.0312602,"score_regional_logistic_regression":0.2554467,"score_regional_fuzzy_knn":0.0078658,"score_regional_xgboost":0.0109149},"geometry":{"type":"Polygon","coordinates":[[[-71.0498402,-9.7577423],[-71.0417034,-9.7577912],[-71.0416705,-9.7523844],[-71.0498072,-9.7523356],[-71.0498402,-9.7577423]]]}},{"type":"Feature","id":"AC-Y385-X412","properties":{"id":"AC-Y385-X412","grid_x":412,"grid_y":385,"region":"oeste","centroid":[-71.0376186,-9.7551122],"aggregation":"none","score_unico_gradboost":0.0021226,"score_unico_random_forest":0.0722867,"score_unico_logistic_regression":0.1846796,"score_unico_fuzzy_knn":0.0,"score_unico_xgboost":0.0021302,"score_regional_gradboost":0.0041107,"score_regional_random_forest":0.0304131,"score_regional_logistic_regression":0.2637254,"score_regional_fuzzy_knn":0.0079653,"score_regional_xgboost":0.0121463},"geometry":{"type":"Polygon","coordinates":[[[-71.0417034,-9.7577912],[-71.0335666,-9.7578398],[-71.0335338,-9.7524331],[-71.0416705,-9.7523844],[-71.0417034,-9.7577912]]]}},{"type":"Feature","id":"AC-Y385-X413","properties":{"id":"AC-Y385-X413","grid_x":413,"grid_y":385,"region":"oeste","centroid":[-71.0294818,-9.7551607],"aggregation":"none","score_unico_gradboost":0.0017211,"score_unico_random_forest":0.0675285,"score_unico_logistic_regression":0.2664029,"score_unico_fuzzy_knn":0.0,"score_unico_xgboost":0.0019438,"score_regional_gradboost":0.0026751,"score_regional_random_forest":0.0278092,"score_regional_logistic_regression":0.3885989,"score_regional_fuzzy_knn":0.0,"score_regional_xgboost":0.0133333},"geometry":{"type":"Polygon","coordinates":[[[-71.0335666,-9.7578398],[-71.0254297,-9.7578883],[-71.0253971,-9.7524815],[-71.0335338,-9.7524331],[-71.0335666,-9.7578398]]]}},{"type":"Feature","id":"AC-Y385-X414","properties":{"id":"AC-Y385-X414","grid_x":414,"grid_y":385,"region":"oeste","centroid":[-71.021345,-9.7552091],"aggregation":"none","score_unico_gradboost":0.0014876,"score_unico_random_forest":0.0627116,"score_unico_logistic_regression":0.2312643,"score_unico_fuzzy_knn":0.0,"score_unico_xgboost":0.0021564,"score_regional_gradboost":0.0035812,"score_regional_random_forest":0.0292956,"score_regional_logistic_regression":0.3462537,"score_regional_fuzzy_knn":0.0,"score_regional_xgboost":0.0106759},"geometry":{"type":"Polygon","coordinates":[[[-71.0254297,-9.7578883],[-71.0172928,-9.7579366],[-71.0172603,-9.7525298],[-71.0253971,-9.7524815],[-71.0254297,-9.7578883]]]}},{"type":"Feature","id":"AC-Y385-X415","properties":{"id":"AC-Y385-X415","grid_x":415,"grid_y":385,"region":"oeste","centroid":[-71.0132081,-9.7552573],"aggregation":"none","score_unico_gradboost":0.0013565,"score_unico_random_forest":0.0777767,"score_unico_logistic_regression":0.2810231,"score_unico_fuzzy_knn":0.0,"score_unico_xgboost":0.002348,"score_regional_gradboost":0.0020154,"score_regional_random_forest":0.0306836,"score_regional_logistic_regression":0.4417815,"score_regional_fuzzy_knn":0.0,"score_regional_xgboost":0.0066992},"geometry":{"type":"Polygon","coordinates":[[[-71.0172928,-9.7579366],[-71.0091559,-9.7579847],[-71.0091235,-9.7525779],[-71.0172603,-9.7525298],[-71.0172928,-9.7579366]]]}},{"type":"Feature","id":"AC-Y385-X416","properties":{"id":"AC-Y385-X416","grid_x":416,"grid_y":385,"region":"oeste","centroid":[-71.0050712,-9.7553052],"aggregation":"none","score_unico_gradboost":0.00173,"score_unico_random_forest":0.090261,"score_unico_logistic_regression":0.2942776,"score_unico_fuzzy_knn":0.0,"score_unico_xgboost":0.0021536,"score_regional_gradboost":0.0020154,"score_regional_random_forest":0.042485,"score_regional_logistic_regression":0.4575579,"score_regional_fuzzy_knn":0.0,"score_regional_xgboost":0.0066992},"geometry":{"type":"Polygon","coordinates":[[[-71.0091559,-9.7579847],[-71.0010189,-9.7580326],[-71.0009866,-9.7526257],[-71.0091235,-9.7525779],[-71.0091559,-9.7579847]]]}},{"type":"Feature","id":"AC-Y385-X417","properties":{"id":"AC-Y385-X417","grid_x":417,"grid_y":385,"region":"oeste","centroid":[-70.9969342,-9.755353],"aggregation":"none","score_unico_gradboost":0.0021651,"score_unico_random_forest":0.0856477,"score_unico_logistic_regression":0.3252173,"score_unico_fuzzy_knn":0.0,"score_unico_xgboost":0.0030326,"score_regional_gradboost":0.0016036,"score_regional_random_forest":0.0594944,"score_regional_logistic_regression":0.5746307,"score_regional_fuzzy_knn":0.0,"score_regional_xgboost":0.0081953},"geometry":{"type":"Polygon","coordinates":[[[-71.0010189,-9.7580326],[-70.9928818,-9.7580803],[-70.9928497,-9.7526734],[-71.0009866,-9.7526257],[-71.0010189,-9.7580326]]]}},{"type":"Feature","id":"AC-Y385-X418","properties":{"id":"AC-Y385-X418","grid_x":418,"grid_y":385,"region":"oeste","centroid":[-70.9887972,-9.7554006],"aggregation":"none","score_unico_gradboost":0.0011741,"score_unico_random_forest":0.0870317,"score_unico_logistic_regression":0.2918671,"score_unico_fuzzy_knn":0.0,"score_unico_xgboost":0.0022102,"score_regional_gradboost":0.0020154,"score_regional_random_forest":0.0415912,"score_regional_logistic_regression":0.4599076,"score_regional_fuzzy_knn":0.0,"score_regional_xgboost":0.0066992},"geometry":{"type":"Polygon","coordinates":[[[-70.9928818,-9.7580803],[-70.9847447,-9.7581278],[-70.9847127,-9.7527209],[-70.9928497,-9.7526734],[-70.9928818,-9.7580803]]]}},{"type":"Feature","id":"AC-Y385-X419","properties":{"id":"AC-Y385-X419","grid_x":419,"grid_y":385,"region":"oeste","centroid":[-70.9806602,-9.755448],"aggregation":"none","score_unico_gradboost":0.0018798,"score_unico_random_forest":0.07573,"score_unico_logistic_regression":0.312377,"score_unico_fuzzy_knn":0.0,"score_unico_xgboost":0.0028842,"score_regional_gradboost":0.0016324,"score_regional_random_forest":0.0685471,"score_regional_logistic_regression":0.4921815,"score_regional_fuzzy_knn":0.0,"score_regional_xgboost":0.0087674},"geometry":{"type":"Polygon","coordinates":[[[-70.9847447,-9.7581278],[-70.9766076,-9.7581751],[-70.9765757,-9.7527682],[-70.9847127,-9.7527209],[-70.9847447,-9.7581278]]]}},{"type":"Feature","id":"AC-Y385-X420","properties":{"id":"AC-Y385-X420","grid_x":420,"grid_y":385,"region":"oeste","centroid":[-70.9725231,-9.7554952],"aggregation":"none","score_unico_gradboost":0.0018798,"score_unico_random_forest":0.0751827,"score_unico_logistic_regression":0.3092698,"score_unico_fuzzy_knn":0.0,"score_unico_xgboost":0.0030637,"score_regional_gradboost":0.0016324,"score_regional_random_forest":0.0681531,"score_regional_logistic_regression":0.4848464,"score_regional_fuzzy_knn":0.0,"score_regional_xgboost":0.0087674},"geometry":{"type":"Polygon","coordinates":[[[-70.9766076,-9.7581751],[-70.9684704,-9.7582222],[-70.9684387,-9.7528153],[-70.9765757,-9.7527682],[-70.9766076,-9.7581751]]]}},{"type":"Feature","id":"AC-Y386-X402","properties":{"id":"AC-Y386-X402","grid_x":402,"grid_y":386,"region":"oeste","centroid":[-71.1189499,-9.7492094],"aggregation":"none","score_unico_gradboost":0.0011721,"score_unico_random_forest":0.0538489,"score_unico_logistic_regression":0.1789576,"score_unico_fuzzy_knn":0.0,"score_unico_xgboost":0.0016073,"score_regional_gradboost":0.003338,"score_regional_random_forest":0.0093201,"score_regional_logistic_regression":0.2199745,"score_regional_fuzzy_knn":0.0,"score_regional_xgboost":0.0032211},"geometry":{"type":"Polygon","coordinates":[[[-71.1230351,-9.7518873],[-71.1148988,-9.7519379],[-71.1148648,-9.7465315],[-71.1230009,-9.7464809],[-71.1230351,-9.7518873]]]}},{"type":"Feature","id":"AC-Y386-X403","properties":{"id":"AC-Y386-X403","grid_x":403,"grid_y":386,"region":"oeste","centroid":[-71.1108137,-9.7492599],"aggregation":"none","score_unico_gradboost":0.0014219,"score_unico_random_forest":0.0654769,"score_unico_logistic_regression":0.2098519,"score_unico_fuzzy_knn":0.0,"score_unico_xgboost":0.0018213,"score_regional_gradboost":0.0017869,"score_regional_random_forest":0.0082819,"score_regional_logistic_regression":0.2645422,"score_regional_fuzzy_knn":0.0,"score_regional_xgboost":0.0028281},"geometry":{"type":"Polygon","coordinates":[[[-71.1148988,-9.7519379],[-71.1067625,-9.7519883],[-71.1067286,-9.7465818],[-71.1148648,-9.7465315],[-71.1148988,-9.7519379]]]}},{"type":"Feature","id":"AC-Y386-X404","properties":{"id":"AC-Y386-X404","grid_x":404,"grid_y":386,"region":"oeste","centroid":[-71.1026774,-9.7493102],"aggregation":"none","score_unico_gradboost":0.0012718,"score_unico_random_forest":0.0613812,"score_unico_logistic_regression":0.1738407,"score_unico_fuzzy_knn":0.0,"score_unico_xgboost":0.0016297,"score_regional_gradboost":0.003338,"score_regional_random_forest":0.0099527,"score_regional_logistic_regression":0.2217867,"score_regional_fuzzy_knn":0.0,"score_regional_xgboost":0.0032211},"geometry":{"type":"Polygon","coordinates":[[[-71.1067625,-9.7519883],[-71.0986262,-9.7520385],[-71.0985924,-9.746632],[-71.1067286,-9.7465818],[-71.1067625,-9.7519883]]]}},{"type":"Feature","id":"AC-Y386-X405","properties":{"id":"AC-Y386-X405","grid_x":405,"grid_y":386,"region":"oeste","centroid":[-71.0945411,-9.7493603],"aggregation":"none","score_unico_gradboost":0.0011769,"score_unico_random_forest":0.0634399,"score_unico_logistic_regression":0.1807385,"score_unico_fuzzy_knn":0.0,"score_unico_xgboost":0.0015624,"score_regional_gradboost":0.0029227,"score_regional_random_forest":0.0135256,"score_regional_logistic_regression":0.237504,"score_regional_fuzzy_knn":0.0,"score_regional_xgboost":0.0041115},"geometry":{"type":"Polygon","coordinates":[[[-71.0986262,-9.7520385],[-71.0904898,-9.7520885],[-71.0904561,-9.746682],[-71.0985924,-9.746632],[-71.0986262,-9.7520385]]]}},{"type":"Feature","id":"AC-Y386-X406","properties":{"id":"AC-Y386-X406","grid_x":406,"grid_y":386,"region":"oeste","centroid":[-71.0864048,-9.7494101],"aggregation":"none","score_unico_gradboost":0.0018516,"score_unico_random_forest":0.0674314,"score_unico_logistic_regression":0.1954639,"score_unico_fuzzy_knn":0.0,"score_unico_xgboost":0.0028098,"score_regional_gradboost":0.0033375,"score_regional_random_forest":0.0251307,"score_regional_logistic_regression":0.2671662,"score_regional_fuzzy_knn":0.0,"score_regional_xgboost":0.0083061},"geometry":{"type":"Polygon","coordinates":[[[-71.0904898,-9.7520885],[-71.0823533,-9.7521383],[-71.0823198,-9.7467317],[-71.0904561,-9.746682],[-71.0904898,-9.7520885]]]}},{"type":"Feature","id":"AC-Y386-X407","properties":{"id":"AC-Y386-X407","grid_x":407,"grid_y":386,"region":"oeste","centroid":[-71.0782684,-9.7494598],"aggregation":"none","score_unico_gradboost":0.0021066,"score_unico_random_forest":0.0641689,"score_unico_logistic_regression":0.2008185,"score_unico_fuzzy_knn":0.0,"score_unico_xgboost":0.0025119,"score_regional_gradboost":0.0033789,"score_regional_random_forest":0.0273977,"score_regional_logistic_regression":0.2867203,"score_regional_fuzzy_knn":0.0,"score_regional_xgboost":0.0106759},"geometry":{"type":"Polygon","coordinates":[[[-71.0823533,-9.7521383],[-71.0742169,-9.7521879],[-71.0741834,-9.7467813],[-71.0823198,-9.7467317],[-71.0823533,-9.7521383]]]}},{"type":"Feature","id":"AC-Y386-X408","properties":{"id":"AC-Y386-X408","grid_x":408,"grid_y":386,"region":"oeste","centroid":[-71.0701319,-9.7495093],"aggregation":"none","score_unico_gradboost":0.0021285,"score_unico_random_forest":0.064779,"score_unico_logistic_regression":0.187224,"score_unico_fuzzy_knn":0.0,"score_unico_xgboost":0.0025197,"score_regional_gradboost":0.0041107,"score_regional_random_forest":0.0299297,"score_regional_logistic_regression":0.2675276,"score_regional_fuzzy_knn":0.0,"score_regional_xgboost":0.0121463},"geometry":{"type":"Polygon","coordinates":[[[-71.0742169,-9.7521879],[-71.0660803,-9.7522373],[-71.066047,-9.7468307],[-71.0741834,-9.7467813],[-71.0742169,-9.7521879]]]}},{"type":"Feature","id":"AC-Y386-X409","properties":{"id":"AC-Y386-X409","grid_x":409,"grid_y":386,"region":"oeste","centroid":[-71.0619954,-9.7495587],"aggregation":"none","score_unico_gradboost":0.0020894,"score_unico_random_forest":0.0634401,"score_unico_logistic_regression":0.2153163,"score_unico_fuzzy_knn":0.0,"score_unico_xgboost":0.0026978,"score_regional_gradboost":0.0033789,"score_regional_random_forest":0.0280136,"score_regional_logistic_regression":0.3054227,"score_regional_fuzzy_knn":0.0,"score_regional_xgboost":0.0106759},"geometry":{"type":"Polygon","coordinates":[[[-71.0660803,-9.7522373],[-71.0579438,-9.7522866],[-71.0579106,-9.7468799],[-71.066047,-9.7468307],[-71.0660803,-9.7522373]]]}},{"type":"Feature","id":"AC-Y386-X410","properties":{"id":"AC-Y386-X410","grid_x":410,"grid_y":386,"region":"oeste","centroid":[-71.0538589,-9.7496078],"aggregation":"none","score_unico_gradboost":0.002165,"score_unico_random_forest":0.0647461,"score_unico_logistic_regression":0.1864823,"score_unico_fuzzy_knn":0.0,"score_unico_xgboost":0.0025696,"score_regional_gradboost":0.0041107,"score_regional_random_forest":0.0299297,"score_regional_logistic_regression":0.2685273,"score_regional_fuzzy_knn":0.0,"score_regional_xgboost":0.0121463},"geometry":{"type":"Polygon","coordinates":[[[-71.0579438,-9.7522866],[-71.0498072,-9.7523356],[-71.0497741,-9.7469289],[-71.0579106,-9.7468799],[-71.0579438,-9.7522866]]]}},{"type":"Feature","id":"AC-Y386-X411","properties":{"id":"AC-Y386-X411","grid_x":411,"grid_y":386,"region":"oeste","centroid":[-71.0457223,-9.7496567],"aggregation":"none","score_unico_gradboost":0.0010874,"score_unico_random_forest":0.060752,"score_unico_logistic_regression":0.2307944,"score_unico_fuzzy_knn":0.0,"score_unico_xgboost":0.0020322,"score_regional_gradboost":0.0035812,"score_regional_random_forest":0.0285398,"score_regional_logistic_regression":0.3474626,"score_regional_fuzzy_knn":0.0,"score_regional_xgboost":0.0106759},"geometry":{"type":"Polygon","coordinates":[[[-71.0498072,-9.7523356],[-71.0416705,-9.7523844],[-71.0416376,-9.7469777],[-71.0497741,-9.7469289],[-71.0498072,-9.7523356]]]}},{"type":"Feature","id":"AC-Y386-X412","properties":{"id":"AC-Y386-X412","grid_x":412,"grid_y":386,"region":"oeste","centroid":[-71.0375857,-9.7497054],"aggregation":"none","score_unico_gradboost":0.0010972,"score_unico_random_forest":0.0654669,"score_unico_logistic_regression":0.2244748,"score_unico_fuzzy_knn":0.0,"score_unico_xgboost":0.0023749,"score_regional_gradboost":0.0025777,"score_regional_random_forest":0.0274724,"score_regional_logistic_regression":0.3570435,"score_regional_fuzzy_knn":0.0,"score_regional_xgboost":0.0087386},"geometry":{"type":"Polygon","coordinates":[[[-71.0416705,-9.7523844],[-71.0335338,-9.7524331],[-71.033501,-9.7470263],[-71.0416376,-9.7469777],[-71.0416705,-9.7523844]]]}},{"type":"Feature","id":"AC-Y386-X413","properties":{"id":"AC-Y386-X413","grid_x":413,"grid_y":386,"region":"oeste","centroid":[-71.0294491,-9.749754],"aggregation":"none","score_unico_gradboost":0.0010615,"score_unico_random_forest":0.0814078,"score_unico_logistic_regression":0.3112283,"score_unico_fuzzy_knn":0.0,"score_unico_xgboost":0.0022361,"score_regional_gradboost":0.0019798,"score_regional_random_forest":0.0316111,"score_regional_logistic_regression":0.5933597,"score_regional_fuzzy_knn":0.0,"score_regional_xgboost":0.006499},"geometry":{"type":"Polygon","coordinates":[[[-71.0335338,-9.7524331],[-71.0253971,-9.7524815],[-71.0253644,-9.7470748],[-71.033501,-9.7470263],[-71.0335338,-9.7524331]]]}},{"type":"Feature","id":"AC-Y386-X414","properties":{"id":"AC-Y386-X414","grid_x":414,"grid_y":386,"region":"oeste","centroid":[-71.0213124,-9.7498023],"aggregation":"none","score_unico_gradboost":0.0009458,"score_unico_random_forest":0.0680869,"score_unico_logistic_regression":0.2632865,"score_unico_fuzzy_knn":0.0,"score_unico_xgboost":0.0020107,"score_regional_gradboost":0.0020774,"score_regional_random_forest":0.0299165,"score_regional_logistic_regression":0.4416256,"score_regional_fuzzy_knn":0.0,"score_regional_xgboost":0.006165},"geometry":{"type":"Polygon","coordinates":[[[-71.0253971,-9.7524815],[-71.0172603,-9.7525298],[-71.0172278,-9.747123],[-71.0253644,-9.7470748],[-71.0253971,-9.7524815]]]}},{"type":"Feature","id":"AC-Y386-X415","properties":{"id":"AC-Y386-X415","grid_x":415,"grid_y":386,"region":"oeste","centroid":[-71.0131756,-9.7498504],"aggregation":"none","score_unico_gradboost":0.0010122,"score_unico_random_forest":0.0625999,"score_unico_logistic_regression":0.2499338,"score_unico_fuzzy_knn":0.0,"score_unico_xgboost":0.0017622,"score_regional_gradboost":0.003685,"score_regional_random_forest":0.0299177,"score_regional_logistic_regression":0.3746104,"score_regional_fuzzy_knn":0.0,"score_regional_xgboost":0.0124483},"geometry":{"type":"Polygon","coordinates":[[[-71.0172603,-9.7525298],[-71.0091235,-9.7525779],[-71.0090911,-9.747171],[-71.0172278,-9.747123],[-71.0172603,-9.7525298]]]}},{"type":"Feature","id":"AC-Y386-X416","properties":{"id":"AC-Y386-X416","grid_x":416,"grid_y":386,"region":"oeste","centroid":[-71.0050389,-9.7498984],"aggregation":"none","score_unico_gradboost":0.0014048,"score_unico_random_forest":0.0662937,"score_unico_logistic_regression":0.2364679,"score_unico_fuzzy_knn":0.0,"score_unico_xgboost":0.0021047,"score_regional_gradboost":0.003117,"score_regional_random_forest":0.0284721,"score_regional_logistic_regression":0.3435412,"score_regional_fuzzy_knn":0.0,"score_regional_xgboost":0.0106759},"geometry":{"type":"Polygon","coordinates":[[[-71.0091235,-9.7525779],[-71.0009866,-9.7526257],[-71.0009543,-9.7472189],[-71.0090911,-9.747171],[-71.0091235,-9.7525779]]]}},{"type":"Feature","id":"AC-Y386-X417","properties":{"id":"AC-Y386-X417","grid_x":417,"grid_y":386,"region":"oeste","centroid":[-70.996902,-9.7499462],"aggregation":"none","score_unico_gradboost":0.0013834,"score_unico_random_forest":0.0616815,"score_unico_logistic_regression":0.2160821,"score_unico_fuzzy_knn":0.0,"score_unico_xgboost":0.0020047,"score_regional_gradboost":0.0029571,"score_regional_random_forest":0.0274331,"score_regional_logistic_regression":0.3240839,"score_regional_fuzzy_knn":0.0076387,"score_regional_xgboost":0.0106759},"geometry":{"type":"Polygon","coordinates":[[[-71.0009866,-9.7526257],[-70.9928497,-9.7526734],[-70.9928176,-9.7472665],[-71.0009543,-9.7472189],[-71.0009866,-9.7526257]]]}},{"type":"Feature","id":"AC-Y386-X418","properties":{"id":"AC-Y386-X418","grid_x":418,"grid_y":386,"region":"oeste","centroid":[-70.9887652,-9.7499937],"aggregation":"none","score_unico_gradboost":0.0009682,"score_unico_random_forest":0.0693343,"score_unico_logistic_regression":0.2602781,"score_unico_fuzzy_knn":0.0,"score_unico_xgboost":0.0017721,"score_regional_gradboost":0.003685,"score_regional_random_forest":0.0300911,"score_regional_logistic_regression":0.3932169,"score_regional_fuzzy_knn":0.0,"score_regional_xgboost":0.0124483},"geometry":{"type":"Polygon","coordinates":[[[-70.9928497,-9.7526734],[-70.9847127,-9.7527209],[-70.9846807,-9.747314],[-70.9928176,-9.7472665],[-70.9928497,-9.7526734]]]}},{"type":"Feature","id":"AC-Y386-X419","properties":{"id":"AC-Y386-X419","grid_x":419,"grid_y":386,"region":"oeste","centroid":[-70.9806283,-9.7500411],"aggregation":"none","score_unico_gradboost":0.0010027,"score_unico_random_forest":0.0657875,"score_unico_logistic_regression":0.2536272,"score_unico_fuzzy_knn":0.0,"score_unico_xgboost":0.0017214,"score_regional_gradboost":0.0025238,"score_regional_random_forest":0.0298057,"score_regional_logistic_regression":0.3894402,"score_regional_fuzzy_knn":0.0,"score_regional_xgboost":0.0116706},"geometry":{"type":"Polygon","coordinates":[[[-70.9847127,-9.7527209],[-70.9765757,-9.7527682],[-70.9765439,-9.7473612],[-70.9846807,-9.747314],[-70.9847127,-9.7527209]]]}},{"type":"Feature","id":"AC-Y386-X420","properties":{"id":"AC-Y386-X420","grid_x":420,"grid_y":386,"region":"oeste","centroid":[-70.9724913,-9.7500883],"aggregation":"none","score_unico_gradboost":0.0009601,"score_unico_random_forest":0.0820856,"score_unico_logistic_regression":0.2891013,"score_unico_fuzzy_knn":0.0,"score_unico_xgboost":0.0016054,"score_regional_gradboost":0.0024053,"score_regional_random_forest":0.041532,"score_regional_logistic_regression":0.4387954,"score_regional_fuzzy_knn":0.0,"score_regional_xgboost":0.0125009},"geometry":{"type":"Polygon","coordinates":[[[-70.9765757,-9.7527682],[-70.9684387,-9.7528153],[-70.968407,-9.7474083],[-70.9765439,-9.7473612],[-70.9765757,-9.7527682]]]}},{"type":"Feature","id":"AC-Y386-X421","properties":{"id":"AC-Y386-X421","grid_x":421,"grid_y":386,"region":"oeste","centroid":[-70.9643543,-9.7501352],"aggregation":"none","score_unico_gradboost":0.0020571,"score_unico_random_forest":0.1654024,"score_unico_logistic_regression":0.4449274,"score_unico_fuzzy_knn":0.0548767,"score_unico_xgboost":0.0061676,"score_regional_gradboost":0.0014931,"score_regional_random_forest":0.247534,"score_regional_logistic_regression":0.6175264,"score_regional_fuzzy_knn":0.1377916,"score_regional_xgboost":0.0032024},"geometry":{"type":"Polygon","coordinates":[[[-70.9684387,-9.7528153],[-70.9603016,-9.7528622],[-70.96027,-9.7474552],[-70.968407,-9.7474083],[-70.9684387,-9.7528153]]]}},{"type":"Feature","id":"AC-Y384-X396","properties":{"id":"AC-Y384-X396","grid_x":396,"grid_y":384,"region":"oeste","centroid":[-71.1678362,-9.7597151],"aggregation":"none","score_unico_gradboost":0.0022371,"score_unico_random_forest":0.0872882,"score_unico_logistic_regression":0.3186926,"score_unico_fuzzy_knn":0.0,"score_unico_xgboost":0.0064572,"score_regional_gradboost":0.0035472,"score_regional_random_forest":0.0838966,"score_regional_logistic_regression":0.4792526,"score_regional_fuzzy_knn":0.0,"score_regional_xgboost":0.0203918},"geometry":{"type":"Polygon","coordinates":[[[-71.1719218,-9.7623923],[-71.1637855,-9.7624441],[-71.1637506,-9.7570378],[-71.1718868,-9.756986],[-71.1719218,-9.7623923]]]}},{"type":"Feature","id":"AC-Y384-X397","properties":{"id":"AC-Y384-X397","grid_x":397,"grid_y":384,"region":"oeste","centroid":[-71.1597,-9.7597668],"aggregation":"none","score_unico_gradboost":0.0020014,"score_unico_random_forest":0.0743227,"score_unico_logistic_regression":0.2723384,"score_unico_fuzzy_knn":0.0,"score_unico_xgboost":0.0038118,"score_regional_gradboost":0.0051164,"score_regional_random_forest":0.0282972,"score_regional_logistic_regression":0.3940776,"score_regional_fuzzy_knn":0.0,"score_regional_xgboost":0.0149247},"geometry":{"type":"Polygon","coordinates":[[[-71.1637855,-9.7624441],[-71.1556492,-9.7624957],[-71.1556145,-9.7570894],[-71.1637506,-9.7570378],[-71.1637855,-9.7624441]]]}},{"type":"Feature","id":"AC-Y385-X396","properties":{"id":"AC-Y385-X396","grid_x":396,"grid_y":385,"region":"oeste","centroid":[-71.1678012,-9.7543088],"aggregation":"none","score_unico_gradboost":0.0023174,"score_unico_random_forest":0.0893213,"score_unico_logistic_regression":0.3298518,"score_unico_fuzzy_knn":0.0,"score_unico_xgboost":0.0097569,"score_regional_gradboost":0.0040989,"score_regional_random_forest":0.1111912,"score_regional_logistic_regression":0.4975076,"score_regional_fuzzy_knn":0.0,"score_regional_xgboost":0.0142502},"geometry":{"type":"Polygon","coordinates":[[[-71.1718868,-9.756986],[-71.1637506,-9.7570378],[-71.1637158,-9.7516315],[-71.1718518,-9.7515798],[-71.1718868,-9.756986]]]}},{"type":"Feature","id":"AC-Y385-X397","properties":{"id":"AC-Y385-X397","grid_x":397,"grid_y":385,"region":"oeste","centroid":[-71.1596651,-9.7543605],"aggregation":"none","score_unico_gradboost":0.0022047,"score_unico_random_forest":0.0788899,"score_unico_logistic_regression":0.271966,"score_unico_fuzzy_knn":0.0,"score_unico_xgboost":0.003837,"score_regional_gradboost":0.0059903,"score_regional_random_forest":0.0334383,"score_regional_logistic_regression":0.3843811,"score_regional_fuzzy_knn":0.0,"score_regional_xgboost":0.0149247},"geometry":{"type":"Polygon","coordinates":[[[-71.1637506,-9.7570378],[-71.1556145,-9.7570894],[-71.1555797,-9.7516831],[-71.1637158,-9.7516315],[-71.1637506,-9.7570378]]]}},{"type":"Feature","id":"AC-Y385-X398","properties":{"id":"AC-Y385-X398","grid_x":398,"grid_y":385,"region":"oeste","centroid":[-71.151529,-9.7544119],"aggregation":"none","score_unico_gradboost":0.001715,"score_unico_random_forest":0.0610687,"score_unico_logistic_regression":0.2078395,"score_unico_fuzzy_knn":0.0,"score_unico_xgboost":0.0025665,"score_regional_gradboost":0.0041797,"score_regional_random_forest":0.0202432,"score_regional_logistic_regression":0.277612,"score_regional_fuzzy_knn":0.0,"score_regional_xgboost":0.0093032},"geometry":{"type":"Polygon","coordinates":[[[-71.1556145,-9.7570894],[-71.1474783,-9.7571408],[-71.1474436,-9.7517344],[-71.1555797,-9.7516831],[-71.1556145,-9.7570894]]]}},{"type":"Feature","id":"AC-Y386-X396","properties":{"id":"AC-Y386-X396","grid_x":396,"grid_y":386,"region":"oeste","centroid":[-71.1677663,-9.7489025],"aggregation":"none","score_unico_gradboost":0.0023948,"score_unico_random_forest":0.0897065,"score_unico_logistic_regression":0.3403692,"score_unico_fuzzy_knn":0.0,"score_unico_xgboost":0.0074475,"score_regional_gradboost":0.0030123,"score_regional_random_forest":0.0924313,"score_regional_logistic_regression":0.5741413,"score_regional_fuzzy_knn":0.0,"score_regional_xgboost":0.0121843},"geometry":{"type":"Polygon","coordinates":[[[-71.1718518,-9.7515798],[-71.1637158,-9.7516315],[-71.1636809,-9.7462252],[-71.1718168,-9.7461735],[-71.1718518,-9.7515798]]]}},{"type":"Feature","id":"AC-Y386-X397","properties":{"id":"AC-Y386-X397","grid_x":397,"grid_y":386,"region":"oeste","centroid":[-71.1596303,-9.7489542],"aggregation":"none","score_unico_gradboost":0.0019937,"score_unico_random_forest":0.0844708,"score_unico_logistic_regression":0.229386,"score_unico_fuzzy_knn":0.0,"score_unico_xgboost":0.0034614,"score_regional_gradboost":0.0059593,"score_regional_random_forest":0.0269293,"score_regional_logistic_regression":0.3296801,"score_regional_fuzzy_knn":0.0,"score_regional_xgboost":0.0119541},"geometry":{"type":"Polygon","coordinates":[[[-71.1637158,-9.7516315],[-71.1555797,-9.7516831],[-71.155545,-9.7462767],[-71.1636809,-9.7462252],[-71.1637158,-9.7516315]]]}},{"type":"Feature","id":"AC-Y386-X398","properties":{"id":"AC-Y386-X398","grid_x":398,"grid_y":386,"region":"oeste","centroid":[-71.1514943,-9.7490056],"aggregation":"none","score_unico_gradboost":0.0017009,"score_unico_random_forest":0.085282,"score_unico_logistic_regression":0.2163375,"score_unico_fuzzy_knn":0.0,"score_unico_xgboost":0.0022288,"score_regional_gradboost":0.0038561,"score_regional_random_forest":0.0227785,"score_regional_logistic_regression":0.2928139,"score_regional_fuzzy_knn":0.0,"score_regional_xgboost":0.0056575},"geometry":{"type":"Polygon","coordinates":[[[-71.1555797,-9.7516831],[-71.1474436,-9.7517344],[-71.147409,-9.7463281],[-71.155545,-9.7462767],[-71.1555797,-9.7516831]]]}},{"type":"Feature","id":"AC-Y386-X399","properties":{"id":"AC-Y386-X399","grid_x":399,"grid_y":386,"region":"oeste","centroid":[-71.1433583,-9.7490568],"aggregation":"none","score_unico_gradboost":0.0013455,"score_unico_random_forest":0.063777,"score_unico_logistic_regression":0.2455135,"score_unico_fuzzy_knn":0.0,"score_unico_xgboost":0.0013126,"score_regional_gradboost":0.0017362,"score_regional_random_forest":0.0134671,"score_regional_logistic_regression":0.3222616,"score_regional_fuzzy_knn":0.0,"score_regional_xgboost":0.0039148},"geometry":{"type":"Polygon","coordinates":[[[-71.1474436,-9.7517344],[-71.1393075,-9.7517856],[-71.139273,-9.7463792],[-71.147409,-9.7463281],[-71.1474436,-9.7517344]]]}},{"type":"Feature","id":"AC-Y386-X400","properties":{"id":"AC-Y386-X400","grid_x":400,"grid_y":386,"region":"oeste","centroid":[-71.1352222,-9.7491079],"aggregation":"none","score_unico_gradboost":0.0014355,"score_unico_random_forest":0.084712,"score_unico_logistic_regression":0.2600772,"score_unico_fuzzy_knn":0.0,"score_unico_xgboost":0.0019493,"score_regional_gradboost":0.0016183,"score_regional_random_forest":0.026398,"score_regional_logistic_regression":0.3339307,"score_regional_fuzzy_knn":0.0,"score_regional_xgboost":0.0038022},"geometry":{"type":"Polygon","coordinates":[[[-71.1393075,-9.7517856],[-71.1311713,-9.7518366],[-71.131137,-9.7464301],[-71.139273,-9.7463792],[-71.1393075,-9.7517856]]]}},{"type":"Feature","id":"AC-Y365-X397","properties":{"id":"AC-Y365-X397","grid_x":397,"grid_y":365,"region":"oeste","centroid":[-71.1603656,-9.8624861],"aggregation":"none","score_unico_gradboost":0.0011802,"score_unico_random_forest":0.0606549,"score_unico_logistic_regression":0.2077759,"score_unico_fuzzy_knn":0.0,"score_unico_xgboost":0.0020254,"score_regional_gradboost":0.0033681,"score_regional_random_forest":0.0078665,"score_regional_logistic_regression":0.2650246,"score_regional_fuzzy_knn":0.0,"score_regional_xgboost":0.0039388},"geometry":{"type":"Polygon","coordinates":[[[-71.1644526,-9.8651631],[-71.1563138,-9.8652153],[-71.1562787,-9.859809],[-71.1644173,-9.8597569],[-71.1644526,-9.8651631]]]}},{"type":"Feature","id":"AC-Y366-X397","properties":{"id":"AC-Y366-X397","grid_x":397,"grid_y":366,"region":"oeste","centroid":[-71.1603304,-9.8570798],"aggregation":"none","score_unico_gradboost":0.0013109,"score_unico_random_forest":0.0711364,"score_unico_logistic_regression":0.2235094,"score_unico_fuzzy_knn":0.0,"score_unico_xgboost":0.0024003,"score_regional_gradboost":0.0029512,"score_regional_random_forest":0.0168057,"score_regional_logistic_regression":0.2884837,"score_regional_fuzzy_knn":0.0,"score_regional_xgboost":0.0046555},"geometry":{"type":"Polygon","coordinates":[[[-71.1644173,-9.8597569],[-71.1562787,-9.859809],[-71.1562435,-9.8544027],[-71.1643821,-9.8543506],[-71.1644173,-9.8597569]]]}},{"type":"Feature","id":"AC-Y367-X397","properties":{"id":"AC-Y367-X397","grid_x":397,"grid_y":367,"region":"oeste","centroid":[-71.1602952,-9.8516736],"aggregation":"none","score_unico_gradboost":0.0014614,"score_unico_random_forest":0.0664181,"score_unico_logistic_regression":0.213147,"score_unico_fuzzy_knn":0.0,"score_unico_xgboost":0.0024653,"score_regional_gradboost":0.0033797,"score_regional_random_forest":0.0182755,"score_regional_logistic_regression":0.2781757,"score_regional_fuzzy_knn":0.0,"score_regional_xgboost":0.0055079},"geometry":{"type":"Polygon","coordinates":[[[-71.1643821,-9.8543506],[-71.1562435,-9.8544027],[-71.1562084,-9.8489965],[-71.1643468,-9.8489444],[-71.1643821,-9.8543506]]]}},{"type":"Feature","id":"AC-Y368-X397","properties":{"id":"AC-Y368-X397","grid_x":397,"grid_y":368,"region":"oeste","centroid":[-71.16026,-9.8462673],"aggregation":"none","score_unico_gradboost":0.0022611,"score_unico_random_forest":0.0621957,"score_unico_logistic_regression":0.2579156,"score_unico_fuzzy_knn":0.0,"score_unico_xgboost":0.0023719,"score_regional_gradboost":0.0037816,"score_regional_random_forest":0.0216554,"score_regional_logistic_regression":0.3445849,"score_regional_fuzzy_knn":0.0,"score_regional_xgboost":0.0095819},"geometry":{"type":"Polygon","coordinates":[[[-71.1643468,-9.8489444],[-71.1562084,-9.8489965],[-71.1561733,-9.8435902],[-71.1643116,-9.8435381],[-71.1643468,-9.8489444]]]}},{"type":"Feature","id":"AC-Y368-X398","properties":{"id":"AC-Y368-X398","grid_x":398,"grid_y":368,"region":"oeste","centroid":[-71.1521217,-9.8463193],"aggregation":"none","score_unico_gradboost":0.0014848,"score_unico_random_forest":0.0634266,"score_unico_logistic_regression":0.2382069,"score_unico_fuzzy_knn":0.0,"score_unico_xgboost":0.001497,"score_regional_gradboost":0.0034242,"score_regional_random_forest":0.0061785,"score_regional_logistic_regression":0.3074031,"score_regional_fuzzy_knn":0.0,"score_regional_xgboost":0.0041338},"geometry":{"type":"Polygon","coordinates":[[[-71.1562084,-9.8489965],[-71.14807,-9.8490483],[-71.148035,-9.843642],[-71.1561733,-9.8435902],[-71.1562084,-9.8489965]]]}},{"type":"Feature","id":"AC-Y369-X397","properties":{"id":"AC-Y369-X397","grid_x":397,"grid_y":369,"region":"oeste","centroid":[-71.1602249,-9.840861],"aggregation":"none","score_unico_gradboost":0.0019262,"score_unico_random_forest":0.0680884,"score_unico_logistic_regression":0.2330411,"score_unico_fuzzy_knn":0.0,"score_unico_xgboost":0.0022797,"score_regional_gradboost":0.003907,"score_regional_random_forest":0.0193754,"score_regional_logistic_regression":0.3108621,"score_regional_fuzzy_knn":0.0,"score_regional_xgboost":0.0076664},"geometry":{"type":"Polygon","coordinates":[[[-71.1643116,-9.8435381],[-71.1561733,-9.8435902],[-71.1561382,-9.8381839],[-71.1642764,-9.8381319],[-71.1643116,-9.8435381]]]}},{"type":"Feature","id":"AC-Y369-X398","properties":{"id":"AC-Y369-X398","grid_x":398,"grid_y":369,"region":"oeste","centroid":[-71.1520866,-9.840913],"aggregation":"none","score_unico_gradboost":0.0015022,"score_unico_random_forest":0.0613363,"score_unico_logistic_regression":0.234045,"score_unico_fuzzy_knn":0.0,"score_unico_xgboost":0.0014805,"score_regional_gradboost":0.0033717,"score_regional_random_forest":0.0052867,"score_regional_logistic_regression":0.301606,"score_regional_fuzzy_knn":0.0,"score_regional_xgboost":0.003541},"geometry":{"type":"Polygon","coordinates":[[[-71.1561733,-9.8435902],[-71.148035,-9.843642],[-71.148,-9.8382357],[-71.1561382,-9.8381839],[-71.1561733,-9.8435902]]]}},{"type":"Feature","id":"AC-Y370-X397","properties":{"id":"AC-Y370-X397","grid_x":397,"grid_y":370,"region":"oeste","centroid":[-71.1601897,-9.8354548],"aggregation":"none","score_unico_gradboost":0.0017332,"score_unico_random_forest":0.066906,"score_unico_logistic_regression":0.2270891,"score_unico_fuzzy_knn":0.0,"score_unico_xgboost":0.0022797,"score_regional_gradboost":0.0038561,"score_regional_random_forest":0.0193754,"score_regional_logistic_regression":0.3028672,"score_regional_fuzzy_knn":0.0,"score_regional_xgboost":0.0076664},"geometry":{"type":"Polygon","coordinates":[[[-71.1642764,-9.8381319],[-71.1561382,-9.8381839],[-71.1561032,-9.8327776],[-71.1642412,-9.8327256],[-71.1642764,-9.8381319]]]}},{"type":"Feature","id":"AC-Y370-X398","properties":{"id":"AC-Y370-X398","grid_x":398,"grid_y":370,"region":"oeste","centroid":[-71.1520516,-9.8355067],"aggregation":"none","score_unico_gradboost":0.0012181,"score_unico_random_forest":0.0613363,"score_unico_logistic_regression":0.2281277,"score_unico_fuzzy_knn":0.0,"score_unico_xgboost":0.0014754,"score_regional_gradboost":0.0033278,"score_regional_random_forest":0.0050002,"score_regional_logistic_regression":0.2939928,"score_regional_fuzzy_knn":0.0,"score_regional_xgboost":0.003541},"geometry":{"type":"Polygon","coordinates":[[[-71.1561382,-9.8381839],[-71.148,-9.8382357],[-71.1479651,-9.8328294],[-71.1561032,-9.8327776],[-71.1561382,-9.8381839]]]}},{"type":"Feature","id":"AC-Y371-X397","properties":{"id":"AC-Y371-X397","grid_x":397,"grid_y":371,"region":"oeste","centroid":[-71.1601546,-9.8300485],"aggregation":"none","score_unico_gradboost":0.001715,"score_unico_random_forest":0.0594085,"score_unico_logistic_regression":0.2067009,"score_unico_fuzzy_knn":0.0,"score_unico_xgboost":0.003265,"score_regional_gradboost":0.0063794,"score_regional_random_forest":0.0209491,"score_regional_logistic_regression":0.2764968,"score_regional_fuzzy_knn":0.0,"score_regional_xgboost":0.0093032},"geometry":{"type":"Polygon","coordinates":[[[-71.1642412,-9.8327256],[-71.1561032,-9.8327776],[-71.1560681,-9.8273713],[-71.164206,-9.8273194],[-71.1642412,-9.8327256]]]}},{"type":"Feature","id":"AC-Y371-X398","properties":{"id":"AC-Y371-X398","grid_x":398,"grid_y":371,"region":"oeste","centroid":[-71.1520167,-9.8301004],"aggregation":"none","score_unico_gradboost":0.0012256,"score_unico_random_forest":0.0604498,"score_unico_logistic_regression":0.200284,"score_unico_fuzzy_knn":0.0,"score_unico_xgboost":0.0015891,"score_regional_gradboost":0.003646,"score_regional_random_forest":0.0060507,"score_regional_logistic_regression":0.2576115,"score_regional_fuzzy_knn":0.0,"score_regional_xgboost":0.003541},"geometry":{"type":"Polygon","coordinates":[[[-71.1561032,-9.8327776],[-71.1479651,-9.8328294],[-71.1479302,-9.8274231],[-71.1560681,-9.8273713],[-71.1561032,-9.8327776]]]}},{"type":"Feature","id":"AC-Y372-X397","properties":{"id":"AC-Y372-X397","grid_x":397,"grid_y":372,"region":"oeste","centroid":[-71.1601195,-9.8246422],"aggregation":"none","score_unico_gradboost":0.0017975,"score_unico_random_forest":0.0628606,"score_unico_logistic_regression":0.1909751,"score_unico_fuzzy_knn":0.0,"score_unico_xgboost":0.0031389,"score_regional_gradboost":0.0077561,"score_regional_random_forest":0.0231874,"score_regional_logistic_regression":0.2556775,"score_regional_fuzzy_knn":0.0,"score_regional_xgboost":0.0105865},"geometry":{"type":"Polygon","coordinates":[[[-71.164206,-9.8273194],[-71.1560681,-9.8273713],[-71.1560331,-9.821965],[-71.1641709,-9.8219131],[-71.164206,-9.8273194]]]}},{"type":"Feature","id":"AC-Y372-X398","properties":{"id":"AC-Y372-X398","grid_x":398,"grid_y":372,"region":"oeste","centroid":[-71.1519817,-9.8246941],"aggregation":"none","score_unico_gradboost":0.0014609,"score_unico_random_forest":0.0623091,"score_unico_logistic_regression":0.2463947,"score_unico_fuzzy_knn":0.0,"score_unico_xgboost":0.0015649,"score_regional_gradboost":0.0037053,"score_regional_random_forest":0.0062117,"score_regional_logistic_regression":0.3191293,"score_regional_fuzzy_knn":0.0,"score_regional_xgboost":0.0041338},"geometry":{"type":"Polygon","coordinates":[[[-71.1560681,-9.8273713],[-71.1479302,-9.8274231],[-71.1478953,-9.8220168],[-71.1560331,-9.821965],[-71.1560681,-9.8273713]]]}},{"type":"Feature","id":"AC-Y372-X399","properties":{"id":"AC-Y372-X399","grid_x":399,"grid_y":372,"region":"oeste","centroid":[-71.1438438,-9.8247457],"aggregation":"none","score_unico_gradboost":0.0013975,"score_unico_random_forest":0.0666432,"score_unico_logistic_regression":0.2226557,"score_unico_fuzzy_knn":0.0,"score_unico_xgboost":0.001635,"score_regional_gradboost":0.0034204,"score_regional_random_forest":0.0068758,"score_regional_logistic_regression":0.2811415,"score_regional_fuzzy_knn":0.0,"score_regional_xgboost":0.0031697},"geometry":{"type":"Polygon","coordinates":[[[-71.1479302,-9.8274231],[-71.1397922,-9.8274746],[-71.1397575,-9.8220683],[-71.1478953,-9.8220168],[-71.1479302,-9.8274231]]]}},{"type":"Feature","id":"AC-Y373-X397","properties":{"id":"AC-Y373-X397","grid_x":397,"grid_y":373,"region":"oeste","centroid":[-71.1600845,-9.8192359],"aggregation":"none","score_unico_gradboost":0.0017975,"score_unico_random_forest":0.0612566,"score_unico_logistic_regression":0.2086899,"score_unico_fuzzy_knn":0.0,"score_unico_xgboost":0.0034753,"score_regional_gradboost":0.0063794,"score_regional_random_forest":0.0214223,"score_regional_logistic_regression":0.2801686,"score_regional_fuzzy_knn":0.0,"score_regional_xgboost":0.0093032},"geometry":{"type":"Polygon","coordinates":[[[-71.1641709,-9.8219131],[-71.1560331,-9.821965],[-71.1559981,-9.8165587],[-71.1641357,-9.8165068],[-71.1641709,-9.8219131]]]}},{"type":"Feature","id":"AC-Y373-X398","properties":{"id":"AC-Y373-X398","grid_x":398,"grid_y":373,"region":"oeste","centroid":[-71.1519468,-9.8192878],"aggregation":"none","score_unico_gradboost":0.0013238,"score_unico_random_forest":0.0619713,"score_unico_logistic_regression":0.2225086,"score_unico_fuzzy_knn":0.0,"score_unico_xgboost":0.0016845,"score_regional_gradboost":0.003601,"score_regional_random_forest":0.0047569,"score_regional_logistic_regression":0.2877897,"score_regional_fuzzy_knn":0.0,"score_regional_xgboost":0.003541},"geometry":{"type":"Polygon","coordinates":[[[-71.1560331,-9.821965],[-71.1478953,-9.8220168],[-71.1478605,-9.8166104],[-71.1559981,-9.8165587],[-71.1560331,-9.821965]]]}},{"type":"Feature","id":"AC-Y373-X399","properties":{"id":"AC-Y373-X399","grid_x":399,"grid_y":373,"region":"oeste","centroid":[-71.143809,-9.8193394],"aggregation":"none","score_unico_gradboost":0.0015531,"score_unico_random_forest":0.065128,"score_unico_logistic_regression":0.228738,"score_unico_fuzzy_knn":0.0,"score_unico_xgboost":0.0016478,"score_regional_gradboost":0.0034656,"score_regional_random_forest":0.0071357,"score_regional_logistic_regression":0.2901745,"score_regional_fuzzy_knn":0.0,"score_regional_xgboost":0.0031697},"geometry":{"type":"Polygon","coordinates":[[[-71.1478953,-9.8220168],[-71.1397575,-9.8220683],[-71.1397227,-9.8166619],[-71.1478605,-9.8166104],[-71.1478953,-9.8220168]]]}},{"type":"Feature","id":"AC-Y373-X400","properties":{"id":"AC-Y373-X400","grid_x":400,"grid_y":373,"region":"oeste","centroid":[-71.1356712,-9.8193908],"aggregation":"none","score_unico_gradboost":0.0014168,"score_unico_random_forest":0.0758903,"score_unico_logistic_regression":0.2181293,"score_unico_fuzzy_knn":0.0,"score_unico_xgboost":0.0018764,"score_regional_gradboost":0.0034204,"score_regional_random_forest":0.0083015,"score_regional_logistic_regression":0.2724175,"score_regional_fuzzy_knn":0.0,"score_regional_xgboost":0.0031697},"geometry":{"type":"Polygon","coordinates":[[[-71.1397575,-9.8220683],[-71.1316196,-9.8221196],[-71.131585,-9.8167133],[-71.1397227,-9.8166619],[-71.1397575,-9.8220683]]]}},{"type":"Feature","id":"AC-Y374-X397","properties":{"id":"AC-Y374-X397","grid_x":397,"grid_y":374,"region":"oeste","centroid":[-71.1600494,-9.8138297],"aggregation":"none","score_unico_gradboost":0.0019126,"score_unico_random_forest":0.0641617,"score_unico_logistic_regression":0.2469532,"score_unico_fuzzy_knn":0.0,"score_unico_xgboost":0.002265,"score_regional_gradboost":0.0039678,"score_regional_random_forest":0.0205701,"score_regional_logistic_regression":0.3296967,"score_regional_fuzzy_knn":0.0,"score_regional_xgboost":0.0089437},"geometry":{"type":"Polygon","coordinates":[[[-71.1641357,-9.8165068],[-71.1559981,-9.8165587],[-71.1559631,-9.8111524],[-71.1641006,-9.8111006],[-71.1641357,-9.8165068]]]}},{"type":"Feature","id":"AC-Y374-X398","properties":{"id":"AC-Y374-X398","grid_x":398,"grid_y":374,"region":"oeste","centroid":[-71.1519118,-9.8138814],"aggregation":"none","score_unico_gradboost":0.0016897,"score_unico_random_forest":0.0732283,"score_unico_logistic_regression":0.257465,"score_unico_fuzzy_knn":0.0,"score_unico_xgboost":0.0018327,"score_regional_gradboost":0.0034957,"score_regional_random_forest":0.0149425,"score_regional_logistic_regression":0.3360872,"score_regional_fuzzy_knn":0.0,"score_regional_xgboost":0.0054372},"geometry":{"type":"Polygon","coordinates":[[[-71.1559981,-9.8165587],[-71.1478605,-9.8166104],[-71.1478256,-9.8112041],[-71.1559631,-9.8111524],[-71.1559981,-9.8165587]]]}},{"type":"Feature","id":"AC-Y374-X399","properties":{"id":"AC-Y374-X399","grid_x":399,"grid_y":374,"region":"oeste","centroid":[-71.1437742,-9.813933],"aggregation":"none","score_unico_gradboost":0.0014875,"score_unico_random_forest":0.0794611,"score_unico_logistic_regression":0.2627377,"score_unico_fuzzy_knn":0.0,"score_unico_xgboost":0.0021175,"score_regional_gradboost":0.0030143,"score_regional_random_forest":0.0169354,"score_regional_logistic_regression":0.3383901,"score_regional_fuzzy_knn":0.0,"score_regional_xgboost":0.004261},"geometry":{"type":"Polygon","coordinates":[[[-71.1478605,-9.8166104],[-71.1397227,-9.8166619],[-71.139688,-9.8112556],[-71.1478256,-9.8112041],[-71.1478605,-9.8166104]]]}},{"type":"Feature","id":"AC-Y374-X400","properties":{"id":"AC-Y374-X400","grid_x":400,"grid_y":374,"region":"oeste","centroid":[-71.1356365,-9.8139844],"aggregation":"none","score_unico_gradboost":0.0015422,"score_unico_random_forest":0.066462,"score_unico_logistic_regression":0.242439,"score_unico_fuzzy_knn":0.0,"score_unico_xgboost":0.0016789,"score_regional_gradboost":0.0035195,"score_regional_random_forest":0.0086209,"score_regional_logistic_regression":0.3066036,"score_regional_fuzzy_knn":0.0,"score_regional_xgboost":0.0037005},"geometry":{"type":"Polygon","coordinates":[[[-71.1397227,-9.8166619],[-71.131585,-9.8167133],[-71.1315504,-9.8113069],[-71.139688,-9.8112556],[-71.1397227,-9.8166619]]]}},{"type":"Feature","id":"AC-Y374-X401","properties":{"id":"AC-Y374-X401","grid_x":401,"grid_y":374,"region":"oeste","centroid":[-71.1274988,-9.8140356],"aggregation":"none","score_unico_gradboost":0.001419,"score_unico_random_forest":0.0695947,"score_unico_logistic_regression":0.206524,"score_unico_fuzzy_knn":0.0,"score_unico_xgboost":0.0021615,"score_regional_gradboost":0.0037076,"score_regional_random_forest":0.0080328,"score_regional_logistic_regression":0.2553009,"score_regional_fuzzy_knn":0.0,"score_regional_xgboost":0.0031697},"geometry":{"type":"Polygon","coordinates":[[[-71.131585,-9.8167133],[-71.1234472,-9.8167644],[-71.1234127,-9.811358],[-71.1315504,-9.8113069],[-71.131585,-9.8167133]]]}},{"type":"Feature","id":"AC-Y375-X397","properties":{"id":"AC-Y375-X397","grid_x":397,"grid_y":375,"region":"oeste","centroid":[-71.1600144,-9.8084234],"aggregation":"none","score_unico_gradboost":0.002093,"score_unico_random_forest":0.0776714,"score_unico_logistic_regression":0.2658123,"score_unico_fuzzy_knn":0.0,"score_unico_xgboost":0.0047103,"score_regional_gradboost":0.0058559,"score_regional_random_forest":0.0298621,"score_regional_logistic_regression":0.3614412,"score_regional_fuzzy_knn":0.0,"score_regional_xgboost":0.0134154},"geometry":{"type":"Polygon","coordinates":[[[-71.1641006,-9.8111006],[-71.1559631,-9.8111524],[-71.1559282,-9.8057461],[-71.1640655,-9.8056943],[-71.1641006,-9.8111006]]]}},{"type":"Feature","id":"AC-Y375-X398","properties":{"id":"AC-Y375-X398","grid_x":398,"grid_y":375,"region":"oeste","centroid":[-71.1518769,-9.8084751],"aggregation":"none","score_unico_gradboost":0.0019126,"score_unico_random_forest":0.0672197,"score_unico_logistic_regression":0.2408513,"score_unico_fuzzy_knn":0.0,"score_unico_xgboost":0.0022073,"score_regional_gradboost":0.0039678,"score_regional_random_forest":0.0196231,"score_regional_logistic_regression":0.3211511,"score_regional_fuzzy_knn":0.0,"score_regional_xgboost":0.0071746},"geometry":{"type":"Polygon","coordinates":[[[-71.1559631,-9.8111524],[-71.1478256,-9.8112041],[-71.1477908,-9.8057978],[-71.1559282,-9.8057461],[-71.1559631,-9.8111524]]]}},{"type":"Feature","id":"AC-Y375-X399","properties":{"id":"AC-Y375-X399","grid_x":399,"grid_y":375,"region":"oeste","centroid":[-71.1437394,-9.8085267],"aggregation":"none","score_unico_gradboost":0.0011972,"score_unico_random_forest":0.0701828,"score_unico_logistic_regression":0.2100707,"score_unico_fuzzy_knn":0.0,"score_unico_xgboost":0.0018089,"score_regional_gradboost":0.003794,"score_regional_random_forest":0.0112421,"score_regional_logistic_regression":0.2732161,"score_regional_fuzzy_knn":0.0,"score_regional_xgboost":0.0040459},"geometry":{"type":"Polygon","coordinates":[[[-71.1478256,-9.8112041],[-71.139688,-9.8112556],[-71.1396533,-9.8058492],[-71.1477908,-9.8057978],[-71.1478256,-9.8112041]]]}},{"type":"Feature","id":"AC-Y375-X400","properties":{"id":"AC-Y375-X400","grid_x":400,"grid_y":375,"region":"oeste","centroid":[-71.1356019,-9.8085781],"aggregation":"none","score_unico_gradboost":0.0014069,"score_unico_random_forest":0.0642018,"score_unico_logistic_regression":0.2157326,"score_unico_fuzzy_knn":0.0,"score_unico_xgboost":0.0018199,"score_regional_gradboost":0.0034204,"score_regional_random_forest":0.0071382,"score_regional_logistic_regression":0.2741735,"score_regional_fuzzy_knn":0.0,"score_regional_xgboost":0.0031697},"geometry":{"type":"Polygon","coordinates":[[[-71.139688,-9.8112556],[-71.1315504,-9.8113069],[-71.1315158,-9.8059005],[-71.1396533,-9.8058492],[-71.139688,-9.8112556]]]}},{"type":"Feature","id":"AC-Y375-X401","properties":{"id":"AC-Y375-X401","grid_x":401,"grid_y":375,"region":"oeste","centroid":[-71.1274643,-9.8086293],"aggregation":"none","score_unico_gradboost":0.0014073,"score_unico_random_forest":0.0745793,"score_unico_logistic_regression":0.2199965,"score_unico_fuzzy_knn":0.0,"score_unico_xgboost":0.0018574,"score_regional_gradboost":0.0034204,"score_regional_random_forest":0.0083015,"score_regional_logistic_regression":0.2744723,"score_regional_fuzzy_knn":0.0,"score_regional_xgboost":0.0031697},"geometry":{"type":"Polygon","coordinates":[[[-71.1315504,-9.8113069],[-71.1234127,-9.811358],[-71.1233783,-9.8059516],[-71.1315158,-9.8059005],[-71.1315504,-9.8113069]]]}},{"type":"Feature","id":"AC-Y375-X402","properties":{"id":"AC-Y375-X402","grid_x":402,"grid_y":375,"region":"oeste","centroid":[-71.1193267,-9.8086802],"aggregation":"none","score_unico_gradboost":0.0012283,"score_unico_random_forest":0.0713796,"score_unico_logistic_regression":0.1751705,"score_unico_fuzzy_knn":0.0,"score_unico_xgboost":0.0020066,"score_regional_gradboost":0.0063805,"score_regional_random_forest":0.0088864,"score_regional_logistic_regression":0.2122708,"score_regional_fuzzy_knn":0.0,"score_regional_xgboost":0.00361},"geometry":{"type":"Polygon","coordinates":[[[-71.1234127,-9.811358],[-71.115275,-9.8114089],[-71.1152407,-9.8060024],[-71.1233783,-9.8059516],[-71.1234127,-9.811358]]]}},{"type":"Feature","id":"AC-Y376-X396","properties":{"id":"AC-Y376-X396","grid_x":396,"grid_y":376,"region":"oeste","centroid":[-71.1681166,-9.8029652],"aggregation":"none","score_unico_gradboost":0.0016608,"score_unico_random_forest":0.0660105,"score_unico_logistic_regression":0.2594191,"score_unico_fuzzy_knn":0.0,"score_unico_xgboost":0.0035903,"score_regional_gradboost":0.0070415,"score_regional_random_forest":0.0264873,"score_regional_logistic_regression":0.3830135,"score_regional_fuzzy_knn":0.0,"score_regional_xgboost":0.0139357},"geometry":{"type":"Polygon","coordinates":[[[-71.1722028,-9.8056423],[-71.1640655,-9.8056943],[-71.1640305,-9.800288],[-71.1721676,-9.800236],[-71.1722028,-9.8056423]]]}},{"type":"Feature","id":"AC-Y376-X397","properties":{"id":"AC-Y376-X397","grid_x":397,"grid_y":376,"region":"oeste","centroid":[-71.1599794,-9.8030171],"aggregation":"none","score_unico_gradboost":0.0024217,"score_unico_random_forest":0.0740431,"score_unico_logistic_regression":0.2677905,"score_unico_fuzzy_knn":0.0,"score_unico_xgboost":0.0044521,"score_regional_gradboost":0.0059903,"score_regional_random_forest":0.0291018,"score_regional_logistic_regression":0.3781482,"score_regional_fuzzy_knn":0.0,"score_regional_xgboost":0.0149247},"geometry":{"type":"Polygon","coordinates":[[[-71.1640655,-9.8056943],[-71.1559282,-9.8057461],[-71.1558932,-9.8003398],[-71.1640305,-9.800288],[-71.1640655,-9.8056943]]]}},{"type":"Feature","id":"AC-Y376-X398","properties":{"id":"AC-Y376-X398","grid_x":398,"grid_y":376,"region":"oeste","centroid":[-71.151842,-9.8030688],"aggregation":"none","score_unico_gradboost":0.0020374,"score_unico_random_forest":0.0784371,"score_unico_logistic_regression":0.2642661,"score_unico_fuzzy_knn":0.0,"score_unico_xgboost":0.004653,"score_regional_gradboost":0.0058559,"score_regional_random_forest":0.0288069,"score_regional_logistic_regression":0.3608793,"score_regional_fuzzy_knn":0.0,"score_regional_xgboost":0.0134154},"geometry":{"type":"Polygon","coordinates":[[[-71.1559282,-9.8057461],[-71.1477908,-9.8057978],[-71.147756,-9.8003915],[-71.1558932,-9.8003398],[-71.1559282,-9.8057461]]]}},{"type":"Feature","id":"AC-Y376-X399","properties":{"id":"AC-Y376-X399","grid_x":399,"grid_y":376,"region":"oeste","centroid":[-71.1437047,-9.8031204],"aggregation":"none","score_unico_gradboost":0.0012229,"score_unico_random_forest":0.0818291,"score_unico_logistic_regression":0.2001908,"score_unico_fuzzy_knn":0.0,"score_unico_xgboost":0.0021987,"score_regional_gradboost":0.0036038,"score_regional_random_forest":0.021928,"score_regional_logistic_regression":0.2633615,"score_regional_fuzzy_knn":0.0,"score_regional_xgboost":0.004782},"geometry":{"type":"Polygon","coordinates":[[[-71.1477908,-9.8057978],[-71.1396533,-9.8058492],[-71.1396187,-9.8004429],[-71.147756,-9.8003915],[-71.1477908,-9.8057978]]]}},{"type":"Feature","id":"AC-Y376-X400","properties":{"id":"AC-Y376-X400","grid_x":400,"grid_y":376,"region":"oeste","centroid":[-71.1355673,-9.8031717],"aggregation":"none","score_unico_gradboost":0.0012224,"score_unico_random_forest":0.0647484,"score_unico_logistic_regression":0.2035246,"score_unico_fuzzy_knn":0.0,"score_unico_xgboost":0.0017829,"score_regional_gradboost":0.0037076,"score_regional_random_forest":0.008264,"score_regional_logistic_regression":0.2603743,"score_regional_fuzzy_knn":0.0,"score_regional_xgboost":0.0031697},"geometry":{"type":"Polygon","coordinates":[[[-71.1396533,-9.8058492],[-71.1315158,-9.8059005],[-71.1314813,-9.8004941],[-71.1396187,-9.8004429],[-71.1396533,-9.8058492]]]}},{"type":"Feature","id":"AC-Y376-X401","properties":{"id":"AC-Y376-X401","grid_x":401,"grid_y":376,"region":"oeste","centroid":[-71.1274298,-9.8032229],"aggregation":"none","score_unico_gradboost":0.0012938,"score_unico_random_forest":0.0741314,"score_unico_logistic_regression":0.179759,"score_unico_fuzzy_knn":0.0,"score_unico_xgboost":0.0020221,"score_regional_gradboost":0.0063805,"score_regional_random_forest":0.0131737,"score_regional_logistic_regression":0.2234446,"score_regional_fuzzy_knn":0.0,"score_regional_xgboost":0.00361},"geometry":{"type":"Polygon","coordinates":[[[-71.1315158,-9.8059005],[-71.1233783,-9.8059516],[-71.1233439,-9.8005451],[-71.1314813,-9.8004941],[-71.1315158,-9.8059005]]]}},{"type":"Feature","id":"AC-Y376-X402","properties":{"id":"AC-Y376-X402","grid_x":402,"grid_y":376,"region":"oeste","centroid":[-71.1192924,-9.8032738],"aggregation":"none","score_unico_gradboost":0.001543,"score_unico_random_forest":0.0719543,"score_unico_logistic_regression":0.2172661,"score_unico_fuzzy_knn":0.0,"score_unico_xgboost":0.0021308,"score_regional_gradboost":0.0034204,"score_regional_random_forest":0.0093253,"score_regional_logistic_regression":0.2677567,"score_regional_fuzzy_knn":0.0,"score_regional_xgboost":0.0031697},"geometry":{"type":"Polygon","coordinates":[[[-71.1233783,-9.8059516],[-71.1152407,-9.8060024],[-71.1152065,-9.800596],[-71.1233439,-9.8005451],[-71.1233783,-9.8059516]]]}},{"type":"Feature","id":"AC-Y377-X396","properties":{"id":"AC-Y377-X396","grid_x":396,"grid_y":377,"region":"oeste","centroid":[-71.1680815,-9.7975589],"aggregation":"none","score_unico_gradboost":0.0023846,"score_unico_random_forest":0.0945277,"score_unico_logistic_regression":0.3549604,"score_unico_fuzzy_knn":0.0,"score_unico_xgboost":0.0100454,"score_regional_gradboost":0.0040266,"score_regional_random_forest":0.1268268,"score_regional_logistic_regression":0.5897992,"score_regional_fuzzy_knn":0.0080337,"score_regional_xgboost":0.0152178},"geometry":{"type":"Polygon","coordinates":[[[-71.1721676,-9.800236],[-71.1640305,-9.800288],[-71.1639954,-9.7948817],[-71.1721325,-9.7948298],[-71.1721676,-9.800236]]]}},{"type":"Feature","id":"AC-Y377-X397","properties":{"id":"AC-Y377-X397","grid_x":397,"grid_y":377,"region":"oeste","centroid":[-71.1599444,-9.7976108],"aggregation":"none","score_unico_gradboost":0.0027877,"score_unico_random_forest":0.1087306,"score_unico_logistic_regression":0.3471211,"score_unico_fuzzy_knn":0.0,"score_unico_xgboost":0.0134274,"score_regional_gradboost":0.0072378,"score_regional_random_forest":0.1417488,"score_regional_logistic_regression":0.525142,"score_regional_fuzzy_knn":0.0165966,"score_regional_xgboost":0.0183687},"geometry":{"type":"Polygon","coordinates":[[[-71.1640305,-9.800288],[-71.1558932,-9.8003398],[-71.1558583,-9.7949335],[-71.1639954,-9.7948817],[-71.1640305,-9.800288]]]}},{"type":"Feature","id":"AC-Y377-X398","properties":{"id":"AC-Y377-X398","grid_x":398,"grid_y":377,"region":"oeste","centroid":[-71.1518072,-9.7976625],"aggregation":"none","score_unico_gradboost":0.0019907,"score_unico_random_forest":0.0641985,"score_unico_logistic_regression":0.2353841,"score_unico_fuzzy_knn":0.0,"score_unico_xgboost":0.0033802,"score_regional_gradboost":0.0059593,"score_regional_random_forest":0.0241028,"score_regional_logistic_regression":0.3297495,"score_regional_fuzzy_knn":0.0,"score_regional_xgboost":0.0119541},"geometry":{"type":"Polygon","coordinates":[[[-71.1558932,-9.8003398],[-71.147756,-9.8003915],[-71.1477212,-9.7949851],[-71.1558583,-9.7949335],[-71.1558932,-9.8003398]]]}},{"type":"Feature","id":"AC-Y377-X399","properties":{"id":"AC-Y377-X399","grid_x":399,"grid_y":377,"region":"oeste","centroid":[-71.14367,-9.797714],"aggregation":"none","score_unico_gradboost":0.0015676,"score_unico_random_forest":0.0806371,"score_unico_logistic_regression":0.1907641,"score_unico_fuzzy_knn":0.0,"score_unico_xgboost":0.0023876,"score_regional_gradboost":0.0060682,"score_regional_random_forest":0.0252372,"score_regional_logistic_regression":0.2542234,"score_regional_fuzzy_knn":0.0,"score_regional_xgboost":0.0087259},"geometry":{"type":"Polygon","coordinates":[[[-71.147756,-9.8003915],[-71.1396187,-9.8004429],[-71.139584,-9.7950365],[-71.1477212,-9.7949851],[-71.147756,-9.8003915]]]}},{"type":"Feature","id":"AC-Y377-X400","properties":{"id":"AC-Y377-X400","grid_x":400,"grid_y":377,"region":"oeste","centroid":[-71.1355327,-9.7977653],"aggregation":"none","score_unico_gradboost":0.0011972,"score_unico_random_forest":0.0742817,"score_unico_logistic_regression":0.1917792,"score_unico_fuzzy_knn":0.0,"score_unico_xgboost":0.0016924,"score_regional_gradboost":0.0052946,"score_regional_random_forest":0.0120688,"score_regional_logistic_regression":0.246755,"score_regional_fuzzy_knn":0.0,"score_regional_xgboost":0.0040327},"geometry":{"type":"Polygon","coordinates":[[[-71.1396187,-9.8004429],[-71.1314813,-9.8004941],[-71.1314468,-9.7950877],[-71.139584,-9.7950365],[-71.1396187,-9.8004429]]]}},{"type":"Feature","id":"AC-Y377-X401","properties":{"id":"AC-Y377-X401","grid_x":401,"grid_y":377,"region":"oeste","centroid":[-71.1273954,-9.7978165],"aggregation":"none","score_unico_gradboost":0.0012938,"score_unico_random_forest":0.0664859,"score_unico_logistic_regression":0.1866735,"score_unico_fuzzy_knn":0.0,"score_unico_xgboost":0.0018241,"score_regional_gradboost":0.0063805,"score_regional_random_forest":0.0118216,"score_regional_logistic_regression":0.2336625,"score_regional_fuzzy_knn":0.0,"score_regional_xgboost":0.00361},"geometry":{"type":"Polygon","coordinates":[[[-71.1314813,-9.8004941],[-71.1233439,-9.8005451],[-71.1233095,-9.7951387],[-71.1314468,-9.7950877],[-71.1314813,-9.8004941]]]}},{"type":"Feature","id":"AC-Y377-X402","properties":{"id":"AC-Y377-X402","grid_x":402,"grid_y":377,"region":"oeste","centroid":[-71.119258,-9.7978674],"aggregation":"none","score_unico_gradboost":0.001543,"score_unico_random_forest":0.0691973,"score_unico_logistic_regression":0.2174468,"score_unico_fuzzy_knn":0.0,"score_unico_xgboost":0.0020527,"score_regional_gradboost":0.0034204,"score_regional_random_forest":0.0080328,"score_regional_logistic_regression":0.2687808,"score_regional_fuzzy_knn":0.0,"score_regional_xgboost":0.0031697},"geometry":{"type":"Polygon","coordinates":[[[-71.1233439,-9.8005451],[-71.1152065,-9.800596],[-71.1151722,-9.7951895],[-71.1233095,-9.7951387],[-71.1233439,-9.8005451]]]}},{"type":"Feature","id":"AC-Y378-X396","properties":{"id":"AC-Y378-X396","grid_x":396,"grid_y":378,"region":"oeste","centroid":[-71.1680464,-9.7921527],"aggregation":"none","score_unico_gradboost":0.0017903,"score_unico_random_forest":0.0743909,"score_unico_logistic_regression":0.2826942,"score_unico_fuzzy_knn":0.0,"score_unico_xgboost":0.0037394,"score_regional_gradboost":0.0059475,"score_regional_random_forest":0.038634,"score_regional_logistic_regression":0.4048068,"score_regional_fuzzy_knn":0.0,"score_regional_xgboost":0.0149247},"geometry":{"type":"Polygon","coordinates":[[[-71.1721325,-9.7948298],[-71.1639954,-9.7948817],[-71.1639604,-9.7894755],[-71.1720973,-9.7894235],[-71.1721325,-9.7948298]]]}},{"type":"Feature","id":"AC-Y378-X397","properties":{"id":"AC-Y378-X397","grid_x":397,"grid_y":378,"region":"oeste","centroid":[-71.1599094,-9.7922045],"aggregation":"none","score_unico_gradboost":0.0021274,"score_unico_random_forest":0.0937925,"score_unico_logistic_regression":0.3434977,"score_unico_fuzzy_knn":0.0,"score_unico_xgboost":0.0094252,"score_regional_gradboost":0.0040266,"score_regional_random_forest":0.1268268,"score_regional_logistic_regression":0.5406753,"score_regional_fuzzy_knn":0.0080344,"score_regional_xgboost":0.0154667},"geometry":{"type":"Polygon","coordinates":[[[-71.1639954,-9.7948817],[-71.1558583,-9.7949335],[-71.1558234,-9.7895272],[-71.1639604,-9.7894755],[-71.1639954,-9.7948817]]]}},{"type":"Feature","id":"AC-Y378-X398","properties":{"id":"AC-Y378-X398","grid_x":398,"grid_y":378,"region":"oeste","centroid":[-71.1517723,-9.7922562],"aggregation":"none","score_unico_gradboost":0.0017903,"score_unico_random_forest":0.0782826,"score_unico_logistic_regression":0.2788485,"score_unico_fuzzy_knn":0.0,"score_unico_xgboost":0.0038247,"score_regional_gradboost":0.0051164,"score_regional_random_forest":0.0365264,"score_regional_logistic_regression":0.4001803,"score_regional_fuzzy_knn":0.0,"score_regional_xgboost":0.0149247},"geometry":{"type":"Polygon","coordinates":[[[-71.1558583,-9.7949335],[-71.1477212,-9.7949851],[-71.1476864,-9.7895788],[-71.1558234,-9.7895272],[-71.1558583,-9.7949335]]]}},{"type":"Feature","id":"AC-Y378-X399","properties":{"id":"AC-Y378-X399","grid_x":399,"grid_y":378,"region":"oeste","centroid":[-71.1436353,-9.7923077],"aggregation":"none","score_unico_gradboost":0.0018836,"score_unico_random_forest":0.0792869,"score_unico_logistic_regression":0.2128823,"score_unico_fuzzy_knn":0.0,"score_unico_xgboost":0.0036038,"score_regional_gradboost":0.0063794,"score_regional_random_forest":0.0253327,"score_regional_logistic_regression":0.2871638,"score_regional_fuzzy_knn":0.0,"score_regional_xgboost":0.0093032},"geometry":{"type":"Polygon","coordinates":[[[-71.1477212,-9.7949851],[-71.139584,-9.7950365],[-71.1395494,-9.7896302],[-71.1476864,-9.7895788],[-71.1477212,-9.7949851]]]}},{"type":"Feature","id":"AC-Y378-X400","properties":{"id":"AC-Y378-X400","grid_x":400,"grid_y":378,"region":"oeste","centroid":[-71.1354981,-9.792359],"aggregation":"none","score_unico_gradboost":0.0014271,"score_unico_random_forest":0.071399,"score_unico_logistic_regression":0.2387116,"score_unico_fuzzy_knn":0.0,"score_unico_xgboost":0.0015991,"score_regional_gradboost":0.0037053,"score_regional_random_forest":0.0085056,"score_regional_logistic_regression":0.3102971,"score_regional_fuzzy_knn":0.0,"score_regional_xgboost":0.0041338},"geometry":{"type":"Polygon","coordinates":[[[-71.139584,-9.7950365],[-71.1314468,-9.7950877],[-71.1314123,-9.7896813],[-71.1395494,-9.7896302],[-71.139584,-9.7950365]]]}},{"type":"Feature","id":"AC-Y378-X401","properties":{"id":"AC-Y378-X401","grid_x":401,"grid_y":378,"region":"oeste","centroid":[-71.1273609,-9.79241],"aggregation":"none","score_unico_gradboost":0.0013975,"score_unico_random_forest":0.0666432,"score_unico_logistic_regression":0.2228096,"score_unico_fuzzy_knn":0.0,"score_unico_xgboost":0.0015793,"score_regional_gradboost":0.0034204,"score_regional_random_forest":0.0068758,"score_regional_logistic_regression":0.2817078,"score_regional_fuzzy_knn":0.0,"score_regional_xgboost":0.0031697},"geometry":{"type":"Polygon","coordinates":[[[-71.1314468,-9.7950877],[-71.1233095,-9.7951387],[-71.1232751,-9.7897323],[-71.1314123,-9.7896813],[-71.1314468,-9.7950877]]]}},{"type":"Feature","id":"AC-Y378-X402","properties":{"id":"AC-Y378-X402","grid_x":402,"grid_y":378,"region":"oeste","centroid":[-71.1192237,-9.7924609],"aggregation":"none","score_unico_gradboost":0.001419,"score_unico_random_forest":0.0674729,"score_unico_logistic_regression":0.172423,"score_unico_fuzzy_knn":0.0,"score_unico_xgboost":0.0020975,"score_regional_gradboost":0.0063805,"score_regional_random_forest":0.0093155,"score_regional_logistic_regression":0.2106477,"score_regional_fuzzy_knn":0.0,"score_regional_xgboost":0.00361},"geometry":{"type":"Polygon","coordinates":[[[-71.1233095,-9.7951387],[-71.1151722,-9.7951895],[-71.115138,-9.7897831],[-71.1232751,-9.7897323],[-71.1233095,-9.7951387]]]}},{"type":"Feature","id":"AC-Y378-X403","properties":{"id":"AC-Y378-X403","grid_x":403,"grid_y":378,"region":"oeste","centroid":[-71.1110864,-9.7925116],"aggregation":"none","score_unico_gradboost":0.0011678,"score_unico_random_forest":0.0535143,"score_unico_logistic_regression":0.182758,"score_unico_fuzzy_knn":0.0,"score_unico_xgboost":0.0018333,"score_regional_gradboost":0.0063805,"score_regional_random_forest":0.0089982,"score_regional_logistic_regression":0.2202193,"score_regional_fuzzy_knn":0.0,"score_regional_xgboost":0.00361},"geometry":{"type":"Polygon","coordinates":[[[-71.1151722,-9.7951895],[-71.1070348,-9.7952402],[-71.1070007,-9.7898337],[-71.115138,-9.7897831],[-71.1151722,-9.7951895]]]}},{"type":"Feature","id":"AC-Y379-X396","properties":{"id":"AC-Y379-X396","grid_x":396,"grid_y":379,"region":"oeste","centroid":[-71.1680113,-9.7867464],"aggregation":"none","score_unico_gradboost":0.0029038,"score_unico_random_forest":0.0722696,"score_unico_logistic_regression":0.2649756,"score_unico_fuzzy_knn":0.0,"score_unico_xgboost":0.0039393,"score_regional_gradboost":0.0058444,"score_regional_random_forest":0.0306169,"score_regional_logistic_regression":0.3736798,"score_regional_fuzzy_knn":0.0,"score_regional_xgboost":0.0149247},"geometry":{"type":"Polygon","coordinates":[[[-71.1720973,-9.7894235],[-71.1639604,-9.7894755],[-71.1639254,-9.7840692],[-71.1720622,-9.7840173],[-71.1720973,-9.7894235]]]}},{"type":"Feature","id":"AC-Y379-X397","properties":{"id":"AC-Y379-X397","grid_x":397,"grid_y":379,"region":"oeste","centroid":[-71.1598744,-9.7867982],"aggregation":"none","score_unico_gradboost":0.0020704,"score_unico_random_forest":0.0901517,"score_unico_logistic_regression":0.3393821,"score_unico_fuzzy_knn":0.0,"score_unico_xgboost":0.0096291,"score_regional_gradboost":0.0040989,"score_regional_random_forest":0.1268268,"score_regional_logistic_regression":0.5230654,"score_regional_fuzzy_knn":0.0080202,"score_regional_xgboost":0.0156824},"geometry":{"type":"Polygon","coordinates":[[[-71.1639604,-9.7894755],[-71.1558234,-9.7895272],[-71.1557886,-9.7841209],[-71.1639254,-9.7840692],[-71.1639604,-9.7894755]]]}},{"type":"Feature","id":"AC-Y379-X398","properties":{"id":"AC-Y379-X398","grid_x":398,"grid_y":379,"region":"oeste","centroid":[-71.1517375,-9.7868499],"aggregation":"none","score_unico_gradboost":0.0023087,"score_unico_random_forest":0.0687017,"score_unico_logistic_regression":0.2678065,"score_unico_fuzzy_knn":0.0,"score_unico_xgboost":0.0038219,"score_regional_gradboost":0.0051164,"score_regional_random_forest":0.0250583,"score_regional_logistic_regression":0.3854793,"score_regional_fuzzy_knn":0.0,"score_regional_xgboost":0.0149247},"geometry":{"type":"Polygon","coordinates":[[[-71.1558234,-9.7895272],[-71.1476864,-9.7895788],[-71.1476517,-9.7841725],[-71.1557886,-9.7841209],[-71.1558234,-9.7895272]]]}},{"type":"Feature","id":"AC-Y379-X399","properties":{"id":"AC-Y379-X399","grid_x":399,"grid_y":379,"region":"oeste","centroid":[-71.1436006,-9.7869013],"aggregation":"none","score_unico_gradboost":0.0020878,"score_unico_random_forest":0.0789686,"score_unico_logistic_regression":0.244037,"score_unico_fuzzy_knn":0.0,"score_unico_xgboost":0.0032431,"score_regional_gradboost":0.0060565,"score_regional_random_forest":0.0261722,"score_regional_logistic_regression":0.3292975,"score_regional_fuzzy_knn":0.0,"score_regional_xgboost":0.0108502},"geometry":{"type":"Polygon","coordinates":[[[-71.1476864,-9.7895788],[-71.1395494,-9.7896302],[-71.1395148,-9.7842238],[-71.1476517,-9.7841725],[-71.1476864,-9.7895788]]]}},{"type":"Feature","id":"AC-Y379-X400","properties":{"id":"AC-Y379-X400","grid_x":400,"grid_y":379,"region":"oeste","centroid":[-71.1354636,-9.7869526],"aggregation":"none","score_unico_gradboost":0.0011972,"score_unico_random_forest":0.0717428,"score_unico_logistic_regression":0.206096,"score_unico_fuzzy_knn":0.0,"score_unico_xgboost":0.001803,"score_regional_gradboost":0.0039033,"score_regional_random_forest":0.0089832,"score_regional_logistic_regression":0.2669654,"score_regional_fuzzy_knn":0.0,"score_regional_xgboost":0.003541},"geometry":{"type":"Polygon","coordinates":[[[-71.1395494,-9.7896302],[-71.1314123,-9.7896813],[-71.1313778,-9.7842749],[-71.1395148,-9.7842238],[-71.1395494,-9.7896302]]]}},{"type":"Feature","id":"AC-Y379-X401","properties":{"id":"AC-Y379-X401","grid_x":401,"grid_y":379,"region":"oeste","centroid":[-71.1273265,-9.7870036],"aggregation":"none","score_unico_gradboost":0.0015422,"score_unico_random_forest":0.0658394,"score_unico_logistic_regression":0.2384716,"score_unico_fuzzy_knn":0.0,"score_unico_xgboost":0.0016024,"score_regional_gradboost":0.0035195,"score_regional_random_forest":0.0082156,"score_regional_logistic_regression":0.3021025,"score_regional_fuzzy_knn":0.0,"score_regional_xgboost":0.0037005},"geometry":{"type":"Polygon","coordinates":[[[-71.1314123,-9.7896813],[-71.1232751,-9.7897323],[-71.1232408,-9.7843259],[-71.1313778,-9.7842749],[-71.1314123,-9.7896813]]]}},{"type":"Feature","id":"AC-Y379-X402","properties":{"id":"AC-Y379-X402","grid_x":402,"grid_y":379,"region":"oeste","centroid":[-71.1191894,-9.7870545],"aggregation":"none","score_unico_gradboost":0.001543,"score_unico_random_forest":0.0667788,"score_unico_logistic_regression":0.2136806,"score_unico_fuzzy_knn":0.0,"score_unico_xgboost":0.0020636,"score_regional_gradboost":0.0034204,"score_regional_random_forest":0.0080328,"score_regional_logistic_regression":0.2642698,"score_regional_fuzzy_knn":0.0,"score_regional_xgboost":0.0031697},"geometry":{"type":"Polygon","coordinates":[[[-71.1232751,-9.7897323],[-71.115138,-9.7897831],[-71.1151037,-9.7843766],[-71.1232408,-9.7843259],[-71.1232751,-9.7897323]]]}},{"type":"Feature","id":"AC-Y379-X403","properties":{"id":"AC-Y379-X403","grid_x":403,"grid_y":379,"region":"oeste","centroid":[-71.1110523,-9.7871052],"aggregation":"none","score_unico_gradboost":0.0011678,"score_unico_random_forest":0.0563863,"score_unico_logistic_regression":0.1794125,"score_unico_fuzzy_knn":0.0,"score_unico_xgboost":0.0018333,"score_regional_gradboost":0.0063805,"score_regional_random_forest":0.008617,"score_regional_logistic_regression":0.215914,"score_regional_fuzzy_knn":0.0,"score_regional_xgboost":0.00361},"geometry":{"type":"Polygon","coordinates":[[[-71.115138,-9.7897831],[-71.1070007,-9.7898337],[-71.1069666,-9.7844272],[-71.1151037,-9.7843766],[-71.115138,-9.7897831]]]}},{"type":"Feature","id":"AC-Y380-X396","properties":{"id":"AC-Y380-X396","grid_x":396,"grid_y":380,"region":"oeste","centroid":[-71.1679762,-9.7813401],"aggregation":"none","score_unico_gradboost":0.002352,"score_unico_random_forest":0.0601129,"score_unico_logistic_regression":0.2223965,"score_unico_fuzzy_knn":0.0,"score_unico_xgboost":0.0036643,"score_regional_gradboost":0.0059593,"score_regional_random_forest":0.0234735,"score_regional_logistic_regression":0.3163281,"score_regional_fuzzy_knn":0.0,"score_regional_xgboost":0.0119541},"geometry":{"type":"Polygon","coordinates":[[[-71.1720622,-9.7840173],[-71.1639254,-9.7840692],[-71.1638904,-9.7786629],[-71.172027,-9.778611],[-71.1720622,-9.7840173]]]}},{"type":"Feature","id":"AC-Y380-X397","properties":{"id":"AC-Y380-X397","grid_x":397,"grid_y":380,"region":"oeste","centroid":[-71.1598395,-9.7813919],"aggregation":"none","score_unico_gradboost":0.0024574,"score_unico_random_forest":0.0949358,"score_unico_logistic_regression":0.3351098,"score_unico_fuzzy_knn":0.0,"score_unico_xgboost":0.0073461,"score_regional_gradboost":0.0030123,"score_regional_random_forest":0.0865742,"score_regional_logistic_regression":0.5433174,"score_regional_fuzzy_knn":0.0,"score_regional_xgboost":0.0121843},"geometry":{"type":"Polygon","coordinates":[[[-71.1639254,-9.7840692],[-71.1557886,-9.7841209],[-71.1557537,-9.7787146],[-71.1638904,-9.7786629],[-71.1639254,-9.7840692]]]}},{"type":"Feature","id":"AC-Y380-X398","properties":{"id":"AC-Y380-X398","grid_x":398,"grid_y":380,"region":"oeste","centroid":[-71.1517027,-9.7814436],"aggregation":"none","score_unico_gradboost":0.0020014,"score_unico_random_forest":0.0743227,"score_unico_logistic_regression":0.2705445,"score_unico_fuzzy_knn":0.0,"score_unico_xgboost":0.0040548,"score_regional_gradboost":0.0059903,"score_regional_random_forest":0.0289798,"score_regional_logistic_regression":0.3839353,"score_regional_fuzzy_knn":0.0,"score_regional_xgboost":0.0149247},"geometry":{"type":"Polygon","coordinates":[[[-71.1557886,-9.7841209],[-71.1476517,-9.7841725],[-71.147617,-9.7787661],[-71.1557537,-9.7787146],[-71.1557886,-9.7841209]]]}},{"type":"Feature","id":"AC-Y380-X399","properties":{"id":"AC-Y380-X399","grid_x":399,"grid_y":380,"region":"oeste","centroid":[-71.1435659,-9.781495],"aggregation":"none","score_unico_gradboost":0.0017517,"score_unico_random_forest":0.0790635,"score_unico_logistic_regression":0.2087855,"score_unico_fuzzy_knn":0.0,"score_unico_xgboost":0.0036038,"score_regional_gradboost":0.0063794,"score_regional_random_forest":0.0253327,"score_regional_logistic_regression":0.2805907,"score_regional_fuzzy_knn":0.0,"score_regional_xgboost":0.0093032},"geometry":{"type":"Polygon","coordinates":[[[-71.1476517,-9.7841725],[-71.1395148,-9.7842238],[-71.1394802,-9.7788174],[-71.147617,-9.7787661],[-71.1476517,-9.7841725]]]}},{"type":"Feature","id":"AC-Y380-X400","properties":{"id":"AC-Y380-X400","grid_x":400,"grid_y":380,"region":"oeste","centroid":[-71.135429,-9.7815462],"aggregation":"none","score_unico_gradboost":0.0012932,"score_unico_random_forest":0.0738616,"score_unico_logistic_regression":0.2246468,"score_unico_fuzzy_knn":0.0,"score_unico_xgboost":0.001576,"score_regional_gradboost":0.003601,"score_regional_random_forest":0.0072462,"score_regional_logistic_regression":0.2913055,"score_regional_fuzzy_knn":0.0,"score_regional_xgboost":0.003541},"geometry":{"type":"Polygon","coordinates":[[[-71.1395148,-9.7842238],[-71.1313778,-9.7842749],[-71.1313433,-9.7788685],[-71.1394802,-9.7788174],[-71.1395148,-9.7842238]]]}},{"type":"Feature","id":"AC-Y380-X401","properties":{"id":"AC-Y380-X401","grid_x":401,"grid_y":380,"region":"oeste","centroid":[-71.1272921,-9.7815972],"aggregation":"none","score_unico_gradboost":0.0012594,"score_unico_random_forest":0.06569,"score_unico_logistic_regression":0.2264773,"score_unico_fuzzy_knn":0.0,"score_unico_xgboost":0.0015793,"score_regional_gradboost":0.0034204,"score_regional_random_forest":0.0070372,"score_regional_logistic_regression":0.2862924,"score_regional_fuzzy_knn":0.0,"score_regional_xgboost":0.0031697},"geometry":{"type":"Polygon","coordinates":[[[-71.1313778,-9.7842749],[-71.1232408,-9.7843259],[-71.1232065,-9.7789195],[-71.1313433,-9.7788685],[-71.1313778,-9.7842749]]]}},{"type":"Feature","id":"AC-Y380-X402","properties":{"id":"AC-Y380-X402","grid_x":402,"grid_y":380,"region":"oeste","centroid":[-71.1191551,-9.7816481],"aggregation":"none","score_unico_gradboost":0.0016914,"score_unico_random_forest":0.0679431,"score_unico_logistic_regression":0.2408065,"score_unico_fuzzy_knn":0.0,"score_unico_xgboost":0.0019228,"score_regional_gradboost":0.0035195,"score_regional_random_forest":0.0086293,"score_regional_logistic_regression":0.2991155,"score_regional_fuzzy_knn":0.0,"score_regional_xgboost":0.0037005},"geometry":{"type":"Polygon","coordinates":[[[-71.1232408,-9.7843259],[-71.1151037,-9.7843766],[-71.1150695,-9.7789702],[-71.1232065,-9.7789195],[-71.1232408,-9.7843259]]]}},{"type":"Feature","id":"AC-Y380-X403","properties":{"id":"AC-Y380-X403","grid_x":403,"grid_y":380,"region":"oeste","centroid":[-71.1110181,-9.7816987],"aggregation":"none","score_unico_gradboost":0.001392,"score_unico_random_forest":0.0573062,"score_unico_logistic_regression":0.2375605,"score_unico_fuzzy_knn":0.0,"score_unico_xgboost":0.0017195,"score_regional_gradboost":0.0035195,"score_regional_random_forest":0.0081501,"score_regional_logistic_regression":0.2903306,"score_regional_fuzzy_knn":0.0,"score_regional_xgboost":0.0037005},"geometry":{"type":"Polygon","coordinates":[[[-71.1151037,-9.7843766],[-71.1069666,-9.7844272],[-71.1069326,-9.7790207],[-71.1150695,-9.7789702],[-71.1151037,-9.7843766]]]}},{"type":"Feature","id":"AC-Y381-X396","properties":{"id":"AC-Y381-X396","grid_x":396,"grid_y":381,"region":"oeste","centroid":[-71.1679412,-9.7759339],"aggregation":"none","score_unico_gradboost":0.0020395,"score_unico_random_forest":0.0614455,"score_unico_logistic_regression":0.287587,"score_unico_fuzzy_knn":0.0,"score_unico_xgboost":0.0041884,"score_regional_gradboost":0.0051272,"score_regional_random_forest":0.0670583,"score_regional_logistic_regression":0.405761,"score_regional_fuzzy_knn":0.0,"score_regional_xgboost":0.0194827},"geometry":{"type":"Polygon","coordinates":[[[-71.172027,-9.778611],[-71.1638904,-9.7786629],[-71.1638554,-9.7732566],[-71.1719919,-9.7732048],[-71.172027,-9.778611]]]}},{"type":"Feature","id":"AC-Y381-X397","properties":{"id":"AC-Y381-X397","grid_x":397,"grid_y":381,"region":"oeste","centroid":[-71.1598046,-9.7759856],"aggregation":"none","score_unico_gradboost":0.0024528,"score_unico_random_forest":0.0954842,"score_unico_logistic_regression":0.3223411,"score_unico_fuzzy_knn":0.0,"score_unico_xgboost":0.007363,"score_regional_gradboost":0.0030123,"score_regional_random_forest":0.0851987,"score_regional_logistic_regression":0.5102609,"score_regional_fuzzy_knn":0.0,"score_regional_xgboost":0.0134423},"geometry":{"type":"Polygon","coordinates":[[[-71.1638904,-9.7786629],[-71.1557537,-9.7787146],[-71.1557189,-9.7733083],[-71.1638554,-9.7732566],[-71.1638904,-9.7786629]]]}},{"type":"Feature","id":"AC-Y381-X398","properties":{"id":"AC-Y381-X398","grid_x":398,"grid_y":381,"region":"oeste","centroid":[-71.1516679,-9.7760372],"aggregation":"none","score_unico_gradboost":0.002082,"score_unico_random_forest":0.0825796,"score_unico_logistic_regression":0.2792662,"score_unico_fuzzy_knn":0.0,"score_unico_xgboost":0.0037778,"score_regional_gradboost":0.0063249,"score_regional_random_forest":0.0403089,"score_regional_logistic_regression":0.3880304,"score_regional_fuzzy_knn":0.0,"score_regional_xgboost":0.0149247},"geometry":{"type":"Polygon","coordinates":[[[-71.1557537,-9.7787146],[-71.147617,-9.7787661],[-71.1475822,-9.7733598],[-71.1557189,-9.7733083],[-71.1557537,-9.7787146]]]}},{"type":"Feature","id":"AC-Y381-X399","properties":{"id":"AC-Y381-X399","grid_x":399,"grid_y":381,"region":"oeste","centroid":[-71.1435312,-9.7760886],"aggregation":"none","score_unico_gradboost":0.001568,"score_unico_random_forest":0.0771766,"score_unico_logistic_regression":0.2095404,"score_unico_fuzzy_knn":0.0,"score_unico_xgboost":0.0023818,"score_regional_gradboost":0.0036038,"score_regional_random_forest":0.0233442,"score_regional_logistic_regression":0.2781502,"score_regional_fuzzy_knn":0.0,"score_regional_xgboost":0.0056575},"geometry":{"type":"Polygon","coordinates":[[[-71.147617,-9.7787661],[-71.1394802,-9.7788174],[-71.1394456,-9.7734111],[-71.1475822,-9.7733598],[-71.147617,-9.7787661]]]}},{"type":"Feature","id":"AC-Y381-X400","properties":{"id":"AC-Y381-X400","grid_x":400,"grid_y":381,"region":"oeste","centroid":[-71.1353945,-9.7761398],"aggregation":"none","score_unico_gradboost":0.0013204,"score_unico_random_forest":0.0691106,"score_unico_logistic_regression":0.224088,"score_unico_fuzzy_knn":0.0,"score_unico_xgboost":0.0014725,"score_regional_gradboost":0.0033278,"score_regional_random_forest":0.0069663,"score_regional_logistic_regression":0.2889306,"score_regional_fuzzy_knn":0.0,"score_regional_xgboost":0.0032636},"geometry":{"type":"Polygon","coordinates":[[[-71.1394802,-9.7788174],[-71.1313433,-9.7788685],[-71.1313089,-9.7734622],[-71.1394456,-9.7734111],[-71.1394802,-9.7788174]]]}},{"type":"Feature","id":"AC-Y381-X401","properties":{"id":"AC-Y381-X401","grid_x":401,"grid_y":381,"region":"oeste","centroid":[-71.1272577,-9.7761908],"aggregation":"none","score_unico_gradboost":0.0015531,"score_unico_random_forest":0.0715966,"score_unico_logistic_regression":0.2300377,"score_unico_fuzzy_knn":0.0,"score_unico_xgboost":0.0018318,"score_regional_gradboost":0.0034656,"score_regional_random_forest":0.0097319,"score_regional_logistic_regression":0.2900219,"score_regional_fuzzy_knn":0.0,"score_regional_xgboost":0.0031697},"geometry":{"type":"Polygon","coordinates":[[[-71.1313433,-9.7788685],[-71.1232065,-9.7789195],[-71.1231722,-9.773513],[-71.1313089,-9.7734622],[-71.1313433,-9.7788685]]]}},{"type":"Feature","id":"AC-Y381-X402","properties":{"id":"AC-Y381-X402","grid_x":402,"grid_y":381,"region":"oeste","centroid":[-71.1191209,-9.7762416],"aggregation":"none","score_unico_gradboost":0.0016502,"score_unico_random_forest":0.0818847,"score_unico_logistic_regression":0.2550186,"score_unico_fuzzy_knn":0.0,"score_unico_xgboost":0.0025118,"score_regional_gradboost":0.0030982,"score_regional_random_forest":0.0177775,"score_regional_logistic_regression":0.3167011,"score_regional_fuzzy_knn":0.0,"score_regional_xgboost":0.004261},"geometry":{"type":"Polygon","coordinates":[[[-71.1232065,-9.7789195],[-71.1150695,-9.7789702],[-71.1150354,-9.7735637],[-71.1231722,-9.773513],[-71.1232065,-9.7789195]]]}},{"type":"Feature","id":"AC-Y381-X403","properties":{"id":"AC-Y381-X403","grid_x":403,"grid_y":381,"region":"oeste","centroid":[-71.110984,-9.7762923],"aggregation":"none","score_unico_gradboost":0.0011678,"score_unico_random_forest":0.0535788,"score_unico_logistic_regression":0.1908814,"score_unico_fuzzy_knn":0.0,"score_unico_xgboost":0.0018333,"score_regional_gradboost":0.0037076,"score_regional_random_forest":0.0077549,"score_regional_logistic_regression":0.2302692,"score_regional_fuzzy_knn":0.0,"score_regional_xgboost":0.0031697},"geometry":{"type":"Polygon","coordinates":[[[-71.1150695,-9.7789702],[-71.1069326,-9.7790207],[-71.1068985,-9.7736142],[-71.1150354,-9.7735637],[-71.1150695,-9.7789702]]]}},{"type":"Feature","id":"AC-Y382-X396","properties":{"id":"AC-Y382-X396","grid_x":396,"grid_y":382,"region":"oeste","centroid":[-71.1679062,-9.7705276],"aggregation":"none","score_unico_gradboost":0.0021025,"score_unico_random_forest":0.0603654,"score_unico_logistic_regression":0.296957,"score_unico_fuzzy_knn":0.0,"score_unico_xgboost":0.0051145,"score_regional_gradboost":0.0040687,"score_regional_random_forest":0.0810172,"score_regional_logistic_regression":0.4265161,"score_regional_fuzzy_knn":0.0,"score_regional_xgboost":0.0269417},"geometry":{"type":"Polygon","coordinates":[[[-71.1719919,-9.7732048],[-71.1638554,-9.7732566],[-71.1638205,-9.7678504],[-71.1719569,-9.7677985],[-71.1719919,-9.7732048]]]}},{"type":"Feature","id":"AC-Y382-X397","properties":{"id":"AC-Y382-X397","grid_x":397,"grid_y":382,"region":"oeste","centroid":[-71.1597697,-9.7705794],"aggregation":"none","score_unico_gradboost":0.0018506,"score_unico_random_forest":0.0832617,"score_unico_logistic_regression":0.3035414,"score_unico_fuzzy_knn":0.0,"score_unico_xgboost":0.0059411,"score_regional_gradboost":0.0036588,"score_regional_random_forest":0.0828747,"score_regional_logistic_regression":0.4482893,"score_regional_fuzzy_knn":0.0,"score_regional_xgboost":0.0252816},"geometry":{"type":"Polygon","coordinates":[[[-71.1638554,-9.7732566],[-71.1557189,-9.7733083],[-71.155684,-9.767902],[-71.1638205,-9.7678504],[-71.1638554,-9.7732566]]]}},{"type":"Feature","id":"AC-Y382-X398","properties":{"id":"AC-Y382-X398","grid_x":398,"grid_y":382,"region":"oeste","centroid":[-71.1516332,-9.7706309],"aggregation":"none","score_unico_gradboost":0.0023991,"score_unico_random_forest":0.0769086,"score_unico_logistic_regression":0.2575701,"score_unico_fuzzy_knn":0.0,"score_unico_xgboost":0.0044195,"score_regional_gradboost":0.0058559,"score_regional_random_forest":0.027012,"score_regional_logistic_regression":0.3524392,"score_regional_fuzzy_knn":0.0,"score_regional_xgboost":0.0134154},"geometry":{"type":"Polygon","coordinates":[[[-71.1557189,-9.7733083],[-71.1475822,-9.7733598],[-71.1475476,-9.7679534],[-71.155684,-9.767902],[-71.1557189,-9.7733083]]]}},{"type":"Feature","id":"AC-Y382-X399","properties":{"id":"AC-Y382-X399","grid_x":399,"grid_y":382,"region":"oeste","centroid":[-71.1434966,-9.7706823],"aggregation":"none","score_unico_gradboost":0.0012229,"score_unico_random_forest":0.0840703,"score_unico_logistic_regression":0.214335,"score_unico_fuzzy_knn":0.0,"score_unico_xgboost":0.0020467,"score_regional_gradboost":0.0033246,"score_regional_random_forest":0.02213,"score_regional_logistic_regression":0.2822676,"score_regional_fuzzy_knn":0.0,"score_regional_xgboost":0.004782},"geometry":{"type":"Polygon","coordinates":[[[-71.1475822,-9.7733598],[-71.1394456,-9.7734111],[-71.139411,-9.7680047],[-71.1475476,-9.7679534],[-71.1475822,-9.7733598]]]}},{"type":"Feature","id":"AC-Y382-X400","properties":{"id":"AC-Y382-X400","grid_x":400,"grid_y":382,"region":"oeste","centroid":[-71.13536,-9.7707334],"aggregation":"none","score_unico_gradboost":0.001492,"score_unico_random_forest":0.0788116,"score_unico_logistic_regression":0.2642239,"score_unico_fuzzy_knn":0.0,"score_unico_xgboost":0.0021191,"score_regional_gradboost":0.0030982,"score_regional_random_forest":0.0230949,"score_regional_logistic_regression":0.3392588,"score_regional_fuzzy_knn":0.0,"score_regional_xgboost":0.004261},"geometry":{"type":"Polygon","coordinates":[[[-71.1394456,-9.7734111],[-71.1313089,-9.7734622],[-71.1312745,-9.7680558],[-71.139411,-9.7680047],[-71.1394456,-9.7734111]]]}},{"type":"Feature","id":"AC-Y382-X401","properties":{"id":"AC-Y382-X401","grid_x":401,"grid_y":382,"region":"oeste","centroid":[-71.1272233,-9.7707844],"aggregation":"none","score_unico_gradboost":0.001553,"score_unico_random_forest":0.0746361,"score_unico_logistic_regression":0.2415015,"score_unico_fuzzy_knn":0.0,"score_unico_xgboost":0.0017698,"score_regional_gradboost":0.0035195,"score_regional_random_forest":0.0087958,"score_regional_logistic_regression":0.3034116,"score_regional_fuzzy_knn":0.0,"score_regional_xgboost":0.0037005},"geometry":{"type":"Polygon","coordinates":[[[-71.1313089,-9.7734622],[-71.1231722,-9.773513],[-71.1231379,-9.7681066],[-71.1312745,-9.7680558],[-71.1313089,-9.7734622]]]}},{"type":"Feature","id":"AC-Y382-X402","properties":{"id":"AC-Y382-X402","grid_x":402,"grid_y":382,"region":"oeste","centroid":[-71.1190866,-9.7708352],"aggregation":"none","score_unico_gradboost":0.0016409,"score_unico_random_forest":0.0985427,"score_unico_logistic_regression":0.2652913,"score_unico_fuzzy_knn":0.0,"score_unico_xgboost":0.0026233,"score_regional_gradboost":0.0030982,"score_regional_random_forest":0.0406405,"score_regional_logistic_regression":0.3287296,"score_regional_fuzzy_knn":0.0,"score_regional_xgboost":0.004261},"geometry":{"type":"Polygon","coordinates":[[[-71.1231722,-9.773513],[-71.1150354,-9.7735637],[-71.1150012,-9.7681573],[-71.1231379,-9.7681066],[-71.1231722,-9.773513]]]}},{"type":"Feature","id":"AC-Y383-X396","properties":{"id":"AC-Y383-X396","grid_x":396,"grid_y":383,"region":"oeste","centroid":[-71.1678712,-9.7651213],"aggregation":"none","score_unico_gradboost":0.0019823,"score_unico_random_forest":0.0698775,"score_unico_logistic_regression":0.2669496,"score_unico_fuzzy_knn":0.0,"score_unico_xgboost":0.0034207,"score_regional_gradboost":0.0046015,"score_regional_random_forest":0.0262007,"score_regional_logistic_regression":0.3987609,"score_regional_fuzzy_knn":0.0,"score_regional_xgboost":0.0139944},"geometry":{"type":"Polygon","coordinates":[[[-71.1719569,-9.7677985],[-71.1638205,-9.7678504],[-71.1637855,-9.7624441],[-71.1719218,-9.7623923],[-71.1719569,-9.7677985]]]}},{"type":"Feature","id":"AC-Y383-X397","properties":{"id":"AC-Y383-X397","grid_x":397,"grid_y":383,"region":"oeste","centroid":[-71.1597348,-9.7651731],"aggregation":"none","score_unico_gradboost":0.0018506,"score_unico_random_forest":0.0832617,"score_unico_logistic_regression":0.3032785,"score_unico_fuzzy_knn":0.0,"score_unico_xgboost":0.0059411,"score_regional_gradboost":0.0036588,"score_regional_random_forest":0.0837168,"score_regional_logistic_regression":0.44734,"score_regional_fuzzy_knn":0.0,"score_regional_xgboost":0.0252816},"geometry":{"type":"Polygon","coordinates":[[[-71.1638205,-9.7678504],[-71.155684,-9.767902],[-71.1556492,-9.7624957],[-71.1637855,-9.7624441],[-71.1638205,-9.7678504]]]}},{"type":"Feature","id":"AC-Y383-X398","properties":{"id":"AC-Y383-X398","grid_x":398,"grid_y":383,"region":"oeste","centroid":[-71.1515984,-9.7652246],"aggregation":"none","score_unico_gradboost":0.0017271,"score_unico_random_forest":0.0721048,"score_unico_logistic_regression":0.2325509,"score_unico_fuzzy_knn":0.0,"score_unico_xgboost":0.0042719,"score_regional_gradboost":0.005971,"score_regional_random_forest":0.0248301,"score_regional_logistic_regression":0.3175426,"score_regional_fuzzy_knn":0.0,"score_regional_xgboost":0.0107419},"geometry":{"type":"Polygon","coordinates":[[[-71.155684,-9.767902],[-71.1475476,-9.7679534],[-71.1475129,-9.7625471],[-71.1556492,-9.7624957],[-71.155684,-9.767902]]]}},{"type":"Feature","id":"AC-Y383-X399","properties":{"id":"AC-Y383-X399","grid_x":399,"grid_y":383,"region":"oeste","centroid":[-71.143462,-9.7652759],"aggregation":"none","score_unico_gradboost":0.0012687,"score_unico_random_forest":0.0809675,"score_unico_logistic_regression":0.19396,"score_unico_fuzzy_knn":0.0,"score_unico_xgboost":0.0018046,"score_regional_gradboost":0.003794,"score_regional_random_forest":0.0160601,"score_regional_logistic_regression":0.2530353,"score_regional_fuzzy_knn":0.0,"score_regional_xgboost":0.0040459},"geometry":{"type":"Polygon","coordinates":[[[-71.1475476,-9.7679534],[-71.139411,-9.7680047],[-71.1393765,-9.7625983],[-71.1475129,-9.7625471],[-71.1475476,-9.7679534]]]}},{"type":"Feature","id":"AC-Y383-X400","properties":{"id":"AC-Y383-X400","grid_x":400,"grid_y":383,"region":"oeste","centroid":[-71.1353255,-9.7653271],"aggregation":"none","score_unico_gradboost":0.0015422,"score_unico_random_forest":0.0647699,"score_unico_logistic_regression":0.2405836,"score_unico_fuzzy_knn":0.0,"score_unico_xgboost":0.0016907,"score_regional_gradboost":0.0035195,"score_regional_random_forest":0.007962,"score_regional_logistic_regression":0.306763,"score_regional_fuzzy_knn":0.0,"score_regional_xgboost":0.0037005},"geometry":{"type":"Polygon","coordinates":[[[-71.139411,-9.7680047],[-71.1312745,-9.7680558],[-71.1312401,-9.7626494],[-71.1393765,-9.7625983],[-71.139411,-9.7680047]]]}},{"type":"Feature","id":"AC-Y383-X401","properties":{"id":"AC-Y383-X401","grid_x":401,"grid_y":383,"region":"oeste","centroid":[-71.127189,-9.765378],"aggregation":"none","score_unico_gradboost":0.001553,"score_unico_random_forest":0.0732783,"score_unico_logistic_regression":0.243042,"score_unico_fuzzy_knn":0.0,"score_unico_xgboost":0.001746,"score_regional_gradboost":0.0035195,"score_regional_random_forest":0.0089017,"score_regional_logistic_regression":0.3040278,"score_regional_fuzzy_knn":0.0,"score_regional_xgboost":0.0037005},"geometry":{"type":"Polygon","coordinates":[[[-71.1312745,-9.7680558],[-71.1231379,-9.7681066],[-71.1231036,-9.7627002],[-71.1312401,-9.7626494],[-71.1312745,-9.7680558]]]}},{"type":"Feature","id":"AC-Y383-X402","properties":{"id":"AC-Y383-X402","grid_x":402,"grid_y":383,"region":"oeste","centroid":[-71.1190524,-9.7654288],"aggregation":"none","score_unico_gradboost":0.001571,"score_unico_random_forest":0.0776963,"score_unico_logistic_regression":0.2626674,"score_unico_fuzzy_knn":0.0,"score_unico_xgboost":0.002956,"score_regional_gradboost":0.0030982,"score_regional_random_forest":0.0254777,"score_regional_logistic_regression":0.3241567,"score_regional_fuzzy_knn":0.0,"score_regional_xgboost":0.004261},"geometry":{"type":"Polygon","coordinates":[[[-71.1231379,-9.7681066],[-71.1150012,-9.7681573],[-71.1149671,-9.7627508],[-71.1231036,-9.7627002],[-71.1231379,-9.7681066]]]}},{"type":"Feature","id":"AC-Y384-X398","properties":{"id":"AC-Y384-X398","grid_x":398,"grid_y":384,"region":"oeste","centroid":[-71.1515637,-9.7598183],"aggregation":"none","score_unico_gradboost":0.0019545,"score_unico_random_forest":0.0675461,"score_unico_logistic_regression":0.2184997,"score_unico_fuzzy_knn":0.0,"score_unico_xgboost":0.0041221,"score_regional_gradboost":0.005971,"score_regional_random_forest":0.0218642,"score_regional_logistic_regression":0.2969061,"score_regional_fuzzy_knn":0.0,"score_regional_xgboost":0.0107419},"geometry":{"type":"Polygon","coordinates":[[[-71.1556492,-9.7624957],[-71.1475129,-9.7625471],[-71.1474783,-9.7571408],[-71.1556145,-9.7570894],[-71.1556492,-9.7624957]]]}},{"type":"Feature","id":"AC-Y384-X399","properties":{"id":"AC-Y384-X399","grid_x":399,"grid_y":384,"region":"oeste","centroid":[-71.1434274,-9.7598696],"aggregation":"none","score_unico_gradboost":0.0016506,"score_unico_random_forest":0.0739162,"score_unico_logistic_regression":0.2530967,"score_unico_fuzzy_knn":0.0,"score_unico_xgboost":0.0017351,"score_regional_gradboost":0.0034957,"score_regional_random_forest":0.0159655,"score_regional_logistic_regression":0.3313032,"score_regional_fuzzy_knn":0.0,"score_regional_xgboost":0.0054372},"geometry":{"type":"Polygon","coordinates":[[[-71.1475129,-9.7625471],[-71.1393765,-9.7625983],[-71.139342,-9.757192],[-71.1474783,-9.7571408],[-71.1475129,-9.7625471]]]}},{"type":"Feature","id":"AC-Y384-X400","properties":{"id":"AC-Y384-X400","grid_x":400,"grid_y":384,"region":"oeste","centroid":[-71.1352911,-9.7599207],"aggregation":"none","score_unico_gradboost":0.001706,"score_unico_random_forest":0.0656569,"score_unico_logistic_regression":0.2465532,"score_unico_fuzzy_knn":0.0,"score_unico_xgboost":0.0016907,"score_regional_gradboost":0.0034161,"score_regional_random_forest":0.0142631,"score_regional_logistic_regression":0.314238,"score_regional_fuzzy_knn":0.0,"score_regional_xgboost":0.004261},"geometry":{"type":"Polygon","coordinates":[[[-71.1393765,-9.7625983],[-71.1312401,-9.7626494],[-71.1312057,-9.757243],[-71.139342,-9.757192],[-71.1393765,-9.7625983]]]}},{"type":"Feature","id":"AC-Y384-X401","properties":{"id":"AC-Y384-X401","grid_x":401,"grid_y":384,"region":"oeste","centroid":[-71.1271547,-9.7599716],"aggregation":"none","score_unico_gradboost":0.0018408,"score_unico_random_forest":0.0890426,"score_unico_logistic_regression":0.2768675,"score_unico_fuzzy_knn":0.0,"score_unico_xgboost":0.0033709,"score_regional_gradboost":0.0025324,"score_regional_random_forest":0.0549192,"score_regional_logistic_regression":0.3466005,"score_regional_fuzzy_knn":0.0,"score_regional_xgboost":0.0063184},"geometry":{"type":"Polygon","coordinates":[[[-71.1312401,-9.7626494],[-71.1231036,-9.7627002],[-71.1230693,-9.7572938],[-71.1312057,-9.757243],[-71.1312401,-9.7626494]]]}},{"type":"Feature","id":"AC-Y384-X402","properties":{"id":"AC-Y384-X402","grid_x":402,"grid_y":384,"region":"oeste","centroid":[-71.1190182,-9.7600223],"aggregation":"none","score_unico_gradboost":0.0014018,"score_unico_random_forest":0.0600909,"score_unico_logistic_regression":0.2295049,"score_unico_fuzzy_knn":0.0,"score_unico_xgboost":0.0016958,"score_regional_gradboost":0.0034656,"score_regional_random_forest":0.0074691,"score_regional_logistic_regression":0.2812534,"score_regional_fuzzy_knn":0.0,"score_regional_xgboost":0.0031697},"geometry":{"type":"Polygon","coordinates":[[[-71.1231036,-9.7627002],[-71.1149671,-9.7627508],[-71.1149329,-9.7573444],[-71.1230693,-9.7572938],[-71.1231036,-9.7627002]]]}},{"type":"Feature","id":"AC-Y385-X399","properties":{"id":"AC-Y385-X399","grid_x":399,"grid_y":385,"region":"oeste","centroid":[-71.1433928,-9.7544632],"aggregation":"none","score_unico_gradboost":0.0015161,"score_unico_random_forest":0.079559,"score_unico_logistic_regression":0.2608484,"score_unico_fuzzy_knn":0.0,"score_unico_xgboost":0.0018658,"score_regional_gradboost":0.0032619,"score_regional_random_forest":0.0133276,"score_regional_logistic_regression":0.3393251,"score_regional_fuzzy_knn":0.0,"score_regional_xgboost":0.0047595},"geometry":{"type":"Polygon","coordinates":[[[-71.1474783,-9.7571408],[-71.139342,-9.757192],[-71.1393075,-9.7517856],[-71.1474436,-9.7517344],[-71.1474783,-9.7571408]]]}},{"type":"Feature","id":"AC-Y385-X400","properties":{"id":"AC-Y385-X400","grid_x":400,"grid_y":385,"region":"oeste","centroid":[-71.1352566,-9.7545143],"aggregation":"none","score_unico_gradboost":0.0017904,"score_unico_random_forest":0.0614835,"score_unico_logistic_regression":0.2941364,"score_unico_fuzzy_knn":0.0,"score_unico_xgboost":0.0032877,"score_regional_gradboost":0.0025691,"score_regional_random_forest":0.0714478,"score_regional_logistic_regression":0.3740046,"score_regional_fuzzy_knn":0.0,"score_regional_xgboost":0.0085933},"geometry":{"type":"Polygon","coordinates":[[[-71.139342,-9.757192],[-71.1312057,-9.757243],[-71.1311713,-9.7518366],[-71.1393075,-9.7517856],[-71.139342,-9.757192]]]}},{"type":"Feature","id":"AC-Y385-X401","properties":{"id":"AC-Y385-X401","grid_x":401,"grid_y":385,"region":"oeste","centroid":[-71.1271204,-9.7545652],"aggregation":"none","score_unico_gradboost":0.001834,"score_unico_random_forest":0.071659,"score_unico_logistic_regression":0.2486768,"score_unico_fuzzy_knn":0.0,"score_unico_xgboost":0.0020443,"score_regional_gradboost":0.0034161,"score_regional_random_forest":0.0154562,"score_regional_logistic_regression":0.3100133,"score_regional_fuzzy_knn":0.0,"score_regional_xgboost":0.004261},"geometry":{"type":"Polygon","coordinates":[[[-71.1312057,-9.757243],[-71.1230693,-9.7572938],[-71.1230351,-9.7518873],[-71.1311713,-9.7518366],[-71.1312057,-9.757243]]]}},{"type":"Feature","id":"AC-Y385-X402","properties":{"id":"AC-Y385-X402","grid_x":402,"grid_y":385,"region":"oeste","centroid":[-71.1189841,-9.7546159],"aggregation":"none","score_unico_gradboost":0.001392,"score_unico_random_forest":0.0614683,"score_unico_logistic_regression":0.2312649,"score_unico_fuzzy_knn":0.0,"score_unico_xgboost":0.0017232,"score_regional_gradboost":0.0034656,"score_regional_random_forest":0.0079533,"score_regional_logistic_regression":0.2830664,"score_regional_fuzzy_knn":0.0,"score_regional_xgboost":0.003467},"geometry":{"type":"Polygon","coordinates":[[[-71.1230693,-9.7572938],[-71.1149329,-9.7573444],[-71.1148988,-9.7519379],[-71.1230351,-9.7518873],[-71.1230693,-9.7572938]]]}},{"type":"Feature","id":"AC-Y386-X401","properties":{"id":"AC-Y386-X401","grid_x":401,"grid_y":386,"region":"oeste","centroid":[-71.1270861,-9.7491588],"aggregation":"none","score_unico_gradboost":0.001499,"score_unico_random_forest":0.0780612,"score_unico_logistic_regression":0.2502136,"score_unico_fuzzy_knn":0.0,"score_unico_xgboost":0.0021111,"score_regional_gradboost":0.0016183,"score_regional_random_forest":0.0180266,"score_regional_logistic_regression":0.31585,"score_regional_fuzzy_knn":0.0,"score_regional_xgboost":0.0038022},"geometry":{"type":"Polygon","coordinates":[[[-71.1311713,-9.7518366],[-71.1230351,-9.7518873],[-71.1230009,-9.7464809],[-71.131137,-9.7464301],[-71.1311713,-9.7518366]]]}},{"type":"Feature","id":"AC-Y355-X394","properties":{"id":"AC-Y355-X394","grid_x":394,"grid_y":355,"region":"oeste","centroid":[-71.1851389,-9.9163905],"aggregation":"none","score_unico_gradboost":0.0013868,"score_unico_random_forest":0.0594369,"score_unico_logistic_regression":0.2185074,"score_unico_fuzzy_knn":0.0,"score_unico_xgboost":0.0019751,"score_regional_gradboost":0.0030363,"score_regional_random_forest":0.0042646,"score_regional_logistic_regression":0.271908,"score_regional_fuzzy_knn":0.0,"score_regional_xgboost":0.0030857},"geometry":{"type":"Polygon","coordinates":[[[-71.1892268,-9.919067],[-71.1810868,-9.91912],[-71.181051,-9.9137139],[-71.1891909,-9.9136608],[-71.1892268,-9.919067]]]}},{"type":"Feature","id":"AC-Y356-X394","properties":{"id":"AC-Y356-X394","grid_x":394,"grid_y":356,"region":"oeste","centroid":[-71.1851031,-9.9109843],"aggregation":"none","score_unico_gradboost":0.0014068,"score_unico_random_forest":0.063489,"score_unico_logistic_regression":0.2416181,"score_unico_fuzzy_knn":0.0,"score_unico_xgboost":0.0019351,"score_regional_gradboost":0.0030253,"score_regional_random_forest":0.0059805,"score_regional_logistic_regression":0.3070483,"score_regional_fuzzy_knn":0.0,"score_regional_xgboost":0.0037705},"geometry":{"type":"Polygon","coordinates":[[[-71.1891909,-9.9136608],[-71.181051,-9.9137139],[-71.1810153,-9.9083077],[-71.189155,-9.9082547],[-71.1891909,-9.9136608]]]}},{"type":"Feature","id":"AC-Y357-X394","properties":{"id":"AC-Y357-X394","grid_x":394,"grid_y":357,"region":"oeste","centroid":[-71.1850673,-9.9055781],"aggregation":"none","score_unico_gradboost":0.0014472,"score_unico_random_forest":0.0633528,"score_unico_logistic_regression":0.2416214,"score_unico_fuzzy_knn":0.0,"score_unico_xgboost":0.0021761,"score_regional_gradboost":0.0029902,"score_regional_random_forest":0.0169503,"score_regional_logistic_regression":0.3138949,"score_regional_fuzzy_knn":0.0,"score_regional_xgboost":0.0046555},"geometry":{"type":"Polygon","coordinates":[[[-71.189155,-9.9082547],[-71.1810153,-9.9083077],[-71.1809796,-9.9029015],[-71.1891192,-9.9028485],[-71.189155,-9.9082547]]]}},{"type":"Feature","id":"AC-Y358-X394","properties":{"id":"AC-Y358-X394","grid_x":394,"grid_y":358,"region":"oeste","centroid":[-71.1850315,-9.900172],"aggregation":"none","score_unico_gradboost":0.0018009,"score_unico_random_forest":0.0695598,"score_unico_logistic_regression":0.2323918,"score_unico_fuzzy_knn":0.0,"score_unico_xgboost":0.0042585,"score_regional_gradboost":0.0053021,"score_regional_random_forest":0.0246668,"score_regional_logistic_regression":0.3111253,"score_regional_fuzzy_knn":0.0,"score_regional_xgboost":0.0104594},"geometry":{"type":"Polygon","coordinates":[[[-71.1891192,-9.9028485],[-71.1809796,-9.9029015],[-71.1809439,-9.8974953],[-71.1890833,-9.8974424],[-71.1891192,-9.9028485]]]}},{"type":"Feature","id":"AC-Y358-X395","properties":{"id":"AC-Y358-X395","grid_x":395,"grid_y":358,"region":"oeste","centroid":[-71.1768919,-9.9002248],"aggregation":"none","score_unico_gradboost":0.0015614,"score_unico_random_forest":0.0599258,"score_unico_logistic_regression":0.2081962,"score_unico_fuzzy_knn":0.0,"score_unico_xgboost":0.0032167,"score_regional_gradboost":0.0056649,"score_regional_random_forest":0.020747,"score_regional_logistic_regression":0.2732267,"score_regional_fuzzy_knn":0.0,"score_regional_xgboost":0.0090581},"geometry":{"type":"Polygon","coordinates":[[[-71.1809796,-9.9029015],[-71.1728399,-9.9029543],[-71.1728044,-9.8975481],[-71.1809439,-9.8974953],[-71.1809796,-9.9029015]]]}},{"type":"Feature","id":"AC-Y359-X394","properties":{"id":"AC-Y359-X394","grid_x":394,"grid_y":359,"region":"oeste","centroid":[-71.1849957,-9.8947658],"aggregation":"none","score_unico_gradboost":0.0017144,"score_unico_random_forest":0.0632468,"score_unico_logistic_regression":0.2176746,"score_unico_fuzzy_knn":0.0,"score_unico_xgboost":0.0036846,"score_regional_gradboost":0.0057351,"score_regional_random_forest":0.0229248,"score_regional_logistic_regression":0.3069679,"score_regional_fuzzy_knn":0.0,"score_regional_xgboost":0.01164},"geometry":{"type":"Polygon","coordinates":[[[-71.1890833,-9.8974424],[-71.1809439,-9.8974953],[-71.1809082,-9.8920892],[-71.1890475,-9.8920362],[-71.1890833,-9.8974424]]]}},{"type":"Feature","id":"AC-Y382-X394","properties":{"id":"AC-Y382-X394","grid_x":394,"grid_y":382,"region":"oeste","centroid":[-71.184179,-9.7704235],"aggregation":"none","score_unico_gradboost":0.0014609,"score_unico_random_forest":0.0629595,"score_unico_logistic_regression":0.2395135,"score_unico_fuzzy_knn":0.0,"score_unico_xgboost":0.0016582,"score_regional_gradboost":0.0036015,"score_regional_random_forest":0.0095804,"score_regional_logistic_regression":0.3124885,"score_regional_fuzzy_knn":0.0,"score_regional_xgboost":0.0047228},"geometry":{"type":"Polygon","coordinates":[[[-71.1882648,-9.7731005],[-71.1801284,-9.7731527],[-71.1800932,-9.7677465],[-71.1882295,-9.7676943],[-71.1882648,-9.7731005]]]}},{"type":"Feature","id":"AC-Y383-X394","properties":{"id":"AC-Y383-X394","grid_x":394,"grid_y":383,"region":"oeste","centroid":[-71.1841437,-9.7650173],"aggregation":"none","score_unico_gradboost":0.001548,"score_unico_random_forest":0.0693873,"score_unico_logistic_regression":0.2442813,"score_unico_fuzzy_knn":0.0,"score_unico_xgboost":0.0017017,"score_regional_gradboost":0.0036015,"score_regional_random_forest":0.0096699,"score_regional_logistic_regression":0.3205966,"score_regional_fuzzy_knn":0.0,"score_regional_xgboost":0.0047228},"geometry":{"type":"Polygon","coordinates":[[[-71.1882295,-9.7676943],[-71.1800932,-9.7677465],[-71.180058,-9.7623403],[-71.1881942,-9.7622881],[-71.1882295,-9.7676943]]]}},{"type":"Feature","id":"AC-Y383-X395","properties":{"id":"AC-Y383-X395","grid_x":395,"grid_y":383,"region":"oeste","centroid":[-71.1760075,-9.7650694],"aggregation":"none","score_unico_gradboost":0.0021194,"score_unico_random_forest":0.0718224,"score_unico_logistic_regression":0.2809429,"score_unico_fuzzy_knn":0.0,"score_unico_xgboost":0.0046141,"score_regional_gradboost":0.0047466,"score_regional_random_forest":0.0492911,"score_regional_logistic_regression":0.3834853,"score_regional_fuzzy_knn":0.0,"score_regional_xgboost":0.0168864},"geometry":{"type":"Polygon","coordinates":[[[-71.1800932,-9.7677465],[-71.1719569,-9.7677985],[-71.1719218,-9.7623923],[-71.180058,-9.7623403],[-71.1800932,-9.7677465]]]}},{"type":"Feature","id":"AC-Y384-X394","properties":{"id":"AC-Y384-X394","grid_x":394,"grid_y":384,"region":"oeste","centroid":[-71.1841085,-9.7596111],"aggregation":"none","score_unico_gradboost":0.0012987,"score_unico_random_forest":0.070294,"score_unico_logistic_regression":0.209571,"score_unico_fuzzy_knn":0.0,"score_unico_xgboost":0.0020666,"score_regional_gradboost":0.003794,"score_regional_random_forest":0.0142896,"score_regional_logistic_regression":0.2746509,"score_regional_fuzzy_knn":0.0,"score_regional_xgboost":0.0040459},"geometry":{"type":"Polygon","coordinates":[[[-71.1881942,-9.7622881],[-71.180058,-9.7623403],[-71.1800228,-9.756934],[-71.1881589,-9.7568819],[-71.1881942,-9.7622881]]]}},{"type":"Feature","id":"AC-Y384-X395","properties":{"id":"AC-Y384-X395","grid_x":395,"grid_y":384,"region":"oeste","centroid":[-71.1759724,-9.7596632],"aggregation":"none","score_unico_gradboost":0.0027257,"score_unico_random_forest":0.0742265,"score_unico_logistic_regression":0.2532062,"score_unico_fuzzy_knn":0.0,"score_unico_xgboost":0.0046042,"score_regional_gradboost":0.0058559,"score_regional_random_forest":0.0278528,"score_regional_logistic_regression":0.3476862,"score_regional_fuzzy_knn":0.0,"score_regional_xgboost":0.0134154},"geometry":{"type":"Polygon","coordinates":[[[-71.180058,-9.7623403],[-71.1719218,-9.7623923],[-71.1718868,-9.756986],[-71.1800228,-9.756934],[-71.180058,-9.7623403]]]}},{"type":"Feature","id":"AC-Y385-X394","properties":{"id":"AC-Y385-X394","grid_x":394,"grid_y":385,"region":"oeste","centroid":[-71.1840733,-9.7542049],"aggregation":"none","score_unico_gradboost":0.0013749,"score_unico_random_forest":0.0739409,"score_unico_logistic_regression":0.2642401,"score_unico_fuzzy_knn":0.0,"score_unico_xgboost":0.0020779,"score_regional_gradboost":0.0030114,"score_regional_random_forest":0.0224865,"score_regional_logistic_regression":0.3492284,"score_regional_fuzzy_knn":0.0,"score_regional_xgboost":0.0064248},"geometry":{"type":"Polygon","coordinates":[[[-71.1881589,-9.7568819],[-71.1800228,-9.756934],[-71.1799877,-9.7515278],[-71.1881236,-9.7514757],[-71.1881589,-9.7568819]]]}},{"type":"Feature","id":"AC-Y385-X395","properties":{"id":"AC-Y385-X395","grid_x":395,"grid_y":385,"region":"oeste","centroid":[-71.1759373,-9.7542569],"aggregation":"none","score_unico_gradboost":0.0020737,"score_unico_random_forest":0.0958997,"score_unico_logistic_regression":0.2754841,"score_unico_fuzzy_knn":0.0,"score_unico_xgboost":0.0045757,"score_regional_gradboost":0.0058559,"score_regional_random_forest":0.03632,"score_regional_logistic_regression":0.3792188,"score_regional_fuzzy_knn":0.0,"score_regional_xgboost":0.0134154},"geometry":{"type":"Polygon","coordinates":[[[-71.1800228,-9.756934],[-71.1718868,-9.756986],[-71.1718517,-9.7515798],[-71.1799877,-9.7515278],[-71.1800228,-9.756934]]]}},{"type":"Feature","id":"AC-Y386-X394","properties":{"id":"AC-Y386-X394","grid_x":394,"grid_y":386,"region":"oeste","centroid":[-71.1840381,-9.7487987],"aggregation":"none","score_unico_gradboost":0.0019101,"score_unico_random_forest":0.0830719,"score_unico_logistic_regression":0.2587392,"score_unico_fuzzy_knn":0.0,"score_unico_xgboost":0.0031467,"score_regional_gradboost":0.0057729,"score_regional_random_forest":0.0272915,"score_regional_logistic_regression":0.3519667,"score_regional_fuzzy_knn":0.0,"score_regional_xgboost":0.0116228},"geometry":{"type":"Polygon","coordinates":[[[-71.1881236,-9.7514757],[-71.1799877,-9.7515278],[-71.1799526,-9.7461216],[-71.1880883,-9.7460695],[-71.1881236,-9.7514757]]]}},{"type":"Feature","id":"AC-Y386-X395","properties":{"id":"AC-Y386-X395","grid_x":395,"grid_y":386,"region":"oeste","centroid":[-71.1759022,-9.7488507],"aggregation":"none","score_unico_gradboost":0.0027,"score_unico_random_forest":0.0872399,"score_unico_logistic_regression":0.2532145,"score_unico_fuzzy_knn":0.0,"score_unico_xgboost":0.0034758,"score_regional_gradboost":0.0058444,"score_regional_random_forest":0.0318249,"score_regional_logistic_regression":0.3612761,"score_regional_fuzzy_knn":0.0,"score_regional_xgboost":0.0149247},"geometry":{"type":"Polygon","coordinates":[[[-71.1799877,-9.7515278],[-71.1718517,-9.7515798],[-71.1718168,-9.7461735],[-71.1799526,-9.7461216],[-71.1799877,-9.7515278]]]}},{"type":"Feature","id":"AC-Y359-X395","properties":{"id":"AC-Y359-X395","grid_x":395,"grid_y":359,"region":"oeste","centroid":[-71.1768563,-9.8948186],"aggregation":"none","score_unico_gradboost":0.0020502,"score_unico_random_forest":0.0703573,"score_unico_logistic_regression":0.2066474,"score_unico_fuzzy_knn":0.0,"score_unico_xgboost":0.004245,"score_regional_gradboost":0.0057464,"score_regional_random_forest":0.0238815,"score_regional_logistic_regression":0.2784321,"score_regional_fuzzy_knn":0.0,"score_regional_xgboost":0.0104594},"geometry":{"type":"Polygon","coordinates":[[[-71.1809439,-9.8974953],[-71.1728044,-9.8975481],[-71.1727688,-9.8921419],[-71.1809082,-9.8920892],[-71.1809439,-9.8974953]]]}},{"type":"Feature","id":"AC-Y360-X394","properties":{"id":"AC-Y360-X394","grid_x":394,"grid_y":360,"region":"oeste","centroid":[-71.18496,-9.8893596],"aggregation":"none","score_unico_gradboost":0.0022913,"score_unico_random_forest":0.0873015,"score_unico_logistic_regression":0.3169129,"score_unico_fuzzy_knn":0.0,"score_unico_xgboost":0.005802,"score_regional_gradboost":0.0027252,"score_regional_random_forest":0.0645259,"score_regional_logistic_regression":0.5104113,"score_regional_fuzzy_knn":0.0,"score_regional_xgboost":0.0096835},"geometry":{"type":"Polygon","coordinates":[[[-71.1890475,-9.8920362],[-71.1809082,-9.8920892],[-71.1808725,-9.886683],[-71.1890117,-9.8866301],[-71.1890475,-9.8920362]]]}},{"type":"Feature","id":"AC-Y360-X395","properties":{"id":"AC-Y360-X395","grid_x":395,"grid_y":360,"region":"oeste","centroid":[-71.1768207,-9.8894124],"aggregation":"none","score_unico_gradboost":0.0021021,"score_unico_random_forest":0.0677457,"score_unico_logistic_regression":0.2679387,"score_unico_fuzzy_knn":0.0,"score_unico_xgboost":0.003533,"score_regional_gradboost":0.0051896,"score_regional_random_forest":0.0263129,"score_regional_logistic_regression":0.3731724,"score_regional_fuzzy_knn":0.0,"score_regional_xgboost":0.0145337},"geometry":{"type":"Polygon","coordinates":[[[-71.1809082,-9.8920892],[-71.1727688,-9.8921419],[-71.1727333,-9.8867356],[-71.1808725,-9.886683],[-71.1809082,-9.8920892]]]}},{"type":"Feature","id":"AC-Y361-X394","properties":{"id":"AC-Y361-X394","grid_x":394,"grid_y":361,"region":"oeste","centroid":[-71.1849243,-9.8839535],"aggregation":"none","score_unico_gradboost":0.0012825,"score_unico_random_forest":0.0660942,"score_unico_logistic_regression":0.2491688,"score_unico_fuzzy_knn":0.0,"score_unico_xgboost":0.0036527,"score_regional_gradboost":0.0041023,"score_regional_random_forest":0.023715,"score_regional_logistic_regression":0.3715599,"score_regional_fuzzy_knn":0.0,"score_regional_xgboost":0.0095294},"geometry":{"type":"Polygon","coordinates":[[[-71.1890117,-9.8866301],[-71.1808725,-9.886683],[-71.1808369,-9.8812768],[-71.188976,-9.8812239],[-71.1890117,-9.8866301]]]}},{"type":"Feature","id":"AC-Y361-X395","properties":{"id":"AC-Y361-X395","grid_x":395,"grid_y":361,"region":"oeste","centroid":[-71.1767851,-9.8840062],"aggregation":"none","score_unico_gradboost":0.001442,"score_unico_random_forest":0.0616961,"score_unico_logistic_regression":0.2339752,"score_unico_fuzzy_knn":0.0,"score_unico_xgboost":0.0037553,"score_regional_gradboost":0.0060777,"score_regional_random_forest":0.0253163,"score_regional_logistic_regression":0.3389848,"score_regional_fuzzy_knn":0.0,"score_regional_xgboost":0.01164},"geometry":{"type":"Polygon","coordinates":[[[-71.1808725,-9.886683],[-71.1727333,-9.8867356],[-71.1726978,-9.8813294],[-71.1808369,-9.8812768],[-71.1808725,-9.886683]]]}},{"type":"Feature","id":"AC-Y361-X396","properties":{"id":"AC-Y361-X396","grid_x":396,"grid_y":361,"region":"oeste","centroid":[-71.1686459,-9.8840588],"aggregation":"none","score_unico_gradboost":0.0017816,"score_unico_random_forest":0.0708989,"score_unico_logistic_regression":0.2065527,"score_unico_fuzzy_knn":0.0,"score_unico_xgboost":0.0040081,"score_regional_gradboost":0.0057464,"score_regional_random_forest":0.0240463,"score_regional_logistic_regression":0.277634,"score_regional_fuzzy_knn":0.0,"score_regional_xgboost":0.0104594},"geometry":{"type":"Polygon","coordinates":[[[-71.1727333,-9.8867356],[-71.164594,-9.8867881],[-71.1645586,-9.8813819],[-71.1726978,-9.8813294],[-71.1727333,-9.8867356]]]}},{"type":"Feature","id":"AC-Y362-X394","properties":{"id":"AC-Y362-X394","grid_x":394,"grid_y":362,"region":"oeste","centroid":[-71.1848886,-9.8785473],"aggregation":"none","score_unico_gradboost":0.0014261,"score_unico_random_forest":0.0636749,"score_unico_logistic_regression":0.21025,"score_unico_fuzzy_knn":0.0,"score_unico_xgboost":0.0035223,"score_regional_gradboost":0.0065866,"score_regional_random_forest":0.0248301,"score_regional_logistic_regression":0.3037564,"score_regional_fuzzy_knn":0.0,"score_regional_xgboost":0.01164},"geometry":{"type":"Polygon","coordinates":[[[-71.188976,-9.8812239],[-71.1808369,-9.8812768],[-71.1808013,-9.8758706],[-71.1889402,-9.8758178],[-71.188976,-9.8812239]]]}},{"type":"Feature","id":"AC-Y362-X395","properties":{"id":"AC-Y362-X395","grid_x":395,"grid_y":362,"region":"oeste","centroid":[-71.1767496,-9.8786],"aggregation":"none","score_unico_gradboost":0.0017373,"score_unico_random_forest":0.0764448,"score_unico_logistic_regression":0.278024,"score_unico_fuzzy_knn":0.0,"score_unico_xgboost":0.0041667,"score_regional_gradboost":0.0034241,"score_regional_random_forest":0.0259682,"score_regional_logistic_regression":0.4212561,"score_regional_fuzzy_knn":0.0,"score_regional_xgboost":0.0116523},"geometry":{"type":"Polygon","coordinates":[[[-71.1808369,-9.8812768],[-71.1726978,-9.8813294],[-71.1726623,-9.8759232],[-71.1808013,-9.8758706],[-71.1808369,-9.8812768]]]}},{"type":"Feature","id":"AC-Y362-X396","properties":{"id":"AC-Y362-X396","grid_x":396,"grid_y":362,"region":"oeste","centroid":[-71.1686105,-9.8786526],"aggregation":"none","score_unico_gradboost":0.0020243,"score_unico_random_forest":0.0667296,"score_unico_logistic_regression":0.2219312,"score_unico_fuzzy_knn":0.0,"score_unico_xgboost":0.0044072,"score_regional_gradboost":0.0057464,"score_regional_random_forest":0.0254915,"score_regional_logistic_regression":0.3003669,"score_regional_fuzzy_knn":0.0,"score_regional_xgboost":0.0104594},"geometry":{"type":"Polygon","coordinates":[[[-71.1726978,-9.8813294],[-71.1645586,-9.8813819],[-71.1645233,-9.8759756],[-71.1726623,-9.8759232],[-71.1726978,-9.8813294]]]}},{"type":"Feature","id":"AC-Y363-X394","properties":{"id":"AC-Y363-X394","grid_x":394,"grid_y":363,"region":"oeste","centroid":[-71.1848529,-9.8731411],"aggregation":"none","score_unico_gradboost":0.0019003,"score_unico_random_forest":0.0646934,"score_unico_logistic_regression":0.2616884,"score_unico_fuzzy_knn":0.0,"score_unico_xgboost":0.0034876,"score_regional_gradboost":0.0062533,"score_regional_random_forest":0.0255836,"score_regional_logistic_regression":0.3742285,"score_regional_fuzzy_knn":0.0,"score_regional_xgboost":0.0135702},"geometry":{"type":"Polygon","coordinates":[[[-71.1889402,-9.8758178],[-71.1808013,-9.8758706],[-71.1807657,-9.8704644],[-71.1889045,-9.8704116],[-71.1889402,-9.8758178]]]}},{"type":"Feature","id":"AC-Y363-X395","properties":{"id":"AC-Y363-X395","grid_x":395,"grid_y":363,"region":"oeste","centroid":[-71.176714,-9.8731938],"aggregation":"none","score_unico_gradboost":0.0016856,"score_unico_random_forest":0.0696518,"score_unico_logistic_regression":0.2559247,"score_unico_fuzzy_knn":0.0,"score_unico_xgboost":0.0035401,"score_regional_gradboost":0.0042207,"score_regional_random_forest":0.0269949,"score_regional_logistic_regression":0.3749292,"score_regional_fuzzy_knn":0.0,"score_regional_xgboost":0.0119273},"geometry":{"type":"Polygon","coordinates":[[[-71.1808013,-9.8758706],[-71.1726623,-9.8759232],[-71.1726268,-9.870517],[-71.1807657,-9.8704644],[-71.1808013,-9.8758706]]]}},{"type":"Feature","id":"AC-Y363-X396","properties":{"id":"AC-Y363-X396","grid_x":396,"grid_y":363,"region":"oeste","centroid":[-71.1685751,-9.8732463],"aggregation":"none","score_unico_gradboost":0.0017371,"score_unico_random_forest":0.0701286,"score_unico_logistic_regression":0.2116426,"score_unico_fuzzy_knn":0.0,"score_unico_xgboost":0.0039999,"score_regional_gradboost":0.0057464,"score_regional_random_forest":0.024561,"score_regional_logistic_regression":0.2835482,"score_regional_fuzzy_knn":0.0,"score_regional_xgboost":0.0104594},"geometry":{"type":"Polygon","coordinates":[[[-71.1726623,-9.8759232],[-71.1645233,-9.8759756],[-71.1644879,-9.8705694],[-71.1726268,-9.870517],[-71.1726623,-9.8759232]]]}},{"type":"Feature","id":"AC-Y363-X397","properties":{"id":"AC-Y363-X397","grid_x":397,"grid_y":363,"region":"oeste","centroid":[-71.1604361,-9.8732986],"aggregation":"none","score_unico_gradboost":0.0013599,"score_unico_random_forest":0.0672085,"score_unico_logistic_regression":0.2231791,"score_unico_fuzzy_knn":0.0,"score_unico_xgboost":0.0021131,"score_regional_gradboost":0.0031071,"score_regional_random_forest":0.0097393,"score_regional_logistic_regression":0.2863819,"score_regional_fuzzy_knn":0.0,"score_regional_xgboost":0.0039388},"geometry":{"type":"Polygon","coordinates":[[[-71.1645233,-9.8759756],[-71.1563842,-9.8760279],[-71.156349,-9.8706216],[-71.1644879,-9.8705694],[-71.1645233,-9.8759756]]]}},{"type":"Feature","id":"AC-Y364-X394","properties":{"id":"AC-Y364-X394","grid_x":394,"grid_y":364,"region":"oeste","centroid":[-71.1848173,-9.867735],"aggregation":"none","score_unico_gradboost":0.0015059,"score_unico_random_forest":0.0832738,"score_unico_logistic_regression":0.2831457,"score_unico_fuzzy_knn":0.0,"score_unico_xgboost":0.0038904,"score_regional_gradboost":0.0040231,"score_regional_random_forest":0.0269074,"score_regional_logistic_regression":0.4165065,"score_regional_fuzzy_knn":0.0,"score_regional_xgboost":0.0119048},"geometry":{"type":"Polygon","coordinates":[[[-71.1889045,-9.8704116],[-71.1807657,-9.8704644],[-71.1807301,-9.8650582],[-71.1888688,-9.8650055],[-71.1889045,-9.8704116]]]}},{"type":"Feature","id":"AC-Y364-X395","properties":{"id":"AC-Y364-X395","grid_x":395,"grid_y":364,"region":"oeste","centroid":[-71.1766785,-9.8677876],"aggregation":"none","score_unico_gradboost":0.0017144,"score_unico_random_forest":0.0637693,"score_unico_logistic_regression":0.2250507,"score_unico_fuzzy_knn":0.0,"score_unico_xgboost":0.0037562,"score_regional_gradboost":0.0065866,"score_regional_random_forest":0.0248095,"score_regional_logistic_regression":0.3232793,"score_regional_fuzzy_knn":0.0,"score_regional_xgboost":0.01164},"geometry":{"type":"Polygon","coordinates":[[[-71.1807657,-9.8704644],[-71.1726268,-9.870517],[-71.1725914,-9.8651108],[-71.1807301,-9.8650582],[-71.1807657,-9.8704644]]]}},{"type":"Feature","id":"AC-Y364-X396","properties":{"id":"AC-Y364-X396","grid_x":396,"grid_y":364,"region":"oeste","centroid":[-71.1685397,-9.8678401],"aggregation":"none","score_unico_gradboost":0.0017598,"score_unico_random_forest":0.0609176,"score_unico_logistic_regression":0.2090802,"score_unico_fuzzy_knn":0.0,"score_unico_xgboost":0.0034722,"score_regional_gradboost":0.0057464,"score_regional_random_forest":0.0214435,"score_regional_logistic_regression":0.2777947,"score_regional_fuzzy_knn":0.0,"score_regional_xgboost":0.0104594},"geometry":{"type":"Polygon","coordinates":[[[-71.1726268,-9.870517],[-71.1644879,-9.8705694],[-71.1644526,-9.8651631],[-71.1725914,-9.8651108],[-71.1726268,-9.870517]]]}},{"type":"Feature","id":"AC-Y364-X397","properties":{"id":"AC-Y364-X397","grid_x":397,"grid_y":364,"region":"oeste","centroid":[-71.1604009,-9.8678924],"aggregation":"none","score_unico_gradboost":0.0011802,"score_unico_random_forest":0.0607604,"score_unico_logistic_regression":0.1987986,"score_unico_fuzzy_knn":0.0,"score_unico_xgboost":0.0019393,"score_regional_gradboost":0.0033681,"score_regional_random_forest":0.0106131,"score_regional_logistic_regression":0.2529439,"score_regional_fuzzy_knn":0.0,"score_regional_xgboost":0.0039388},"geometry":{"type":"Polygon","coordinates":[[[-71.1644879,-9.8705694],[-71.156349,-9.8706216],[-71.1563138,-9.8652153],[-71.1644526,-9.8651631],[-71.1644879,-9.8705694]]]}},{"type":"Feature","id":"AC-Y365-X394","properties":{"id":"AC-Y365-X394","grid_x":394,"grid_y":365,"region":"oeste","centroid":[-71.1847816,-9.8623288],"aggregation":"none","score_unico_gradboost":0.0016976,"score_unico_random_forest":0.0654414,"score_unico_logistic_regression":0.2537866,"score_unico_fuzzy_knn":0.0,"score_unico_xgboost":0.003488,"score_regional_gradboost":0.0042207,"score_regional_random_forest":0.0265811,"score_regional_logistic_regression":0.3730983,"score_regional_fuzzy_knn":0.0,"score_regional_xgboost":0.0109122},"geometry":{"type":"Polygon","coordinates":[[[-71.1888688,-9.8650055],[-71.1807301,-9.8650582],[-71.1806945,-9.859652],[-71.1888331,-9.8595993],[-71.1888688,-9.8650055]]]}},{"type":"Feature","id":"AC-Y365-X395","properties":{"id":"AC-Y365-X395","grid_x":395,"grid_y":365,"region":"oeste","centroid":[-71.176643,-9.8623814],"aggregation":"none","score_unico_gradboost":0.0021021,"score_unico_random_forest":0.0677457,"score_unico_logistic_regression":0.2702387,"score_unico_fuzzy_knn":0.0,"score_unico_xgboost":0.0034204,"score_regional_gradboost":0.0045427,"score_regional_random_forest":0.02609,"score_regional_logistic_regression":0.3850235,"score_regional_fuzzy_knn":0.0,"score_regional_xgboost":0.0145337},"geometry":{"type":"Polygon","coordinates":[[[-71.1807301,-9.8650582],[-71.1725914,-9.8651108],[-71.172556,-9.8597046],[-71.1806945,-9.859652],[-71.1807301,-9.8650582]]]}},{"type":"Feature","id":"AC-Y365-X396","properties":{"id":"AC-Y365-X396","grid_x":396,"grid_y":365,"region":"oeste","centroid":[-71.1685043,-9.8624339],"aggregation":"none","score_unico_gradboost":0.001593,"score_unico_random_forest":0.0621507,"score_unico_logistic_regression":0.237858,"score_unico_fuzzy_knn":0.0,"score_unico_xgboost":0.0034913,"score_regional_gradboost":0.0053021,"score_regional_random_forest":0.0217127,"score_regional_logistic_regression":0.316575,"score_regional_fuzzy_knn":0.0,"score_regional_xgboost":0.0104594},"geometry":{"type":"Polygon","coordinates":[[[-71.1725914,-9.8651108],[-71.1644526,-9.8651631],[-71.1644173,-9.8597569],[-71.172556,-9.8597046],[-71.1725914,-9.8651108]]]}},{"type":"Feature","id":"AC-Y366-X394","properties":{"id":"AC-Y366-X394","grid_x":394,"grid_y":366,"region":"oeste","centroid":[-71.184746,-9.8569226],"aggregation":"none","score_unico_gradboost":0.001722,"score_unico_random_forest":0.0616961,"score_unico_logistic_regression":0.2386807,"score_unico_fuzzy_knn":0.0,"score_unico_xgboost":0.0037131,"score_regional_gradboost":0.0060777,"score_regional_random_forest":0.024936,"score_regional_logistic_regression":0.3428051,"score_regional_fuzzy_knn":0.0,"score_regional_xgboost":0.01164},"geometry":{"type":"Polygon","coordinates":[[[-71.1888331,-9.8595993],[-71.1806945,-9.859652],[-71.180659,-9.8542458],[-71.1887974,-9.8541931],[-71.1888331,-9.8595993]]]}},{"type":"Feature","id":"AC-Y366-X395","properties":{"id":"AC-Y366-X395","grid_x":395,"grid_y":366,"region":"oeste","centroid":[-71.1766075,-9.8569752],"aggregation":"none","score_unico_gradboost":0.0016431,"score_unico_random_forest":0.0666237,"score_unico_logistic_regression":0.2503479,"score_unico_fuzzy_knn":0.0,"score_unico_xgboost":0.0034602,"score_regional_gradboost":0.0042207,"score_regional_random_forest":0.023715,"score_regional_logistic_regression":0.3703189,"score_regional_fuzzy_knn":0.0,"score_regional_xgboost":0.0109122},"geometry":{"type":"Polygon","coordinates":[[[-71.1806945,-9.859652],[-71.172556,-9.8597046],[-71.1725206,-9.8542983],[-71.180659,-9.8542458],[-71.1806945,-9.859652]]]}},{"type":"Feature","id":"AC-Y366-X396","properties":{"id":"AC-Y366-X396","grid_x":396,"grid_y":366,"region":"oeste","centroid":[-71.168469,-9.8570276],"aggregation":"none","score_unico_gradboost":0.0020502,"score_unico_random_forest":0.0743702,"score_unico_logistic_regression":0.1805507,"score_unico_fuzzy_knn":0.0,"score_unico_xgboost":0.0041398,"score_regional_gradboost":0.0069875,"score_regional_random_forest":0.0259285,"score_regional_logistic_regression":0.2423921,"score_regional_fuzzy_knn":0.0,"score_regional_xgboost":0.0119002},"geometry":{"type":"Polygon","coordinates":[[[-71.172556,-9.8597046],[-71.1644173,-9.8597569],[-71.1643821,-9.8543506],[-71.1725206,-9.8542983],[-71.172556,-9.8597046]]]}},{"type":"Feature","id":"AC-Y367-X394","properties":{"id":"AC-Y367-X394","grid_x":394,"grid_y":367,"region":"oeste","centroid":[-71.1847104,-9.8515164],"aggregation":"none","score_unico_gradboost":0.0017187,"score_unico_random_forest":0.0805064,"score_unico_logistic_regression":0.279383,"score_unico_fuzzy_knn":0.0,"score_unico_xgboost":0.0041564,"score_regional_gradboost":0.0050014,"score_regional_random_forest":0.0328097,"score_regional_logistic_regression":0.3921176,"score_regional_fuzzy_knn":0.0,"score_regional_xgboost":0.0145337},"geometry":{"type":"Polygon","coordinates":[[[-71.1887974,-9.8541931],[-71.180659,-9.8542458],[-71.1806235,-9.8488396],[-71.1887618,-9.848787],[-71.1887974,-9.8541931]]]}},{"type":"Feature","id":"AC-Y367-X395","properties":{"id":"AC-Y367-X395","grid_x":395,"grid_y":367,"region":"oeste","centroid":[-71.1765721,-9.851569],"aggregation":"none","score_unico_gradboost":0.0019573,"score_unico_random_forest":0.0850637,"score_unico_logistic_regression":0.3010696,"score_unico_fuzzy_knn":0.0,"score_unico_xgboost":0.0041264,"score_regional_gradboost":0.0034241,"score_regional_random_forest":0.0389659,"score_regional_logistic_regression":0.461769,"score_regional_fuzzy_knn":0.0,"score_regional_xgboost":0.0073068},"geometry":{"type":"Polygon","coordinates":[[[-71.180659,-9.8542458],[-71.1725206,-9.8542983],[-71.1724852,-9.8488921],[-71.1806235,-9.8488396],[-71.180659,-9.8542458]]]}},{"type":"Feature","id":"AC-Y367-X396","properties":{"id":"AC-Y367-X396","grid_x":396,"grid_y":367,"region":"oeste","centroid":[-71.1684337,-9.8516214],"aggregation":"none","score_unico_gradboost":0.0020026,"score_unico_random_forest":0.0631673,"score_unico_logistic_regression":0.2348587,"score_unico_fuzzy_knn":0.0,"score_unico_xgboost":0.0035702,"score_regional_gradboost":0.0052916,"score_regional_random_forest":0.0241028,"score_regional_logistic_regression":0.3230785,"score_regional_fuzzy_knn":0.0,"score_regional_xgboost":0.01164},"geometry":{"type":"Polygon","coordinates":[[[-71.1725206,-9.8542983],[-71.1643821,-9.8543506],[-71.1643468,-9.8489444],[-71.1724852,-9.8488921],[-71.1725206,-9.8542983]]]}},{"type":"Feature","id":"AC-Y368-X394","properties":{"id":"AC-Y368-X394","grid_x":394,"grid_y":368,"region":"oeste","centroid":[-71.1846749,-9.8461102],"aggregation":"none","score_unico_gradboost":0.0024627,"score_unico_random_forest":0.0632955,"score_unico_logistic_regression":0.2475186,"score_unico_fuzzy_knn":0.0,"score_unico_xgboost":0.0035434,"score_regional_gradboost":0.0061315,"score_regional_random_forest":0.0295645,"score_regional_logistic_regression":0.3472607,"score_regional_fuzzy_knn":0.0,"score_regional_xgboost":0.0139357},"geometry":{"type":"Polygon","coordinates":[[[-71.1887618,-9.848787],[-71.1806235,-9.8488396],[-71.180588,-9.8434334],[-71.1887261,-9.8433808],[-71.1887618,-9.848787]]]}},{"type":"Feature","id":"AC-Y368-X395","properties":{"id":"AC-Y368-X395","grid_x":395,"grid_y":368,"region":"oeste","centroid":[-71.1765366,-9.8461628],"aggregation":"none","score_unico_gradboost":0.0023793,"score_unico_random_forest":0.0857198,"score_unico_logistic_regression":0.3135497,"score_unico_fuzzy_knn":0.0,"score_unico_xgboost":0.0054932,"score_regional_gradboost":0.00307,"score_regional_random_forest":0.0673945,"score_regional_logistic_regression":0.5078399,"score_regional_fuzzy_knn":0.0,"score_regional_xgboost":0.0096835},"geometry":{"type":"Polygon","coordinates":[[[-71.1806235,-9.8488396],[-71.1724852,-9.8488921],[-71.1724498,-9.8434859],[-71.180588,-9.8434334],[-71.1806235,-9.8488396]]]}},{"type":"Feature","id":"AC-Y368-X396","properties":{"id":"AC-Y368-X396","grid_x":396,"grid_y":368,"region":"oeste","centroid":[-71.1683983,-9.8462152],"aggregation":"none","score_unico_gradboost":0.0018831,"score_unico_random_forest":0.0582513,"score_unico_logistic_regression":0.2214992,"score_unico_fuzzy_knn":0.0,"score_unico_xgboost":0.0036113,"score_regional_gradboost":0.0059593,"score_regional_random_forest":0.0229248,"score_regional_logistic_regression":0.3160959,"score_regional_fuzzy_knn":0.0,"score_regional_xgboost":0.0119541},"geometry":{"type":"Polygon","coordinates":[[[-71.1724852,-9.8488921],[-71.1643468,-9.8489444],[-71.1643116,-9.8435381],[-71.1724498,-9.8434859],[-71.1724852,-9.8488921]]]}},{"type":"Feature","id":"AC-Y369-X394","properties":{"id":"AC-Y369-X394","grid_x":394,"grid_y":369,"region":"oeste","centroid":[-71.1846393,-9.8407041],"aggregation":"none","score_unico_gradboost":0.0024346,"score_unico_random_forest":0.0677794,"score_unico_logistic_regression":0.2362293,"score_unico_fuzzy_knn":0.0,"score_unico_xgboost":0.0036869,"score_regional_gradboost":0.0060129,"score_regional_random_forest":0.022965,"score_regional_logistic_regression":0.3282171,"score_regional_fuzzy_knn":0.0,"score_regional_xgboost":0.0115398},"geometry":{"type":"Polygon","coordinates":[[[-71.1887261,-9.8433808],[-71.180588,-9.8434334],[-71.1805525,-9.8380272],[-71.1886905,-9.8379746],[-71.1887261,-9.8433808]]]}},{"type":"Feature","id":"AC-Y369-X395","properties":{"id":"AC-Y369-X395","grid_x":395,"grid_y":369,"region":"oeste","centroid":[-71.1765012,-9.8407566],"aggregation":"none","score_unico_gradboost":0.0023793,"score_unico_random_forest":0.0832066,"score_unico_logistic_regression":0.3082178,"score_unico_fuzzy_knn":0.0,"score_unico_xgboost":0.0052675,"score_regional_gradboost":0.00307,"score_regional_random_forest":0.0645259,"score_regional_logistic_regression":0.4992131,"score_regional_fuzzy_knn":0.0,"score_regional_xgboost":0.0096835},"geometry":{"type":"Polygon","coordinates":[[[-71.180588,-9.8434334],[-71.1724498,-9.8434859],[-71.1724145,-9.8380797],[-71.1805525,-9.8380272],[-71.180588,-9.8434334]]]}},{"type":"Feature","id":"AC-Y369-X396","properties":{"id":"AC-Y369-X396","grid_x":396,"grid_y":369,"region":"oeste","centroid":[-71.1683631,-9.8408089],"aggregation":"none","score_unico_gradboost":0.0025174,"score_unico_random_forest":0.0794198,"score_unico_logistic_regression":0.2700626,"score_unico_fuzzy_knn":0.0,"score_unico_xgboost":0.0044521,"score_regional_gradboost":0.0059903,"score_regional_random_forest":0.0321645,"score_regional_logistic_regression":0.3806918,"score_regional_fuzzy_knn":0.0,"score_regional_xgboost":0.0149247},"geometry":{"type":"Polygon","coordinates":[[[-71.1724498,-9.8434859],[-71.1643116,-9.8435381],[-71.1642764,-9.8381319],[-71.1724145,-9.8380797],[-71.1724498,-9.8434859]]]}},{"type":"Feature","id":"AC-Y370-X394","properties":{"id":"AC-Y370-X394","grid_x":394,"grid_y":370,"region":"oeste","centroid":[-71.1846038,-9.8352979],"aggregation":"none","score_unico_gradboost":0.0019745,"score_unico_random_forest":0.0699576,"score_unico_logistic_regression":0.2336864,"score_unico_fuzzy_knn":0.0,"score_unico_xgboost":0.0038212,"score_regional_gradboost":0.005971,"score_regional_random_forest":0.0230968,"score_regional_logistic_regression":0.3230651,"score_regional_fuzzy_knn":0.0,"score_regional_xgboost":0.0107419},"geometry":{"type":"Polygon","coordinates":[[[-71.1886905,-9.8379746],[-71.1805525,-9.8380272],[-71.1805171,-9.832621],[-71.1886549,-9.8325685],[-71.1886905,-9.8379746]]]}},{"type":"Feature","id":"AC-Y370-X395","properties":{"id":"AC-Y370-X395","grid_x":395,"grid_y":370,"region":"oeste","centroid":[-71.1764658,-9.8353504],"aggregation":"none","score_unico_gradboost":0.0017249,"score_unico_random_forest":0.0716683,"score_unico_logistic_regression":0.2664455,"score_unico_fuzzy_knn":0.0,"score_unico_xgboost":0.0040594,"score_regional_gradboost":0.0040469,"score_regional_random_forest":0.025805,"score_regional_logistic_regression":0.4165174,"score_regional_fuzzy_knn":0.0,"score_regional_xgboost":0.007004},"geometry":{"type":"Polygon","coordinates":[[[-71.1805525,-9.8380272],[-71.1724145,-9.8380797],[-71.1723791,-9.8326734],[-71.1805171,-9.832621],[-71.1805525,-9.8380272]]]}},{"type":"Feature","id":"AC-Y370-X396","properties":{"id":"AC-Y370-X396","grid_x":396,"grid_y":370,"region":"oeste","centroid":[-71.1683278,-9.8354027],"aggregation":"none","score_unico_gradboost":0.0028515,"score_unico_random_forest":0.0677388,"score_unico_logistic_regression":0.2614513,"score_unico_fuzzy_knn":0.0,"score_unico_xgboost":0.0041596,"score_regional_gradboost":0.0058444,"score_regional_random_forest":0.028273,"score_regional_logistic_regression":0.3694825,"score_regional_fuzzy_knn":0.0,"score_regional_xgboost":0.0149247},"geometry":{"type":"Polygon","coordinates":[[[-71.1724145,-9.8380797],[-71.1642764,-9.8381319],[-71.1642412,-9.8327256],[-71.1723791,-9.8326734],[-71.1724145,-9.8380797]]]}},{"type":"Feature","id":"AC-Y371-X394","properties":{"id":"AC-Y371-X394","grid_x":394,"grid_y":371,"region":"oeste","centroid":[-71.1845683,-9.8298917],"aggregation":"none","score_unico_gradboost":0.0021811,"score_unico_random_forest":0.0698058,"score_unico_logistic_regression":0.2127278,"score_unico_fuzzy_knn":0.0,"score_unico_xgboost":0.0040834,"score_regional_gradboost":0.0064317,"score_regional_random_forest":0.0230612,"score_regional_logistic_regression":0.2949885,"score_regional_fuzzy_knn":0.0,"score_regional_xgboost":0.0107419},"geometry":{"type":"Polygon","coordinates":[[[-71.1886549,-9.8325685],[-71.1805171,-9.832621],[-71.1804816,-9.8272148],[-71.1886194,-9.8271623],[-71.1886549,-9.8325685]]]}},{"type":"Feature","id":"AC-Y371-X395","properties":{"id":"AC-Y371-X395","grid_x":395,"grid_y":371,"region":"oeste","centroid":[-71.1764304,-9.8299442],"aggregation":"none","score_unico_gradboost":0.0022066,"score_unico_random_forest":0.0815962,"score_unico_logistic_regression":0.2953687,"score_unico_fuzzy_knn":0.0,"score_unico_xgboost":0.0047403,"score_regional_gradboost":0.0030551,"score_regional_random_forest":0.0438834,"score_regional_logistic_regression":0.455566,"score_regional_fuzzy_knn":0.0,"score_regional_xgboost":0.0085676},"geometry":{"type":"Polygon","coordinates":[[[-71.1805171,-9.832621],[-71.1723791,-9.8326734],[-71.1723438,-9.8272672],[-71.1804816,-9.8272148],[-71.1805171,-9.832621]]]}},{"type":"Feature","id":"AC-Y371-X396","properties":{"id":"AC-Y371-X396","grid_x":396,"grid_y":371,"region":"oeste","centroid":[-71.1682925,-9.8299964],"aggregation":"none","score_unico_gradboost":0.0018831,"score_unico_random_forest":0.0601012,"score_unico_logistic_regression":0.2123558,"score_unico_fuzzy_knn":0.0,"score_unico_xgboost":0.003835,"score_regional_gradboost":0.0064583,"score_regional_random_forest":0.0229248,"score_regional_logistic_regression":0.3047774,"score_regional_fuzzy_knn":0.0,"score_regional_xgboost":0.0119541},"geometry":{"type":"Polygon","coordinates":[[[-71.1723791,-9.8326734],[-71.1642412,-9.8327256],[-71.164206,-9.8273194],[-71.1723438,-9.8272672],[-71.1723791,-9.8326734]]]}},{"type":"Feature","id":"AC-Y372-X394","properties":{"id":"AC-Y372-X394","grid_x":394,"grid_y":372,"region":"oeste","centroid":[-71.1845328,-9.8244855],"aggregation":"none","score_unico_gradboost":0.0021811,"score_unico_random_forest":0.0698058,"score_unico_logistic_regression":0.20685,"score_unico_fuzzy_knn":0.0,"score_unico_xgboost":0.0044361,"score_regional_gradboost":0.006471,"score_regional_random_forest":0.0233711,"score_regional_logistic_regression":0.2857423,"score_regional_fuzzy_knn":0.0,"score_regional_xgboost":0.0107419},"geometry":{"type":"Polygon","coordinates":[[[-71.1886194,-9.8271623],[-71.1804816,-9.8272148],[-71.1804462,-9.8218086],[-71.1885838,-9.8217561],[-71.1886194,-9.8271623]]]}},{"type":"Feature","id":"AC-Y372-X395","properties":{"id":"AC-Y372-X395","grid_x":395,"grid_y":372,"region":"oeste","centroid":[-71.1763951,-9.8245379],"aggregation":"none","score_unico_gradboost":0.0015167,"score_unico_random_forest":0.0835901,"score_unico_logistic_regression":0.2864235,"score_unico_fuzzy_knn":0.0,"score_unico_xgboost":0.0043376,"score_regional_gradboost":0.003857,"score_regional_random_forest":0.0380722,"score_regional_logistic_regression":0.4444737,"score_regional_fuzzy_knn":0.0,"score_regional_xgboost":0.0075048},"geometry":{"type":"Polygon","coordinates":[[[-71.1804816,-9.8272148],[-71.1723438,-9.8272672],[-71.1723086,-9.821861],[-71.1804462,-9.8218086],[-71.1804816,-9.8272148]]]}},{"type":"Feature","id":"AC-Y372-X396","properties":{"id":"AC-Y372-X396","grid_x":396,"grid_y":372,"region":"oeste","centroid":[-71.1682573,-9.8245902],"aggregation":"none","score_unico_gradboost":0.0018831,"score_unico_random_forest":0.0603246,"score_unico_logistic_regression":0.2184475,"score_unico_fuzzy_knn":0.0,"score_unico_xgboost":0.0039559,"score_regional_gradboost":0.0060729,"score_regional_random_forest":0.0229248,"score_regional_logistic_regression":0.3152795,"score_regional_fuzzy_knn":0.0,"score_regional_xgboost":0.0119541},"geometry":{"type":"Polygon","coordinates":[[[-71.1723438,-9.8272672],[-71.164206,-9.8273194],[-71.1641709,-9.8219131],[-71.1723086,-9.821861],[-71.1723438,-9.8272672]]]}},{"type":"Feature","id":"AC-Y373-X394","properties":{"id":"AC-Y373-X394","grid_x":394,"grid_y":373,"region":"oeste","centroid":[-71.1844973,-9.8190793],"aggregation":"none","score_unico_gradboost":0.0026847,"score_unico_random_forest":0.0686588,"score_unico_logistic_regression":0.2551275,"score_unico_fuzzy_knn":0.0,"score_unico_xgboost":0.0035649,"score_regional_gradboost":0.0058444,"score_regional_random_forest":0.0289985,"score_regional_logistic_regression":0.3561555,"score_regional_fuzzy_knn":0.0,"score_regional_xgboost":0.0149247},"geometry":{"type":"Polygon","coordinates":[[[-71.1885838,-9.8217561],[-71.1804462,-9.8218086],[-71.1804108,-9.8164024],[-71.1885483,-9.8163499],[-71.1885838,-9.8217561]]]}},{"type":"Feature","id":"AC-Y373-X395","properties":{"id":"AC-Y373-X395","grid_x":395,"grid_y":373,"region":"oeste","centroid":[-71.1763597,-9.8191317],"aggregation":"none","score_unico_gradboost":0.0023793,"score_unico_random_forest":0.0836472,"score_unico_logistic_regression":0.3110103,"score_unico_fuzzy_knn":0.0,"score_unico_xgboost":0.0052215,"score_regional_gradboost":0.00307,"score_regional_random_forest":0.0673945,"score_regional_logistic_regression":0.4974413,"score_regional_fuzzy_knn":0.0,"score_regional_xgboost":0.0096835},"geometry":{"type":"Polygon","coordinates":[[[-71.1804462,-9.8218086],[-71.1723086,-9.821861],[-71.1722733,-9.8164547],[-71.1804108,-9.8164024],[-71.1804462,-9.8218086]]]}},{"type":"Feature","id":"AC-Y373-X396","properties":{"id":"AC-Y373-X396","grid_x":396,"grid_y":373,"region":"oeste","centroid":[-71.1682221,-9.8191839],"aggregation":"none","score_unico_gradboost":0.0018831,"score_unico_random_forest":0.0601012,"score_unico_logistic_regression":0.2166653,"score_unico_fuzzy_knn":0.0,"score_unico_xgboost":0.0039559,"score_regional_gradboost":0.0060729,"score_regional_random_forest":0.0229248,"score_regional_logistic_regression":0.3133372,"score_regional_fuzzy_knn":0.0,"score_regional_xgboost":0.0119541},"geometry":{"type":"Polygon","coordinates":[[[-71.1723086,-9.821861],[-71.1641709,-9.8219131],[-71.1641357,-9.8165068],[-71.1722733,-9.8164547],[-71.1723086,-9.821861]]]}},{"type":"Feature","id":"AC-Y374-X394","properties":{"id":"AC-Y374-X394","grid_x":394,"grid_y":374,"region":"oeste","centroid":[-71.1844619,-9.8136731],"aggregation":"none","score_unico_gradboost":0.0025048,"score_unico_random_forest":0.0632174,"score_unico_logistic_regression":0.2518181,"score_unico_fuzzy_knn":0.0,"score_unico_xgboost":0.003581,"score_regional_gradboost":0.0061315,"score_regional_random_forest":0.0290568,"score_regional_logistic_regression":0.3548988,"score_regional_fuzzy_knn":0.0,"score_regional_xgboost":0.0139357},"geometry":{"type":"Polygon","coordinates":[[[-71.1885483,-9.8163499],[-71.1804108,-9.8164024],[-71.1803755,-9.8109962],[-71.1885128,-9.8109438],[-71.1885483,-9.8163499]]]}},{"type":"Feature","id":"AC-Y374-X395","properties":{"id":"AC-Y374-X395","grid_x":395,"grid_y":374,"region":"oeste","centroid":[-71.1763244,-9.8137255],"aggregation":"none","score_unico_gradboost":0.0024528,"score_unico_random_forest":0.0850389,"score_unico_logistic_regression":0.3153177,"score_unico_fuzzy_knn":0.0,"score_unico_xgboost":0.007146,"score_regional_gradboost":0.0030123,"score_regional_random_forest":0.0822397,"score_regional_logistic_regression":0.5095441,"score_regional_fuzzy_knn":0.0,"score_regional_xgboost":0.0134423},"geometry":{"type":"Polygon","coordinates":[[[-71.1804108,-9.8164024],[-71.1722733,-9.8164547],[-71.1722381,-9.8110485],[-71.1803755,-9.8109962],[-71.1804108,-9.8164024]]]}},{"type":"Feature","id":"AC-Y374-X396","properties":{"id":"AC-Y374-X396","grid_x":396,"grid_y":374,"region":"oeste","centroid":[-71.1681869,-9.8137777],"aggregation":"none","score_unico_gradboost":0.0022852,"score_unico_random_forest":0.0628305,"score_unico_logistic_regression":0.2280879,"score_unico_fuzzy_knn":0.0,"score_unico_xgboost":0.0038242,"score_regional_gradboost":0.0059593,"score_regional_random_forest":0.0246677,"score_regional_logistic_regression":0.3225666,"score_regional_fuzzy_knn":0.0,"score_regional_xgboost":0.0119541},"geometry":{"type":"Polygon","coordinates":[[[-71.1722733,-9.8164547],[-71.1641357,-9.8165068],[-71.1641006,-9.8111006],[-71.1722381,-9.8110485],[-71.1722733,-9.8164547]]]}},{"type":"Feature","id":"AC-Y375-X394","properties":{"id":"AC-Y375-X394","grid_x":394,"grid_y":375,"region":"oeste","centroid":[-71.1844264,-9.8082669],"aggregation":"none","score_unico_gradboost":0.0024721,"score_unico_random_forest":0.0777135,"score_unico_logistic_regression":0.2694806,"score_unico_fuzzy_knn":0.0,"score_unico_xgboost":0.0038996,"score_regional_gradboost":0.0059903,"score_regional_random_forest":0.030157,"score_regional_logistic_regression":0.3809123,"score_regional_fuzzy_knn":0.0,"score_regional_xgboost":0.0149247},"geometry":{"type":"Polygon","coordinates":[[[-71.1885128,-9.8109438],[-71.1803755,-9.8109962],[-71.1803401,-9.80559],[-71.1884773,-9.8055376],[-71.1885128,-9.8109438]]]}},{"type":"Feature","id":"AC-Y375-X395","properties":{"id":"AC-Y375-X395","grid_x":395,"grid_y":375,"region":"oeste","centroid":[-71.1762891,-9.8083193],"aggregation":"none","score_unico_gradboost":0.0021045,"score_unico_random_forest":0.0815962,"score_unico_logistic_regression":0.2982086,"score_unico_fuzzy_knn":0.0,"score_unico_xgboost":0.0046394,"score_regional_gradboost":0.0030551,"score_regional_random_forest":0.0438834,"score_regional_logistic_regression":0.4697864,"score_regional_fuzzy_knn":0.0,"score_regional_xgboost":0.0085676},"geometry":{"type":"Polygon","coordinates":[[[-71.1803755,-9.8109962],[-71.1722381,-9.8110485],[-71.1722028,-9.8056423],[-71.1803401,-9.80559],[-71.1803755,-9.8109962]]]}},{"type":"Feature","id":"AC-Y375-X396","properties":{"id":"AC-Y375-X396","grid_x":396,"grid_y":375,"region":"oeste","centroid":[-71.1681518,-9.8083714],"aggregation":"none","score_unico_gradboost":0.0023087,"score_unico_random_forest":0.0655103,"score_unico_logistic_regression":0.2654784,"score_unico_fuzzy_knn":0.0,"score_unico_xgboost":0.0037345,"score_regional_gradboost":0.0051164,"score_regional_random_forest":0.0242053,"score_regional_logistic_regression":0.3824218,"score_regional_fuzzy_knn":0.0,"score_regional_xgboost":0.0149247},"geometry":{"type":"Polygon","coordinates":[[[-71.1722381,-9.8110485],[-71.1641006,-9.8111006],[-71.1640655,-9.8056943],[-71.1722028,-9.8056423],[-71.1722381,-9.8110485]]]}},{"type":"Feature","id":"AC-Y376-X394","properties":{"id":"AC-Y376-X394","grid_x":394,"grid_y":376,"region":"oeste","centroid":[-71.184391,-9.8028607],"aggregation":"none","score_unico_gradboost":0.0022114,"score_unico_random_forest":0.0828841,"score_unico_logistic_regression":0.2736664,"score_unico_fuzzy_knn":0.0,"score_unico_xgboost":0.0044207,"score_regional_gradboost":0.0063249,"score_regional_random_forest":0.0405732,"score_regional_logistic_regression":0.3860671,"score_regional_fuzzy_knn":0.0,"score_regional_xgboost":0.0149247},"geometry":{"type":"Polygon","coordinates":[[[-71.1884773,-9.8055376],[-71.1803401,-9.80559],[-71.1803048,-9.8001838],[-71.1884419,-9.8001314],[-71.1884773,-9.8055376]]]}},{"type":"Feature","id":"AC-Y376-X395","properties":{"id":"AC-Y376-X395","grid_x":395,"grid_y":376,"region":"oeste","centroid":[-71.1762538,-9.802913],"aggregation":"none","score_unico_gradboost":0.0018198,"score_unico_random_forest":0.0742094,"score_unico_logistic_regression":0.2775003,"score_unico_fuzzy_knn":0.0,"score_unico_xgboost":0.003939,"score_regional_gradboost":0.003857,"score_regional_random_forest":0.0263115,"score_regional_logistic_regression":0.4411154,"score_regional_fuzzy_knn":0.0,"score_regional_xgboost":0.0075048},"geometry":{"type":"Polygon","coordinates":[[[-71.1803401,-9.80559],[-71.1722028,-9.8056423],[-71.1721676,-9.800236],[-71.1803048,-9.8001838],[-71.1803401,-9.80559]]]}},{"type":"Feature","id":"AC-Y377-X394","properties":{"id":"AC-Y377-X394","grid_x":394,"grid_y":377,"region":"oeste","centroid":[-71.1843556,-9.7974545],"aggregation":"none","score_unico_gradboost":0.0022332,"score_unico_random_forest":0.068096,"score_unico_logistic_regression":0.2288377,"score_unico_fuzzy_knn":0.0,"score_unico_xgboost":0.0045186,"score_regional_gradboost":0.005971,"score_regional_random_forest":0.0241507,"score_regional_logistic_regression":0.3147926,"score_regional_fuzzy_knn":0.0,"score_regional_xgboost":0.0107419},"geometry":{"type":"Polygon","coordinates":[[[-71.1884419,-9.8001314],[-71.1803048,-9.8001838],[-71.1802695,-9.7947776],[-71.1884064,-9.7947252],[-71.1884419,-9.8001314]]]}},{"type":"Feature","id":"AC-Y377-X395","properties":{"id":"AC-Y377-X395","grid_x":395,"grid_y":377,"region":"oeste","centroid":[-71.1762186,-9.7975068],"aggregation":"none","score_unico_gradboost":0.0021025,"score_unico_random_forest":0.0601283,"score_unico_logistic_regression":0.2957496,"score_unico_fuzzy_knn":0.0,"score_unico_xgboost":0.0054668,"score_regional_gradboost":0.0047304,"score_regional_random_forest":0.0846641,"score_regional_logistic_regression":0.4205548,"score_regional_fuzzy_knn":0.0,"score_regional_xgboost":0.0269417},"geometry":{"type":"Polygon","coordinates":[[[-71.1803048,-9.8001838],[-71.1721676,-9.800236],[-71.1721325,-9.7948298],[-71.1802695,-9.7947776],[-71.1803048,-9.8001838]]]}},{"type":"Feature","id":"AC-Y378-X394","properties":{"id":"AC-Y378-X394","grid_x":394,"grid_y":378,"region":"oeste","centroid":[-71.1843203,-9.7920483],"aggregation":"none","score_unico_gradboost":0.0019267,"score_unico_random_forest":0.0561292,"score_unico_logistic_regression":0.2918446,"score_unico_fuzzy_knn":0.0,"score_unico_xgboost":0.0030629,"score_regional_gradboost":0.0027266,"score_regional_random_forest":0.0696501,"score_regional_logistic_regression":0.3888656,"score_regional_fuzzy_knn":0.0,"score_regional_xgboost":0.0173728},"geometry":{"type":"Polygon","coordinates":[[[-71.1884064,-9.7947252],[-71.1802695,-9.7947776],[-71.1802342,-9.7893714],[-71.188371,-9.789319],[-71.1884064,-9.7947252]]]}},{"type":"Feature","id":"AC-Y378-X395","properties":{"id":"AC-Y378-X395","grid_x":395,"grid_y":378,"region":"oeste","centroid":[-71.1761833,-9.7921006],"aggregation":"none","score_unico_gradboost":0.0024175,"score_unico_random_forest":0.0727615,"score_unico_logistic_regression":0.2517503,"score_unico_fuzzy_knn":0.0,"score_unico_xgboost":0.0040055,"score_regional_gradboost":0.0061436,"score_regional_random_forest":0.0262924,"score_regional_logistic_regression":0.3476316,"score_regional_fuzzy_knn":0.0,"score_regional_xgboost":0.0125252},"geometry":{"type":"Polygon","coordinates":[[[-71.1802695,-9.7947776],[-71.1721325,-9.7948298],[-71.1720973,-9.7894235],[-71.1802342,-9.7893714],[-71.1802695,-9.7947776]]]}},{"type":"Feature","id":"AC-Y379-X394","properties":{"id":"AC-Y379-X394","grid_x":394,"grid_y":379,"region":"oeste","centroid":[-71.1842849,-9.7866421],"aggregation":"none","score_unico_gradboost":0.0014122,"score_unico_random_forest":0.0655375,"score_unico_logistic_regression":0.2148116,"score_unico_fuzzy_knn":0.0,"score_unico_xgboost":0.0017593,"score_regional_gradboost":0.0035001,"score_regional_random_forest":0.0095513,"score_regional_logistic_regression":0.2810697,"score_regional_fuzzy_knn":0.0,"score_regional_xgboost":0.0040459},"geometry":{"type":"Polygon","coordinates":[[[-71.188371,-9.789319],[-71.1802342,-9.7893714],[-71.1801989,-9.7839652],[-71.1883356,-9.7839128],[-71.188371,-9.789319]]]}},{"type":"Feature","id":"AC-Y379-X395","properties":{"id":"AC-Y379-X395","grid_x":395,"grid_y":379,"region":"oeste","centroid":[-71.1761481,-9.7866944],"aggregation":"none","score_unico_gradboost":0.0019545,"score_unico_random_forest":0.0618151,"score_unico_logistic_regression":0.2209381,"score_unico_fuzzy_knn":0.0,"score_unico_xgboost":0.0035321,"score_regional_gradboost":0.0058864,"score_regional_random_forest":0.0213261,"score_regional_logistic_regression":0.2965789,"score_regional_fuzzy_knn":0.0,"score_regional_xgboost":0.0093032},"geometry":{"type":"Polygon","coordinates":[[[-71.1802342,-9.7893714],[-71.1720973,-9.7894235],[-71.1720622,-9.7840173],[-71.1801989,-9.7839652],[-71.1802342,-9.7893714]]]}},{"type":"Feature","id":"AC-Y380-X394","properties":{"id":"AC-Y380-X394","grid_x":394,"grid_y":380,"region":"oeste","centroid":[-71.1842496,-9.7812359],"aggregation":"none","score_unico_gradboost":0.0012457,"score_unico_random_forest":0.0631551,"score_unico_logistic_regression":0.1903238,"score_unico_fuzzy_knn":0.0,"score_unico_xgboost":0.0015302,"score_regional_gradboost":0.0052384,"score_regional_random_forest":0.0095795,"score_regional_logistic_regression":0.2442948,"score_regional_fuzzy_knn":0.0,"score_regional_xgboost":0.0040327},"geometry":{"type":"Polygon","coordinates":[[[-71.1883356,-9.7839128],[-71.1801989,-9.7839652],[-71.1801636,-9.7785589],[-71.1883002,-9.7785067],[-71.1883356,-9.7839128]]]}},{"type":"Feature","id":"AC-Y380-X395","properties":{"id":"AC-Y380-X395","grid_x":395,"grid_y":380,"region":"oeste","centroid":[-71.1761129,-9.7812881],"aggregation":"none","score_unico_gradboost":0.0017332,"score_unico_random_forest":0.0639749,"score_unico_logistic_regression":0.2263002,"score_unico_fuzzy_knn":0.0,"score_unico_xgboost":0.0023407,"score_regional_gradboost":0.0038561,"score_regional_random_forest":0.0198861,"score_regional_logistic_regression":0.302645,"score_regional_fuzzy_knn":0.0,"score_regional_xgboost":0.0076664},"geometry":{"type":"Polygon","coordinates":[[[-71.1801989,-9.7839652],[-71.1720622,-9.7840173],[-71.172027,-9.778611],[-71.1801636,-9.7785589],[-71.1801989,-9.7839652]]]}},{"type":"Feature","id":"AC-Y381-X394","properties":{"id":"AC-Y381-X394","grid_x":394,"grid_y":381,"region":"oeste","centroid":[-71.1842143,-9.7758297],"aggregation":"none","score_unico_gradboost":0.0014712,"score_unico_random_forest":0.0619713,"score_unico_logistic_regression":0.2309086,"score_unico_fuzzy_knn":0.0,"score_unico_xgboost":0.0015423,"score_regional_gradboost":0.0036486,"score_regional_random_forest":0.0049183,"score_regional_logistic_regression":0.2989672,"score_regional_fuzzy_knn":0.0,"score_regional_xgboost":0.003541},"geometry":{"type":"Polygon","coordinates":[[[-71.1883002,-9.7785067],[-71.1801636,-9.7785589],[-71.1801284,-9.7731527],[-71.1882648,-9.7731005],[-71.1883002,-9.7785067]]]}},{"type":"Feature","id":"AC-Y381-X395","properties":{"id":"AC-Y381-X395","grid_x":395,"grid_y":381,"region":"oeste","centroid":[-71.1760778,-9.7758819],"aggregation":"none","score_unico_gradboost":0.0020586,"score_unico_random_forest":0.0651573,"score_unico_logistic_regression":0.2321794,"score_unico_fuzzy_knn":0.0,"score_unico_xgboost":0.0023407,"score_regional_gradboost":0.003907,"score_regional_random_forest":0.0198861,"score_regional_logistic_regression":0.3107843,"score_regional_fuzzy_knn":0.0,"score_regional_xgboost":0.0093032},"geometry":{"type":"Polygon","coordinates":[[[-71.1801636,-9.7785589],[-71.172027,-9.778611],[-71.1719919,-9.7732048],[-71.1801284,-9.7731527],[-71.1801636,-9.7785589]]]}},{"type":"Feature","id":"AC-Y382-X395","properties":{"id":"AC-Y382-X395","grid_x":395,"grid_y":382,"region":"oeste","centroid":[-71.1760426,-9.7704757],"aggregation":"none","score_unico_gradboost":0.0018376,"score_unico_random_forest":0.08096,"score_unico_logistic_regression":0.2705577,"score_unico_fuzzy_knn":0.0,"score_unico_xgboost":0.003795,"score_regional_gradboost":0.0058559,"score_regional_random_forest":0.0315381,"score_regional_logistic_regression":0.3649835,"score_regional_fuzzy_knn":0.0,"score_regional_xgboost":0.0116228},"geometry":{"type":"Polygon","coordinates":[[[-71.1801284,-9.7731527],[-71.1719919,-9.7732048],[-71.1719569,-9.7677985],[-71.1800932,-9.7677465],[-71.1801284,-9.7731527]]]}}]}