{"type":"FeatureCollection","features":[{"type":"Feature","id":"AC-Y211-X771","properties":{"id":"AC-Y211-X771","grid_x":771,"grid_y":211,"centroid":[-68.1124779,-10.7012849],"aggregation":"none","score_gradboost":0.7576633,"score_random_forest":0.7136853,"score_logistic_regression":0.7302412,"score_fuzzy_knn_k29":0.8618384},"geometry":{"type":"Polygon","coordinates":[[[-68.1165526,-10.7040011],[-68.1083874,-10.7039779],[-68.1084032,-10.6985687],[-68.1165683,-10.6985919],[-68.1165526,-10.7040011]]]}},{"type":"Feature","id":"AC-Y212-X771","properties":{"id":"AC-Y212-X771","grid_x":771,"grid_y":212,"centroid":[-68.1124936,-10.6958757],"aggregation":"none","score_gradboost":0.7009064,"score_random_forest":0.7258053,"score_logistic_regression":0.62536,"score_fuzzy_knn_k29":0.2205659},"geometry":{"type":"Polygon","coordinates":[[[-68.1165683,-10.6985919],[-68.1084032,-10.6985687],[-68.108419,-10.6931595],[-68.1165839,-10.6931827],[-68.1165683,-10.6985919]]]}},{"type":"Feature","id":"AC-Y213-X770","properties":{"id":"AC-Y213-X770","grid_x":770,"grid_y":213,"centroid":[-68.1206742,-10.6904896],"aggregation":"none","score_gradboost":0.7977982,"score_random_forest":0.7103532,"score_logistic_regression":0.8139227,"score_fuzzy_knn_k29":0.7883733},"geometry":{"type":"Polygon","coordinates":[[[-68.1247488,-10.6932057],[-68.1165839,-10.6931827],[-68.1165996,-10.6877735],[-68.1247643,-10.6877965],[-68.1247488,-10.6932057]]]}},{"type":"Feature","id":"AC-Y213-X771","properties":{"id":"AC-Y213-X771","grid_x":771,"grid_y":213,"centroid":[-68.1125093,-10.6904665],"aggregation":"none","score_gradboost":0.85403,"score_random_forest":0.8598546,"score_logistic_regression":0.7509079,"score_fuzzy_knn_k29":0.6294764},"geometry":{"type":"Polygon","coordinates":[[[-68.1165839,-10.6931827],[-68.108419,-10.6931595],[-68.1084348,-10.6877503],[-68.1165996,-10.6877735],[-68.1165839,-10.6931827]]]}},{"type":"Feature","id":"AC-Y214-X770","properties":{"id":"AC-Y214-X770","grid_x":770,"grid_y":214,"centroid":[-68.1206897,-10.6850804],"aggregation":"none","score_gradboost":0.8392528,"score_random_forest":0.8037223,"score_logistic_regression":0.7851355,"score_fuzzy_knn_k29":0.8965871},"geometry":{"type":"Polygon","coordinates":[[[-68.1247643,-10.6877965],[-68.1165996,-10.6877735],[-68.1166152,-10.6823643],[-68.1247798,-10.6823872],[-68.1247643,-10.6877965]]]}},{"type":"Feature","id":"AC-Y214-X771","properties":{"id":"AC-Y214-X771","grid_x":771,"grid_y":214,"centroid":[-68.1125251,-10.6850573],"aggregation":"none","score_gradboost":0.820211,"score_random_forest":0.7570543,"score_logistic_regression":0.8035531,"score_fuzzy_knn_k29":0.8474729},"geometry":{"type":"Polygon","coordinates":[[[-68.1165996,-10.6877735],[-68.1084348,-10.6877503],[-68.1084506,-10.6823411],[-68.1166152,-10.6823643],[-68.1165996,-10.6877735]]]}},{"type":"Feature","id":"AC-Y215-X769","properties":{"id":"AC-Y215-X769","grid_x":769,"grid_y":215,"centroid":[-68.1288698,-10.679694],"aggregation":"none","score_gradboost":0.7873851,"score_random_forest":0.7449038,"score_logistic_regression":0.7957246,"score_fuzzy_knn_k29":0.9823117},"geometry":{"type":"Polygon","coordinates":[[[-68.1329444,-10.68241],[-68.1247798,-10.6823872],[-68.1247953,-10.676978],[-68.1329598,-10.6770008],[-68.1329444,-10.68241]]]}},{"type":"Feature","id":"AC-Y215-X770","properties":{"id":"AC-Y215-X770","grid_x":770,"grid_y":215,"centroid":[-68.1207053,-10.6796712],"aggregation":"none","score_gradboost":0.7834855,"score_random_forest":0.8159884,"score_logistic_regression":0.7660518,"score_fuzzy_knn_k29":0.938175},"geometry":{"type":"Polygon","coordinates":[[[-68.1247798,-10.6823872],[-68.1166152,-10.6823643],[-68.1166308,-10.676955],[-68.1247953,-10.676978],[-68.1247798,-10.6823872]]]}},{"type":"Feature","id":"AC-Y215-X771","properties":{"id":"AC-Y215-X771","grid_x":771,"grid_y":215,"centroid":[-68.1125408,-10.6796481],"aggregation":"none","score_gradboost":0.7473935,"score_random_forest":0.6991103,"score_logistic_regression":0.7869638,"score_fuzzy_knn_k29":0.8013783},"geometry":{"type":"Polygon","coordinates":[[[-68.1166152,-10.6823643],[-68.1084506,-10.6823411],[-68.1084664,-10.6769319],[-68.1166308,-10.676955],[-68.1166152,-10.6823643]]]}},{"type":"Feature","id":"AC-Y216-X769","properties":{"id":"AC-Y216-X769","grid_x":769,"grid_y":216,"centroid":[-68.1288852,-10.6742848],"aggregation":"none","score_gradboost":0.8202916,"score_random_forest":0.8241009,"score_logistic_regression":0.7868265,"score_fuzzy_knn_k29":0.9521655},"geometry":{"type":"Polygon","coordinates":[[[-68.1329598,-10.6770008],[-68.1247953,-10.676978],[-68.1248108,-10.6715688],[-68.1329751,-10.6715915],[-68.1329598,-10.6770008]]]}},{"type":"Feature","id":"AC-Y216-X770","properties":{"id":"AC-Y216-X770","grid_x":770,"grid_y":216,"centroid":[-68.1207208,-10.6742619],"aggregation":"none","score_gradboost":0.8755341,"score_random_forest":0.8508792,"score_logistic_regression":0.7663095,"score_fuzzy_knn_k29":0.958279},"geometry":{"type":"Polygon","coordinates":[[[-68.1247953,-10.676978],[-68.1166308,-10.676955],[-68.1166465,-10.6715458],[-68.1248108,-10.6715688],[-68.1247953,-10.676978]]]}},{"type":"Feature","id":"AC-Y216-X771","properties":{"id":"AC-Y216-X771","grid_x":771,"grid_y":216,"centroid":[-68.1125565,-10.6742389],"aggregation":"none","score_gradboost":0.8114446,"score_random_forest":0.7159531,"score_logistic_regression":0.7013557,"score_fuzzy_knn_k29":0.5923961},"geometry":{"type":"Polygon","coordinates":[[[-68.1166308,-10.676955],[-68.1084664,-10.6769319],[-68.1084821,-10.6715227],[-68.1166465,-10.6715458],[-68.1166308,-10.676955]]]}},{"type":"Feature","id":"AC-Y217-X768","properties":{"id":"AC-Y217-X768","grid_x":768,"grid_y":217,"centroid":[-68.1370649,-10.6688982],"aggregation":"none","score_gradboost":0.8805543,"score_random_forest":0.8538048,"score_logistic_regression":0.7599377,"score_fuzzy_knn_k29":0.8686952},"geometry":{"type":"Polygon","coordinates":[[[-68.1411395,-10.671614],[-68.1329751,-10.6715915],[-68.1329904,-10.6661823],[-68.1411547,-10.6662048],[-68.1411395,-10.671614]]]}},{"type":"Feature","id":"AC-Y217-X769","properties":{"id":"AC-Y217-X769","grid_x":769,"grid_y":217,"centroid":[-68.1289006,-10.6688756],"aggregation":"none","score_gradboost":0.3915695,"score_random_forest":0.5652135,"score_logistic_regression":0.7994324,"score_fuzzy_knn_k29":0.7062792},"geometry":{"type":"Polygon","coordinates":[[[-68.1329751,-10.6715915],[-68.1248108,-10.6715688],[-68.1248262,-10.6661595],[-68.1329904,-10.6661823],[-68.1329751,-10.6715915]]]}},{"type":"Feature","id":"AC-Y217-X770","properties":{"id":"AC-Y217-X770","grid_x":770,"grid_y":217,"centroid":[-68.1207364,-10.6688527],"aggregation":"none","score_gradboost":0.7370898,"score_random_forest":0.8035716,"score_logistic_regression":0.8025435,"score_fuzzy_knn_k29":0.9034765},"geometry":{"type":"Polygon","coordinates":[[[-68.1248108,-10.6715688],[-68.1166465,-10.6715458],[-68.1166621,-10.6661366],[-68.1248262,-10.6661595],[-68.1248108,-10.6715688]]]}},{"type":"Feature","id":"AC-Y217-X771","properties":{"id":"AC-Y217-X771","grid_x":771,"grid_y":217,"centroid":[-68.1125721,-10.6688297],"aggregation":"none","score_gradboost":0.7767383,"score_random_forest":0.8203661,"score_logistic_regression":0.7351282,"score_fuzzy_knn_k29":0.7954218},"geometry":{"type":"Polygon","coordinates":[[[-68.1166465,-10.6715458],[-68.1084821,-10.6715227],[-68.1084979,-10.6661135],[-68.1166621,-10.6661366],[-68.1166465,-10.6715458]]]}},{"type":"Feature","id":"AC-Y218-X767","properties":{"id":"AC-Y218-X767","grid_x":767,"grid_y":218,"centroid":[-68.1452443,-10.6635113],"aggregation":"none","score_gradboost":0.8886295,"score_random_forest":0.814302,"score_logistic_regression":0.7949446,"score_fuzzy_knn_k29":0.7385629},"geometry":{"type":"Polygon","coordinates":[[[-68.1493189,-10.6662271],[-68.1411547,-10.6662048],[-68.1411698,-10.6607955],[-68.1493339,-10.6608178],[-68.1493189,-10.6662271]]]}},{"type":"Feature","id":"AC-Y218-X768","properties":{"id":"AC-Y218-X768","grid_x":768,"grid_y":218,"centroid":[-68.1370802,-10.6634889],"aggregation":"none","score_gradboost":0.9678083,"score_random_forest":0.9399273,"score_logistic_regression":0.7277014,"score_fuzzy_knn_k29":0.9600642},"geometry":{"type":"Polygon","coordinates":[[[-68.1411547,-10.6662048],[-68.1329904,-10.6661823],[-68.1330057,-10.660773],[-68.1411698,-10.6607955],[-68.1411547,-10.6662048]]]}},{"type":"Feature","id":"AC-Y218-X769","properties":{"id":"AC-Y218-X769","grid_x":769,"grid_y":218,"centroid":[-68.128916,-10.6634663],"aggregation":"none","score_gradboost":0.7898752,"score_random_forest":0.8336872,"score_logistic_regression":0.7406813,"score_fuzzy_knn_k29":0.4051901},"geometry":{"type":"Polygon","coordinates":[[[-68.1329904,-10.6661823],[-68.1248262,-10.6661595],[-68.1248417,-10.6607503],[-68.1330057,-10.660773],[-68.1329904,-10.6661823]]]}},{"type":"Feature","id":"AC-Y218-X770","properties":{"id":"AC-Y218-X770","grid_x":770,"grid_y":218,"centroid":[-68.1207519,-10.6634435],"aggregation":"none","score_gradboost":0.8700186,"score_random_forest":0.7934865,"score_logistic_regression":0.7854189,"score_fuzzy_knn_k29":0.5852735},"geometry":{"type":"Polygon","coordinates":[[[-68.1248262,-10.6661595],[-68.1166621,-10.6661366],[-68.1166777,-10.6607274],[-68.1248417,-10.6607503],[-68.1248262,-10.6661595]]]}},{"type":"Feature","id":"AC-Y218-X771","properties":{"id":"AC-Y218-X771","grid_x":771,"grid_y":218,"centroid":[-68.1125878,-10.6634204],"aggregation":"none","score_gradboost":0.7612,"score_random_forest":0.824805,"score_logistic_regression":0.8040249,"score_fuzzy_knn_k29":0.9809763},"geometry":{"type":"Polygon","coordinates":[[[-68.1166621,-10.6661366],[-68.1084979,-10.6661135],[-68.1085136,-10.6607042],[-68.1166777,-10.6607274],[-68.1166621,-10.6661366]]]}},{"type":"Feature","id":"AC-Y219-X767","properties":{"id":"AC-Y219-X767","grid_x":767,"grid_y":219,"centroid":[-68.1452594,-10.6581021],"aggregation":"none","score_gradboost":0.8726548,"score_random_forest":0.8713298,"score_logistic_regression":0.7897105,"score_fuzzy_knn_k29":0.9749278},"geometry":{"type":"Polygon","coordinates":[[[-68.1493339,-10.6608178],[-68.1411698,-10.6607955],[-68.141185,-10.6553863],[-68.1493489,-10.6554085],[-68.1493339,-10.6608178]]]}},{"type":"Feature","id":"AC-Y219-X768","properties":{"id":"AC-Y219-X768","grid_x":768,"grid_y":219,"centroid":[-68.1370954,-10.6580797],"aggregation":"none","score_gradboost":0.9533837,"score_random_forest":0.889017,"score_logistic_regression":0.7585251,"score_fuzzy_knn_k29":0.9517306},"geometry":{"type":"Polygon","coordinates":[[[-68.1411698,-10.6607955],[-68.1330057,-10.660773],[-68.1330211,-10.6553638],[-68.141185,-10.6553863],[-68.1411698,-10.6607955]]]}},{"type":"Feature","id":"AC-Y219-X769","properties":{"id":"AC-Y219-X769","grid_x":769,"grid_y":219,"centroid":[-68.1289314,-10.6580571],"aggregation":"none","score_gradboost":0.9491952,"score_random_forest":0.9160808,"score_logistic_regression":0.7553734,"score_fuzzy_knn_k29":0.9032716},"geometry":{"type":"Polygon","coordinates":[[[-68.1330057,-10.660773],[-68.1248417,-10.6607503],[-68.1248571,-10.6553411],[-68.1330211,-10.6553638],[-68.1330057,-10.660773]]]}},{"type":"Feature","id":"AC-Y219-X770","properties":{"id":"AC-Y219-X770","grid_x":770,"grid_y":219,"centroid":[-68.1207674,-10.6580343],"aggregation":"none","score_gradboost":0.5559999,"score_random_forest":0.6271646,"score_logistic_regression":0.8147553,"score_fuzzy_knn_k29":0.6239409},"geometry":{"type":"Polygon","coordinates":[[[-68.1248417,-10.6607503],[-68.1166777,-10.6607274],[-68.1166933,-10.6553182],[-68.1248571,-10.6553411],[-68.1248417,-10.6607503]]]}},{"type":"Feature","id":"AC-Y219-X771","properties":{"id":"AC-Y219-X771","grid_x":771,"grid_y":219,"centroid":[-68.1126035,-10.6580112],"aggregation":"none","score_gradboost":0.7798007,"score_random_forest":0.7952148,"score_logistic_regression":0.8098759,"score_fuzzy_knn_k29":0.8746079},"geometry":{"type":"Polygon","coordinates":[[[-68.1166777,-10.6607274],[-68.1085136,-10.6607042],[-68.1085294,-10.655295],[-68.1166933,-10.6553182],[-68.1166777,-10.6607274]]]}},{"type":"Feature","id":"AC-Y220-X766","properties":{"id":"AC-Y220-X766","grid_x":766,"grid_y":220,"centroid":[-68.1534384,-10.652715],"aggregation":"none","score_gradboost":0.953807,"score_random_forest":0.8889604,"score_logistic_regression":0.8031868,"score_fuzzy_knn_k29":0.9732992},"geometry":{"type":"Polygon","coordinates":[[[-68.1575129,-10.6554306],[-68.1493489,-10.6554085],[-68.1493639,-10.6499993],[-68.1575278,-10.6500213],[-68.1575129,-10.6554306]]]}},{"type":"Feature","id":"AC-Y220-X767","properties":{"id":"AC-Y220-X767","grid_x":767,"grid_y":220,"centroid":[-68.1452745,-10.6526928],"aggregation":"none","score_gradboost":0.900757,"score_random_forest":0.9006737,"score_logistic_regression":0.7957605,"score_fuzzy_knn_k29":0.9895886},"geometry":{"type":"Polygon","coordinates":[[[-68.1493489,-10.6554085],[-68.141185,-10.6553863],[-68.1412001,-10.649977],[-68.1493639,-10.6499993],[-68.1493489,-10.6554085]]]}},{"type":"Feature","id":"AC-Y220-X768","properties":{"id":"AC-Y220-X768","grid_x":768,"grid_y":220,"centroid":[-68.1371106,-10.6526704],"aggregation":"none","score_gradboost":0.9871101,"score_random_forest":0.9851644,"score_logistic_regression":0.7188524,"score_fuzzy_knn_k29":1.0},"geometry":{"type":"Polygon","coordinates":[[[-68.141185,-10.6553863],[-68.1330211,-10.6553638],[-68.1330364,-10.6499545],[-68.1412001,-10.649977],[-68.141185,-10.6553863]]]}},{"type":"Feature","id":"AC-Y220-X769","properties":{"id":"AC-Y220-X769","grid_x":769,"grid_y":220,"centroid":[-68.1289468,-10.6526478],"aggregation":"none","score_gradboost":0.9781845,"score_random_forest":0.9538679,"score_logistic_regression":0.5722102,"score_fuzzy_knn_k29":0.9900645},"geometry":{"type":"Polygon","coordinates":[[[-68.1330211,-10.6553638],[-68.1248571,-10.6553411],[-68.1248726,-10.6499318],[-68.1330364,-10.6499545],[-68.1330211,-10.6553638]]]}},{"type":"Feature","id":"AC-Y220-X770","properties":{"id":"AC-Y220-X770","grid_x":770,"grid_y":220,"centroid":[-68.120783,-10.652625],"aggregation":"none","score_gradboost":0.9303955,"score_random_forest":0.9220534,"score_logistic_regression":0.7551867,"score_fuzzy_knn_k29":0.879483},"geometry":{"type":"Polygon","coordinates":[[[-68.1248571,-10.6553411],[-68.1166933,-10.6553182],[-68.1167088,-10.6499089],[-68.1248726,-10.6499318],[-68.1248571,-10.6553411]]]}},{"type":"Feature","id":"AC-Y220-X771","properties":{"id":"AC-Y220-X771","grid_x":771,"grid_y":220,"centroid":[-68.1126191,-10.652602],"aggregation":"none","score_gradboost":0.3865939,"score_random_forest":0.5644573,"score_logistic_regression":0.7989313,"score_fuzzy_knn_k29":0.7426193},"geometry":{"type":"Polygon","coordinates":[[[-68.1166933,-10.6553182],[-68.1085294,-10.655295],[-68.1085451,-10.6498858],[-68.1167088,-10.6499089],[-68.1166933,-10.6553182]]]}},{"type":"Feature","id":"AC-Y221-X766","properties":{"id":"AC-Y221-X766","grid_x":766,"grid_y":221,"centroid":[-68.1534533,-10.6473057],"aggregation":"none","score_gradboost":0.8123922,"score_random_forest":0.8866172,"score_logistic_regression":0.8302508,"score_fuzzy_knn_k29":0.9841301},"geometry":{"type":"Polygon","coordinates":[[[-68.1575278,-10.6500213],[-68.1493639,-10.6499993],[-68.1493789,-10.64459],[-68.1575426,-10.644612],[-68.1575278,-10.6500213]]]}},{"type":"Feature","id":"AC-Y221-X767","properties":{"id":"AC-Y221-X767","grid_x":767,"grid_y":221,"centroid":[-68.1452896,-10.6472835],"aggregation":"none","score_gradboost":0.9493428,"score_random_forest":0.8998475,"score_logistic_regression":0.8057471,"score_fuzzy_knn_k29":0.9663803},"geometry":{"type":"Polygon","coordinates":[[[-68.1493639,-10.6499993],[-68.1412001,-10.649977],[-68.1412153,-10.6445677],[-68.1493789,-10.64459],[-68.1493639,-10.6499993]]]}},{"type":"Feature","id":"AC-Y221-X768","properties":{"id":"AC-Y221-X768","grid_x":768,"grid_y":221,"centroid":[-68.1371259,-10.6472612],"aggregation":"none","score_gradboost":0.9754256,"score_random_forest":0.9651971,"score_logistic_regression":0.590388,"score_fuzzy_knn_k29":0.9916649},"geometry":{"type":"Polygon","coordinates":[[[-68.1412001,-10.649977],[-68.1330364,-10.6499545],[-68.1330516,-10.6445453],[-68.1412153,-10.6445677],[-68.1412001,-10.649977]]]}},{"type":"Feature","id":"AC-Y221-X769","properties":{"id":"AC-Y221-X769","grid_x":769,"grid_y":221,"centroid":[-68.1289621,-10.6472386],"aggregation":"none","score_gradboost":0.9506732,"score_random_forest":0.9564638,"score_logistic_regression":0.5875736,"score_fuzzy_knn_k29":0.992662},"geometry":{"type":"Polygon","coordinates":[[[-68.1330364,-10.6499545],[-68.1248726,-10.6499318],[-68.124888,-10.6445226],[-68.1330516,-10.6445453],[-68.1330364,-10.6499545]]]}},{"type":"Feature","id":"AC-Y221-X770","properties":{"id":"AC-Y221-X770","grid_x":770,"grid_y":221,"centroid":[-68.1207985,-10.6472158],"aggregation":"none","score_gradboost":0.9466962,"score_random_forest":0.8610997,"score_logistic_regression":0.758237,"score_fuzzy_knn_k29":0.8796153},"geometry":{"type":"Polygon","coordinates":[[[-68.1248726,-10.6499318],[-68.1167088,-10.6499089],[-68.1167244,-10.6444997],[-68.124888,-10.6445226],[-68.1248726,-10.6499318]]]}},{"type":"Feature","id":"AC-Y221-X771","properties":{"id":"AC-Y221-X771","grid_x":771,"grid_y":221,"centroid":[-68.1126348,-10.6471928],"aggregation":"none","score_gradboost":0.6683548,"score_random_forest":0.7426256,"score_logistic_regression":0.7848221,"score_fuzzy_knn_k29":0.7928808},"geometry":{"type":"Polygon","coordinates":[[[-68.1167088,-10.6499089],[-68.1085451,-10.6498858],[-68.1085608,-10.6444766],[-68.1167244,-10.6444997],[-68.1167088,-10.6499089]]]}},{"type":"Feature","id":"AC-Y222-X766","properties":{"id":"AC-Y222-X766","grid_x":766,"grid_y":222,"centroid":[-68.1534682,-10.6418964],"aggregation":"none","score_gradboost":0.7587091,"score_random_forest":0.8217108,"score_logistic_regression":0.8227631,"score_fuzzy_knn_k29":0.9644294},"geometry":{"type":"Polygon","coordinates":[[[-68.1575426,-10.644612],[-68.1493789,-10.64459],[-68.1493939,-10.6391807],[-68.1575575,-10.6392028],[-68.1575426,-10.644612]]]}},{"type":"Feature","id":"AC-Y222-X767","properties":{"id":"AC-Y222-X767","grid_x":767,"grid_y":222,"centroid":[-68.1453046,-10.6418743],"aggregation":"none","score_gradboost":0.9021356,"score_random_forest":0.8962688,"score_logistic_regression":0.7947967,"score_fuzzy_knn_k29":0.9876331},"geometry":{"type":"Polygon","coordinates":[[[-68.1493789,-10.64459],[-68.1412153,-10.6445677],[-68.1412304,-10.6391585],[-68.1493939,-10.6391807],[-68.1493789,-10.64459]]]}},{"type":"Feature","id":"AC-Y222-X768","properties":{"id":"AC-Y222-X768","grid_x":768,"grid_y":222,"centroid":[-68.1371411,-10.6418519],"aggregation":"none","score_gradboost":0.9415997,"score_random_forest":0.9407906,"score_logistic_regression":0.6066041,"score_fuzzy_knn_k29":0.9413493},"geometry":{"type":"Polygon","coordinates":[[[-68.1412153,-10.6445677],[-68.1330516,-10.6445453],[-68.1330669,-10.639136],[-68.1412304,-10.6391585],[-68.1412153,-10.6445677]]]}},{"type":"Feature","id":"AC-Y222-X769","properties":{"id":"AC-Y222-X769","grid_x":769,"grid_y":222,"centroid":[-68.1289775,-10.6418293],"aggregation":"none","score_gradboost":0.8264645,"score_random_forest":0.8423828,"score_logistic_regression":0.6304284,"score_fuzzy_knn_k29":0.9760049},"geometry":{"type":"Polygon","coordinates":[[[-68.1330516,-10.6445453],[-68.124888,-10.6445226],[-68.1249034,-10.6391134],[-68.1330669,-10.639136],[-68.1330516,-10.6445453]]]}},{"type":"Feature","id":"AC-Y222-X770","properties":{"id":"AC-Y222-X770","grid_x":770,"grid_y":222,"centroid":[-68.120814,-10.6418066],"aggregation":"none","score_gradboost":0.8837089,"score_random_forest":0.7606293,"score_logistic_regression":0.7934819,"score_fuzzy_knn_k29":0.6766033},"geometry":{"type":"Polygon","coordinates":[[[-68.124888,-10.6445226],[-68.1167244,-10.6444997],[-68.11674,-10.6390905],[-68.1249034,-10.6391134],[-68.124888,-10.6445226]]]}},{"type":"Feature","id":"AC-Y222-X771","properties":{"id":"AC-Y222-X771","grid_x":771,"grid_y":222,"centroid":[-68.1126504,-10.6417836],"aggregation":"none","score_gradboost":0.6385674,"score_random_forest":0.737083,"score_logistic_regression":0.7979495,"score_fuzzy_knn_k29":0.7656775},"geometry":{"type":"Polygon","coordinates":[[[-68.1167244,-10.6444997],[-68.1085608,-10.6444766],[-68.1085765,-10.6390674],[-68.11674,-10.6390905],[-68.1167244,-10.6444997]]]}},{"type":"Feature","id":"AC-Y223-X767","properties":{"id":"AC-Y223-X767","grid_x":767,"grid_y":223,"centroid":[-68.1453197,-10.636465],"aggregation":"none","score_gradboost":0.9248446,"score_random_forest":0.8532059,"score_logistic_regression":0.5637611,"score_fuzzy_knn_k29":0.8561075},"geometry":{"type":"Polygon","coordinates":[[[-68.1493939,-10.6391807],[-68.1412304,-10.6391585],[-68.1412455,-10.6337492],[-68.1494089,-10.6337714],[-68.1493939,-10.6391807]]]}},{"type":"Feature","id":"AC-Y223-X768","properties":{"id":"AC-Y223-X768","grid_x":768,"grid_y":223,"centroid":[-68.1371563,-10.6364427],"aggregation":"none","score_gradboost":0.9195152,"score_random_forest":0.9159962,"score_logistic_regression":0.5761489,"score_fuzzy_knn_k29":0.9210218},"geometry":{"type":"Polygon","coordinates":[[[-68.1412304,-10.6391585],[-68.1330669,-10.639136],[-68.1330822,-10.6337268],[-68.1412455,-10.6337492],[-68.1412304,-10.6391585]]]}},{"type":"Feature","id":"AC-Y223-X769","properties":{"id":"AC-Y223-X769","grid_x":769,"grid_y":223,"centroid":[-68.1289929,-10.6364201],"aggregation":"none","score_gradboost":0.6420542,"score_random_forest":0.7883069,"score_logistic_regression":0.6801975,"score_fuzzy_knn_k29":0.8493956},"geometry":{"type":"Polygon","coordinates":[[[-68.1330669,-10.639136],[-68.1249034,-10.6391134],[-68.1249189,-10.6337041],[-68.1330822,-10.6337268],[-68.1330669,-10.639136]]]}},{"type":"Feature","id":"AC-Y223-X770","properties":{"id":"AC-Y223-X770","grid_x":770,"grid_y":223,"centroid":[-68.1208295,-10.6363973],"aggregation":"none","score_gradboost":0.7760395,"score_random_forest":0.7943906,"score_logistic_regression":0.8356535,"score_fuzzy_knn_k29":0.737353},"geometry":{"type":"Polygon","coordinates":[[[-68.1249034,-10.6391134],[-68.11674,-10.6390905],[-68.1167555,-10.6336813],[-68.1249189,-10.6337041],[-68.1249034,-10.6391134]]]}},{"type":"Feature","id":"AC-Y223-X771","properties":{"id":"AC-Y223-X771","grid_x":771,"grid_y":223,"centroid":[-68.1126661,-10.6363744],"aggregation":"none","score_gradboost":0.5202587,"score_random_forest":0.6595101,"score_logistic_regression":0.8501458,"score_fuzzy_knn_k29":0.9281923},"geometry":{"type":"Polygon","coordinates":[[[-68.11674,-10.6390905],[-68.1085765,-10.6390674],[-68.1085923,-10.6336582],[-68.1167555,-10.6336813],[-68.11674,-10.6390905]]]}},{"type":"Feature","id":"AC-Y224-X768","properties":{"id":"AC-Y224-X768","grid_x":768,"grid_y":224,"centroid":[-68.1371715,-10.6310334],"aggregation":"none","score_gradboost":0.87793,"score_random_forest":0.891694,"score_logistic_regression":0.587436,"score_fuzzy_knn_k29":0.9485715},"geometry":{"type":"Polygon","coordinates":[[[-68.1412455,-10.6337492],[-68.1330822,-10.6337268],[-68.1330975,-10.6283175],[-68.1412607,-10.6283399],[-68.1412455,-10.6337492]]]}},{"type":"Feature","id":"AC-Y224-X769","properties":{"id":"AC-Y224-X769","grid_x":769,"grid_y":224,"centroid":[-68.1290082,-10.6310108],"aggregation":"none","score_gradboost":0.8818209,"score_random_forest":0.8919761,"score_logistic_regression":0.8207956,"score_fuzzy_knn_k29":0.6560122},"geometry":{"type":"Polygon","coordinates":[[[-68.1330822,-10.6337268],[-68.1249189,-10.6337041],[-68.1249343,-10.6282949],[-68.1330975,-10.6283175],[-68.1330822,-10.6337268]]]}},{"type":"Feature","id":"AC-Y224-X770","properties":{"id":"AC-Y224-X770","grid_x":770,"grid_y":224,"centroid":[-68.1208449,-10.6309881],"aggregation":"none","score_gradboost":0.7103845,"score_random_forest":0.7089695,"score_logistic_regression":0.8598766,"score_fuzzy_knn_k29":0.6597893},"geometry":{"type":"Polygon","coordinates":[[[-68.1249189,-10.6337041],[-68.1167555,-10.6336813],[-68.1167711,-10.628272],[-68.1249343,-10.6282949],[-68.1249189,-10.6337041]]]}},{"type":"Feature","id":"AC-Y224-X771","properties":{"id":"AC-Y224-X771","grid_x":771,"grid_y":224,"centroid":[-68.1126817,-10.6309651],"aggregation":"none","score_gradboost":0.7576582,"score_random_forest":0.7750838,"score_logistic_regression":0.8389399,"score_fuzzy_knn_k29":0.9435878},"geometry":{"type":"Polygon","coordinates":[[[-68.1167555,-10.6336813],[-68.1085923,-10.6336582],[-68.1086079,-10.628249],[-68.1167711,-10.628272],[-68.1167555,-10.6336813]]]}},{"type":"Feature","id":"AC-Y225-X769","properties":{"id":"AC-Y225-X769","grid_x":769,"grid_y":225,"centroid":[-68.1290235,-10.6256016],"aggregation":"none","score_gradboost":0.8438711,"score_random_forest":0.8430411,"score_logistic_regression":0.8407093,"score_fuzzy_knn_k29":0.8796525},"geometry":{"type":"Polygon","coordinates":[[[-68.1330975,-10.6283175],[-68.1249343,-10.6282949],[-68.1249497,-10.6228856],[-68.1331127,-10.6229083],[-68.1330975,-10.6283175]]]}},{"type":"Feature","id":"AC-Y225-X770","properties":{"id":"AC-Y225-X770","grid_x":770,"grid_y":225,"centroid":[-68.1208604,-10.6255789],"aggregation":"none","score_gradboost":0.7596575,"score_random_forest":0.751801,"score_logistic_regression":0.8643226,"score_fuzzy_knn_k29":0.7790171},"geometry":{"type":"Polygon","coordinates":[[[-68.1249343,-10.6282949],[-68.1167711,-10.628272],[-68.1167866,-10.6228628],[-68.1249497,-10.6228856],[-68.1249343,-10.6282949]]]}},{"type":"Feature","id":"AC-Y225-X771","properties":{"id":"AC-Y225-X771","grid_x":771,"grid_y":225,"centroid":[-68.1126973,-10.6255559],"aggregation":"none","score_gradboost":0.7356868,"score_random_forest":0.8100892,"score_logistic_regression":0.8581517,"score_fuzzy_knn_k29":0.7202192},"geometry":{"type":"Polygon","coordinates":[[[-68.1167711,-10.628272],[-68.1086079,-10.628249],[-68.1086236,-10.6228397],[-68.1167866,-10.6228628],[-68.1167711,-10.628272]]]}},{"type":"Feature","id":"AC-Y226-X769","properties":{"id":"AC-Y226-X769","grid_x":769,"grid_y":226,"centroid":[-68.1290389,-10.6201923],"aggregation":"none","score_gradboost":0.9289073,"score_random_forest":0.8653035,"score_logistic_regression":0.8774352,"score_fuzzy_knn_k29":0.6664511},"geometry":{"type":"Polygon","coordinates":[[[-68.1331127,-10.6229083],[-68.1249497,-10.6228856],[-68.1249651,-10.6174764],[-68.133128,-10.617499],[-68.1331127,-10.6229083]]]}},{"type":"Feature","id":"AC-Y226-X770","properties":{"id":"AC-Y226-X770","grid_x":770,"grid_y":226,"centroid":[-68.1208759,-10.6201696],"aggregation":"none","score_gradboost":0.8801603,"score_random_forest":0.8924319,"score_logistic_regression":0.8734398,"score_fuzzy_knn_k29":0.8764208},"geometry":{"type":"Polygon","coordinates":[[[-68.1249497,-10.6228856],[-68.1167866,-10.6228628],[-68.1168022,-10.6174535],[-68.1249651,-10.6174764],[-68.1249497,-10.6228856]]]}},{"type":"Feature","id":"AC-Y226-X771","properties":{"id":"AC-Y226-X771","grid_x":771,"grid_y":226,"centroid":[-68.1127129,-10.6201467],"aggregation":"none","score_gradboost":0.880976,"score_random_forest":0.8301647,"score_logistic_regression":0.8616812,"score_fuzzy_knn_k29":0.7750871},"geometry":{"type":"Polygon","coordinates":[[[-68.1167866,-10.6228628],[-68.1086236,-10.6228397],[-68.1086393,-10.6174305],[-68.1168022,-10.6174535],[-68.1167866,-10.6228628]]]}},{"type":"Feature","id":"AC-Y227-X770","properties":{"id":"AC-Y227-X770","grid_x":770,"grid_y":227,"centroid":[-68.1208913,-10.6147604],"aggregation":"none","score_gradboost":0.8273955,"score_random_forest":0.8147615,"score_logistic_regression":0.8670847,"score_fuzzy_knn_k29":0.7275269},"geometry":{"type":"Polygon","coordinates":[[[-68.1249651,-10.6174764],[-68.1168022,-10.6174535],[-68.1168177,-10.6120443],[-68.1249804,-10.6120671],[-68.1249651,-10.6174764]]]}},{"type":"Feature","id":"AC-Y227-X771","properties":{"id":"AC-Y227-X771","grid_x":771,"grid_y":227,"centroid":[-68.1127285,-10.6147374],"aggregation":"none","score_gradboost":0.8816347,"score_random_forest":0.8823146,"score_logistic_regression":0.8389691,"score_fuzzy_knn_k29":0.8964501},"geometry":{"type":"Polygon","coordinates":[[[-68.1168022,-10.6174535],[-68.1086393,-10.6174305],[-68.108655,-10.6120213],[-68.1168177,-10.6120443],[-68.1168022,-10.6174535]]]}},{"type":"Feature","id":"AC-Y228-X771","properties":{"id":"AC-Y228-X771","grid_x":771,"grid_y":228,"centroid":[-68.1127441,-10.6093282],"aggregation":"none","score_gradboost":0.7894282,"score_random_forest":0.8533152,"score_logistic_regression":0.8073861,"score_fuzzy_knn_k29":0.9553848},"geometry":{"type":"Polygon","coordinates":[[[-68.1168177,-10.6120443],[-68.108655,-10.6120213],[-68.1086706,-10.6066121],[-68.1168332,-10.6066351],[-68.1168177,-10.6120443]]]}},{"type":"Feature","id":"AC-Y195-X760","properties":{"id":"AC-Y195-X760","grid_x":760,"grid_y":195,"centroid":[-68.2020678,-10.7880765],"aggregation":"none","score_gradboost":0.4306175,"score_random_forest":0.5736426,"score_logistic_regression":0.8453089,"score_fuzzy_knn_k29":0.4665217},"geometry":{"type":"Polygon","coordinates":[[[-68.2061446,-10.7907916],[-68.1979769,-10.7907706],[-68.1979912,-10.7853613],[-68.2061587,-10.7853823],[-68.2061446,-10.7907916]]]}},{"type":"Feature","id":"AC-Y196-X761","properties":{"id":"AC-Y196-X761","grid_x":761,"grid_y":196,"centroid":[-68.1939146,-10.782646],"aggregation":"none","score_gradboost":0.9060584,"score_random_forest":0.9117754,"score_logistic_regression":0.8207554,"score_fuzzy_knn_k29":0.945094},"geometry":{"type":"Polygon","coordinates":[[[-68.1979912,-10.7853613],[-68.1898237,-10.78534],[-68.1898381,-10.7799308],[-68.1980055,-10.779952],[-68.1979912,-10.7853613]]]}},{"type":"Feature","id":"AC-Y196-X762","properties":{"id":"AC-Y196-X762","grid_x":762,"grid_y":196,"centroid":[-68.1857472,-10.7826247],"aggregation":"none","score_gradboost":0.7733464,"score_random_forest":0.8955491,"score_logistic_regression":0.8305525,"score_fuzzy_knn_k29":0.9152458},"geometry":{"type":"Polygon","coordinates":[[[-68.1898237,-10.78534],[-68.1816562,-10.7853186],[-68.1816708,-10.7799093],[-68.1898381,-10.7799308],[-68.1898237,-10.78534]]]}},{"type":"Feature","id":"AC-Y196-X763","properties":{"id":"AC-Y196-X763","grid_x":763,"grid_y":196,"centroid":[-68.1775798,-10.7826031],"aggregation":"none","score_gradboost":0.8676478,"score_random_forest":0.8527888,"score_logistic_regression":0.8597536,"score_fuzzy_knn_k29":0.875433},"geometry":{"type":"Polygon","coordinates":[[[-68.1816562,-10.7853186],[-68.1734887,-10.7852969],[-68.1735034,-10.7798876],[-68.1816708,-10.7799093],[-68.1816562,-10.7853186]]]}},{"type":"Feature","id":"AC-Y196-X764","properties":{"id":"AC-Y196-X764","grid_x":764,"grid_y":196,"centroid":[-68.1694123,-10.7825813],"aggregation":"none","score_gradboost":0.7688985,"score_random_forest":0.8230047,"score_logistic_regression":0.8642585,"score_fuzzy_knn_k29":0.150792},"geometry":{"type":"Polygon","coordinates":[[[-68.1734887,-10.7852969],[-68.1653212,-10.785275],[-68.1653361,-10.7798657],[-68.1735034,-10.7798876],[-68.1734887,-10.7852969]]]}},{"type":"Feature","id":"AC-Y196-X765","properties":{"id":"AC-Y196-X765","grid_x":765,"grid_y":196,"centroid":[-68.1612449,-10.7825593],"aggregation":"none","score_gradboost":0.7307266,"score_random_forest":0.821568,"score_logistic_regression":0.8204579,"score_fuzzy_knn_k29":0.5303615},"geometry":{"type":"Polygon","coordinates":[[[-68.1653212,-10.785275],[-68.1571537,-10.7852528],[-68.1571688,-10.7798436],[-68.1653361,-10.7798657],[-68.1653212,-10.785275]]]}},{"type":"Feature","id":"AC-Y197-X760","properties":{"id":"AC-Y197-X760","grid_x":760,"grid_y":197,"centroid":[-68.2020963,-10.7772579],"aggregation":"none","score_gradboost":0.8984989,"score_random_forest":0.9309507,"score_logistic_regression":0.8234428,"score_fuzzy_knn_k29":0.9402989},"geometry":{"type":"Polygon","coordinates":[[[-68.2061729,-10.779973],[-68.1980055,-10.779952],[-68.1980198,-10.7745427],[-68.2061871,-10.7745637],[-68.2061729,-10.779973]]]}},{"type":"Feature","id":"AC-Y197-X761","properties":{"id":"AC-Y197-X761","grid_x":761,"grid_y":197,"centroid":[-68.193929,-10.7772368],"aggregation":"none","score_gradboost":0.6881923,"score_random_forest":0.7667778,"score_logistic_regression":0.8480248,"score_fuzzy_knn_k29":0.7963804},"geometry":{"type":"Polygon","coordinates":[[[-68.1980055,-10.779952],[-68.1898381,-10.7799308],[-68.1898526,-10.7745215],[-68.1980198,-10.7745427],[-68.1980055,-10.779952]]]}},{"type":"Feature","id":"AC-Y197-X762","properties":{"id":"AC-Y197-X762","grid_x":762,"grid_y":197,"centroid":[-68.1857617,-10.7772154],"aggregation":"none","score_gradboost":0.8908341,"score_random_forest":0.897491,"score_logistic_regression":0.8121183,"score_fuzzy_knn_k29":0.7995981},"geometry":{"type":"Polygon","coordinates":[[[-68.1898381,-10.7799308],[-68.1816708,-10.7799093],[-68.1816854,-10.7745],[-68.1898526,-10.7745215],[-68.1898381,-10.7799308]]]}},{"type":"Feature","id":"AC-Y197-X763","properties":{"id":"AC-Y197-X763","grid_x":763,"grid_y":197,"centroid":[-68.1775944,-10.7771938],"aggregation":"none","score_gradboost":0.5867041,"score_random_forest":0.6853901,"score_logistic_regression":0.8379197,"score_fuzzy_knn_k29":0.1324741},"geometry":{"type":"Polygon","coordinates":[[[-68.1816708,-10.7799093],[-68.1735034,-10.7798876],[-68.1735182,-10.7744783],[-68.1816854,-10.7745],[-68.1816708,-10.7799093]]]}},{"type":"Feature","id":"AC-Y197-X764","properties":{"id":"AC-Y197-X764","grid_x":764,"grid_y":197,"centroid":[-68.1694272,-10.7771721],"aggregation":"none","score_gradboost":0.6345415,"score_random_forest":0.743499,"score_logistic_regression":0.8206001,"score_fuzzy_knn_k29":0.6965025},"geometry":{"type":"Polygon","coordinates":[[[-68.1735034,-10.7798876],[-68.1653361,-10.7798657],[-68.165351,-10.7744565],[-68.1735182,-10.7744783],[-68.1735034,-10.7798876]]]}},{"type":"Feature","id":"AC-Y197-X765","properties":{"id":"AC-Y197-X765","grid_x":765,"grid_y":197,"centroid":[-68.1612599,-10.7771501],"aggregation":"none","score_gradboost":0.7332826,"score_random_forest":0.7473437,"score_logistic_regression":0.7299294,"score_fuzzy_knn_k29":0.0},"geometry":{"type":"Polygon","coordinates":[[[-68.1653361,-10.7798657],[-68.1571688,-10.7798436],[-68.1571838,-10.7744344],[-68.165351,-10.7744565],[-68.1653361,-10.7798657]]]}},{"type":"Feature","id":"AC-Y197-X766","properties":{"id":"AC-Y197-X766","grid_x":766,"grid_y":197,"centroid":[-68.1530927,-10.7771278],"aggregation":"none","score_gradboost":0.8844378,"score_random_forest":0.8814447,"score_logistic_regression":0.6025777,"score_fuzzy_knn_k29":0.8877743},"geometry":{"type":"Polygon","coordinates":[[[-68.1571688,-10.7798436],[-68.1490015,-10.7798213],[-68.1490167,-10.774412],[-68.1571838,-10.7744344],[-68.1571688,-10.7798436]]]}},{"type":"Feature","id":"AC-Y198-X760","properties":{"id":"AC-Y198-X760","grid_x":760,"grid_y":198,"centroid":[-68.2021106,-10.7718486],"aggregation":"none","score_gradboost":0.8204691,"score_random_forest":0.7057439,"score_logistic_regression":0.8206668,"score_fuzzy_knn_k29":0.8756383},"geometry":{"type":"Polygon","coordinates":[[[-68.2061871,-10.7745637],[-68.1980198,-10.7745427],[-68.1980342,-10.7691334],[-68.2062013,-10.7691544],[-68.2061871,-10.7745637]]]}},{"type":"Feature","id":"AC-Y198-X761","properties":{"id":"AC-Y198-X761","grid_x":761,"grid_y":198,"centroid":[-68.1939434,-10.7718275],"aggregation":"none","score_gradboost":0.7623217,"score_random_forest":0.8330196,"score_logistic_regression":0.8653955,"score_fuzzy_knn_k29":0.6847189},"geometry":{"type":"Polygon","coordinates":[[[-68.1980198,-10.7745427],[-68.1898526,-10.7745215],[-68.1898671,-10.7691122],[-68.1980342,-10.7691334],[-68.1980198,-10.7745427]]]}},{"type":"Feature","id":"AC-Y198-X762","properties":{"id":"AC-Y198-X762","grid_x":762,"grid_y":198,"centroid":[-68.1857763,-10.7718061],"aggregation":"none","score_gradboost":0.6403244,"score_random_forest":0.6743359,"score_logistic_regression":0.8028998,"score_fuzzy_knn_k29":0.6110657},"geometry":{"type":"Polygon","coordinates":[[[-68.1898526,-10.7745215],[-68.1816854,-10.7745],[-68.1817,-10.7690907],[-68.1898671,-10.7691122],[-68.1898526,-10.7745215]]]}},{"type":"Feature","id":"AC-Y198-X763","properties":{"id":"AC-Y198-X763","grid_x":763,"grid_y":198,"centroid":[-68.1776091,-10.7717846],"aggregation":"none","score_gradboost":0.8263887,"score_random_forest":0.7417077,"score_logistic_regression":0.7583576,"score_fuzzy_knn_k29":0.843135},"geometry":{"type":"Polygon","coordinates":[[[-68.1816854,-10.7745],[-68.1735182,-10.7744783],[-68.1735329,-10.7690691],[-68.1817,-10.7690907],[-68.1816854,-10.7745]]]}},{"type":"Feature","id":"AC-Y198-X764","properties":{"id":"AC-Y198-X764","grid_x":764,"grid_y":198,"centroid":[-68.169442,-10.7717628],"aggregation":"none","score_gradboost":0.8932816,"score_random_forest":0.7920722,"score_logistic_regression":0.7586114,"score_fuzzy_knn_k29":0.828275},"geometry":{"type":"Polygon","coordinates":[[[-68.1735182,-10.7744783],[-68.165351,-10.7744565],[-68.1653659,-10.7690472],[-68.1735329,-10.7690691],[-68.1735182,-10.7744783]]]}},{"type":"Feature","id":"AC-Y198-X765","properties":{"id":"AC-Y198-X765","grid_x":765,"grid_y":198,"centroid":[-68.1612749,-10.7717408],"aggregation":"none","score_gradboost":0.8932458,"score_random_forest":0.9181463,"score_logistic_regression":0.785363,"score_fuzzy_knn_k29":0.7505436},"geometry":{"type":"Polygon","coordinates":[[[-68.165351,-10.7744565],[-68.1571838,-10.7744344],[-68.1571989,-10.7690251],[-68.1653659,-10.7690472],[-68.165351,-10.7744565]]]}},{"type":"Feature","id":"AC-Y198-X766","properties":{"id":"AC-Y198-X766","grid_x":766,"grid_y":198,"centroid":[-68.1531078,-10.7717186],"aggregation":"none","score_gradboost":0.8301386,"score_random_forest":0.7900266,"score_logistic_regression":0.628431,"score_fuzzy_knn_k29":0.6705548},"geometry":{"type":"Polygon","coordinates":[[[-68.1571838,-10.7744344],[-68.1490167,-10.774412],[-68.1490319,-10.7690028],[-68.1571989,-10.7690251],[-68.1571838,-10.7744344]]]}},{"type":"Feature","id":"AC-Y198-X767","properties":{"id":"AC-Y198-X767","grid_x":767,"grid_y":198,"centroid":[-68.1449407,-10.7716962],"aggregation":"none","score_gradboost":0.7534585,"score_random_forest":0.7743838,"score_logistic_regression":0.7201383,"score_fuzzy_knn_k29":0.8257107},"geometry":{"type":"Polygon","coordinates":[[[-68.1490167,-10.774412],[-68.1408495,-10.7743895],[-68.1408649,-10.7689803],[-68.1490319,-10.7690028],[-68.1490167,-10.774412]]]}},{"type":"Feature","id":"AC-Y198-X768","properties":{"id":"AC-Y198-X768","grid_x":768,"grid_y":198,"centroid":[-68.1367737,-10.7716736],"aggregation":"none","score_gradboost":0.7755758,"score_random_forest":0.7949221,"score_logistic_regression":0.6748855,"score_fuzzy_knn_k29":0.6970578},"geometry":{"type":"Polygon","coordinates":[[[-68.1408495,-10.7743895],[-68.1326824,-10.7743668],[-68.1326979,-10.7689576],[-68.1408649,-10.7689803],[-68.1408495,-10.7743895]]]}},{"type":"Feature","id":"AC-Y199-X760","properties":{"id":"AC-Y199-X760","grid_x":760,"grid_y":199,"centroid":[-68.2021248,-10.7664393],"aggregation":"none","score_gradboost":0.8045073,"score_random_forest":0.7162041,"score_logistic_regression":0.8173173,"score_fuzzy_knn_k29":0.8173837},"geometry":{"type":"Polygon","coordinates":[[[-68.2062013,-10.7691544],[-68.1980342,-10.7691334],[-68.1980485,-10.7637241],[-68.2062154,-10.7637451],[-68.2062013,-10.7691544]]]}},{"type":"Feature","id":"AC-Y199-X761","properties":{"id":"AC-Y199-X761","grid_x":761,"grid_y":199,"centroid":[-68.1939578,-10.7664182],"aggregation":"none","score_gradboost":0.8269108,"score_random_forest":0.8023515,"score_logistic_regression":0.8662475,"score_fuzzy_knn_k29":0.9781858},"geometry":{"type":"Polygon","coordinates":[[[-68.1980342,-10.7691334],[-68.1898671,-10.7691122],[-68.1898815,-10.7637029],[-68.1980485,-10.7637241],[-68.1980342,-10.7691334]]]}},{"type":"Feature","id":"AC-Y199-X762","properties":{"id":"AC-Y199-X762","grid_x":762,"grid_y":199,"centroid":[-68.1857908,-10.7663968],"aggregation":"none","score_gradboost":0.9286849,"score_random_forest":0.9198879,"score_logistic_regression":0.763327,"score_fuzzy_knn_k29":0.8905355},"geometry":{"type":"Polygon","coordinates":[[[-68.1898671,-10.7691122],[-68.1817,-10.7690907],[-68.1817146,-10.7636815],[-68.1898815,-10.7637029],[-68.1898671,-10.7691122]]]}},{"type":"Feature","id":"AC-Y199-X763","properties":{"id":"AC-Y199-X763","grid_x":763,"grid_y":199,"centroid":[-68.1776238,-10.7663753],"aggregation":"none","score_gradboost":0.7751903,"score_random_forest":0.7619067,"score_logistic_regression":0.7394743,"score_fuzzy_knn_k29":0.8884112},"geometry":{"type":"Polygon","coordinates":[[[-68.1817,-10.7690907],[-68.1735329,-10.7690691],[-68.1735477,-10.7636598],[-68.1817146,-10.7636815],[-68.1817,-10.7690907]]]}},{"type":"Feature","id":"AC-Y199-X764","properties":{"id":"AC-Y199-X764","grid_x":764,"grid_y":199,"centroid":[-68.1694568,-10.7663535],"aggregation":"none","score_gradboost":0.7837774,"score_random_forest":0.8711764,"score_logistic_regression":0.8281815,"score_fuzzy_knn_k29":0.722243},"geometry":{"type":"Polygon","coordinates":[[[-68.1735329,-10.7690691],[-68.1653659,-10.7690472],[-68.1653808,-10.7636379],[-68.1735477,-10.7636598],[-68.1735329,-10.7690691]]]}},{"type":"Feature","id":"AC-Y199-X765","properties":{"id":"AC-Y199-X765","grid_x":765,"grid_y":199,"centroid":[-68.1612899,-10.7663316],"aggregation":"none","score_gradboost":0.8800667,"score_random_forest":0.8016534,"score_logistic_regression":0.6823576,"score_fuzzy_knn_k29":0.6243443},"geometry":{"type":"Polygon","coordinates":[[[-68.1653659,-10.7690472],[-68.1571989,-10.7690251],[-68.1572139,-10.7636159],[-68.1653808,-10.7636379],[-68.1653659,-10.7690472]]]}},{"type":"Feature","id":"AC-Y199-X766","properties":{"id":"AC-Y199-X766","grid_x":766,"grid_y":199,"centroid":[-68.1531229,-10.7663094],"aggregation":"none","score_gradboost":0.9152471,"score_random_forest":0.8410798,"score_logistic_regression":0.678606,"score_fuzzy_knn_k29":0.5827995},"geometry":{"type":"Polygon","coordinates":[[[-68.1571989,-10.7690251],[-68.1490319,-10.7690028],[-68.149047,-10.7635936],[-68.1572139,-10.7636159],[-68.1571989,-10.7690251]]]}},{"type":"Feature","id":"AC-Y199-X767","properties":{"id":"AC-Y199-X767","grid_x":767,"grid_y":199,"centroid":[-68.144956,-10.766287],"aggregation":"none","score_gradboost":0.6959135,"score_random_forest":0.6845817,"score_logistic_regression":0.7301479,"score_fuzzy_knn_k29":0.7213806},"geometry":{"type":"Polygon","coordinates":[[[-68.1490319,-10.7690028],[-68.1408649,-10.7689803],[-68.1408802,-10.7635711],[-68.149047,-10.7635936],[-68.1490319,-10.7690028]]]}},{"type":"Feature","id":"AC-Y199-X768","properties":{"id":"AC-Y199-X768","grid_x":768,"grid_y":199,"centroid":[-68.1367891,-10.7662643],"aggregation":"none","score_gradboost":0.7628165,"score_random_forest":0.7622982,"score_logistic_regression":0.7151663,"score_fuzzy_knn_k29":0.7625983},"geometry":{"type":"Polygon","coordinates":[[[-68.1408649,-10.7689803],[-68.1326979,-10.7689576],[-68.1327134,-10.7635483],[-68.1408802,-10.7635711],[-68.1408649,-10.7689803]]]}},{"type":"Feature","id":"AC-Y200-X759","properties":{"id":"AC-Y200-X759","grid_x":759,"grid_y":200,"centroid":[-68.210306,-10.7610509],"aggregation":"none","score_gradboost":0.8734928,"score_random_forest":0.8523794,"score_logistic_regression":0.7060486,"score_fuzzy_knn_k29":0.8650454},"geometry":{"type":"Polygon","coordinates":[[[-68.2143824,-10.7637659],[-68.2062154,-10.7637451],[-68.2062296,-10.7583358],[-68.2143964,-10.7583566],[-68.2143824,-10.7637659]]]}},{"type":"Feature","id":"AC-Y200-X760","properties":{"id":"AC-Y200-X760","grid_x":760,"grid_y":200,"centroid":[-68.2021391,-10.76103],"aggregation":"none","score_gradboost":0.8752309,"score_random_forest":0.7909263,"score_logistic_regression":0.8167701,"score_fuzzy_knn_k29":0.9149414},"geometry":{"type":"Polygon","coordinates":[[[-68.2062154,-10.7637451],[-68.1980485,-10.7637241],[-68.1980628,-10.7583148],[-68.2062296,-10.7583358],[-68.2062154,-10.7637451]]]}},{"type":"Feature","id":"AC-Y200-X761","properties":{"id":"AC-Y200-X761","grid_x":761,"grid_y":200,"centroid":[-68.1939722,-10.7610089],"aggregation":"none","score_gradboost":0.9473786,"score_random_forest":0.9300641,"score_logistic_regression":0.8661524,"score_fuzzy_knn_k29":0.9847904},"geometry":{"type":"Polygon","coordinates":[[[-68.1980485,-10.7637241],[-68.1898815,-10.7637029],[-68.189896,-10.7582936],[-68.1980628,-10.7583148],[-68.1980485,-10.7637241]]]}},{"type":"Feature","id":"AC-Y200-X762","properties":{"id":"AC-Y200-X762","grid_x":762,"grid_y":200,"centroid":[-68.1858053,-10.7609876],"aggregation":"none","score_gradboost":0.6702325,"score_random_forest":0.793063,"score_logistic_regression":0.8095243,"score_fuzzy_knn_k29":0.921181},"geometry":{"type":"Polygon","coordinates":[[[-68.1898815,-10.7637029],[-68.1817146,-10.7636815],[-68.1817292,-10.7582722],[-68.189896,-10.7582936],[-68.1898815,-10.7637029]]]}},{"type":"Feature","id":"AC-Y200-X763","properties":{"id":"AC-Y200-X763","grid_x":763,"grid_y":200,"centroid":[-68.1776385,-10.760966],"aggregation":"none","score_gradboost":0.8166293,"score_random_forest":0.8663411,"score_logistic_regression":0.8290948,"score_fuzzy_knn_k29":0.9999767},"geometry":{"type":"Polygon","coordinates":[[[-68.1817146,-10.7636815],[-68.1735477,-10.7636598],[-68.1735624,-10.7582505],[-68.1817292,-10.7582722],[-68.1817146,-10.7636815]]]}},{"type":"Feature","id":"AC-Y200-X764","properties":{"id":"AC-Y200-X764","grid_x":764,"grid_y":200,"centroid":[-68.1694716,-10.7609443],"aggregation":"none","score_gradboost":0.8781901,"score_random_forest":0.8184608,"score_logistic_regression":0.7666705,"score_fuzzy_knn_k29":0.7415529},"geometry":{"type":"Polygon","coordinates":[[[-68.1735477,-10.7636598],[-68.1653808,-10.7636379],[-68.1653957,-10.7582287],[-68.1735624,-10.7582505],[-68.1735477,-10.7636598]]]}},{"type":"Feature","id":"AC-Y200-X765","properties":{"id":"AC-Y200-X765","grid_x":765,"grid_y":200,"centroid":[-68.1613048,-10.7609223],"aggregation":"none","score_gradboost":0.8948223,"score_random_forest":0.8148982,"score_logistic_regression":0.7160163,"score_fuzzy_knn_k29":0.7966203},"geometry":{"type":"Polygon","coordinates":[[[-68.1653808,-10.7636379],[-68.1572139,-10.7636159],[-68.1572289,-10.7582066],[-68.1653957,-10.7582287],[-68.1653808,-10.7636379]]]}},{"type":"Feature","id":"AC-Y200-X766","properties":{"id":"AC-Y200-X766","grid_x":766,"grid_y":200,"centroid":[-68.153138,-10.7609001],"aggregation":"none","score_gradboost":0.7738912,"score_random_forest":0.7229376,"score_logistic_regression":0.6670058,"score_fuzzy_knn_k29":0.4908789},"geometry":{"type":"Polygon","coordinates":[[[-68.1572139,-10.7636159],[-68.149047,-10.7635936],[-68.1490622,-10.7581843],[-68.1572289,-10.7582066],[-68.1572139,-10.7636159]]]}},{"type":"Feature","id":"AC-Y200-X767","properties":{"id":"AC-Y200-X767","grid_x":767,"grid_y":200,"centroid":[-68.1449712,-10.7608777],"aggregation":"none","score_gradboost":0.7907786,"score_random_forest":0.7893707,"score_logistic_regression":0.6790067,"score_fuzzy_knn_k29":0.5165427},"geometry":{"type":"Polygon","coordinates":[[[-68.149047,-10.7635936],[-68.1408802,-10.7635711],[-68.1408955,-10.7581618],[-68.1490622,-10.7581843],[-68.149047,-10.7635936]]]}},{"type":"Feature","id":"AC-Y200-X768","properties":{"id":"AC-Y200-X768","grid_x":768,"grid_y":200,"centroid":[-68.1368045,-10.7608551],"aggregation":"none","score_gradboost":0.8940031,"score_random_forest":0.7769692,"score_logistic_regression":0.6690203,"score_fuzzy_knn_k29":0.548286},"geometry":{"type":"Polygon","coordinates":[[[-68.1408802,-10.7635711],[-68.1327134,-10.7635483],[-68.1327288,-10.7581391],[-68.1408955,-10.7581618],[-68.1408802,-10.7635711]]]}},{"type":"Feature","id":"AC-Y200-X769","properties":{"id":"AC-Y200-X769","grid_x":769,"grid_y":200,"centroid":[-68.1286377,-10.7608323],"aggregation":"none","score_gradboost":0.8889134,"score_random_forest":0.766408,"score_logistic_regression":0.669692,"score_fuzzy_knn_k29":0.5448364},"geometry":{"type":"Polygon","coordinates":[[[-68.1327134,-10.7635483],[-68.1245466,-10.7635254],[-68.1245622,-10.7581162],[-68.1327288,-10.7581391],[-68.1327134,-10.7635483]]]}},{"type":"Feature","id":"AC-Y201-X759","properties":{"id":"AC-Y201-X759","grid_x":759,"grid_y":201,"centroid":[-68.21032,-10.7556416],"aggregation":"none","score_gradboost":0.7992279,"score_random_forest":0.7778899,"score_logistic_regression":0.8354948,"score_fuzzy_knn_k29":0.8806693},"geometry":{"type":"Polygon","coordinates":[[[-68.2143964,-10.7583566],[-68.2062296,-10.7583358],[-68.2062437,-10.7529265],[-68.2144104,-10.7529473],[-68.2143964,-10.7583566]]]}},{"type":"Feature","id":"AC-Y201-X760","properties":{"id":"AC-Y201-X760","grid_x":760,"grid_y":201,"centroid":[-68.2021533,-10.7556207],"aggregation":"none","score_gradboost":0.7772704,"score_random_forest":0.8501776,"score_logistic_regression":0.8181343,"score_fuzzy_knn_k29":0.9372849},"geometry":{"type":"Polygon","coordinates":[[[-68.2062296,-10.7583358],[-68.1980628,-10.7583148],[-68.198077,-10.7529055],[-68.2062437,-10.7529265],[-68.2062296,-10.7583358]]]}},{"type":"Feature","id":"AC-Y201-X761","properties":{"id":"AC-Y201-X761","grid_x":761,"grid_y":201,"centroid":[-68.1939865,-10.7555996],"aggregation":"none","score_gradboost":0.9077161,"score_random_forest":0.923421,"score_logistic_regression":0.8536987,"score_fuzzy_knn_k29":0.4550869},"geometry":{"type":"Polygon","coordinates":[[[-68.1980628,-10.7583148],[-68.189896,-10.7582936],[-68.1899104,-10.7528843],[-68.198077,-10.7529055],[-68.1980628,-10.7583148]]]}},{"type":"Feature","id":"AC-Y201-X762","properties":{"id":"AC-Y201-X762","grid_x":762,"grid_y":201,"centroid":[-68.1858198,-10.7555783],"aggregation":"none","score_gradboost":0.7313034,"score_random_forest":0.7876054,"score_logistic_regression":0.8312742,"score_fuzzy_knn_k29":0.906789},"geometry":{"type":"Polygon","coordinates":[[[-68.189896,-10.7582936],[-68.1817292,-10.7582722],[-68.1817438,-10.7528629],[-68.1899104,-10.7528843],[-68.189896,-10.7582936]]]}},{"type":"Feature","id":"AC-Y201-X763","properties":{"id":"AC-Y201-X763","grid_x":763,"grid_y":201,"centroid":[-68.1776531,-10.7555568],"aggregation":"none","score_gradboost":0.8697744,"score_random_forest":0.8849713,"score_logistic_regression":0.8352706,"score_fuzzy_knn_k29":0.9281591},"geometry":{"type":"Polygon","coordinates":[[[-68.1817292,-10.7582722],[-68.1735624,-10.7582505],[-68.1735771,-10.7528413],[-68.1817438,-10.7528629],[-68.1817292,-10.7582722]]]}},{"type":"Feature","id":"AC-Y201-X764","properties":{"id":"AC-Y201-X764","grid_x":764,"grid_y":201,"centroid":[-68.1694864,-10.755535],"aggregation":"none","score_gradboost":0.8477184,"score_random_forest":0.7705409,"score_logistic_regression":0.7516695,"score_fuzzy_knn_k29":0.6389436},"geometry":{"type":"Polygon","coordinates":[[[-68.1735624,-10.7582505],[-68.1653957,-10.7582287],[-68.1654105,-10.7528194],[-68.1735771,-10.7528413],[-68.1735624,-10.7582505]]]}},{"type":"Feature","id":"AC-Y201-X765","properties":{"id":"AC-Y201-X765","grid_x":765,"grid_y":201,"centroid":[-68.1613198,-10.7555131],"aggregation":"none","score_gradboost":0.8201485,"score_random_forest":0.7605234,"score_logistic_regression":0.7359378,"score_fuzzy_knn_k29":0.5725187},"geometry":{"type":"Polygon","coordinates":[[[-68.1653957,-10.7582287],[-68.1572289,-10.7582066],[-68.1572439,-10.7527974],[-68.1654105,-10.7528194],[-68.1653957,-10.7582287]]]}},{"type":"Feature","id":"AC-Y201-X766","properties":{"id":"AC-Y201-X766","grid_x":766,"grid_y":201,"centroid":[-68.1531531,-10.7554909],"aggregation":"none","score_gradboost":0.7001298,"score_random_forest":0.7032429,"score_logistic_regression":0.7401635,"score_fuzzy_knn_k29":0.6176074},"geometry":{"type":"Polygon","coordinates":[[[-68.1572289,-10.7582066],[-68.1490622,-10.7581843],[-68.1490774,-10.7527751],[-68.1572439,-10.7527974],[-68.1572289,-10.7582066]]]}},{"type":"Feature","id":"AC-Y201-X767","properties":{"id":"AC-Y201-X767","grid_x":767,"grid_y":201,"centroid":[-68.1449865,-10.7554685],"aggregation":"none","score_gradboost":0.8478951,"score_random_forest":0.7622206,"score_logistic_regression":0.6975368,"score_fuzzy_knn_k29":0.4700419},"geometry":{"type":"Polygon","coordinates":[[[-68.1490622,-10.7581843],[-68.1408955,-10.7581618],[-68.1409108,-10.7527526],[-68.1490774,-10.7527751],[-68.1490622,-10.7581843]]]}},{"type":"Feature","id":"AC-Y201-X768","properties":{"id":"AC-Y201-X768","grid_x":768,"grid_y":201,"centroid":[-68.1368199,-10.7554459],"aggregation":"none","score_gradboost":0.9031181,"score_random_forest":0.8286927,"score_logistic_regression":0.693837,"score_fuzzy_knn_k29":0.548028},"geometry":{"type":"Polygon","coordinates":[[[-68.1408955,-10.7581618],[-68.1327288,-10.7581391],[-68.1327443,-10.7527299],[-68.1409108,-10.7527526],[-68.1408955,-10.7581618]]]}},{"type":"Feature","id":"AC-Y201-X769","properties":{"id":"AC-Y201-X769","grid_x":769,"grid_y":201,"centroid":[-68.1286533,-10.7554231],"aggregation":"none","score_gradboost":0.8615396,"score_random_forest":0.896013,"score_logistic_regression":0.847483,"score_fuzzy_knn_k29":0.9106063},"geometry":{"type":"Polygon","coordinates":[[[-68.1327288,-10.7581391],[-68.1245622,-10.7581162],[-68.1245778,-10.752707],[-68.1327443,-10.7527299],[-68.1327288,-10.7581391]]]}},{"type":"Feature","id":"AC-Y202-X758","properties":{"id":"AC-Y202-X758","grid_x":758,"grid_y":202,"centroid":[-68.2185007,-10.7502529],"aggregation":"none","score_gradboost":0.9246141,"score_random_forest":0.9138748,"score_logistic_regression":0.8400187,"score_fuzzy_knn_k29":0.9141977},"geometry":{"type":"Polygon","coordinates":[[[-68.2225771,-10.7529678],[-68.2144104,-10.7529473],[-68.2144244,-10.7475379],[-68.222591,-10.7475585],[-68.2225771,-10.7529678]]]}},{"type":"Feature","id":"AC-Y202-X759","properties":{"id":"AC-Y202-X759","grid_x":759,"grid_y":202,"centroid":[-68.2103341,-10.7502322],"aggregation":"none","score_gradboost":0.5455595,"score_random_forest":0.7663209,"score_logistic_regression":0.8198338,"score_fuzzy_knn_k29":0.9130677},"geometry":{"type":"Polygon","coordinates":[[[-68.2144104,-10.7529473],[-68.2062437,-10.7529265],[-68.2062579,-10.7475172],[-68.2144244,-10.7475379],[-68.2144104,-10.7529473]]]}},{"type":"Feature","id":"AC-Y202-X760","properties":{"id":"AC-Y202-X760","grid_x":760,"grid_y":202,"centroid":[-68.2021675,-10.7502114],"aggregation":"none","score_gradboost":0.8023113,"score_random_forest":0.7420958,"score_logistic_regression":0.7039086,"score_fuzzy_knn_k29":0.641957},"geometry":{"type":"Polygon","coordinates":[[[-68.2062437,-10.7529265],[-68.198077,-10.7529055],[-68.1980913,-10.7474962],[-68.2062579,-10.7475172],[-68.2062437,-10.7529265]]]}},{"type":"Feature","id":"AC-Y202-X761","properties":{"id":"AC-Y202-X761","grid_x":761,"grid_y":202,"centroid":[-68.1940009,-10.7501903],"aggregation":"none","score_gradboost":0.867754,"score_random_forest":0.8017074,"score_logistic_regression":0.8445022,"score_fuzzy_knn_k29":0.9087499},"geometry":{"type":"Polygon","coordinates":[[[-68.198077,-10.7529055],[-68.1899104,-10.7528843],[-68.1899248,-10.747475],[-68.1980913,-10.7474962],[-68.198077,-10.7529055]]]}},{"type":"Feature","id":"AC-Y202-X762","properties":{"id":"AC-Y202-X762","grid_x":762,"grid_y":202,"centroid":[-68.1858343,-10.750169],"aggregation":"none","score_gradboost":0.8063444,"score_random_forest":0.8250964,"score_logistic_regression":0.8503447,"score_fuzzy_knn_k29":0.919222},"geometry":{"type":"Polygon","coordinates":[[[-68.1899104,-10.7528843],[-68.1817438,-10.7528629],[-68.1817583,-10.7474536],[-68.1899248,-10.747475],[-68.1899104,-10.7528843]]]}},{"type":"Feature","id":"AC-Y202-X763","properties":{"id":"AC-Y202-X763","grid_x":763,"grid_y":202,"centroid":[-68.1776678,-10.7501475],"aggregation":"none","score_gradboost":0.8185843,"score_random_forest":0.8232915,"score_logistic_regression":0.7742345,"score_fuzzy_knn_k29":0.6731032},"geometry":{"type":"Polygon","coordinates":[[[-68.1817438,-10.7528629],[-68.1735771,-10.7528413],[-68.1735919,-10.747432],[-68.1817583,-10.7474536],[-68.1817438,-10.7528629]]]}},{"type":"Feature","id":"AC-Y202-X764","properties":{"id":"AC-Y202-X764","grid_x":764,"grid_y":202,"centroid":[-68.1695012,-10.7501257],"aggregation":"none","score_gradboost":0.8307918,"score_random_forest":0.8801872,"score_logistic_regression":0.793919,"score_fuzzy_knn_k29":0.814416},"geometry":{"type":"Polygon","coordinates":[[[-68.1735771,-10.7528413],[-68.1654105,-10.7528194],[-68.1654254,-10.7474102],[-68.1735919,-10.747432],[-68.1735771,-10.7528413]]]}},{"type":"Feature","id":"AC-Y202-X765","properties":{"id":"AC-Y202-X765","grid_x":765,"grid_y":202,"centroid":[-68.1613347,-10.7501038],"aggregation":"none","score_gradboost":0.7321003,"score_random_forest":0.7395333,"score_logistic_regression":0.7584837,"score_fuzzy_knn_k29":0.6383078},"geometry":{"type":"Polygon","coordinates":[[[-68.1654105,-10.7528194],[-68.1572439,-10.7527974],[-68.157259,-10.7473881],[-68.1654254,-10.7474102],[-68.1654105,-10.7528194]]]}},{"type":"Feature","id":"AC-Y202-X766","properties":{"id":"AC-Y202-X766","grid_x":766,"grid_y":202,"centroid":[-68.1531682,-10.7500817],"aggregation":"none","score_gradboost":0.4788146,"score_random_forest":0.5732281,"score_logistic_regression":0.716269,"score_fuzzy_knn_k29":0.432797},"geometry":{"type":"Polygon","coordinates":[[[-68.1572439,-10.7527974],[-68.1490774,-10.7527751],[-68.1490925,-10.7473659],[-68.157259,-10.7473881],[-68.1572439,-10.7527974]]]}},{"type":"Feature","id":"AC-Y202-X767","properties":{"id":"AC-Y202-X767","grid_x":767,"grid_y":202,"centroid":[-68.1450017,-10.7500593],"aggregation":"none","score_gradboost":0.7143454,"score_random_forest":0.7038171,"score_logistic_regression":0.75764,"score_fuzzy_knn_k29":0.6585209},"geometry":{"type":"Polygon","coordinates":[[[-68.1490774,-10.7527751],[-68.1409108,-10.7527526],[-68.1409261,-10.7473434],[-68.1490925,-10.7473659],[-68.1490774,-10.7527751]]]}},{"type":"Feature","id":"AC-Y202-X768","properties":{"id":"AC-Y202-X768","grid_x":768,"grid_y":202,"centroid":[-68.1368352,-10.7500367],"aggregation":"none","score_gradboost":0.8341322,"score_random_forest":0.766327,"score_logistic_regression":0.7406257,"score_fuzzy_knn_k29":0.5742488},"geometry":{"type":"Polygon","coordinates":[[[-68.1409108,-10.7527526],[-68.1327443,-10.7527299],[-68.1327597,-10.7473207],[-68.1409261,-10.7473434],[-68.1409108,-10.7527526]]]}},{"type":"Feature","id":"AC-Y202-X769","properties":{"id":"AC-Y202-X769","grid_x":769,"grid_y":202,"centroid":[-68.1286688,-10.7500139],"aggregation":"none","score_gradboost":0.6273305,"score_random_forest":0.6968337,"score_logistic_regression":0.7338648,"score_fuzzy_knn_k29":0.6712511},"geometry":{"type":"Polygon","coordinates":[[[-68.1327443,-10.7527299],[-68.1245778,-10.752707],[-68.1245934,-10.7472978],[-68.1327597,-10.7473207],[-68.1327443,-10.7527299]]]}},{"type":"Feature","id":"AC-Y202-X770","properties":{"id":"AC-Y202-X770","grid_x":770,"grid_y":202,"centroid":[-68.1205024,-10.7499909],"aggregation":"none","score_gradboost":0.9408549,"score_random_forest":0.9367329,"score_logistic_regression":0.8458315,"score_fuzzy_knn_k29":0.9136366},"geometry":{"type":"Polygon","coordinates":[[[-68.1245778,-10.752707],[-68.1164113,-10.7526839],[-68.116427,-10.7472747],[-68.1245934,-10.7472978],[-68.1245778,-10.752707]]]}},{"type":"Feature","id":"AC-Y203-X758","properties":{"id":"AC-Y203-X758","grid_x":758,"grid_y":203,"centroid":[-68.2185146,-10.7448436],"aggregation":"none","score_gradboost":0.8660794,"score_random_forest":0.9246969,"score_logistic_regression":0.8074578,"score_fuzzy_knn_k29":0.9070639},"geometry":{"type":"Polygon","coordinates":[[[-68.222591,-10.7475585],[-68.2144244,-10.7475379],[-68.2144384,-10.7421286],[-68.2226048,-10.7421491],[-68.222591,-10.7475585]]]}},{"type":"Feature","id":"AC-Y203-X759","properties":{"id":"AC-Y203-X759","grid_x":759,"grid_y":203,"centroid":[-68.2103482,-10.7448229],"aggregation":"none","score_gradboost":0.921154,"score_random_forest":0.8815636,"score_logistic_regression":0.8591875,"score_fuzzy_knn_k29":0.9687806},"geometry":{"type":"Polygon","coordinates":[[[-68.2144244,-10.7475379],[-68.2062579,-10.7475172],[-68.206272,-10.7421079],[-68.2144384,-10.7421286],[-68.2144244,-10.7475379]]]}},{"type":"Feature","id":"AC-Y203-X760","properties":{"id":"AC-Y203-X760","grid_x":760,"grid_y":203,"centroid":[-68.2021817,-10.7448021],"aggregation":"none","score_gradboost":0.8461104,"score_random_forest":0.8471579,"score_logistic_regression":0.7915486,"score_fuzzy_knn_k29":0.6973377},"geometry":{"type":"Polygon","coordinates":[[[-68.2062579,-10.7475172],[-68.1980913,-10.7474962],[-68.1981056,-10.7420869],[-68.206272,-10.7421079],[-68.2062579,-10.7475172]]]}},{"type":"Feature","id":"AC-Y203-X761","properties":{"id":"AC-Y203-X761","grid_x":761,"grid_y":203,"centroid":[-68.1940152,-10.744781],"aggregation":"none","score_gradboost":0.8967885,"score_random_forest":0.8196401,"score_logistic_regression":0.8647436,"score_fuzzy_knn_k29":0.6562673},"geometry":{"type":"Polygon","coordinates":[[[-68.1980913,-10.7474962],[-68.1899248,-10.747475],[-68.1899392,-10.7420657],[-68.1981056,-10.7420869],[-68.1980913,-10.7474962]]]}},{"type":"Feature","id":"AC-Y203-X762","properties":{"id":"AC-Y203-X762","grid_x":762,"grid_y":203,"centroid":[-68.1858488,-10.7447597],"aggregation":"none","score_gradboost":0.8917545,"score_random_forest":0.7686614,"score_logistic_regression":0.8707684,"score_fuzzy_knn_k29":0.7549856},"geometry":{"type":"Polygon","coordinates":[[[-68.1899248,-10.747475],[-68.1817583,-10.7474536],[-68.1817729,-10.7420443],[-68.1899392,-10.7420657],[-68.1899248,-10.747475]]]}},{"type":"Feature","id":"AC-Y203-X763","properties":{"id":"AC-Y203-X763","grid_x":763,"grid_y":203,"centroid":[-68.1776824,-10.7447382],"aggregation":"none","score_gradboost":0.7063289,"score_random_forest":0.6970516,"score_logistic_regression":0.7823019,"score_fuzzy_knn_k29":0.7424843},"geometry":{"type":"Polygon","coordinates":[[[-68.1817583,-10.7474536],[-68.1735919,-10.747432],[-68.1736066,-10.7420227],[-68.1817729,-10.7420443],[-68.1817583,-10.7474536]]]}},{"type":"Feature","id":"AC-Y203-X764","properties":{"id":"AC-Y203-X764","grid_x":764,"grid_y":203,"centroid":[-68.169516,-10.7447165],"aggregation":"none","score_gradboost":0.542227,"score_random_forest":0.601977,"score_logistic_regression":0.73271,"score_fuzzy_knn_k29":0.4737703},"geometry":{"type":"Polygon","coordinates":[[[-68.1735919,-10.747432],[-68.1654254,-10.7474102],[-68.1654403,-10.7420009],[-68.1736066,-10.7420227],[-68.1735919,-10.747432]]]}},{"type":"Feature","id":"AC-Y203-X765","properties":{"id":"AC-Y203-X765","grid_x":765,"grid_y":203,"centroid":[-68.1613496,-10.7446946],"aggregation":"none","score_gradboost":0.8826365,"score_random_forest":0.8502656,"score_logistic_regression":0.8075951,"score_fuzzy_knn_k29":0.939627},"geometry":{"type":"Polygon","coordinates":[[[-68.1654254,-10.7474102],[-68.157259,-10.7473881],[-68.157274,-10.7419789],[-68.1654403,-10.7420009],[-68.1654254,-10.7474102]]]}},{"type":"Feature","id":"AC-Y203-X766","properties":{"id":"AC-Y203-X766","grid_x":766,"grid_y":203,"centroid":[-68.1531833,-10.7446724],"aggregation":"none","score_gradboost":0.5824718,"score_random_forest":0.6394549,"score_logistic_regression":0.846103,"score_fuzzy_knn_k29":0.8383457},"geometry":{"type":"Polygon","coordinates":[[[-68.157259,-10.7473881],[-68.1490925,-10.7473659],[-68.1491077,-10.7419566],[-68.157274,-10.7419789],[-68.157259,-10.7473881]]]}},{"type":"Feature","id":"AC-Y203-X767","properties":{"id":"AC-Y203-X767","grid_x":767,"grid_y":203,"centroid":[-68.1450169,-10.74465],"aggregation":"none","score_gradboost":0.9090761,"score_random_forest":0.8081791,"score_logistic_regression":0.7439483,"score_fuzzy_knn_k29":0.6005518},"geometry":{"type":"Polygon","coordinates":[[[-68.1490925,-10.7473659],[-68.1409261,-10.7473434],[-68.1409414,-10.7419342],[-68.1491077,-10.7419566],[-68.1490925,-10.7473659]]]}},{"type":"Feature","id":"AC-Y203-X768","properties":{"id":"AC-Y203-X768","grid_x":768,"grid_y":203,"centroid":[-68.1368506,-10.7446275],"aggregation":"none","score_gradboost":0.7394362,"score_random_forest":0.8090739,"score_logistic_regression":0.7625079,"score_fuzzy_knn_k29":0.6489803},"geometry":{"type":"Polygon","coordinates":[[[-68.1409261,-10.7473434],[-68.1327597,-10.7473207],[-68.1327752,-10.7419115],[-68.1409414,-10.7419342],[-68.1409261,-10.7473434]]]}},{"type":"Feature","id":"AC-Y203-X769","properties":{"id":"AC-Y203-X769","grid_x":769,"grid_y":203,"centroid":[-68.1286843,-10.7446047],"aggregation":"none","score_gradboost":0.8574554,"score_random_forest":0.839787,"score_logistic_regression":0.7578748,"score_fuzzy_knn_k29":0.621405},"geometry":{"type":"Polygon","coordinates":[[[-68.1327597,-10.7473207],[-68.1245934,-10.7472978],[-68.124609,-10.7418886],[-68.1327752,-10.7419115],[-68.1327597,-10.7473207]]]}},{"type":"Feature","id":"AC-Y203-X770","properties":{"id":"AC-Y203-X770","grid_x":770,"grid_y":203,"centroid":[-68.120518,-10.7445817],"aggregation":"none","score_gradboost":0.7320662,"score_random_forest":0.7507101,"score_logistic_regression":0.7555439,"score_fuzzy_knn_k29":0.6484593},"geometry":{"type":"Polygon","coordinates":[[[-68.1245934,-10.7472978],[-68.116427,-10.7472747],[-68.1164428,-10.7418655],[-68.124609,-10.7418886],[-68.1245934,-10.7472978]]]}},{"type":"Feature","id":"AC-Y204-X758","properties":{"id":"AC-Y204-X758","grid_x":758,"grid_y":204,"centroid":[-68.2185285,-10.7394342],"aggregation":"none","score_gradboost":0.9400867,"score_random_forest":0.9448069,"score_logistic_regression":0.8342429,"score_fuzzy_knn_k29":0.9099931},"geometry":{"type":"Polygon","coordinates":[[[-68.2226048,-10.7421491],[-68.2144384,-10.7421286],[-68.2144524,-10.7367193],[-68.2226186,-10.7367398],[-68.2226048,-10.7421491]]]}},{"type":"Feature","id":"AC-Y204-X759","properties":{"id":"AC-Y204-X759","grid_x":759,"grid_y":204,"centroid":[-68.2103622,-10.7394136],"aggregation":"none","score_gradboost":0.8054705,"score_random_forest":0.7690459,"score_logistic_regression":0.8528203,"score_fuzzy_knn_k29":0.8627608},"geometry":{"type":"Polygon","coordinates":[[[-68.2144384,-10.7421286],[-68.206272,-10.7421079],[-68.2062861,-10.7366985],[-68.2144524,-10.7367193],[-68.2144384,-10.7421286]]]}},{"type":"Feature","id":"AC-Y204-X760","properties":{"id":"AC-Y204-X760","grid_x":760,"grid_y":204,"centroid":[-68.2021959,-10.7393927],"aggregation":"none","score_gradboost":0.8638621,"score_random_forest":0.8857604,"score_logistic_regression":0.7666893,"score_fuzzy_knn_k29":0.6632731},"geometry":{"type":"Polygon","coordinates":[[[-68.206272,-10.7421079],[-68.1981056,-10.7420869],[-68.1981199,-10.7366776],[-68.2062861,-10.7366985],[-68.206272,-10.7421079]]]}},{"type":"Feature","id":"AC-Y204-X761","properties":{"id":"AC-Y204-X761","grid_x":761,"grid_y":204,"centroid":[-68.1940296,-10.7393717],"aggregation":"none","score_gradboost":0.7750385,"score_random_forest":0.7223026,"score_logistic_regression":0.7724682,"score_fuzzy_knn_k29":0.6585369},"geometry":{"type":"Polygon","coordinates":[[[-68.1981056,-10.7420869],[-68.1899392,-10.7420657],[-68.1899537,-10.7366564],[-68.1981199,-10.7366776],[-68.1981056,-10.7420869]]]}},{"type":"Feature","id":"AC-Y204-X762","properties":{"id":"AC-Y204-X762","grid_x":762,"grid_y":204,"centroid":[-68.1858633,-10.7393504],"aggregation":"none","score_gradboost":0.7733071,"score_random_forest":0.7074668,"score_logistic_regression":0.8396643,"score_fuzzy_knn_k29":0.9789306},"geometry":{"type":"Polygon","coordinates":[[[-68.1899392,-10.7420657],[-68.1817729,-10.7420443],[-68.1817875,-10.736635],[-68.1899537,-10.7366564],[-68.1899392,-10.7420657]]]}},{"type":"Feature","id":"AC-Y204-X763","properties":{"id":"AC-Y204-X763","grid_x":763,"grid_y":204,"centroid":[-68.177697,-10.7393289],"aggregation":"none","score_gradboost":0.6660482,"score_random_forest":0.7053651,"score_logistic_regression":0.8211993,"score_fuzzy_knn_k29":0.9311199},"geometry":{"type":"Polygon","coordinates":[[[-68.1817729,-10.7420443],[-68.1736066,-10.7420227],[-68.1736213,-10.7366135],[-68.1817875,-10.736635],[-68.1817729,-10.7420443]]]}},{"type":"Feature","id":"AC-Y204-X764","properties":{"id":"AC-Y204-X764","grid_x":764,"grid_y":204,"centroid":[-68.1695308,-10.7393072],"aggregation":"none","score_gradboost":0.7562615,"score_random_forest":0.7992498,"score_logistic_regression":0.8335018,"score_fuzzy_knn_k29":0.8544598},"geometry":{"type":"Polygon","coordinates":[[[-68.1736066,-10.7420227],[-68.1654403,-10.7420009],[-68.1654551,-10.7365916],[-68.1736213,-10.7366135],[-68.1736066,-10.7420227]]]}},{"type":"Feature","id":"AC-Y204-X765","properties":{"id":"AC-Y204-X765","grid_x":765,"grid_y":204,"centroid":[-68.1613646,-10.7392853],"aggregation":"none","score_gradboost":0.9427766,"score_random_forest":0.8906444,"score_logistic_regression":0.7584085,"score_fuzzy_knn_k29":0.7347966},"geometry":{"type":"Polygon","coordinates":[[[-68.1654403,-10.7420009],[-68.157274,-10.7419789],[-68.1572889,-10.7365696],[-68.1654551,-10.7365916],[-68.1654403,-10.7420009]]]}},{"type":"Feature","id":"AC-Y204-X766","properties":{"id":"AC-Y204-X766","grid_x":766,"grid_y":204,"centroid":[-68.1531983,-10.7392632],"aggregation":"none","score_gradboost":0.8422933,"score_random_forest":0.8805917,"score_logistic_regression":0.7834678,"score_fuzzy_knn_k29":0.9248873},"geometry":{"type":"Polygon","coordinates":[[[-68.157274,-10.7419789],[-68.1491077,-10.7419566],[-68.1491228,-10.7365474],[-68.1572889,-10.7365696],[-68.157274,-10.7419789]]]}},{"type":"Feature","id":"AC-Y204-X767","properties":{"id":"AC-Y204-X767","grid_x":767,"grid_y":204,"centroid":[-68.1450322,-10.7392408],"aggregation":"none","score_gradboost":0.8408342,"score_random_forest":0.7261116,"score_logistic_regression":0.8219652,"score_fuzzy_knn_k29":0.9072369},"geometry":{"type":"Polygon","coordinates":[[[-68.1491077,-10.7419566],[-68.1409414,-10.7419342],[-68.1409567,-10.7365249],[-68.1491228,-10.7365474],[-68.1491077,-10.7419566]]]}},{"type":"Feature","id":"AC-Y204-X768","properties":{"id":"AC-Y204-X768","grid_x":768,"grid_y":204,"centroid":[-68.136866,-10.7392182],"aggregation":"none","score_gradboost":0.6608425,"score_random_forest":0.6842366,"score_logistic_regression":0.7635787,"score_fuzzy_knn_k29":0.6636414},"geometry":{"type":"Polygon","coordinates":[[[-68.1409414,-10.7419342],[-68.1327752,-10.7419115],[-68.1327906,-10.7365023],[-68.1409567,-10.7365249],[-68.1409414,-10.7419342]]]}},{"type":"Feature","id":"AC-Y204-X769","properties":{"id":"AC-Y204-X769","grid_x":769,"grid_y":204,"centroid":[-68.1286998,-10.7391955],"aggregation":"none","score_gradboost":0.7099358,"score_random_forest":0.77828,"score_logistic_regression":0.7640097,"score_fuzzy_knn_k29":0.652214},"geometry":{"type":"Polygon","coordinates":[[[-68.1327752,-10.7419115],[-68.124609,-10.7418886],[-68.1246245,-10.7364794],[-68.1327906,-10.7365023],[-68.1327752,-10.7419115]]]}},{"type":"Feature","id":"AC-Y204-X770","properties":{"id":"AC-Y204-X770","grid_x":770,"grid_y":204,"centroid":[-68.1205337,-10.7391725],"aggregation":"none","score_gradboost":0.7667469,"score_random_forest":0.8246175,"score_logistic_regression":0.7555822,"score_fuzzy_knn_k29":0.6094263},"geometry":{"type":"Polygon","coordinates":[[[-68.124609,-10.7418886],[-68.1164428,-10.7418655],[-68.1164585,-10.7364563],[-68.1246245,-10.7364794],[-68.124609,-10.7418886]]]}},{"type":"Feature","id":"AC-Y205-X757","properties":{"id":"AC-Y205-X757","grid_x":757,"grid_y":205,"centroid":[-68.2267086,-10.7340453],"aggregation":"none","score_gradboost":0.9404819,"score_random_forest":0.888656,"score_logistic_regression":0.8316348,"score_fuzzy_knn_k29":0.8984513},"geometry":{"type":"Polygon","coordinates":[[[-68.2307849,-10.7367601],[-68.2226186,-10.7367398],[-68.2226325,-10.7313305],[-68.2307986,-10.7313507],[-68.2307849,-10.7367601]]]}},{"type":"Feature","id":"AC-Y205-X758","properties":{"id":"AC-Y205-X758","grid_x":758,"grid_y":205,"centroid":[-68.2185424,-10.7340249],"aggregation":"none","score_gradboost":0.8997404,"score_random_forest":0.8997284,"score_logistic_regression":0.852774,"score_fuzzy_knn_k29":0.8904426},"geometry":{"type":"Polygon","coordinates":[[[-68.2226186,-10.7367398],[-68.2144524,-10.7367193],[-68.2144663,-10.7313099],[-68.2226325,-10.7313305],[-68.2226186,-10.7367398]]]}},{"type":"Feature","id":"AC-Y205-X759","properties":{"id":"AC-Y205-X759","grid_x":759,"grid_y":205,"centroid":[-68.2103763,-10.7340043],"aggregation":"none","score_gradboost":0.6784676,"score_random_forest":0.7202842,"score_logistic_regression":0.7293918,"score_fuzzy_knn_k29":0.4974499},"geometry":{"type":"Polygon","coordinates":[[[-68.2144524,-10.7367193],[-68.2062861,-10.7366985],[-68.2063002,-10.7312892],[-68.2144663,-10.7313099],[-68.2144524,-10.7367193]]]}},{"type":"Feature","id":"AC-Y205-X760","properties":{"id":"AC-Y205-X760","grid_x":760,"grid_y":205,"centroid":[-68.2022101,-10.7339834],"aggregation":"none","score_gradboost":0.6448028,"score_random_forest":0.7707743,"score_logistic_regression":0.7860931,"score_fuzzy_knn_k29":0.7178658},"geometry":{"type":"Polygon","coordinates":[[[-68.2062861,-10.7366985],[-68.1981199,-10.7366776],[-68.1981341,-10.7312683],[-68.2063002,-10.7312892],[-68.2062861,-10.7366985]]]}},{"type":"Feature","id":"AC-Y205-X761","properties":{"id":"AC-Y205-X761","grid_x":761,"grid_y":205,"centroid":[-68.1940439,-10.7339624],"aggregation":"none","score_gradboost":0.8281303,"score_random_forest":0.8678543,"score_logistic_regression":0.8376943,"score_fuzzy_knn_k29":0.943532},"geometry":{"type":"Polygon","coordinates":[[[-68.1981199,-10.7366776],[-68.1899537,-10.7366564],[-68.1899681,-10.7312471],[-68.1981341,-10.7312683],[-68.1981199,-10.7366776]]]}},{"type":"Feature","id":"AC-Y205-X762","properties":{"id":"AC-Y205-X762","grid_x":762,"grid_y":205,"centroid":[-68.1858778,-10.7339411],"aggregation":"none","score_gradboost":0.8347092,"score_random_forest":0.7622624,"score_logistic_regression":0.6798665,"score_fuzzy_knn_k29":0.475536},"geometry":{"type":"Polygon","coordinates":[[[-68.1899537,-10.7366564],[-68.1817875,-10.736635],[-68.181802,-10.7312258],[-68.1899681,-10.7312471],[-68.1899537,-10.7366564]]]}},{"type":"Feature","id":"AC-Y205-X763","properties":{"id":"AC-Y205-X763","grid_x":763,"grid_y":205,"centroid":[-68.1777117,-10.7339196],"aggregation":"none","score_gradboost":0.7270539,"score_random_forest":0.8107635,"score_logistic_regression":0.7834206,"score_fuzzy_knn_k29":0.8585393},"geometry":{"type":"Polygon","coordinates":[[[-68.1817875,-10.736635],[-68.1736213,-10.7366135],[-68.173636,-10.7312042],[-68.181802,-10.7312258],[-68.1817875,-10.736635]]]}},{"type":"Feature","id":"AC-Y205-X764","properties":{"id":"AC-Y205-X764","grid_x":764,"grid_y":205,"centroid":[-68.1695456,-10.7338979],"aggregation":"none","score_gradboost":0.7769099,"score_random_forest":0.8453437,"score_logistic_regression":0.822281,"score_fuzzy_knn_k29":0.9670729},"geometry":{"type":"Polygon","coordinates":[[[-68.1736213,-10.7366135],[-68.1654551,-10.7365916],[-68.1654699,-10.7311824],[-68.173636,-10.7312042],[-68.1736213,-10.7366135]]]}},{"type":"Feature","id":"AC-Y205-X765","properties":{"id":"AC-Y205-X765","grid_x":765,"grid_y":205,"centroid":[-68.1613795,-10.733876],"aggregation":"none","score_gradboost":0.9270658,"score_random_forest":0.914414,"score_logistic_regression":0.8104032,"score_fuzzy_knn_k29":0.9494428},"geometry":{"type":"Polygon","coordinates":[[[-68.1654551,-10.7365916],[-68.1572889,-10.7365696],[-68.1573039,-10.7311604],[-68.1654699,-10.7311824],[-68.1654551,-10.7365916]]]}},{"type":"Feature","id":"AC-Y205-X766","properties":{"id":"AC-Y205-X766","grid_x":766,"grid_y":205,"centroid":[-68.1532134,-10.7338539],"aggregation":"none","score_gradboost":0.8864184,"score_random_forest":0.846536,"score_logistic_regression":0.8405223,"score_fuzzy_knn_k29":0.8627871},"geometry":{"type":"Polygon","coordinates":[[[-68.1572889,-10.7365696],[-68.1491228,-10.7365474],[-68.1491379,-10.7311381],[-68.1573039,-10.7311604],[-68.1572889,-10.7365696]]]}},{"type":"Feature","id":"AC-Y205-X767","properties":{"id":"AC-Y205-X767","grid_x":767,"grid_y":205,"centroid":[-68.1450474,-10.7338316],"aggregation":"none","score_gradboost":0.8096087,"score_random_forest":0.882012,"score_logistic_regression":0.8459588,"score_fuzzy_knn_k29":0.9199873},"geometry":{"type":"Polygon","coordinates":[[[-68.1491228,-10.7365474],[-68.1409567,-10.7365249],[-68.140972,-10.7311157],[-68.1491379,-10.7311381],[-68.1491228,-10.7365474]]]}},{"type":"Feature","id":"AC-Y205-X768","properties":{"id":"AC-Y205-X768","grid_x":768,"grid_y":205,"centroid":[-68.1368813,-10.733809],"aggregation":"none","score_gradboost":0.776617,"score_random_forest":0.6608801,"score_logistic_regression":0.8581738,"score_fuzzy_knn_k29":0.6969695},"geometry":{"type":"Polygon","coordinates":[[[-68.1409567,-10.7365249],[-68.1327906,-10.7365023],[-68.132806,-10.7310931],[-68.140972,-10.7311157],[-68.1409567,-10.7365249]]]}},{"type":"Feature","id":"AC-Y205-X769","properties":{"id":"AC-Y205-X769","grid_x":769,"grid_y":205,"centroid":[-68.1287153,-10.7337863],"aggregation":"none","score_gradboost":0.8069182,"score_random_forest":0.7499022,"score_logistic_regression":0.7247576,"score_fuzzy_knn_k29":0.5253729},"geometry":{"type":"Polygon","coordinates":[[[-68.1327906,-10.7365023],[-68.1246245,-10.7364794],[-68.1246401,-10.7310702],[-68.132806,-10.7310931],[-68.1327906,-10.7365023]]]}},{"type":"Feature","id":"AC-Y205-X770","properties":{"id":"AC-Y205-X770","grid_x":770,"grid_y":205,"centroid":[-68.1205493,-10.7337633],"aggregation":"none","score_gradboost":0.8294449,"score_random_forest":0.7617457,"score_logistic_regression":0.7788774,"score_fuzzy_knn_k29":0.6908539},"geometry":{"type":"Polygon","coordinates":[[[-68.1246245,-10.7364794],[-68.1164585,-10.7364563],[-68.1164742,-10.7310471],[-68.1246401,-10.7310702],[-68.1246245,-10.7364794]]]}},{"type":"Feature","id":"AC-Y205-X771","properties":{"id":"AC-Y205-X771","grid_x":771,"grid_y":205,"centroid":[-68.1123833,-10.7337401],"aggregation":"none","score_gradboost":0.7455972,"score_random_forest":0.7481048,"score_logistic_regression":0.7767217,"score_fuzzy_knn_k29":0.3771892},"geometry":{"type":"Polygon","coordinates":[[[-68.1164585,-10.7364563],[-68.1082924,-10.736433],[-68.1083083,-10.7310238],[-68.1164742,-10.7310471],[-68.1164585,-10.7364563]]]}},{"type":"Feature","id":"AC-Y206-X757","properties":{"id":"AC-Y206-X757","grid_x":757,"grid_y":206,"centroid":[-68.2267224,-10.728636],"aggregation":"none","score_gradboost":0.9236322,"score_random_forest":0.8989486,"score_logistic_regression":0.819468,"score_fuzzy_knn_k29":0.9345297},"geometry":{"type":"Polygon","coordinates":[[[-68.2307986,-10.7313507],[-68.2226325,-10.7313305],[-68.2226463,-10.7259211],[-68.2308123,-10.7259414],[-68.2307986,-10.7313507]]]}},{"type":"Feature","id":"AC-Y206-X758","properties":{"id":"AC-Y206-X758","grid_x":758,"grid_y":206,"centroid":[-68.2185563,-10.7286156],"aggregation":"none","score_gradboost":0.7253907,"score_random_forest":0.7325525,"score_logistic_regression":0.7302759,"score_fuzzy_knn_k29":0.5716339},"geometry":{"type":"Polygon","coordinates":[[[-68.2226325,-10.7313305],[-68.2144663,-10.7313099],[-68.2144803,-10.7259006],[-68.2226463,-10.7259211],[-68.2226325,-10.7313305]]]}},{"type":"Feature","id":"AC-Y206-X759","properties":{"id":"AC-Y206-X759","grid_x":759,"grid_y":206,"centroid":[-68.2103903,-10.7285949],"aggregation":"none","score_gradboost":0.5155733,"score_random_forest":0.6408526,"score_logistic_regression":0.7465439,"score_fuzzy_knn_k29":0.5713953},"geometry":{"type":"Polygon","coordinates":[[[-68.2144663,-10.7313099],[-68.2063002,-10.7312892],[-68.2063143,-10.7258799],[-68.2144803,-10.7259006],[-68.2144663,-10.7313099]]]}},{"type":"Feature","id":"AC-Y206-X760","properties":{"id":"AC-Y206-X760","grid_x":760,"grid_y":206,"centroid":[-68.2022243,-10.7285741],"aggregation":"none","score_gradboost":0.7014844,"score_random_forest":0.711484,"score_logistic_regression":0.7732754,"score_fuzzy_knn_k29":0.7294524},"geometry":{"type":"Polygon","coordinates":[[[-68.2063002,-10.7312892],[-68.1981341,-10.7312683],[-68.1981484,-10.725859],[-68.2063143,-10.7258799],[-68.2063002,-10.7312892]]]}},{"type":"Feature","id":"AC-Y206-X761","properties":{"id":"AC-Y206-X761","grid_x":761,"grid_y":206,"centroid":[-68.1940583,-10.7285531],"aggregation":"none","score_gradboost":0.852081,"score_random_forest":0.6993566,"score_logistic_regression":0.7829349,"score_fuzzy_knn_k29":0.397185},"geometry":{"type":"Polygon","coordinates":[[[-68.1981341,-10.7312683],[-68.1899681,-10.7312471],[-68.1899825,-10.7258378],[-68.1981484,-10.725859],[-68.1981341,-10.7312683]]]}},{"type":"Feature","id":"AC-Y206-X762","properties":{"id":"AC-Y206-X762","grid_x":762,"grid_y":206,"centroid":[-68.1858923,-10.7285318],"aggregation":"none","score_gradboost":0.7802193,"score_random_forest":0.7761321,"score_logistic_regression":0.8198737,"score_fuzzy_knn_k29":0.9456558},"geometry":{"type":"Polygon","coordinates":[[[-68.1899681,-10.7312471],[-68.181802,-10.7312258],[-68.1818165,-10.7258165],[-68.1899825,-10.7258378],[-68.1899681,-10.7312471]]]}},{"type":"Feature","id":"AC-Y206-X763","properties":{"id":"AC-Y206-X763","grid_x":763,"grid_y":206,"centroid":[-68.1777263,-10.7285104],"aggregation":"none","score_gradboost":0.8624042,"score_random_forest":0.8406304,"score_logistic_regression":0.7794341,"score_fuzzy_knn_k29":0.5240446},"geometry":{"type":"Polygon","coordinates":[[[-68.181802,-10.7312258],[-68.173636,-10.7312042],[-68.1736506,-10.7257949],[-68.1818165,-10.7258165],[-68.181802,-10.7312258]]]}},{"type":"Feature","id":"AC-Y206-X764","properties":{"id":"AC-Y206-X764","grid_x":764,"grid_y":206,"centroid":[-68.1695603,-10.7284887],"aggregation":"none","score_gradboost":0.8449906,"score_random_forest":0.860115,"score_logistic_regression":0.7636139,"score_fuzzy_knn_k29":0.7821248},"geometry":{"type":"Polygon","coordinates":[[[-68.173636,-10.7312042],[-68.1654699,-10.7311824],[-68.1654848,-10.7257731],[-68.1736506,-10.7257949],[-68.173636,-10.7312042]]]}},{"type":"Feature","id":"AC-Y206-X765","properties":{"id":"AC-Y206-X765","grid_x":765,"grid_y":206,"centroid":[-68.1613944,-10.7284668],"aggregation":"none","score_gradboost":0.9300619,"score_random_forest":0.9264802,"score_logistic_regression":0.8192744,"score_fuzzy_knn_k29":0.8570666},"geometry":{"type":"Polygon","coordinates":[[[-68.1654699,-10.7311824],[-68.1573039,-10.7311604],[-68.1573189,-10.7257511],[-68.1654848,-10.7257731],[-68.1654699,-10.7311824]]]}},{"type":"Feature","id":"AC-Y206-X766","properties":{"id":"AC-Y206-X766","grid_x":766,"grid_y":206,"centroid":[-68.1532285,-10.7284447],"aggregation":"none","score_gradboost":0.9479279,"score_random_forest":0.9383004,"score_logistic_regression":0.8340504,"score_fuzzy_knn_k29":0.8197084},"geometry":{"type":"Polygon","coordinates":[[[-68.1573039,-10.7311604],[-68.1491379,-10.7311381],[-68.1491531,-10.7257289],[-68.1573189,-10.7257511],[-68.1573039,-10.7311604]]]}},{"type":"Feature","id":"AC-Y206-X767","properties":{"id":"AC-Y206-X767","grid_x":767,"grid_y":206,"centroid":[-68.1450626,-10.7284223],"aggregation":"none","score_gradboost":0.9067827,"score_random_forest":0.9441384,"score_logistic_regression":0.8078562,"score_fuzzy_knn_k29":0.9455953},"geometry":{"type":"Polygon","coordinates":[[[-68.1491379,-10.7311381],[-68.140972,-10.7311157],[-68.1409872,-10.7257065],[-68.1491531,-10.7257289],[-68.1491379,-10.7311381]]]}},{"type":"Feature","id":"AC-Y206-X768","properties":{"id":"AC-Y206-X768","grid_x":768,"grid_y":206,"centroid":[-68.1368967,-10.7283998],"aggregation":"none","score_gradboost":0.9282173,"score_random_forest":0.9244157,"score_logistic_regression":0.8394233,"score_fuzzy_knn_k29":0.9125504},"geometry":{"type":"Polygon","coordinates":[[[-68.140972,-10.7311157],[-68.132806,-10.7310931],[-68.1328214,-10.7256838],[-68.1409872,-10.7257065],[-68.140972,-10.7311157]]]}},{"type":"Feature","id":"AC-Y206-X769","properties":{"id":"AC-Y206-X769","grid_x":769,"grid_y":206,"centroid":[-68.1287308,-10.728377],"aggregation":"none","score_gradboost":0.7509427,"score_random_forest":0.7280939,"score_logistic_regression":0.8220656,"score_fuzzy_knn_k29":0.9473131},"geometry":{"type":"Polygon","coordinates":[[[-68.132806,-10.7310931],[-68.1246401,-10.7310702],[-68.1246557,-10.725661],[-68.1328214,-10.7256838],[-68.132806,-10.7310931]]]}},{"type":"Feature","id":"AC-Y206-X770","properties":{"id":"AC-Y206-X770","grid_x":770,"grid_y":206,"centroid":[-68.120565,-10.7283541],"aggregation":"none","score_gradboost":0.8119839,"score_random_forest":0.7440634,"score_logistic_regression":0.8625968,"score_fuzzy_knn_k29":0.9290634},"geometry":{"type":"Polygon","coordinates":[[[-68.1246401,-10.7310702],[-68.1164742,-10.7310471],[-68.1164899,-10.7256379],[-68.1246557,-10.725661],[-68.1246401,-10.7310702]]]}},{"type":"Feature","id":"AC-Y206-X771","properties":{"id":"AC-Y206-X771","grid_x":771,"grid_y":206,"centroid":[-68.1123991,-10.7283309],"aggregation":"none","score_gradboost":0.6627633,"score_random_forest":0.683834,"score_logistic_regression":0.7860099,"score_fuzzy_knn_k29":0.4777607},"geometry":{"type":"Polygon","coordinates":[[[-68.1164742,-10.7310471],[-68.1083083,-10.7310238],[-68.1083241,-10.7256146],[-68.1164899,-10.7256379],[-68.1164742,-10.7310471]]]}},{"type":"Feature","id":"AC-Y207-X756","properties":{"id":"AC-Y207-X756","grid_x":756,"grid_y":207,"centroid":[-68.2349021,-10.7232468],"aggregation":"none","score_gradboost":0.8360431,"score_random_forest":0.8427831,"score_logistic_regression":0.7708381,"score_fuzzy_knn_k29":0.6151451},"geometry":{"type":"Polygon","coordinates":[[[-68.2389783,-10.7259615],[-68.2308123,-10.7259414],[-68.2308259,-10.720532],[-68.2389918,-10.7205521],[-68.2389783,-10.7259615]]]}},{"type":"Feature","id":"AC-Y207-X758","properties":{"id":"AC-Y207-X758","grid_x":758,"grid_y":207,"centroid":[-68.2185702,-10.7232062],"aggregation":"none","score_gradboost":0.7547854,"score_random_forest":0.7163243,"score_logistic_regression":0.7391806,"score_fuzzy_knn_k29":0.542948},"geometry":{"type":"Polygon","coordinates":[[[-68.2226463,-10.7259211],[-68.2144803,-10.7259006],[-68.2144942,-10.7204913],[-68.2226601,-10.7205118],[-68.2226463,-10.7259211]]]}},{"type":"Feature","id":"AC-Y207-X759","properties":{"id":"AC-Y207-X759","grid_x":759,"grid_y":207,"centroid":[-68.2104043,-10.7231856],"aggregation":"none","score_gradboost":0.6534825,"score_random_forest":0.7952357,"score_logistic_regression":0.8228974,"score_fuzzy_knn_k29":0.9323955},"geometry":{"type":"Polygon","coordinates":[[[-68.2144803,-10.7259006],[-68.2063143,-10.7258799],[-68.2063284,-10.7204706],[-68.2144942,-10.7204913],[-68.2144803,-10.7259006]]]}},{"type":"Feature","id":"AC-Y207-X760","properties":{"id":"AC-Y207-X760","grid_x":760,"grid_y":207,"centroid":[-68.2022384,-10.7231648],"aggregation":"none","score_gradboost":0.7930271,"score_random_forest":0.7285299,"score_logistic_regression":0.7826123,"score_fuzzy_knn_k29":0.3306294},"geometry":{"type":"Polygon","coordinates":[[[-68.2063143,-10.7258799],[-68.1981484,-10.725859],[-68.1981626,-10.7204497],[-68.2063284,-10.7204706],[-68.2063143,-10.7258799]]]}},{"type":"Feature","id":"AC-Y207-X761","properties":{"id":"AC-Y207-X761","grid_x":761,"grid_y":207,"centroid":[-68.1940726,-10.7231438],"aggregation":"none","score_gradboost":0.844137,"score_random_forest":0.6557111,"score_logistic_regression":0.8060515,"score_fuzzy_knn_k29":0.9286097},"geometry":{"type":"Polygon","coordinates":[[[-68.1981484,-10.725859],[-68.1899825,-10.7258378],[-68.1899968,-10.7204285],[-68.1981626,-10.7204497],[-68.1981484,-10.725859]]]}},{"type":"Feature","id":"AC-Y207-X762","properties":{"id":"AC-Y207-X762","grid_x":762,"grid_y":207,"centroid":[-68.1859067,-10.7231225],"aggregation":"none","score_gradboost":0.832813,"score_random_forest":0.8008008,"score_logistic_regression":0.8015892,"score_fuzzy_knn_k29":0.9335273},"geometry":{"type":"Polygon","coordinates":[[[-68.1899825,-10.7258378],[-68.1818165,-10.7258165],[-68.1818311,-10.7204072],[-68.1899968,-10.7204285],[-68.1899825,-10.7258378]]]}},{"type":"Feature","id":"AC-Y207-X763","properties":{"id":"AC-Y207-X763","grid_x":763,"grid_y":207,"centroid":[-68.1777409,-10.7231011],"aggregation":"none","score_gradboost":0.8506517,"score_random_forest":0.8442941,"score_logistic_regression":0.7195362,"score_fuzzy_knn_k29":0.6816782},"geometry":{"type":"Polygon","coordinates":[[[-68.1818165,-10.7258165],[-68.1736506,-10.7257949],[-68.1736653,-10.7203856],[-68.1818311,-10.7204072],[-68.1818165,-10.7258165]]]}},{"type":"Feature","id":"AC-Y207-X764","properties":{"id":"AC-Y207-X764","grid_x":764,"grid_y":207,"centroid":[-68.1695751,-10.7230794],"aggregation":"none","score_gradboost":0.9039324,"score_random_forest":0.902327,"score_logistic_regression":0.7443064,"score_fuzzy_knn_k29":0.8275079},"geometry":{"type":"Polygon","coordinates":[[[-68.1736506,-10.7257949],[-68.1654848,-10.7257731],[-68.1654996,-10.7203638],[-68.1736653,-10.7203856],[-68.1736506,-10.7257949]]]}},{"type":"Feature","id":"AC-Y207-X765","properties":{"id":"AC-Y207-X765","grid_x":765,"grid_y":207,"centroid":[-68.1614093,-10.7230575],"aggregation":"none","score_gradboost":0.8780976,"score_random_forest":0.9289237,"score_logistic_regression":0.8021499,"score_fuzzy_knn_k29":0.8519755},"geometry":{"type":"Polygon","coordinates":[[[-68.1654848,-10.7257731],[-68.1573189,-10.7257511],[-68.1573339,-10.7203419],[-68.1654996,-10.7203638],[-68.1654848,-10.7257731]]]}},{"type":"Feature","id":"AC-Y207-X766","properties":{"id":"AC-Y207-X766","grid_x":766,"grid_y":207,"centroid":[-68.1532435,-10.7230354],"aggregation":"none","score_gradboost":0.8858895,"score_random_forest":0.8915046,"score_logistic_regression":0.8200803,"score_fuzzy_knn_k29":0.9107138},"geometry":{"type":"Polygon","coordinates":[[[-68.1573189,-10.7257511],[-68.1491531,-10.7257289],[-68.1491682,-10.7203197],[-68.1573339,-10.7203419],[-68.1573189,-10.7257511]]]}},{"type":"Feature","id":"AC-Y207-X767","properties":{"id":"AC-Y207-X767","grid_x":767,"grid_y":207,"centroid":[-68.1450778,-10.7230131],"aggregation":"none","score_gradboost":0.921553,"score_random_forest":0.9275838,"score_logistic_regression":0.8340483,"score_fuzzy_knn_k29":0.7569653},"geometry":{"type":"Polygon","coordinates":[[[-68.1491531,-10.7257289],[-68.1409872,-10.7257065],[-68.1410025,-10.7202972],[-68.1491682,-10.7203197],[-68.1491531,-10.7257289]]]}},{"type":"Feature","id":"AC-Y207-X768","properties":{"id":"AC-Y207-X768","grid_x":768,"grid_y":207,"centroid":[-68.136912,-10.7229906],"aggregation":"none","score_gradboost":0.8780066,"score_random_forest":0.9129626,"score_logistic_regression":0.8348654,"score_fuzzy_knn_k29":0.7391429},"geometry":{"type":"Polygon","coordinates":[[[-68.1409872,-10.7257065],[-68.1328214,-10.7256838],[-68.1328368,-10.7202746],[-68.1410025,-10.7202972],[-68.1409872,-10.7257065]]]}},{"type":"Feature","id":"AC-Y207-X769","properties":{"id":"AC-Y207-X769","grid_x":769,"grid_y":207,"centroid":[-68.1287463,-10.7229678],"aggregation":"none","score_gradboost":0.855428,"score_random_forest":0.8474677,"score_logistic_regression":0.8275663,"score_fuzzy_knn_k29":0.9633454},"geometry":{"type":"Polygon","coordinates":[[[-68.1328214,-10.7256838],[-68.1246557,-10.725661],[-68.1246712,-10.7202518],[-68.1328368,-10.7202746],[-68.1328214,-10.7256838]]]}},{"type":"Feature","id":"AC-Y207-X770","properties":{"id":"AC-Y207-X770","grid_x":770,"grid_y":207,"centroid":[-68.1205806,-10.7229449],"aggregation":"none","score_gradboost":0.7846585,"score_random_forest":0.7911681,"score_logistic_regression":0.753598,"score_fuzzy_knn_k29":0.6272087},"geometry":{"type":"Polygon","coordinates":[[[-68.1246557,-10.725661],[-68.1164899,-10.7256379],[-68.1165056,-10.7202287],[-68.1246712,-10.7202518],[-68.1246557,-10.725661]]]}},{"type":"Feature","id":"AC-Y207-X771","properties":{"id":"AC-Y207-X771","grid_x":771,"grid_y":207,"centroid":[-68.1124149,-10.7229217],"aggregation":"none","score_gradboost":0.6914293,"score_random_forest":0.6933179,"score_logistic_regression":0.7906957,"score_fuzzy_knn_k29":0.5595783},"geometry":{"type":"Polygon","coordinates":[[[-68.1164899,-10.7256379],[-68.1083241,-10.7256146],[-68.10834,-10.7202054],[-68.1165056,-10.7202287],[-68.1164899,-10.7256379]]]}},{"type":"Feature","id":"AC-Y208-X759","properties":{"id":"AC-Y208-X759","grid_x":759,"grid_y":208,"centroid":[-68.2104183,-10.7177763],"aggregation":"none","score_gradboost":0.7990553,"score_random_forest":0.8322169,"score_logistic_regression":0.8495764,"score_fuzzy_knn_k29":0.9042407},"geometry":{"type":"Polygon","coordinates":[[[-68.2144942,-10.7204913],[-68.2063284,-10.7204706],[-68.2063425,-10.7150612],[-68.2145082,-10.7150819],[-68.2144942,-10.7204913]]]}},{"type":"Feature","id":"AC-Y208-X760","properties":{"id":"AC-Y208-X760","grid_x":760,"grid_y":208,"centroid":[-68.2022526,-10.7177555],"aggregation":"none","score_gradboost":0.8990119,"score_random_forest":0.8117836,"score_logistic_regression":0.7545833,"score_fuzzy_knn_k29":0.7954322},"geometry":{"type":"Polygon","coordinates":[[[-68.2063284,-10.7204706],[-68.1981626,-10.7204497],[-68.1981769,-10.7150403],[-68.2063425,-10.7150612],[-68.2063284,-10.7204706]]]}},{"type":"Feature","id":"AC-Y208-X761","properties":{"id":"AC-Y208-X761","grid_x":761,"grid_y":208,"centroid":[-68.1940869,-10.7177345],"aggregation":"none","score_gradboost":0.6575981,"score_random_forest":0.7984978,"score_logistic_regression":0.8257155,"score_fuzzy_knn_k29":0.9226656},"geometry":{"type":"Polygon","coordinates":[[[-68.1981626,-10.7204497],[-68.1899968,-10.7204285],[-68.1900112,-10.7150192],[-68.1981769,-10.7150403],[-68.1981626,-10.7204497]]]}},{"type":"Feature","id":"AC-Y208-X762","properties":{"id":"AC-Y208-X762","grid_x":762,"grid_y":208,"centroid":[-68.1859212,-10.7177132],"aggregation":"none","score_gradboost":0.681714,"score_random_forest":0.7564305,"score_logistic_regression":0.8303186,"score_fuzzy_knn_k29":0.7931368},"geometry":{"type":"Polygon","coordinates":[[[-68.1899968,-10.7204285],[-68.1818311,-10.7204072],[-68.1818456,-10.7149979],[-68.1900112,-10.7150192],[-68.1899968,-10.7204285]]]}},{"type":"Feature","id":"AC-Y208-X763","properties":{"id":"AC-Y208-X763","grid_x":763,"grid_y":208,"centroid":[-68.1777555,-10.7176918],"aggregation":"none","score_gradboost":0.8489123,"score_random_forest":0.7877341,"score_logistic_regression":0.6722127,"score_fuzzy_knn_k29":0.8141502},"geometry":{"type":"Polygon","coordinates":[[[-68.1818311,-10.7204072],[-68.1736653,-10.7203856],[-68.17368,-10.7149763],[-68.1818456,-10.7149979],[-68.1818311,-10.7204072]]]}},{"type":"Feature","id":"AC-Y208-X764","properties":{"id":"AC-Y208-X764","grid_x":764,"grid_y":208,"centroid":[-68.1695898,-10.7176701],"aggregation":"none","score_gradboost":0.8912932,"score_random_forest":0.9060506,"score_logistic_regression":0.752192,"score_fuzzy_knn_k29":0.8070915},"geometry":{"type":"Polygon","coordinates":[[[-68.1736653,-10.7203856],[-68.1654996,-10.7203638],[-68.1655144,-10.7149546],[-68.17368,-10.7149763],[-68.1736653,-10.7203856]]]}},{"type":"Feature","id":"AC-Y208-X765","properties":{"id":"AC-Y208-X765","grid_x":765,"grid_y":208,"centroid":[-68.1614242,-10.7176482],"aggregation":"none","score_gradboost":0.8518611,"score_random_forest":0.9020059,"score_logistic_regression":0.7663159,"score_fuzzy_knn_k29":0.9005365},"geometry":{"type":"Polygon","coordinates":[[[-68.1654996,-10.7203638],[-68.1573339,-10.7203419],[-68.1573488,-10.7149326],[-68.1655144,-10.7149546],[-68.1654996,-10.7203638]]]}},{"type":"Feature","id":"AC-Y208-X766","properties":{"id":"AC-Y208-X766","grid_x":766,"grid_y":208,"centroid":[-68.1532585,-10.7176262],"aggregation":"none","score_gradboost":0.9057805,"score_random_forest":0.8958828,"score_logistic_regression":0.8496291,"score_fuzzy_knn_k29":0.9543425},"geometry":{"type":"Polygon","coordinates":[[[-68.1573339,-10.7203419],[-68.1491682,-10.7203197],[-68.1491833,-10.7149104],[-68.1573488,-10.7149326],[-68.1573339,-10.7203419]]]}},{"type":"Feature","id":"AC-Y208-X767","properties":{"id":"AC-Y208-X767","grid_x":767,"grid_y":208,"centroid":[-68.1450929,-10.7176039],"aggregation":"none","score_gradboost":0.8330831,"score_random_forest":0.8657469,"score_logistic_regression":0.8230291,"score_fuzzy_knn_k29":0.8949445},"geometry":{"type":"Polygon","coordinates":[[[-68.1491682,-10.7203197],[-68.1410025,-10.7202972],[-68.1410178,-10.714888],[-68.1491833,-10.7149104],[-68.1491682,-10.7203197]]]}},{"type":"Feature","id":"AC-Y208-X768","properties":{"id":"AC-Y208-X768","grid_x":768,"grid_y":208,"centroid":[-68.1369273,-10.7175813],"aggregation":"none","score_gradboost":0.8973404,"score_random_forest":0.8905506,"score_logistic_regression":0.7833697,"score_fuzzy_knn_k29":0.6269774},"geometry":{"type":"Polygon","coordinates":[[[-68.1410025,-10.7202972],[-68.1328368,-10.7202746],[-68.1328522,-10.7148654],[-68.1410178,-10.714888],[-68.1410025,-10.7202972]]]}},{"type":"Feature","id":"AC-Y208-X769","properties":{"id":"AC-Y208-X769","grid_x":769,"grid_y":208,"centroid":[-68.1287618,-10.7175586],"aggregation":"none","score_gradboost":0.7687,"score_random_forest":0.7777469,"score_logistic_regression":0.8061919,"score_fuzzy_knn_k29":0.9409458},"geometry":{"type":"Polygon","coordinates":[[[-68.1328368,-10.7202746],[-68.1246712,-10.7202518],[-68.1246867,-10.7148426],[-68.1328522,-10.7148654],[-68.1328368,-10.7202746]]]}},{"type":"Feature","id":"AC-Y208-X770","properties":{"id":"AC-Y208-X770","grid_x":770,"grid_y":208,"centroid":[-68.1205962,-10.7175357],"aggregation":"none","score_gradboost":0.8150247,"score_random_forest":0.7715132,"score_logistic_regression":0.6723725,"score_fuzzy_knn_k29":0.5320847},"geometry":{"type":"Polygon","coordinates":[[[-68.1246712,-10.7202518],[-68.1165056,-10.7202287],[-68.1165213,-10.7148195],[-68.1246867,-10.7148426],[-68.1246712,-10.7202518]]]}},{"type":"Feature","id":"AC-Y208-X771","properties":{"id":"AC-Y208-X771","grid_x":771,"grid_y":208,"centroid":[-68.1124307,-10.7175125],"aggregation":"none","score_gradboost":0.6158901,"score_random_forest":0.6596044,"score_logistic_regression":0.725789,"score_fuzzy_knn_k29":0.5054335},"geometry":{"type":"Polygon","coordinates":[[[-68.1165056,-10.7202287],[-68.10834,-10.7202054],[-68.1083558,-10.7147962],[-68.1165213,-10.7148195],[-68.1165056,-10.7202287]]]}},{"type":"Feature","id":"AC-Y209-X759","properties":{"id":"AC-Y209-X759","grid_x":759,"grid_y":209,"centroid":[-68.2104324,-10.7123669],"aggregation":"none","score_gradboost":0.7547634,"score_random_forest":0.8177507,"score_logistic_regression":0.8131127,"score_fuzzy_knn_k29":0.9596732},"geometry":{"type":"Polygon","coordinates":[[[-68.2145082,-10.7150819],[-68.2063425,-10.7150612],[-68.2063566,-10.7096519],[-68.2145221,-10.7096726],[-68.2145082,-10.7150819]]]}},{"type":"Feature","id":"AC-Y209-X760","properties":{"id":"AC-Y209-X760","grid_x":760,"grid_y":209,"centroid":[-68.2022668,-10.7123462],"aggregation":"none","score_gradboost":0.8532224,"score_random_forest":0.7350517,"score_logistic_regression":0.6530526,"score_fuzzy_knn_k29":0.6618969},"geometry":{"type":"Polygon","coordinates":[[[-68.2063425,-10.7150612],[-68.1981769,-10.7150403],[-68.1981911,-10.709631],[-68.2063566,-10.7096519],[-68.2063425,-10.7150612]]]}},{"type":"Feature","id":"AC-Y209-X761","properties":{"id":"AC-Y209-X761","grid_x":761,"grid_y":209,"centroid":[-68.1941012,-10.7123251],"aggregation":"none","score_gradboost":0.7157773,"score_random_forest":0.7337169,"score_logistic_regression":0.7414817,"score_fuzzy_knn_k29":0.7027688},"geometry":{"type":"Polygon","coordinates":[[[-68.1981769,-10.7150403],[-68.1900112,-10.7150192],[-68.1900256,-10.7096099],[-68.1981911,-10.709631],[-68.1981769,-10.7150403]]]}},{"type":"Feature","id":"AC-Y209-X762","properties":{"id":"AC-Y209-X762","grid_x":762,"grid_y":209,"centroid":[-68.1859356,-10.7123039],"aggregation":"none","score_gradboost":0.7708891,"score_random_forest":0.7143841,"score_logistic_regression":0.8000495,"score_fuzzy_knn_k29":0.8352665},"geometry":{"type":"Polygon","coordinates":[[[-68.1900112,-10.7150192],[-68.1818456,-10.7149979],[-68.1818601,-10.7095886],[-68.1900256,-10.7096099],[-68.1900112,-10.7150192]]]}},{"type":"Feature","id":"AC-Y209-X763","properties":{"id":"AC-Y209-X763","grid_x":763,"grid_y":209,"centroid":[-68.1777701,-10.7122825],"aggregation":"none","score_gradboost":0.8811248,"score_random_forest":0.7909102,"score_logistic_regression":0.6516,"score_fuzzy_knn_k29":0.7303136},"geometry":{"type":"Polygon","coordinates":[[[-68.1818456,-10.7149979],[-68.17368,-10.7149763],[-68.1736947,-10.709567],[-68.1818601,-10.7095886],[-68.1818456,-10.7149979]]]}},{"type":"Feature","id":"AC-Y209-X764","properties":{"id":"AC-Y209-X764","grid_x":764,"grid_y":209,"centroid":[-68.1696046,-10.7122608],"aggregation":"none","score_gradboost":0.8911185,"score_random_forest":0.8668249,"score_logistic_regression":0.6991002,"score_fuzzy_knn_k29":0.8217932},"geometry":{"type":"Polygon","coordinates":[[[-68.17368,-10.7149763],[-68.1655144,-10.7149546],[-68.1655292,-10.7095453],[-68.1736947,-10.709567],[-68.17368,-10.7149763]]]}},{"type":"Feature","id":"AC-Y209-X765","properties":{"id":"AC-Y209-X765","grid_x":765,"grid_y":209,"centroid":[-68.1614391,-10.712239],"aggregation":"none","score_gradboost":0.7516601,"score_random_forest":0.8669742,"score_logistic_regression":0.780107,"score_fuzzy_knn_k29":0.9181563},"geometry":{"type":"Polygon","coordinates":[[[-68.1655144,-10.7149546],[-68.1573488,-10.7149326],[-68.1573638,-10.7095233],[-68.1655292,-10.7095453],[-68.1655144,-10.7149546]]]}},{"type":"Feature","id":"AC-Y209-X766","properties":{"id":"AC-Y209-X766","grid_x":766,"grid_y":209,"centroid":[-68.1532736,-10.7122169],"aggregation":"none","score_gradboost":0.6103302,"score_random_forest":0.697433,"score_logistic_regression":0.8424183,"score_fuzzy_knn_k29":0.5862687},"geometry":{"type":"Polygon","coordinates":[[[-68.1573488,-10.7149326],[-68.1491833,-10.7149104],[-68.1491984,-10.7095012],[-68.1573638,-10.7095233],[-68.1573488,-10.7149326]]]}},{"type":"Feature","id":"AC-Y209-X767","properties":{"id":"AC-Y209-X767","grid_x":767,"grid_y":209,"centroid":[-68.1451081,-10.7121946],"aggregation":"none","score_gradboost":0.8000368,"score_random_forest":0.851254,"score_logistic_regression":0.808946,"score_fuzzy_knn_k29":0.8953192},"geometry":{"type":"Polygon","coordinates":[[[-68.1491833,-10.7149104],[-68.1410178,-10.714888],[-68.141033,-10.7094788],[-68.1491984,-10.7095012],[-68.1491833,-10.7149104]]]}},{"type":"Feature","id":"AC-Y209-X768","properties":{"id":"AC-Y209-X768","grid_x":768,"grid_y":209,"centroid":[-68.1369427,-10.7121721],"aggregation":"none","score_gradboost":0.8343048,"score_random_forest":0.8107956,"score_logistic_regression":0.8098787,"score_fuzzy_knn_k29":0.9130564},"geometry":{"type":"Polygon","coordinates":[[[-68.1410178,-10.714888],[-68.1328522,-10.7148654],[-68.1328676,-10.7094562],[-68.141033,-10.7094788],[-68.1410178,-10.714888]]]}},{"type":"Feature","id":"AC-Y209-X769","properties":{"id":"AC-Y209-X769","grid_x":769,"grid_y":209,"centroid":[-68.1287772,-10.7121494],"aggregation":"none","score_gradboost":0.787639,"score_random_forest":0.8278437,"score_logistic_regression":0.8334269,"score_fuzzy_knn_k29":0.8418653},"geometry":{"type":"Polygon","coordinates":[[[-68.1328522,-10.7148654],[-68.1246867,-10.7148426],[-68.1247023,-10.7094333],[-68.1328676,-10.7094562],[-68.1328522,-10.7148654]]]}},{"type":"Feature","id":"AC-Y209-X770","properties":{"id":"AC-Y209-X770","grid_x":770,"grid_y":209,"centroid":[-68.1206118,-10.7121265],"aggregation":"none","score_gradboost":0.8660481,"score_random_forest":0.7331171,"score_logistic_regression":0.7401316,"score_fuzzy_knn_k29":0.6936221},"geometry":{"type":"Polygon","coordinates":[[[-68.1246867,-10.7148426],[-68.1165213,-10.7148195],[-68.1165369,-10.7094103],[-68.1247023,-10.7094333],[-68.1246867,-10.7148426]]]}},{"type":"Feature","id":"AC-Y209-X771","properties":{"id":"AC-Y209-X771","grid_x":771,"grid_y":209,"centroid":[-68.1124464,-10.7121033],"aggregation":"none","score_gradboost":0.8072869,"score_random_forest":0.7721877,"score_logistic_regression":0.717842,"score_fuzzy_knn_k29":0.5347814},"geometry":{"type":"Polygon","coordinates":[[[-68.1165213,-10.7148195],[-68.1083558,-10.7147962],[-68.1083716,-10.7093871],[-68.1165369,-10.7094103],[-68.1165213,-10.7148195]]]}},{"type":"Feature","id":"AC-Y210-X760","properties":{"id":"AC-Y210-X760","grid_x":760,"grid_y":210,"centroid":[-68.2022809,-10.7069368],"aggregation":"none","score_gradboost":0.8942948,"score_random_forest":0.7403083,"score_logistic_regression":0.6789017,"score_fuzzy_knn_k29":0.7729145},"geometry":{"type":"Polygon","coordinates":[[[-68.2063566,-10.7096519],[-68.1981911,-10.709631],[-68.1982053,-10.7042217],[-68.2063707,-10.7042426],[-68.2063566,-10.7096519]]]}},{"type":"Feature","id":"AC-Y210-X761","properties":{"id":"AC-Y210-X761","grid_x":761,"grid_y":210,"centroid":[-68.1941155,-10.7069158],"aggregation":"none","score_gradboost":0.8104725,"score_random_forest":0.8090968,"score_logistic_regression":0.7181823,"score_fuzzy_knn_k29":0.8572344},"geometry":{"type":"Polygon","coordinates":[[[-68.1981911,-10.709631],[-68.1900256,-10.7096099],[-68.19004,-10.7042006],[-68.1982053,-10.7042217],[-68.1981911,-10.709631]]]}},{"type":"Feature","id":"AC-Y210-X762","properties":{"id":"AC-Y210-X762","grid_x":762,"grid_y":210,"centroid":[-68.1859501,-10.7068946],"aggregation":"none","score_gradboost":0.7351818,"score_random_forest":0.6897308,"score_logistic_regression":0.6620209,"score_fuzzy_knn_k29":0.6628229},"geometry":{"type":"Polygon","coordinates":[[[-68.1900256,-10.7096099],[-68.1818601,-10.7095886],[-68.1818746,-10.7041793],[-68.19004,-10.7042006],[-68.1900256,-10.7096099]]]}},{"type":"Feature","id":"AC-Y210-X763","properties":{"id":"AC-Y210-X763","grid_x":763,"grid_y":210,"centroid":[-68.1777847,-10.7068732],"aggregation":"none","score_gradboost":0.7533302,"score_random_forest":0.7326863,"score_logistic_regression":0.6613778,"score_fuzzy_knn_k29":0.51043},"geometry":{"type":"Polygon","coordinates":[[[-68.1818601,-10.7095886],[-68.1736947,-10.709567],[-68.1737093,-10.7041578],[-68.1818746,-10.7041793],[-68.1818601,-10.7095886]]]}},{"type":"Feature","id":"AC-Y210-X764","properties":{"id":"AC-Y210-X764","grid_x":764,"grid_y":210,"centroid":[-68.1696193,-10.7068516],"aggregation":"none","score_gradboost":0.8712936,"score_random_forest":0.7534119,"score_logistic_regression":0.6876819,"score_fuzzy_knn_k29":0.6428322},"geometry":{"type":"Polygon","coordinates":[[[-68.1736947,-10.709567],[-68.1655292,-10.7095453],[-68.165544,-10.704136],[-68.1737093,-10.7041578],[-68.1736947,-10.709567]]]}},{"type":"Feature","id":"AC-Y210-X765","properties":{"id":"AC-Y210-X765","grid_x":765,"grid_y":210,"centroid":[-68.1614539,-10.7068297],"aggregation":"none","score_gradboost":0.8977054,"score_random_forest":0.6951401,"score_logistic_regression":0.7029788,"score_fuzzy_knn_k29":0.0},"geometry":{"type":"Polygon","coordinates":[[[-68.1655292,-10.7095453],[-68.1573638,-10.7095233],[-68.1573787,-10.7041141],[-68.165544,-10.704136],[-68.1655292,-10.7095453]]]}},{"type":"Feature","id":"AC-Y210-X766","properties":{"id":"AC-Y210-X766","grid_x":766,"grid_y":210,"centroid":[-68.1532886,-10.7068076],"aggregation":"none","score_gradboost":0.9113368,"score_random_forest":0.8138576,"score_logistic_regression":0.7778913,"score_fuzzy_knn_k29":0.9909146},"geometry":{"type":"Polygon","coordinates":[[[-68.1573638,-10.7095233],[-68.1491984,-10.7095012],[-68.1492135,-10.7040919],[-68.1573787,-10.7041141],[-68.1573638,-10.7095233]]]}},{"type":"Feature","id":"AC-Y210-X767","properties":{"id":"AC-Y210-X767","grid_x":767,"grid_y":210,"centroid":[-68.1451233,-10.7067854],"aggregation":"none","score_gradboost":0.8231321,"score_random_forest":0.8654701,"score_logistic_regression":0.7899696,"score_fuzzy_knn_k29":0.9465665},"geometry":{"type":"Polygon","coordinates":[[[-68.1491984,-10.7095012],[-68.141033,-10.7094788],[-68.1410482,-10.7040695],[-68.1492135,-10.7040919],[-68.1491984,-10.7095012]]]}},{"type":"Feature","id":"AC-Y210-X768","properties":{"id":"AC-Y210-X768","grid_x":768,"grid_y":210,"centroid":[-68.136958,-10.7067629],"aggregation":"none","score_gradboost":0.8234154,"score_random_forest":0.7576983,"score_logistic_regression":0.8220784,"score_fuzzy_knn_k29":0.8221622},"geometry":{"type":"Polygon","coordinates":[[[-68.141033,-10.7094788],[-68.1328676,-10.7094562],[-68.132883,-10.7040469],[-68.1410482,-10.7040695],[-68.141033,-10.7094788]]]}},{"type":"Feature","id":"AC-Y210-X769","properties":{"id":"AC-Y210-X769","grid_x":769,"grid_y":210,"centroid":[-68.1287927,-10.7067402],"aggregation":"none","score_gradboost":0.770914,"score_random_forest":0.7352518,"score_logistic_regression":0.7006279,"score_fuzzy_knn_k29":0.6212059},"geometry":{"type":"Polygon","coordinates":[[[-68.1328676,-10.7094562],[-68.1247023,-10.7094333],[-68.1247178,-10.7040241],[-68.132883,-10.7040469],[-68.1328676,-10.7094562]]]}},{"type":"Feature","id":"AC-Y210-X770","properties":{"id":"AC-Y210-X770","grid_x":770,"grid_y":210,"centroid":[-68.1206274,-10.7067172],"aggregation":"none","score_gradboost":0.8944569,"score_random_forest":0.7768145,"score_logistic_regression":0.6606056,"score_fuzzy_knn_k29":0.5848662},"geometry":{"type":"Polygon","coordinates":[[[-68.1247023,-10.7094333],[-68.1165369,-10.7094103],[-68.1165526,-10.7040011],[-68.1247178,-10.7040241],[-68.1247023,-10.7094333]]]}},{"type":"Feature","id":"AC-Y210-X771","properties":{"id":"AC-Y210-X771","grid_x":771,"grid_y":210,"centroid":[-68.1124622,-10.7066941],"aggregation":"none","score_gradboost":0.7507577,"score_random_forest":0.7104301,"score_logistic_regression":0.7094175,"score_fuzzy_knn_k29":0.612055},"geometry":{"type":"Polygon","coordinates":[[[-68.1165369,-10.7094103],[-68.1083716,-10.7093871],[-68.1083874,-10.7039779],[-68.1165526,-10.7040011],[-68.1165369,-10.7094103]]]}},{"type":"Feature","id":"AC-Y211-X760","properties":{"id":"AC-Y211-X760","grid_x":760,"grid_y":211,"centroid":[-68.2022951,-10.7015275],"aggregation":"none","score_gradboost":0.7342648,"score_random_forest":0.7578065,"score_logistic_regression":0.751115,"score_fuzzy_knn_k29":0.2435651},"geometry":{"type":"Polygon","coordinates":[[[-68.2063707,-10.7042426],[-68.1982053,-10.7042217],[-68.1982195,-10.6988124],[-68.2063847,-10.6988333],[-68.2063707,-10.7042426]]]}},{"type":"Feature","id":"AC-Y211-X761","properties":{"id":"AC-Y211-X761","grid_x":761,"grid_y":211,"centroid":[-68.1941298,-10.7015065],"aggregation":"none","score_gradboost":0.9313686,"score_random_forest":0.8776823,"score_logistic_regression":0.6992041,"score_fuzzy_knn_k29":0.8180175},"geometry":{"type":"Polygon","coordinates":[[[-68.1982053,-10.7042217],[-68.19004,-10.7042006],[-68.1900543,-10.6987913],[-68.1982195,-10.6988124],[-68.1982053,-10.7042217]]]}},{"type":"Feature","id":"AC-Y211-X762","properties":{"id":"AC-Y211-X762","grid_x":762,"grid_y":211,"centroid":[-68.1859645,-10.7014853],"aggregation":"none","score_gradboost":0.6352591,"score_random_forest":0.6375071,"score_logistic_regression":0.6703944,"score_fuzzy_knn_k29":0.3875059},"geometry":{"type":"Polygon","coordinates":[[[-68.19004,-10.7042006],[-68.1818746,-10.7041793],[-68.1818891,-10.69877],[-68.1900543,-10.6987913],[-68.19004,-10.7042006]]]}},{"type":"Feature","id":"AC-Y211-X763","properties":{"id":"AC-Y211-X763","grid_x":763,"grid_y":211,"centroid":[-68.1777993,-10.7014639],"aggregation":"none","score_gradboost":0.6948424,"score_random_forest":0.6548489,"score_logistic_regression":0.6828234,"score_fuzzy_knn_k29":0.4798338},"geometry":{"type":"Polygon","coordinates":[[[-68.1818746,-10.7041793],[-68.1737093,-10.7041578],[-68.173724,-10.6987485],[-68.1818891,-10.69877],[-68.1818746,-10.7041793]]]}},{"type":"Feature","id":"AC-Y211-X764","properties":{"id":"AC-Y211-X764","grid_x":764,"grid_y":211,"centroid":[-68.169634,-10.7014423],"aggregation":"none","score_gradboost":0.8146142,"score_random_forest":0.6876433,"score_logistic_regression":0.700966,"score_fuzzy_knn_k29":0.4532934},"geometry":{"type":"Polygon","coordinates":[[[-68.1737093,-10.7041578],[-68.165544,-10.704136],[-68.1655588,-10.6987267],[-68.173724,-10.6987485],[-68.1737093,-10.7041578]]]}},{"type":"Feature","id":"AC-Y211-X765","properties":{"id":"AC-Y211-X765","grid_x":765,"grid_y":211,"centroid":[-68.1614688,-10.7014204],"aggregation":"none","score_gradboost":0.8054852,"score_random_forest":0.7143263,"score_logistic_regression":0.7116843,"score_fuzzy_knn_k29":0.6367571},"geometry":{"type":"Polygon","coordinates":[[[-68.165544,-10.704136],[-68.1573787,-10.7041141],[-68.1573937,-10.6987048],[-68.1655588,-10.6987267],[-68.165544,-10.704136]]]}},{"type":"Feature","id":"AC-Y211-X766","properties":{"id":"AC-Y211-X766","grid_x":766,"grid_y":211,"centroid":[-68.1533036,-10.7013984],"aggregation":"none","score_gradboost":0.8054852,"score_random_forest":0.7645128,"score_logistic_regression":0.7047122,"score_fuzzy_knn_k29":0.7380951},"geometry":{"type":"Polygon","coordinates":[[[-68.1573787,-10.7041141],[-68.1492135,-10.7040919],[-68.1492286,-10.6986826],[-68.1573937,-10.6987048],[-68.1573787,-10.7041141]]]}},{"type":"Feature","id":"AC-Y211-X767","properties":{"id":"AC-Y211-X767","grid_x":767,"grid_y":211,"centroid":[-68.1451384,-10.7013761],"aggregation":"none","score_gradboost":0.8647365,"score_random_forest":0.8160076,"score_logistic_regression":0.72761,"score_fuzzy_knn_k29":0.8136366},"geometry":{"type":"Polygon","coordinates":[[[-68.1492135,-10.7040919],[-68.1410482,-10.7040695],[-68.1410635,-10.6986603],[-68.1492286,-10.6986826],[-68.1492135,-10.7040919]]]}},{"type":"Feature","id":"AC-Y211-X768","properties":{"id":"AC-Y211-X768","grid_x":768,"grid_y":211,"centroid":[-68.1369733,-10.7013536],"aggregation":"none","score_gradboost":0.7309949,"score_random_forest":0.7997046,"score_logistic_regression":0.8257591,"score_fuzzy_knn_k29":0.6827798},"geometry":{"type":"Polygon","coordinates":[[[-68.1410482,-10.7040695],[-68.132883,-10.7040469],[-68.1328984,-10.6986377],[-68.1410635,-10.6986603],[-68.1410482,-10.7040695]]]}},{"type":"Feature","id":"AC-Y211-X769","properties":{"id":"AC-Y211-X769","grid_x":769,"grid_y":211,"centroid":[-68.1288081,-10.7013309],"aggregation":"none","score_gradboost":0.9269085,"score_random_forest":0.8545241,"score_logistic_regression":0.7153633,"score_fuzzy_knn_k29":0.9251734},"geometry":{"type":"Polygon","coordinates":[[[-68.132883,-10.7040469],[-68.1247178,-10.7040241],[-68.1247333,-10.6986149],[-68.1328984,-10.6986377],[-68.132883,-10.7040469]]]}},{"type":"Feature","id":"AC-Y211-X770","properties":{"id":"AC-Y211-X770","grid_x":770,"grid_y":211,"centroid":[-68.120643,-10.701308],"aggregation":"none","score_gradboost":0.6608924,"score_random_forest":0.7296913,"score_logistic_regression":0.6735547,"score_fuzzy_knn_k29":0.6581764},"geometry":{"type":"Polygon","coordinates":[[[-68.1247178,-10.7040241],[-68.1165526,-10.7040011],[-68.1165683,-10.6985919],[-68.1247333,-10.6986149],[-68.1247178,-10.7040241]]]}},{"type":"Feature","id":"AC-Y212-X760","properties":{"id":"AC-Y212-X760","grid_x":760,"grid_y":212,"centroid":[-68.2023092,-10.6961182],"aggregation":"none","score_gradboost":0.9212523,"score_random_forest":0.8151954,"score_logistic_regression":0.7598957,"score_fuzzy_knn_k29":0.839278},"geometry":{"type":"Polygon","coordinates":[[[-68.2063847,-10.6988333],[-68.1982195,-10.6988124],[-68.1982337,-10.6934031],[-68.2063988,-10.6934239],[-68.2063847,-10.6988333]]]}},{"type":"Feature","id":"AC-Y212-X761","properties":{"id":"AC-Y212-X761","grid_x":761,"grid_y":212,"centroid":[-68.1941441,-10.6960972],"aggregation":"none","score_gradboost":0.7999951,"score_random_forest":0.7457908,"score_logistic_regression":0.6915547,"score_fuzzy_knn_k29":0.7794771},"geometry":{"type":"Polygon","coordinates":[[[-68.1982195,-10.6988124],[-68.1900543,-10.6987913],[-68.1900687,-10.693382],[-68.1982337,-10.6934031],[-68.1982195,-10.6988124]]]}},{"type":"Feature","id":"AC-Y212-X763","properties":{"id":"AC-Y212-X763","grid_x":763,"grid_y":212,"centroid":[-68.1778138,-10.6960546],"aggregation":"none","score_gradboost":0.8011407,"score_random_forest":0.7464147,"score_logistic_regression":0.6874032,"score_fuzzy_knn_k29":0.6744718},"geometry":{"type":"Polygon","coordinates":[[[-68.1818891,-10.69877],[-68.173724,-10.6987485],[-68.1737386,-10.6933392],[-68.1819036,-10.6933607],[-68.1818891,-10.69877]]]}},{"type":"Feature","id":"AC-Y212-X764","properties":{"id":"AC-Y212-X764","grid_x":764,"grid_y":212,"centroid":[-68.1696487,-10.696033],"aggregation":"none","score_gradboost":0.8718638,"score_random_forest":0.810708,"score_logistic_regression":0.7211616,"score_fuzzy_knn_k29":0.5727033},"geometry":{"type":"Polygon","coordinates":[[[-68.173724,-10.6987485],[-68.1655588,-10.6987267],[-68.1655736,-10.6933175],[-68.1737386,-10.6933392],[-68.173724,-10.6987485]]]}},{"type":"Feature","id":"AC-Y212-X765","properties":{"id":"AC-Y212-X765","grid_x":765,"grid_y":212,"centroid":[-68.1614837,-10.6960112],"aggregation":"none","score_gradboost":0.8874174,"score_random_forest":0.8303704,"score_logistic_regression":0.7235513,"score_fuzzy_knn_k29":0.840969},"geometry":{"type":"Polygon","coordinates":[[[-68.1655588,-10.6987267],[-68.1573937,-10.6987048],[-68.1574086,-10.6932955],[-68.1655736,-10.6933175],[-68.1655588,-10.6987267]]]}},{"type":"Feature","id":"AC-Y212-X766","properties":{"id":"AC-Y212-X766","grid_x":766,"grid_y":212,"centroid":[-68.1533186,-10.6959891],"aggregation":"none","score_gradboost":0.8171272,"score_random_forest":0.8254478,"score_logistic_regression":0.7575617,"score_fuzzy_knn_k29":0.9520452},"geometry":{"type":"Polygon","coordinates":[[[-68.1573937,-10.6987048],[-68.1492286,-10.6986826],[-68.1492436,-10.6932734],[-68.1574086,-10.6932955],[-68.1573937,-10.6987048]]]}},{"type":"Feature","id":"AC-Y212-X767","properties":{"id":"AC-Y212-X767","grid_x":767,"grid_y":212,"centroid":[-68.1451536,-10.6959669],"aggregation":"none","score_gradboost":0.8424158,"score_random_forest":0.8029978,"score_logistic_regression":0.7624731,"score_fuzzy_knn_k29":0.9377656},"geometry":{"type":"Polygon","coordinates":[[[-68.1492286,-10.6986826],[-68.1410635,-10.6986603],[-68.1410787,-10.693251],[-68.1492436,-10.6932734],[-68.1492286,-10.6986826]]]}},{"type":"Feature","id":"AC-Y212-X768","properties":{"id":"AC-Y212-X768","grid_x":768,"grid_y":212,"centroid":[-68.1369886,-10.6959444],"aggregation":"none","score_gradboost":0.7766578,"score_random_forest":0.8038675,"score_logistic_regression":0.7941342,"score_fuzzy_knn_k29":0.9498129},"geometry":{"type":"Polygon","coordinates":[[[-68.1410635,-10.6986603],[-68.1328984,-10.6986377],[-68.1329137,-10.6932285],[-68.1410787,-10.693251],[-68.1410635,-10.6986603]]]}},{"type":"Feature","id":"AC-Y212-X769","properties":{"id":"AC-Y212-X769","grid_x":769,"grid_y":212,"centroid":[-68.1288236,-10.6959217],"aggregation":"none","score_gradboost":0.7499601,"score_random_forest":0.7568615,"score_logistic_regression":0.7813097,"score_fuzzy_knn_k29":0.7671459},"geometry":{"type":"Polygon","coordinates":[[[-68.1328984,-10.6986377],[-68.1247333,-10.6986149],[-68.1247488,-10.6932057],[-68.1329137,-10.6932285],[-68.1328984,-10.6986377]]]}},{"type":"Feature","id":"AC-Y212-X770","properties":{"id":"AC-Y212-X770","grid_x":770,"grid_y":212,"centroid":[-68.1206586,-10.6958988],"aggregation":"none","score_gradboost":0.8244246,"score_random_forest":0.8068157,"score_logistic_regression":0.7898113,"score_fuzzy_knn_k29":0.8022171},"geometry":{"type":"Polygon","coordinates":[[[-68.1247333,-10.6986149],[-68.1165683,-10.6985919],[-68.1165839,-10.6931827],[-68.1247488,-10.6932057],[-68.1247333,-10.6986149]]]}},{"type":"Feature","id":"AC-Y213-X759","properties":{"id":"AC-Y213-X759","grid_x":759,"grid_y":213,"centroid":[-68.2104883,-10.6907296],"aggregation":"none","score_gradboost":0.8880582,"score_random_forest":0.8718135,"score_logistic_regression":0.8053998,"score_fuzzy_knn_k29":1.0},"geometry":{"type":"Polygon","coordinates":[[[-68.2145639,-10.6934446],[-68.2063988,-10.6934239],[-68.2064129,-10.6880146],[-68.2145778,-10.6880352],[-68.2145639,-10.6934446]]]}},{"type":"Feature","id":"AC-Y213-X760","properties":{"id":"AC-Y213-X760","grid_x":760,"grid_y":213,"centroid":[-68.2023233,-10.6907088],"aggregation":"none","score_gradboost":0.8542853,"score_random_forest":0.8100924,"score_logistic_regression":0.722739,"score_fuzzy_knn_k29":1.0},"geometry":{"type":"Polygon","coordinates":[[[-68.2063988,-10.6934239],[-68.1982337,-10.6934031],[-68.1982479,-10.6879937],[-68.2064129,-10.6880146],[-68.2063988,-10.6934239]]]}},{"type":"Feature","id":"AC-Y213-X761","properties":{"id":"AC-Y213-X761","grid_x":761,"grid_y":213,"centroid":[-68.1941583,-10.6906879],"aggregation":"none","score_gradboost":0.8656272,"score_random_forest":0.8058671,"score_logistic_regression":0.7076112,"score_fuzzy_knn_k29":1.0},"geometry":{"type":"Polygon","coordinates":[[[-68.1982337,-10.6934031],[-68.1900687,-10.693382],[-68.190083,-10.6879727],[-68.1982479,-10.6879937],[-68.1982337,-10.6934031]]]}},{"type":"Feature","id":"AC-Y213-X764","properties":{"id":"AC-Y213-X764","grid_x":764,"grid_y":213,"centroid":[-68.1696635,-10.6906237],"aggregation":"none","score_gradboost":0.8399349,"score_random_forest":0.9010044,"score_logistic_regression":0.6771824,"score_fuzzy_knn_k29":0.938881},"geometry":{"type":"Polygon","coordinates":[[[-68.1737386,-10.6933392],[-68.1655736,-10.6933175],[-68.1655884,-10.6879082],[-68.1737532,-10.6879299],[-68.1737386,-10.6933392]]]}},{"type":"Feature","id":"AC-Y213-X765","properties":{"id":"AC-Y213-X765","grid_x":765,"grid_y":213,"centroid":[-68.1614985,-10.6906019],"aggregation":"none","score_gradboost":0.9089641,"score_random_forest":0.9158371,"score_logistic_regression":0.7065145,"score_fuzzy_knn_k29":0.9665774},"geometry":{"type":"Polygon","coordinates":[[[-68.1655736,-10.6933175],[-68.1574086,-10.6932955],[-68.1574235,-10.6878863],[-68.1655884,-10.6879082],[-68.1655736,-10.6933175]]]}},{"type":"Feature","id":"AC-Y213-X766","properties":{"id":"AC-Y213-X766","grid_x":766,"grid_y":213,"centroid":[-68.1533336,-10.6905799],"aggregation":"none","score_gradboost":0.8724653,"score_random_forest":0.8407384,"score_logistic_regression":0.7155711,"score_fuzzy_knn_k29":0.9392455},"geometry":{"type":"Polygon","coordinates":[[[-68.1574086,-10.6932955],[-68.1492436,-10.6932734],[-68.1492587,-10.6878641],[-68.1574235,-10.6878863],[-68.1574086,-10.6932955]]]}},{"type":"Feature","id":"AC-Y213-X767","properties":{"id":"AC-Y213-X767","grid_x":767,"grid_y":213,"centroid":[-68.1451687,-10.6905576],"aggregation":"none","score_gradboost":0.7623264,"score_random_forest":0.8022529,"score_logistic_regression":0.7470004,"score_fuzzy_knn_k29":0.8608192},"geometry":{"type":"Polygon","coordinates":[[[-68.1492436,-10.6932734],[-68.1410787,-10.693251],[-68.1410939,-10.6878418],[-68.1492587,-10.6878641],[-68.1492436,-10.6932734]]]}},{"type":"Feature","id":"AC-Y213-X768","properties":{"id":"AC-Y213-X768","grid_x":768,"grid_y":213,"centroid":[-68.1370039,-10.6905352],"aggregation":"none","score_gradboost":0.7884912,"score_random_forest":0.7913128,"score_logistic_regression":0.746734,"score_fuzzy_knn_k29":0.9396302},"geometry":{"type":"Polygon","coordinates":[[[-68.1410787,-10.693251],[-68.1329137,-10.6932285],[-68.1329291,-10.6878192],[-68.1410939,-10.6878418],[-68.1410787,-10.693251]]]}},{"type":"Feature","id":"AC-Y213-X769","properties":{"id":"AC-Y213-X769","grid_x":769,"grid_y":213,"centroid":[-68.128839,-10.6905125],"aggregation":"none","score_gradboost":0.7788249,"score_random_forest":0.8075902,"score_logistic_regression":0.7578974,"score_fuzzy_knn_k29":0.839574},"geometry":{"type":"Polygon","coordinates":[[[-68.1329137,-10.6932285],[-68.1247488,-10.6932057],[-68.1247643,-10.6877965],[-68.1329291,-10.6878192],[-68.1329137,-10.6932285]]]}},{"type":"Feature","id":"AC-Y214-X760","properties":{"id":"AC-Y214-X760","grid_x":760,"grid_y":214,"centroid":[-68.2023375,-10.6852995],"aggregation":"none","score_gradboost":0.8796921,"score_random_forest":0.8628437,"score_logistic_regression":0.777468,"score_fuzzy_knn_k29":1.0},"geometry":{"type":"Polygon","coordinates":[[[-68.2064129,-10.6880146],[-68.1982479,-10.6879937],[-68.1982621,-10.6825844],[-68.2064269,-10.6826052],[-68.2064129,-10.6880146]]]}},{"type":"Feature","id":"AC-Y214-X764","properties":{"id":"AC-Y214-X764","grid_x":764,"grid_y":214,"centroid":[-68.1696782,-10.6852144],"aggregation":"none","score_gradboost":0.8360537,"score_random_forest":0.9021289,"score_logistic_regression":0.680425,"score_fuzzy_knn_k29":0.9704551},"geometry":{"type":"Polygon","coordinates":[[[-68.1737532,-10.6879299],[-68.1655884,-10.6879082],[-68.1656031,-10.6824989],[-68.1737679,-10.6825206],[-68.1737532,-10.6879299]]]}},{"type":"Feature","id":"AC-Y214-X765","properties":{"id":"AC-Y214-X765","grid_x":765,"grid_y":214,"centroid":[-68.1615134,-10.6851926],"aggregation":"none","score_gradboost":0.8762798,"score_random_forest":0.8748427,"score_logistic_regression":0.6991498,"score_fuzzy_knn_k29":1.0},"geometry":{"type":"Polygon","coordinates":[[[-68.1655884,-10.6879082],[-68.1574235,-10.6878863],[-68.1574384,-10.682477],[-68.1656031,-10.6824989],[-68.1655884,-10.6879082]]]}},{"type":"Feature","id":"AC-Y214-X766","properties":{"id":"AC-Y214-X766","grid_x":766,"grid_y":214,"centroid":[-68.1533486,-10.6851706],"aggregation":"none","score_gradboost":0.7493336,"score_random_forest":0.8118785,"score_logistic_regression":0.6767325,"score_fuzzy_knn_k29":1.0},"geometry":{"type":"Polygon","coordinates":[[[-68.1574235,-10.6878863],[-68.1492587,-10.6878641],[-68.1492738,-10.6824549],[-68.1574384,-10.682477],[-68.1574235,-10.6878863]]]}},{"type":"Feature","id":"AC-Y214-X767","properties":{"id":"AC-Y214-X767","grid_x":767,"grid_y":214,"centroid":[-68.1451839,-10.6851484],"aggregation":"none","score_gradboost":0.8842403,"score_random_forest":0.8555867,"score_logistic_regression":0.7088319,"score_fuzzy_knn_k29":1.0},"geometry":{"type":"Polygon","coordinates":[[[-68.1492587,-10.6878641],[-68.1410939,-10.6878418],[-68.1411091,-10.6824325],[-68.1492738,-10.6824549],[-68.1492587,-10.6878641]]]}},{"type":"Feature","id":"AC-Y214-X768","properties":{"id":"AC-Y214-X768","grid_x":768,"grid_y":214,"centroid":[-68.1370191,-10.6851259],"aggregation":"none","score_gradboost":0.7813777,"score_random_forest":0.7792077,"score_logistic_regression":0.791942,"score_fuzzy_knn_k29":0.9576729},"geometry":{"type":"Polygon","coordinates":[[[-68.1410939,-10.6878418],[-68.1329291,-10.6878192],[-68.1329444,-10.68241],[-68.1411091,-10.6824325],[-68.1410939,-10.6878418]]]}},{"type":"Feature","id":"AC-Y214-X769","properties":{"id":"AC-Y214-X769","grid_x":769,"grid_y":214,"centroid":[-68.1288544,-10.6851033],"aggregation":"none","score_gradboost":0.8456577,"score_random_forest":0.8198607,"score_logistic_regression":0.7494992,"score_fuzzy_knn_k29":0.9490964},"geometry":{"type":"Polygon","coordinates":[[[-68.1329291,-10.6878192],[-68.1247643,-10.6877965],[-68.1247798,-10.6823872],[-68.1329444,-10.68241],[-68.1329291,-10.6878192]]]}},{"type":"Feature","id":"AC-Y215-X764","properties":{"id":"AC-Y215-X764","grid_x":764,"grid_y":215,"centroid":[-68.1696928,-10.6798051],"aggregation":"none","score_gradboost":0.9040462,"score_random_forest":0.92284,"score_logistic_regression":0.6838444,"score_fuzzy_knn_k29":1.0},"geometry":{"type":"Polygon","coordinates":[[[-68.1737679,-10.6825206],[-68.1656031,-10.6824989],[-68.1656179,-10.6770896],[-68.1737825,-10.6771113],[-68.1737679,-10.6825206]]]}},{"type":"Feature","id":"AC-Y215-X765","properties":{"id":"AC-Y215-X765","grid_x":765,"grid_y":215,"centroid":[-68.1615282,-10.6797833],"aggregation":"none","score_gradboost":0.9150404,"score_random_forest":0.9042988,"score_logistic_regression":0.7073516,"score_fuzzy_knn_k29":1.0},"geometry":{"type":"Polygon","coordinates":[[[-68.1656031,-10.6824989],[-68.1574384,-10.682477],[-68.1574533,-10.6770677],[-68.1656179,-10.6770896],[-68.1656031,-10.6824989]]]}},{"type":"Feature","id":"AC-Y215-X766","properties":{"id":"AC-Y215-X766","grid_x":766,"grid_y":215,"centroid":[-68.1533636,-10.6797613],"aggregation":"none","score_gradboost":0.8481774,"score_random_forest":0.895342,"score_logistic_regression":0.6726732,"score_fuzzy_knn_k29":1.0},"geometry":{"type":"Polygon","coordinates":[[[-68.1574384,-10.682477],[-68.1492738,-10.6824549],[-68.1492888,-10.6770456],[-68.1574533,-10.6770677],[-68.1574384,-10.682477]]]}},{"type":"Feature","id":"AC-Y215-X767","properties":{"id":"AC-Y215-X767","grid_x":767,"grid_y":215,"centroid":[-68.145199,-10.6797391],"aggregation":"none","score_gradboost":0.9357503,"score_random_forest":0.9538144,"score_logistic_regression":0.697,"score_fuzzy_knn_k29":1.0},"geometry":{"type":"Polygon","coordinates":[[[-68.1492738,-10.6824549],[-68.1411091,-10.6824325],[-68.1411243,-10.6770233],[-68.1492888,-10.6770456],[-68.1492738,-10.6824549]]]}},{"type":"Feature","id":"AC-Y215-X768","properties":{"id":"AC-Y215-X768","grid_x":768,"grid_y":215,"centroid":[-68.1370344,-10.6797167],"aggregation":"none","score_gradboost":0.8547789,"score_random_forest":0.8608495,"score_logistic_regression":0.7465787,"score_fuzzy_knn_k29":0.9224788},"geometry":{"type":"Polygon","coordinates":[[[-68.1411091,-10.6824325],[-68.1329444,-10.68241],[-68.1329598,-10.6770008],[-68.1411243,-10.6770233],[-68.1411091,-10.6824325]]]}},{"type":"Feature","id":"AC-Y216-X764","properties":{"id":"AC-Y216-X764","grid_x":764,"grid_y":216,"centroid":[-68.1697075,-10.6743958],"aggregation":"none","score_gradboost":0.9301237,"score_random_forest":0.9143346,"score_logistic_regression":0.6737543,"score_fuzzy_knn_k29":1.0},"geometry":{"type":"Polygon","coordinates":[[[-68.1737825,-10.6771113],[-68.1656179,-10.6770896],[-68.1656327,-10.6716803],[-68.1737971,-10.671702],[-68.1737825,-10.6771113]]]}},{"type":"Feature","id":"AC-Y216-X765","properties":{"id":"AC-Y216-X765","grid_x":765,"grid_y":216,"centroid":[-68.161543,-10.6743741],"aggregation":"none","score_gradboost":0.9880345,"score_random_forest":0.9549057,"score_logistic_regression":0.7383646,"score_fuzzy_knn_k29":1.0},"geometry":{"type":"Polygon","coordinates":[[[-68.1656179,-10.6770896],[-68.1574533,-10.6770677],[-68.1574682,-10.6716584],[-68.1656327,-10.6716803],[-68.1656179,-10.6770896]]]}},{"type":"Feature","id":"AC-Y216-X766","properties":{"id":"AC-Y216-X766","grid_x":766,"grid_y":216,"centroid":[-68.1533786,-10.6743521],"aggregation":"none","score_gradboost":0.9817011,"score_random_forest":0.9670884,"score_logistic_regression":0.7056402,"score_fuzzy_knn_k29":1.0},"geometry":{"type":"Polygon","coordinates":[[[-68.1574533,-10.6770677],[-68.1492888,-10.6770456],[-68.1493038,-10.6716363],[-68.1574682,-10.6716584],[-68.1574533,-10.6770677]]]}},{"type":"Feature","id":"AC-Y216-X767","properties":{"id":"AC-Y216-X767","grid_x":767,"grid_y":216,"centroid":[-68.1452141,-10.6743298],"aggregation":"none","score_gradboost":0.9192653,"score_random_forest":0.929469,"score_logistic_regression":0.6678914,"score_fuzzy_knn_k29":0.9750158},"geometry":{"type":"Polygon","coordinates":[[[-68.1492888,-10.6770456],[-68.1411243,-10.6770233],[-68.1411395,-10.671614],[-68.1493038,-10.6716363],[-68.1492888,-10.6770456]]]}},{"type":"Feature","id":"AC-Y216-X768","properties":{"id":"AC-Y216-X768","grid_x":768,"grid_y":216,"centroid":[-68.1370497,-10.6743074],"aggregation":"none","score_gradboost":0.8669247,"score_random_forest":0.8195808,"score_logistic_regression":0.7346095,"score_fuzzy_knn_k29":0.7957768},"geometry":{"type":"Polygon","coordinates":[[[-68.1411243,-10.6770233],[-68.1329598,-10.6770008],[-68.1329751,-10.6715915],[-68.1411395,-10.671614],[-68.1411243,-10.6770233]]]}},{"type":"Feature","id":"AC-Y217-X762","properties":{"id":"AC-Y217-X762","grid_x":762,"grid_y":217,"centroid":[-68.186051,-10.6690295],"aggregation":"none","score_gradboost":0.8186807,"score_random_forest":0.8218433,"score_logistic_regression":0.7852071,"score_fuzzy_knn_k29":1.0},"geometry":{"type":"Polygon","coordinates":[[[-68.190126,-10.6717447],[-68.1819615,-10.6717235],[-68.181976,-10.6663142],[-68.1901403,-10.6663354],[-68.190126,-10.6717447]]]}},{"type":"Feature","id":"AC-Y217-X763","properties":{"id":"AC-Y217-X763","grid_x":763,"grid_y":217,"centroid":[-68.1778866,-10.6690081],"aggregation":"none","score_gradboost":0.8732958,"score_random_forest":0.9156899,"score_logistic_regression":0.6780079,"score_fuzzy_knn_k29":1.0},"geometry":{"type":"Polygon","coordinates":[[[-68.1819615,-10.6717235],[-68.1737971,-10.671702],[-68.1738117,-10.6662927],[-68.181976,-10.6663142],[-68.1819615,-10.6717235]]]}},{"type":"Feature","id":"AC-Y217-X764","properties":{"id":"AC-Y217-X764","grid_x":764,"grid_y":217,"centroid":[-68.1697222,-10.6689865],"aggregation":"none","score_gradboost":0.8799733,"score_random_forest":0.8815041,"score_logistic_regression":0.6986479,"score_fuzzy_knn_k29":1.0},"geometry":{"type":"Polygon","coordinates":[[[-68.1737971,-10.671702],[-68.1656327,-10.6716803],[-68.1656474,-10.666271],[-68.1738117,-10.6662927],[-68.1737971,-10.671702]]]}},{"type":"Feature","id":"AC-Y217-X765","properties":{"id":"AC-Y217-X765","grid_x":765,"grid_y":217,"centroid":[-68.1615579,-10.6689648],"aggregation":"none","score_gradboost":0.9713515,"score_random_forest":0.985136,"score_logistic_regression":0.7800621,"score_fuzzy_knn_k29":1.0},"geometry":{"type":"Polygon","coordinates":[[[-68.1656327,-10.6716803],[-68.1574682,-10.6716584],[-68.1574831,-10.6662492],[-68.1656474,-10.666271],[-68.1656327,-10.6716803]]]}},{"type":"Feature","id":"AC-Y218-X762","properties":{"id":"AC-Y218-X762","grid_x":762,"grid_y":218,"centroid":[-68.1860653,-10.6636201],"aggregation":"none","score_gradboost":0.9418649,"score_random_forest":0.9272306,"score_logistic_regression":0.5890582,"score_fuzzy_knn_k29":1.0},"geometry":{"type":"Polygon","coordinates":[[[-68.1901403,-10.6663354],[-68.181976,-10.6663142],[-68.1819904,-10.6609048],[-68.1901546,-10.6609261],[-68.1901403,-10.6663354]]]}},{"type":"Feature","id":"AC-Y218-X763","properties":{"id":"AC-Y218-X763","grid_x":763,"grid_y":218,"centroid":[-68.1779011,-10.6635988],"aggregation":"none","score_gradboost":0.9721417,"score_random_forest":0.9520893,"score_logistic_regression":0.7413738,"score_fuzzy_knn_k29":1.0},"geometry":{"type":"Polygon","coordinates":[[[-68.181976,-10.6663142],[-68.1738117,-10.6662927],[-68.1738263,-10.6608834],[-68.1819904,-10.6609048],[-68.181976,-10.6663142]]]}},{"type":"Feature","id":"AC-Y218-X764","properties":{"id":"AC-Y218-X764","grid_x":764,"grid_y":218,"centroid":[-68.1697369,-10.6635773],"aggregation":"none","score_gradboost":0.9033982,"score_random_forest":0.8759087,"score_logistic_regression":0.790786,"score_fuzzy_knn_k29":1.0},"geometry":{"type":"Polygon","coordinates":[[[-68.1738117,-10.6662927],[-68.1656474,-10.666271],[-68.1656621,-10.6608618],[-68.1738263,-10.6608834],[-68.1738117,-10.6662927]]]}},{"type":"Feature","id":"AC-Y218-X765","properties":{"id":"AC-Y218-X765","grid_x":765,"grid_y":218,"centroid":[-68.1615727,-10.6635555],"aggregation":"none","score_gradboost":0.9454421,"score_random_forest":0.939933,"score_logistic_regression":0.8084198,"score_fuzzy_knn_k29":1.0},"geometry":{"type":"Polygon","coordinates":[[[-68.1656474,-10.666271],[-68.1574831,-10.6662492],[-68.157498,-10.6608399],[-68.1656621,-10.6608618],[-68.1656474,-10.666271]]]}},{"type":"Feature","id":"AC-Y219-X762","properties":{"id":"AC-Y219-X762","grid_x":762,"grid_y":219,"centroid":[-68.1860797,-10.6582108],"aggregation":"none","score_gradboost":0.9505319,"score_random_forest":0.9348723,"score_logistic_regression":0.5907748,"score_fuzzy_knn_k29":1.0},"geometry":{"type":"Polygon","coordinates":[[[-68.1901546,-10.6609261],[-68.1819904,-10.6609048],[-68.1820049,-10.6554955],[-68.1901689,-10.6555167],[-68.1901546,-10.6609261]]]}},{"type":"Feature","id":"AC-Y219-X763","properties":{"id":"AC-Y219-X763","grid_x":763,"grid_y":219,"centroid":[-68.1779156,-10.6581895],"aggregation":"none","score_gradboost":0.8672736,"score_random_forest":0.8732445,"score_logistic_regression":0.6860536,"score_fuzzy_knn_k29":1.0},"geometry":{"type":"Polygon","coordinates":[[[-68.1819904,-10.6609048],[-68.1738263,-10.6608834],[-68.1738409,-10.6554741],[-68.1820049,-10.6554955],[-68.1819904,-10.6609048]]]}},{"type":"Feature","id":"AC-Y219-X764","properties":{"id":"AC-Y219-X764","grid_x":764,"grid_y":219,"centroid":[-68.1697515,-10.658168],"aggregation":"none","score_gradboost":0.9790259,"score_random_forest":0.9719779,"score_logistic_regression":0.7640641,"score_fuzzy_knn_k29":1.0},"geometry":{"type":"Polygon","coordinates":[[[-68.1738263,-10.6608834],[-68.1656621,-10.6608618],[-68.1656769,-10.6554525],[-68.1738409,-10.6554741],[-68.1738263,-10.6608834]]]}},{"type":"Feature","id":"AC-Y219-X765","properties":{"id":"AC-Y219-X765","grid_x":765,"grid_y":219,"centroid":[-68.1615875,-10.6581462],"aggregation":"none","score_gradboost":0.9243748,"score_random_forest":0.9780165,"score_logistic_regression":0.8266913,"score_fuzzy_knn_k29":1.0},"geometry":{"type":"Polygon","coordinates":[[[-68.1656621,-10.6608618],[-68.157498,-10.6608399],[-68.1575129,-10.6554306],[-68.1656769,-10.6554525],[-68.1656621,-10.6608618]]]}},{"type":"Feature","id":"AC-Y220-X763","properties":{"id":"AC-Y220-X763","grid_x":763,"grid_y":220,"centroid":[-68.1779301,-10.6527802],"aggregation":"none","score_gradboost":0.988789,"score_random_forest":0.9772891,"score_logistic_regression":0.7521553,"score_fuzzy_knn_k29":1.0},"geometry":{"type":"Polygon","coordinates":[[[-68.1820049,-10.6554955],[-68.1738409,-10.6554741],[-68.1738554,-10.6500648],[-68.1820193,-10.6500862],[-68.1820049,-10.6554955]]]}},{"type":"Feature","id":"AC-Y220-X764","properties":{"id":"AC-Y220-X764","grid_x":764,"grid_y":220,"centroid":[-68.1697662,-10.6527587],"aggregation":"none","score_gradboost":0.4762766,"score_random_forest":0.4203534,"score_logistic_regression":0.4833827,"score_fuzzy_knn_k29":0.5910297},"geometry":{"type":"Polygon","coordinates":[[[-68.1738409,-10.6554741],[-68.1656769,-10.6554525],[-68.1656916,-10.6500432],[-68.1738554,-10.6500648],[-68.1738409,-10.6554741]]]}},{"type":"Feature","id":"AC-Y221-X763","properties":{"id":"AC-Y221-X763","grid_x":763,"grid_y":221,"centroid":[-68.1779446,-10.6473709],"aggregation":"none","score_gradboost":0.9638964,"score_random_forest":0.9869102,"score_logistic_regression":0.7372559,"score_fuzzy_knn_k29":1.0},"geometry":{"type":"Polygon","coordinates":[[[-68.1820193,-10.6500862],[-68.1738554,-10.6500648],[-68.17387,-10.6446555],[-68.1820337,-10.6446769],[-68.1820193,-10.6500862]]]}},{"type":"Feature","id":"AC-Y221-X764","properties":{"id":"AC-Y221-X764","grid_x":764,"grid_y":221,"centroid":[-68.1697808,-10.6473494],"aggregation":"none","score_gradboost":0.8941024,"score_random_forest":0.9150314,"score_logistic_regression":0.6079174,"score_fuzzy_knn_k29":0.954328},"geometry":{"type":"Polygon","coordinates":[[[-68.1738554,-10.6500648],[-68.1656916,-10.6500432],[-68.1657063,-10.6446339],[-68.17387,-10.6446555],[-68.1738554,-10.6500648]]]}},{"type":"Feature","id":"AC-Y193-X750","properties":{"id":"AC-Y193-X750","grid_x":750,"grid_y":193,"centroid":[-68.2837192,-10.799095],"aggregation":"none","score_gradboost":0.90423,"score_random_forest":0.8223068,"score_logistic_regression":0.7395095,"score_fuzzy_knn_k29":0.6946049},"geometry":{"type":"Polygon","coordinates":[[[-68.2877969,-10.8018092],[-68.2796287,-10.8017902],[-68.2796416,-10.7963809],[-68.2878096,-10.7963998],[-68.2877969,-10.8018092]]]}},{"type":"Feature","id":"AC-Y193-X751","properties":{"id":"AC-Y193-X751","grid_x":751,"grid_y":193,"centroid":[-68.2755512,-10.799076],"aggregation":"none","score_gradboost":0.6770385,"score_random_forest":0.6124981,"score_logistic_regression":0.5929198,"score_fuzzy_knn_k29":0.3780756},"geometry":{"type":"Polygon","coordinates":[[[-68.2796287,-10.8017902],[-68.2714606,-10.8017711],[-68.2714737,-10.7963617],[-68.2796416,-10.7963809],[-68.2796287,-10.8017902]]]}},{"type":"Feature","id":"AC-Y193-X752","properties":{"id":"AC-Y193-X752","grid_x":752,"grid_y":193,"centroid":[-68.2673831,-10.7990568],"aggregation":"none","score_gradboost":0.7591216,"score_random_forest":0.7839735,"score_logistic_regression":0.6534403,"score_fuzzy_knn_k29":0.6824536},"geometry":{"type":"Polygon","coordinates":[[[-68.2714606,-10.8017711],[-68.2632925,-10.8017518],[-68.2633057,-10.7963424],[-68.2714737,-10.7963617],[-68.2714606,-10.8017711]]]}},{"type":"Feature","id":"AC-Y193-X753","properties":{"id":"AC-Y193-X753","grid_x":753,"grid_y":193,"centroid":[-68.2592151,-10.7990373],"aggregation":"none","score_gradboost":0.8884079,"score_random_forest":0.8101715,"score_logistic_regression":0.6589354,"score_fuzzy_knn_k29":0.8826897},"geometry":{"type":"Polygon","coordinates":[[[-68.2632925,-10.8017518],[-68.2551244,-10.8017322],[-68.2551377,-10.7963228],[-68.2633057,-10.7963424],[-68.2632925,-10.8017518]]]}},{"type":"Feature","id":"AC-Y193-X754","properties":{"id":"AC-Y193-X754","grid_x":754,"grid_y":193,"centroid":[-68.2510471,-10.7990176],"aggregation":"none","score_gradboost":0.8677621,"score_random_forest":0.8443164,"score_logistic_regression":0.6769124,"score_fuzzy_knn_k29":0.7750272},"geometry":{"type":"Polygon","coordinates":[[[-68.2551244,-10.8017322],[-68.2469563,-10.8017124],[-68.2469698,-10.7963031],[-68.2551377,-10.7963228],[-68.2551244,-10.8017322]]]}},{"type":"Feature","id":"AC-Y193-X755","properties":{"id":"AC-Y193-X755","grid_x":755,"grid_y":193,"centroid":[-68.2428791,-10.7989978],"aggregation":"none","score_gradboost":0.9500797,"score_random_forest":0.8477618,"score_logistic_regression":0.6145829,"score_fuzzy_knn_k29":0.7661872},"geometry":{"type":"Polygon","coordinates":[[[-68.2469563,-10.8017124],[-68.2387883,-10.8016924],[-68.2388019,-10.7962831],[-68.2469698,-10.7963031],[-68.2469563,-10.8017124]]]}},{"type":"Feature","id":"AC-Y194-X751","properties":{"id":"AC-Y194-X751","grid_x":751,"grid_y":194,"centroid":[-68.2755641,-10.7936666],"aggregation":"none","score_gradboost":0.7237504,"score_random_forest":0.7987905,"score_logistic_regression":0.6782507,"score_fuzzy_knn_k29":0.6352892},"geometry":{"type":"Polygon","coordinates":[[[-68.2796416,-10.7963809],[-68.2714737,-10.7963617],[-68.2714867,-10.7909523],[-68.2796545,-10.7909715],[-68.2796416,-10.7963809]]]}},{"type":"Feature","id":"AC-Y194-X752","properties":{"id":"AC-Y194-X752","grid_x":752,"grid_y":194,"centroid":[-68.2673962,-10.7936474],"aggregation":"none","score_gradboost":0.7800573,"score_random_forest":0.7814937,"score_logistic_regression":0.6941324,"score_fuzzy_knn_k29":0.7291117},"geometry":{"type":"Polygon","coordinates":[[[-68.2714737,-10.7963617],[-68.2633057,-10.7963424],[-68.2633189,-10.790933],[-68.2714867,-10.7909523],[-68.2714737,-10.7963617]]]}},{"type":"Feature","id":"AC-Y194-X753","properties":{"id":"AC-Y194-X753","grid_x":753,"grid_y":194,"centroid":[-68.2592283,-10.7936279],"aggregation":"none","score_gradboost":0.8444146,"score_random_forest":0.8067969,"score_logistic_regression":0.6396338,"score_fuzzy_knn_k29":0.5569662},"geometry":{"type":"Polygon","coordinates":[[[-68.2633057,-10.7963424],[-68.2551377,-10.7963228],[-68.2551511,-10.7909135],[-68.2633189,-10.790933],[-68.2633057,-10.7963424]]]}},{"type":"Feature","id":"AC-Y194-X754","properties":{"id":"AC-Y194-X754","grid_x":754,"grid_y":194,"centroid":[-68.2510605,-10.7936083],"aggregation":"none","score_gradboost":0.9633947,"score_random_forest":0.8535074,"score_logistic_regression":0.6230219,"score_fuzzy_knn_k29":0.8862997},"geometry":{"type":"Polygon","coordinates":[[[-68.2551377,-10.7963228],[-68.2469698,-10.7963031],[-68.2469833,-10.7908937],[-68.2551511,-10.7909135],[-68.2551377,-10.7963228]]]}},{"type":"Feature","id":"AC-Y194-X755","properties":{"id":"AC-Y194-X755","grid_x":755,"grid_y":194,"centroid":[-68.2428926,-10.7935884],"aggregation":"none","score_gradboost":0.9457589,"score_random_forest":0.898234,"score_logistic_regression":0.6326076,"score_fuzzy_knn_k29":0.8406317},"geometry":{"type":"Polygon","coordinates":[[[-68.2469698,-10.7963031],[-68.2388019,-10.7962831],[-68.2388155,-10.7908737],[-68.2469833,-10.7908937],[-68.2469698,-10.7963031]]]}},{"type":"Feature","id":"AC-Y194-X756","properties":{"id":"AC-Y194-X756","grid_x":756,"grid_y":194,"centroid":[-68.2347248,-10.7935683],"aggregation":"none","score_gradboost":0.8941569,"score_random_forest":0.76887,"score_logistic_regression":0.5790456,"score_fuzzy_knn_k29":0.6547401},"geometry":{"type":"Polygon","coordinates":[[[-68.2388019,-10.7962831],[-68.230634,-10.7962629],[-68.2306477,-10.7908535],[-68.2388155,-10.7908737],[-68.2388019,-10.7962831]]]}},{"type":"Feature","id":"AC-Y194-X757","properties":{"id":"AC-Y194-X757","grid_x":757,"grid_y":194,"centroid":[-68.2265569,-10.793548],"aggregation":"none","score_gradboost":0.6018842,"score_random_forest":0.70522,"score_logistic_regression":0.8133865,"score_fuzzy_knn_k29":0.6261995},"geometry":{"type":"Polygon","coordinates":[[[-68.230634,-10.7962629],[-68.2224661,-10.7962424],[-68.22248,-10.7908331],[-68.2306477,-10.7908535],[-68.230634,-10.7962629]]]}},{"type":"Feature","id":"AC-Y194-X758","properties":{"id":"AC-Y194-X758","grid_x":758,"grid_y":194,"centroid":[-68.2183891,-10.7935275],"aggregation":"none","score_gradboost":0.8772706,"score_random_forest":0.7973483,"score_logistic_regression":0.788627,"score_fuzzy_knn_k29":0.7939941},"geometry":{"type":"Polygon","coordinates":[[[-68.2224661,-10.7962424],[-68.2142982,-10.7962218],[-68.2143123,-10.7908125],[-68.22248,-10.7908331],[-68.2224661,-10.7962424]]]}},{"type":"Feature","id":"AC-Y195-X751","properties":{"id":"AC-Y195-X751","grid_x":751,"grid_y":195,"centroid":[-68.2755771,-10.7882572],"aggregation":"none","score_gradboost":0.7595757,"score_random_forest":0.8068152,"score_logistic_regression":0.6451032,"score_fuzzy_knn_k29":1.0},"geometry":{"type":"Polygon","coordinates":[[[-68.2796545,-10.7909715],[-68.2714867,-10.7909523],[-68.2714997,-10.785543],[-68.2796674,-10.7855621],[-68.2796545,-10.7909715]]]}},{"type":"Feature","id":"AC-Y195-X752","properties":{"id":"AC-Y195-X752","grid_x":752,"grid_y":195,"centroid":[-68.2674093,-10.788238],"aggregation":"none","score_gradboost":0.8238387,"score_random_forest":0.7831178,"score_logistic_regression":0.7118069,"score_fuzzy_knn_k29":1.0},"geometry":{"type":"Polygon","coordinates":[[[-68.2714867,-10.7909523],[-68.2633189,-10.790933],[-68.263332,-10.7855236],[-68.2714997,-10.785543],[-68.2714867,-10.7909523]]]}},{"type":"Feature","id":"AC-Y195-X753","properties":{"id":"AC-Y195-X753","grid_x":753,"grid_y":195,"centroid":[-68.2592416,-10.7882186],"aggregation":"none","score_gradboost":0.8911664,"score_random_forest":0.8632872,"score_logistic_regression":0.6461216,"score_fuzzy_knn_k29":0.7412457},"geometry":{"type":"Polygon","coordinates":[[[-68.2633189,-10.790933],[-68.2551511,-10.7909135],[-68.2551644,-10.7855041],[-68.263332,-10.7855236],[-68.2633189,-10.790933]]]}},{"type":"Feature","id":"AC-Y195-X754","properties":{"id":"AC-Y195-X754","grid_x":754,"grid_y":195,"centroid":[-68.2510738,-10.7881989],"aggregation":"none","score_gradboost":0.8927543,"score_random_forest":0.8816211,"score_logistic_regression":0.6950099,"score_fuzzy_knn_k29":0.7539788},"geometry":{"type":"Polygon","coordinates":[[[-68.2551511,-10.7909135],[-68.2469833,-10.7908937],[-68.2469967,-10.7854843],[-68.2551644,-10.7855041],[-68.2551511,-10.7909135]]]}},{"type":"Feature","id":"AC-Y195-X755","properties":{"id":"AC-Y195-X755","grid_x":755,"grid_y":195,"centroid":[-68.2429061,-10.7881791],"aggregation":"none","score_gradboost":0.9670094,"score_random_forest":0.951687,"score_logistic_regression":0.6409483,"score_fuzzy_knn_k29":0.9929613},"geometry":{"type":"Polygon","coordinates":[[[-68.2469833,-10.7908937],[-68.2388155,-10.7908737],[-68.2388291,-10.7854644],[-68.2469967,-10.7854843],[-68.2469833,-10.7908937]]]}},{"type":"Feature","id":"AC-Y195-X756","properties":{"id":"AC-Y195-X756","grid_x":756,"grid_y":195,"centroid":[-68.2347384,-10.788159],"aggregation":"none","score_gradboost":0.8128428,"score_random_forest":0.7523127,"score_logistic_regression":0.7796811,"score_fuzzy_knn_k29":0.8777151},"geometry":{"type":"Polygon","coordinates":[[[-68.2388155,-10.7908737],[-68.2306477,-10.7908535],[-68.2306615,-10.7854442],[-68.2388291,-10.7854644],[-68.2388155,-10.7908737]]]}},{"type":"Feature","id":"AC-Y195-X757","properties":{"id":"AC-Y195-X757","grid_x":757,"grid_y":195,"centroid":[-68.2265708,-10.7881387],"aggregation":"none","score_gradboost":0.7005982,"score_random_forest":0.6504419,"score_logistic_regression":0.8249983,"score_fuzzy_knn_k29":0.3099363},"geometry":{"type":"Polygon","coordinates":[[[-68.2306477,-10.7908535],[-68.22248,-10.7908331],[-68.2224939,-10.7854238],[-68.2306615,-10.7854442],[-68.2306477,-10.7908535]]]}},{"type":"Feature","id":"AC-Y195-X758","properties":{"id":"AC-Y195-X758","grid_x":758,"grid_y":195,"centroid":[-68.2184031,-10.7881182],"aggregation":"none","score_gradboost":0.489263,"score_random_forest":0.6182093,"score_logistic_regression":0.8193219,"score_fuzzy_knn_k29":0.391477},"geometry":{"type":"Polygon","coordinates":[[[-68.22248,-10.7908331],[-68.2143123,-10.7908125],[-68.2143263,-10.7854032],[-68.2224939,-10.7854238],[-68.22248,-10.7908331]]]}},{"type":"Feature","id":"AC-Y195-X759","properties":{"id":"AC-Y195-X759","grid_x":759,"grid_y":195,"centroid":[-68.2102355,-10.7880974],"aggregation":"none","score_gradboost":0.4822551,"score_random_forest":0.5999572,"score_logistic_regression":0.8075565,"score_fuzzy_knn_k29":0.6414644},"geometry":{"type":"Polygon","coordinates":[[[-68.2143123,-10.7908125],[-68.2061446,-10.7907916],[-68.2061587,-10.7853823],[-68.2143263,-10.7854032],[-68.2143123,-10.7908125]]]}},{"type":"Feature","id":"AC-Y196-X751","properties":{"id":"AC-Y196-X751","grid_x":751,"grid_y":196,"centroid":[-68.27559,-10.7828478],"aggregation":"none","score_gradboost":0.685718,"score_random_forest":0.7755101,"score_logistic_regression":0.6584201,"score_fuzzy_knn_k29":0.735719},"geometry":{"type":"Polygon","coordinates":[[[-68.2796674,-10.7855621],[-68.2714997,-10.785543],[-68.2715127,-10.7801336],[-68.2796803,-10.7801527],[-68.2796674,-10.7855621]]]}},{"type":"Feature","id":"AC-Y196-X752","properties":{"id":"AC-Y196-X752","grid_x":752,"grid_y":196,"centroid":[-68.2674224,-10.7828286],"aggregation":"none","score_gradboost":0.8592883,"score_random_forest":0.7660553,"score_logistic_regression":0.7710568,"score_fuzzy_knn_k29":0.7415031},"geometry":{"type":"Polygon","coordinates":[[[-68.2714997,-10.785543],[-68.263332,-10.7855236],[-68.2633452,-10.7801143],[-68.2715127,-10.7801336],[-68.2714997,-10.785543]]]}},{"type":"Feature","id":"AC-Y196-X753","properties":{"id":"AC-Y196-X753","grid_x":753,"grid_y":196,"centroid":[-68.2592548,-10.7828092],"aggregation":"none","score_gradboost":0.7195329,"score_random_forest":0.7855657,"score_logistic_regression":0.7143348,"score_fuzzy_knn_k29":0.8589037},"geometry":{"type":"Polygon","coordinates":[[[-68.263332,-10.7855236],[-68.2551644,-10.7855041],[-68.2551777,-10.7800947],[-68.2633452,-10.7801143],[-68.263332,-10.7855236]]]}},{"type":"Feature","id":"AC-Y196-X754","properties":{"id":"AC-Y196-X754","grid_x":754,"grid_y":196,"centroid":[-68.2510872,-10.7827896],"aggregation":"none","score_gradboost":0.8280018,"score_random_forest":0.7900178,"score_logistic_regression":0.7391477,"score_fuzzy_knn_k29":0.9596962},"geometry":{"type":"Polygon","coordinates":[[[-68.2551644,-10.7855041],[-68.2469967,-10.7854843],[-68.2470102,-10.780075],[-68.2551777,-10.7800947],[-68.2551644,-10.7855041]]]}},{"type":"Feature","id":"AC-Y196-X755","properties":{"id":"AC-Y196-X755","grid_x":755,"grid_y":196,"centroid":[-68.2429197,-10.7827697],"aggregation":"none","score_gradboost":0.8680774,"score_random_forest":0.7496285,"score_logistic_regression":0.7925375,"score_fuzzy_knn_k29":0.6700492},"geometry":{"type":"Polygon","coordinates":[[[-68.2469967,-10.7854843],[-68.2388291,-10.7854644],[-68.2388427,-10.780055],[-68.2470102,-10.780075],[-68.2469967,-10.7854843]]]}},{"type":"Feature","id":"AC-Y196-X756","properties":{"id":"AC-Y196-X756","grid_x":756,"grid_y":196,"centroid":[-68.2347521,-10.7827496],"aggregation":"none","score_gradboost":0.8561709,"score_random_forest":0.6826314,"score_logistic_regression":0.794675,"score_fuzzy_knn_k29":0.8764398},"geometry":{"type":"Polygon","coordinates":[[[-68.2388291,-10.7854644],[-68.2306615,-10.7854442],[-68.2306752,-10.7800349],[-68.2388427,-10.780055],[-68.2388291,-10.7854644]]]}},{"type":"Feature","id":"AC-Y196-X757","properties":{"id":"AC-Y196-X757","grid_x":757,"grid_y":196,"centroid":[-68.2265846,-10.7827294],"aggregation":"none","score_gradboost":0.784002,"score_random_forest":0.8210435,"score_logistic_regression":0.7716118,"score_fuzzy_knn_k29":0.9518477},"geometry":{"type":"Polygon","coordinates":[[[-68.2306615,-10.7854442],[-68.2224939,-10.7854238],[-68.2225078,-10.7800145],[-68.2306752,-10.7800349],[-68.2306615,-10.7854442]]]}},{"type":"Feature","id":"AC-Y196-X758","properties":{"id":"AC-Y196-X758","grid_x":758,"grid_y":196,"centroid":[-68.2184171,-10.7827088],"aggregation":"none","score_gradboost":0.3736302,"score_random_forest":0.5879238,"score_logistic_regression":0.8190382,"score_fuzzy_knn_k29":0.693868},"geometry":{"type":"Polygon","coordinates":[[[-68.2224939,-10.7854238],[-68.2143263,-10.7854032],[-68.2143403,-10.7799939],[-68.2225078,-10.7800145],[-68.2224939,-10.7854238]]]}},{"type":"Feature","id":"AC-Y197-X751","properties":{"id":"AC-Y197-X751","grid_x":751,"grid_y":197,"centroid":[-68.275603,-10.7774385],"aggregation":"none","score_gradboost":0.7552654,"score_random_forest":0.782022,"score_logistic_regression":0.6919267,"score_fuzzy_knn_k29":0.8149054},"geometry":{"type":"Polygon","coordinates":[[[-68.2796803,-10.7801527],[-68.2715127,-10.7801336],[-68.2715257,-10.7747242],[-68.2796931,-10.7747433],[-68.2796803,-10.7801527]]]}},{"type":"Feature","id":"AC-Y197-X752","properties":{"id":"AC-Y197-X752","grid_x":752,"grid_y":197,"centroid":[-68.2674355,-10.7774193],"aggregation":"none","score_gradboost":0.8737029,"score_random_forest":0.8125001,"score_logistic_regression":0.7343302,"score_fuzzy_knn_k29":0.8049159},"geometry":{"type":"Polygon","coordinates":[[[-68.2715127,-10.7801336],[-68.2633452,-10.7801143],[-68.2633583,-10.7747049],[-68.2715257,-10.7747242],[-68.2715127,-10.7801336]]]}},{"type":"Feature","id":"AC-Y197-X753","properties":{"id":"AC-Y197-X753","grid_x":753,"grid_y":197,"centroid":[-68.259268,-10.7773998],"aggregation":"none","score_gradboost":0.8080657,"score_random_forest":0.7897867,"score_logistic_regression":0.7296893,"score_fuzzy_knn_k29":0.9037623},"geometry":{"type":"Polygon","coordinates":[[[-68.2633452,-10.7801143],[-68.2551777,-10.7800947],[-68.255191,-10.7746854],[-68.2633583,-10.7747049],[-68.2633452,-10.7801143]]]}},{"type":"Feature","id":"AC-Y197-X754","properties":{"id":"AC-Y197-X754","grid_x":754,"grid_y":197,"centroid":[-68.2511006,-10.7773802],"aggregation":"none","score_gradboost":0.8768832,"score_random_forest":0.8871036,"score_logistic_regression":0.8262523,"score_fuzzy_knn_k29":0.8718314},"geometry":{"type":"Polygon","coordinates":[[[-68.2551777,-10.7800947],[-68.2470102,-10.780075],[-68.2470236,-10.7746656],[-68.255191,-10.7746854],[-68.2551777,-10.7800947]]]}},{"type":"Feature","id":"AC-Y197-X755","properties":{"id":"AC-Y197-X755","grid_x":755,"grid_y":197,"centroid":[-68.2429332,-10.7773604],"aggregation":"none","score_gradboost":0.8205008,"score_random_forest":0.7851864,"score_logistic_regression":0.7713251,"score_fuzzy_knn_k29":0.5597414},"geometry":{"type":"Polygon","coordinates":[[[-68.2470102,-10.780075],[-68.2388427,-10.780055],[-68.2388563,-10.7746457],[-68.2470236,-10.7746656],[-68.2470102,-10.780075]]]}},{"type":"Feature","id":"AC-Y197-X756","properties":{"id":"AC-Y197-X756","grid_x":756,"grid_y":197,"centroid":[-68.2347658,-10.7773403],"aggregation":"none","score_gradboost":0.497395,"score_random_forest":0.610666,"score_logistic_regression":0.8080743,"score_fuzzy_knn_k29":0.540438},"geometry":{"type":"Polygon","coordinates":[[[-68.2388427,-10.780055],[-68.2306752,-10.7800349],[-68.230689,-10.7746255],[-68.2388563,-10.7746457],[-68.2388427,-10.780055]]]}},{"type":"Feature","id":"AC-Y197-X757","properties":{"id":"AC-Y197-X757","grid_x":757,"grid_y":197,"centroid":[-68.2265984,-10.77732],"aggregation":"none","score_gradboost":0.7222037,"score_random_forest":0.7180595,"score_logistic_regression":0.7758805,"score_fuzzy_knn_k29":0.7676088},"geometry":{"type":"Polygon","coordinates":[[[-68.2306752,-10.7800349],[-68.2225078,-10.7800145],[-68.2225217,-10.7746051],[-68.230689,-10.7746255],[-68.2306752,-10.7800349]]]}},{"type":"Feature","id":"AC-Y197-X758","properties":{"id":"AC-Y197-X758","grid_x":758,"grid_y":197,"centroid":[-68.218431,-10.7772995],"aggregation":"none","score_gradboost":0.8331269,"score_random_forest":0.7999875,"score_logistic_regression":0.809165,"score_fuzzy_knn_k29":0.7320304},"geometry":{"type":"Polygon","coordinates":[[[-68.2225078,-10.7800145],[-68.2143403,-10.7799939],[-68.2143544,-10.7745845],[-68.2225217,-10.7746051],[-68.2225078,-10.7800145]]]}},{"type":"Feature","id":"AC-Y197-X759","properties":{"id":"AC-Y197-X759","grid_x":759,"grid_y":197,"centroid":[-68.2102637,-10.7772788],"aggregation":"none","score_gradboost":0.8973359,"score_random_forest":0.8775657,"score_logistic_regression":0.8180136,"score_fuzzy_knn_k29":0.9591184},"geometry":{"type":"Polygon","coordinates":[[[-68.2143403,-10.7799939],[-68.2061729,-10.779973],[-68.2061871,-10.7745637],[-68.2143544,-10.7745845],[-68.2143403,-10.7799939]]]}},{"type":"Feature","id":"AC-Y198-X750","properties":{"id":"AC-Y198-X750","grid_x":750,"grid_y":198,"centroid":[-68.2837832,-10.772048],"aggregation":"none","score_gradboost":0.6370261,"score_random_forest":0.6329939,"score_logistic_regression":0.5664635,"score_fuzzy_knn_k29":0.5325339},"geometry":{"type":"Polygon","coordinates":[[[-68.2878605,-10.7747621],[-68.2796931,-10.7747433],[-68.279706,-10.7693339],[-68.2878732,-10.7693527],[-68.2878605,-10.7747621]]]}},{"type":"Feature","id":"AC-Y198-X751","properties":{"id":"AC-Y198-X751","grid_x":751,"grid_y":198,"centroid":[-68.2756159,-10.7720291],"aggregation":"none","score_gradboost":0.7889925,"score_random_forest":0.7383545,"score_logistic_regression":0.6435187,"score_fuzzy_knn_k29":0.8162089},"geometry":{"type":"Polygon","coordinates":[[[-68.2796931,-10.7747433],[-68.2715257,-10.7747242],[-68.2715387,-10.7693148],[-68.279706,-10.7693339],[-68.2796931,-10.7747433]]]}},{"type":"Feature","id":"AC-Y198-X752","properties":{"id":"AC-Y198-X752","grid_x":752,"grid_y":198,"centroid":[-68.2674486,-10.7720099],"aggregation":"none","score_gradboost":0.8620993,"score_random_forest":0.7870694,"score_logistic_regression":0.6974594,"score_fuzzy_knn_k29":0.8183437},"geometry":{"type":"Polygon","coordinates":[[[-68.2715257,-10.7747242],[-68.2633583,-10.7747049],[-68.2633715,-10.7692955],[-68.2715387,-10.7693148],[-68.2715257,-10.7747242]]]}},{"type":"Feature","id":"AC-Y198-X753","properties":{"id":"AC-Y198-X753","grid_x":753,"grid_y":198,"centroid":[-68.2592813,-10.7719905],"aggregation":"none","score_gradboost":0.8094211,"score_random_forest":0.7814018,"score_logistic_regression":0.750354,"score_fuzzy_knn_k29":0.6035456},"geometry":{"type":"Polygon","coordinates":[[[-68.2633583,-10.7747049],[-68.255191,-10.7746854],[-68.2552043,-10.769276],[-68.2633715,-10.7692955],[-68.2633583,-10.7747049]]]}},{"type":"Feature","id":"AC-Y198-X754","properties":{"id":"AC-Y198-X754","grid_x":754,"grid_y":198,"centroid":[-68.251114,-10.7719708],"aggregation":"none","score_gradboost":0.8875209,"score_random_forest":0.8783898,"score_logistic_regression":0.8306028,"score_fuzzy_knn_k29":0.8791544},"geometry":{"type":"Polygon","coordinates":[[[-68.255191,-10.7746854],[-68.2470236,-10.7746656],[-68.2470371,-10.7692563],[-68.2552043,-10.769276],[-68.255191,-10.7746854]]]}},{"type":"Feature","id":"AC-Y198-X755","properties":{"id":"AC-Y198-X755","grid_x":755,"grid_y":198,"centroid":[-68.2429467,-10.771951],"aggregation":"none","score_gradboost":0.9095429,"score_random_forest":0.9047957,"score_logistic_regression":0.783189,"score_fuzzy_knn_k29":0.7675438},"geometry":{"type":"Polygon","coordinates":[[[-68.2470236,-10.7746656],[-68.2388563,-10.7746457],[-68.2388699,-10.7692363],[-68.2470371,-10.7692563],[-68.2470236,-10.7746656]]]}},{"type":"Feature","id":"AC-Y198-X756","properties":{"id":"AC-Y198-X756","grid_x":756,"grid_y":198,"centroid":[-68.2347794,-10.771931],"aggregation":"none","score_gradboost":0.4914167,"score_random_forest":0.6245193,"score_logistic_regression":0.8028646,"score_fuzzy_knn_k29":0.6247559},"geometry":{"type":"Polygon","coordinates":[[[-68.2388563,-10.7746457],[-68.230689,-10.7746255],[-68.2307027,-10.7692162],[-68.2388699,-10.7692363],[-68.2388563,-10.7746457]]]}},{"type":"Feature","id":"AC-Y198-X757","properties":{"id":"AC-Y198-X757","grid_x":757,"grid_y":198,"centroid":[-68.2266122,-10.7719107],"aggregation":"none","score_gradboost":0.7724035,"score_random_forest":0.7512942,"score_logistic_regression":0.7855412,"score_fuzzy_knn_k29":0.9545812},"geometry":{"type":"Polygon","coordinates":[[[-68.230689,-10.7746255],[-68.2225217,-10.7746051],[-68.2225355,-10.7691958],[-68.2307027,-10.7692162],[-68.230689,-10.7746255]]]}},{"type":"Feature","id":"AC-Y198-X758","properties":{"id":"AC-Y198-X758","grid_x":758,"grid_y":198,"centroid":[-68.218445,-10.7718902],"aggregation":"none","score_gradboost":0.8452239,"score_random_forest":0.7676587,"score_logistic_regression":0.5978534,"score_fuzzy_knn_k29":0.9332683},"geometry":{"type":"Polygon","coordinates":[[[-68.2225217,-10.7746051],[-68.2143544,-10.7745845],[-68.2143684,-10.7691752],[-68.2225355,-10.7691958],[-68.2225217,-10.7746051]]]}},{"type":"Feature","id":"AC-Y198-X759","properties":{"id":"AC-Y198-X759","grid_x":759,"grid_y":198,"centroid":[-68.2102778,-10.7718695],"aggregation":"none","score_gradboost":0.8310269,"score_random_forest":0.8639873,"score_logistic_regression":0.85465,"score_fuzzy_knn_k29":0.9129328},"geometry":{"type":"Polygon","coordinates":[[[-68.2143544,-10.7745845],[-68.2061871,-10.7745637],[-68.2062013,-10.7691544],[-68.2143684,-10.7691752],[-68.2143544,-10.7745845]]]}},{"type":"Feature","id":"AC-Y199-X750","properties":{"id":"AC-Y199-X750","grid_x":750,"grid_y":199,"centroid":[-68.283796,-10.7666386],"aggregation":"none","score_gradboost":0.558951,"score_random_forest":0.4634754,"score_logistic_regression":0.6734477,"score_fuzzy_knn_k29":0.3446308},"geometry":{"type":"Polygon","coordinates":[[[-68.2878732,-10.7693527],[-68.279706,-10.7693339],[-68.2797188,-10.7639245],[-68.287886,-10.7639433],[-68.2878732,-10.7693527]]]}},{"type":"Feature","id":"AC-Y199-X751","properties":{"id":"AC-Y199-X751","grid_x":751,"grid_y":199,"centroid":[-68.2756288,-10.7666197],"aggregation":"none","score_gradboost":0.5719583,"score_random_forest":0.5808672,"score_logistic_regression":0.6933851,"score_fuzzy_knn_k29":0.8015201},"geometry":{"type":"Polygon","coordinates":[[[-68.279706,-10.7693339],[-68.2715387,-10.7693148],[-68.2715517,-10.7639054],[-68.2797188,-10.7639245],[-68.279706,-10.7693339]]]}},{"type":"Feature","id":"AC-Y199-X752","properties":{"id":"AC-Y199-X752","grid_x":752,"grid_y":199,"centroid":[-68.2674616,-10.7666005],"aggregation":"none","score_gradboost":0.7292042,"score_random_forest":0.7816499,"score_logistic_regression":0.6954173,"score_fuzzy_knn_k29":0.7170212},"geometry":{"type":"Polygon","coordinates":[[[-68.2715387,-10.7693148],[-68.2633715,-10.7692955],[-68.2633846,-10.7638861],[-68.2715517,-10.7639054],[-68.2715387,-10.7693148]]]}},{"type":"Feature","id":"AC-Y199-X753","properties":{"id":"AC-Y199-X753","grid_x":753,"grid_y":199,"centroid":[-68.2592945,-10.7665811],"aggregation":"none","score_gradboost":0.8279166,"score_random_forest":0.7612508,"score_logistic_regression":0.7369653,"score_fuzzy_knn_k29":0.5338411},"geometry":{"type":"Polygon","coordinates":[[[-68.2633715,-10.7692955],[-68.2552043,-10.769276],[-68.2552176,-10.7638666],[-68.2633846,-10.7638861],[-68.2633715,-10.7692955]]]}},{"type":"Feature","id":"AC-Y199-X754","properties":{"id":"AC-Y199-X754","grid_x":754,"grid_y":199,"centroid":[-68.2511273,-10.7665615],"aggregation":"none","score_gradboost":0.7540792,"score_random_forest":0.8416658,"score_logistic_regression":0.8182438,"score_fuzzy_knn_k29":0.6627832},"geometry":{"type":"Polygon","coordinates":[[[-68.2552043,-10.769276],[-68.2470371,-10.7692563],[-68.2470505,-10.7638469],[-68.2552176,-10.7638666],[-68.2552043,-10.769276]]]}},{"type":"Feature","id":"AC-Y199-X755","properties":{"id":"AC-Y199-X755","grid_x":755,"grid_y":199,"centroid":[-68.2429602,-10.7665416],"aggregation":"none","score_gradboost":0.8628366,"score_random_forest":0.8934294,"score_logistic_regression":0.7278972,"score_fuzzy_knn_k29":0.8559961},"geometry":{"type":"Polygon","coordinates":[[[-68.2470371,-10.7692563],[-68.2388699,-10.7692363],[-68.2388834,-10.763827],[-68.2470505,-10.7638469],[-68.2470371,-10.7692563]]]}},{"type":"Feature","id":"AC-Y199-X756","properties":{"id":"AC-Y199-X756","grid_x":756,"grid_y":199,"centroid":[-68.2347931,-10.7665216],"aggregation":"none","score_gradboost":0.9317908,"score_random_forest":0.9291916,"score_logistic_regression":0.7803533,"score_fuzzy_knn_k29":0.9184828},"geometry":{"type":"Polygon","coordinates":[[[-68.2388699,-10.7692363],[-68.2307027,-10.7692162],[-68.2307164,-10.7638068],[-68.2388834,-10.763827],[-68.2388699,-10.7692363]]]}},{"type":"Feature","id":"AC-Y199-X757","properties":{"id":"AC-Y199-X757","grid_x":757,"grid_y":199,"centroid":[-68.226626,-10.7665014],"aggregation":"none","score_gradboost":0.5671119,"score_random_forest":0.7387534,"score_logistic_regression":0.8332733,"score_fuzzy_knn_k29":0.7991218},"geometry":{"type":"Polygon","coordinates":[[[-68.2307027,-10.7692162],[-68.2225355,-10.7691958],[-68.2225494,-10.7637865],[-68.2307164,-10.7638068],[-68.2307027,-10.7692162]]]}},{"type":"Feature","id":"AC-Y199-X758","properties":{"id":"AC-Y199-X758","grid_x":758,"grid_y":199,"centroid":[-68.2184589,-10.7664809],"aggregation":"none","score_gradboost":0.807075,"score_random_forest":0.8531212,"score_logistic_regression":0.6381938,"score_fuzzy_knn_k29":0.8261404},"geometry":{"type":"Polygon","coordinates":[[[-68.2225355,-10.7691958],[-68.2143684,-10.7691752],[-68.2143824,-10.7637659],[-68.2225494,-10.7637865],[-68.2225355,-10.7691958]]]}},{"type":"Feature","id":"AC-Y199-X759","properties":{"id":"AC-Y199-X759","grid_x":759,"grid_y":199,"centroid":[-68.2102919,-10.7664602],"aggregation":"none","score_gradboost":0.6509213,"score_random_forest":0.6632387,"score_logistic_regression":0.8388775,"score_fuzzy_knn_k29":0.4680377},"geometry":{"type":"Polygon","coordinates":[[[-68.2143684,-10.7691752],[-68.2062013,-10.7691544],[-68.2062154,-10.7637451],[-68.2143824,-10.7637659],[-68.2143684,-10.7691752]]]}},{"type":"Feature","id":"AC-Y200-X750","properties":{"id":"AC-Y200-X750","grid_x":750,"grid_y":200,"centroid":[-68.2838088,-10.7612292],"aggregation":"none","score_gradboost":0.5674198,"score_random_forest":0.4714004,"score_logistic_regression":0.6175151,"score_fuzzy_knn_k29":0.8756626},"geometry":{"type":"Polygon","coordinates":[[[-68.287886,-10.7639433],[-68.2797188,-10.7639245],[-68.2797317,-10.7585151],[-68.2878986,-10.7585339],[-68.287886,-10.7639433]]]}},{"type":"Feature","id":"AC-Y200-X751","properties":{"id":"AC-Y200-X751","grid_x":751,"grid_y":200,"centroid":[-68.2756417,-10.7612103],"aggregation":"none","score_gradboost":0.5714336,"score_random_forest":0.5439222,"score_logistic_regression":0.6348496,"score_fuzzy_knn_k29":0.8754503},"geometry":{"type":"Polygon","coordinates":[[[-68.2797188,-10.7639245],[-68.2715517,-10.7639054],[-68.2715647,-10.758496],[-68.2797317,-10.7585151],[-68.2797188,-10.7639245]]]}},{"type":"Feature","id":"AC-Y200-X752","properties":{"id":"AC-Y200-X752","grid_x":752,"grid_y":200,"centroid":[-68.2674747,-10.7611911],"aggregation":"none","score_gradboost":0.7642795,"score_random_forest":0.7937959,"score_logistic_regression":0.6848121,"score_fuzzy_knn_k29":0.6692265},"geometry":{"type":"Polygon","coordinates":[[[-68.2715517,-10.7639054],[-68.2633846,-10.7638861],[-68.2633978,-10.7584767],[-68.2715647,-10.758496],[-68.2715517,-10.7639054]]]}},{"type":"Feature","id":"AC-Y200-X753","properties":{"id":"AC-Y200-X753","grid_x":753,"grid_y":200,"centroid":[-68.2593077,-10.7611717],"aggregation":"none","score_gradboost":0.8651671,"score_random_forest":0.8093901,"score_logistic_regression":0.7270697,"score_fuzzy_knn_k29":0.5649661},"geometry":{"type":"Polygon","coordinates":[[[-68.2633846,-10.7638861],[-68.2552176,-10.7638666],[-68.2552308,-10.7584572],[-68.2633978,-10.7584767],[-68.2633846,-10.7638861]]]}},{"type":"Feature","id":"AC-Y200-X754","properties":{"id":"AC-Y200-X754","grid_x":754,"grid_y":200,"centroid":[-68.2511407,-10.7611521],"aggregation":"none","score_gradboost":0.9059971,"score_random_forest":0.9347884,"score_logistic_regression":0.740125,"score_fuzzy_knn_k29":0.9303146},"geometry":{"type":"Polygon","coordinates":[[[-68.2552176,-10.7638666],[-68.2470505,-10.7638469],[-68.2470639,-10.7584375],[-68.2552308,-10.7584572],[-68.2552176,-10.7638666]]]}},{"type":"Feature","id":"AC-Y200-X755","properties":{"id":"AC-Y200-X755","grid_x":755,"grid_y":200,"centroid":[-68.2429737,-10.7611323],"aggregation":"none","score_gradboost":0.9052091,"score_random_forest":0.8390897,"score_logistic_regression":0.6057031,"score_fuzzy_knn_k29":0.8133244},"geometry":{"type":"Polygon","coordinates":[[[-68.2470505,-10.7638469],[-68.2388834,-10.763827],[-68.238897,-10.7584176],[-68.2470639,-10.7584375],[-68.2470505,-10.7638469]]]}},{"type":"Feature","id":"AC-Y200-X756","properties":{"id":"AC-Y200-X756","grid_x":756,"grid_y":200,"centroid":[-68.2348067,-10.7611123],"aggregation":"none","score_gradboost":0.8987771,"score_random_forest":0.8596584,"score_logistic_regression":0.6074305,"score_fuzzy_knn_k29":0.8358807},"geometry":{"type":"Polygon","coordinates":[[[-68.2388834,-10.763827],[-68.2307164,-10.7638068],[-68.2307301,-10.7583975],[-68.238897,-10.7584176],[-68.2388834,-10.763827]]]}},{"type":"Feature","id":"AC-Y200-X757","properties":{"id":"AC-Y200-X757","grid_x":757,"grid_y":200,"centroid":[-68.2266398,-10.761092],"aggregation":"none","score_gradboost":0.7522219,"score_random_forest":0.847811,"score_logistic_regression":0.6683336,"score_fuzzy_knn_k29":0.8637705},"geometry":{"type":"Polygon","coordinates":[[[-68.2307164,-10.7638068],[-68.2225494,-10.7637865],[-68.2225633,-10.7583771],[-68.2307301,-10.7583975],[-68.2307164,-10.7638068]]]}},{"type":"Feature","id":"AC-Y200-X758","properties":{"id":"AC-Y200-X758","grid_x":758,"grid_y":200,"centroid":[-68.2184729,-10.7610716],"aggregation":"none","score_gradboost":0.8903025,"score_random_forest":0.8860708,"score_logistic_regression":0.7833877,"score_fuzzy_knn_k29":0.9357519},"geometry":{"type":"Polygon","coordinates":[[[-68.2225494,-10.7637865],[-68.2143824,-10.7637659],[-68.2143964,-10.7583566],[-68.2225633,-10.7583771],[-68.2225494,-10.7637865]]]}},{"type":"Feature","id":"AC-Y201-X750","properties":{"id":"AC-Y201-X750","grid_x":750,"grid_y":201,"centroid":[-68.2838215,-10.7558198],"aggregation":"none","score_gradboost":0.5251976,"score_random_forest":0.528046,"score_logistic_regression":0.6041394,"score_fuzzy_knn_k29":0.9295479},"geometry":{"type":"Polygon","coordinates":[[[-68.2878986,-10.7585339],[-68.2797317,-10.7585151],[-68.2797445,-10.7531057],[-68.2879113,-10.7531245],[-68.2878986,-10.7585339]]]}},{"type":"Feature","id":"AC-Y201-X751","properties":{"id":"AC-Y201-X751","grid_x":751,"grid_y":201,"centroid":[-68.2756546,-10.7558009],"aggregation":"none","score_gradboost":0.694823,"score_random_forest":0.6432752,"score_logistic_regression":0.7504572,"score_fuzzy_knn_k29":0.769839},"geometry":{"type":"Polygon","coordinates":[[[-68.2797317,-10.7585151],[-68.2715647,-10.758496],[-68.2715777,-10.7530866],[-68.2797445,-10.7531057],[-68.2797317,-10.7585151]]]}},{"type":"Feature","id":"AC-Y201-X752","properties":{"id":"AC-Y201-X752","grid_x":752,"grid_y":201,"centroid":[-68.2674878,-10.7557817],"aggregation":"none","score_gradboost":0.7585768,"score_random_forest":0.7371849,"score_logistic_regression":0.6568424,"score_fuzzy_knn_k29":0.7355131},"geometry":{"type":"Polygon","coordinates":[[[-68.2715647,-10.758496],[-68.2633978,-10.7584767],[-68.2634109,-10.7530674],[-68.2715777,-10.7530866],[-68.2715647,-10.758496]]]}},{"type":"Feature","id":"AC-Y201-X753","properties":{"id":"AC-Y201-X753","grid_x":753,"grid_y":201,"centroid":[-68.2593209,-10.7557623],"aggregation":"none","score_gradboost":0.8043105,"score_random_forest":0.781219,"score_logistic_regression":0.6966811,"score_fuzzy_knn_k29":0.6209852},"geometry":{"type":"Polygon","coordinates":[[[-68.2633978,-10.7584767],[-68.2552308,-10.7584572],[-68.2552441,-10.7530479],[-68.2634109,-10.7530674],[-68.2633978,-10.7584767]]]}},{"type":"Feature","id":"AC-Y201-X754","properties":{"id":"AC-Y201-X754","grid_x":754,"grid_y":201,"centroid":[-68.251154,-10.7557427],"aggregation":"none","score_gradboost":0.8978413,"score_random_forest":0.7709346,"score_logistic_regression":0.6982678,"score_fuzzy_knn_k29":0.8401801},"geometry":{"type":"Polygon","coordinates":[[[-68.2552308,-10.7584572],[-68.2470639,-10.7584375],[-68.2470773,-10.7530282],[-68.2552441,-10.7530479],[-68.2552308,-10.7584572]]]}},{"type":"Feature","id":"AC-Y201-X755","properties":{"id":"AC-Y201-X755","grid_x":755,"grid_y":201,"centroid":[-68.2429872,-10.7557229],"aggregation":"none","score_gradboost":0.8321261,"score_random_forest":0.8140001,"score_logistic_regression":0.6429586,"score_fuzzy_knn_k29":0.7885991},"geometry":{"type":"Polygon","coordinates":[[[-68.2470639,-10.7584375],[-68.238897,-10.7584176],[-68.2389106,-10.7530083],[-68.2470773,-10.7530282],[-68.2470639,-10.7584375]]]}},{"type":"Feature","id":"AC-Y201-X756","properties":{"id":"AC-Y201-X756","grid_x":756,"grid_y":201,"centroid":[-68.2348204,-10.7557029],"aggregation":"none","score_gradboost":0.7293134,"score_random_forest":0.7750971,"score_logistic_regression":0.639343,"score_fuzzy_knn_k29":0.7779031},"geometry":{"type":"Polygon","coordinates":[[[-68.238897,-10.7584176],[-68.2307301,-10.7583975],[-68.2307438,-10.7529881],[-68.2389106,-10.7530083],[-68.238897,-10.7584176]]]}},{"type":"Feature","id":"AC-Y201-X757","properties":{"id":"AC-Y201-X757","grid_x":757,"grid_y":201,"centroid":[-68.2266536,-10.7556827],"aggregation":"none","score_gradboost":0.8042421,"score_random_forest":0.8701813,"score_logistic_regression":0.8105916,"score_fuzzy_knn_k29":0.8000644},"geometry":{"type":"Polygon","coordinates":[[[-68.2307301,-10.7583975],[-68.2225633,-10.7583771],[-68.2225771,-10.7529678],[-68.2307438,-10.7529881],[-68.2307301,-10.7583975]]]}},{"type":"Feature","id":"AC-Y201-X758","properties":{"id":"AC-Y201-X758","grid_x":758,"grid_y":201,"centroid":[-68.2184868,-10.7556622],"aggregation":"none","score_gradboost":0.8333985,"score_random_forest":0.8824274,"score_logistic_regression":0.8193094,"score_fuzzy_knn_k29":0.8740071},"geometry":{"type":"Polygon","coordinates":[[[-68.2225633,-10.7583771],[-68.2143964,-10.7583566],[-68.2144104,-10.7529473],[-68.2225771,-10.7529678],[-68.2225633,-10.7583771]]]}},{"type":"Feature","id":"AC-Y202-X749","properties":{"id":"AC-Y202-X749","grid_x":749,"grid_y":202,"centroid":[-68.2920011,-10.7504291],"aggregation":"none","score_gradboost":0.6822777,"score_random_forest":0.6781085,"score_logistic_regression":0.5300845,"score_fuzzy_knn_k29":0.7547357},"geometry":{"type":"Polygon","coordinates":[[[-68.2960782,-10.7531431],[-68.2879113,-10.7531245],[-68.287924,-10.7477151],[-68.2960907,-10.7477337],[-68.2960782,-10.7531431]]]}},{"type":"Feature","id":"AC-Y202-X750","properties":{"id":"AC-Y202-X750","grid_x":750,"grid_y":202,"centroid":[-68.2838343,-10.7504104],"aggregation":"none","score_gradboost":0.6158621,"score_random_forest":0.5598839,"score_logistic_regression":0.6266387,"score_fuzzy_knn_k29":0.8297494},"geometry":{"type":"Polygon","coordinates":[[[-68.2879113,-10.7531245],[-68.2797445,-10.7531057],[-68.2797573,-10.7476963],[-68.287924,-10.7477151],[-68.2879113,-10.7531245]]]}},{"type":"Feature","id":"AC-Y202-X751","properties":{"id":"AC-Y202-X751","grid_x":751,"grid_y":202,"centroid":[-68.2756675,-10.7503915],"aggregation":"none","score_gradboost":0.7225777,"score_random_forest":0.619884,"score_logistic_regression":0.7766074,"score_fuzzy_knn_k29":0.7088936},"geometry":{"type":"Polygon","coordinates":[[[-68.2797445,-10.7531057],[-68.2715777,-10.7530866],[-68.2715907,-10.7476772],[-68.2797573,-10.7476963],[-68.2797445,-10.7531057]]]}},{"type":"Feature","id":"AC-Y202-X752","properties":{"id":"AC-Y202-X752","grid_x":752,"grid_y":202,"centroid":[-68.2675008,-10.7503723],"aggregation":"none","score_gradboost":0.7311844,"score_random_forest":0.5570747,"score_logistic_regression":0.7944614,"score_fuzzy_knn_k29":0.6242988},"geometry":{"type":"Polygon","coordinates":[[[-68.2715777,-10.7530866],[-68.2634109,-10.7530674],[-68.263424,-10.747658],[-68.2715907,-10.7476772],[-68.2715777,-10.7530866]]]}},{"type":"Feature","id":"AC-Y202-X753","properties":{"id":"AC-Y202-X753","grid_x":753,"grid_y":202,"centroid":[-68.2593341,-10.7503529],"aggregation":"none","score_gradboost":0.8534777,"score_random_forest":0.8035738,"score_logistic_regression":0.6977281,"score_fuzzy_knn_k29":0.8137245},"geometry":{"type":"Polygon","coordinates":[[[-68.2634109,-10.7530674],[-68.2552441,-10.7530479],[-68.2552574,-10.7476385],[-68.263424,-10.747658],[-68.2634109,-10.7530674]]]}},{"type":"Feature","id":"AC-Y202-X754","properties":{"id":"AC-Y202-X754","grid_x":754,"grid_y":202,"centroid":[-68.2511674,-10.7503334],"aggregation":"none","score_gradboost":0.8848384,"score_random_forest":0.8375144,"score_logistic_regression":0.6517037,"score_fuzzy_knn_k29":0.7491816},"geometry":{"type":"Polygon","coordinates":[[[-68.2552441,-10.7530479],[-68.2470773,-10.7530282],[-68.2470907,-10.7476188],[-68.2552574,-10.7476385],[-68.2552441,-10.7530479]]]}},{"type":"Feature","id":"AC-Y202-X755","properties":{"id":"AC-Y202-X755","grid_x":755,"grid_y":202,"centroid":[-68.2430007,-10.7503136],"aggregation":"none","score_gradboost":0.9347176,"score_random_forest":0.707007,"score_logistic_regression":0.6982944,"score_fuzzy_knn_k29":0.0},"geometry":{"type":"Polygon","coordinates":[[[-68.2470773,-10.7530282],[-68.2389106,-10.7530083],[-68.2389241,-10.7475989],[-68.2470907,-10.7476188],[-68.2470773,-10.7530282]]]}},{"type":"Feature","id":"AC-Y202-X756","properties":{"id":"AC-Y202-X756","grid_x":756,"grid_y":202,"centroid":[-68.234834,-10.7502936],"aggregation":"none","score_gradboost":0.8737508,"score_random_forest":0.8758033,"score_logistic_regression":0.5889258,"score_fuzzy_knn_k29":0.8927639},"geometry":{"type":"Polygon","coordinates":[[[-68.2389106,-10.7530083],[-68.2307438,-10.7529881],[-68.2307575,-10.7475788],[-68.2389241,-10.7475989],[-68.2389106,-10.7530083]]]}},{"type":"Feature","id":"AC-Y202-X757","properties":{"id":"AC-Y202-X757","grid_x":757,"grid_y":202,"centroid":[-68.2266674,-10.7502733],"aggregation":"none","score_gradboost":0.9347543,"score_random_forest":0.9198504,"score_logistic_regression":0.6982012,"score_fuzzy_knn_k29":0.9122632},"geometry":{"type":"Polygon","coordinates":[[[-68.2307438,-10.7529881],[-68.2225771,-10.7529678],[-68.222591,-10.7475585],[-68.2307575,-10.7475788],[-68.2307438,-10.7529881]]]}},{"type":"Feature","id":"AC-Y203-X748","properties":{"id":"AC-Y203-X748","grid_x":748,"grid_y":203,"centroid":[-68.3001803,-10.7450382],"aggregation":"none","score_gradboost":0.6742741,"score_random_forest":0.6248605,"score_logistic_regression":0.4972627,"score_fuzzy_knn_k29":0.7843435},"geometry":{"type":"Polygon","coordinates":[[[-68.3042574,-10.7477521],[-68.2960907,-10.7477337],[-68.2961033,-10.7423243],[-68.3042698,-10.7423426],[-68.3042574,-10.7477521]]]}},{"type":"Feature","id":"AC-Y203-X749","properties":{"id":"AC-Y203-X749","grid_x":749,"grid_y":203,"centroid":[-68.2920137,-10.7450197],"aggregation":"none","score_gradboost":0.6272589,"score_random_forest":0.6795601,"score_logistic_regression":0.5389799,"score_fuzzy_knn_k29":0.8409408},"geometry":{"type":"Polygon","coordinates":[[[-68.2960907,-10.7477337],[-68.287924,-10.7477151],[-68.2879367,-10.7423057],[-68.2961033,-10.7423243],[-68.2960907,-10.7477337]]]}},{"type":"Feature","id":"AC-Y203-X750","properties":{"id":"AC-Y203-X750","grid_x":750,"grid_y":203,"centroid":[-68.283847,-10.745001],"aggregation":"none","score_gradboost":0.8101587,"score_random_forest":0.7782949,"score_logistic_regression":0.635235,"score_fuzzy_knn_k29":0.6253322},"geometry":{"type":"Polygon","coordinates":[[[-68.287924,-10.7477151],[-68.2797573,-10.7476963],[-68.2797702,-10.7422868],[-68.2879367,-10.7423057],[-68.287924,-10.7477151]]]}},{"type":"Feature","id":"AC-Y203-X751","properties":{"id":"AC-Y203-X751","grid_x":751,"grid_y":203,"centroid":[-68.2756804,-10.7449821],"aggregation":"none","score_gradboost":0.8295649,"score_random_forest":0.8432637,"score_logistic_regression":0.7264171,"score_fuzzy_knn_k29":0.9146197},"geometry":{"type":"Polygon","coordinates":[[[-68.2797573,-10.7476963],[-68.2715907,-10.7476772],[-68.2716036,-10.7422678],[-68.2797702,-10.7422868],[-68.2797573,-10.7476963]]]}},{"type":"Feature","id":"AC-Y203-X752","properties":{"id":"AC-Y203-X752","grid_x":752,"grid_y":203,"centroid":[-68.2675139,-10.7449629],"aggregation":"none","score_gradboost":0.7864482,"score_random_forest":0.6641406,"score_logistic_regression":0.7795239,"score_fuzzy_knn_k29":0.8654595},"geometry":{"type":"Polygon","coordinates":[[[-68.2715907,-10.7476772],[-68.263424,-10.747658],[-68.2634371,-10.7422486],[-68.2716036,-10.7422678],[-68.2715907,-10.7476772]]]}},{"type":"Feature","id":"AC-Y203-X753","properties":{"id":"AC-Y203-X753","grid_x":753,"grid_y":203,"centroid":[-68.2593473,-10.7449436],"aggregation":"none","score_gradboost":0.6674301,"score_random_forest":0.6980427,"score_logistic_regression":0.7105711,"score_fuzzy_knn_k29":0.8041105},"geometry":{"type":"Polygon","coordinates":[[[-68.263424,-10.747658],[-68.2552574,-10.7476385],[-68.2552706,-10.7422291],[-68.2634371,-10.7422486],[-68.263424,-10.747658]]]}},{"type":"Feature","id":"AC-Y203-X754","properties":{"id":"AC-Y203-X754","grid_x":754,"grid_y":203,"centroid":[-68.2511807,-10.744924],"aggregation":"none","score_gradboost":0.8055828,"score_random_forest":0.7767252,"score_logistic_regression":0.718467,"score_fuzzy_knn_k29":0.5151522},"geometry":{"type":"Polygon","coordinates":[[[-68.2552574,-10.7476385],[-68.2470907,-10.7476188],[-68.2471041,-10.7422094],[-68.2552706,-10.7422291],[-68.2552574,-10.7476385]]]}},{"type":"Feature","id":"AC-Y203-X755","properties":{"id":"AC-Y203-X755","grid_x":755,"grid_y":203,"centroid":[-68.2430142,-10.7449042],"aggregation":"none","score_gradboost":0.8845745,"score_random_forest":0.8473082,"score_logistic_regression":0.6644956,"score_fuzzy_knn_k29":0.8467572},"geometry":{"type":"Polygon","coordinates":[[[-68.2470907,-10.7476188],[-68.2389241,-10.7475989],[-68.2389377,-10.7421896],[-68.2471041,-10.7422094],[-68.2470907,-10.7476188]]]}},{"type":"Feature","id":"AC-Y203-X756","properties":{"id":"AC-Y203-X756","grid_x":756,"grid_y":203,"centroid":[-68.2348476,-10.7448842],"aggregation":"none","score_gradboost":0.8025713,"score_random_forest":0.7357216,"score_logistic_regression":0.536882,"score_fuzzy_knn_k29":0.8222816},"geometry":{"type":"Polygon","coordinates":[[[-68.2389241,-10.7475989],[-68.2307575,-10.7475788],[-68.2307712,-10.7421695],[-68.2389377,-10.7421896],[-68.2389241,-10.7475989]]]}},{"type":"Feature","id":"AC-Y203-X757","properties":{"id":"AC-Y203-X757","grid_x":757,"grid_y":203,"centroid":[-68.2266811,-10.744864],"aggregation":"none","score_gradboost":0.9082205,"score_random_forest":0.8727726,"score_logistic_regression":0.6673376,"score_fuzzy_knn_k29":0.6377284},"geometry":{"type":"Polygon","coordinates":[[[-68.2307575,-10.7475788],[-68.222591,-10.7475585],[-68.2226048,-10.7421491],[-68.2307712,-10.7421695],[-68.2307575,-10.7475788]]]}},{"type":"Feature","id":"AC-Y204-X748","properties":{"id":"AC-Y204-X748","grid_x":748,"grid_y":204,"centroid":[-68.3001928,-10.7396288],"aggregation":"none","score_gradboost":0.4943039,"score_random_forest":0.4822929,"score_logistic_regression":0.47678,"score_fuzzy_knn_k29":0.8573342},"geometry":{"type":"Polygon","coordinates":[[[-68.3042698,-10.7423426],[-68.2961033,-10.7423243],[-68.2961158,-10.7369148],[-68.3042822,-10.7369332],[-68.3042698,-10.7423426]]]}},{"type":"Feature","id":"AC-Y204-X749","properties":{"id":"AC-Y204-X749","grid_x":749,"grid_y":204,"centroid":[-68.2920263,-10.7396103],"aggregation":"none","score_gradboost":0.7648481,"score_random_forest":0.6637731,"score_logistic_regression":0.5381498,"score_fuzzy_knn_k29":0.8291116},"geometry":{"type":"Polygon","coordinates":[[[-68.2961033,-10.7423243],[-68.2879367,-10.7423057],[-68.2879494,-10.7368962],[-68.2961158,-10.7369148],[-68.2961033,-10.7423243]]]}},{"type":"Feature","id":"AC-Y204-X750","properties":{"id":"AC-Y204-X750","grid_x":750,"grid_y":204,"centroid":[-68.2838598,-10.7395916],"aggregation":"none","score_gradboost":0.7700997,"score_random_forest":0.6562883,"score_logistic_regression":0.5266925,"score_fuzzy_knn_k29":0.8399962},"geometry":{"type":"Polygon","coordinates":[[[-68.2879367,-10.7423057],[-68.2797702,-10.7422868],[-68.279783,-10.7368774],[-68.2879494,-10.7368962],[-68.2879367,-10.7423057]]]}},{"type":"Feature","id":"AC-Y204-X751","properties":{"id":"AC-Y204-X751","grid_x":751,"grid_y":204,"centroid":[-68.2756933,-10.7395727],"aggregation":"none","score_gradboost":0.9111116,"score_random_forest":0.8565741,"score_logistic_regression":0.7346156,"score_fuzzy_knn_k29":0.9170008},"geometry":{"type":"Polygon","coordinates":[[[-68.2797702,-10.7422868],[-68.2716036,-10.7422678],[-68.2716166,-10.7368584],[-68.279783,-10.7368774],[-68.2797702,-10.7422868]]]}},{"type":"Feature","id":"AC-Y204-X752","properties":{"id":"AC-Y204-X752","grid_x":752,"grid_y":204,"centroid":[-68.2675269,-10.7395535],"aggregation":"none","score_gradboost":0.8761706,"score_random_forest":0.7956618,"score_logistic_regression":0.6640037,"score_fuzzy_knn_k29":0.6092267},"geometry":{"type":"Polygon","coordinates":[[[-68.2716036,-10.7422678],[-68.2634371,-10.7422486],[-68.2634502,-10.7368392],[-68.2716166,-10.7368584],[-68.2716036,-10.7422678]]]}},{"type":"Feature","id":"AC-Y204-X755","properties":{"id":"AC-Y204-X755","grid_x":755,"grid_y":204,"centroid":[-68.2430276,-10.7394948],"aggregation":"none","score_gradboost":0.8256985,"score_random_forest":0.858795,"score_logistic_regression":0.6974326,"score_fuzzy_knn_k29":0.8933347},"geometry":{"type":"Polygon","coordinates":[[[-68.2471041,-10.7422094],[-68.2389377,-10.7421896],[-68.2389512,-10.7367802],[-68.2471175,-10.7368001],[-68.2471041,-10.7422094]]]}},{"type":"Feature","id":"AC-Y204-X756","properties":{"id":"AC-Y204-X756","grid_x":756,"grid_y":204,"centroid":[-68.2348613,-10.7394749],"aggregation":"none","score_gradboost":0.7210161,"score_random_forest":0.8367828,"score_logistic_regression":0.6117238,"score_fuzzy_knn_k29":0.8405498},"geometry":{"type":"Polygon","coordinates":[[[-68.2389377,-10.7421896],[-68.2307712,-10.7421695],[-68.2307849,-10.7367601],[-68.2389512,-10.7367802],[-68.2389377,-10.7421896]]]}},{"type":"Feature","id":"AC-Y204-X757","properties":{"id":"AC-Y204-X757","grid_x":757,"grid_y":204,"centroid":[-68.2266949,-10.7394546],"aggregation":"none","score_gradboost":0.9260746,"score_random_forest":0.9174996,"score_logistic_regression":0.7994838,"score_fuzzy_knn_k29":0.8720717},"geometry":{"type":"Polygon","coordinates":[[[-68.2307712,-10.7421695],[-68.2226048,-10.7421491],[-68.2226186,-10.7367398],[-68.2307849,-10.7367601],[-68.2307712,-10.7421695]]]}},{"type":"Feature","id":"AC-Y205-X747","properties":{"id":"AC-Y205-X747","grid_x":747,"grid_y":205,"centroid":[-68.3083716,-10.7342376],"aggregation":"none","score_gradboost":0.5065779,"score_random_forest":0.6220261,"score_logistic_regression":0.6241486,"score_fuzzy_knn_k29":0.5756977},"geometry":{"type":"Polygon","coordinates":[[[-68.3124486,-10.7369514],[-68.3042822,-10.7369332],[-68.3042946,-10.7315238],[-68.3124609,-10.7315419],[-68.3124486,-10.7369514]]]}},{"type":"Feature","id":"AC-Y205-X748","properties":{"id":"AC-Y205-X748","grid_x":748,"grid_y":205,"centroid":[-68.3002052,-10.7342193],"aggregation":"none","score_gradboost":0.7860217,"score_random_forest":0.6787603,"score_logistic_regression":0.54306,"score_fuzzy_knn_k29":0.7681833},"geometry":{"type":"Polygon","coordinates":[[[-68.3042822,-10.7369332],[-68.2961158,-10.7369148],[-68.2961283,-10.7315054],[-68.3042946,-10.7315238],[-68.3042822,-10.7369332]]]}},{"type":"Feature","id":"AC-Y205-X749","properties":{"id":"AC-Y205-X749","grid_x":749,"grid_y":205,"centroid":[-68.2920389,-10.7342008],"aggregation":"none","score_gradboost":0.8301964,"score_random_forest":0.6806704,"score_logistic_regression":0.5227136,"score_fuzzy_knn_k29":0.7570207},"geometry":{"type":"Polygon","coordinates":[[[-68.2961158,-10.7369148],[-68.2879494,-10.7368962],[-68.287962,-10.7314868],[-68.2961283,-10.7315054],[-68.2961158,-10.7369148]]]}},{"type":"Feature","id":"AC-Y205-X750","properties":{"id":"AC-Y205-X750","grid_x":750,"grid_y":205,"centroid":[-68.2838725,-10.7341822],"aggregation":"none","score_gradboost":0.816315,"score_random_forest":0.6199803,"score_logistic_regression":0.6200815,"score_fuzzy_knn_k29":0.5758245},"geometry":{"type":"Polygon","coordinates":[[[-68.2879494,-10.7368962],[-68.279783,-10.7368774],[-68.2797958,-10.731468],[-68.287962,-10.7314868],[-68.2879494,-10.7368962]]]}},{"type":"Feature","id":"AC-Y205-X751","properties":{"id":"AC-Y205-X751","grid_x":751,"grid_y":205,"centroid":[-68.2757062,-10.7341632],"aggregation":"none","score_gradboost":0.9355153,"score_random_forest":0.8825067,"score_logistic_regression":0.8068088,"score_fuzzy_knn_k29":0.9183298},"geometry":{"type":"Polygon","coordinates":[[[-68.279783,-10.7368774],[-68.2716166,-10.7368584],[-68.2716295,-10.731449],[-68.2797958,-10.731468],[-68.279783,-10.7368774]]]}},{"type":"Feature","id":"AC-Y205-X752","properties":{"id":"AC-Y205-X752","grid_x":752,"grid_y":205,"centroid":[-68.2675399,-10.7341441],"aggregation":"none","score_gradboost":0.9464865,"score_random_forest":0.9280106,"score_logistic_regression":0.7728723,"score_fuzzy_knn_k29":0.9309737},"geometry":{"type":"Polygon","coordinates":[[[-68.2716166,-10.7368584],[-68.2634502,-10.7368392],[-68.2634633,-10.7314298],[-68.2716295,-10.731449],[-68.2716166,-10.7368584]]]}},{"type":"Feature","id":"AC-Y205-X756","properties":{"id":"AC-Y205-X756","grid_x":756,"grid_y":205,"centroid":[-68.2348749,-10.7340655],"aggregation":"none","score_gradboost":0.760786,"score_random_forest":0.7565477,"score_logistic_regression":0.6655744,"score_fuzzy_knn_k29":0.5524539},"geometry":{"type":"Polygon","coordinates":[[[-68.2389512,-10.7367802],[-68.2307849,-10.7367601],[-68.2307986,-10.7313507],[-68.2389648,-10.7313708],[-68.2389512,-10.7367802]]]}},{"type":"Feature","id":"AC-Y206-X737","properties":{"id":"AC-Y206-X737","grid_x":737,"grid_y":206,"centroid":[-68.3900468,-10.7289989],"aggregation":"none","score_gradboost":0.8324482,"score_random_forest":0.8481308,"score_logistic_regression":0.776904,"score_fuzzy_knn_k29":0.9055739},"geometry":{"type":"Polygon","coordinates":[[[-68.3941246,-10.7317117],[-68.3859582,-10.7316956],[-68.3859691,-10.7262861],[-68.3941354,-10.7263021],[-68.3941246,-10.7317117]]]}},{"type":"Feature","id":"AC-Y206-X738","properties":{"id":"AC-Y206-X738","grid_x":738,"grid_y":206,"centroid":[-68.3818804,-10.7289828],"aggregation":"none","score_gradboost":0.8741248,"score_random_forest":0.8021339,"score_logistic_regression":0.7077357,"score_fuzzy_knn_k29":0.4007229},"geometry":{"type":"Polygon","coordinates":[[[-68.3859582,-10.7316956],[-68.3777917,-10.7316794],[-68.3778028,-10.7262699],[-68.3859691,-10.7262861],[-68.3859582,-10.7316956]]]}},{"type":"Feature","id":"AC-Y206-X747","properties":{"id":"AC-Y206-X747","grid_x":747,"grid_y":206,"centroid":[-68.3083839,-10.7288281],"aggregation":"none","score_gradboost":0.7449434,"score_random_forest":0.6834799,"score_logistic_regression":0.5380572,"score_fuzzy_knn_k29":0.8016679},"geometry":{"type":"Polygon","coordinates":[[[-68.3124609,-10.7315419],[-68.3042946,-10.7315238],[-68.3043069,-10.7261143],[-68.3124731,-10.7261325],[-68.3124609,-10.7315419]]]}},{"type":"Feature","id":"AC-Y206-X748","properties":{"id":"AC-Y206-X748","grid_x":748,"grid_y":206,"centroid":[-68.3002177,-10.7288099],"aggregation":"none","score_gradboost":0.9020342,"score_random_forest":0.8753106,"score_logistic_regression":0.6657619,"score_fuzzy_knn_k29":0.8464618},"geometry":{"type":"Polygon","coordinates":[[[-68.3042946,-10.7315238],[-68.2961283,-10.7315054],[-68.2961408,-10.726096],[-68.3043069,-10.7261143],[-68.3042946,-10.7315238]]]}},{"type":"Feature","id":"AC-Y206-X749","properties":{"id":"AC-Y206-X749","grid_x":749,"grid_y":206,"centroid":[-68.2920515,-10.7287914],"aggregation":"none","score_gradboost":0.7569667,"score_random_forest":0.7075944,"score_logistic_regression":0.5456996,"score_fuzzy_knn_k29":0.8220801},"geometry":{"type":"Polygon","coordinates":[[[-68.2961283,-10.7315054],[-68.287962,-10.7314868],[-68.2879747,-10.7260774],[-68.2961408,-10.726096],[-68.2961283,-10.7315054]]]}},{"type":"Feature","id":"AC-Y206-X750","properties":{"id":"AC-Y206-X750","grid_x":750,"grid_y":206,"centroid":[-68.2838853,-10.7287727],"aggregation":"none","score_gradboost":0.8253147,"score_random_forest":0.8321196,"score_logistic_regression":0.7370741,"score_fuzzy_knn_k29":0.8365478},"geometry":{"type":"Polygon","coordinates":[[[-68.287962,-10.7314868],[-68.2797958,-10.731468],[-68.2798086,-10.7260586],[-68.2879747,-10.7260774],[-68.287962,-10.7314868]]]}},{"type":"Feature","id":"AC-Y206-X751","properties":{"id":"AC-Y206-X751","grid_x":751,"grid_y":206,"centroid":[-68.2757191,-10.7287538],"aggregation":"none","score_gradboost":0.8766661,"score_random_forest":0.868224,"score_logistic_regression":0.8067362,"score_fuzzy_knn_k29":0.8167812},"geometry":{"type":"Polygon","coordinates":[[[-68.2797958,-10.731468],[-68.2716295,-10.731449],[-68.2716425,-10.7260396],[-68.2798086,-10.7260586],[-68.2797958,-10.731468]]]}},{"type":"Feature","id":"AC-Y206-X752","properties":{"id":"AC-Y206-X752","grid_x":752,"grid_y":206,"centroid":[-68.2675529,-10.7287347],"aggregation":"none","score_gradboost":0.9119759,"score_random_forest":0.8763963,"score_logistic_regression":0.7928446,"score_fuzzy_knn_k29":0.8020418},"geometry":{"type":"Polygon","coordinates":[[[-68.2716295,-10.731449],[-68.2634633,-10.7314298],[-68.2634764,-10.7260204],[-68.2716425,-10.7260396],[-68.2716295,-10.731449]]]}},{"type":"Feature","id":"AC-Y206-X756","properties":{"id":"AC-Y206-X756","grid_x":756,"grid_y":206,"centroid":[-68.2348885,-10.7286561],"aggregation":"none","score_gradboost":0.9202728,"score_random_forest":0.8600496,"score_logistic_regression":0.6873849,"score_fuzzy_knn_k29":0.6100564},"geometry":{"type":"Polygon","coordinates":[[[-68.2389648,-10.7313708],[-68.2307986,-10.7313507],[-68.2308123,-10.7259414],[-68.2389783,-10.7259615],[-68.2389648,-10.7313708]]]}},{"type":"Feature","id":"AC-Y207-X738","properties":{"id":"AC-Y207-X738","grid_x":738,"grid_y":207,"centroid":[-68.3818914,-10.7235733],"aggregation":"none","score_gradboost":0.7306554,"score_random_forest":0.6524133,"score_logistic_regression":0.702757,"score_fuzzy_knn_k29":0.4463096},"geometry":{"type":"Polygon","coordinates":[[[-68.3859691,-10.7262861],[-68.3778028,-10.7262699],[-68.3778139,-10.7208604],[-68.38598,-10.7208766],[-68.3859691,-10.7262861]]]}},{"type":"Feature","id":"AC-Y207-X739","properties":{"id":"AC-Y207-X739","grid_x":739,"grid_y":207,"centroid":[-68.3737252,-10.723557],"aggregation":"none","score_gradboost":0.8133983,"score_random_forest":0.6648419,"score_logistic_regression":0.7714348,"score_fuzzy_knn_k29":0.8833694},"geometry":{"type":"Polygon","coordinates":[[[-68.3778028,-10.7262699],[-68.3696365,-10.7262535],[-68.3696477,-10.720844],[-68.3778139,-10.7208604],[-68.3778028,-10.7262699]]]}},{"type":"Feature","id":"AC-Y207-X746","properties":{"id":"AC-Y207-X746","grid_x":746,"grid_y":207,"centroid":[-68.3165622,-10.7234367],"aggregation":"none","score_gradboost":0.5716619,"score_random_forest":0.5527405,"score_logistic_regression":0.5578874,"score_fuzzy_knn_k29":0.7037974},"geometry":{"type":"Polygon","coordinates":[[[-68.3206393,-10.7261504],[-68.3124731,-10.7261325],[-68.3124853,-10.720723],[-68.3206513,-10.7207409],[-68.3206393,-10.7261504]]]}},{"type":"Feature","id":"AC-Y207-X747","properties":{"id":"AC-Y207-X747","grid_x":747,"grid_y":207,"centroid":[-68.3083962,-10.7234187],"aggregation":"none","score_gradboost":0.7093181,"score_random_forest":0.7215048,"score_logistic_regression":0.5412655,"score_fuzzy_knn_k29":0.8356104},"geometry":{"type":"Polygon","coordinates":[[[-68.3124731,-10.7261325],[-68.3043069,-10.7261143],[-68.3043193,-10.7207049],[-68.3124853,-10.720723],[-68.3124731,-10.7261325]]]}},{"type":"Feature","id":"AC-Y207-X748","properties":{"id":"AC-Y207-X748","grid_x":748,"grid_y":207,"centroid":[-68.3002301,-10.7234004],"aggregation":"none","score_gradboost":0.9066088,"score_random_forest":0.8763659,"score_logistic_regression":0.6680884,"score_fuzzy_knn_k29":0.8671998},"geometry":{"type":"Polygon","coordinates":[[[-68.3043069,-10.7261143],[-68.2961408,-10.726096],[-68.2961533,-10.7206865],[-68.3043193,-10.7207049],[-68.3043069,-10.7261143]]]}},{"type":"Feature","id":"AC-Y207-X749","properties":{"id":"AC-Y207-X749","grid_x":749,"grid_y":207,"centroid":[-68.292064,-10.723382],"aggregation":"none","score_gradboost":0.7964584,"score_random_forest":0.8666684,"score_logistic_regression":0.6286715,"score_fuzzy_knn_k29":0.9201343},"geometry":{"type":"Polygon","coordinates":[[[-68.2961408,-10.726096],[-68.2879747,-10.7260774],[-68.2879873,-10.720668],[-68.2961533,-10.7206865],[-68.2961408,-10.726096]]]}},{"type":"Feature","id":"AC-Y207-X750","properties":{"id":"AC-Y207-X750","grid_x":750,"grid_y":207,"centroid":[-68.283898,-10.7233633],"aggregation":"none","score_gradboost":0.851555,"score_random_forest":0.8576942,"score_logistic_regression":0.7054714,"score_fuzzy_knn_k29":0.852278},"geometry":{"type":"Polygon","coordinates":[[[-68.2879747,-10.7260774],[-68.2798086,-10.7260586],[-68.2798214,-10.7206492],[-68.2879873,-10.720668],[-68.2879747,-10.7260774]]]}},{"type":"Feature","id":"AC-Y207-X751","properties":{"id":"AC-Y207-X751","grid_x":751,"grid_y":207,"centroid":[-68.275732,-10.7233444],"aggregation":"none","score_gradboost":0.8546215,"score_random_forest":0.8704654,"score_logistic_regression":0.7876827,"score_fuzzy_knn_k29":0.783061},"geometry":{"type":"Polygon","coordinates":[[[-68.2798086,-10.7260586],[-68.2716425,-10.7260396],[-68.2716554,-10.7206302],[-68.2798214,-10.7206492],[-68.2798086,-10.7260586]]]}},{"type":"Feature","id":"AC-Y207-X752","properties":{"id":"AC-Y207-X752","grid_x":752,"grid_y":207,"centroid":[-68.267566,-10.7233253],"aggregation":"none","score_gradboost":0.826931,"score_random_forest":0.8571957,"score_logistic_regression":0.8025745,"score_fuzzy_knn_k29":0.8257228},"geometry":{"type":"Polygon","coordinates":[[[-68.2716425,-10.7260396],[-68.2634764,-10.7260204],[-68.2634895,-10.720611],[-68.2716554,-10.7206302],[-68.2716425,-10.7260396]]]}},{"type":"Feature","id":"AC-Y207-X757","properties":{"id":"AC-Y207-X757","grid_x":757,"grid_y":207,"centroid":[-68.2267361,-10.7232266],"aggregation":"none","score_gradboost":0.8568228,"score_random_forest":0.8065923,"score_logistic_regression":0.7089332,"score_fuzzy_knn_k29":0.5189737},"geometry":{"type":"Polygon","coordinates":[[[-68.2308123,-10.7259414],[-68.2226463,-10.7259211],[-68.2226601,-10.7205118],[-68.2308259,-10.720532],[-68.2308123,-10.7259414]]]}},{"type":"Feature","id":"AC-Y208-X738","properties":{"id":"AC-Y208-X738","grid_x":738,"grid_y":208,"centroid":[-68.3819024,-10.7181637],"aggregation":"none","score_gradboost":0.7189481,"score_random_forest":0.7985775,"score_logistic_regression":0.809034,"score_fuzzy_knn_k29":0.9378347},"geometry":{"type":"Polygon","coordinates":[[[-68.38598,-10.7208766],[-68.3778139,-10.7208604],[-68.3778249,-10.7154508],[-68.3859909,-10.715467],[-68.38598,-10.7208766]]]}},{"type":"Feature","id":"AC-Y208-X739","properties":{"id":"AC-Y208-X739","grid_x":739,"grid_y":208,"centroid":[-68.3737364,-10.7181474],"aggregation":"none","score_gradboost":0.7425519,"score_random_forest":0.8013755,"score_logistic_regression":0.7552072,"score_fuzzy_knn_k29":0.7451182},"geometry":{"type":"Polygon","coordinates":[[[-68.3778139,-10.7208604],[-68.3696477,-10.720844],[-68.3696589,-10.7154344],[-68.3778249,-10.7154508],[-68.3778139,-10.7208604]]]}},{"type":"Feature","id":"AC-Y208-X740","properties":{"id":"AC-Y208-X740","grid_x":740,"grid_y":208,"centroid":[-68.3655703,-10.7181309],"aggregation":"none","score_gradboost":0.820014,"score_random_forest":0.7308532,"score_logistic_regression":0.5475458,"score_fuzzy_knn_k29":0.5388382},"geometry":{"type":"Polygon","coordinates":[[[-68.3696477,-10.720844],[-68.3614816,-10.7208273],[-68.361493,-10.7154178],[-68.3696589,-10.7154344],[-68.3696477,-10.720844]]]}},{"type":"Feature","id":"AC-Y208-X741","properties":{"id":"AC-Y208-X741","grid_x":741,"grid_y":208,"centroid":[-68.3574043,-10.7181142],"aggregation":"none","score_gradboost":0.8584762,"score_random_forest":0.8247549,"score_logistic_regression":0.7305823,"score_fuzzy_knn_k29":0.6219711},"geometry":{"type":"Polygon","coordinates":[[[-68.3614816,-10.7208273],[-68.3533155,-10.7208105],[-68.353327,-10.715401],[-68.361493,-10.7154178],[-68.3614816,-10.7208273]]]}},{"type":"Feature","id":"AC-Y208-X742","properties":{"id":"AC-Y208-X742","grid_x":742,"grid_y":208,"centroid":[-68.3492383,-10.7180972],"aggregation":"none","score_gradboost":0.6571126,"score_random_forest":0.6601737,"score_logistic_regression":0.7229183,"score_fuzzy_knn_k29":0.4586099},"geometry":{"type":"Polygon","coordinates":[[[-68.3533155,-10.7208105],[-68.3451495,-10.7207934],[-68.3451611,-10.7153839],[-68.353327,-10.715401],[-68.3533155,-10.7208105]]]}},{"type":"Feature","id":"AC-Y208-X743","properties":{"id":"AC-Y208-X743","grid_x":743,"grid_y":208,"centroid":[-68.3410723,-10.71808],"aggregation":"none","score_gradboost":0.7675695,"score_random_forest":0.6784268,"score_logistic_regression":0.801011,"score_fuzzy_knn_k29":0.9281784},"geometry":{"type":"Polygon","coordinates":[[[-68.3451495,-10.7207934],[-68.3369834,-10.7207761],[-68.3369952,-10.7153666],[-68.3451611,-10.7153839],[-68.3451495,-10.7207934]]]}},{"type":"Feature","id":"AC-Y208-X745","properties":{"id":"AC-Y208-X745","grid_x":745,"grid_y":208,"centroid":[-68.3247403,-10.7180451],"aggregation":"none","score_gradboost":0.6491255,"score_random_forest":0.6108059,"score_logistic_regression":0.4983996,"score_fuzzy_knn_k29":0.5422824},"geometry":{"type":"Polygon","coordinates":[[[-68.3288174,-10.7207586],[-68.3206513,-10.7207409],[-68.3206634,-10.7153315],[-68.3288293,-10.7153492],[-68.3288174,-10.7207586]]]}},{"type":"Feature","id":"AC-Y208-X746","properties":{"id":"AC-Y208-X746","grid_x":746,"grid_y":208,"centroid":[-68.3165744,-10.7180273],"aggregation":"none","score_gradboost":0.6840034,"score_random_forest":0.6741225,"score_logistic_regression":0.5928066,"score_fuzzy_knn_k29":0.5448613},"geometry":{"type":"Polygon","coordinates":[[[-68.3206513,-10.7207409],[-68.3124853,-10.720723],[-68.3124975,-10.7153136],[-68.3206634,-10.7153315],[-68.3206513,-10.7207409]]]}},{"type":"Feature","id":"AC-Y208-X747","properties":{"id":"AC-Y208-X747","grid_x":747,"grid_y":208,"centroid":[-68.3084084,-10.7180092],"aggregation":"none","score_gradboost":0.7500484,"score_random_forest":0.7069589,"score_logistic_regression":0.529862,"score_fuzzy_knn_k29":0.6759617},"geometry":{"type":"Polygon","coordinates":[[[-68.3124853,-10.720723],[-68.3043193,-10.7207049],[-68.3043316,-10.7152954],[-68.3124975,-10.7153136],[-68.3124853,-10.720723]]]}},{"type":"Feature","id":"AC-Y208-X748","properties":{"id":"AC-Y208-X748","grid_x":748,"grid_y":208,"centroid":[-68.3002425,-10.717991],"aggregation":"none","score_gradboost":0.7927736,"score_random_forest":0.8512712,"score_logistic_regression":0.6256317,"score_fuzzy_knn_k29":0.7631108},"geometry":{"type":"Polygon","coordinates":[[[-68.3043193,-10.7207049],[-68.2961533,-10.7206865],[-68.2961658,-10.7152771],[-68.3043316,-10.7152954],[-68.3043193,-10.7207049]]]}},{"type":"Feature","id":"AC-Y208-X749","properties":{"id":"AC-Y208-X749","grid_x":749,"grid_y":208,"centroid":[-68.2920766,-10.7179726],"aggregation":"none","score_gradboost":0.7392565,"score_random_forest":0.8514585,"score_logistic_regression":0.5992105,"score_fuzzy_knn_k29":0.8452033},"geometry":{"type":"Polygon","coordinates":[[[-68.2961533,-10.7206865],[-68.2879873,-10.720668],[-68.288,-10.7152585],[-68.2961658,-10.7152771],[-68.2961533,-10.7206865]]]}},{"type":"Feature","id":"AC-Y208-X750","properties":{"id":"AC-Y208-X750","grid_x":750,"grid_y":208,"centroid":[-68.2839107,-10.7179539],"aggregation":"none","score_gradboost":0.8140052,"score_random_forest":0.8345325,"score_logistic_regression":0.739844,"score_fuzzy_knn_k29":0.7216401},"geometry":{"type":"Polygon","coordinates":[[[-68.2879873,-10.720668],[-68.2798214,-10.7206492],[-68.2798342,-10.7152398],[-68.288,-10.7152585],[-68.2879873,-10.720668]]]}},{"type":"Feature","id":"AC-Y208-X751","properties":{"id":"AC-Y208-X751","grid_x":751,"grid_y":208,"centroid":[-68.2757448,-10.717935],"aggregation":"none","score_gradboost":0.8839351,"score_random_forest":0.8684372,"score_logistic_regression":0.7531694,"score_fuzzy_knn_k29":0.8423637},"geometry":{"type":"Polygon","coordinates":[[[-68.2798214,-10.7206492],[-68.2716554,-10.7206302],[-68.2716684,-10.7152208],[-68.2798342,-10.7152398],[-68.2798214,-10.7206492]]]}},{"type":"Feature","id":"AC-Y208-X752","properties":{"id":"AC-Y208-X752","grid_x":752,"grid_y":208,"centroid":[-68.267579,-10.7179159],"aggregation":"none","score_gradboost":0.8353435,"score_random_forest":0.8733604,"score_logistic_regression":0.7806915,"score_fuzzy_knn_k29":0.7816733},"geometry":{"type":"Polygon","coordinates":[[[-68.2716554,-10.7206302],[-68.2634895,-10.720611],[-68.2635026,-10.7152016],[-68.2716684,-10.7152208],[-68.2716554,-10.7206302]]]}},{"type":"Feature","id":"AC-Y208-X756","properties":{"id":"AC-Y208-X756","grid_x":756,"grid_y":208,"centroid":[-68.2349157,-10.7178374],"aggregation":"none","score_gradboost":0.7490965,"score_random_forest":0.6958087,"score_logistic_regression":0.7418347,"score_fuzzy_knn_k29":0.5509514},"geometry":{"type":"Polygon","coordinates":[[[-68.2389918,-10.7205521],[-68.2308259,-10.720532],[-68.2308396,-10.7151227],[-68.2390053,-10.7151427],[-68.2389918,-10.7205521]]]}},{"type":"Feature","id":"AC-Y208-X757","properties":{"id":"AC-Y208-X757","grid_x":757,"grid_y":208,"centroid":[-68.2267499,-10.7178172],"aggregation":"none","score_gradboost":0.6608425,"score_random_forest":0.6598156,"score_logistic_regression":0.7628253,"score_fuzzy_knn_k29":0.6612016},"geometry":{"type":"Polygon","coordinates":[[[-68.2308259,-10.720532],[-68.2226601,-10.7205118],[-68.2226739,-10.7151024],[-68.2308396,-10.7151227],[-68.2308259,-10.720532]]]}},{"type":"Feature","id":"AC-Y208-X758","properties":{"id":"AC-Y208-X758","grid_x":758,"grid_y":208,"centroid":[-68.2185841,-10.7177969],"aggregation":"none","score_gradboost":0.7341051,"score_random_forest":0.7517605,"score_logistic_regression":0.7683556,"score_fuzzy_knn_k29":0.6520076},"geometry":{"type":"Polygon","coordinates":[[[-68.2226601,-10.7205118],[-68.2144942,-10.7204913],[-68.2145082,-10.7150819],[-68.2226739,-10.7151024],[-68.2226601,-10.7205118]]]}},{"type":"Feature","id":"AC-Y209-X738","properties":{"id":"AC-Y209-X738","grid_x":738,"grid_y":209,"centroid":[-68.3819134,-10.7127542],"aggregation":"none","score_gradboost":0.9000878,"score_random_forest":0.8409279,"score_logistic_regression":0.7573174,"score_fuzzy_knn_k29":0.743553},"geometry":{"type":"Polygon","coordinates":[[[-68.3859909,-10.715467],[-68.3778249,-10.7154508],[-68.3778359,-10.7100413],[-68.3860018,-10.7100575],[-68.3859909,-10.715467]]]}},{"type":"Feature","id":"AC-Y209-X739","properties":{"id":"AC-Y209-X739","grid_x":739,"grid_y":209,"centroid":[-68.3737475,-10.7127379],"aggregation":"none","score_gradboost":0.8121943,"score_random_forest":0.8212776,"score_logistic_regression":0.7453744,"score_fuzzy_knn_k29":0.7321789},"geometry":{"type":"Polygon","coordinates":[[[-68.3778249,-10.7154508],[-68.3696589,-10.7154344],[-68.3696701,-10.7100249],[-68.3778359,-10.7100413],[-68.3778249,-10.7154508]]]}},{"type":"Feature","id":"AC-Y209-X740","properties":{"id":"AC-Y209-X740","grid_x":740,"grid_y":209,"centroid":[-68.3655816,-10.7127214],"aggregation":"none","score_gradboost":0.8195814,"score_random_forest":0.7820281,"score_logistic_regression":0.6883569,"score_fuzzy_knn_k29":0.7320442},"geometry":{"type":"Polygon","coordinates":[[[-68.3696589,-10.7154344],[-68.361493,-10.7154178],[-68.3615043,-10.7100083],[-68.3696701,-10.7100249],[-68.3696589,-10.7154344]]]}},{"type":"Feature","id":"AC-Y209-X741","properties":{"id":"AC-Y209-X741","grid_x":741,"grid_y":209,"centroid":[-68.3574157,-10.7127047],"aggregation":"none","score_gradboost":0.8055602,"score_random_forest":0.8059787,"score_logistic_regression":0.7643911,"score_fuzzy_knn_k29":0.6705212},"geometry":{"type":"Polygon","coordinates":[[[-68.361493,-10.7154178],[-68.353327,-10.715401],[-68.3533385,-10.7099915],[-68.3615043,-10.7100083],[-68.361493,-10.7154178]]]}},{"type":"Feature","id":"AC-Y209-X742","properties":{"id":"AC-Y209-X742","grid_x":742,"grid_y":209,"centroid":[-68.3492498,-10.7126877],"aggregation":"none","score_gradboost":0.7157824,"score_random_forest":0.7149099,"score_logistic_regression":0.6252014,"score_fuzzy_knn_k29":0.5346264},"geometry":{"type":"Polygon","coordinates":[[[-68.353327,-10.715401],[-68.3451611,-10.7153839],[-68.3451727,-10.7099744],[-68.3533385,-10.7099915],[-68.353327,-10.715401]]]}},{"type":"Feature","id":"AC-Y209-X743","properties":{"id":"AC-Y209-X743","grid_x":743,"grid_y":209,"centroid":[-68.341084,-10.7126706],"aggregation":"none","score_gradboost":0.7825274,"score_random_forest":0.6563217,"score_logistic_regression":0.7494156,"score_fuzzy_knn_k29":0.7678027},"geometry":{"type":"Polygon","coordinates":[[[-68.3451611,-10.7153839],[-68.3369952,-10.7153666],[-68.3370069,-10.7099572],[-68.3451727,-10.7099744],[-68.3451611,-10.7153839]]]}},{"type":"Feature","id":"AC-Y209-X747","properties":{"id":"AC-Y209-X747","grid_x":747,"grid_y":209,"centroid":[-68.3084207,-10.7125998],"aggregation":"none","score_gradboost":0.865633,"score_random_forest":0.7519026,"score_logistic_regression":0.5418226,"score_fuzzy_knn_k29":0.5071826},"geometry":{"type":"Polygon","coordinates":[[[-68.3124975,-10.7153136],[-68.3043316,-10.7152954],[-68.304344,-10.709886],[-68.3125097,-10.7099041],[-68.3124975,-10.7153136]]]}},{"type":"Feature","id":"AC-Y209-X748","properties":{"id":"AC-Y209-X748","grid_x":748,"grid_y":209,"centroid":[-68.3002549,-10.7125816],"aggregation":"none","score_gradboost":0.7158816,"score_random_forest":0.7309018,"score_logistic_regression":0.6266332,"score_fuzzy_knn_k29":0.4013797},"geometry":{"type":"Polygon","coordinates":[[[-68.3043316,-10.7152954],[-68.2961658,-10.7152771],[-68.2961783,-10.7098676],[-68.304344,-10.709886],[-68.3043316,-10.7152954]]]}},{"type":"Feature","id":"AC-Y209-X749","properties":{"id":"AC-Y209-X749","grid_x":749,"grid_y":209,"centroid":[-68.2920892,-10.7125631],"aggregation":"none","score_gradboost":0.6703456,"score_random_forest":0.7211653,"score_logistic_regression":0.6464418,"score_fuzzy_knn_k29":0.5473782},"geometry":{"type":"Polygon","coordinates":[[[-68.2961658,-10.7152771],[-68.288,-10.7152585],[-68.2880126,-10.7098491],[-68.2961783,-10.7098676],[-68.2961658,-10.7152771]]]}},{"type":"Feature","id":"AC-Y209-X750","properties":{"id":"AC-Y209-X750","grid_x":750,"grid_y":209,"centroid":[-68.2839234,-10.7125445],"aggregation":"none","score_gradboost":0.7457138,"score_random_forest":0.7902457,"score_logistic_regression":0.8036165,"score_fuzzy_knn_k29":0.9344391},"geometry":{"type":"Polygon","coordinates":[[[-68.288,-10.7152585],[-68.2798342,-10.7152398],[-68.2798469,-10.7098303],[-68.2880126,-10.7098491],[-68.288,-10.7152585]]]}},{"type":"Feature","id":"AC-Y209-X751","properties":{"id":"AC-Y209-X751","grid_x":751,"grid_y":209,"centroid":[-68.2757577,-10.7125256],"aggregation":"none","score_gradboost":0.6901735,"score_random_forest":0.7319138,"score_logistic_regression":0.7343331,"score_fuzzy_knn_k29":0.9041054},"geometry":{"type":"Polygon","coordinates":[[[-68.2798342,-10.7152398],[-68.2716684,-10.7152208],[-68.2716813,-10.7098114],[-68.2798469,-10.7098303],[-68.2798342,-10.7152398]]]}},{"type":"Feature","id":"AC-Y209-X756","properties":{"id":"AC-Y209-X756","grid_x":756,"grid_y":209,"centroid":[-68.2349292,-10.712428],"aggregation":"none","score_gradboost":0.5711698,"score_random_forest":0.7193155,"score_logistic_regression":0.7645212,"score_fuzzy_knn_k29":0.6593099},"geometry":{"type":"Polygon","coordinates":[[[-68.2390053,-10.7151427],[-68.2308396,-10.7151227],[-68.2308532,-10.7097133],[-68.2390188,-10.7097334],[-68.2390053,-10.7151427]]]}},{"type":"Feature","id":"AC-Y209-X757","properties":{"id":"AC-Y209-X757","grid_x":757,"grid_y":209,"centroid":[-68.2267636,-10.7124079],"aggregation":"none","score_gradboost":0.8065587,"score_random_forest":0.7240932,"score_logistic_regression":0.8397846,"score_fuzzy_knn_k29":0.9407623},"geometry":{"type":"Polygon","coordinates":[[[-68.2308396,-10.7151227],[-68.2226739,-10.7151024],[-68.2226877,-10.7096931],[-68.2308532,-10.7097133],[-68.2308396,-10.7151227]]]}},{"type":"Feature","id":"AC-Y209-X758","properties":{"id":"AC-Y209-X758","grid_x":758,"grid_y":209,"centroid":[-68.218598,-10.7123875],"aggregation":"none","score_gradboost":0.8674818,"score_random_forest":0.89856,"score_logistic_regression":0.8345385,"score_fuzzy_knn_k29":0.9085574},"geometry":{"type":"Polygon","coordinates":[[[-68.2226739,-10.7151024],[-68.2145082,-10.7150819],[-68.2145221,-10.7096726],[-68.2226877,-10.7096931],[-68.2226739,-10.7151024]]]}},{"type":"Feature","id":"AC-Y210-X737","properties":{"id":"AC-Y210-X737","grid_x":737,"grid_y":210,"centroid":[-68.3900901,-10.7073608],"aggregation":"none","score_gradboost":0.9160382,"score_random_forest":0.7781862,"score_logistic_regression":0.6804298,"score_fuzzy_knn_k29":0.8064749},"geometry":{"type":"Polygon","coordinates":[[[-68.3941676,-10.7100735],[-68.3860018,-10.7100575],[-68.3860127,-10.704648],[-68.3941784,-10.7046639],[-68.3941676,-10.7100735]]]}},{"type":"Feature","id":"AC-Y210-X738","properties":{"id":"AC-Y210-X738","grid_x":738,"grid_y":210,"centroid":[-68.3819243,-10.7073447],"aggregation":"none","score_gradboost":0.8227411,"score_random_forest":0.819454,"score_logistic_regression":0.8013331,"score_fuzzy_knn_k29":0.932542},"geometry":{"type":"Polygon","coordinates":[[[-68.3860018,-10.7100575],[-68.3778359,-10.7100413],[-68.377847,-10.7046318],[-68.3860127,-10.704648],[-68.3860018,-10.7100575]]]}},{"type":"Feature","id":"AC-Y210-X739","properties":{"id":"AC-Y210-X739","grid_x":739,"grid_y":210,"centroid":[-68.3737586,-10.7073284],"aggregation":"none","score_gradboost":0.8294364,"score_random_forest":0.8377872,"score_logistic_regression":0.7678002,"score_fuzzy_knn_k29":0.7228738},"geometry":{"type":"Polygon","coordinates":[[[-68.3778359,-10.7100413],[-68.3696701,-10.7100249],[-68.3696813,-10.7046154],[-68.377847,-10.7046318],[-68.3778359,-10.7100413]]]}},{"type":"Feature","id":"AC-Y210-X740","properties":{"id":"AC-Y210-X740","grid_x":740,"grid_y":210,"centroid":[-68.3655928,-10.7073119],"aggregation":"none","score_gradboost":0.9206311,"score_random_forest":0.8298977,"score_logistic_regression":0.6811402,"score_fuzzy_knn_k29":0.8252669},"geometry":{"type":"Polygon","coordinates":[[[-68.3696701,-10.7100249],[-68.3615043,-10.7100083],[-68.3615156,-10.7045988],[-68.3696813,-10.7046154],[-68.3696701,-10.7100249]]]}},{"type":"Feature","id":"AC-Y210-X741","properties":{"id":"AC-Y210-X741","grid_x":741,"grid_y":210,"centroid":[-68.3574271,-10.7072952],"aggregation":"none","score_gradboost":0.907508,"score_random_forest":0.9034487,"score_logistic_regression":0.7821079,"score_fuzzy_knn_k29":0.8162258},"geometry":{"type":"Polygon","coordinates":[[[-68.3615043,-10.7100083],[-68.3533385,-10.7099915],[-68.35335,-10.704582],[-68.3615156,-10.7045988],[-68.3615043,-10.7100083]]]}},{"type":"Feature","id":"AC-Y210-X742","properties":{"id":"AC-Y210-X742","grid_x":742,"grid_y":210,"centroid":[-68.3492614,-10.7072782],"aggregation":"none","score_gradboost":0.7232646,"score_random_forest":0.7017667,"score_logistic_regression":0.5976262,"score_fuzzy_knn_k29":0.5343304},"geometry":{"type":"Polygon","coordinates":[[[-68.3533385,-10.7099915],[-68.3451727,-10.7099744],[-68.3451843,-10.7045649],[-68.35335,-10.704582],[-68.3533385,-10.7099915]]]}},{"type":"Feature","id":"AC-Y210-X743","properties":{"id":"AC-Y210-X743","grid_x":743,"grid_y":210,"centroid":[-68.3410957,-10.7072611],"aggregation":"none","score_gradboost":0.7673784,"score_random_forest":0.7248873,"score_logistic_regression":0.6981895,"score_fuzzy_knn_k29":0.6509448},"geometry":{"type":"Polygon","coordinates":[[[-68.3451727,-10.7099744],[-68.3370069,-10.7099572],[-68.3370187,-10.7045477],[-68.3451843,-10.7045649],[-68.3451727,-10.7099744]]]}},{"type":"Feature","id":"AC-Y210-X747","properties":{"id":"AC-Y210-X747","grid_x":747,"grid_y":210,"centroid":[-68.308433,-10.7071903],"aggregation":"none","score_gradboost":0.9128587,"score_random_forest":0.774524,"score_logistic_regression":0.5560631,"score_fuzzy_knn_k29":0.5158535},"geometry":{"type":"Polygon","coordinates":[[[-68.3125097,-10.7099041],[-68.304344,-10.709886],[-68.3043563,-10.7044765],[-68.3125219,-10.7044946],[-68.3125097,-10.7099041]]]}},{"type":"Feature","id":"AC-Y210-X748","properties":{"id":"AC-Y210-X748","grid_x":748,"grid_y":210,"centroid":[-68.3002673,-10.7071721],"aggregation":"none","score_gradboost":0.8609308,"score_random_forest":0.906277,"score_logistic_regression":0.7532295,"score_fuzzy_knn_k29":0.8827515},"geometry":{"type":"Polygon","coordinates":[[[-68.304344,-10.709886],[-68.2961783,-10.7098676],[-68.2961908,-10.7044582],[-68.3043563,-10.7044765],[-68.304344,-10.709886]]]}},{"type":"Feature","id":"AC-Y210-X749","properties":{"id":"AC-Y210-X749","grid_x":749,"grid_y":210,"centroid":[-68.2921017,-10.7071537],"aggregation":"none","score_gradboost":0.9079454,"score_random_forest":0.8617152,"score_logistic_regression":0.7512748,"score_fuzzy_knn_k29":0.7848637},"geometry":{"type":"Polygon","coordinates":[[[-68.2961783,-10.7098676],[-68.2880126,-10.7098491],[-68.2880252,-10.7044397],[-68.2961908,-10.7044582],[-68.2961783,-10.7098676]]]}},{"type":"Feature","id":"AC-Y210-X750","properties":{"id":"AC-Y210-X750","grid_x":750,"grid_y":210,"centroid":[-68.2839361,-10.707135],"aggregation":"none","score_gradboost":0.9308376,"score_random_forest":0.9201514,"score_logistic_regression":0.8464943,"score_fuzzy_knn_k29":0.8984598},"geometry":{"type":"Polygon","coordinates":[[[-68.2880126,-10.7098491],[-68.2798469,-10.7098303],[-68.2798597,-10.7044209],[-68.2880252,-10.7044397],[-68.2880126,-10.7098491]]]}},{"type":"Feature","id":"AC-Y210-X751","properties":{"id":"AC-Y210-X751","grid_x":751,"grid_y":210,"centroid":[-68.2757705,-10.7071162],"aggregation":"none","score_gradboost":0.914243,"score_random_forest":0.9061801,"score_logistic_regression":0.8044889,"score_fuzzy_knn_k29":0.9317059},"geometry":{"type":"Polygon","coordinates":[[[-68.2798469,-10.7098303],[-68.2716813,-10.7098114],[-68.2716942,-10.704402],[-68.2798597,-10.7044209],[-68.2798469,-10.7098303]]]}},{"type":"Feature","id":"AC-Y210-X756","properties":{"id":"AC-Y210-X756","grid_x":756,"grid_y":210,"centroid":[-68.2349428,-10.7070187],"aggregation":"none","score_gradboost":0.7977194,"score_random_forest":0.8515049,"score_logistic_regression":0.830916,"score_fuzzy_knn_k29":0.9451173},"geometry":{"type":"Polygon","coordinates":[[[-68.2390188,-10.7097334],[-68.2308532,-10.7097133],[-68.2308669,-10.704304],[-68.2390323,-10.704324],[-68.2390188,-10.7097334]]]}},{"type":"Feature","id":"AC-Y210-X757","properties":{"id":"AC-Y210-X757","grid_x":757,"grid_y":210,"centroid":[-68.2267773,-10.7069985],"aggregation":"none","score_gradboost":0.5928126,"score_random_forest":0.6339441,"score_logistic_regression":0.8120862,"score_fuzzy_knn_k29":0.9507801},"geometry":{"type":"Polygon","coordinates":[[[-68.2308532,-10.7097133],[-68.2226877,-10.7096931],[-68.2227015,-10.7042837],[-68.2308669,-10.704304],[-68.2308532,-10.7097133]]]}},{"type":"Feature","id":"AC-Y210-X758","properties":{"id":"AC-Y210-X758","grid_x":758,"grid_y":210,"centroid":[-68.2186118,-10.7069782],"aggregation":"none","score_gradboost":0.7690602,"score_random_forest":0.7617913,"score_logistic_regression":0.8313839,"score_fuzzy_knn_k29":0.9630377},"geometry":{"type":"Polygon","coordinates":[[[-68.2226877,-10.7096931],[-68.2145221,-10.7096726],[-68.2145361,-10.7042633],[-68.2227015,-10.7042837],[-68.2226877,-10.7096931]]]}},{"type":"Feature","id":"AC-Y210-X759","properties":{"id":"AC-Y210-X759","grid_x":759,"grid_y":210,"centroid":[-68.2104464,-10.7069576],"aggregation":"none","score_gradboost":0.89844,"score_random_forest":0.7618396,"score_logistic_regression":0.6919676,"score_fuzzy_knn_k29":0.7868589},"geometry":{"type":"Polygon","coordinates":[[[-68.2145221,-10.7096726],[-68.2063566,-10.7096519],[-68.2063707,-10.7042426],[-68.2145361,-10.7042633],[-68.2145221,-10.7096726]]]}},{"type":"Feature","id":"AC-Y211-X737","properties":{"id":"AC-Y211-X737","grid_x":737,"grid_y":211,"centroid":[-68.3901009,-10.7019512],"aggregation":"none","score_gradboost":0.8948559,"score_random_forest":0.7650825,"score_logistic_regression":0.693465,"score_fuzzy_knn_k29":0.8572117},"geometry":{"type":"Polygon","coordinates":[[[-68.3941784,-10.7046639],[-68.3860127,-10.704648],[-68.3860236,-10.6992384],[-68.3941891,-10.6992544],[-68.3941784,-10.7046639]]]}},{"type":"Feature","id":"AC-Y211-X738","properties":{"id":"AC-Y211-X738","grid_x":738,"grid_y":211,"centroid":[-68.3819353,-10.7019351],"aggregation":"none","score_gradboost":0.7864785,"score_random_forest":0.8186747,"score_logistic_regression":0.7138753,"score_fuzzy_knn_k29":0.8660431},"geometry":{"type":"Polygon","coordinates":[[[-68.3860127,-10.704648],[-68.377847,-10.7046318],[-68.377858,-10.6992223],[-68.3860236,-10.6992384],[-68.3860127,-10.704648]]]}},{"type":"Feature","id":"AC-Y211-X739","properties":{"id":"AC-Y211-X739","grid_x":739,"grid_y":211,"centroid":[-68.3737697,-10.7019188],"aggregation":"none","score_gradboost":0.7342648,"score_random_forest":0.7578065,"score_logistic_regression":0.7510904,"score_fuzzy_knn_k29":0.24831},"geometry":{"type":"Polygon","coordinates":[[[-68.377847,-10.7046318],[-68.3696813,-10.7046154],[-68.3696925,-10.6992059],[-68.377858,-10.6992223],[-68.377847,-10.7046318]]]}},{"type":"Feature","id":"AC-Y211-X740","properties":{"id":"AC-Y211-X740","grid_x":740,"grid_y":211,"centroid":[-68.3656041,-10.7019024],"aggregation":"none","score_gradboost":0.6650327,"score_random_forest":0.7146594,"score_logistic_regression":0.7455352,"score_fuzzy_knn_k29":0.5145208},"geometry":{"type":"Polygon","coordinates":[[[-68.3696813,-10.7046154],[-68.3615156,-10.7045988],[-68.3615269,-10.6991893],[-68.3696925,-10.6992059],[-68.3696813,-10.7046154]]]}},{"type":"Feature","id":"AC-Y211-X741","properties":{"id":"AC-Y211-X741","grid_x":741,"grid_y":211,"centroid":[-68.3574385,-10.7018856],"aggregation":"none","score_gradboost":0.7324236,"score_random_forest":0.7900844,"score_logistic_regression":0.7473862,"score_fuzzy_knn_k29":0.5639898},"geometry":{"type":"Polygon","coordinates":[[[-68.3615156,-10.7045988],[-68.35335,-10.704582],[-68.3533614,-10.6991724],[-68.3615269,-10.6991893],[-68.3615156,-10.7045988]]]}},{"type":"Feature","id":"AC-Y211-X742","properties":{"id":"AC-Y211-X742","grid_x":742,"grid_y":211,"centroid":[-68.3492729,-10.7018687],"aggregation":"none","score_gradboost":0.8047728,"score_random_forest":0.7170622,"score_logistic_regression":0.6333123,"score_fuzzy_knn_k29":0.6199132},"geometry":{"type":"Polygon","coordinates":[[[-68.35335,-10.704582],[-68.3451843,-10.7045649],[-68.3451959,-10.6991554],[-68.3533614,-10.6991724],[-68.35335,-10.704582]]]}},{"type":"Feature","id":"AC-Y211-X743","properties":{"id":"AC-Y211-X743","grid_x":743,"grid_y":211,"centroid":[-68.3411074,-10.7018516],"aggregation":"none","score_gradboost":0.8477797,"score_random_forest":0.8757836,"score_logistic_regression":0.7464104,"score_fuzzy_knn_k29":0.8164255},"geometry":{"type":"Polygon","coordinates":[[[-68.3451843,-10.7045649],[-68.3370187,-10.7045477],[-68.3370305,-10.6991382],[-68.3451959,-10.6991554],[-68.3451843,-10.7045649]]]}},{"type":"Feature","id":"AC-Y211-X748","properties":{"id":"AC-Y211-X748","grid_x":748,"grid_y":211,"centroid":[-68.3002798,-10.7017627],"aggregation":"none","score_gradboost":0.7358199,"score_random_forest":0.8029457,"score_logistic_regression":0.7597156,"score_fuzzy_knn_k29":0.7426604},"geometry":{"type":"Polygon","coordinates":[[[-68.3043563,-10.7044765],[-68.2961908,-10.7044582],[-68.2962033,-10.6990488],[-68.3043687,-10.6990671],[-68.3043563,-10.7044765]]]}},{"type":"Feature","id":"AC-Y211-X749","properties":{"id":"AC-Y211-X749","grid_x":749,"grid_y":211,"centroid":[-68.2921143,-10.7017442],"aggregation":"none","score_gradboost":0.8411177,"score_random_forest":0.8613453,"score_logistic_regression":0.7748306,"score_fuzzy_knn_k29":0.8205263},"geometry":{"type":"Polygon","coordinates":[[[-68.2961908,-10.7044582],[-68.2880252,-10.7044397],[-68.2880379,-10.6990302],[-68.2962033,-10.6990488],[-68.2961908,-10.7044582]]]}},{"type":"Feature","id":"AC-Y211-X750","properties":{"id":"AC-Y211-X750","grid_x":750,"grid_y":211,"centroid":[-68.2839488,-10.7017256],"aggregation":"none","score_gradboost":0.7261302,"score_random_forest":0.6880783,"score_logistic_regression":0.8159303,"score_fuzzy_knn_k29":0.971911},"geometry":{"type":"Polygon","coordinates":[[[-68.2880252,-10.7044397],[-68.2798597,-10.7044209],[-68.2798725,-10.6990115],[-68.2880379,-10.6990302],[-68.2880252,-10.7044397]]]}},{"type":"Feature","id":"AC-Y211-X751","properties":{"id":"AC-Y211-X751","grid_x":751,"grid_y":211,"centroid":[-68.2757834,-10.7017068],"aggregation":"none","score_gradboost":0.8255401,"score_random_forest":0.6398825,"score_logistic_regression":0.8146018,"score_fuzzy_knn_k29":0.9378666},"geometry":{"type":"Polygon","coordinates":[[[-68.2798597,-10.7044209],[-68.2716942,-10.704402],[-68.2717071,-10.6989926],[-68.2798725,-10.6990115],[-68.2798597,-10.7044209]]]}},{"type":"Feature","id":"AC-Y211-X755","properties":{"id":"AC-Y211-X755","grid_x":755,"grid_y":211,"centroid":[-68.2431217,-10.7016292],"aggregation":"none","score_gradboost":0.7586692,"score_random_forest":0.7355075,"score_logistic_regression":0.7107194,"score_fuzzy_knn_k29":0.4805865},"geometry":{"type":"Polygon","coordinates":[[[-68.2471978,-10.7043438],[-68.2390323,-10.704324],[-68.2390458,-10.6989146],[-68.2472111,-10.6989344],[-68.2471978,-10.7043438]]]}},{"type":"Feature","id":"AC-Y211-X756","properties":{"id":"AC-Y211-X756","grid_x":756,"grid_y":211,"centroid":[-68.2349564,-10.7016093],"aggregation":"none","score_gradboost":0.8130599,"score_random_forest":0.6725448,"score_logistic_regression":0.7366144,"score_fuzzy_knn_k29":0.6272666},"geometry":{"type":"Polygon","coordinates":[[[-68.2390323,-10.704324],[-68.2308669,-10.704304],[-68.2308805,-10.6988946],[-68.2390458,-10.6989146],[-68.2390323,-10.704324]]]}},{"type":"Feature","id":"AC-Y211-X757","properties":{"id":"AC-Y211-X757","grid_x":757,"grid_y":211,"centroid":[-68.226791,-10.7015892],"aggregation":"none","score_gradboost":0.8858222,"score_random_forest":0.7731262,"score_logistic_regression":0.7278208,"score_fuzzy_knn_k29":0.543178},"geometry":{"type":"Polygon","coordinates":[[[-68.2308669,-10.704304],[-68.2227015,-10.7042837],[-68.2227152,-10.6988744],[-68.2308805,-10.6988946],[-68.2308669,-10.704304]]]}},{"type":"Feature","id":"AC-Y211-X758","properties":{"id":"AC-Y211-X758","grid_x":758,"grid_y":211,"centroid":[-68.2186257,-10.7015688],"aggregation":"none","score_gradboost":0.8010853,"score_random_forest":0.7238595,"score_logistic_regression":0.7796584,"score_fuzzy_knn_k29":0.1304946},"geometry":{"type":"Polygon","coordinates":[[[-68.2227015,-10.7042837],[-68.2145361,-10.7042633],[-68.21455,-10.6988539],[-68.2227152,-10.6988744],[-68.2227015,-10.7042837]]]}},{"type":"Feature","id":"AC-Y211-X759","properties":{"id":"AC-Y211-X759","grid_x":759,"grid_y":211,"centroid":[-68.2104604,-10.7015483],"aggregation":"none","score_gradboost":0.897607,"score_random_forest":0.776356,"score_logistic_regression":0.7603865,"score_fuzzy_knn_k29":0.7960033},"geometry":{"type":"Polygon","coordinates":[[[-68.2145361,-10.7042633],[-68.2063707,-10.7042426],[-68.2063847,-10.6988333],[-68.21455,-10.6988539],[-68.2145361,-10.7042633]]]}},{"type":"Feature","id":"AC-Y212-X737","properties":{"id":"AC-Y212-X737","grid_x":737,"grid_y":212,"centroid":[-68.3901117,-10.6965417],"aggregation":"none","score_gradboost":0.8321775,"score_random_forest":0.790175,"score_logistic_regression":0.5873376,"score_fuzzy_knn_k29":0.8198971},"geometry":{"type":"Polygon","coordinates":[[[-68.3941891,-10.6992544],[-68.3860236,-10.6992384],[-68.3860344,-10.6938289],[-68.3941999,-10.6938448],[-68.3941891,-10.6992544]]]}},{"type":"Feature","id":"AC-Y212-X738","properties":{"id":"AC-Y212-X738","grid_x":738,"grid_y":212,"centroid":[-68.3819463,-10.6965256],"aggregation":"none","score_gradboost":0.8800689,"score_random_forest":0.8596588,"score_logistic_regression":0.7352952,"score_fuzzy_knn_k29":0.747503},"geometry":{"type":"Polygon","coordinates":[[[-68.3860236,-10.6992384],[-68.377858,-10.6992223],[-68.377869,-10.6938127],[-68.3860344,-10.6938289],[-68.3860236,-10.6992384]]]}},{"type":"Feature","id":"AC-Y212-X739","properties":{"id":"AC-Y212-X739","grid_x":739,"grid_y":212,"centroid":[-68.3737808,-10.6965093],"aggregation":"none","score_gradboost":0.8919247,"score_random_forest":0.840949,"score_logistic_regression":0.7206336,"score_fuzzy_knn_k29":0.8174298},"geometry":{"type":"Polygon","coordinates":[[[-68.377858,-10.6992223],[-68.3696925,-10.6992059],[-68.3697036,-10.6937963],[-68.377869,-10.6938127],[-68.377858,-10.6992223]]]}},{"type":"Feature","id":"AC-Y212-X740","properties":{"id":"AC-Y212-X740","grid_x":740,"grid_y":212,"centroid":[-68.3656153,-10.6964928],"aggregation":"none","score_gradboost":0.8841625,"score_random_forest":0.8402801,"score_logistic_regression":0.720107,"score_fuzzy_knn_k29":0.8180342},"geometry":{"type":"Polygon","coordinates":[[[-68.3696925,-10.6992059],[-68.3615269,-10.6991893],[-68.3615383,-10.6937797],[-68.3697036,-10.6937963],[-68.3696925,-10.6992059]]]}},{"type":"Feature","id":"AC-Y212-X741","properties":{"id":"AC-Y212-X741","grid_x":741,"grid_y":212,"centroid":[-68.3574499,-10.6964761],"aggregation":"none","score_gradboost":0.9113442,"score_random_forest":0.8645796,"score_logistic_regression":0.7616361,"score_fuzzy_knn_k29":0.8214618},"geometry":{"type":"Polygon","coordinates":[[[-68.3615269,-10.6991893],[-68.3533614,-10.6991724],[-68.3533729,-10.6937629],[-68.3615383,-10.6937797],[-68.3615269,-10.6991893]]]}},{"type":"Feature","id":"AC-Y212-X742","properties":{"id":"AC-Y212-X742","grid_x":742,"grid_y":212,"centroid":[-68.3492845,-10.6964592],"aggregation":"none","score_gradboost":0.685182,"score_random_forest":0.7605435,"score_logistic_regression":0.6318937,"score_fuzzy_knn_k29":0.6448698},"geometry":{"type":"Polygon","coordinates":[[[-68.3533614,-10.6991724],[-68.3451959,-10.6991554],[-68.3452075,-10.6937459],[-68.3533729,-10.6937629],[-68.3533614,-10.6991724]]]}},{"type":"Feature","id":"AC-Y212-X743","properties":{"id":"AC-Y212-X743","grid_x":743,"grid_y":212,"centroid":[-68.341119,-10.6964421],"aggregation":"none","score_gradboost":0.8428184,"score_random_forest":0.8864856,"score_logistic_regression":0.7623109,"score_fuzzy_knn_k29":0.7877627},"geometry":{"type":"Polygon","coordinates":[[[-68.3451959,-10.6991554],[-68.3370305,-10.6991382],[-68.3370422,-10.6937287],[-68.3452075,-10.6937459],[-68.3451959,-10.6991554]]]}},{"type":"Feature","id":"AC-Y212-X747","properties":{"id":"AC-Y212-X747","grid_x":747,"grid_y":212,"centroid":[-68.3084575,-10.6963714],"aggregation":"none","score_gradboost":0.8641172,"score_random_forest":0.8182248,"score_logistic_regression":0.6876763,"score_fuzzy_knn_k29":0.4235529},"geometry":{"type":"Polygon","coordinates":[[[-68.3125341,-10.6990852],[-68.3043687,-10.6990671],[-68.304381,-10.6936576],[-68.3125463,-10.6936757],[-68.3125341,-10.6990852]]]}},{"type":"Feature","id":"AC-Y212-X748","properties":{"id":"AC-Y212-X748","grid_x":748,"grid_y":212,"centroid":[-68.3002922,-10.6963532],"aggregation":"none","score_gradboost":0.6448838,"score_random_forest":0.6528736,"score_logistic_regression":0.7299126,"score_fuzzy_knn_k29":0.4709086},"geometry":{"type":"Polygon","coordinates":[[[-68.3043687,-10.6990671],[-68.2962033,-10.6990488],[-68.2962157,-10.6936393],[-68.304381,-10.6936576],[-68.3043687,-10.6990671]]]}},{"type":"Feature","id":"AC-Y212-X749","properties":{"id":"AC-Y212-X749","grid_x":749,"grid_y":212,"centroid":[-68.2921268,-10.6963348],"aggregation":"none","score_gradboost":0.5060797,"score_random_forest":0.5979931,"score_logistic_regression":0.7357006,"score_fuzzy_knn_k29":0.4787317},"geometry":{"type":"Polygon","coordinates":[[[-68.2962033,-10.6990488],[-68.2880379,-10.6990302],[-68.2880505,-10.6936208],[-68.2962157,-10.6936393],[-68.2962033,-10.6990488]]]}},{"type":"Feature","id":"AC-Y212-X750","properties":{"id":"AC-Y212-X750","grid_x":750,"grid_y":212,"centroid":[-68.2839615,-10.6963162],"aggregation":"none","score_gradboost":0.6379323,"score_random_forest":0.7652374,"score_logistic_regression":0.7696658,"score_fuzzy_knn_k29":0.6687365},"geometry":{"type":"Polygon","coordinates":[[[-68.2880379,-10.6990302],[-68.2798725,-10.6990115],[-68.2798852,-10.6936021],[-68.2880505,-10.6936208],[-68.2880379,-10.6990302]]]}},{"type":"Feature","id":"AC-Y212-X751","properties":{"id":"AC-Y212-X751","grid_x":751,"grid_y":212,"centroid":[-68.2757962,-10.6962973],"aggregation":"none","score_gradboost":0.7590366,"score_random_forest":0.7804163,"score_logistic_regression":0.8250158,"score_fuzzy_knn_k29":0.9333512},"geometry":{"type":"Polygon","coordinates":[[[-68.2798725,-10.6990115],[-68.2717071,-10.6989926],[-68.27172,-10.6935831],[-68.2798852,-10.6936021],[-68.2798725,-10.6990115]]]}},{"type":"Feature","id":"AC-Y212-X752","properties":{"id":"AC-Y212-X752","grid_x":752,"grid_y":212,"centroid":[-68.2676309,-10.6962783],"aggregation":"none","score_gradboost":0.8059346,"score_random_forest":0.8073017,"score_logistic_regression":0.8397023,"score_fuzzy_knn_k29":0.9581442},"geometry":{"type":"Polygon","coordinates":[[[-68.2717071,-10.6989926],[-68.2635418,-10.6989734],[-68.2635548,-10.693564],[-68.27172,-10.6935831],[-68.2717071,-10.6989926]]]}},{"type":"Feature","id":"AC-Y212-X755","properties":{"id":"AC-Y212-X755","grid_x":755,"grid_y":212,"centroid":[-68.2431352,-10.6962198],"aggregation":"none","score_gradboost":0.7263816,"score_random_forest":0.7122141,"score_logistic_regression":0.6100984,"score_fuzzy_knn_k29":0.5311046},"geometry":{"type":"Polygon","coordinates":[[[-68.2472111,-10.6989344],[-68.2390458,-10.6989146],[-68.2390593,-10.6935052],[-68.2472244,-10.693525],[-68.2472111,-10.6989344]]]}},{"type":"Feature","id":"AC-Y212-X756","properties":{"id":"AC-Y212-X756","grid_x":756,"grid_y":212,"centroid":[-68.2349699,-10.6961999],"aggregation":"none","score_gradboost":0.8580449,"score_random_forest":0.7666784,"score_logistic_regression":0.7423871,"score_fuzzy_knn_k29":0.5248932},"geometry":{"type":"Polygon","coordinates":[[[-68.2390458,-10.6989146],[-68.2308805,-10.6988946],[-68.2308941,-10.6934852],[-68.2390593,-10.6935052],[-68.2390458,-10.6989146]]]}},{"type":"Feature","id":"AC-Y212-X757","properties":{"id":"AC-Y212-X757","grid_x":757,"grid_y":212,"centroid":[-68.2268047,-10.6961798],"aggregation":"none","score_gradboost":0.9034259,"score_random_forest":0.7845777,"score_logistic_regression":0.6868988,"score_fuzzy_knn_k29":0.820807},"geometry":{"type":"Polygon","coordinates":[[[-68.2308805,-10.6988946],[-68.2227152,-10.6988744],[-68.222729,-10.693465],[-68.2308941,-10.6934852],[-68.2308805,-10.6988946]]]}},{"type":"Feature","id":"AC-Y212-X758","properties":{"id":"AC-Y212-X758","grid_x":758,"grid_y":212,"centroid":[-68.2186395,-10.6961595],"aggregation":"none","score_gradboost":0.6494549,"score_random_forest":0.6467817,"score_logistic_regression":0.7540071,"score_fuzzy_knn_k29":0.0},"geometry":{"type":"Polygon","coordinates":[[[-68.2227152,-10.6988744],[-68.21455,-10.6988539],[-68.2145639,-10.6934446],[-68.222729,-10.693465],[-68.2227152,-10.6988744]]]}},{"type":"Feature","id":"AC-Y212-X759","properties":{"id":"AC-Y212-X759","grid_x":759,"grid_y":212,"centroid":[-68.2104744,-10.6961389],"aggregation":"none","score_gradboost":0.8531927,"score_random_forest":0.8200146,"score_logistic_regression":0.7409257,"score_fuzzy_knn_k29":0.7115158},"geometry":{"type":"Polygon","coordinates":[[[-68.21455,-10.6988539],[-68.2063847,-10.6988333],[-68.2063988,-10.6934239],[-68.2145639,-10.6934446],[-68.21455,-10.6988539]]]}},{"type":"Feature","id":"AC-Y213-X737","properties":{"id":"AC-Y213-X737","grid_x":737,"grid_y":213,"centroid":[-68.3901225,-10.6911321],"aggregation":"none","score_gradboost":0.8648191,"score_random_forest":0.9055105,"score_logistic_regression":0.7233256,"score_fuzzy_knn_k29":0.975499},"geometry":{"type":"Polygon","coordinates":[[[-68.3941999,-10.6938448],[-68.3860344,-10.6938289],[-68.3860453,-10.6884193],[-68.3942106,-10.6884353],[-68.3941999,-10.6938448]]]}},{"type":"Feature","id":"AC-Y213-X738","properties":{"id":"AC-Y213-X738","grid_x":738,"grid_y":213,"centroid":[-68.3819572,-10.6911161],"aggregation":"none","score_gradboost":0.8236869,"score_random_forest":0.8170991,"score_logistic_regression":0.7283121,"score_fuzzy_knn_k29":0.9128208},"geometry":{"type":"Polygon","coordinates":[[[-68.3860344,-10.6938289],[-68.377869,-10.6938127],[-68.3778801,-10.6884032],[-68.3860453,-10.6884193],[-68.3860344,-10.6938289]]]}},{"type":"Feature","id":"AC-Y213-X739","properties":{"id":"AC-Y213-X739","grid_x":739,"grid_y":213,"centroid":[-68.3737919,-10.6910998],"aggregation":"none","score_gradboost":0.8509871,"score_random_forest":0.8255358,"score_logistic_regression":0.7149916,"score_fuzzy_knn_k29":0.8858961},"geometry":{"type":"Polygon","coordinates":[[[-68.377869,-10.6938127],[-68.3697036,-10.6937963],[-68.3697148,-10.6883868],[-68.3778801,-10.6884032],[-68.377869,-10.6938127]]]}},{"type":"Feature","id":"AC-Y213-X740","properties":{"id":"AC-Y213-X740","grid_x":740,"grid_y":213,"centroid":[-68.3656266,-10.6910833],"aggregation":"none","score_gradboost":0.8315822,"score_random_forest":0.831587,"score_logistic_regression":0.7726951,"score_fuzzy_knn_k29":0.9493689},"geometry":{"type":"Polygon","coordinates":[[[-68.3697036,-10.6937963],[-68.3615383,-10.6937797],[-68.3615496,-10.6883702],[-68.3697148,-10.6883868],[-68.3697036,-10.6937963]]]}},{"type":"Feature","id":"AC-Y213-X741","properties":{"id":"AC-Y213-X741","grid_x":741,"grid_y":213,"centroid":[-68.3574613,-10.6910666],"aggregation":"none","score_gradboost":0.8532355,"score_random_forest":0.8057164,"score_logistic_regression":0.7669131,"score_fuzzy_knn_k29":0.9539761},"geometry":{"type":"Polygon","coordinates":[[[-68.3615383,-10.6937797],[-68.3533729,-10.6937629],[-68.3533843,-10.6883534],[-68.3615496,-10.6883702],[-68.3615383,-10.6937797]]]}},{"type":"Feature","id":"AC-Y213-X743","properties":{"id":"AC-Y213-X743","grid_x":743,"grid_y":213,"centroid":[-68.3411307,-10.6910326],"aggregation":"none","score_gradboost":0.7226785,"score_random_forest":0.8056188,"score_logistic_regression":0.7970126,"score_fuzzy_knn_k29":0.9332651},"geometry":{"type":"Polygon","coordinates":[[[-68.3452075,-10.6937459],[-68.3370422,-10.6937287],[-68.3370539,-10.6883192],[-68.3452191,-10.6883364],[-68.3452075,-10.6937459]]]}},{"type":"Feature","id":"AC-Y213-X747","properties":{"id":"AC-Y213-X747","grid_x":747,"grid_y":213,"centroid":[-68.3084698,-10.690962],"aggregation":"none","score_gradboost":0.6425205,"score_random_forest":0.6577393,"score_logistic_regression":0.8410783,"score_fuzzy_knn_k29":0.8986347},"geometry":{"type":"Polygon","coordinates":[[[-68.3125463,-10.6936757],[-68.304381,-10.6936576],[-68.3043933,-10.6882482],[-68.3125584,-10.6882662],[-68.3125463,-10.6936757]]]}},{"type":"Feature","id":"AC-Y213-X748","properties":{"id":"AC-Y213-X748","grid_x":748,"grid_y":213,"centroid":[-68.3003046,-10.6909438],"aggregation":"none","score_gradboost":0.7879435,"score_random_forest":0.7752466,"score_logistic_regression":0.7411068,"score_fuzzy_knn_k29":0.7032018},"geometry":{"type":"Polygon","coordinates":[[[-68.304381,-10.6936576],[-68.2962157,-10.6936393],[-68.2962282,-10.6882299],[-68.3043933,-10.6882482],[-68.304381,-10.6936576]]]}},{"type":"Feature","id":"AC-Y213-X749","properties":{"id":"AC-Y213-X749","grid_x":749,"grid_y":213,"centroid":[-68.2921394,-10.6909254],"aggregation":"none","score_gradboost":0.6612091,"score_random_forest":0.6711434,"score_logistic_regression":0.7676676,"score_fuzzy_knn_k29":0.7044901},"geometry":{"type":"Polygon","coordinates":[[[-68.2962157,-10.6936393],[-68.2880505,-10.6936208],[-68.2880631,-10.6882114],[-68.2962282,-10.6882299],[-68.2962157,-10.6936393]]]}},{"type":"Feature","id":"AC-Y213-X750","properties":{"id":"AC-Y213-X750","grid_x":750,"grid_y":213,"centroid":[-68.2839742,-10.6909067],"aggregation":"none","score_gradboost":0.7532337,"score_random_forest":0.7556072,"score_logistic_regression":0.6318856,"score_fuzzy_knn_k29":0.6430124},"geometry":{"type":"Polygon","coordinates":[[[-68.2880505,-10.6936208],[-68.2798852,-10.6936021],[-68.279898,-10.6881926],[-68.2880631,-10.6882114],[-68.2880505,-10.6936208]]]}},{"type":"Feature","id":"AC-Y213-X751","properties":{"id":"AC-Y213-X751","grid_x":751,"grid_y":213,"centroid":[-68.275809,-10.6908879],"aggregation":"none","score_gradboost":0.8030651,"score_random_forest":0.807651,"score_logistic_regression":0.751308,"score_fuzzy_knn_k29":0.5945773},"geometry":{"type":"Polygon","coordinates":[[[-68.2798852,-10.6936021],[-68.27172,-10.6935831],[-68.2717329,-10.6881737],[-68.279898,-10.6881926],[-68.2798852,-10.6936021]]]}},{"type":"Feature","id":"AC-Y213-X752","properties":{"id":"AC-Y213-X752","grid_x":752,"grid_y":213,"centroid":[-68.2676439,-10.6908689],"aggregation":"none","score_gradboost":0.7336412,"score_random_forest":0.7560476,"score_logistic_regression":0.6936169,"score_fuzzy_knn_k29":0.4075108},"geometry":{"type":"Polygon","coordinates":[[[-68.27172,-10.6935831],[-68.2635548,-10.693564],[-68.2635679,-10.6881546],[-68.2717329,-10.6881737],[-68.27172,-10.6935831]]]}},{"type":"Feature","id":"AC-Y213-X754","properties":{"id":"AC-Y213-X754","grid_x":754,"grid_y":213,"centroid":[-68.2513137,-10.6908301],"aggregation":"none","score_gradboost":0.7040809,"score_random_forest":0.7283648,"score_logistic_regression":0.6730537,"score_fuzzy_knn_k29":0.4677226},"geometry":{"type":"Polygon","coordinates":[[[-68.2553896,-10.6935446],[-68.2472244,-10.693525],[-68.2472378,-10.6881156],[-68.2554028,-10.6881352],[-68.2553896,-10.6935446]]]}},{"type":"Feature","id":"AC-Y213-X755","properties":{"id":"AC-Y213-X755","grid_x":755,"grid_y":213,"centroid":[-68.2431486,-10.6908105],"aggregation":"none","score_gradboost":0.8524961,"score_random_forest":0.8078002,"score_logistic_regression":0.6137894,"score_fuzzy_knn_k29":0.5309101},"geometry":{"type":"Polygon","coordinates":[[[-68.2472244,-10.693525],[-68.2390593,-10.6935052],[-68.2390728,-10.6880959],[-68.2472378,-10.6881156],[-68.2472244,-10.693525]]]}},{"type":"Feature","id":"AC-Y213-X756","properties":{"id":"AC-Y213-X756","grid_x":756,"grid_y":213,"centroid":[-68.2349835,-10.6907906],"aggregation":"none","score_gradboost":0.7712593,"score_random_forest":0.6263257,"score_logistic_regression":0.650452,"score_fuzzy_knn_k29":0.6700821},"geometry":{"type":"Polygon","coordinates":[[[-68.2390593,-10.6935052],[-68.2308941,-10.6934852],[-68.2309078,-10.6880759],[-68.2390728,-10.6880959],[-68.2390593,-10.6935052]]]}},{"type":"Feature","id":"AC-Y213-X757","properties":{"id":"AC-Y213-X757","grid_x":757,"grid_y":213,"centroid":[-68.2268184,-10.6907705],"aggregation":"none","score_gradboost":0.8264328,"score_random_forest":0.7794529,"score_logistic_regression":0.7435208,"score_fuzzy_knn_k29":0.5886751},"geometry":{"type":"Polygon","coordinates":[[[-68.2308941,-10.6934852],[-68.222729,-10.693465],[-68.2227428,-10.6880556],[-68.2309078,-10.6880759],[-68.2308941,-10.6934852]]]}},{"type":"Feature","id":"AC-Y213-X758","properties":{"id":"AC-Y213-X758","grid_x":758,"grid_y":213,"centroid":[-68.2186534,-10.6907501],"aggregation":"none","score_gradboost":0.9090869,"score_random_forest":0.8947888,"score_logistic_regression":0.7295008,"score_fuzzy_knn_k29":0.7501533},"geometry":{"type":"Polygon","coordinates":[[[-68.222729,-10.693465],[-68.2145639,-10.6934446],[-68.2145778,-10.6880352],[-68.2227428,-10.6880556],[-68.222729,-10.693465]]]}},{"type":"Feature","id":"AC-Y214-X737","properties":{"id":"AC-Y214-X737","grid_x":737,"grid_y":214,"centroid":[-68.3901333,-10.6857226],"aggregation":"none","score_gradboost":0.3548654,"score_random_forest":0.5291582,"score_logistic_regression":0.5553136,"score_fuzzy_knn_k29":0.6689111},"geometry":{"type":"Polygon","coordinates":[[[-68.3942106,-10.6884353],[-68.3860453,-10.6884193],[-68.3860562,-10.6830098],[-68.3942213,-10.6830257],[-68.3942106,-10.6884353]]]}},{"type":"Feature","id":"AC-Y214-X738","properties":{"id":"AC-Y214-X738","grid_x":738,"grid_y":214,"centroid":[-68.3819682,-10.6857065],"aggregation":"none","score_gradboost":0.8460982,"score_random_forest":0.8885832,"score_logistic_regression":0.7327563,"score_fuzzy_knn_k29":0.8884355},"geometry":{"type":"Polygon","coordinates":[[[-68.3860453,-10.6884193],[-68.3778801,-10.6884032],[-68.3778911,-10.6829936],[-68.3860562,-10.6830098],[-68.3860453,-10.6884193]]]}},{"type":"Feature","id":"AC-Y214-X739","properties":{"id":"AC-Y214-X739","grid_x":739,"grid_y":214,"centroid":[-68.373803,-10.6856903],"aggregation":"none","score_gradboost":0.9055357,"score_random_forest":0.89195,"score_logistic_regression":0.7608034,"score_fuzzy_knn_k29":0.9679145},"geometry":{"type":"Polygon","coordinates":[[[-68.3778801,-10.6884032],[-68.3697148,-10.6883868],[-68.369726,-10.6829773],[-68.3778911,-10.6829936],[-68.3778801,-10.6884032]]]}},{"type":"Feature","id":"AC-Y214-X740","properties":{"id":"AC-Y214-X740","grid_x":740,"grid_y":214,"centroid":[-68.3656378,-10.6856738],"aggregation":"none","score_gradboost":0.8513279,"score_random_forest":0.8424962,"score_logistic_regression":0.7635297,"score_fuzzy_knn_k29":0.9466109},"geometry":{"type":"Polygon","coordinates":[[[-68.3697148,-10.6883868],[-68.3615496,-10.6883702],[-68.3615609,-10.6829607],[-68.369726,-10.6829773],[-68.3697148,-10.6883868]]]}},{"type":"Feature","id":"AC-Y214-X741","properties":{"id":"AC-Y214-X741","grid_x":741,"grid_y":214,"centroid":[-68.3574726,-10.6856571],"aggregation":"none","score_gradboost":0.770082,"score_random_forest":0.7334776,"score_logistic_regression":0.7277739,"score_fuzzy_knn_k29":0.9270728},"geometry":{"type":"Polygon","coordinates":[[[-68.3615496,-10.6883702],[-68.3533843,-10.6883534],[-68.3533958,-10.6829439],[-68.3615609,-10.6829607],[-68.3615496,-10.6883702]]]}},{"type":"Feature","id":"AC-Y214-X743","properties":{"id":"AC-Y214-X743","grid_x":743,"grid_y":214,"centroid":[-68.3411424,-10.6856231],"aggregation":"none","score_gradboost":0.6381078,"score_random_forest":0.6964087,"score_logistic_regression":0.7791905,"score_fuzzy_knn_k29":0.7608297},"geometry":{"type":"Polygon","coordinates":[[[-68.3452191,-10.6883364],[-68.3370539,-10.6883192],[-68.3370657,-10.6829097],[-68.3452307,-10.6829269],[-68.3452191,-10.6883364]]]}},{"type":"Feature","id":"AC-Y214-X746","properties":{"id":"AC-Y214-X746","grid_x":746,"grid_y":214,"centroid":[-68.3166471,-10.6855705],"aggregation":"none","score_gradboost":0.8903177,"score_random_forest":0.8633503,"score_logistic_regression":0.833855,"score_fuzzy_knn_k29":0.9546461},"geometry":{"type":"Polygon","coordinates":[[[-68.3207236,-10.6882841],[-68.3125584,-10.6882662],[-68.3125706,-10.6828568],[-68.3207356,-10.6828746],[-68.3207236,-10.6882841]]]}},{"type":"Feature","id":"AC-Y214-X747","properties":{"id":"AC-Y214-X747","grid_x":747,"grid_y":214,"centroid":[-68.308482,-10.6855525],"aggregation":"none","score_gradboost":0.7887788,"score_random_forest":0.7319843,"score_logistic_regression":0.7765087,"score_fuzzy_knn_k29":0.7399328},"geometry":{"type":"Polygon","coordinates":[[[-68.3125584,-10.6882662],[-68.3043933,-10.6882482],[-68.3044056,-10.6828387],[-68.3125706,-10.6828568],[-68.3125584,-10.6882662]]]}},{"type":"Feature","id":"AC-Y214-X748","properties":{"id":"AC-Y214-X748","grid_x":748,"grid_y":214,"centroid":[-68.3003169,-10.6855343],"aggregation":"none","score_gradboost":0.8334389,"score_random_forest":0.7835176,"score_logistic_regression":0.7307614,"score_fuzzy_knn_k29":0.6336124},"geometry":{"type":"Polygon","coordinates":[[[-68.3043933,-10.6882482],[-68.2962282,-10.6882299],[-68.2962406,-10.6828204],[-68.3044056,-10.6828387],[-68.3043933,-10.6882482]]]}},{"type":"Feature","id":"AC-Y214-X749","properties":{"id":"AC-Y214-X749","grid_x":749,"grid_y":214,"centroid":[-68.2921519,-10.6855159],"aggregation":"none","score_gradboost":0.7777731,"score_random_forest":0.8478756,"score_logistic_regression":0.7131554,"score_fuzzy_knn_k29":0.759728},"geometry":{"type":"Polygon","coordinates":[[[-68.2962282,-10.6882299],[-68.2880631,-10.6882114],[-68.2880757,-10.6828019],[-68.2962406,-10.6828204],[-68.2962282,-10.6882299]]]}},{"type":"Feature","id":"AC-Y214-X750","properties":{"id":"AC-Y214-X750","grid_x":750,"grid_y":214,"centroid":[-68.2839869,-10.6854973],"aggregation":"none","score_gradboost":0.6985578,"score_random_forest":0.6715319,"score_logistic_regression":0.6697841,"score_fuzzy_knn_k29":0.525577},"geometry":{"type":"Polygon","coordinates":[[[-68.2880631,-10.6882114],[-68.279898,-10.6881926],[-68.2799107,-10.6827832],[-68.2880757,-10.6828019],[-68.2880631,-10.6882114]]]}},{"type":"Feature","id":"AC-Y214-X751","properties":{"id":"AC-Y214-X751","grid_x":751,"grid_y":214,"centroid":[-68.2758219,-10.6854785],"aggregation":"none","score_gradboost":0.9102079,"score_random_forest":0.8932336,"score_logistic_regression":0.8375118,"score_fuzzy_knn_k29":0.9342454},"geometry":{"type":"Polygon","coordinates":[[[-68.279898,-10.6881926],[-68.2717329,-10.6881737],[-68.2717458,-10.6827643],[-68.2799107,-10.6827832],[-68.279898,-10.6881926]]]}},{"type":"Feature","id":"AC-Y214-X752","properties":{"id":"AC-Y214-X752","grid_x":752,"grid_y":214,"centroid":[-68.2676569,-10.6854595],"aggregation":"none","score_gradboost":0.8740304,"score_random_forest":0.810357,"score_logistic_regression":0.6134855,"score_fuzzy_knn_k29":0.5331903},"geometry":{"type":"Polygon","coordinates":[[[-68.2717329,-10.6881737],[-68.2635679,-10.6881546],[-68.2635809,-10.6827452],[-68.2717458,-10.6827643],[-68.2717329,-10.6881737]]]}},{"type":"Feature","id":"AC-Y214-X753","properties":{"id":"AC-Y214-X753","grid_x":753,"grid_y":214,"centroid":[-68.2594919,-10.6854402],"aggregation":"none","score_gradboost":0.6411766,"score_random_forest":0.6996848,"score_logistic_regression":0.6442564,"score_fuzzy_knn_k29":0.5318397},"geometry":{"type":"Polygon","coordinates":[[[-68.2635679,-10.6881546],[-68.2554028,-10.6881352],[-68.255416,-10.6827258],[-68.2635809,-10.6827452],[-68.2635679,-10.6881546]]]}},{"type":"Feature","id":"AC-Y214-X754","properties":{"id":"AC-Y214-X754","grid_x":754,"grid_y":214,"centroid":[-68.2513269,-10.6854208],"aggregation":"none","score_gradboost":0.7553647,"score_random_forest":0.7056699,"score_logistic_regression":0.6747141,"score_fuzzy_knn_k29":0.5234031},"geometry":{"type":"Polygon","coordinates":[[[-68.2554028,-10.6881352],[-68.2472378,-10.6881156],[-68.2472511,-10.6827062],[-68.255416,-10.6827258],[-68.2554028,-10.6881352]]]}},{"type":"Feature","id":"AC-Y214-X755","properties":{"id":"AC-Y214-X755","grid_x":755,"grid_y":214,"centroid":[-68.243162,-10.6854011],"aggregation":"none","score_gradboost":0.7664184,"score_random_forest":0.7011819,"score_logistic_regression":0.5433383,"score_fuzzy_knn_k29":0.5052377},"geometry":{"type":"Polygon","coordinates":[[[-68.2472378,-10.6881156],[-68.2390728,-10.6880959],[-68.2390862,-10.6826865],[-68.2472511,-10.6827062],[-68.2472378,-10.6881156]]]}},{"type":"Feature","id":"AC-Y214-X756","properties":{"id":"AC-Y214-X756","grid_x":756,"grid_y":214,"centroid":[-68.234997,-10.6853812],"aggregation":"none","score_gradboost":0.6799402,"score_random_forest":0.7050584,"score_logistic_regression":0.5411511,"score_fuzzy_knn_k29":0.5655451},"geometry":{"type":"Polygon","coordinates":[[[-68.2390728,-10.6880959],[-68.2309078,-10.6880759],[-68.2309214,-10.6826665],[-68.2390862,-10.6826865],[-68.2390728,-10.6880959]]]}},{"type":"Feature","id":"AC-Y214-X757","properties":{"id":"AC-Y214-X757","grid_x":757,"grid_y":214,"centroid":[-68.2268321,-10.6853611],"aggregation":"none","score_gradboost":0.926787,"score_random_forest":0.8802208,"score_logistic_regression":0.7602356,"score_fuzzy_knn_k29":0.8919016},"geometry":{"type":"Polygon","coordinates":[[[-68.2309078,-10.6880759],[-68.2227428,-10.6880556],[-68.2227565,-10.6826463],[-68.2309214,-10.6826665],[-68.2309078,-10.6880759]]]}},{"type":"Feature","id":"AC-Y214-X758","properties":{"id":"AC-Y214-X758","grid_x":758,"grid_y":214,"centroid":[-68.2186672,-10.6853408],"aggregation":"none","score_gradboost":0.8165183,"score_random_forest":0.8121935,"score_logistic_regression":0.7656875,"score_fuzzy_knn_k29":1.0},"geometry":{"type":"Polygon","coordinates":[[[-68.2227428,-10.6880556],[-68.2145778,-10.6880352],[-68.2145917,-10.6826259],[-68.2227565,-10.6826463],[-68.2227428,-10.6880556]]]}},{"type":"Feature","id":"AC-Y214-X759","properties":{"id":"AC-Y214-X759","grid_x":759,"grid_y":214,"centroid":[-68.2105023,-10.6853203],"aggregation":"none","score_gradboost":0.7514418,"score_random_forest":0.8113753,"score_logistic_regression":0.7978052,"score_fuzzy_knn_k29":1.0},"geometry":{"type":"Polygon","coordinates":[[[-68.2145778,-10.6880352],[-68.2064129,-10.6880146],[-68.2064269,-10.6826052],[-68.2145917,-10.6826259],[-68.2145778,-10.6880352]]]}},{"type":"Feature","id":"AC-Y215-X737","properties":{"id":"AC-Y215-X737","grid_x":737,"grid_y":215,"centroid":[-68.3901441,-10.680313],"aggregation":"none","score_gradboost":0.7996677,"score_random_forest":0.8349563,"score_logistic_regression":0.658128,"score_fuzzy_knn_k29":0.7689702},"geometry":{"type":"Polygon","coordinates":[[[-68.3942213,-10.6830257],[-68.3860562,-10.6830098],[-68.386067,-10.6776002],[-68.394232,-10.6776162],[-68.3942213,-10.6830257]]]}},{"type":"Feature","id":"AC-Y215-X738","properties":{"id":"AC-Y215-X738","grid_x":738,"grid_y":215,"centroid":[-68.3819791,-10.680297],"aggregation":"none","score_gradboost":0.8117401,"score_random_forest":0.7356079,"score_logistic_regression":0.6047752,"score_fuzzy_knn_k29":0.749096},"geometry":{"type":"Polygon","coordinates":[[[-68.3860562,-10.6830098],[-68.3778911,-10.6829936],[-68.3779021,-10.6775841],[-68.386067,-10.6776002],[-68.3860562,-10.6830098]]]}},{"type":"Feature","id":"AC-Y215-X739","properties":{"id":"AC-Y215-X739","grid_x":739,"grid_y":215,"centroid":[-68.373814,-10.6802807],"aggregation":"none","score_gradboost":0.7736775,"score_random_forest":0.7576454,"score_logistic_regression":0.5943649,"score_fuzzy_knn_k29":0.7515888},"geometry":{"type":"Polygon","coordinates":[[[-68.3778911,-10.6829936],[-68.369726,-10.6829773],[-68.3697371,-10.6775677],[-68.3779021,-10.6775841],[-68.3778911,-10.6829936]]]}},{"type":"Feature","id":"AC-Y215-X740","properties":{"id":"AC-Y215-X740","grid_x":740,"grid_y":215,"centroid":[-68.365649,-10.6802643],"aggregation":"none","score_gradboost":0.8375255,"score_random_forest":0.8668436,"score_logistic_regression":0.8186136,"score_fuzzy_knn_k29":0.9368253},"geometry":{"type":"Polygon","coordinates":[[[-68.369726,-10.6829773],[-68.3615609,-10.6829607],[-68.3615722,-10.6775512],[-68.3697371,-10.6775677],[-68.369726,-10.6829773]]]}},{"type":"Feature","id":"AC-Y215-X743","properties":{"id":"AC-Y215-X743","grid_x":743,"grid_y":215,"centroid":[-68.341154,-10.6802136],"aggregation":"none","score_gradboost":0.6794512,"score_random_forest":0.7661227,"score_logistic_regression":0.7202613,"score_fuzzy_knn_k29":0.85128},"geometry":{"type":"Polygon","coordinates":[[[-68.3452307,-10.6829269],[-68.3370657,-10.6829097],[-68.3370774,-10.6775002],[-68.3452423,-10.6775174],[-68.3452307,-10.6829269]]]}},{"type":"Feature","id":"AC-Y215-X746","properties":{"id":"AC-Y215-X746","grid_x":746,"grid_y":215,"centroid":[-68.3166592,-10.680161],"aggregation":"none","score_gradboost":0.782654,"score_random_forest":0.739278,"score_logistic_regression":0.7993341,"score_fuzzy_knn_k29":0.9445763},"geometry":{"type":"Polygon","coordinates":[[[-68.3207356,-10.6828746],[-68.3125706,-10.6828568],[-68.3125828,-10.6774473],[-68.3207476,-10.6774651],[-68.3207356,-10.6828746]]]}},{"type":"Feature","id":"AC-Y215-X747","properties":{"id":"AC-Y215-X747","grid_x":747,"grid_y":215,"centroid":[-68.3084942,-10.680143],"aggregation":"none","score_gradboost":0.8826393,"score_random_forest":0.7967376,"score_logistic_regression":0.745872,"score_fuzzy_knn_k29":0.7456533},"geometry":{"type":"Polygon","coordinates":[[[-68.3125706,-10.6828568],[-68.3044056,-10.6828387],[-68.3044179,-10.6774292],[-68.3125828,-10.6774473],[-68.3125706,-10.6828568]]]}},{"type":"Feature","id":"AC-Y215-X748","properties":{"id":"AC-Y215-X748","grid_x":748,"grid_y":215,"centroid":[-68.3003293,-10.6801249],"aggregation":"none","score_gradboost":0.871712,"score_random_forest":0.8044957,"score_logistic_regression":0.7316438,"score_fuzzy_knn_k29":0.2971883},"geometry":{"type":"Polygon","coordinates":[[[-68.3044056,-10.6828387],[-68.2962406,-10.6828204],[-68.2962531,-10.677411],[-68.3044179,-10.6774292],[-68.3044056,-10.6828387]]]}},{"type":"Feature","id":"AC-Y215-X749","properties":{"id":"AC-Y215-X749","grid_x":749,"grid_y":215,"centroid":[-68.2921644,-10.6801065],"aggregation":"none","score_gradboost":0.7879936,"score_random_forest":0.8426494,"score_logistic_regression":0.7660862,"score_fuzzy_knn_k29":0.8299319},"geometry":{"type":"Polygon","coordinates":[[[-68.2962406,-10.6828204],[-68.2880757,-10.6828019],[-68.2880883,-10.6773925],[-68.2962531,-10.677411],[-68.2962406,-10.6828204]]]}},{"type":"Feature","id":"AC-Y215-X750","properties":{"id":"AC-Y215-X750","grid_x":750,"grid_y":215,"centroid":[-68.2839995,-10.6800879],"aggregation":"none","score_gradboost":0.8925114,"score_random_forest":0.8425687,"score_logistic_regression":0.7458519,"score_fuzzy_knn_k29":0.8149432},"geometry":{"type":"Polygon","coordinates":[[[-68.2880757,-10.6828019],[-68.2799107,-10.6827832],[-68.2799235,-10.6773738],[-68.2880883,-10.6773925],[-68.2880757,-10.6828019]]]}},{"type":"Feature","id":"AC-Y215-X751","properties":{"id":"AC-Y215-X751","grid_x":751,"grid_y":215,"centroid":[-68.2758347,-10.6800691],"aggregation":"none","score_gradboost":0.8159884,"score_random_forest":0.8041319,"score_logistic_regression":0.8312592,"score_fuzzy_knn_k29":0.9511533},"geometry":{"type":"Polygon","coordinates":[[[-68.2799107,-10.6827832],[-68.2717458,-10.6827643],[-68.2717587,-10.6773549],[-68.2799235,-10.6773738],[-68.2799107,-10.6827832]]]}},{"type":"Feature","id":"AC-Y215-X752","properties":{"id":"AC-Y215-X752","grid_x":752,"grid_y":215,"centroid":[-68.2676698,-10.68005],"aggregation":"none","score_gradboost":0.8529313,"score_random_forest":0.7715581,"score_logistic_regression":0.678033,"score_fuzzy_knn_k29":0.6167284},"geometry":{"type":"Polygon","coordinates":[[[-68.2717458,-10.6827643],[-68.2635809,-10.6827452],[-68.2635939,-10.6773357],[-68.2717587,-10.6773549],[-68.2717458,-10.6827643]]]}},{"type":"Feature","id":"AC-Y215-X753","properties":{"id":"AC-Y215-X753","grid_x":753,"grid_y":215,"centroid":[-68.259505,-10.6800308],"aggregation":"none","score_gradboost":0.7306242,"score_random_forest":0.7087857,"score_logistic_regression":0.6391817,"score_fuzzy_knn_k29":0.5361044},"geometry":{"type":"Polygon","coordinates":[[[-68.2635809,-10.6827452],[-68.255416,-10.6827258],[-68.2554292,-10.6773164],[-68.2635939,-10.6773357],[-68.2635809,-10.6827452]]]}},{"type":"Feature","id":"AC-Y215-X754","properties":{"id":"AC-Y215-X754","grid_x":754,"grid_y":215,"centroid":[-68.2513402,-10.6800114],"aggregation":"none","score_gradboost":0.7982561,"score_random_forest":0.7422998,"score_logistic_regression":0.6928947,"score_fuzzy_knn_k29":0.6142275},"geometry":{"type":"Polygon","coordinates":[[[-68.255416,-10.6827258],[-68.2472511,-10.6827062],[-68.2472644,-10.6772969],[-68.2554292,-10.6773164],[-68.255416,-10.6827258]]]}},{"type":"Feature","id":"AC-Y215-X755","properties":{"id":"AC-Y215-X755","grid_x":755,"grid_y":215,"centroid":[-68.2431754,-10.6799917],"aggregation":"none","score_gradboost":0.8251044,"score_random_forest":0.7293506,"score_logistic_regression":0.5516917,"score_fuzzy_knn_k29":0.379542},"geometry":{"type":"Polygon","coordinates":[[[-68.2472511,-10.6827062],[-68.2390862,-10.6826865],[-68.2390997,-10.6772771],[-68.2472644,-10.6772969],[-68.2472511,-10.6827062]]]}},{"type":"Feature","id":"AC-Y215-X756","properties":{"id":"AC-Y215-X756","grid_x":756,"grid_y":215,"centroid":[-68.2350106,-10.6799718],"aggregation":"none","score_gradboost":0.9265077,"score_random_forest":0.8862721,"score_logistic_regression":0.5911744,"score_fuzzy_knn_k29":0.8440218},"geometry":{"type":"Polygon","coordinates":[[[-68.2390862,-10.6826865],[-68.2309214,-10.6826665],[-68.230935,-10.6772571],[-68.2390997,-10.6772771],[-68.2390862,-10.6826865]]]}},{"type":"Feature","id":"AC-Y215-X757","properties":{"id":"AC-Y215-X757","grid_x":757,"grid_y":215,"centroid":[-68.2268458,-10.6799517],"aggregation":"none","score_gradboost":0.7328016,"score_random_forest":0.8112272,"score_logistic_regression":0.7341865,"score_fuzzy_knn_k29":0.7841023},"geometry":{"type":"Polygon","coordinates":[[[-68.2309214,-10.6826665],[-68.2227565,-10.6826463],[-68.2227703,-10.6772369],[-68.230935,-10.6772571],[-68.2309214,-10.6826665]]]}},{"type":"Feature","id":"AC-Y215-X758","properties":{"id":"AC-Y215-X758","grid_x":758,"grid_y":215,"centroid":[-68.218681,-10.6799314],"aggregation":"none","score_gradboost":0.8376672,"score_random_forest":0.8779953,"score_logistic_regression":0.7987494,"score_fuzzy_knn_k29":1.0},"geometry":{"type":"Polygon","coordinates":[[[-68.2227565,-10.6826463],[-68.2145917,-10.6826259],[-68.2146056,-10.6772165],[-68.2227703,-10.6772369],[-68.2227565,-10.6826463]]]}},{"type":"Feature","id":"AC-Y215-X759","properties":{"id":"AC-Y215-X759","grid_x":759,"grid_y":215,"centroid":[-68.2105163,-10.6799109],"aggregation":"none","score_gradboost":0.8396493,"score_random_forest":0.8857337,"score_logistic_regression":0.8222913,"score_fuzzy_knn_k29":1.0},"geometry":{"type":"Polygon","coordinates":[[[-68.2145917,-10.6826259],[-68.2064269,-10.6826052],[-68.2064409,-10.6771959],[-68.2146056,-10.6772165],[-68.2145917,-10.6826259]]]}},{"type":"Feature","id":"AC-Y216-X745","properties":{"id":"AC-Y216-X745","grid_x":745,"grid_y":216,"centroid":[-68.324836,-10.6747692],"aggregation":"none","score_gradboost":0.7422565,"score_random_forest":0.6720749,"score_logistic_regression":0.6993817,"score_fuzzy_knn_k29":0.8607868},"geometry":{"type":"Polygon","coordinates":[[[-68.3289125,-10.6774828],[-68.3207476,-10.6774651],[-68.3207597,-10.6720557],[-68.3289244,-10.6720733],[-68.3289125,-10.6774828]]]}},{"type":"Feature","id":"AC-Y216-X746","properties":{"id":"AC-Y216-X746","grid_x":746,"grid_y":216,"centroid":[-68.3166712,-10.6747515],"aggregation":"none","score_gradboost":0.670922,"score_random_forest":0.7705464,"score_logistic_regression":0.7305873,"score_fuzzy_knn_k29":0.94711},"geometry":{"type":"Polygon","coordinates":[[[-68.3207476,-10.6774651],[-68.3125828,-10.6774473],[-68.3125949,-10.6720378],[-68.3207597,-10.6720557],[-68.3207476,-10.6774651]]]}},{"type":"Feature","id":"AC-Y216-X747","properties":{"id":"AC-Y216-X747","grid_x":747,"grid_y":216,"centroid":[-68.3085065,-10.6747336],"aggregation":"none","score_gradboost":0.7567406,"score_random_forest":0.7660013,"score_logistic_regression":0.7358164,"score_fuzzy_knn_k29":0.8131008},"geometry":{"type":"Polygon","coordinates":[[[-68.3125828,-10.6774473],[-68.3044179,-10.6774292],[-68.3044302,-10.6720198],[-68.3125949,-10.6720378],[-68.3125828,-10.6774473]]]}},{"type":"Feature","id":"AC-Y216-X748","properties":{"id":"AC-Y216-X748","grid_x":748,"grid_y":216,"centroid":[-68.3003417,-10.6747154],"aggregation":"none","score_gradboost":0.6916377,"score_random_forest":0.7583833,"score_logistic_regression":0.743776,"score_fuzzy_knn_k29":0.6468512},"geometry":{"type":"Polygon","coordinates":[[[-68.3044179,-10.6774292],[-68.2962531,-10.677411],[-68.2962655,-10.6720015],[-68.3044302,-10.6720198],[-68.3044179,-10.6774292]]]}},{"type":"Feature","id":"AC-Y216-X749","properties":{"id":"AC-Y216-X749","grid_x":749,"grid_y":216,"centroid":[-68.2921769,-10.674697],"aggregation":"none","score_gradboost":0.880588,"score_random_forest":0.8507858,"score_logistic_regression":0.773633,"score_fuzzy_knn_k29":0.8451094},"geometry":{"type":"Polygon","coordinates":[[[-68.2962531,-10.677411],[-68.2880883,-10.6773925],[-68.2881009,-10.671983],[-68.2962655,-10.6720015],[-68.2962531,-10.677411]]]}},{"type":"Feature","id":"AC-Y216-X750","properties":{"id":"AC-Y216-X750","grid_x":750,"grid_y":216,"centroid":[-68.2840122,-10.6746784],"aggregation":"none","score_gradboost":0.7066543,"score_random_forest":0.7199814,"score_logistic_regression":0.7816496,"score_fuzzy_knn_k29":0.4368564},"geometry":{"type":"Polygon","coordinates":[[[-68.2880883,-10.6773925],[-68.2799235,-10.6773738],[-68.2799362,-10.6719643],[-68.2881009,-10.671983],[-68.2880883,-10.6773925]]]}},{"type":"Feature","id":"AC-Y216-X751","properties":{"id":"AC-Y216-X751","grid_x":751,"grid_y":216,"centroid":[-68.2758475,-10.6746596],"aggregation":"none","score_gradboost":0.6433043,"score_random_forest":0.7070025,"score_logistic_regression":0.7839791,"score_fuzzy_knn_k29":0.5328951},"geometry":{"type":"Polygon","coordinates":[[[-68.2799235,-10.6773738],[-68.2717587,-10.6773549],[-68.2717716,-10.6719454],[-68.2799362,-10.6719643],[-68.2799235,-10.6773738]]]}},{"type":"Feature","id":"AC-Y216-X752","properties":{"id":"AC-Y216-X752","grid_x":752,"grid_y":216,"centroid":[-68.2676828,-10.6746406],"aggregation":"none","score_gradboost":0.716666,"score_random_forest":0.7622594,"score_logistic_regression":0.5632188,"score_fuzzy_knn_k29":0.556417},"geometry":{"type":"Polygon","coordinates":[[[-68.2717587,-10.6773549],[-68.2635939,-10.6773357],[-68.2636069,-10.6719263],[-68.2717716,-10.6719454],[-68.2717587,-10.6773549]]]}},{"type":"Feature","id":"AC-Y216-X753","properties":{"id":"AC-Y216-X753","grid_x":753,"grid_y":216,"centroid":[-68.2595181,-10.6746214],"aggregation":"none","score_gradboost":0.7565651,"score_random_forest":0.747494,"score_logistic_regression":0.6549605,"score_fuzzy_knn_k29":0.3750876},"geometry":{"type":"Polygon","coordinates":[[[-68.2635939,-10.6773357],[-68.2554292,-10.6773164],[-68.2554423,-10.671907],[-68.2636069,-10.6719263],[-68.2635939,-10.6773357]]]}},{"type":"Feature","id":"AC-Y216-X754","properties":{"id":"AC-Y216-X754","grid_x":754,"grid_y":216,"centroid":[-68.2513534,-10.674602],"aggregation":"none","score_gradboost":0.6709012,"score_random_forest":0.7946333,"score_logistic_regression":0.6149708,"score_fuzzy_knn_k29":0.8596433},"geometry":{"type":"Polygon","coordinates":[[[-68.2554292,-10.6773164],[-68.2472644,-10.6772969],[-68.2472777,-10.6718875],[-68.2554423,-10.671907],[-68.2554292,-10.6773164]]]}},{"type":"Feature","id":"AC-Y216-X755","properties":{"id":"AC-Y216-X755","grid_x":755,"grid_y":216,"centroid":[-68.2431887,-10.6745823],"aggregation":"none","score_gradboost":0.8552028,"score_random_forest":0.8248626,"score_logistic_regression":0.6469325,"score_fuzzy_knn_k29":0.7039352},"geometry":{"type":"Polygon","coordinates":[[[-68.2472644,-10.6772969],[-68.2390997,-10.6772771],[-68.2391131,-10.6718677],[-68.2472777,-10.6718875],[-68.2472644,-10.6772969]]]}},{"type":"Feature","id":"AC-Y216-X756","properties":{"id":"AC-Y216-X756","grid_x":756,"grid_y":216,"centroid":[-68.2350241,-10.6745624],"aggregation":"none","score_gradboost":0.89058,"score_random_forest":0.7886862,"score_logistic_regression":0.4777708,"score_fuzzy_knn_k29":0.4594267},"geometry":{"type":"Polygon","coordinates":[[[-68.2390997,-10.6772771],[-68.230935,-10.6772571],[-68.2309486,-10.6718477],[-68.2391131,-10.6718677],[-68.2390997,-10.6772771]]]}},{"type":"Feature","id":"AC-Y216-X757","properties":{"id":"AC-Y216-X757","grid_x":757,"grid_y":216,"centroid":[-68.2268595,-10.6745424],"aggregation":"none","score_gradboost":0.8442958,"score_random_forest":0.831212,"score_logistic_regression":0.5144948,"score_fuzzy_knn_k29":0.5805617},"geometry":{"type":"Polygon","coordinates":[[[-68.230935,-10.6772571],[-68.2227703,-10.6772369],[-68.222784,-10.6718276],[-68.2309486,-10.6718477],[-68.230935,-10.6772571]]]}},{"type":"Feature","id":"AC-Y216-X758","properties":{"id":"AC-Y216-X758","grid_x":758,"grid_y":216,"centroid":[-68.2186949,-10.6745221],"aggregation":"none","score_gradboost":0.7687069,"score_random_forest":0.8379802,"score_logistic_regression":0.8071632,"score_fuzzy_knn_k29":1.0},"geometry":{"type":"Polygon","coordinates":[[[-68.2227703,-10.6772369],[-68.2146056,-10.6772165],[-68.2146195,-10.6718072],[-68.222784,-10.6718276],[-68.2227703,-10.6772369]]]}},{"type":"Feature","id":"AC-Y216-X759","properties":{"id":"AC-Y216-X759","grid_x":759,"grid_y":216,"centroid":[-68.2105303,-10.6745016],"aggregation":"none","score_gradboost":0.9144562,"score_random_forest":0.9456382,"score_logistic_regression":0.7662226,"score_fuzzy_knn_k29":1.0},"geometry":{"type":"Polygon","coordinates":[[[-68.2146056,-10.6772165],[-68.2064409,-10.6771959],[-68.206455,-10.6717866],[-68.2146195,-10.6718072],[-68.2146056,-10.6772165]]]}},{"type":"Feature","id":"AC-Y217-X745","properties":{"id":"AC-Y217-X745","grid_x":745,"grid_y":217,"centroid":[-68.324848,-10.6693598],"aggregation":"none","score_gradboost":0.8900917,"score_random_forest":0.8525931,"score_logistic_regression":0.7722449,"score_fuzzy_knn_k29":0.9185468},"geometry":{"type":"Polygon","coordinates":[[[-68.3289244,-10.6720733],[-68.3207597,-10.6720557],[-68.3207717,-10.6666462],[-68.3289362,-10.6666638],[-68.3289244,-10.6720733]]]}},{"type":"Feature","id":"AC-Y217-X746","properties":{"id":"AC-Y217-X746","grid_x":746,"grid_y":217,"centroid":[-68.3166833,-10.669342],"aggregation":"none","score_gradboost":0.9016093,"score_random_forest":0.8428141,"score_logistic_regression":0.71518,"score_fuzzy_knn_k29":0.8379081},"geometry":{"type":"Polygon","coordinates":[[[-68.3207597,-10.6720557],[-68.3125949,-10.6720378],[-68.3126071,-10.6666284],[-68.3207717,-10.6666462],[-68.3207597,-10.6720557]]]}},{"type":"Feature","id":"AC-Y217-X747","properties":{"id":"AC-Y217-X747","grid_x":747,"grid_y":217,"centroid":[-68.3085187,-10.6693241],"aggregation":"none","score_gradboost":0.9404882,"score_random_forest":0.8596296,"score_logistic_regression":0.7691604,"score_fuzzy_knn_k29":0.851487},"geometry":{"type":"Polygon","coordinates":[[[-68.3125949,-10.6720378],[-68.3044302,-10.6720198],[-68.3044425,-10.6666103],[-68.3126071,-10.6666284],[-68.3125949,-10.6720378]]]}},{"type":"Feature","id":"AC-Y217-X748","properties":{"id":"AC-Y217-X748","grid_x":748,"grid_y":217,"centroid":[-68.3003541,-10.6693059],"aggregation":"none","score_gradboost":0.9016093,"score_random_forest":0.8416838,"score_logistic_regression":0.7191572,"score_fuzzy_knn_k29":0.8214177},"geometry":{"type":"Polygon","coordinates":[[[-68.3044302,-10.6720198],[-68.2962655,-10.6720015],[-68.296278,-10.6665921],[-68.3044425,-10.6666103],[-68.3044302,-10.6720198]]]}},{"type":"Feature","id":"AC-Y217-X749","properties":{"id":"AC-Y217-X749","grid_x":749,"grid_y":217,"centroid":[-68.2921895,-10.6692876],"aggregation":"none","score_gradboost":0.8690302,"score_random_forest":0.8170371,"score_logistic_regression":0.7447668,"score_fuzzy_knn_k29":0.847917},"geometry":{"type":"Polygon","coordinates":[[[-68.2962655,-10.6720015],[-68.2881009,-10.671983],[-68.2881134,-10.6665736],[-68.296278,-10.6665921],[-68.2962655,-10.6720015]]]}},{"type":"Feature","id":"AC-Y217-X750","properties":{"id":"AC-Y217-X750","grid_x":750,"grid_y":217,"centroid":[-68.2840249,-10.669269],"aggregation":"none","score_gradboost":0.8329985,"score_random_forest":0.7876628,"score_logistic_regression":0.7513629,"score_fuzzy_knn_k29":0.8944827},"geometry":{"type":"Polygon","coordinates":[[[-68.2881009,-10.671983],[-68.2799362,-10.6719643],[-68.2799489,-10.6665549],[-68.2881134,-10.6665736],[-68.2881009,-10.671983]]]}},{"type":"Feature","id":"AC-Y217-X751","properties":{"id":"AC-Y217-X751","grid_x":751,"grid_y":217,"centroid":[-68.2758603,-10.6692502],"aggregation":"none","score_gradboost":0.921037,"score_random_forest":0.8765624,"score_logistic_regression":0.7681326,"score_fuzzy_knn_k29":0.8782094},"geometry":{"type":"Polygon","coordinates":[[[-68.2799362,-10.6719643],[-68.2717716,-10.6719454],[-68.2717844,-10.666536],[-68.2799489,-10.6665549],[-68.2799362,-10.6719643]]]}},{"type":"Feature","id":"AC-Y217-X752","properties":{"id":"AC-Y217-X752","grid_x":752,"grid_y":217,"centroid":[-68.2676957,-10.6692312],"aggregation":"none","score_gradboost":0.9110039,"score_random_forest":0.8037909,"score_logistic_regression":0.7043411,"score_fuzzy_knn_k29":0.8523255},"geometry":{"type":"Polygon","coordinates":[[[-68.2717716,-10.6719454],[-68.2636069,-10.6719263],[-68.2636199,-10.6665169],[-68.2717844,-10.666536],[-68.2717716,-10.6719454]]]}},{"type":"Feature","id":"AC-Y217-X753","properties":{"id":"AC-Y217-X753","grid_x":753,"grid_y":217,"centroid":[-68.2595312,-10.669212],"aggregation":"none","score_gradboost":0.8378461,"score_random_forest":0.7842358,"score_logistic_regression":0.5607008,"score_fuzzy_knn_k29":0.7727893},"geometry":{"type":"Polygon","coordinates":[[[-68.2636069,-10.6719263],[-68.2554423,-10.671907],[-68.2554555,-10.6664976],[-68.2636199,-10.6665169],[-68.2636069,-10.6719263]]]}},{"type":"Feature","id":"AC-Y217-X754","properties":{"id":"AC-Y217-X754","grid_x":754,"grid_y":217,"centroid":[-68.2513666,-10.6691926],"aggregation":"none","score_gradboost":0.8809785,"score_random_forest":0.8216755,"score_logistic_regression":0.7396688,"score_fuzzy_knn_k29":0.7573985},"geometry":{"type":"Polygon","coordinates":[[[-68.2554423,-10.671907],[-68.2472777,-10.6718875],[-68.247291,-10.6664781],[-68.2554555,-10.6664976],[-68.2554423,-10.671907]]]}},{"type":"Feature","id":"AC-Y217-X755","properties":{"id":"AC-Y217-X755","grid_x":755,"grid_y":217,"centroid":[-68.2432021,-10.6691729],"aggregation":"none","score_gradboost":0.8873808,"score_random_forest":0.853748,"score_logistic_regression":0.7499639,"score_fuzzy_knn_k29":0.9739337},"geometry":{"type":"Polygon","coordinates":[[[-68.2472777,-10.6718875],[-68.2391131,-10.6718677],[-68.2391266,-10.6664583],[-68.247291,-10.6664781],[-68.2472777,-10.6718875]]]}},{"type":"Feature","id":"AC-Y217-X756","properties":{"id":"AC-Y217-X756","grid_x":756,"grid_y":217,"centroid":[-68.2350376,-10.6691531],"aggregation":"none","score_gradboost":0.8584355,"score_random_forest":0.9049131,"score_logistic_regression":0.5494562,"score_fuzzy_knn_k29":0.7910442},"geometry":{"type":"Polygon","coordinates":[[[-68.2391131,-10.6718677],[-68.2309486,-10.6718477],[-68.2309622,-10.6664384],[-68.2391266,-10.6664583],[-68.2391131,-10.6718677]]]}},{"type":"Feature","id":"AC-Y217-X757","properties":{"id":"AC-Y217-X757","grid_x":757,"grid_y":217,"centroid":[-68.2268731,-10.669133],"aggregation":"none","score_gradboost":0.6940411,"score_random_forest":0.6986935,"score_logistic_regression":0.4748362,"score_fuzzy_knn_k29":0.454743},"geometry":{"type":"Polygon","coordinates":[[[-68.2309486,-10.6718477],[-68.222784,-10.6718276],[-68.2227978,-10.6664182],[-68.2309622,-10.6664384],[-68.2309486,-10.6718477]]]}},{"type":"Feature","id":"AC-Y217-X758","properties":{"id":"AC-Y217-X758","grid_x":758,"grid_y":217,"centroid":[-68.2187087,-10.6691127],"aggregation":"none","score_gradboost":0.8846522,"score_random_forest":0.9255264,"score_logistic_regression":0.7906996,"score_fuzzy_knn_k29":1.0},"geometry":{"type":"Polygon","coordinates":[[[-68.222784,-10.6718276],[-68.2146195,-10.6718072],[-68.2146334,-10.6663978],[-68.2227978,-10.6664182],[-68.222784,-10.6718276]]]}},{"type":"Feature","id":"AC-Y218-X745","properties":{"id":"AC-Y218-X745","grid_x":745,"grid_y":218,"centroid":[-68.3248599,-10.6639503],"aggregation":"none","score_gradboost":0.8228712,"score_random_forest":0.851345,"score_logistic_regression":0.7406456,"score_fuzzy_knn_k29":0.5087084},"geometry":{"type":"Polygon","coordinates":[[[-68.3289362,-10.6666638],[-68.3207717,-10.6666462],[-68.3207837,-10.6612367],[-68.3289481,-10.6612543],[-68.3289362,-10.6666638]]]}},{"type":"Feature","id":"AC-Y218-X746","properties":{"id":"AC-Y218-X746","grid_x":746,"grid_y":218,"centroid":[-68.3166954,-10.6639326],"aggregation":"none","score_gradboost":0.7568484,"score_random_forest":0.7451013,"score_logistic_regression":0.7970856,"score_fuzzy_knn_k29":0.7356849},"geometry":{"type":"Polygon","coordinates":[[[-68.3207717,-10.6666462],[-68.3126071,-10.6666284],[-68.3126192,-10.6612189],[-68.3207837,-10.6612367],[-68.3207717,-10.6666462]]]}},{"type":"Feature","id":"AC-Y218-X747","properties":{"id":"AC-Y218-X747","grid_x":747,"grid_y":218,"centroid":[-68.3085309,-10.6639146],"aggregation":"none","score_gradboost":0.7539658,"score_random_forest":0.7320383,"score_logistic_regression":0.7895144,"score_fuzzy_knn_k29":0.5429658},"geometry":{"type":"Polygon","coordinates":[[[-68.3126071,-10.6666284],[-68.3044425,-10.6666103],[-68.3044548,-10.6612008],[-68.3126192,-10.6612189],[-68.3126071,-10.6666284]]]}},{"type":"Feature","id":"AC-Y218-X748","properties":{"id":"AC-Y218-X748","grid_x":748,"grid_y":218,"centroid":[-68.3003664,-10.6638965],"aggregation":"none","score_gradboost":0.8866224,"score_random_forest":0.8305831,"score_logistic_regression":0.7638954,"score_fuzzy_knn_k29":0.9633795},"geometry":{"type":"Polygon","coordinates":[[[-68.3044425,-10.6666103],[-68.296278,-10.6665921],[-68.2962904,-10.6611826],[-68.3044548,-10.6612008],[-68.3044425,-10.6666103]]]}},{"type":"Feature","id":"AC-Y218-X749","properties":{"id":"AC-Y218-X749","grid_x":749,"grid_y":218,"centroid":[-68.292202,-10.6638781],"aggregation":"none","score_gradboost":0.7698288,"score_random_forest":0.786898,"score_logistic_regression":0.799307,"score_fuzzy_knn_k29":0.8898898},"geometry":{"type":"Polygon","coordinates":[[[-68.296278,-10.6665921],[-68.2881134,-10.6665736],[-68.288126,-10.6611641],[-68.2962904,-10.6611826],[-68.296278,-10.6665921]]]}},{"type":"Feature","id":"AC-Y218-X750","properties":{"id":"AC-Y218-X750","grid_x":750,"grid_y":218,"centroid":[-68.2840375,-10.6638596],"aggregation":"none","score_gradboost":0.8942863,"score_random_forest":0.8320676,"score_logistic_regression":0.7060344,"score_fuzzy_knn_k29":0.8400893},"geometry":{"type":"Polygon","coordinates":[[[-68.2881134,-10.6665736],[-68.2799489,-10.6665549],[-68.2799617,-10.6611455],[-68.288126,-10.6611641],[-68.2881134,-10.6665736]]]}},{"type":"Feature","id":"AC-Y218-X753","properties":{"id":"AC-Y218-X753","grid_x":753,"grid_y":218,"centroid":[-68.2595443,-10.6638026],"aggregation":"none","score_gradboost":0.8631234,"score_random_forest":0.7969702,"score_logistic_regression":0.780385,"score_fuzzy_knn_k29":0.9055211},"geometry":{"type":"Polygon","coordinates":[[[-68.2636199,-10.6665169],[-68.2554555,-10.6664976],[-68.2554686,-10.6610882],[-68.263633,-10.6611075],[-68.2636199,-10.6665169]]]}},{"type":"Feature","id":"AC-Y218-X754","properties":{"id":"AC-Y218-X754","grid_x":754,"grid_y":218,"centroid":[-68.2513799,-10.6637832],"aggregation":"none","score_gradboost":0.910479,"score_random_forest":0.8100166,"score_logistic_regression":0.7745185,"score_fuzzy_knn_k29":0.9417386},"geometry":{"type":"Polygon","coordinates":[[[-68.2554555,-10.6664976],[-68.247291,-10.6664781],[-68.2473043,-10.6610687],[-68.2554686,-10.6610882],[-68.2554555,-10.6664976]]]}},{"type":"Feature","id":"AC-Y218-X755","properties":{"id":"AC-Y218-X755","grid_x":755,"grid_y":218,"centroid":[-68.2432155,-10.6637635],"aggregation":"none","score_gradboost":0.8352303,"score_random_forest":0.7539419,"score_logistic_regression":0.7737226,"score_fuzzy_knn_k29":0.9270671},"geometry":{"type":"Polygon","coordinates":[[[-68.247291,-10.6664781],[-68.2391266,-10.6664583],[-68.23914,-10.6610489],[-68.2473043,-10.6610687],[-68.247291,-10.6664781]]]}},{"type":"Feature","id":"AC-Y218-X756","properties":{"id":"AC-Y218-X756","grid_x":756,"grid_y":218,"centroid":[-68.2350511,-10.6637437],"aggregation":"none","score_gradboost":0.8078755,"score_random_forest":0.8161124,"score_logistic_regression":0.786814,"score_fuzzy_knn_k29":0.953072},"geometry":{"type":"Polygon","coordinates":[[[-68.2391266,-10.6664583],[-68.2309622,-10.6664384],[-68.2309758,-10.661029],[-68.23914,-10.6610489],[-68.2391266,-10.6664583]]]}},{"type":"Feature","id":"AC-Y218-X757","properties":{"id":"AC-Y218-X757","grid_x":757,"grid_y":218,"centroid":[-68.2268868,-10.6637236],"aggregation":"none","score_gradboost":0.8141294,"score_random_forest":0.841336,"score_logistic_regression":0.570715,"score_fuzzy_knn_k29":0.8312985},"geometry":{"type":"Polygon","coordinates":[[[-68.2309622,-10.6664384],[-68.2227978,-10.6664182],[-68.2228115,-10.6610088],[-68.2309758,-10.661029],[-68.2309622,-10.6664384]]]}},{"type":"Feature","id":"AC-Y218-X758","properties":{"id":"AC-Y218-X758","grid_x":758,"grid_y":218,"centroid":[-68.2187225,-10.6637033],"aggregation":"none","score_gradboost":0.8048798,"score_random_forest":0.7792496,"score_logistic_regression":0.6112081,"score_fuzzy_knn_k29":0.882888},"geometry":{"type":"Polygon","coordinates":[[[-68.2227978,-10.6664182],[-68.2146334,-10.6663978],[-68.2146472,-10.6609885],[-68.2228115,-10.6610088],[-68.2227978,-10.6664182]]]}},{"type":"Feature","id":"AC-Y219-X745","properties":{"id":"AC-Y219-X745","grid_x":745,"grid_y":219,"centroid":[-68.3248718,-10.6585408],"aggregation":"none","score_gradboost":0.6902917,"score_random_forest":0.7869194,"score_logistic_regression":0.8312614,"score_fuzzy_knn_k29":0.7017692},"geometry":{"type":"Polygon","coordinates":[[[-68.3289481,-10.6612543],[-68.3207837,-10.6612367],[-68.3207956,-10.6558272],[-68.3289599,-10.6558448],[-68.3289481,-10.6612543]]]}},{"type":"Feature","id":"AC-Y219-X746","properties":{"id":"AC-Y219-X746","grid_x":746,"grid_y":219,"centroid":[-68.3167075,-10.6585231],"aggregation":"none","score_gradboost":0.8482235,"score_random_forest":0.8783488,"score_logistic_regression":0.7877436,"score_fuzzy_knn_k29":0.9489459},"geometry":{"type":"Polygon","coordinates":[[[-68.3207837,-10.6612367],[-68.3126192,-10.6612189],[-68.3126314,-10.6558094],[-68.3207956,-10.6558272],[-68.3207837,-10.6612367]]]}},{"type":"Feature","id":"AC-Y219-X747","properties":{"id":"AC-Y219-X747","grid_x":747,"grid_y":219,"centroid":[-68.3085431,-10.6585052],"aggregation":"none","score_gradboost":0.8787201,"score_random_forest":0.9017018,"score_logistic_regression":0.7299692,"score_fuzzy_knn_k29":0.884078},"geometry":{"type":"Polygon","coordinates":[[[-68.3126192,-10.6612189],[-68.3044548,-10.6612008],[-68.3044671,-10.6557914],[-68.3126314,-10.6558094],[-68.3126192,-10.6612189]]]}},{"type":"Feature","id":"AC-Y219-X748","properties":{"id":"AC-Y219-X748","grid_x":748,"grid_y":219,"centroid":[-68.3003788,-10.658487],"aggregation":"none","score_gradboost":0.8122796,"score_random_forest":0.8071901,"score_logistic_regression":0.8095497,"score_fuzzy_knn_k29":0.8139637},"geometry":{"type":"Polygon","coordinates":[[[-68.3044548,-10.6612008],[-68.2962904,-10.6611826],[-68.2963028,-10.6557731],[-68.3044671,-10.6557914],[-68.3044548,-10.6612008]]]}},{"type":"Feature","id":"AC-Y219-X749","properties":{"id":"AC-Y219-X749","grid_x":749,"grid_y":219,"centroid":[-68.2922145,-10.6584687],"aggregation":"none","score_gradboost":0.8881878,"score_random_forest":0.8679867,"score_logistic_regression":0.7568946,"score_fuzzy_knn_k29":0.9575648},"geometry":{"type":"Polygon","coordinates":[[[-68.2962904,-10.6611826],[-68.288126,-10.6611641],[-68.2881386,-10.6557547],[-68.2963028,-10.6557731],[-68.2962904,-10.6611826]]]}},{"type":"Feature","id":"AC-Y219-X750","properties":{"id":"AC-Y219-X750","grid_x":750,"grid_y":219,"centroid":[-68.2840502,-10.6584501],"aggregation":"none","score_gradboost":0.8437569,"score_random_forest":0.798868,"score_logistic_regression":0.7293675,"score_fuzzy_knn_k29":0.8845787},"geometry":{"type":"Polygon","coordinates":[[[-68.288126,-10.6611641],[-68.2799617,-10.6611455],[-68.2799744,-10.655736],[-68.2881386,-10.6557547],[-68.288126,-10.6611641]]]}},{"type":"Feature","id":"AC-Y219-X751","properties":{"id":"AC-Y219-X751","grid_x":751,"grid_y":219,"centroid":[-68.2758859,-10.6584313],"aggregation":"none","score_gradboost":0.8159698,"score_random_forest":0.819867,"score_logistic_regression":0.7493916,"score_fuzzy_knn_k29":0.9035784},"geometry":{"type":"Polygon","coordinates":[[[-68.2799617,-10.6611455],[-68.2717973,-10.6611266],[-68.2718102,-10.6557172],[-68.2799744,-10.655736],[-68.2799617,-10.6611455]]]}},{"type":"Feature","id":"AC-Y219-X752","properties":{"id":"AC-Y219-X752","grid_x":752,"grid_y":219,"centroid":[-68.2677216,-10.6584124],"aggregation":"none","score_gradboost":0.8501249,"score_random_forest":0.8354608,"score_logistic_regression":0.7818755,"score_fuzzy_knn_k29":0.9697032},"geometry":{"type":"Polygon","coordinates":[[[-68.2717973,-10.6611266],[-68.263633,-10.6611075],[-68.263646,-10.6556981],[-68.2718102,-10.6557172],[-68.2717973,-10.6611266]]]}},{"type":"Feature","id":"AC-Y219-X753","properties":{"id":"AC-Y219-X753","grid_x":753,"grid_y":219,"centroid":[-68.2595573,-10.6583932],"aggregation":"none","score_gradboost":0.7529875,"score_random_forest":0.6673026,"score_logistic_regression":0.7956147,"score_fuzzy_knn_k29":0.9488161},"geometry":{"type":"Polygon","coordinates":[[[-68.263633,-10.6611075],[-68.2554686,-10.6610882],[-68.2554818,-10.6556788],[-68.263646,-10.6556981],[-68.263633,-10.6611075]]]}},{"type":"Feature","id":"AC-Y219-X754","properties":{"id":"AC-Y219-X754","grid_x":754,"grid_y":219,"centroid":[-68.2513931,-10.6583738],"aggregation":"none","score_gradboost":0.9013859,"score_random_forest":0.873307,"score_logistic_regression":0.8245593,"score_fuzzy_knn_k29":0.8221301},"geometry":{"type":"Polygon","coordinates":[[[-68.2554686,-10.6610882],[-68.2473043,-10.6610687],[-68.2473176,-10.6556593],[-68.2554818,-10.6556788],[-68.2554686,-10.6610882]]]}},{"type":"Feature","id":"AC-Y219-X756","properties":{"id":"AC-Y219-X756","grid_x":756,"grid_y":219,"centroid":[-68.2350646,-10.6583343],"aggregation":"none","score_gradboost":0.8228367,"score_random_forest":0.7763108,"score_logistic_regression":0.6875142,"score_fuzzy_knn_k29":0.5595465},"geometry":{"type":"Polygon","coordinates":[[[-68.23914,-10.6610489],[-68.2309758,-10.661029],[-68.2309893,-10.6556196],[-68.2391535,-10.6556395],[-68.23914,-10.6610489]]]}},{"type":"Feature","id":"AC-Y219-X757","properties":{"id":"AC-Y219-X757","grid_x":757,"grid_y":219,"centroid":[-68.2269004,-10.6583142],"aggregation":"none","score_gradboost":0.9043038,"score_random_forest":0.8241169,"score_logistic_regression":0.5186956,"score_fuzzy_knn_k29":0.6360968},"geometry":{"type":"Polygon","coordinates":[[[-68.2309758,-10.661029],[-68.2228115,-10.6610088],[-68.2228252,-10.6555995],[-68.2309893,-10.6556196],[-68.2309758,-10.661029]]]}},{"type":"Feature","id":"AC-Y219-X758","properties":{"id":"AC-Y219-X758","grid_x":758,"grid_y":219,"centroid":[-68.2187363,-10.658294],"aggregation":"none","score_gradboost":0.75115,"score_random_forest":0.8309386,"score_logistic_regression":0.6069939,"score_fuzzy_knn_k29":0.9354414},"geometry":{"type":"Polygon","coordinates":[[[-68.2228115,-10.6610088],[-68.2146472,-10.6609885],[-68.2146611,-10.6555791],[-68.2228252,-10.6555995],[-68.2228115,-10.6610088]]]}},{"type":"Feature","id":"AC-Y220-X752","properties":{"id":"AC-Y220-X752","grid_x":752,"grid_y":220,"centroid":[-68.2677345,-10.6530029],"aggregation":"none","score_gradboost":0.913023,"score_random_forest":0.929485,"score_logistic_regression":0.8245932,"score_fuzzy_knn_k29":0.9465182},"geometry":{"type":"Polygon","coordinates":[[[-68.2718102,-10.6557172],[-68.263646,-10.6556981],[-68.2636589,-10.6502887],[-68.271823,-10.6503077],[-68.2718102,-10.6557172]]]}},{"type":"Feature","id":"AC-Y220-X753","properties":{"id":"AC-Y220-X753","grid_x":753,"grid_y":220,"centroid":[-68.2595704,-10.6529837],"aggregation":"none","score_gradboost":0.8218094,"score_random_forest":0.7669922,"score_logistic_regression":0.7557185,"score_fuzzy_knn_k29":0.9348409},"geometry":{"type":"Polygon","coordinates":[[[-68.263646,-10.6556981],[-68.2554818,-10.6556788],[-68.2554949,-10.6502694],[-68.2636589,-10.6502887],[-68.263646,-10.6556981]]]}},{"type":"Feature","id":"AC-Y220-X756","properties":{"id":"AC-Y220-X756","grid_x":756,"grid_y":220,"centroid":[-68.2350781,-10.6529249],"aggregation":"none","score_gradboost":0.7569518,"score_random_forest":0.8271877,"score_logistic_regression":0.7550353,"score_fuzzy_knn_k29":0.9398046},"geometry":{"type":"Polygon","coordinates":[[[-68.2391535,-10.6556395],[-68.2309893,-10.6556196],[-68.2310029,-10.6502102],[-68.2391669,-10.6502302],[-68.2391535,-10.6556395]]]}},{"type":"Feature","id":"AC-Y220-X757","properties":{"id":"AC-Y220-X757","grid_x":757,"grid_y":220,"centroid":[-68.2269141,-10.6529049],"aggregation":"none","score_gradboost":0.6972208,"score_random_forest":0.8060939,"score_logistic_regression":0.6153096,"score_fuzzy_knn_k29":0.9264414},"geometry":{"type":"Polygon","coordinates":[[[-68.2309893,-10.6556196],[-68.2228252,-10.6555995],[-68.2228389,-10.6501901],[-68.2310029,-10.6502102],[-68.2309893,-10.6556196]]]}},{"type":"Feature","id":"AC-Y220-X758","properties":{"id":"AC-Y220-X758","grid_x":758,"grid_y":220,"centroid":[-68.2187501,-10.6528846],"aggregation":"none","score_gradboost":0.7149438,"score_random_forest":0.8078848,"score_logistic_regression":0.6329176,"score_fuzzy_knn_k29":0.9486738},"geometry":{"type":"Polygon","coordinates":[[[-68.2228252,-10.6555995],[-68.2146611,-10.6555791],[-68.214675,-10.6501697],[-68.2228389,-10.6501901],[-68.2228252,-10.6555995]]]}},{"type":"Feature","id":"AC-Y192-X749","properties":{"id":"AC-Y192-X749","grid_x":749,"grid_y":192,"centroid":[-68.2918746,-10.8045232],"aggregation":"none","score_gradboost":0.968285,"score_random_forest":0.9172687,"score_logistic_regression":0.8023131,"score_fuzzy_knn_k29":0.7540544},"geometry":{"type":"Polygon","coordinates":[[[-68.2959524,-10.8072373],[-68.2877841,-10.8072186],[-68.2877969,-10.8018092],[-68.295965,-10.8018279],[-68.2959524,-10.8072373]]]}},{"type":"Feature","id":"AC-Y193-X749","properties":{"id":"AC-Y193-X749","grid_x":749,"grid_y":193,"centroid":[-68.2918873,-10.7991138],"aggregation":"none","score_gradboost":0.9425746,"score_random_forest":0.8951958,"score_logistic_regression":0.7963281,"score_fuzzy_knn_k29":0.7200353},"geometry":{"type":"Polygon","coordinates":[[[-68.295965,-10.8018279],[-68.2877969,-10.8018092],[-68.2878096,-10.7963998],[-68.2959776,-10.7964185],[-68.295965,-10.8018279]]]}},{"type":"Feature","id":"AC-Y194-X748","properties":{"id":"AC-Y194-X748","grid_x":748,"grid_y":194,"centroid":[-68.3000679,-10.793723],"aggregation":"none","score_gradboost":0.2906253,"score_random_forest":0.4442295,"score_logistic_regression":0.5594495,"score_fuzzy_knn_k29":0.6871949},"geometry":{"type":"Polygon","coordinates":[[[-68.3041457,-10.7964369],[-68.2959776,-10.7964185],[-68.2959902,-10.7910091],[-68.3041581,-10.7910275],[-68.3041457,-10.7964369]]]}},{"type":"Feature","id":"AC-Y194-X749","properties":{"id":"AC-Y194-X749","grid_x":749,"grid_y":194,"centroid":[-68.2919,-10.7937044],"aggregation":"none","score_gradboost":0.8127665,"score_random_forest":0.7600794,"score_logistic_regression":0.7278856,"score_fuzzy_knn_k29":0.458327},"geometry":{"type":"Polygon","coordinates":[[[-68.2959776,-10.7964185],[-68.2878096,-10.7963998],[-68.2878224,-10.7909904],[-68.2959902,-10.7910091],[-68.2959776,-10.7964185]]]}},{"type":"Feature","id":"AC-Y194-X750","properties":{"id":"AC-Y194-X750","grid_x":750,"grid_y":194,"centroid":[-68.283732,-10.7936856],"aggregation":"none","score_gradboost":0.9444309,"score_random_forest":0.9088202,"score_logistic_regression":0.769427,"score_fuzzy_knn_k29":0.9444882},"geometry":{"type":"Polygon","coordinates":[[[-68.2878096,-10.7963998],[-68.2796416,-10.7963809],[-68.2796545,-10.7909715],[-68.2878224,-10.7909904],[-68.2878096,-10.7963998]]]}},{"type":"Feature","id":"AC-Y195-X749","properties":{"id":"AC-Y195-X749","grid_x":749,"grid_y":195,"centroid":[-68.2919126,-10.788295],"aggregation":"none","score_gradboost":0.7607867,"score_random_forest":0.7700426,"score_logistic_regression":0.6922197,"score_fuzzy_knn_k29":0.6609221},"geometry":{"type":"Polygon","coordinates":[[[-68.2959902,-10.7910091],[-68.2878224,-10.7909904],[-68.2878351,-10.785581],[-68.2960028,-10.7855996],[-68.2959902,-10.7910091]]]}},{"type":"Feature","id":"AC-Y195-X750","properties":{"id":"AC-Y195-X750","grid_x":750,"grid_y":195,"centroid":[-68.2837448,-10.7882762],"aggregation":"none","score_gradboost":0.8577585,"score_random_forest":0.8839896,"score_logistic_regression":0.759132,"score_fuzzy_knn_k29":0.8633409},"geometry":{"type":"Polygon","coordinates":[[[-68.2878224,-10.7909904],[-68.2796545,-10.7909715],[-68.2796674,-10.7855621],[-68.2878351,-10.785581],[-68.2878224,-10.7909904]]]}},{"type":"Feature","id":"AC-Y195-X761","properties":{"id":"AC-Y195-X761","grid_x":761,"grid_y":195,"centroid":[-68.1939002,-10.7880553],"aggregation":"none","score_gradboost":0.5162327,"score_random_forest":0.6683891,"score_logistic_regression":0.789203,"score_fuzzy_knn_k29":0.7491766},"geometry":{"type":"Polygon","coordinates":[[[-68.1979769,-10.7907706],[-68.1898092,-10.7907493],[-68.1898237,-10.78534],[-68.1979912,-10.7853613],[-68.1979769,-10.7907706]]]}},{"type":"Feature","id":"AC-Y195-X762","properties":{"id":"AC-Y195-X762","grid_x":762,"grid_y":195,"centroid":[-68.1857326,-10.788034],"aggregation":"none","score_gradboost":0.8358026,"score_random_forest":0.8209547,"score_logistic_regression":0.8159544,"score_fuzzy_knn_k29":0.9122717},"geometry":{"type":"Polygon","coordinates":[[[-68.1898092,-10.7907493],[-68.1816415,-10.7907278],[-68.1816562,-10.7853186],[-68.1898237,-10.78534],[-68.1898092,-10.7907493]]]}},{"type":"Feature","id":"AC-Y196-X750","properties":{"id":"AC-Y196-X750","grid_x":750,"grid_y":196,"centroid":[-68.2837576,-10.7828668],"aggregation":"none","score_gradboost":0.436991,"score_random_forest":0.6254479,"score_logistic_regression":0.6904227,"score_fuzzy_knn_k29":0.7583954},"geometry":{"type":"Polygon","coordinates":[[[-68.2878351,-10.785581],[-68.2796674,-10.7855621],[-68.2796803,-10.7801527],[-68.2878478,-10.7801716],[-68.2878351,-10.785581]]]}},{"type":"Feature","id":"AC-Y196-X759","properties":{"id":"AC-Y196-X759","grid_x":759,"grid_y":196,"centroid":[-68.2102496,-10.7826881],"aggregation":"none","score_gradboost":0.7124866,"score_random_forest":0.7108295,"score_logistic_regression":0.7955978,"score_fuzzy_knn_k29":0.78501},"geometry":{"type":"Polygon","coordinates":[[[-68.2143263,-10.7854032],[-68.2061587,-10.7853823],[-68.2061729,-10.779973],[-68.2143403,-10.7799939],[-68.2143263,-10.7854032]]]}},{"type":"Feature","id":"AC-Y196-X760","properties":{"id":"AC-Y196-X760","grid_x":760,"grid_y":196,"centroid":[-68.2020821,-10.7826672],"aggregation":"none","score_gradboost":0.5034634,"score_random_forest":0.637026,"score_logistic_regression":0.8427978,"score_fuzzy_knn_k29":0.6511462},"geometry":{"type":"Polygon","coordinates":[[[-68.2061587,-10.7853823],[-68.1979912,-10.7853613],[-68.1980055,-10.779952],[-68.2061729,-10.779973],[-68.2061587,-10.7853823]]]}},{"type":"Feature","id":"AC-Y204-X753","properties":{"id":"AC-Y204-X753","grid_x":753,"grid_y":204,"centroid":[-68.2593605,-10.7395342],"aggregation":"none","score_gradboost":0.7787729,"score_random_forest":0.7838434,"score_logistic_regression":0.5906336,"score_fuzzy_knn_k29":0.8022748},"geometry":{"type":"Polygon","coordinates":[[[-68.2634371,-10.7422486],[-68.2552706,-10.7422291],[-68.2552839,-10.7368197],[-68.2634502,-10.7368392],[-68.2634371,-10.7422486]]]}},{"type":"Feature","id":"AC-Y204-X754","properties":{"id":"AC-Y204-X754","grid_x":754,"grid_y":204,"centroid":[-68.251194,-10.7395146],"aggregation":"none","score_gradboost":0.7403749,"score_random_forest":0.732418,"score_logistic_regression":0.7396525,"score_fuzzy_knn_k29":0.8630556},"geometry":{"type":"Polygon","coordinates":[[[-68.2552706,-10.7422291],[-68.2471041,-10.7422094],[-68.2471175,-10.7368001],[-68.2552839,-10.7368197],[-68.2552706,-10.7422291]]]}},{"type":"Feature","id":"AC-Y205-X753","properties":{"id":"AC-Y205-X753","grid_x":753,"grid_y":205,"centroid":[-68.2593736,-10.7341248],"aggregation":"none","score_gradboost":0.887372,"score_random_forest":0.8393048,"score_logistic_regression":0.5766467,"score_fuzzy_knn_k29":0.868913},"geometry":{"type":"Polygon","coordinates":[[[-68.2634502,-10.7368392],[-68.2552839,-10.7368197],[-68.2552971,-10.7314103],[-68.2634633,-10.7314298],[-68.2634502,-10.7368392]]]}},{"type":"Feature","id":"AC-Y205-X754","properties":{"id":"AC-Y205-X754","grid_x":754,"grid_y":205,"centroid":[-68.2512074,-10.7341052],"aggregation":"none","score_gradboost":0.8494962,"score_random_forest":0.8481895,"score_logistic_regression":0.5859776,"score_fuzzy_knn_k29":0.8547114},"geometry":{"type":"Polygon","coordinates":[[[-68.2552839,-10.7368197],[-68.2471175,-10.7368001],[-68.2471309,-10.7313907],[-68.2552971,-10.7314103],[-68.2552839,-10.7368197]]]}},{"type":"Feature","id":"AC-Y205-X755","properties":{"id":"AC-Y205-X755","grid_x":755,"grid_y":205,"centroid":[-68.2430411,-10.7340855],"aggregation":"none","score_gradboost":0.7838543,"score_random_forest":0.8075591,"score_logistic_regression":0.723383,"score_fuzzy_knn_k29":0.8703342},"geometry":{"type":"Polygon","coordinates":[[[-68.2471175,-10.7368001],[-68.2389512,-10.7367802],[-68.2389648,-10.7313708],[-68.2471309,-10.7313907],[-68.2471175,-10.7368001]]]}},{"type":"Feature","id":"AC-Y206-X753","properties":{"id":"AC-Y206-X753","grid_x":753,"grid_y":206,"centroid":[-68.2593868,-10.7287154],"aggregation":"none","score_gradboost":0.9015728,"score_random_forest":0.8666605,"score_logistic_regression":0.5766987,"score_fuzzy_knn_k29":0.8677644},"geometry":{"type":"Polygon","coordinates":[[[-68.2634633,-10.7314298],[-68.2552971,-10.7314103],[-68.2553104,-10.726001],[-68.2634764,-10.7260204],[-68.2634633,-10.7314298]]]}},{"type":"Feature","id":"AC-Y206-X754","properties":{"id":"AC-Y206-X754","grid_x":754,"grid_y":206,"centroid":[-68.2512207,-10.7286959],"aggregation":"none","score_gradboost":0.9144848,"score_random_forest":0.8473021,"score_logistic_regression":0.6765109,"score_fuzzy_knn_k29":0.4644131},"geometry":{"type":"Polygon","coordinates":[[[-68.2552971,-10.7314103],[-68.2471309,-10.7313907],[-68.2471443,-10.7259813],[-68.2553104,-10.726001],[-68.2552971,-10.7314103]]]}},{"type":"Feature","id":"AC-Y206-X755","properties":{"id":"AC-Y206-X755","grid_x":755,"grid_y":206,"centroid":[-68.2430546,-10.7286761],"aggregation":"none","score_gradboost":0.8958244,"score_random_forest":0.7983427,"score_logistic_regression":0.657071,"score_fuzzy_knn_k29":0.6219721},"geometry":{"type":"Polygon","coordinates":[[[-68.2471309,-10.7313907],[-68.2389648,-10.7313708],[-68.2389783,-10.7259615],[-68.2471443,-10.7259813],[-68.2471309,-10.7313907]]]}},{"type":"Feature","id":"AC-Y207-X753","properties":{"id":"AC-Y207-X753","grid_x":753,"grid_y":207,"centroid":[-68.2594,-10.723306],"aggregation":"none","score_gradboost":0.7750266,"score_random_forest":0.8147347,"score_logistic_regression":0.650398,"score_fuzzy_knn_k29":0.7852717},"geometry":{"type":"Polygon","coordinates":[[[-68.2634764,-10.7260204],[-68.2553104,-10.726001],[-68.2553236,-10.7205916],[-68.2634895,-10.720611],[-68.2634764,-10.7260204]]]}},{"type":"Feature","id":"AC-Y207-X754","properties":{"id":"AC-Y207-X754","grid_x":754,"grid_y":207,"centroid":[-68.251234,-10.7232865],"aggregation":"none","score_gradboost":0.6527307,"score_random_forest":0.6976189,"score_logistic_regression":0.6379293,"score_fuzzy_knn_k29":0.4759897},"geometry":{"type":"Polygon","coordinates":[[[-68.2553104,-10.726001],[-68.2471443,-10.7259813],[-68.2471577,-10.7205719],[-68.2553236,-10.7205916],[-68.2553104,-10.726001]]]}},{"type":"Feature","id":"AC-Y207-X755","properties":{"id":"AC-Y207-X755","grid_x":755,"grid_y":207,"centroid":[-68.243068,-10.7232667],"aggregation":"none","score_gradboost":0.8912999,"score_random_forest":0.8246811,"score_logistic_regression":0.7191237,"score_fuzzy_knn_k29":0.9323177},"geometry":{"type":"Polygon","coordinates":[[[-68.2471443,-10.7259813],[-68.2389783,-10.7259615],[-68.2389918,-10.7205521],[-68.2471577,-10.7205719],[-68.2471443,-10.7259813]]]}},{"type":"Feature","id":"AC-Y208-X753","properties":{"id":"AC-Y208-X753","grid_x":753,"grid_y":208,"centroid":[-68.2594131,-10.7178966],"aggregation":"none","score_gradboost":0.6593154,"score_random_forest":0.7136292,"score_logistic_regression":0.7179666,"score_fuzzy_knn_k29":0.7450367},"geometry":{"type":"Polygon","coordinates":[[[-68.2634895,-10.720611],[-68.2553236,-10.7205916],[-68.2553368,-10.7151822],[-68.2635026,-10.7152016],[-68.2634895,-10.720611]]]}},{"type":"Feature","id":"AC-Y208-X754","properties":{"id":"AC-Y208-X754","grid_x":754,"grid_y":208,"centroid":[-68.2512473,-10.7178771],"aggregation":"none","score_gradboost":0.7103946,"score_random_forest":0.6658825,"score_logistic_regression":0.6552363,"score_fuzzy_knn_k29":0.5753849},"geometry":{"type":"Polygon","coordinates":[[[-68.2553236,-10.7205916],[-68.2471577,-10.7205719],[-68.247171,-10.7151626],[-68.2553368,-10.7151822],[-68.2553236,-10.7205916]]]}},{"type":"Feature","id":"AC-Y208-X755","properties":{"id":"AC-Y208-X755","grid_x":755,"grid_y":208,"centroid":[-68.2430815,-10.7178574],"aggregation":"none","score_gradboost":0.7415039,"score_random_forest":0.691886,"score_logistic_regression":0.6866416,"score_fuzzy_knn_k29":0.4969574},"geometry":{"type":"Polygon","coordinates":[[[-68.2471577,-10.7205719],[-68.2389918,-10.7205521],[-68.2390053,-10.7151427],[-68.247171,-10.7151626],[-68.2471577,-10.7205719]]]}},{"type":"Feature","id":"AC-Y209-X752","properties":{"id":"AC-Y209-X752","grid_x":752,"grid_y":209,"centroid":[-68.267592,-10.7125065],"aggregation":"none","score_gradboost":0.6460567,"score_random_forest":0.7739342,"score_logistic_regression":0.7998637,"score_fuzzy_knn_k29":0.9184168},"geometry":{"type":"Polygon","coordinates":[[[-68.2716684,-10.7152208],[-68.2635026,-10.7152016],[-68.2635156,-10.7097922],[-68.2716813,-10.7098114],[-68.2716684,-10.7152208]]]}},{"type":"Feature","id":"AC-Y209-X754","properties":{"id":"AC-Y209-X754","grid_x":754,"grid_y":209,"centroid":[-68.2512606,-10.7124677],"aggregation":"none","score_gradboost":0.6545222,"score_random_forest":0.7075657,"score_logistic_regression":0.7054738,"score_fuzzy_knn_k29":0.5448649},"geometry":{"type":"Polygon","coordinates":[[[-68.2553368,-10.7151822],[-68.247171,-10.7151626],[-68.2471844,-10.7097532],[-68.25535,-10.7097728],[-68.2553368,-10.7151822]]]}},{"type":"Feature","id":"AC-Y209-X755","properties":{"id":"AC-Y209-X755","grid_x":755,"grid_y":209,"centroid":[-68.2430949,-10.712448],"aggregation":"none","score_gradboost":0.7297007,"score_random_forest":0.7187648,"score_logistic_regression":0.7186294,"score_fuzzy_knn_k29":0.4992312},"geometry":{"type":"Polygon","coordinates":[[[-68.247171,-10.7151626],[-68.2390053,-10.7151427],[-68.2390188,-10.7097334],[-68.2471844,-10.7097532],[-68.247171,-10.7151626]]]}},{"type":"Feature","id":"AC-Y210-X755","properties":{"id":"AC-Y210-X755","grid_x":755,"grid_y":210,"centroid":[-68.2431083,-10.7070386],"aggregation":"none","score_gradboost":0.5933881,"score_random_forest":0.6396315,"score_logistic_regression":0.7254578,"score_fuzzy_knn_k29":0.4798639},"geometry":{"type":"Polygon","coordinates":[[[-68.2471844,-10.7097532],[-68.2390188,-10.7097334],[-68.2390323,-10.704324],[-68.2471978,-10.7043438],[-68.2471844,-10.7097532]]]}},{"type":"Feature","id":"AC-Y211-X754","properties":{"id":"AC-Y211-X754","grid_x":754,"grid_y":211,"centroid":[-68.2512871,-10.7016489],"aggregation":"none","score_gradboost":0.6211289,"score_random_forest":0.7457363,"score_logistic_regression":0.732471,"score_fuzzy_knn_k29":0.51125},"geometry":{"type":"Polygon","coordinates":[[[-68.2553632,-10.7043634],[-68.2471978,-10.7043438],[-68.2472111,-10.6989344],[-68.2553764,-10.698954],[-68.2553632,-10.7043634]]]}},{"type":"Feature","id":"AC-Y212-X753","properties":{"id":"AC-Y212-X753","grid_x":753,"grid_y":212,"centroid":[-68.2594657,-10.696259],"aggregation":"none","score_gradboost":0.8836757,"score_random_forest":0.8627548,"score_logistic_regression":0.8364271,"score_fuzzy_knn_k29":0.9255382},"geometry":{"type":"Polygon","coordinates":[[[-68.2635418,-10.6989734],[-68.2553764,-10.698954],[-68.2553896,-10.6935446],[-68.2635548,-10.693564],[-68.2635418,-10.6989734]]]}},{"type":"Feature","id":"AC-Y212-X754","properties":{"id":"AC-Y212-X754","grid_x":754,"grid_y":212,"centroid":[-68.2513004,-10.6962395],"aggregation":"none","score_gradboost":0.5626903,"score_random_forest":0.7151565,"score_logistic_regression":0.737459,"score_fuzzy_knn_k29":0.4743749},"geometry":{"type":"Polygon","coordinates":[[[-68.2553764,-10.698954],[-68.2472111,-10.6989344],[-68.2472244,-10.693525],[-68.2553896,-10.6935446],[-68.2553764,-10.698954]]]}},{"type":"Feature","id":"AC-Y212-X762","properties":{"id":"AC-Y212-X762","grid_x":762,"grid_y":212,"centroid":[-68.1859789,-10.696076],"aggregation":"none","score_gradboost":0.7096435,"score_random_forest":0.7040222,"score_logistic_regression":0.6717852,"score_fuzzy_knn_k29":0.3649363},"geometry":{"type":"Polygon","coordinates":[[[-68.1900543,-10.6987913],[-68.1818891,-10.69877],[-68.1819036,-10.6933607],[-68.1900687,-10.693382],[-68.1900543,-10.6987913]]]}},{"type":"Feature","id":"AC-Y213-X753","properties":{"id":"AC-Y213-X753","grid_x":753,"grid_y":213,"centroid":[-68.2594788,-10.6908496],"aggregation":"none","score_gradboost":0.5401602,"score_random_forest":0.5965822,"score_logistic_regression":0.6711757,"score_fuzzy_knn_k29":0.449099},"geometry":{"type":"Polygon","coordinates":[[[-68.2635548,-10.693564],[-68.2553896,-10.6935446],[-68.2554028,-10.6881352],[-68.2635679,-10.6881546],[-68.2635548,-10.693564]]]}},{"type":"Feature","id":"AC-Y213-X762","properties":{"id":"AC-Y213-X762","grid_x":762,"grid_y":213,"centroid":[-68.1859934,-10.6906667],"aggregation":"none","score_gradboost":0.646105,"score_random_forest":0.6298244,"score_logistic_regression":0.6678646,"score_fuzzy_knn_k29":0.0},"geometry":{"type":"Polygon","coordinates":[[[-68.1900687,-10.693382],[-68.1819036,-10.6933607],[-68.1819181,-10.6879514],[-68.190083,-10.6879727],[-68.1900687,-10.693382]]]}},{"type":"Feature","id":"AC-Y213-X763","properties":{"id":"AC-Y213-X763","grid_x":763,"grid_y":213,"centroid":[-68.1778284,-10.6906453],"aggregation":"none","score_gradboost":0.8707172,"score_random_forest":0.8516156,"score_logistic_regression":0.666736,"score_fuzzy_knn_k29":0.7941804},"geometry":{"type":"Polygon","coordinates":[[[-68.1819036,-10.6933607],[-68.1737386,-10.6933392],[-68.1737532,-10.6879299],[-68.1819181,-10.6879514],[-68.1819036,-10.6933607]]]}},{"type":"Feature","id":"AC-Y214-X761","properties":{"id":"AC-Y214-X761","grid_x":761,"grid_y":214,"centroid":[-68.1941726,-10.6852786],"aggregation":"none","score_gradboost":0.9072729,"score_random_forest":0.885189,"score_logistic_regression":0.7446097,"score_fuzzy_knn_k29":1.0},"geometry":{"type":"Polygon","coordinates":[[[-68.1982479,-10.6879937],[-68.190083,-10.6879727],[-68.1900974,-10.6825633],[-68.1982621,-10.6825844],[-68.1982479,-10.6879937]]]}},{"type":"Feature","id":"AC-Y214-X762","properties":{"id":"AC-Y214-X762","grid_x":762,"grid_y":214,"centroid":[-68.1860078,-10.6852574],"aggregation":"none","score_gradboost":0.6515021,"score_random_forest":0.6342627,"score_logistic_regression":0.6542986,"score_fuzzy_knn_k29":1.0},"geometry":{"type":"Polygon","coordinates":[[[-68.190083,-10.6879727],[-68.1819181,-10.6879514],[-68.1819326,-10.6825421],[-68.1900974,-10.6825633],[-68.190083,-10.6879727]]]}},{"type":"Feature","id":"AC-Y214-X763","properties":{"id":"AC-Y214-X763","grid_x":763,"grid_y":214,"centroid":[-68.177843,-10.685236],"aggregation":"none","score_gradboost":0.8308324,"score_random_forest":0.8706017,"score_logistic_regression":0.6616513,"score_fuzzy_knn_k29":1.0},"geometry":{"type":"Polygon","coordinates":[[[-68.1819181,-10.6879514],[-68.1737532,-10.6879299],[-68.1737679,-10.6825206],[-68.1819326,-10.6825421],[-68.1819181,-10.6879514]]]}},{"type":"Feature","id":"AC-Y215-X760","properties":{"id":"AC-Y215-X760","grid_x":760,"grid_y":215,"centroid":[-68.2023516,-10.6798902],"aggregation":"none","score_gradboost":0.8789026,"score_random_forest":0.9055137,"score_logistic_regression":0.7780538,"score_fuzzy_knn_k29":1.0},"geometry":{"type":"Polygon","coordinates":[[[-68.2064269,-10.6826052],[-68.1982621,-10.6825844],[-68.1982763,-10.6771751],[-68.2064409,-10.6771959],[-68.2064269,-10.6826052]]]}},{"type":"Feature","id":"AC-Y215-X761","properties":{"id":"AC-Y215-X761","grid_x":761,"grid_y":215,"centroid":[-68.1941869,-10.6798692],"aggregation":"none","score_gradboost":0.8587572,"score_random_forest":0.8870673,"score_logistic_regression":0.7490451,"score_fuzzy_knn_k29":1.0},"geometry":{"type":"Polygon","coordinates":[[[-68.1982621,-10.6825844],[-68.1900974,-10.6825633],[-68.1901117,-10.677154],[-68.1982763,-10.6771751],[-68.1982621,-10.6825844]]]}},{"type":"Feature","id":"AC-Y215-X762","properties":{"id":"AC-Y215-X762","grid_x":762,"grid_y":215,"centroid":[-68.1860222,-10.6798481],"aggregation":"none","score_gradboost":0.759339,"score_random_forest":0.7566101,"score_logistic_regression":0.6624604,"score_fuzzy_knn_k29":1.0},"geometry":{"type":"Polygon","coordinates":[[[-68.1900974,-10.6825633],[-68.1819326,-10.6825421],[-68.1819471,-10.6771328],[-68.1901117,-10.677154],[-68.1900974,-10.6825633]]]}},{"type":"Feature","id":"AC-Y215-X763","properties":{"id":"AC-Y215-X763","grid_x":763,"grid_y":215,"centroid":[-68.1778575,-10.6798267],"aggregation":"none","score_gradboost":0.425128,"score_random_forest":0.5800969,"score_logistic_regression":0.5792574,"score_fuzzy_knn_k29":1.0},"geometry":{"type":"Polygon","coordinates":[[[-68.1819326,-10.6825421],[-68.1737679,-10.6825206],[-68.1737825,-10.6771113],[-68.1819471,-10.6771328],[-68.1819326,-10.6825421]]]}},{"type":"Feature","id":"AC-Y216-X760","properties":{"id":"AC-Y216-X760","grid_x":760,"grid_y":216,"centroid":[-68.2023657,-10.6744808],"aggregation":"none","score_gradboost":0.8998319,"score_random_forest":0.9284336,"score_logistic_regression":0.7871914,"score_fuzzy_knn_k29":1.0},"geometry":{"type":"Polygon","coordinates":[[[-68.2064409,-10.6771959],[-68.1982763,-10.6771751],[-68.1982905,-10.6717657],[-68.206455,-10.6717866],[-68.2064409,-10.6771959]]]}},{"type":"Feature","id":"AC-Y216-X761","properties":{"id":"AC-Y216-X761","grid_x":761,"grid_y":216,"centroid":[-68.1942011,-10.6744599],"aggregation":"none","score_gradboost":0.7976156,"score_random_forest":0.8384112,"score_logistic_regression":0.6776894,"score_fuzzy_knn_k29":1.0},"geometry":{"type":"Polygon","coordinates":[[[-68.1982763,-10.6771751],[-68.1901117,-10.677154],[-68.190126,-10.6717447],[-68.1982905,-10.6717657],[-68.1982763,-10.6771751]]]}},{"type":"Feature","id":"AC-Y216-X762","properties":{"id":"AC-Y216-X762","grid_x":762,"grid_y":216,"centroid":[-68.1860366,-10.6744388],"aggregation":"none","score_gradboost":0.7543479,"score_random_forest":0.8288957,"score_logistic_regression":0.6821658,"score_fuzzy_knn_k29":1.0},"geometry":{"type":"Polygon","coordinates":[[[-68.1901117,-10.677154],[-68.1819471,-10.6771328],[-68.1819615,-10.6717235],[-68.190126,-10.6717447],[-68.1901117,-10.677154]]]}},{"type":"Feature","id":"AC-Y216-X763","properties":{"id":"AC-Y216-X763","grid_x":763,"grid_y":216,"centroid":[-68.177872,-10.6744174],"aggregation":"none","score_gradboost":0.6554109,"score_random_forest":0.584794,"score_logistic_regression":0.597322,"score_fuzzy_knn_k29":1.0},"geometry":{"type":"Polygon","coordinates":[[[-68.1819471,-10.6771328],[-68.1737825,-10.6771113],[-68.1737971,-10.671702],[-68.1819615,-10.6717235],[-68.1819471,-10.6771328]]]}},{"type":"Feature","id":"AC-Y217-X759","properties":{"id":"AC-Y217-X759","grid_x":759,"grid_y":217,"centroid":[-68.2105442,-10.6690922],"aggregation":"none","score_gradboost":0.8748726,"score_random_forest":0.8616351,"score_logistic_regression":0.7607471,"score_fuzzy_knn_k29":1.0},"geometry":{"type":"Polygon","coordinates":[[[-68.2146195,-10.6718072],[-68.206455,-10.6717866],[-68.206469,-10.6663772],[-68.2146334,-10.6663978],[-68.2146195,-10.6718072]]]}},{"type":"Feature","id":"AC-Y217-X760","properties":{"id":"AC-Y217-X760","grid_x":760,"grid_y":217,"centroid":[-68.2023798,-10.6690715],"aggregation":"none","score_gradboost":0.8973865,"score_random_forest":0.9291025,"score_logistic_regression":0.7539928,"score_fuzzy_knn_k29":1.0},"geometry":{"type":"Polygon","coordinates":[[[-68.206455,-10.6717866],[-68.1982905,-10.6717657],[-68.1983047,-10.6663564],[-68.206469,-10.6663772],[-68.206455,-10.6717866]]]}},{"type":"Feature","id":"AC-Y217-X761","properties":{"id":"AC-Y217-X761","grid_x":761,"grid_y":217,"centroid":[-68.1942154,-10.6690506],"aggregation":"none","score_gradboost":0.4571904,"score_random_forest":0.6604892,"score_logistic_regression":0.6543603,"score_fuzzy_knn_k29":1.0},"geometry":{"type":"Polygon","coordinates":[[[-68.1982905,-10.6717657],[-68.190126,-10.6717447],[-68.1901403,-10.6663354],[-68.1983047,-10.6663564],[-68.1982905,-10.6717657]]]}},{"type":"Feature","id":"AC-Y217-X766","properties":{"id":"AC-Y217-X766","grid_x":766,"grid_y":217,"centroid":[-68.1533935,-10.6689428],"aggregation":"none","score_gradboost":0.9703639,"score_random_forest":0.9800859,"score_logistic_regression":0.7586607,"score_fuzzy_knn_k29":1.0},"geometry":{"type":"Polygon","coordinates":[[[-68.1574682,-10.6716584],[-68.1493038,-10.6716363],[-68.1493189,-10.6662271],[-68.1574831,-10.6662492],[-68.1574682,-10.6716584]]]}},{"type":"Feature","id":"AC-Y217-X767","properties":{"id":"AC-Y217-X767","grid_x":767,"grid_y":217,"centroid":[-68.1452292,-10.6689206],"aggregation":"none","score_gradboost":0.7929926,"score_random_forest":0.7655993,"score_logistic_regression":0.660622,"score_fuzzy_knn_k29":0.9840349},"geometry":{"type":"Polygon","coordinates":[[[-68.1493038,-10.6716363],[-68.1411395,-10.671614],[-68.1411547,-10.6662048],[-68.1493189,-10.6662271],[-68.1493038,-10.6716363]]]}},{"type":"Feature","id":"AC-Y218-X751","properties":{"id":"AC-Y218-X751","grid_x":751,"grid_y":218,"centroid":[-68.2758731,-10.6638408],"aggregation":"none","score_gradboost":0.8244549,"score_random_forest":0.7806655,"score_logistic_regression":0.7242541,"score_fuzzy_knn_k29":0.9488472},"geometry":{"type":"Polygon","coordinates":[[[-68.2799489,-10.6665549],[-68.2717844,-10.666536],[-68.2717973,-10.6611266],[-68.2799617,-10.6611455],[-68.2799489,-10.6665549]]]}},{"type":"Feature","id":"AC-Y218-X752","properties":{"id":"AC-Y218-X752","grid_x":752,"grid_y":218,"centroid":[-68.2677087,-10.6638218],"aggregation":"none","score_gradboost":0.8175209,"score_random_forest":0.7900328,"score_logistic_regression":0.7425606,"score_fuzzy_knn_k29":0.6114104},"geometry":{"type":"Polygon","coordinates":[[[-68.2717844,-10.666536],[-68.2636199,-10.6665169],[-68.263633,-10.6611075],[-68.2717973,-10.6611266],[-68.2717844,-10.666536]]]}},{"type":"Feature","id":"AC-Y218-X759","properties":{"id":"AC-Y218-X759","grid_x":759,"grid_y":218,"centroid":[-68.2105582,-10.6636829],"aggregation":"none","score_gradboost":0.8935616,"score_random_forest":0.9274126,"score_logistic_regression":0.5728477,"score_fuzzy_knn_k29":0.9759645},"geometry":{"type":"Polygon","coordinates":[[[-68.2146334,-10.6663978],[-68.206469,-10.6663772],[-68.206483,-10.6609679],[-68.2146472,-10.6609885],[-68.2146334,-10.6663978]]]}},{"type":"Feature","id":"AC-Y218-X760","properties":{"id":"AC-Y218-X760","grid_x":760,"grid_y":218,"centroid":[-68.2023939,-10.6636622],"aggregation":"none","score_gradboost":0.9185708,"score_random_forest":0.8953517,"score_logistic_regression":0.7683035,"score_fuzzy_knn_k29":1.0},"geometry":{"type":"Polygon","coordinates":[[[-68.206469,-10.6663772],[-68.1983047,-10.6663564],[-68.1983188,-10.6609471],[-68.206483,-10.6609679],[-68.206469,-10.6663772]]]}},{"type":"Feature","id":"AC-Y218-X761","properties":{"id":"AC-Y218-X761","grid_x":761,"grid_y":218,"centroid":[-68.1942296,-10.6636413],"aggregation":"none","score_gradboost":0.9383394,"score_random_forest":0.8793596,"score_logistic_regression":0.7438723,"score_fuzzy_knn_k29":1.0},"geometry":{"type":"Polygon","coordinates":[[[-68.1983047,-10.6663564],[-68.1901403,-10.6663354],[-68.1901546,-10.6609261],[-68.1983188,-10.6609471],[-68.1983047,-10.6663564]]]}},{"type":"Feature","id":"AC-Y218-X766","properties":{"id":"AC-Y218-X766","grid_x":766,"grid_y":218,"centroid":[-68.1534085,-10.6635335],"aggregation":"none","score_gradboost":0.9861479,"score_random_forest":0.9915006,"score_logistic_regression":0.7638002,"score_fuzzy_knn_k29":1.0},"geometry":{"type":"Polygon","coordinates":[[[-68.1574831,-10.6662492],[-68.1493189,-10.6662271],[-68.1493339,-10.6608178],[-68.157498,-10.6608399],[-68.1574831,-10.6662492]]]}},{"type":"Feature","id":"AC-Y219-X755","properties":{"id":"AC-Y219-X755","grid_x":755,"grid_y":219,"centroid":[-68.2432289,-10.6583541],"aggregation":"none","score_gradboost":0.8958907,"score_random_forest":0.8573464,"score_logistic_regression":0.7655663,"score_fuzzy_knn_k29":0.9762864},"geometry":{"type":"Polygon","coordinates":[[[-68.2473043,-10.6610687],[-68.23914,-10.6610489],[-68.2391535,-10.6556395],[-68.2473176,-10.6556593],[-68.2473043,-10.6610687]]]}},{"type":"Feature","id":"AC-Y219-X759","properties":{"id":"AC-Y219-X759","grid_x":759,"grid_y":219,"centroid":[-68.2105721,-10.6582735],"aggregation":"none","score_gradboost":0.851541,"score_random_forest":0.8179361,"score_logistic_regression":0.5090019,"score_fuzzy_knn_k29":0.8207295},"geometry":{"type":"Polygon","coordinates":[[[-68.2146472,-10.6609885],[-68.206483,-10.6609679],[-68.206497,-10.6555585],[-68.2146611,-10.6555791],[-68.2146472,-10.6609885]]]}},{"type":"Feature","id":"AC-Y219-X760","properties":{"id":"AC-Y219-X760","grid_x":760,"grid_y":219,"centroid":[-68.202408,-10.6582528],"aggregation":"none","score_gradboost":0.7854844,"score_random_forest":0.7974085,"score_logistic_regression":0.8074844,"score_fuzzy_knn_k29":0.5887394},"geometry":{"type":"Polygon","coordinates":[[[-68.206483,-10.6609679],[-68.1983188,-10.6609471],[-68.198333,-10.6555377],[-68.206497,-10.6555585],[-68.206483,-10.6609679]]]}},{"type":"Feature","id":"AC-Y219-X761","properties":{"id":"AC-Y219-X761","grid_x":761,"grid_y":219,"centroid":[-68.1942438,-10.6582319],"aggregation":"none","score_gradboost":0.9234306,"score_random_forest":0.8799189,"score_logistic_regression":0.7550655,"score_fuzzy_knn_k29":1.0},"geometry":{"type":"Polygon","coordinates":[[[-68.1983188,-10.6609471],[-68.1901546,-10.6609261],[-68.1901689,-10.6555167],[-68.198333,-10.6555377],[-68.1983188,-10.6609471]]]}},{"type":"Feature","id":"AC-Y219-X766","properties":{"id":"AC-Y219-X766","grid_x":766,"grid_y":219,"centroid":[-68.1534234,-10.6581242],"aggregation":"none","score_gradboost":0.968948,"score_random_forest":0.9620013,"score_logistic_regression":0.7825774,"score_fuzzy_knn_k29":1.0},"geometry":{"type":"Polygon","coordinates":[[[-68.157498,-10.6608399],[-68.1493339,-10.6608178],[-68.1493489,-10.6554085],[-68.1575129,-10.6554306],[-68.157498,-10.6608399]]]}},{"type":"Feature","id":"AC-Y220-X754","properties":{"id":"AC-Y220-X754","grid_x":754,"grid_y":220,"centroid":[-68.2514063,-10.6529643],"aggregation":"none","score_gradboost":0.6276182,"score_random_forest":0.7157935,"score_logistic_regression":0.8337794,"score_fuzzy_knn_k29":0.8948425},"geometry":{"type":"Polygon","coordinates":[[[-68.2554818,-10.6556788],[-68.2473176,-10.6556593],[-68.2473309,-10.6502499],[-68.2554949,-10.6502694],[-68.2554818,-10.6556788]]]}},{"type":"Feature","id":"AC-Y220-X755","properties":{"id":"AC-Y220-X755","grid_x":755,"grid_y":220,"centroid":[-68.2432422,-10.6529447],"aggregation":"none","score_gradboost":0.8846815,"score_random_forest":0.8330414,"score_logistic_regression":0.7738654,"score_fuzzy_knn_k29":0.9461257},"geometry":{"type":"Polygon","coordinates":[[[-68.2473176,-10.6556593],[-68.2391535,-10.6556395],[-68.2391669,-10.6502302],[-68.2473309,-10.6502499],[-68.2473176,-10.6556593]]]}},{"type":"Feature","id":"AC-Y220-X759","properties":{"id":"AC-Y220-X759","grid_x":759,"grid_y":220,"centroid":[-68.210586,-10.6528642],"aggregation":"none","score_gradboost":0.8339203,"score_random_forest":0.8661037,"score_logistic_regression":0.8012983,"score_fuzzy_knn_k29":1.0},"geometry":{"type":"Polygon","coordinates":[[[-68.2146611,-10.6555791],[-68.206497,-10.6555585],[-68.206511,-10.6501492],[-68.214675,-10.6501697],[-68.2146611,-10.6555791]]]}},{"type":"Feature","id":"AC-Y220-X760","properties":{"id":"AC-Y220-X760","grid_x":760,"grid_y":220,"centroid":[-68.202422,-10.6528435],"aggregation":"none","score_gradboost":0.9432168,"score_random_forest":0.9105413,"score_logistic_regression":0.7819778,"score_fuzzy_knn_k29":1.0},"geometry":{"type":"Polygon","coordinates":[[[-68.206497,-10.6555585],[-68.198333,-10.6555377],[-68.1983471,-10.6501284],[-68.206511,-10.6501492],[-68.206497,-10.6555585]]]}},{"type":"Feature","id":"AC-Y220-X761","properties":{"id":"AC-Y220-X761","grid_x":761,"grid_y":220,"centroid":[-68.194258,-10.6528226],"aggregation":"none","score_gradboost":0.9607011,"score_random_forest":0.8915135,"score_logistic_regression":0.7699642,"score_fuzzy_knn_k29":1.0},"geometry":{"type":"Polygon","coordinates":[[[-68.198333,-10.6555377],[-68.1901689,-10.6555167],[-68.1901832,-10.6501074],[-68.1983471,-10.6501284],[-68.198333,-10.6555377]]]}},{"type":"Feature","id":"AC-Y220-X762","properties":{"id":"AC-Y220-X762","grid_x":762,"grid_y":220,"centroid":[-68.1860941,-10.6528015],"aggregation":"none","score_gradboost":0.841742,"score_random_forest":0.873834,"score_logistic_regression":0.6352792,"score_fuzzy_knn_k29":1.0},"geometry":{"type":"Polygon","coordinates":[[[-68.1901689,-10.6555167],[-68.1820049,-10.6554955],[-68.1820193,-10.6500862],[-68.1901832,-10.6501074],[-68.1901689,-10.6555167]]]}},{"type":"Feature","id":"AC-Y220-X765","properties":{"id":"AC-Y220-X765","grid_x":765,"grid_y":220,"centroid":[-68.1616023,-10.6527369],"aggregation":"none","score_gradboost":0.9440859,"score_random_forest":0.951133,"score_logistic_regression":0.737241,"score_fuzzy_knn_k29":0.9680168},"geometry":{"type":"Polygon","coordinates":[[[-68.1656769,-10.6554525],[-68.1575129,-10.6554306],[-68.1575278,-10.6500213],[-68.1656916,-10.6500432],[-68.1656769,-10.6554525]]]}},{"type":"Feature","id":"AC-Y221-X762","properties":{"id":"AC-Y221-X762","grid_x":762,"grid_y":221,"centroid":[-68.1861084,-10.6473922],"aggregation":"none","score_gradboost":0.9754766,"score_random_forest":0.9839572,"score_logistic_regression":0.7865652,"score_fuzzy_knn_k29":1.0},"geometry":{"type":"Polygon","coordinates":[[[-68.1901832,-10.6501074],[-68.1820193,-10.6500862],[-68.1820337,-10.6446769],[-68.1901975,-10.6446981],[-68.1901832,-10.6501074]]]}},{"type":"Feature","id":"AC-Y221-X765","properties":{"id":"AC-Y221-X765","grid_x":765,"grid_y":221,"centroid":[-68.1616171,-10.6473276],"aggregation":"none","score_gradboost":0.9414837,"score_random_forest":0.9056075,"score_logistic_regression":0.616902,"score_fuzzy_knn_k29":0.8560509},"geometry":{"type":"Polygon","coordinates":[[[-68.1656916,-10.6500432],[-68.1575278,-10.6500213],[-68.1575426,-10.644612],[-68.1657063,-10.6446339],[-68.1656916,-10.6500432]]]}},{"type":"Feature","id":"AC-Y181-X737","properties":{"id":"AC-Y181-X737","grid_x":737,"grid_y":181,"centroid":[-68.389774,-10.8642367],"aggregation":"none","score_gradboost":0.7661511,"score_random_forest":0.6500693,"score_logistic_regression":0.5341381,"score_fuzzy_knn_k29":0.7281668},"geometry":{"type":"Polygon","coordinates":[[[-68.3938535,-10.8669496],[-68.3856834,-10.8669333],[-68.3856945,-10.8615239],[-68.3938644,-10.8615401],[-68.3938535,-10.8669496]]]}},{"type":"Feature","id":"AC-Y181-X738","properties":{"id":"AC-Y181-X738","grid_x":738,"grid_y":181,"centroid":[-68.3816039,-10.8642204],"aggregation":"none","score_gradboost":0.251385,"score_random_forest":0.1070965,"score_logistic_regression":0.3536534,"score_fuzzy_knn_k29":0.1007951},"geometry":{"type":"Polygon","coordinates":[[[-68.3856834,-10.8669333],[-68.3775133,-10.8669169],[-68.3775245,-10.8615074],[-68.3856945,-10.8615239],[-68.3856834,-10.8669333]]]}},{"type":"Feature","id":"AC-Y181-X739","properties":{"id":"AC-Y181-X739","grid_x":739,"grid_y":181,"centroid":[-68.373434,-10.8642039],"aggregation":"none","score_gradboost":0.2133488,"score_random_forest":0.1180217,"score_logistic_regression":0.3354476,"score_fuzzy_knn_k29":0.050963},"geometry":{"type":"Polygon","coordinates":[[[-68.3775133,-10.8669169],[-68.3693433,-10.8669003],[-68.3693546,-10.8614908],[-68.3775246,-10.8615074],[-68.3775133,-10.8669169]]]}},{"type":"Feature","id":"AC-Y181-X740","properties":{"id":"AC-Y181-X740","grid_x":740,"grid_y":181,"centroid":[-68.365264,-10.8641871],"aggregation":"none","score_gradboost":0.4122565,"score_random_forest":0.2226476,"score_logistic_regression":0.380798,"score_fuzzy_knn_k29":0.1707837},"geometry":{"type":"Polygon","coordinates":[[[-68.3693433,-10.8669003],[-68.3611732,-10.8668834],[-68.3611847,-10.8614739],[-68.3693546,-10.8614908],[-68.3693433,-10.8669003]]]}},{"type":"Feature","id":"AC-Y181-X741","properties":{"id":"AC-Y181-X741","grid_x":741,"grid_y":181,"centroid":[-68.357094,-10.8641702],"aggregation":"none","score_gradboost":0.4939702,"score_random_forest":0.460696,"score_logistic_regression":0.6310611,"score_fuzzy_knn_k29":0.7391799},"geometry":{"type":"Polygon","coordinates":[[[-68.3611732,-10.8668834],[-68.3530032,-10.8668663],[-68.3530148,-10.8614569],[-68.3611847,-10.8614739],[-68.3611732,-10.8668834]]]}},{"type":"Feature","id":"AC-Y181-X742","properties":{"id":"AC-Y181-X742","grid_x":742,"grid_y":181,"centroid":[-68.3489241,-10.864153],"aggregation":"none","score_gradboost":0.6421844,"score_random_forest":0.6175232,"score_logistic_regression":0.6068636,"score_fuzzy_knn_k29":0.4847884},"geometry":{"type":"Polygon","coordinates":[[[-68.3530032,-10.8668663],[-68.3448332,-10.866849],[-68.344845,-10.8614396],[-68.3530149,-10.8614569],[-68.3530032,-10.8668663]]]}},{"type":"Feature","id":"AC-Y181-X743","properties":{"id":"AC-Y181-X743","grid_x":743,"grid_y":181,"centroid":[-68.3407541,-10.8641356],"aggregation":"none","score_gradboost":0.3247952,"score_random_forest":0.4814541,"score_logistic_regression":0.5511077,"score_fuzzy_knn_k29":0.6128274},"geometry":{"type":"Polygon","coordinates":[[[-68.3448332,-10.866849],[-68.3366632,-10.8668315],[-68.3366751,-10.8614221],[-68.344845,-10.8614396],[-68.3448332,-10.866849]]]}},{"type":"Feature","id":"AC-Y181-X744","properties":{"id":"AC-Y181-X744","grid_x":744,"grid_y":181,"centroid":[-68.3325842,-10.8641179],"aggregation":"none","score_gradboost":0.4269495,"score_random_forest":0.5151361,"score_logistic_regression":0.530062,"score_fuzzy_knn_k29":0.4439445},"geometry":{"type":"Polygon","coordinates":[[[-68.3366632,-10.8668315],[-68.3284932,-10.8668138],[-68.3285053,-10.8614043],[-68.3366751,-10.8614221],[-68.3366632,-10.8668315]]]}},{"type":"Feature","id":"AC-Y181-X745","properties":{"id":"AC-Y181-X745","grid_x":745,"grid_y":181,"centroid":[-68.3244143,-10.8641001],"aggregation":"none","score_gradboost":0.8028396,"score_random_forest":0.7322681,"score_logistic_regression":0.6432258,"score_fuzzy_knn_k29":0.4398277},"geometry":{"type":"Polygon","coordinates":[[[-68.3284932,-10.8668138],[-68.3203232,-10.8667958],[-68.3203354,-10.8613864],[-68.3285053,-10.8614043],[-68.3284932,-10.8668138]]]}},{"type":"Feature","id":"AC-Y182-X737","properties":{"id":"AC-Y182-X737","grid_x":737,"grid_y":182,"centroid":[-68.3897849,-10.8588272],"aggregation":"none","score_gradboost":0.3927524,"score_random_forest":0.3653539,"score_logistic_regression":0.494536,"score_fuzzy_knn_k29":0.7262203},"geometry":{"type":"Polygon","coordinates":[[[-68.3938644,-10.8615401],[-68.3856945,-10.8615239],[-68.3857055,-10.8561144],[-68.3938753,-10.8561306],[-68.3938644,-10.8615401]]]}},{"type":"Feature","id":"AC-Y182-X738","properties":{"id":"AC-Y182-X738","grid_x":738,"grid_y":182,"centroid":[-68.3816151,-10.8588109],"aggregation":"none","score_gradboost":0.2807051,"score_random_forest":0.2033166,"score_logistic_regression":0.4460605,"score_fuzzy_knn_k29":0.209223},"geometry":{"type":"Polygon","coordinates":[[[-68.3856945,-10.8615239],[-68.3775245,-10.8615074],[-68.3775358,-10.856098],[-68.3857055,-10.8561144],[-68.3856945,-10.8615239]]]}},{"type":"Feature","id":"AC-Y182-X739","properties":{"id":"AC-Y182-X739","grid_x":739,"grid_y":182,"centroid":[-68.3734452,-10.8587944],"aggregation":"none","score_gradboost":0.1665017,"score_random_forest":0.1234423,"score_logistic_regression":0.3445042,"score_fuzzy_knn_k29":0.0657758},"geometry":{"type":"Polygon","coordinates":[[[-68.3775246,-10.8615074],[-68.3693546,-10.8614908],[-68.369366,-10.8560813],[-68.3775358,-10.856098],[-68.3775246,-10.8615074]]]}},{"type":"Feature","id":"AC-Y182-X740","properties":{"id":"AC-Y182-X740","grid_x":740,"grid_y":182,"centroid":[-68.3652754,-10.8587777],"aggregation":"none","score_gradboost":0.3950184,"score_random_forest":0.2178535,"score_logistic_regression":0.3847235,"score_fuzzy_knn_k29":0.1648749},"geometry":{"type":"Polygon","coordinates":[[[-68.3693546,-10.8614908],[-68.3611847,-10.8614739],[-68.3611962,-10.8560645],[-68.369366,-10.8560813],[-68.3693546,-10.8614908]]]}},{"type":"Feature","id":"AC-Y182-X741","properties":{"id":"AC-Y182-X741","grid_x":741,"grid_y":182,"centroid":[-68.3571056,-10.8587607],"aggregation":"none","score_gradboost":0.3247809,"score_random_forest":0.1923967,"score_logistic_regression":0.4286743,"score_fuzzy_knn_k29":0.2079762},"geometry":{"type":"Polygon","coordinates":[[[-68.3611847,-10.8614739],[-68.3530148,-10.8614569],[-68.3530265,-10.8560474],[-68.3611962,-10.8560645],[-68.3611847,-10.8614739]]]}},{"type":"Feature","id":"AC-Y182-X742","properties":{"id":"AC-Y182-X742","grid_x":742,"grid_y":182,"centroid":[-68.3489358,-10.8587435],"aggregation":"none","score_gradboost":0.2827557,"score_random_forest":0.4633402,"score_logistic_regression":0.5717412,"score_fuzzy_knn_k29":0.50487},"geometry":{"type":"Polygon","coordinates":[[[-68.3530149,-10.8614569],[-68.344845,-10.8614396],[-68.3448568,-10.8560301],[-68.3530265,-10.8560474],[-68.3530149,-10.8614569]]]}},{"type":"Feature","id":"AC-Y182-X743","properties":{"id":"AC-Y182-X743","grid_x":743,"grid_y":182,"centroid":[-68.340766,-10.8587261],"aggregation":"none","score_gradboost":0.3415989,"score_random_forest":0.5068128,"score_logistic_regression":0.5775399,"score_fuzzy_knn_k29":0.7259069},"geometry":{"type":"Polygon","coordinates":[[[-68.344845,-10.8614396],[-68.3366751,-10.8614221],[-68.3366871,-10.8560126],[-68.3448568,-10.8560301],[-68.344845,-10.8614396]]]}},{"type":"Feature","id":"AC-Y182-X744","properties":{"id":"AC-Y182-X744","grid_x":744,"grid_y":182,"centroid":[-68.3325962,-10.8587085],"aggregation":"none","score_gradboost":0.6792874,"score_random_forest":0.5520857,"score_logistic_regression":0.6037339,"score_fuzzy_knn_k29":0.4533177},"geometry":{"type":"Polygon","coordinates":[[[-68.3366751,-10.8614221],[-68.3285053,-10.8614043],[-68.3285174,-10.8559949],[-68.3366871,-10.8560126],[-68.3366751,-10.8614221]]]}},{"type":"Feature","id":"AC-Y182-X745","properties":{"id":"AC-Y182-X745","grid_x":745,"grid_y":182,"centroid":[-68.3244264,-10.8586907],"aggregation":"none","score_gradboost":0.8108997,"score_random_forest":0.6703295,"score_logistic_regression":0.6441974,"score_fuzzy_knn_k29":0.3908092},"geometry":{"type":"Polygon","coordinates":[[[-68.3285053,-10.8614043],[-68.3203354,-10.8613864],[-68.3203477,-10.855977],[-68.3285174,-10.8559949],[-68.3285053,-10.8614043]]]}},{"type":"Feature","id":"AC-Y183-X737","properties":{"id":"AC-Y183-X737","grid_x":737,"grid_y":183,"centroid":[-68.3897959,-10.8534178],"aggregation":"none","score_gradboost":0.3515708,"score_random_forest":0.2336413,"score_logistic_regression":0.4458446,"score_fuzzy_knn_k29":0.5860315},"geometry":{"type":"Polygon","coordinates":[[[-68.3938753,-10.8561306],[-68.3857055,-10.8561144],[-68.3857166,-10.8507049],[-68.3938862,-10.8507211],[-68.3938753,-10.8561306]]]}},{"type":"Feature","id":"AC-Y183-X738","properties":{"id":"AC-Y183-X738","grid_x":738,"grid_y":183,"centroid":[-68.3816262,-10.8534015],"aggregation":"none","score_gradboost":0.1659052,"score_random_forest":0.1383756,"score_logistic_regression":0.3532761,"score_fuzzy_knn_k29":0.1154633},"geometry":{"type":"Polygon","coordinates":[[[-68.3857055,-10.8561144],[-68.3775358,-10.856098],[-68.3775469,-10.8506885],[-68.3857166,-10.8507049],[-68.3857055,-10.8561144]]]}},{"type":"Feature","id":"AC-Y183-X739","properties":{"id":"AC-Y183-X739","grid_x":739,"grid_y":183,"centroid":[-68.3734565,-10.8533849],"aggregation":"none","score_gradboost":0.1607625,"score_random_forest":0.137652,"score_logistic_regression":0.3318471,"score_fuzzy_knn_k29":0.0582573},"geometry":{"type":"Polygon","coordinates":[[[-68.3775358,-10.856098],[-68.369366,-10.8560813],[-68.3693773,-10.8506719],[-68.3775469,-10.8506885],[-68.3775358,-10.856098]]]}},{"type":"Feature","id":"AC-Y183-X740","properties":{"id":"AC-Y183-X740","grid_x":740,"grid_y":183,"centroid":[-68.3652868,-10.8533682],"aggregation":"none","score_gradboost":0.4292836,"score_random_forest":0.2176408,"score_logistic_regression":0.3897204,"score_fuzzy_knn_k29":0.166552},"geometry":{"type":"Polygon","coordinates":[[[-68.369366,-10.8560813],[-68.3611962,-10.8560645],[-68.3612077,-10.850655],[-68.3693773,-10.8506719],[-68.369366,-10.8560813]]]}},{"type":"Feature","id":"AC-Y183-X741","properties":{"id":"AC-Y183-X741","grid_x":741,"grid_y":183,"centroid":[-68.3571171,-10.8533512],"aggregation":"none","score_gradboost":0.8906659,"score_random_forest":0.6064159,"score_logistic_regression":0.5686354,"score_fuzzy_knn_k29":0.4342947},"geometry":{"type":"Polygon","coordinates":[[[-68.3611962,-10.8560645],[-68.3530265,-10.8560474],[-68.3530381,-10.850638],[-68.3612077,-10.850655],[-68.3611962,-10.8560645]]]}},{"type":"Feature","id":"AC-Y183-X742","properties":{"id":"AC-Y183-X742","grid_x":742,"grid_y":183,"centroid":[-68.3489475,-10.8533341],"aggregation":"none","score_gradboost":0.3635817,"score_random_forest":0.2699561,"score_logistic_regression":0.4812068,"score_fuzzy_knn_k29":0.4680102},"geometry":{"type":"Polygon","coordinates":[[[-68.3530265,-10.8560474],[-68.3448568,-10.8560301],[-68.3448685,-10.8506207],[-68.3530381,-10.850638],[-68.3530265,-10.8560474]]]}},{"type":"Feature","id":"AC-Y183-X743","properties":{"id":"AC-Y183-X743","grid_x":743,"grid_y":183,"centroid":[-68.3407778,-10.8533167],"aggregation":"none","score_gradboost":0.8088166,"score_random_forest":0.701743,"score_logistic_regression":0.6169883,"score_fuzzy_knn_k29":0.4491669},"geometry":{"type":"Polygon","coordinates":[[[-68.3448568,-10.8560301],[-68.3366871,-10.8560126],[-68.336699,-10.8506032],[-68.3448685,-10.8506207],[-68.3448568,-10.8560301]]]}},{"type":"Feature","id":"AC-Y183-X744","properties":{"id":"AC-Y183-X744","grid_x":744,"grid_y":183,"centroid":[-68.3326082,-10.8532991],"aggregation":"none","score_gradboost":0.3387494,"score_random_forest":0.4730075,"score_logistic_regression":0.5724685,"score_fuzzy_knn_k29":0.6916894},"geometry":{"type":"Polygon","coordinates":[[[-68.3366871,-10.8560126],[-68.3285174,-10.8559949],[-68.3285294,-10.8505855],[-68.336699,-10.8506032],[-68.3366871,-10.8560126]]]}},{"type":"Feature","id":"AC-Y183-X745","properties":{"id":"AC-Y183-X745","grid_x":745,"grid_y":183,"centroid":[-68.3244386,-10.8532813],"aggregation":"none","score_gradboost":0.8975817,"score_random_forest":0.8369707,"score_logistic_regression":0.7763379,"score_fuzzy_knn_k29":0.9006977},"geometry":{"type":"Polygon","coordinates":[[[-68.3285174,-10.8559949],[-68.3203477,-10.855977],[-68.3203599,-10.8505676],[-68.3285294,-10.8505855],[-68.3285174,-10.8559949]]]}},{"type":"Feature","id":"AC-Y183-X746","properties":{"id":"AC-Y183-X746","grid_x":746,"grid_y":183,"centroid":[-68.316269,-10.8532632],"aggregation":"none","score_gradboost":0.2177845,"score_random_forest":0.4351584,"score_logistic_regression":0.5790594,"score_fuzzy_knn_k29":0.250819},"geometry":{"type":"Polygon","coordinates":[[[-68.3203477,-10.855977],[-68.312178,-10.8559588],[-68.3121904,-10.8505494],[-68.3203599,-10.8505676],[-68.3203477,-10.855977]]]}},{"type":"Feature","id":"AC-Y184-X737","properties":{"id":"AC-Y184-X737","grid_x":737,"grid_y":184,"centroid":[-68.3898069,-10.8480083],"aggregation":"none","score_gradboost":0.1839986,"score_random_forest":0.163121,"score_logistic_regression":0.3730519,"score_fuzzy_knn_k29":0.1995874},"geometry":{"type":"Polygon","coordinates":[[[-68.3938862,-10.8507211],[-68.3857166,-10.8507049],[-68.3857276,-10.8452954],[-68.3938971,-10.8453116],[-68.3938862,-10.8507211]]]}},{"type":"Feature","id":"AC-Y184-X738","properties":{"id":"AC-Y184-X738","grid_x":738,"grid_y":184,"centroid":[-68.3816373,-10.847992],"aggregation":"none","score_gradboost":0.2207208,"score_random_forest":0.2256975,"score_logistic_regression":0.3991301,"score_fuzzy_knn_k29":0.2153288},"geometry":{"type":"Polygon","coordinates":[[[-68.3857166,-10.8507049],[-68.3775469,-10.8506885],[-68.3775581,-10.845279],[-68.3857276,-10.8452954],[-68.3857166,-10.8507049]]]}},{"type":"Feature","id":"AC-Y184-X739","properties":{"id":"AC-Y184-X739","grid_x":739,"grid_y":184,"centroid":[-68.3734678,-10.8479755],"aggregation":"none","score_gradboost":0.3843434,"score_random_forest":0.2221263,"score_logistic_regression":0.3677084,"score_fuzzy_knn_k29":0.0859783},"geometry":{"type":"Polygon","coordinates":[[[-68.3775469,-10.8506885],[-68.3693773,-10.8506719],[-68.3693887,-10.8452624],[-68.3775581,-10.845279],[-68.3775469,-10.8506885]]]}},{"type":"Feature","id":"AC-Y184-X740","properties":{"id":"AC-Y184-X740","grid_x":740,"grid_y":184,"centroid":[-68.3652982,-10.8479587],"aggregation":"none","score_gradboost":0.2978939,"score_random_forest":0.1714761,"score_logistic_regression":0.4133645,"score_fuzzy_knn_k29":0.1541838},"geometry":{"type":"Polygon","coordinates":[[[-68.3693773,-10.8506719],[-68.3612077,-10.850655],[-68.3612192,-10.8452455],[-68.3693887,-10.8452624],[-68.3693773,-10.8506719]]]}},{"type":"Feature","id":"AC-Y184-X741","properties":{"id":"AC-Y184-X741","grid_x":741,"grid_y":184,"centroid":[-68.3571287,-10.8479418],"aggregation":"none","score_gradboost":0.3831621,"score_random_forest":0.2503738,"score_logistic_regression":0.5180849,"score_fuzzy_knn_k29":0.4258875},"geometry":{"type":"Polygon","coordinates":[[[-68.3612077,-10.850655],[-68.3530381,-10.850638],[-68.3530498,-10.8452285],[-68.3612192,-10.8452455],[-68.3612077,-10.850655]]]}},{"type":"Feature","id":"AC-Y184-X742","properties":{"id":"AC-Y184-X742","grid_x":742,"grid_y":184,"centroid":[-68.3489592,-10.8479246],"aggregation":"none","score_gradboost":0.6561871,"score_random_forest":0.6307295,"score_logistic_regression":0.5850397,"score_fuzzy_knn_k29":0.4101465},"geometry":{"type":"Polygon","coordinates":[[[-68.3530381,-10.850638],[-68.3448685,-10.8506207],[-68.3448803,-10.8452112],[-68.3530498,-10.8452285],[-68.3530381,-10.850638]]]}},{"type":"Feature","id":"AC-Y184-X743","properties":{"id":"AC-Y184-X743","grid_x":743,"grid_y":184,"centroid":[-68.3407897,-10.8479072],"aggregation":"none","score_gradboost":0.3553486,"score_random_forest":0.4206227,"score_logistic_regression":0.5583873,"score_fuzzy_knn_k29":0.5079123},"geometry":{"type":"Polygon","coordinates":[[[-68.3448685,-10.8506207],[-68.336699,-10.8506032],[-68.3367109,-10.8451937],[-68.3448803,-10.8452112],[-68.3448685,-10.8506207]]]}},{"type":"Feature","id":"AC-Y184-X744","properties":{"id":"AC-Y184-X744","grid_x":744,"grid_y":184,"centroid":[-68.3326202,-10.8478896],"aggregation":"none","score_gradboost":0.7930655,"score_random_forest":0.6951521,"score_logistic_regression":0.6160215,"score_fuzzy_knn_k29":0.3210223},"geometry":{"type":"Polygon","coordinates":[[[-68.336699,-10.8506032],[-68.3285294,-10.8505855],[-68.3285415,-10.845176],[-68.3367109,-10.8451937],[-68.336699,-10.8506032]]]}},{"type":"Feature","id":"AC-Y184-X745","properties":{"id":"AC-Y184-X745","grid_x":745,"grid_y":184,"centroid":[-68.3244507,-10.8478718],"aggregation":"none","score_gradboost":0.3667878,"score_random_forest":0.4670611,"score_logistic_regression":0.5659504,"score_fuzzy_knn_k29":0.5403524},"geometry":{"type":"Polygon","coordinates":[[[-68.3285294,-10.8505855],[-68.3203599,-10.8505676],[-68.3203721,-10.8451581],[-68.3285415,-10.845176],[-68.3285294,-10.8505855]]]}},{"type":"Feature","id":"AC-Y184-X746","properties":{"id":"AC-Y184-X746","grid_x":746,"grid_y":184,"centroid":[-68.3162813,-10.8478538],"aggregation":"none","score_gradboost":0.5867018,"score_random_forest":0.5172346,"score_logistic_regression":0.595449,"score_fuzzy_knn_k29":0.3457005},"geometry":{"type":"Polygon","coordinates":[[[-68.3203599,-10.8505676],[-68.3121904,-10.8505494],[-68.3122027,-10.84514],[-68.3203721,-10.8451581],[-68.3203599,-10.8505676]]]}},{"type":"Feature","id":"AC-Y185-X737","properties":{"id":"AC-Y185-X737","grid_x":737,"grid_y":185,"centroid":[-68.3898179,-10.8425988],"aggregation":"none","score_gradboost":0.3287138,"score_random_forest":0.5414841,"score_logistic_regression":0.5169283,"score_fuzzy_knn_k29":0.6223137},"geometry":{"type":"Polygon","coordinates":[[[-68.3938971,-10.8453116],[-68.3857276,-10.8452954],[-68.3857387,-10.8398859],[-68.393908,-10.8399021],[-68.3938971,-10.8453116]]]}},{"type":"Feature","id":"AC-Y185-X738","properties":{"id":"AC-Y185-X738","grid_x":738,"grid_y":185,"centroid":[-68.3816484,-10.8425825],"aggregation":"none","score_gradboost":0.4251583,"score_random_forest":0.4546783,"score_logistic_regression":0.6103966,"score_fuzzy_knn_k29":0.711994},"geometry":{"type":"Polygon","coordinates":[[[-68.3857276,-10.8452954],[-68.3775581,-10.845279],[-68.3775693,-10.8398695],[-68.3857387,-10.8398859],[-68.3857276,-10.8452954]]]}},{"type":"Feature","id":"AC-Y185-X739","properties":{"id":"AC-Y185-X739","grid_x":739,"grid_y":185,"centroid":[-68.373479,-10.842566],"aggregation":"none","score_gradboost":0.4595111,"score_random_forest":0.5234167,"score_logistic_regression":0.6080411,"score_fuzzy_knn_k29":0.9677169},"geometry":{"type":"Polygon","coordinates":[[[-68.3775581,-10.845279],[-68.3693887,-10.8452624],[-68.3694,-10.8398529],[-68.3775693,-10.8398695],[-68.3775581,-10.845279]]]}},{"type":"Feature","id":"AC-Y185-X740","properties":{"id":"AC-Y185-X740","grid_x":740,"grid_y":185,"centroid":[-68.3653096,-10.8425493],"aggregation":"none","score_gradboost":0.3240729,"score_random_forest":0.198782,"score_logistic_regression":0.3743052,"score_fuzzy_knn_k29":0.1023901},"geometry":{"type":"Polygon","coordinates":[[[-68.3693887,-10.8452624],[-68.3612192,-10.8452455],[-68.3612307,-10.8398361],[-68.3694,-10.8398529],[-68.3693887,-10.8452624]]]}},{"type":"Feature","id":"AC-Y185-X741","properties":{"id":"AC-Y185-X741","grid_x":741,"grid_y":185,"centroid":[-68.3571403,-10.8425323],"aggregation":"none","score_gradboost":0.3021042,"score_random_forest":0.2095747,"score_logistic_regression":0.47744,"score_fuzzy_knn_k29":0.1171522},"geometry":{"type":"Polygon","coordinates":[[[-68.3612192,-10.8452455],[-68.3530498,-10.8452285],[-68.3530614,-10.839819],[-68.3612307,-10.8398361],[-68.3612192,-10.8452455]]]}},{"type":"Feature","id":"AC-Y185-X742","properties":{"id":"AC-Y185-X742","grid_x":742,"grid_y":185,"centroid":[-68.3489709,-10.8425152],"aggregation":"none","score_gradboost":0.3404156,"score_random_forest":0.2915325,"score_logistic_regression":0.5304959,"score_fuzzy_knn_k29":0.5497768},"geometry":{"type":"Polygon","coordinates":[[[-68.3530498,-10.8452285],[-68.3448803,-10.8452112],[-68.3448921,-10.8398018],[-68.3530614,-10.839819],[-68.3530498,-10.8452285]]]}},{"type":"Feature","id":"AC-Y185-X743","properties":{"id":"AC-Y185-X743","grid_x":743,"grid_y":185,"centroid":[-68.3408015,-10.8424978],"aggregation":"none","score_gradboost":0.4606097,"score_random_forest":0.4290124,"score_logistic_regression":0.5554156,"score_fuzzy_knn_k29":0.4003439},"geometry":{"type":"Polygon","coordinates":[[[-68.3448803,-10.8452112],[-68.3367109,-10.8451937],[-68.3367228,-10.8397843],[-68.3448921,-10.8398018],[-68.3448803,-10.8452112]]]}},{"type":"Feature","id":"AC-Y185-X744","properties":{"id":"AC-Y185-X744","grid_x":744,"grid_y":185,"centroid":[-68.3326322,-10.8424802],"aggregation":"none","score_gradboost":0.8898702,"score_random_forest":0.8807117,"score_logistic_regression":0.6493476,"score_fuzzy_knn_k29":0.5687525},"geometry":{"type":"Polygon","coordinates":[[[-68.3367109,-10.8451937],[-68.3285415,-10.845176],[-68.3285536,-10.8397666],[-68.3367228,-10.8397843],[-68.3367109,-10.8451937]]]}},{"type":"Feature","id":"AC-Y185-X745","properties":{"id":"AC-Y185-X745","grid_x":745,"grid_y":185,"centroid":[-68.3244629,-10.8424624],"aggregation":"none","score_gradboost":0.5573862,"score_random_forest":0.580642,"score_logistic_regression":0.5910887,"score_fuzzy_knn_k29":0.56325},"geometry":{"type":"Polygon","coordinates":[[[-68.3285415,-10.845176],[-68.3203721,-10.8451581],[-68.3203843,-10.8397487],[-68.3285536,-10.8397666],[-68.3285415,-10.845176]]]}},{"type":"Feature","id":"AC-Y185-X746","properties":{"id":"AC-Y185-X746","grid_x":746,"grid_y":185,"centroid":[-68.3162936,-10.8424444],"aggregation":"none","score_gradboost":0.9109979,"score_random_forest":0.8164062,"score_logistic_regression":0.6478003,"score_fuzzy_knn_k29":0.4352424},"geometry":{"type":"Polygon","coordinates":[[[-68.3203721,-10.8451581],[-68.3122027,-10.84514],[-68.3122151,-10.8397306],[-68.3203843,-10.8397487],[-68.3203721,-10.8451581]]]}},{"type":"Feature","id":"AC-Y185-X747","properties":{"id":"AC-Y185-X747","grid_x":747,"grid_y":185,"centroid":[-68.3081243,-10.8424261],"aggregation":"none","score_gradboost":0.5911073,"score_random_forest":0.6436292,"score_logistic_regression":0.6168977,"score_fuzzy_knn_k29":0.2568214},"geometry":{"type":"Polygon","coordinates":[[[-68.3122027,-10.84514],[-68.3040334,-10.8451217],[-68.3040459,-10.8397122],[-68.3122151,-10.8397306],[-68.3122027,-10.84514]]]}},{"type":"Feature","id":"AC-Y186-X737","properties":{"id":"AC-Y186-X737","grid_x":737,"grid_y":186,"centroid":[-68.3898288,-10.8371893],"aggregation":"none","score_gradboost":0.3948413,"score_random_forest":0.3156956,"score_logistic_regression":0.4650677,"score_fuzzy_knn_k29":0.7355179},"geometry":{"type":"Polygon","coordinates":[[[-68.393908,-10.8399021],[-68.3857387,-10.8398859],[-68.3857497,-10.8344764],[-68.3939189,-10.8344926],[-68.393908,-10.8399021]]]}},{"type":"Feature","id":"AC-Y186-X738","properties":{"id":"AC-Y186-X738","grid_x":738,"grid_y":186,"centroid":[-68.3816595,-10.837173],"aggregation":"none","score_gradboost":0.3693193,"score_random_forest":0.2622211,"score_logistic_regression":0.3902783,"score_fuzzy_knn_k29":0.1874923},"geometry":{"type":"Polygon","coordinates":[[[-68.3857387,-10.8398859],[-68.3775693,-10.8398695],[-68.3775805,-10.83446],[-68.3857497,-10.8344764],[-68.3857387,-10.8398859]]]}},{"type":"Feature","id":"AC-Y186-X739","properties":{"id":"AC-Y186-X739","grid_x":739,"grid_y":186,"centroid":[-68.3734903,-10.8371565],"aggregation":"none","score_gradboost":0.2592965,"score_random_forest":0.233023,"score_logistic_regression":0.3870721,"score_fuzzy_knn_k29":0.164965},"geometry":{"type":"Polygon","coordinates":[[[-68.3775693,-10.8398695],[-68.3694,-10.8398529],[-68.3694113,-10.8344434],[-68.3775805,-10.83446],[-68.3775693,-10.8398695]]]}},{"type":"Feature","id":"AC-Y186-X740","properties":{"id":"AC-Y186-X740","grid_x":740,"grid_y":186,"centroid":[-68.365321,-10.8371398],"aggregation":"none","score_gradboost":0.2301542,"score_random_forest":0.1371641,"score_logistic_regression":0.3679973,"score_fuzzy_knn_k29":0.1061346},"geometry":{"type":"Polygon","coordinates":[[[-68.3694,-10.8398529],[-68.3612307,-10.8398361],[-68.3612422,-10.8344266],[-68.3694113,-10.8344434],[-68.3694,-10.8398529]]]}},{"type":"Feature","id":"AC-Y186-X741","properties":{"id":"AC-Y186-X741","grid_x":741,"grid_y":186,"centroid":[-68.3571518,-10.8371229],"aggregation":"none","score_gradboost":0.2668255,"score_random_forest":0.1098614,"score_logistic_regression":0.4279293,"score_fuzzy_knn_k29":0.0875777},"geometry":{"type":"Polygon","coordinates":[[[-68.3612307,-10.8398361],[-68.3530614,-10.839819],[-68.353073,-10.8344096],[-68.3612422,-10.8344266],[-68.3612307,-10.8398361]]]}},{"type":"Feature","id":"AC-Y186-X742","properties":{"id":"AC-Y186-X742","grid_x":742,"grid_y":186,"centroid":[-68.3489826,-10.8371057],"aggregation":"none","score_gradboost":0.3652439,"score_random_forest":0.29978,"score_logistic_regression":0.5292363,"score_fuzzy_knn_k29":0.5575553},"geometry":{"type":"Polygon","coordinates":[[[-68.3530614,-10.839819],[-68.3448921,-10.8398018],[-68.3449039,-10.8343923],[-68.353073,-10.8344096],[-68.3530614,-10.839819]]]}},{"type":"Feature","id":"AC-Y186-X743","properties":{"id":"AC-Y186-X743","grid_x":743,"grid_y":186,"centroid":[-68.3408134,-10.8370883],"aggregation":"none","score_gradboost":0.6236641,"score_random_forest":0.5979004,"score_logistic_regression":0.5809721,"score_fuzzy_knn_k29":0.4178297},"geometry":{"type":"Polygon","coordinates":[[[-68.3448921,-10.8398018],[-68.3367228,-10.8397843],[-68.3367347,-10.8343749],[-68.3449039,-10.8343923],[-68.3448921,-10.8398018]]]}},{"type":"Feature","id":"AC-Y186-X744","properties":{"id":"AC-Y186-X744","grid_x":744,"grid_y":186,"centroid":[-68.3326442,-10.8370708],"aggregation":"none","score_gradboost":0.7664162,"score_random_forest":0.7804129,"score_logistic_regression":0.7297415,"score_fuzzy_knn_k29":0.8469016},"geometry":{"type":"Polygon","coordinates":[[[-68.3367228,-10.8397843],[-68.3285536,-10.8397666],[-68.3285656,-10.8343572],[-68.3367347,-10.8343749],[-68.3367228,-10.8397843]]]}},{"type":"Feature","id":"AC-Y186-X745","properties":{"id":"AC-Y186-X745","grid_x":745,"grid_y":186,"centroid":[-68.324475,-10.837053],"aggregation":"none","score_gradboost":0.5555857,"score_random_forest":0.5806493,"score_logistic_regression":0.6729911,"score_fuzzy_knn_k29":0.6457751},"geometry":{"type":"Polygon","coordinates":[[[-68.3285536,-10.8397666],[-68.3203843,-10.8397487],[-68.3203965,-10.8343393],[-68.3285656,-10.8343572],[-68.3285536,-10.8397666]]]}},{"type":"Feature","id":"AC-Y186-X746","properties":{"id":"AC-Y186-X746","grid_x":746,"grid_y":186,"centroid":[-68.3163058,-10.837035],"aggregation":"none","score_gradboost":0.9749517,"score_random_forest":0.9043998,"score_logistic_regression":0.686443,"score_fuzzy_knn_k29":0.5068737},"geometry":{"type":"Polygon","coordinates":[[[-68.3203843,-10.8397487],[-68.3122151,-10.8397306],[-68.3122274,-10.8343212],[-68.3203965,-10.8343393],[-68.3203843,-10.8397487]]]}},{"type":"Feature","id":"AC-Y186-X747","properties":{"id":"AC-Y186-X747","grid_x":747,"grid_y":186,"centroid":[-68.3081367,-10.8370167],"aggregation":"none","score_gradboost":0.6209216,"score_random_forest":0.6419481,"score_logistic_regression":0.6388219,"score_fuzzy_knn_k29":0.3706696},"geometry":{"type":"Polygon","coordinates":[[[-68.3122151,-10.8397306],[-68.3040459,-10.8397122],[-68.3040584,-10.8343028],[-68.3122274,-10.8343212],[-68.3122151,-10.8397306]]]}},{"type":"Feature","id":"AC-Y187-X737","properties":{"id":"AC-Y187-X737","grid_x":737,"grid_y":187,"centroid":[-68.3898398,-10.8317798],"aggregation":"none","score_gradboost":0.4610287,"score_random_forest":0.3369582,"score_logistic_regression":0.4626856,"score_fuzzy_knn_k29":0.7189889},"geometry":{"type":"Polygon","coordinates":[[[-68.3939189,-10.8344926],[-68.3857497,-10.8344764],[-68.3857607,-10.8290669],[-68.3939298,-10.8290831],[-68.3939189,-10.8344926]]]}},{"type":"Feature","id":"AC-Y187-X738","properties":{"id":"AC-Y187-X738","grid_x":738,"grid_y":187,"centroid":[-68.3816706,-10.8317635],"aggregation":"none","score_gradboost":0.3796716,"score_random_forest":0.2934322,"score_logistic_regression":0.4369599,"score_fuzzy_knn_k29":0.4338},"geometry":{"type":"Polygon","coordinates":[[[-68.3857497,-10.8344764],[-68.3775805,-10.83446],[-68.3775917,-10.8290505],[-68.3857607,-10.8290669],[-68.3857497,-10.8344764]]]}},{"type":"Feature","id":"AC-Y187-X739","properties":{"id":"AC-Y187-X739","grid_x":739,"grid_y":187,"centroid":[-68.3735015,-10.831747],"aggregation":"none","score_gradboost":0.2350274,"score_random_forest":0.2102219,"score_logistic_regression":0.3978581,"score_fuzzy_knn_k29":0.2300128},"geometry":{"type":"Polygon","coordinates":[[[-68.3775805,-10.83446],[-68.3694113,-10.8344434],[-68.3694226,-10.8290339],[-68.3775917,-10.8290505],[-68.3775805,-10.83446]]]}},{"type":"Feature","id":"AC-Y187-X740","properties":{"id":"AC-Y187-X740","grid_x":740,"grid_y":187,"centroid":[-68.3653324,-10.8317303],"aggregation":"none","score_gradboost":0.1843759,"score_random_forest":0.1205685,"score_logistic_regression":0.3442101,"score_fuzzy_knn_k29":0.0781446},"geometry":{"type":"Polygon","coordinates":[[[-68.3694113,-10.8344434],[-68.3612422,-10.8344266],[-68.3612536,-10.8290171],[-68.3694226,-10.8290339],[-68.3694113,-10.8344434]]]}},{"type":"Feature","id":"AC-Y187-X741","properties":{"id":"AC-Y187-X741","grid_x":741,"grid_y":187,"centroid":[-68.3571633,-10.8317134],"aggregation":"none","score_gradboost":0.1402365,"score_random_forest":0.0927397,"score_logistic_regression":0.4172785,"score_fuzzy_knn_k29":0.0657337},"geometry":{"type":"Polygon","coordinates":[[[-68.3612422,-10.8344266],[-68.353073,-10.8344096],[-68.3530846,-10.8290001],[-68.3612536,-10.8290171],[-68.3612422,-10.8344266]]]}},{"type":"Feature","id":"AC-Y187-X742","properties":{"id":"AC-Y187-X742","grid_x":742,"grid_y":187,"centroid":[-68.3489943,-10.8316963],"aggregation":"none","score_gradboost":0.8106866,"score_random_forest":0.7284912,"score_logistic_regression":0.5903854,"score_fuzzy_knn_k29":0.903728},"geometry":{"type":"Polygon","coordinates":[[[-68.353073,-10.8344096],[-68.3449039,-10.8343923],[-68.3449156,-10.8289829],[-68.3530846,-10.8290001],[-68.353073,-10.8344096]]]}},{"type":"Feature","id":"AC-Y187-X743","properties":{"id":"AC-Y187-X743","grid_x":743,"grid_y":187,"centroid":[-68.3408252,-10.8316789],"aggregation":"none","score_gradboost":0.886904,"score_random_forest":0.7399917,"score_logistic_regression":0.6086493,"score_fuzzy_knn_k29":0.753968},"geometry":{"type":"Polygon","coordinates":[[[-68.3449039,-10.8343923],[-68.3367347,-10.8343749],[-68.3367466,-10.8289654],[-68.3449156,-10.8289829],[-68.3449039,-10.8343923]]]}},{"type":"Feature","id":"AC-Y187-X744","properties":{"id":"AC-Y187-X744","grid_x":744,"grid_y":187,"centroid":[-68.3326562,-10.8316613],"aggregation":"none","score_gradboost":0.8683962,"score_random_forest":0.8411495,"score_logistic_regression":0.6651955,"score_fuzzy_knn_k29":0.7107065},"geometry":{"type":"Polygon","coordinates":[[[-68.3367347,-10.8343749],[-68.3285656,-10.8343572],[-68.3285777,-10.8289477],[-68.3367466,-10.8289654],[-68.3367347,-10.8343749]]]}},{"type":"Feature","id":"AC-Y187-X745","properties":{"id":"AC-Y187-X745","grid_x":745,"grid_y":187,"centroid":[-68.3244871,-10.8316435],"aggregation":"none","score_gradboost":0.4645196,"score_random_forest":0.5062499,"score_logistic_regression":0.5661306,"score_fuzzy_knn_k29":0.73814},"geometry":{"type":"Polygon","coordinates":[[[-68.3285656,-10.8343572],[-68.3203965,-10.8343393],[-68.3204087,-10.8289299],[-68.3285777,-10.8289477],[-68.3285656,-10.8343572]]]}},{"type":"Feature","id":"AC-Y187-X746","properties":{"id":"AC-Y187-X746","grid_x":746,"grid_y":187,"centroid":[-68.3163181,-10.8316255],"aggregation":"none","score_gradboost":0.835003,"score_random_forest":0.6986209,"score_logistic_regression":0.6322308,"score_fuzzy_knn_k29":0.2701961},"geometry":{"type":"Polygon","coordinates":[[[-68.3203965,-10.8343393],[-68.3122274,-10.8343212],[-68.3122398,-10.8289118],[-68.3204087,-10.8289299],[-68.3203965,-10.8343393]]]}},{"type":"Feature","id":"AC-Y187-X747","properties":{"id":"AC-Y187-X747","grid_x":747,"grid_y":187,"centroid":[-68.3081491,-10.8316073],"aggregation":"none","score_gradboost":0.4448936,"score_random_forest":0.4442118,"score_logistic_regression":0.5683646,"score_fuzzy_knn_k29":0.3588449},"geometry":{"type":"Polygon","coordinates":[[[-68.3122274,-10.8343212],[-68.3040584,-10.8343028],[-68.3040709,-10.8288934],[-68.3122398,-10.8289118],[-68.3122274,-10.8343212]]]}},{"type":"Feature","id":"AC-Y188-X737","properties":{"id":"AC-Y188-X737","grid_x":737,"grid_y":188,"centroid":[-68.3898507,-10.8263703],"aggregation":"none","score_gradboost":0.3281732,"score_random_forest":0.331757,"score_logistic_regression":0.4483225,"score_fuzzy_knn_k29":0.5743699},"geometry":{"type":"Polygon","coordinates":[[[-68.3939298,-10.8290831],[-68.3857607,-10.8290669],[-68.3857717,-10.8236574],[-68.3939406,-10.8236736],[-68.3939298,-10.8290831]]]}},{"type":"Feature","id":"AC-Y188-X738","properties":{"id":"AC-Y188-X738","grid_x":738,"grid_y":188,"centroid":[-68.3816817,-10.826354],"aggregation":"none","score_gradboost":0.6685154,"score_random_forest":0.6228156,"score_logistic_regression":0.6757173,"score_fuzzy_knn_k29":0.2838794},"geometry":{"type":"Polygon","coordinates":[[[-68.3857607,-10.8290669],[-68.3775917,-10.8290505],[-68.3776028,-10.823641],[-68.3857717,-10.8236574],[-68.3857607,-10.8290669]]]}},{"type":"Feature","id":"AC-Y188-X739","properties":{"id":"AC-Y188-X739","grid_x":739,"grid_y":188,"centroid":[-68.3735128,-10.8263375],"aggregation":"none","score_gradboost":0.3344008,"score_random_forest":0.5901489,"score_logistic_regression":0.5273059,"score_fuzzy_knn_k29":0.6546674},"geometry":{"type":"Polygon","coordinates":[[[-68.3775917,-10.8290505],[-68.3694226,-10.8290339],[-68.3694339,-10.8236245],[-68.3776028,-10.823641],[-68.3775917,-10.8290505]]]}},{"type":"Feature","id":"AC-Y188-X740","properties":{"id":"AC-Y188-X740","grid_x":740,"grid_y":188,"centroid":[-68.3653438,-10.8263208],"aggregation":"none","score_gradboost":0.2044236,"score_random_forest":0.1165856,"score_logistic_regression":0.3433818,"score_fuzzy_knn_k29":0.0900809},"geometry":{"type":"Polygon","coordinates":[[[-68.3694226,-10.8290339],[-68.3612536,-10.8290171],[-68.3612651,-10.8236077],[-68.3694339,-10.8236245],[-68.3694226,-10.8290339]]]}},{"type":"Feature","id":"AC-Y188-X741","properties":{"id":"AC-Y188-X741","grid_x":741,"grid_y":188,"centroid":[-68.3571749,-10.8263039],"aggregation":"none","score_gradboost":0.1600403,"score_random_forest":0.0896537,"score_logistic_regression":0.3433974,"score_fuzzy_knn_k29":0.0823559},"geometry":{"type":"Polygon","coordinates":[[[-68.3612536,-10.8290171],[-68.3530846,-10.8290001],[-68.3530962,-10.8235907],[-68.3612651,-10.8236077],[-68.3612536,-10.8290171]]]}},{"type":"Feature","id":"AC-Y188-X742","properties":{"id":"AC-Y188-X742","grid_x":742,"grid_y":188,"centroid":[-68.349006,-10.8262868],"aggregation":"none","score_gradboost":0.7729902,"score_random_forest":0.6653132,"score_logistic_regression":0.5506618,"score_fuzzy_knn_k29":0.6464511},"geometry":{"type":"Polygon","coordinates":[[[-68.3530846,-10.8290001],[-68.3449156,-10.8289829],[-68.3449274,-10.8235734],[-68.3530962,-10.8235907],[-68.3530846,-10.8290001]]]}},{"type":"Feature","id":"AC-Y188-X743","properties":{"id":"AC-Y188-X743","grid_x":743,"grid_y":188,"centroid":[-68.340837,-10.8262694],"aggregation":"none","score_gradboost":0.7187585,"score_random_forest":0.683825,"score_logistic_regression":0.5957146,"score_fuzzy_knn_k29":0.7023746},"geometry":{"type":"Polygon","coordinates":[[[-68.3449156,-10.8289829],[-68.3367466,-10.8289654],[-68.3367585,-10.823556],[-68.3449274,-10.8235734],[-68.3449156,-10.8289829]]]}},{"type":"Feature","id":"AC-Y188-X744","properties":{"id":"AC-Y188-X744","grid_x":744,"grid_y":188,"centroid":[-68.3326681,-10.8262519],"aggregation":"none","score_gradboost":0.8129245,"score_random_forest":0.7762306,"score_logistic_regression":0.6132925,"score_fuzzy_knn_k29":0.6935489},"geometry":{"type":"Polygon","coordinates":[[[-68.3367466,-10.8289654],[-68.3285777,-10.8289477],[-68.3285897,-10.8235383],[-68.3367585,-10.823556],[-68.3367466,-10.8289654]]]}},{"type":"Feature","id":"AC-Y188-X745","properties":{"id":"AC-Y188-X745","grid_x":745,"grid_y":188,"centroid":[-68.3244993,-10.8262341],"aggregation":"none","score_gradboost":0.8761381,"score_random_forest":0.8883129,"score_logistic_regression":0.6935853,"score_fuzzy_knn_k29":0.6977769},"geometry":{"type":"Polygon","coordinates":[[[-68.3285777,-10.8289477],[-68.3204087,-10.8289299],[-68.3204209,-10.8235204],[-68.3285897,-10.8235383],[-68.3285777,-10.8289477]]]}},{"type":"Feature","id":"AC-Y188-X746","properties":{"id":"AC-Y188-X746","grid_x":746,"grid_y":188,"centroid":[-68.3163304,-10.8262161],"aggregation":"none","score_gradboost":0.9250213,"score_random_forest":0.886281,"score_logistic_regression":0.7315983,"score_fuzzy_knn_k29":0.6520373},"geometry":{"type":"Polygon","coordinates":[[[-68.3204087,-10.8289299],[-68.3122398,-10.8289118],[-68.3122521,-10.8235023],[-68.3204209,-10.8235204],[-68.3204087,-10.8289299]]]}},{"type":"Feature","id":"AC-Y188-X747","properties":{"id":"AC-Y188-X747","grid_x":747,"grid_y":188,"centroid":[-68.3081615,-10.8261979],"aggregation":"none","score_gradboost":0.9420929,"score_random_forest":0.8296509,"score_logistic_regression":0.7040138,"score_fuzzy_knn_k29":0.6310813},"geometry":{"type":"Polygon","coordinates":[[[-68.3122398,-10.8289118],[-68.3040709,-10.8288934],[-68.3040834,-10.823484],[-68.3122521,-10.8235023],[-68.3122398,-10.8289118]]]}},{"type":"Feature","id":"AC-Y189-X737","properties":{"id":"AC-Y189-X737","grid_x":737,"grid_y":189,"centroid":[-68.3898617,-10.8209608],"aggregation":"none","score_gradboost":0.4410301,"score_random_forest":0.3504508,"score_logistic_regression":0.4628412,"score_fuzzy_knn_k29":0.4157645},"geometry":{"type":"Polygon","coordinates":[[[-68.3939406,-10.8236736],[-68.3857717,-10.8236574],[-68.3857827,-10.8182479],[-68.3939515,-10.8182641],[-68.3939406,-10.8236736]]]}},{"type":"Feature","id":"AC-Y189-X738","properties":{"id":"AC-Y189-X738","grid_x":738,"grid_y":189,"centroid":[-68.3816928,-10.8209445],"aggregation":"none","score_gradboost":0.4130061,"score_random_forest":0.3186493,"score_logistic_regression":0.4572984,"score_fuzzy_knn_k29":0.5996995},"geometry":{"type":"Polygon","coordinates":[[[-68.3857717,-10.8236574],[-68.3776028,-10.823641],[-68.377614,-10.8182316],[-68.3857827,-10.8182479],[-68.3857717,-10.8236574]]]}},{"type":"Feature","id":"AC-Y189-X739","properties":{"id":"AC-Y189-X739","grid_x":739,"grid_y":189,"centroid":[-68.373524,-10.820928],"aggregation":"none","score_gradboost":0.2290291,"score_random_forest":0.2082354,"score_logistic_regression":0.3591421,"score_fuzzy_knn_k29":0.1567812},"geometry":{"type":"Polygon","coordinates":[[[-68.3776028,-10.823641],[-68.3694339,-10.8236245],[-68.3694453,-10.818215],[-68.377614,-10.8182316],[-68.3776028,-10.823641]]]}},{"type":"Feature","id":"AC-Y189-X740","properties":{"id":"AC-Y189-X740","grid_x":740,"grid_y":189,"centroid":[-68.3653552,-10.8209114],"aggregation":"none","score_gradboost":0.1532246,"score_random_forest":0.1247656,"score_logistic_regression":0.3370931,"score_fuzzy_knn_k29":0.0742441},"geometry":{"type":"Polygon","coordinates":[[[-68.3694339,-10.8236245],[-68.3612651,-10.8236077],[-68.3612765,-10.8181982],[-68.3694453,-10.818215],[-68.3694339,-10.8236245]]]}},{"type":"Feature","id":"AC-Y189-X741","properties":{"id":"AC-Y189-X741","grid_x":741,"grid_y":189,"centroid":[-68.3571864,-10.8208945],"aggregation":"none","score_gradboost":0.1534799,"score_random_forest":0.0926608,"score_logistic_regression":0.341685,"score_fuzzy_knn_k29":0.0975485},"geometry":{"type":"Polygon","coordinates":[[[-68.3612651,-10.8236077],[-68.3530962,-10.8235907],[-68.3531078,-10.8181812],[-68.3612765,-10.8181982],[-68.3612651,-10.8236077]]]}},{"type":"Feature","id":"AC-Y189-X742","properties":{"id":"AC-Y189-X742","grid_x":742,"grid_y":189,"centroid":[-68.3490176,-10.8208773],"aggregation":"none","score_gradboost":0.1402365,"score_random_forest":0.0947431,"score_logistic_regression":0.4276686,"score_fuzzy_knn_k29":0.0573235},"geometry":{"type":"Polygon","coordinates":[[[-68.3530962,-10.8235907],[-68.3449274,-10.8235734],[-68.3449391,-10.818164],[-68.3531078,-10.8181812],[-68.3530962,-10.8235907]]]}},{"type":"Feature","id":"AC-Y189-X743","properties":{"id":"AC-Y189-X743","grid_x":743,"grid_y":189,"centroid":[-68.3408489,-10.82086],"aggregation":"none","score_gradboost":0.5293865,"score_random_forest":0.2071363,"score_logistic_regression":0.4870034,"score_fuzzy_knn_k29":0.192482},"geometry":{"type":"Polygon","coordinates":[[[-68.3449274,-10.8235734],[-68.3367585,-10.823556],[-68.3367704,-10.8181465],[-68.3449391,-10.818164],[-68.3449274,-10.8235734]]]}},{"type":"Feature","id":"AC-Y189-X744","properties":{"id":"AC-Y189-X744","grid_x":744,"grid_y":189,"centroid":[-68.3326801,-10.8208424],"aggregation":"none","score_gradboost":0.7751419,"score_random_forest":0.7281856,"score_logistic_regression":0.6096496,"score_fuzzy_knn_k29":0.6153976},"geometry":{"type":"Polygon","coordinates":[[[-68.3367585,-10.823556],[-68.3285897,-10.8235383],[-68.3286018,-10.8181289],[-68.3367704,-10.8181465],[-68.3367585,-10.823556]]]}},{"type":"Feature","id":"AC-Y189-X745","properties":{"id":"AC-Y189-X745","grid_x":745,"grid_y":189,"centroid":[-68.3245114,-10.8208247],"aggregation":"none","score_gradboost":0.7405816,"score_random_forest":0.7949083,"score_logistic_regression":0.6263919,"score_fuzzy_knn_k29":0.3986806},"geometry":{"type":"Polygon","coordinates":[[[-68.3285897,-10.8235383],[-68.3204209,-10.8235204],[-68.3204331,-10.818111],[-68.3286018,-10.8181289],[-68.3285897,-10.8235383]]]}},{"type":"Feature","id":"AC-Y189-X746","properties":{"id":"AC-Y189-X746","grid_x":746,"grid_y":189,"centroid":[-68.3163427,-10.8208067],"aggregation":"none","score_gradboost":0.6779325,"score_random_forest":0.6345803,"score_logistic_regression":0.5988673,"score_fuzzy_knn_k29":0.4985606},"geometry":{"type":"Polygon","coordinates":[[[-68.3204209,-10.8235204],[-68.3122521,-10.8235023],[-68.3122645,-10.8180929],[-68.3204331,-10.818111],[-68.3204209,-10.8235204]]]}},{"type":"Feature","id":"AC-Y189-X747","properties":{"id":"AC-Y189-X747","grid_x":747,"grid_y":189,"centroid":[-68.3081739,-10.8207885],"aggregation":"none","score_gradboost":0.8974674,"score_random_forest":0.8659593,"score_logistic_regression":0.806677,"score_fuzzy_knn_k29":0.9420282},"geometry":{"type":"Polygon","coordinates":[[[-68.3122521,-10.8235023],[-68.3040834,-10.823484],[-68.3040958,-10.8180746],[-68.3122645,-10.8180929],[-68.3122521,-10.8235023]]]}},{"type":"Feature","id":"AC-Y189-X748","properties":{"id":"AC-Y189-X748","grid_x":748,"grid_y":189,"centroid":[-68.3000052,-10.8207701],"aggregation":"none","score_gradboost":0.8473587,"score_random_forest":0.7682856,"score_logistic_regression":0.7016531,"score_fuzzy_knn_k29":0.5888653},"geometry":{"type":"Polygon","coordinates":[[[-68.3040834,-10.823484],[-68.2959146,-10.8234655],[-68.2959272,-10.8180561],[-68.3040958,-10.8180746],[-68.3040834,-10.823484]]]}},{"type":"Feature","id":"AC-Y190-X737","properties":{"id":"AC-Y190-X737","grid_x":737,"grid_y":190,"centroid":[-68.3898726,-10.8155513],"aggregation":"none","score_gradboost":0.8389642,"score_random_forest":0.8032462,"score_logistic_regression":0.5392604,"score_fuzzy_knn_k29":0.8450777},"geometry":{"type":"Polygon","coordinates":[[[-68.3939515,-10.8182641],[-68.3857827,-10.8182479],[-68.3857938,-10.8128384],[-68.3939624,-10.8128545],[-68.3939515,-10.8182641]]]}},{"type":"Feature","id":"AC-Y190-X738","properties":{"id":"AC-Y190-X738","grid_x":738,"grid_y":190,"centroid":[-68.3817039,-10.815535],"aggregation":"none","score_gradboost":0.4068467,"score_random_forest":0.5215,"score_logistic_regression":0.6274039,"score_fuzzy_knn_k29":0.7980176},"geometry":{"type":"Polygon","coordinates":[[[-68.3857827,-10.8182479],[-68.377614,-10.8182316],[-68.3776251,-10.8128221],[-68.3857938,-10.8128384],[-68.3857827,-10.8182479]]]}},{"type":"Feature","id":"AC-Y190-X739","properties":{"id":"AC-Y190-X739","grid_x":739,"grid_y":190,"centroid":[-68.3735352,-10.8155186],"aggregation":"none","score_gradboost":0.2470285,"score_random_forest":0.2353655,"score_logistic_regression":0.4225726,"score_fuzzy_knn_k29":0.4560078},"geometry":{"type":"Polygon","coordinates":[[[-68.377614,-10.8182316],[-68.3694453,-10.818215],[-68.3694566,-10.8128055],[-68.3776251,-10.8128221],[-68.377614,-10.8182316]]]}},{"type":"Feature","id":"AC-Y190-X740","properties":{"id":"AC-Y190-X740","grid_x":740,"grid_y":190,"centroid":[-68.3653666,-10.8155019],"aggregation":"none","score_gradboost":0.188289,"score_random_forest":0.1960375,"score_logistic_regression":0.4226519,"score_fuzzy_knn_k29":0.3735554},"geometry":{"type":"Polygon","coordinates":[[[-68.3694453,-10.818215],[-68.3612765,-10.8181982],[-68.361288,-10.8127887],[-68.3694566,-10.8128055],[-68.3694453,-10.818215]]]}},{"type":"Feature","id":"AC-Y190-X741","properties":{"id":"AC-Y190-X741","grid_x":741,"grid_y":190,"centroid":[-68.3571979,-10.815485],"aggregation":"none","score_gradboost":0.1457634,"score_random_forest":0.0915818,"score_logistic_regression":0.3857271,"score_fuzzy_knn_k29":0.1988707},"geometry":{"type":"Polygon","coordinates":[[[-68.3612765,-10.8181982],[-68.3531078,-10.8181812],[-68.3531194,-10.8127717],[-68.361288,-10.8127887],[-68.3612765,-10.8181982]]]}},{"type":"Feature","id":"AC-Y190-X742","properties":{"id":"AC-Y190-X742","grid_x":742,"grid_y":190,"centroid":[-68.3490293,-10.8154679],"aggregation":"none","score_gradboost":0.5150193,"score_random_forest":0.2255318,"score_logistic_regression":0.4873676,"score_fuzzy_knn_k29":0.2611536},"geometry":{"type":"Polygon","coordinates":[[[-68.3531078,-10.8181812],[-68.3449391,-10.818164],[-68.3449509,-10.8127545],[-68.3531194,-10.8127717],[-68.3531078,-10.8181812]]]}},{"type":"Feature","id":"AC-Y190-X743","properties":{"id":"AC-Y190-X743","grid_x":743,"grid_y":190,"centroid":[-68.3408607,-10.8154505],"aggregation":"none","score_gradboost":0.4135305,"score_random_forest":0.2201784,"score_logistic_regression":0.4938076,"score_fuzzy_knn_k29":0.1862133},"geometry":{"type":"Polygon","coordinates":[[[-68.3449391,-10.818164],[-68.3367704,-10.8181465],[-68.3367823,-10.8127371],[-68.3449509,-10.8127545],[-68.3449391,-10.818164]]]}},{"type":"Feature","id":"AC-Y190-X744","properties":{"id":"AC-Y190-X744","grid_x":744,"grid_y":190,"centroid":[-68.3326921,-10.815433],"aggregation":"none","score_gradboost":0.8905915,"score_random_forest":0.6168798,"score_logistic_regression":0.573617,"score_fuzzy_knn_k29":0.4177551},"geometry":{"type":"Polygon","coordinates":[[[-68.3367704,-10.8181465],[-68.3286018,-10.8181289],[-68.3286138,-10.8127194],[-68.3367823,-10.8127371],[-68.3367704,-10.8181465]]]}},{"type":"Feature","id":"AC-Y190-X745","properties":{"id":"AC-Y190-X745","grid_x":745,"grid_y":190,"centroid":[-68.3245235,-10.8154152],"aggregation":"none","score_gradboost":0.6967892,"score_random_forest":0.6466809,"score_logistic_regression":0.6847131,"score_fuzzy_knn_k29":0.6737631},"geometry":{"type":"Polygon","coordinates":[[[-68.3286018,-10.8181289],[-68.3204331,-10.818111],[-68.3204453,-10.8127016],[-68.3286138,-10.8127194],[-68.3286018,-10.8181289]]]}},{"type":"Feature","id":"AC-Y190-X746","properties":{"id":"AC-Y190-X746","grid_x":746,"grid_y":190,"centroid":[-68.3163549,-10.8153973],"aggregation":"none","score_gradboost":0.3403488,"score_random_forest":0.4665007,"score_logistic_regression":0.5785741,"score_fuzzy_knn_k29":0.6674689},"geometry":{"type":"Polygon","coordinates":[[[-68.3204331,-10.818111],[-68.3122645,-10.8180929],[-68.3122768,-10.8126835],[-68.3204453,-10.8127016],[-68.3204331,-10.818111]]]}},{"type":"Feature","id":"AC-Y190-X747","properties":{"id":"AC-Y190-X747","grid_x":747,"grid_y":190,"centroid":[-68.3081863,-10.8153791],"aggregation":"none","score_gradboost":0.8417357,"score_random_forest":0.782564,"score_logistic_regression":0.7537429,"score_fuzzy_knn_k29":0.625789},"geometry":{"type":"Polygon","coordinates":[[[-68.3122645,-10.8180929],[-68.3040958,-10.8180746],[-68.3041083,-10.8126652],[-68.3122768,-10.8126835],[-68.3122645,-10.8180929]]]}},{"type":"Feature","id":"AC-Y190-X748","properties":{"id":"AC-Y190-X748","grid_x":748,"grid_y":190,"centroid":[-68.3000178,-10.8153607],"aggregation":"none","score_gradboost":0.8567037,"score_random_forest":0.7561295,"score_logistic_regression":0.7850013,"score_fuzzy_knn_k29":0.7386562},"geometry":{"type":"Polygon","coordinates":[[[-68.3040958,-10.8180746],[-68.2959272,-10.8180561],[-68.2959398,-10.8126467],[-68.3041083,-10.8126652],[-68.3040958,-10.8180746]]]}},{"type":"Feature","id":"AC-Y191-X737","properties":{"id":"AC-Y191-X737","grid_x":737,"grid_y":191,"centroid":[-68.3898835,-10.8101418],"aggregation":"none","score_gradboost":0.6086141,"score_random_forest":0.7663729,"score_logistic_regression":0.5386043,"score_fuzzy_knn_k29":0.6896413},"geometry":{"type":"Polygon","coordinates":[[[-68.3939624,-10.8128545],[-68.3857938,-10.8128384],[-68.3858048,-10.8074289],[-68.3939732,-10.807445],[-68.3939624,-10.8128545]]]}},{"type":"Feature","id":"AC-Y191-X738","properties":{"id":"AC-Y191-X738","grid_x":738,"grid_y":191,"centroid":[-68.381715,-10.8101255],"aggregation":"none","score_gradboost":0.7985157,"score_random_forest":0.7918565,"score_logistic_regression":0.5586557,"score_fuzzy_knn_k29":0.8416079},"geometry":{"type":"Polygon","coordinates":[[[-68.3857938,-10.8128384],[-68.3776251,-10.8128221],[-68.3776363,-10.8074126],[-68.3858048,-10.8074289],[-68.3857938,-10.8128384]]]}},{"type":"Feature","id":"AC-Y191-X739","properties":{"id":"AC-Y191-X739","grid_x":739,"grid_y":191,"centroid":[-68.3735465,-10.8101091],"aggregation":"none","score_gradboost":0.4006858,"score_random_forest":0.4638498,"score_logistic_regression":0.5218958,"score_fuzzy_knn_k29":0.8015331},"geometry":{"type":"Polygon","coordinates":[[[-68.3776251,-10.8128221],[-68.3694566,-10.8128055],[-68.3694678,-10.807396],[-68.3776363,-10.8074126],[-68.3776251,-10.8128221]]]}},{"type":"Feature","id":"AC-Y191-X740","properties":{"id":"AC-Y191-X740","grid_x":740,"grid_y":191,"centroid":[-68.3653779,-10.8100924],"aggregation":"none","score_gradboost":0.2092745,"score_random_forest":0.229734,"score_logistic_regression":0.4253701,"score_fuzzy_knn_k29":0.4196128},"geometry":{"type":"Polygon","coordinates":[[[-68.3694566,-10.8128055],[-68.361288,-10.8127887],[-68.3612994,-10.8073792],[-68.3694678,-10.807396],[-68.3694566,-10.8128055]]]}},{"type":"Feature","id":"AC-Y191-X741","properties":{"id":"AC-Y191-X741","grid_x":741,"grid_y":191,"centroid":[-68.3572094,-10.8100755],"aggregation":"none","score_gradboost":0.4748958,"score_random_forest":0.4717996,"score_logistic_regression":0.605224,"score_fuzzy_knn_k29":0.7272781},"geometry":{"type":"Polygon","coordinates":[[[-68.361288,-10.8127887],[-68.3531194,-10.8127717],[-68.353131,-10.8073622],[-68.3612994,-10.8073792],[-68.361288,-10.8127887]]]}},{"type":"Feature","id":"AC-Y191-X742","properties":{"id":"AC-Y191-X742","grid_x":742,"grid_y":191,"centroid":[-68.349041,-10.8100584],"aggregation":"none","score_gradboost":0.320617,"score_random_forest":0.2472636,"score_logistic_regression":0.4800524,"score_fuzzy_knn_k29":0.1678254},"geometry":{"type":"Polygon","coordinates":[[[-68.3531194,-10.8127717],[-68.3449509,-10.8127545],[-68.3449626,-10.807345],[-68.353131,-10.8073622],[-68.3531194,-10.8127717]]]}},{"type":"Feature","id":"AC-Y191-X743","properties":{"id":"AC-Y191-X743","grid_x":743,"grid_y":191,"centroid":[-68.3408725,-10.8100411],"aggregation":"none","score_gradboost":0.9206229,"score_random_forest":0.8316405,"score_logistic_regression":0.5922317,"score_fuzzy_knn_k29":0.8146873},"geometry":{"type":"Polygon","coordinates":[[[-68.3449509,-10.8127545],[-68.3367823,-10.8127371],[-68.3367942,-10.8073276],[-68.3449626,-10.807345],[-68.3449509,-10.8127545]]]}},{"type":"Feature","id":"AC-Y191-X744","properties":{"id":"AC-Y191-X744","grid_x":744,"grid_y":191,"centroid":[-68.332704,-10.8100236],"aggregation":"none","score_gradboost":0.9711882,"score_random_forest":0.9500632,"score_logistic_regression":0.7424629,"score_fuzzy_knn_k29":1.0},"geometry":{"type":"Polygon","coordinates":[[[-68.3367823,-10.8127371],[-68.3286138,-10.8127194],[-68.3286258,-10.80731],[-68.3367942,-10.8073276],[-68.3367823,-10.8127371]]]}},{"type":"Feature","id":"AC-Y191-X745","properties":{"id":"AC-Y191-X745","grid_x":745,"grid_y":191,"centroid":[-68.3245356,-10.8100058],"aggregation":"none","score_gradboost":0.912301,"score_random_forest":0.8296516,"score_logistic_regression":0.7441747,"score_fuzzy_knn_k29":0.9966244},"geometry":{"type":"Polygon","coordinates":[[[-68.3286138,-10.8127194],[-68.3204453,-10.8127016],[-68.3204575,-10.8072921],[-68.3286258,-10.80731],[-68.3286138,-10.8127194]]]}},{"type":"Feature","id":"AC-Y191-X746","properties":{"id":"AC-Y191-X746","grid_x":746,"grid_y":191,"centroid":[-68.3163672,-10.8099878],"aggregation":"none","score_gradboost":0.9504447,"score_random_forest":0.8992125,"score_logistic_regression":0.7686083,"score_fuzzy_knn_k29":0.8878882},"geometry":{"type":"Polygon","coordinates":[[[-68.3204453,-10.8127016],[-68.3122768,-10.8126835],[-68.3122891,-10.8072741],[-68.3204575,-10.8072921],[-68.3204453,-10.8127016]]]}},{"type":"Feature","id":"AC-Y191-X747","properties":{"id":"AC-Y191-X747","grid_x":747,"grid_y":191,"centroid":[-68.3081987,-10.8099697],"aggregation":"none","score_gradboost":0.8724622,"score_random_forest":0.7415111,"score_logistic_regression":0.6775315,"score_fuzzy_knn_k29":0.5880566},"geometry":{"type":"Polygon","coordinates":[[[-68.3122768,-10.8126835],[-68.3041083,-10.8126652],[-68.3041208,-10.8072558],[-68.3122891,-10.8072741],[-68.3122768,-10.8126835]]]}},{"type":"Feature","id":"AC-Y191-X748","properties":{"id":"AC-Y191-X748","grid_x":748,"grid_y":191,"centroid":[-68.3000303,-10.8099513],"aggregation":"none","score_gradboost":0.8889337,"score_random_forest":0.6873312,"score_logistic_regression":0.6206422,"score_fuzzy_knn_k29":0.3934991},"geometry":{"type":"Polygon","coordinates":[[[-68.3041083,-10.8126652],[-68.2959398,-10.8126467],[-68.2959524,-10.8072373],[-68.3041208,-10.8072558],[-68.3041083,-10.8126652]]]}},{"type":"Feature","id":"AC-Y191-X749","properties":{"id":"AC-Y191-X749","grid_x":749,"grid_y":191,"centroid":[-68.2918619,-10.8099327],"aggregation":"none","score_gradboost":0.8455613,"score_random_forest":0.8437579,"score_logistic_regression":0.7725778,"score_fuzzy_knn_k29":0.7219522},"geometry":{"type":"Polygon","coordinates":[[[-68.2959398,-10.8126467],[-68.2877714,-10.812628],[-68.2877841,-10.8072186],[-68.2959524,-10.8072373],[-68.2959398,-10.8126467]]]}},{"type":"Feature","id":"AC-Y192-X737","properties":{"id":"AC-Y192-X737","grid_x":737,"grid_y":192,"centroid":[-68.3898945,-10.8047322],"aggregation":"none","score_gradboost":0.7617956,"score_random_forest":0.7584337,"score_logistic_regression":0.5876324,"score_fuzzy_knn_k29":0.7202322},"geometry":{"type":"Polygon","coordinates":[[[-68.3939732,-10.807445],[-68.3858048,-10.8074289],[-68.3858157,-10.8020194],[-68.3939841,-10.8020355],[-68.3939732,-10.807445]]]}},{"type":"Feature","id":"AC-Y192-X738","properties":{"id":"AC-Y192-X738","grid_x":738,"grid_y":192,"centroid":[-68.3817261,-10.804716],"aggregation":"none","score_gradboost":0.8472751,"score_random_forest":0.7611467,"score_logistic_regression":0.6475578,"score_fuzzy_knn_k29":0.7052718},"geometry":{"type":"Polygon","coordinates":[[[-68.3858048,-10.8074289],[-68.3776363,-10.8074126],[-68.3776474,-10.8020031],[-68.3858157,-10.8020194],[-68.3858048,-10.8074289]]]}},{"type":"Feature","id":"AC-Y192-X739","properties":{"id":"AC-Y192-X739","grid_x":739,"grid_y":192,"centroid":[-68.3735577,-10.8046996],"aggregation":"none","score_gradboost":0.3729074,"score_random_forest":0.4521547,"score_logistic_regression":0.6147687,"score_fuzzy_knn_k29":0.5987483},"geometry":{"type":"Polygon","coordinates":[[[-68.3776363,-10.8074126],[-68.3694678,-10.807396],[-68.3694791,-10.8019865],[-68.3776474,-10.8020031],[-68.3776363,-10.8074126]]]}},{"type":"Feature","id":"AC-Y192-X740","properties":{"id":"AC-Y192-X740","grid_x":740,"grid_y":192,"centroid":[-68.3653893,-10.8046829],"aggregation":"none","score_gradboost":0.4221764,"score_random_forest":0.3951686,"score_logistic_regression":0.4965822,"score_fuzzy_knn_k29":0.8496347},"geometry":{"type":"Polygon","coordinates":[[[-68.3694678,-10.807396],[-68.3612994,-10.8073792],[-68.3613108,-10.8019698],[-68.3694791,-10.8019865],[-68.3694678,-10.807396]]]}},{"type":"Feature","id":"AC-Y192-X741","properties":{"id":"AC-Y192-X741","grid_x":741,"grid_y":192,"centroid":[-68.357221,-10.804666],"aggregation":"none","score_gradboost":0.4115817,"score_random_forest":0.5344747,"score_logistic_regression":0.6202016,"score_fuzzy_knn_k29":0.5634528},"geometry":{"type":"Polygon","coordinates":[[[-68.3612994,-10.8073792],[-68.353131,-10.8073622],[-68.3531426,-10.8019528],[-68.3613108,-10.8019698],[-68.3612994,-10.8073792]]]}},{"type":"Feature","id":"AC-Y192-X742","properties":{"id":"AC-Y192-X742","grid_x":742,"grid_y":192,"centroid":[-68.3490526,-10.8046489],"aggregation":"none","score_gradboost":0.829839,"score_random_forest":0.7072483,"score_logistic_regression":0.5499575,"score_fuzzy_knn_k29":0.6709192},"geometry":{"type":"Polygon","coordinates":[[[-68.353131,-10.8073622],[-68.3449626,-10.807345],[-68.3449743,-10.8019356],[-68.3531426,-10.8019528],[-68.353131,-10.8073622]]]}},{"type":"Feature","id":"AC-Y192-X743","properties":{"id":"AC-Y192-X743","grid_x":743,"grid_y":192,"centroid":[-68.3408843,-10.8046316],"aggregation":"none","score_gradboost":0.8602568,"score_random_forest":0.7729295,"score_logistic_regression":0.5950509,"score_fuzzy_knn_k29":0.8196972},"geometry":{"type":"Polygon","coordinates":[[[-68.3449626,-10.807345],[-68.3367942,-10.8073276],[-68.3368061,-10.8019182],[-68.3449743,-10.8019356],[-68.3449626,-10.807345]]]}},{"type":"Feature","id":"AC-Y192-X744","properties":{"id":"AC-Y192-X744","grid_x":744,"grid_y":192,"centroid":[-68.332716,-10.8046141],"aggregation":"none","score_gradboost":0.7608495,"score_random_forest":0.6954757,"score_logistic_regression":0.5829096,"score_fuzzy_knn_k29":0.5165577},"geometry":{"type":"Polygon","coordinates":[[[-68.3367942,-10.8073276],[-68.3286258,-10.80731],[-68.3286378,-10.8019005],[-68.3368061,-10.8019182],[-68.3367942,-10.8073276]]]}},{"type":"Feature","id":"AC-Y192-X745","properties":{"id":"AC-Y192-X745","grid_x":745,"grid_y":192,"centroid":[-68.3245477,-10.8045964],"aggregation":"none","score_gradboost":0.4494088,"score_random_forest":0.411821,"score_logistic_regression":0.5629436,"score_fuzzy_knn_k29":0.4201843},"geometry":{"type":"Polygon","coordinates":[[[-68.3286258,-10.80731],[-68.3204575,-10.8072921],[-68.3204696,-10.8018827],[-68.3286378,-10.8019005],[-68.3286258,-10.80731]]]}},{"type":"Feature","id":"AC-Y192-X746","properties":{"id":"AC-Y192-X746","grid_x":746,"grid_y":192,"centroid":[-68.3163794,-10.8045784],"aggregation":"none","score_gradboost":0.4922147,"score_random_forest":0.3884035,"score_logistic_regression":0.5468811,"score_fuzzy_knn_k29":0.6115149},"geometry":{"type":"Polygon","coordinates":[[[-68.3204575,-10.8072921],[-68.3122891,-10.8072741],[-68.3123014,-10.8018646],[-68.3204696,-10.8018827],[-68.3204575,-10.8072921]]]}},{"type":"Feature","id":"AC-Y192-X747","properties":{"id":"AC-Y192-X747","grid_x":747,"grid_y":192,"centroid":[-68.3082111,-10.8045602],"aggregation":"none","score_gradboost":0.9300327,"score_random_forest":0.8619344,"score_logistic_regression":0.6676972,"score_fuzzy_knn_k29":0.5354635},"geometry":{"type":"Polygon","coordinates":[[[-68.3122891,-10.8072741],[-68.3041208,-10.8072558],[-68.3041332,-10.8018464],[-68.3123014,-10.8018646],[-68.3122891,-10.8072741]]]}},{"type":"Feature","id":"AC-Y192-X748","properties":{"id":"AC-Y192-X748","grid_x":748,"grid_y":192,"centroid":[-68.3000429,-10.8045419],"aggregation":"none","score_gradboost":0.9077733,"score_random_forest":0.8455702,"score_logistic_regression":0.7474971,"score_fuzzy_knn_k29":0.6707847},"geometry":{"type":"Polygon","coordinates":[[[-68.3041208,-10.8072558],[-68.2959524,-10.8072373],[-68.295965,-10.8018279],[-68.3041332,-10.8018464],[-68.3041208,-10.8072558]]]}},{"type":"Feature","id":"AC-Y193-X737","properties":{"id":"AC-Y193-X737","grid_x":737,"grid_y":193,"centroid":[-68.3899054,-10.7993227],"aggregation":"none","score_gradboost":0.6688716,"score_random_forest":0.6423517,"score_logistic_regression":0.5074013,"score_fuzzy_knn_k29":0.6887896},"geometry":{"type":"Polygon","coordinates":[[[-68.3939841,-10.8020355],[-68.3858157,-10.8020194],[-68.3858267,-10.7966099],[-68.3939949,-10.796626],[-68.3939841,-10.8020355]]]}},{"type":"Feature","id":"AC-Y193-X738","properties":{"id":"AC-Y193-X738","grid_x":738,"grid_y":193,"centroid":[-68.3817371,-10.7993065],"aggregation":"none","score_gradboost":0.5711824,"score_random_forest":0.5166695,"score_logistic_regression":0.6021082,"score_fuzzy_knn_k29":0.6464039},"geometry":{"type":"Polygon","coordinates":[[[-68.3858157,-10.8020194],[-68.3776474,-10.8020031],[-68.3776586,-10.7965936],[-68.3858267,-10.7966099],[-68.3858157,-10.8020194]]]}},{"type":"Feature","id":"AC-Y193-X739","properties":{"id":"AC-Y193-X739","grid_x":739,"grid_y":193,"centroid":[-68.3735689,-10.7992901],"aggregation":"none","score_gradboost":0.4469797,"score_random_forest":0.3217658,"score_logistic_regression":0.4762142,"score_fuzzy_knn_k29":0.5533829},"geometry":{"type":"Polygon","coordinates":[[[-68.3776474,-10.8020031],[-68.3694791,-10.8019865],[-68.3694904,-10.796577],[-68.3776586,-10.7965936],[-68.3776474,-10.8020031]]]}},{"type":"Feature","id":"AC-Y193-X740","properties":{"id":"AC-Y193-X740","grid_x":740,"grid_y":193,"centroid":[-68.3654007,-10.7992734],"aggregation":"none","score_gradboost":0.8507729,"score_random_forest":0.7668814,"score_logistic_regression":0.5542144,"score_fuzzy_knn_k29":0.8248727},"geometry":{"type":"Polygon","coordinates":[[[-68.3694791,-10.8019865],[-68.3613108,-10.8019698],[-68.3613223,-10.7965603],[-68.3694904,-10.796577],[-68.3694791,-10.8019865]]]}},{"type":"Feature","id":"AC-Y193-X741","properties":{"id":"AC-Y193-X741","grid_x":741,"grid_y":193,"centroid":[-68.3572325,-10.7992566],"aggregation":"none","score_gradboost":0.8630018,"score_random_forest":0.8072145,"score_logistic_regression":0.5480215,"score_fuzzy_knn_k29":0.8125591},"geometry":{"type":"Polygon","coordinates":[[[-68.3613108,-10.8019698],[-68.3531426,-10.8019528],[-68.3531541,-10.7965433],[-68.3613223,-10.7965603],[-68.3613108,-10.8019698]]]}},{"type":"Feature","id":"AC-Y193-X742","properties":{"id":"AC-Y193-X742","grid_x":742,"grid_y":193,"centroid":[-68.3490643,-10.7992395],"aggregation":"none","score_gradboost":0.4272972,"score_random_forest":0.5391582,"score_logistic_regression":0.5471065,"score_fuzzy_knn_k29":0.6437274},"geometry":{"type":"Polygon","coordinates":[[[-68.3531426,-10.8019528],[-68.3449743,-10.8019356],[-68.344986,-10.7965261],[-68.3531541,-10.7965433],[-68.3531426,-10.8019528]]]}},{"type":"Feature","id":"AC-Y193-X743","properties":{"id":"AC-Y193-X743","grid_x":743,"grid_y":193,"centroid":[-68.3408961,-10.7992222],"aggregation":"none","score_gradboost":0.5396166,"score_random_forest":0.3312761,"score_logistic_regression":0.5242203,"score_fuzzy_knn_k29":0.3601301},"geometry":{"type":"Polygon","coordinates":[[[-68.3449743,-10.8019356],[-68.3368061,-10.8019182],[-68.3368179,-10.7965087],[-68.344986,-10.7965261],[-68.3449743,-10.8019356]]]}},{"type":"Feature","id":"AC-Y193-X744","properties":{"id":"AC-Y193-X744","grid_x":744,"grid_y":193,"centroid":[-68.3327279,-10.7992047],"aggregation":"none","score_gradboost":0.9420271,"score_random_forest":0.8542125,"score_logistic_regression":0.6236015,"score_fuzzy_knn_k29":0.9395857},"geometry":{"type":"Polygon","coordinates":[[[-68.3368061,-10.8019182],[-68.3286378,-10.8019005],[-68.3286498,-10.7964911],[-68.3368179,-10.7965087],[-68.3368061,-10.8019182]]]}},{"type":"Feature","id":"AC-Y193-X745","properties":{"id":"AC-Y193-X745","grid_x":745,"grid_y":193,"centroid":[-68.3245598,-10.7991869],"aggregation":"none","score_gradboost":0.9595573,"score_random_forest":0.883452,"score_logistic_regression":0.6322643,"score_fuzzy_knn_k29":0.7915603},"geometry":{"type":"Polygon","coordinates":[[[-68.3286378,-10.8019005],[-68.3204696,-10.8018827],[-68.3204818,-10.7964733],[-68.3286498,-10.7964911],[-68.3286378,-10.8019005]]]}},{"type":"Feature","id":"AC-Y193-X746","properties":{"id":"AC-Y193-X746","grid_x":746,"grid_y":193,"centroid":[-68.3163916,-10.799169],"aggregation":"none","score_gradboost":0.6599107,"score_random_forest":0.6508457,"score_logistic_regression":0.59341,"score_fuzzy_knn_k29":0.4769853},"geometry":{"type":"Polygon","coordinates":[[[-68.3204696,-10.8018827],[-68.3123014,-10.8018646],[-68.3123137,-10.7964552],[-68.3204818,-10.7964733],[-68.3204696,-10.8018827]]]}},{"type":"Feature","id":"AC-Y193-X747","properties":{"id":"AC-Y193-X747","grid_x":747,"grid_y":193,"centroid":[-68.3082235,-10.7991508],"aggregation":"none","score_gradboost":0.7400644,"score_random_forest":0.6586069,"score_logistic_regression":0.5996303,"score_fuzzy_knn_k29":0.4553761},"geometry":{"type":"Polygon","coordinates":[[[-68.3123014,-10.8018646],[-68.3041332,-10.8018464],[-68.3041457,-10.7964369],[-68.3123137,-10.7964552],[-68.3123014,-10.8018646]]]}},{"type":"Feature","id":"AC-Y193-X748","properties":{"id":"AC-Y193-X748","grid_x":748,"grid_y":193,"centroid":[-68.3000554,-10.7991324],"aggregation":"none","score_gradboost":0.9250931,"score_random_forest":0.8414876,"score_logistic_regression":0.6430414,"score_fuzzy_knn_k29":0.4674829},"geometry":{"type":"Polygon","coordinates":[[[-68.3041332,-10.8018464],[-68.295965,-10.8018279],[-68.2959776,-10.7964185],[-68.3041457,-10.7964369],[-68.3041332,-10.8018464]]]}},{"type":"Feature","id":"AC-Y194-X737","properties":{"id":"AC-Y194-X737","grid_x":737,"grid_y":194,"centroid":[-68.3899163,-10.7939132],"aggregation":"none","score_gradboost":0.6974323,"score_random_forest":0.6943965,"score_logistic_regression":0.6375398,"score_fuzzy_knn_k29":0.5369846},"geometry":{"type":"Polygon","coordinates":[[[-68.3939949,-10.796626],[-68.3858267,-10.7966099],[-68.3858377,-10.7912004],[-68.3940058,-10.7912165],[-68.3939949,-10.796626]]]}},{"type":"Feature","id":"AC-Y194-X738","properties":{"id":"AC-Y194-X738","grid_x":738,"grid_y":194,"centroid":[-68.3817482,-10.793897],"aggregation":"none","score_gradboost":0.4259531,"score_random_forest":0.5295251,"score_logistic_regression":0.4982556,"score_fuzzy_knn_k29":0.6535599},"geometry":{"type":"Polygon","coordinates":[[[-68.3858267,-10.7966099],[-68.3776586,-10.7965936],[-68.3776697,-10.7911841],[-68.3858377,-10.7912004],[-68.3858267,-10.7966099]]]}},{"type":"Feature","id":"AC-Y194-X739","properties":{"id":"AC-Y194-X739","grid_x":739,"grid_y":194,"centroid":[-68.3735801,-10.7938806],"aggregation":"none","score_gradboost":0.6676664,"score_random_forest":0.6909252,"score_logistic_regression":0.6667286,"score_fuzzy_knn_k29":0.787625},"geometry":{"type":"Polygon","coordinates":[[[-68.3776586,-10.7965936],[-68.3694904,-10.796577],[-68.3695017,-10.7911675],[-68.3776697,-10.7911841],[-68.3776586,-10.7965936]]]}},{"type":"Feature","id":"AC-Y194-X740","properties":{"id":"AC-Y194-X740","grid_x":740,"grid_y":194,"centroid":[-68.365412,-10.7938639],"aggregation":"none","score_gradboost":0.6989647,"score_random_forest":0.6315015,"score_logistic_regression":0.5329531,"score_fuzzy_knn_k29":0.8027038},"geometry":{"type":"Polygon","coordinates":[[[-68.3694904,-10.796577],[-68.3613223,-10.7965603],[-68.3613337,-10.7911508],[-68.3695017,-10.7911675],[-68.3694904,-10.796577]]]}},{"type":"Feature","id":"AC-Y194-X741","properties":{"id":"AC-Y194-X741","grid_x":741,"grid_y":194,"centroid":[-68.357244,-10.7938471],"aggregation":"none","score_gradboost":0.8327078,"score_random_forest":0.8011608,"score_logistic_regression":0.59771,"score_fuzzy_knn_k29":0.9045152},"geometry":{"type":"Polygon","coordinates":[[[-68.3613223,-10.7965603],[-68.3531541,-10.7965433],[-68.3531657,-10.7911338],[-68.3613337,-10.7911508],[-68.3613223,-10.7965603]]]}},{"type":"Feature","id":"AC-Y194-X742","properties":{"id":"AC-Y194-X742","grid_x":742,"grid_y":194,"centroid":[-68.3490759,-10.79383],"aggregation":"none","score_gradboost":0.7298979,"score_random_forest":0.7420273,"score_logistic_regression":0.5688601,"score_fuzzy_knn_k29":0.7908405},"geometry":{"type":"Polygon","coordinates":[[[-68.3531541,-10.7965433],[-68.344986,-10.7965261],[-68.3449977,-10.7911166],[-68.3531657,-10.7911338],[-68.3531541,-10.7965433]]]}},{"type":"Feature","id":"AC-Y194-X743","properties":{"id":"AC-Y194-X743","grid_x":743,"grid_y":194,"centroid":[-68.3409079,-10.7938127],"aggregation":"none","score_gradboost":0.5587531,"score_random_forest":0.5274105,"score_logistic_regression":0.6358903,"score_fuzzy_knn_k29":0.9278407},"geometry":{"type":"Polygon","coordinates":[[[-68.344986,-10.7965261],[-68.3368179,-10.7965087],[-68.3368298,-10.7910993],[-68.3449977,-10.7911166],[-68.344986,-10.7965261]]]}},{"type":"Feature","id":"AC-Y194-X744","properties":{"id":"AC-Y194-X744","grid_x":744,"grid_y":194,"centroid":[-68.3327399,-10.7937952],"aggregation":"none","score_gradboost":0.9798604,"score_random_forest":0.9468463,"score_logistic_regression":0.6228922,"score_fuzzy_knn_k29":0.9295209},"geometry":{"type":"Polygon","coordinates":[[[-68.3368179,-10.7965087],[-68.3286498,-10.7964911],[-68.3286619,-10.7910816],[-68.3368298,-10.7910993],[-68.3368179,-10.7965087]]]}},{"type":"Feature","id":"AC-Y194-X745","properties":{"id":"AC-Y194-X745","grid_x":745,"grid_y":194,"centroid":[-68.3245719,-10.7937775],"aggregation":"none","score_gradboost":0.9746374,"score_random_forest":0.9715446,"score_logistic_regression":0.7275947,"score_fuzzy_knn_k29":0.9724815},"geometry":{"type":"Polygon","coordinates":[[[-68.3286498,-10.7964911],[-68.3204818,-10.7964733],[-68.3204939,-10.7910638],[-68.3286619,-10.7910816],[-68.3286498,-10.7964911]]]}},{"type":"Feature","id":"AC-Y194-X746","properties":{"id":"AC-Y194-X746","grid_x":746,"grid_y":194,"centroid":[-68.3164039,-10.7937595],"aggregation":"none","score_gradboost":0.8069856,"score_random_forest":0.6654535,"score_logistic_regression":0.6693922,"score_fuzzy_knn_k29":0.7637815},"geometry":{"type":"Polygon","coordinates":[[[-68.3204818,-10.7964733],[-68.3123137,-10.7964552],[-68.312326,-10.7910458],[-68.3204939,-10.7910638],[-68.3204818,-10.7964733]]]}},{"type":"Feature","id":"AC-Y194-X747","properties":{"id":"AC-Y194-X747","grid_x":747,"grid_y":194,"centroid":[-68.3082359,-10.7937414],"aggregation":"none","score_gradboost":0.8744647,"score_random_forest":0.8237713,"score_logistic_regression":0.6355769,"score_fuzzy_knn_k29":0.3631648},"geometry":{"type":"Polygon","coordinates":[[[-68.3123137,-10.7964552],[-68.3041457,-10.7964369],[-68.3041581,-10.7910275],[-68.312326,-10.7910458],[-68.3123137,-10.7964552]]]}},{"type":"Feature","id":"AC-Y195-X737","properties":{"id":"AC-Y195-X737","grid_x":737,"grid_y":195,"centroid":[-68.3899272,-10.7885037],"aggregation":"none","score_gradboost":0.7533753,"score_random_forest":0.7212941,"score_logistic_regression":0.5180333,"score_fuzzy_knn_k29":0.4903725},"geometry":{"type":"Polygon","coordinates":[[[-68.3940058,-10.7912165],[-68.3858377,-10.7912004],[-68.3858487,-10.7857909],[-68.3940166,-10.785807],[-68.3940058,-10.7912165]]]}},{"type":"Feature","id":"AC-Y195-X738","properties":{"id":"AC-Y195-X738","grid_x":738,"grid_y":195,"centroid":[-68.3817592,-10.7884875],"aggregation":"none","score_gradboost":0.789313,"score_random_forest":0.7619942,"score_logistic_regression":0.5821446,"score_fuzzy_knn_k29":0.7413493},"geometry":{"type":"Polygon","coordinates":[[[-68.3858377,-10.7912004],[-68.3776697,-10.7911841],[-68.3776808,-10.7857746],[-68.3858487,-10.7857909],[-68.3858377,-10.7912004]]]}},{"type":"Feature","id":"AC-Y195-X739","properties":{"id":"AC-Y195-X739","grid_x":739,"grid_y":195,"centroid":[-68.3735913,-10.7884711],"aggregation":"none","score_gradboost":0.38756,"score_random_forest":0.2855519,"score_logistic_regression":0.4019578,"score_fuzzy_knn_k29":0.4367881},"geometry":{"type":"Polygon","coordinates":[[[-68.3776697,-10.7911841],[-68.3695017,-10.7911675],[-68.369513,-10.785758],[-68.3776808,-10.7857746],[-68.3776697,-10.7911841]]]}},{"type":"Feature","id":"AC-Y195-X740","properties":{"id":"AC-Y195-X740","grid_x":740,"grid_y":195,"centroid":[-68.3654234,-10.7884544],"aggregation":"none","score_gradboost":0.3724886,"score_random_forest":0.4551587,"score_logistic_regression":0.5884967,"score_fuzzy_knn_k29":0.3803208},"geometry":{"type":"Polygon","coordinates":[[[-68.3695017,-10.7911675],[-68.3613337,-10.7911508],[-68.3613451,-10.7857413],[-68.369513,-10.785758],[-68.3695017,-10.7911675]]]}},{"type":"Feature","id":"AC-Y195-X741","properties":{"id":"AC-Y195-X741","grid_x":741,"grid_y":195,"centroid":[-68.3572555,-10.7884376],"aggregation":"none","score_gradboost":0.7740698,"score_random_forest":0.787918,"score_logistic_regression":0.6618359,"score_fuzzy_knn_k29":0.6289822},"geometry":{"type":"Polygon","coordinates":[[[-68.3613337,-10.7911508],[-68.3531657,-10.7911338],[-68.3531773,-10.7857243],[-68.3613451,-10.7857413],[-68.3613337,-10.7911508]]]}},{"type":"Feature","id":"AC-Y195-X742","properties":{"id":"AC-Y195-X742","grid_x":742,"grid_y":195,"centroid":[-68.3490875,-10.7884205],"aggregation":"none","score_gradboost":0.8432409,"score_random_forest":0.8454122,"score_logistic_regression":0.6024879,"score_fuzzy_knn_k29":0.8960985},"geometry":{"type":"Polygon","coordinates":[[[-68.3531657,-10.7911338],[-68.3449977,-10.7911166],[-68.3450095,-10.7857072],[-68.3531773,-10.7857243],[-68.3531657,-10.7911338]]]}},{"type":"Feature","id":"AC-Y195-X743","properties":{"id":"AC-Y195-X743","grid_x":743,"grid_y":195,"centroid":[-68.3409197,-10.7884032],"aggregation":"none","score_gradboost":0.8950543,"score_random_forest":0.9234797,"score_logistic_regression":0.6807083,"score_fuzzy_knn_k29":0.6922872},"geometry":{"type":"Polygon","coordinates":[[[-68.3449977,-10.7911166],[-68.3368298,-10.7910993],[-68.3368416,-10.7856898],[-68.3450095,-10.7857072],[-68.3449977,-10.7911166]]]}},{"type":"Feature","id":"AC-Y195-X744","properties":{"id":"AC-Y195-X744","grid_x":744,"grid_y":195,"centroid":[-68.3327518,-10.7883857],"aggregation":"none","score_gradboost":0.614828,"score_random_forest":0.7085034,"score_logistic_regression":0.8139429,"score_fuzzy_knn_k29":0.7649317},"geometry":{"type":"Polygon","coordinates":[[[-68.3368298,-10.7910993],[-68.3286619,-10.7910816],[-68.3286739,-10.7856722],[-68.3368416,-10.7856898],[-68.3368298,-10.7910993]]]}},{"type":"Feature","id":"AC-Y195-X745","properties":{"id":"AC-Y195-X745","grid_x":745,"grid_y":195,"centroid":[-68.3245839,-10.788368],"aggregation":"none","score_gradboost":0.9766212,"score_random_forest":0.9757888,"score_logistic_regression":0.7770965,"score_fuzzy_knn_k29":1.0},"geometry":{"type":"Polygon","coordinates":[[[-68.3286619,-10.7910816],[-68.3204939,-10.7910638],[-68.3205061,-10.7856544],[-68.3286739,-10.7856722],[-68.3286619,-10.7910816]]]}},{"type":"Feature","id":"AC-Y195-X746","properties":{"id":"AC-Y195-X746","grid_x":746,"grid_y":195,"centroid":[-68.3164161,-10.7883501],"aggregation":"none","score_gradboost":0.9653051,"score_random_forest":0.9222475,"score_logistic_regression":0.6541773,"score_fuzzy_knn_k29":0.8017726},"geometry":{"type":"Polygon","coordinates":[[[-68.3204939,-10.7910638],[-68.312326,-10.7910458],[-68.3123383,-10.7856363],[-68.3205061,-10.7856544],[-68.3204939,-10.7910638]]]}},{"type":"Feature","id":"AC-Y195-X747","properties":{"id":"AC-Y195-X747","grid_x":747,"grid_y":195,"centroid":[-68.3082482,-10.788332],"aggregation":"none","score_gradboost":0.8154758,"score_random_forest":0.7479938,"score_logistic_regression":0.610609,"score_fuzzy_knn_k29":0.9520157},"geometry":{"type":"Polygon","coordinates":[[[-68.312326,-10.7910458],[-68.3041581,-10.7910275],[-68.3041706,-10.7856181],[-68.3123383,-10.7856363],[-68.312326,-10.7910458]]]}},{"type":"Feature","id":"AC-Y195-X748","properties":{"id":"AC-Y195-X748","grid_x":748,"grid_y":195,"centroid":[-68.3000804,-10.7883136],"aggregation":"none","score_gradboost":0.6815832,"score_random_forest":0.5983363,"score_logistic_regression":0.6017493,"score_fuzzy_knn_k29":0.4009764},"geometry":{"type":"Polygon","coordinates":[[[-68.3041581,-10.7910275],[-68.2959902,-10.7910091],[-68.2960028,-10.7855996],[-68.3041706,-10.7856181],[-68.3041581,-10.7910275]]]}},{"type":"Feature","id":"AC-Y196-X737","properties":{"id":"AC-Y196-X737","grid_x":737,"grid_y":196,"centroid":[-68.3899381,-10.7830942],"aggregation":"none","score_gradboost":0.8666728,"score_random_forest":0.8252954,"score_logistic_regression":0.5985415,"score_fuzzy_knn_k29":0.6206314},"geometry":{"type":"Polygon","coordinates":[[[-68.3940166,-10.785807],[-68.3858487,-10.7857909],[-68.3858597,-10.7803814],[-68.3940274,-10.7803974],[-68.3940166,-10.785807]]]}},{"type":"Feature","id":"AC-Y196-X738","properties":{"id":"AC-Y196-X738","grid_x":738,"grid_y":196,"centroid":[-68.3817703,-10.783078],"aggregation":"none","score_gradboost":0.6027881,"score_random_forest":0.6483047,"score_logistic_regression":0.6453732,"score_fuzzy_knn_k29":0.6930355},"geometry":{"type":"Polygon","coordinates":[[[-68.3858487,-10.7857909],[-68.3776808,-10.7857746],[-68.3776919,-10.7803651],[-68.3858597,-10.7803814],[-68.3858487,-10.7857909]]]}},{"type":"Feature","id":"AC-Y196-X739","properties":{"id":"AC-Y196-X739","grid_x":739,"grid_y":196,"centroid":[-68.3736025,-10.7830616],"aggregation":"none","score_gradboost":0.4252324,"score_random_forest":0.469014,"score_logistic_regression":0.5514781,"score_fuzzy_knn_k29":0.3169194},"geometry":{"type":"Polygon","coordinates":[[[-68.3776808,-10.7857746],[-68.369513,-10.785758],[-68.3695242,-10.7803485],[-68.3776919,-10.7803651],[-68.3776808,-10.7857746]]]}},{"type":"Feature","id":"AC-Y196-X740","properties":{"id":"AC-Y196-X740","grid_x":740,"grid_y":196,"centroid":[-68.3654347,-10.783045],"aggregation":"none","score_gradboost":0.2938605,"score_random_forest":0.4722195,"score_logistic_regression":0.5275472,"score_fuzzy_knn_k29":0.4348454},"geometry":{"type":"Polygon","coordinates":[[[-68.369513,-10.785758],[-68.3613451,-10.7857413],[-68.3613565,-10.7803318],[-68.3695242,-10.7803485],[-68.369513,-10.785758]]]}},{"type":"Feature","id":"AC-Y196-X741","properties":{"id":"AC-Y196-X741","grid_x":741,"grid_y":196,"centroid":[-68.3572669,-10.7830281],"aggregation":"none","score_gradboost":0.7992017,"score_random_forest":0.7240421,"score_logistic_regression":0.7016606,"score_fuzzy_knn_k29":0.8066335},"geometry":{"type":"Polygon","coordinates":[[[-68.3613451,-10.7857413],[-68.3531773,-10.7857243],[-68.3531888,-10.7803149],[-68.3613565,-10.7803318],[-68.3613451,-10.7857413]]]}},{"type":"Feature","id":"AC-Y196-X742","properties":{"id":"AC-Y196-X742","grid_x":742,"grid_y":196,"centroid":[-68.3490992,-10.7830111],"aggregation":"none","score_gradboost":0.7725291,"score_random_forest":0.8522527,"score_logistic_regression":0.6861398,"score_fuzzy_knn_k29":0.9567064},"geometry":{"type":"Polygon","coordinates":[[[-68.3531773,-10.7857243],[-68.3450095,-10.7857072],[-68.3450212,-10.7802977],[-68.3531888,-10.7803149],[-68.3531773,-10.7857243]]]}},{"type":"Feature","id":"AC-Y196-X743","properties":{"id":"AC-Y196-X743","grid_x":743,"grid_y":196,"centroid":[-68.3409314,-10.7829938],"aggregation":"none","score_gradboost":0.9061857,"score_random_forest":0.9292043,"score_logistic_regression":0.7005651,"score_fuzzy_knn_k29":0.9904305},"geometry":{"type":"Polygon","coordinates":[[[-68.3450095,-10.7857072],[-68.3368416,-10.7856898],[-68.3368535,-10.7802803],[-68.3450212,-10.7802977],[-68.3450095,-10.7857072]]]}},{"type":"Feature","id":"AC-Y196-X744","properties":{"id":"AC-Y196-X744","grid_x":744,"grid_y":196,"centroid":[-68.3327637,-10.7829763],"aggregation":"none","score_gradboost":0.8256972,"score_random_forest":0.8527958,"score_logistic_regression":0.7104702,"score_fuzzy_knn_k29":1.0},"geometry":{"type":"Polygon","coordinates":[[[-68.3368416,-10.7856898],[-68.3286739,-10.7856722],[-68.3286858,-10.7802627],[-68.3368535,-10.7802803],[-68.3368416,-10.7856898]]]}},{"type":"Feature","id":"AC-Y196-X745","properties":{"id":"AC-Y196-X745","grid_x":745,"grid_y":196,"centroid":[-68.324596,-10.7829586],"aggregation":"none","score_gradboost":0.7516933,"score_random_forest":0.7819692,"score_logistic_regression":0.8008792,"score_fuzzy_knn_k29":0.7082645},"geometry":{"type":"Polygon","coordinates":[[[-68.3286739,-10.7856722],[-68.3205061,-10.7856544],[-68.3205182,-10.7802449],[-68.3286858,-10.7802627],[-68.3286739,-10.7856722]]]}},{"type":"Feature","id":"AC-Y196-X746","properties":{"id":"AC-Y196-X746","grid_x":746,"grid_y":196,"centroid":[-68.3164283,-10.7829407],"aggregation":"none","score_gradboost":0.9104882,"score_random_forest":0.9377988,"score_logistic_regression":0.7982095,"score_fuzzy_knn_k29":0.8910625},"geometry":{"type":"Polygon","coordinates":[[[-68.3205061,-10.7856544],[-68.3123383,-10.7856363],[-68.3123506,-10.7802269],[-68.3205182,-10.7802449],[-68.3205061,-10.7856544]]]}},{"type":"Feature","id":"AC-Y196-X747","properties":{"id":"AC-Y196-X747","grid_x":747,"grid_y":196,"centroid":[-68.3082606,-10.7829225],"aggregation":"none","score_gradboost":0.7738094,"score_random_forest":0.8192671,"score_logistic_regression":0.6904114,"score_fuzzy_knn_k29":0.7726637},"geometry":{"type":"Polygon","coordinates":[[[-68.3123383,-10.7856363],[-68.3041706,-10.7856181],[-68.304183,-10.7802087],[-68.3123506,-10.7802269],[-68.3123383,-10.7856363]]]}},{"type":"Feature","id":"AC-Y196-X748","properties":{"id":"AC-Y196-X748","grid_x":748,"grid_y":196,"centroid":[-68.3000929,-10.7829042],"aggregation":"none","score_gradboost":0.88219,"score_random_forest":0.780035,"score_logistic_regression":0.6360704,"score_fuzzy_knn_k29":0.6491797},"geometry":{"type":"Polygon","coordinates":[[[-68.3041706,-10.7856181],[-68.2960028,-10.7855996],[-68.2960154,-10.7801902],[-68.304183,-10.7802087],[-68.3041706,-10.7856181]]]}},{"type":"Feature","id":"AC-Y196-X749","properties":{"id":"AC-Y196-X749","grid_x":749,"grid_y":196,"centroid":[-68.2919253,-10.7828856],"aggregation":"none","score_gradboost":0.7361992,"score_random_forest":0.7901712,"score_logistic_regression":0.7087676,"score_fuzzy_knn_k29":0.8541492},"geometry":{"type":"Polygon","coordinates":[[[-68.2960028,-10.7855996],[-68.2878351,-10.785581],[-68.2878478,-10.7801716],[-68.2960154,-10.7801902],[-68.2960028,-10.7855996]]]}},{"type":"Feature","id":"AC-Y197-X737","properties":{"id":"AC-Y197-X737","grid_x":737,"grid_y":197,"centroid":[-68.389949,-10.7776847],"aggregation":"none","score_gradboost":0.7924784,"score_random_forest":0.6530092,"score_logistic_regression":0.6325189,"score_fuzzy_knn_k29":0.5198573},"geometry":{"type":"Polygon","coordinates":[[[-68.3940274,-10.7803974],[-68.3858597,-10.7803814],[-68.3858706,-10.7749718],[-68.3940382,-10.7749879],[-68.3940274,-10.7803974]]]}},{"type":"Feature","id":"AC-Y197-X738","properties":{"id":"AC-Y197-X738","grid_x":738,"grid_y":197,"centroid":[-68.3817813,-10.7776685],"aggregation":"none","score_gradboost":0.7953723,"score_random_forest":0.815705,"score_logistic_regression":0.7239814,"score_fuzzy_knn_k29":0.8787137},"geometry":{"type":"Polygon","coordinates":[[[-68.3858597,-10.7803814],[-68.3776919,-10.7803651],[-68.3777031,-10.7749556],[-68.3858706,-10.7749718],[-68.3858597,-10.7803814]]]}},{"type":"Feature","id":"AC-Y197-X739","properties":{"id":"AC-Y197-X739","grid_x":739,"grid_y":197,"centroid":[-68.3736137,-10.7776521],"aggregation":"none","score_gradboost":0.8887426,"score_random_forest":0.8197615,"score_logistic_regression":0.6665452,"score_fuzzy_knn_k29":0.8077141},"geometry":{"type":"Polygon","coordinates":[[[-68.3776919,-10.7803651],[-68.3695242,-10.7803485],[-68.3695355,-10.774939],[-68.3777031,-10.7749556],[-68.3776919,-10.7803651]]]}},{"type":"Feature","id":"AC-Y197-X740","properties":{"id":"AC-Y197-X740","grid_x":740,"grid_y":197,"centroid":[-68.365446,-10.7776355],"aggregation":"none","score_gradboost":0.7967445,"score_random_forest":0.7168565,"score_logistic_regression":0.531451,"score_fuzzy_knn_k29":0.84067},"geometry":{"type":"Polygon","coordinates":[[[-68.3695242,-10.7803485],[-68.3613565,-10.7803318],[-68.3613679,-10.7749223],[-68.3695355,-10.774939],[-68.3695242,-10.7803485]]]}},{"type":"Feature","id":"AC-Y197-X741","properties":{"id":"AC-Y197-X741","grid_x":741,"grid_y":197,"centroid":[-68.3572784,-10.7776186],"aggregation":"none","score_gradboost":0.3637337,"score_random_forest":0.4773774,"score_logistic_regression":0.6109477,"score_fuzzy_knn_k29":0.7565733},"geometry":{"type":"Polygon","coordinates":[[[-68.3613565,-10.7803318],[-68.3531888,-10.7803149],[-68.3532004,-10.7749054],[-68.3613679,-10.7749223],[-68.3613565,-10.7803318]]]}},{"type":"Feature","id":"AC-Y197-X742","properties":{"id":"AC-Y197-X742","grid_x":742,"grid_y":197,"centroid":[-68.3491108,-10.7776016],"aggregation":"none","score_gradboost":0.8131018,"score_random_forest":0.8162074,"score_logistic_regression":0.6965718,"score_fuzzy_knn_k29":0.9248599},"geometry":{"type":"Polygon","coordinates":[[[-68.3531888,-10.7803149],[-68.3450212,-10.7802977],[-68.3450329,-10.7748882],[-68.3532004,-10.7749054],[-68.3531888,-10.7803149]]]}},{"type":"Feature","id":"AC-Y197-X743","properties":{"id":"AC-Y197-X743","grid_x":743,"grid_y":197,"centroid":[-68.3409432,-10.7775843],"aggregation":"none","score_gradboost":0.9196518,"score_random_forest":0.8502297,"score_logistic_regression":0.6104158,"score_fuzzy_knn_k29":0.919192},"geometry":{"type":"Polygon","coordinates":[[[-68.3450212,-10.7802977],[-68.3368535,-10.7802803],[-68.3368653,-10.7748709],[-68.3450329,-10.7748882],[-68.3450212,-10.7802977]]]}},{"type":"Feature","id":"AC-Y197-X744","properties":{"id":"AC-Y197-X744","grid_x":744,"grid_y":197,"centroid":[-68.3327756,-10.7775668],"aggregation":"none","score_gradboost":0.9613605,"score_random_forest":0.8766766,"score_logistic_regression":0.6100285,"score_fuzzy_knn_k29":0.8927552},"geometry":{"type":"Polygon","coordinates":[[[-68.3368535,-10.7802803],[-68.3286858,-10.7802627],[-68.3286978,-10.7748533],[-68.3368653,-10.7748709],[-68.3368535,-10.7802803]]]}},{"type":"Feature","id":"AC-Y197-X745","properties":{"id":"AC-Y197-X745","grid_x":745,"grid_y":197,"centroid":[-68.3246081,-10.7775491],"aggregation":"none","score_gradboost":0.9835632,"score_random_forest":0.9324467,"score_logistic_regression":0.714926,"score_fuzzy_knn_k29":0.9908994},"geometry":{"type":"Polygon","coordinates":[[[-68.3286858,-10.7802627],[-68.3205182,-10.7802449],[-68.3205303,-10.7748355],[-68.3286978,-10.7748533],[-68.3286858,-10.7802627]]]}},{"type":"Feature","id":"AC-Y197-X746","properties":{"id":"AC-Y197-X746","grid_x":746,"grid_y":197,"centroid":[-68.3164405,-10.7775312],"aggregation":"none","score_gradboost":0.9422369,"score_random_forest":0.9331876,"score_logistic_regression":0.6673011,"score_fuzzy_knn_k29":0.907195},"geometry":{"type":"Polygon","coordinates":[[[-68.3205182,-10.7802449],[-68.3123506,-10.7802269],[-68.3123629,-10.7748175],[-68.3205303,-10.7748355],[-68.3205182,-10.7802449]]]}},{"type":"Feature","id":"AC-Y197-X747","properties":{"id":"AC-Y197-X747","grid_x":747,"grid_y":197,"centroid":[-68.308273,-10.7775131],"aggregation":"none","score_gradboost":0.9035353,"score_random_forest":0.8523804,"score_logistic_regression":0.6560393,"score_fuzzy_knn_k29":0.9130493},"geometry":{"type":"Polygon","coordinates":[[[-68.3123506,-10.7802269],[-68.304183,-10.7802087],[-68.3041954,-10.7747992],[-68.3123629,-10.7748175],[-68.3123506,-10.7802269]]]}},{"type":"Feature","id":"AC-Y197-X748","properties":{"id":"AC-Y197-X748","grid_x":748,"grid_y":197,"centroid":[-68.3001054,-10.7774948],"aggregation":"none","score_gradboost":0.8394768,"score_random_forest":0.771278,"score_logistic_regression":0.692288,"score_fuzzy_knn_k29":0.7938891},"geometry":{"type":"Polygon","coordinates":[[[-68.304183,-10.7802087],[-68.2960154,-10.7801902],[-68.296028,-10.7747808],[-68.3041954,-10.7747992],[-68.304183,-10.7802087]]]}},{"type":"Feature","id":"AC-Y197-X749","properties":{"id":"AC-Y197-X749","grid_x":749,"grid_y":197,"centroid":[-68.2919379,-10.7774762],"aggregation":"none","score_gradboost":0.7041792,"score_random_forest":0.6447741,"score_logistic_regression":0.7062237,"score_fuzzy_knn_k29":0.8905019},"geometry":{"type":"Polygon","coordinates":[[[-68.2960154,-10.7801902],[-68.2878478,-10.7801716],[-68.2878605,-10.7747621],[-68.296028,-10.7747808],[-68.2960154,-10.7801902]]]}},{"type":"Feature","id":"AC-Y197-X750","properties":{"id":"AC-Y197-X750","grid_x":750,"grid_y":197,"centroid":[-68.2837704,-10.7774574],"aggregation":"none","score_gradboost":0.4185168,"score_random_forest":0.5598097,"score_logistic_regression":0.6944856,"score_fuzzy_knn_k29":0.8920217},"geometry":{"type":"Polygon","coordinates":[[[-68.2878478,-10.7801716],[-68.2796803,-10.7801527],[-68.2796931,-10.7747433],[-68.2878605,-10.7747621],[-68.2878478,-10.7801716]]]}},{"type":"Feature","id":"AC-Y198-X737","properties":{"id":"AC-Y198-X737","grid_x":737,"grid_y":198,"centroid":[-68.3899599,-10.7722751],"aggregation":"none","score_gradboost":0.8804555,"score_random_forest":0.7834677,"score_logistic_regression":0.786107,"score_fuzzy_knn_k29":0.2538711},"geometry":{"type":"Polygon","coordinates":[[[-68.3940382,-10.7749879],[-68.3858706,-10.7749718],[-68.3858816,-10.7695623],[-68.3940491,-10.7695784],[-68.3940382,-10.7749879]]]}},{"type":"Feature","id":"AC-Y198-X738","properties":{"id":"AC-Y198-X738","grid_x":738,"grid_y":198,"centroid":[-68.3817924,-10.772259],"aggregation":"none","score_gradboost":0.8072193,"score_random_forest":0.8605425,"score_logistic_regression":0.7112903,"score_fuzzy_knn_k29":0.852745},"geometry":{"type":"Polygon","coordinates":[[[-68.3858706,-10.7749718],[-68.3777031,-10.7749556],[-68.3777142,-10.769546],[-68.3858816,-10.7695623],[-68.3858706,-10.7749718]]]}},{"type":"Feature","id":"AC-Y198-X739","properties":{"id":"AC-Y198-X739","grid_x":739,"grid_y":198,"centroid":[-68.3736249,-10.7722426],"aggregation":"none","score_gradboost":0.9198859,"score_random_forest":0.8341654,"score_logistic_regression":0.6812371,"score_fuzzy_knn_k29":0.8045268},"geometry":{"type":"Polygon","coordinates":[[[-68.3777031,-10.7749556],[-68.3695355,-10.774939],[-68.3695467,-10.7695295],[-68.3777142,-10.769546],[-68.3777031,-10.7749556]]]}},{"type":"Feature","id":"AC-Y198-X740","properties":{"id":"AC-Y198-X740","grid_x":740,"grid_y":198,"centroid":[-68.3654574,-10.772226],"aggregation":"none","score_gradboost":0.8504875,"score_random_forest":0.8220564,"score_logistic_regression":0.6687544,"score_fuzzy_knn_k29":0.8127555},"geometry":{"type":"Polygon","coordinates":[[[-68.3695355,-10.774939],[-68.3613679,-10.7749223],[-68.3613793,-10.7695128],[-68.3695467,-10.7695295],[-68.3695355,-10.774939]]]}},{"type":"Feature","id":"AC-Y198-X741","properties":{"id":"AC-Y198-X741","grid_x":741,"grid_y":198,"centroid":[-68.3572899,-10.7722091],"aggregation":"none","score_gradboost":0.8806913,"score_random_forest":0.8801484,"score_logistic_regression":0.745603,"score_fuzzy_knn_k29":0.9252029},"geometry":{"type":"Polygon","coordinates":[[[-68.3613679,-10.7749223],[-68.3532004,-10.7749054],[-68.3532119,-10.7694959],[-68.3613793,-10.7695128],[-68.3613679,-10.7749223]]]}},{"type":"Feature","id":"AC-Y198-X742","properties":{"id":"AC-Y198-X742","grid_x":742,"grid_y":198,"centroid":[-68.3491224,-10.7721921],"aggregation":"none","score_gradboost":0.5044155,"score_random_forest":0.3612388,"score_logistic_regression":0.5072132,"score_fuzzy_knn_k29":0.6776237},"geometry":{"type":"Polygon","coordinates":[[[-68.3532004,-10.7749054],[-68.3450329,-10.7748882],[-68.3450445,-10.7694788],[-68.3532119,-10.7694959],[-68.3532004,-10.7749054]]]}},{"type":"Feature","id":"AC-Y198-X743","properties":{"id":"AC-Y198-X743","grid_x":743,"grid_y":198,"centroid":[-68.340955,-10.7721748],"aggregation":"none","score_gradboost":0.774031,"score_random_forest":0.8178042,"score_logistic_regression":0.6903853,"score_fuzzy_knn_k29":0.9626572},"geometry":{"type":"Polygon","coordinates":[[[-68.3450329,-10.7748882],[-68.3368653,-10.7748709],[-68.3368772,-10.7694614],[-68.3450445,-10.7694788],[-68.3450329,-10.7748882]]]}},{"type":"Feature","id":"AC-Y198-X744","properties":{"id":"AC-Y198-X744","grid_x":744,"grid_y":198,"centroid":[-68.3327875,-10.7721574],"aggregation":"none","score_gradboost":0.3877953,"score_random_forest":0.3604788,"score_logistic_regression":0.5163637,"score_fuzzy_knn_k29":0.4795191},"geometry":{"type":"Polygon","coordinates":[[[-68.3368653,-10.7748709],[-68.3286978,-10.7748533],[-68.3287098,-10.7694438],[-68.3368772,-10.7694614],[-68.3368653,-10.7748709]]]}},{"type":"Feature","id":"AC-Y198-X745","properties":{"id":"AC-Y198-X745","grid_x":745,"grid_y":198,"centroid":[-68.3246201,-10.7721397],"aggregation":"none","score_gradboost":0.9309676,"score_random_forest":0.8982459,"score_logistic_regression":0.6037347,"score_fuzzy_knn_k29":0.9126772},"geometry":{"type":"Polygon","coordinates":[[[-68.3286978,-10.7748533],[-68.3205303,-10.7748355],[-68.3205425,-10.769426],[-68.3287098,-10.7694438],[-68.3286978,-10.7748533]]]}},{"type":"Feature","id":"AC-Y198-X746","properties":{"id":"AC-Y198-X746","grid_x":746,"grid_y":198,"centroid":[-68.3164527,-10.7721218],"aggregation":"none","score_gradboost":0.8704816,"score_random_forest":0.7872126,"score_logistic_regression":0.5835871,"score_fuzzy_knn_k29":0.8459942},"geometry":{"type":"Polygon","coordinates":[[[-68.3205303,-10.7748355],[-68.3123629,-10.7748175],[-68.3123751,-10.769408],[-68.3205425,-10.769426],[-68.3205303,-10.7748355]]]}},{"type":"Feature","id":"AC-Y198-X747","properties":{"id":"AC-Y198-X747","grid_x":747,"grid_y":198,"centroid":[-68.3082853,-10.7721037],"aggregation":"none","score_gradboost":0.7308478,"score_random_forest":0.6479482,"score_logistic_regression":0.5675892,"score_fuzzy_knn_k29":0.7456331},"geometry":{"type":"Polygon","coordinates":[[[-68.3123629,-10.7748175],[-68.3041954,-10.7747992],[-68.3042078,-10.7693898],[-68.3123751,-10.769408],[-68.3123629,-10.7748175]]]}},{"type":"Feature","id":"AC-Y198-X748","properties":{"id":"AC-Y198-X748","grid_x":748,"grid_y":198,"centroid":[-68.3001179,-10.7720853],"aggregation":"none","score_gradboost":0.7657676,"score_random_forest":0.6566706,"score_logistic_regression":0.5845896,"score_fuzzy_knn_k29":0.7599296},"geometry":{"type":"Polygon","coordinates":[[[-68.3041954,-10.7747992],[-68.296028,-10.7747808],[-68.2960405,-10.7693714],[-68.3042078,-10.7693898],[-68.3041954,-10.7747992]]]}},{"type":"Feature","id":"AC-Y198-X749","properties":{"id":"AC-Y198-X749","grid_x":749,"grid_y":198,"centroid":[-68.2919506,-10.7720668],"aggregation":"none","score_gradboost":0.6087827,"score_random_forest":0.6930563,"score_logistic_regression":0.5913912,"score_fuzzy_knn_k29":0.6519303},"geometry":{"type":"Polygon","coordinates":[[[-68.296028,-10.7747808],[-68.2878605,-10.7747621],[-68.2878732,-10.7693527],[-68.2960405,-10.7693714],[-68.296028,-10.7747808]]]}},{"type":"Feature","id":"AC-Y199-X737","properties":{"id":"AC-Y199-X737","grid_x":737,"grid_y":199,"centroid":[-68.3899708,-10.7668656],"aggregation":"none","score_gradboost":0.8850869,"score_random_forest":0.7519906,"score_logistic_regression":0.7455958,"score_fuzzy_knn_k29":0.670236},"geometry":{"type":"Polygon","coordinates":[[[-68.3940491,-10.7695784],[-68.3858816,-10.7695623],[-68.3858926,-10.7641528],[-68.3940599,-10.7641689],[-68.3940491,-10.7695784]]]}},{"type":"Feature","id":"AC-Y199-X738","properties":{"id":"AC-Y199-X738","grid_x":738,"grid_y":199,"centroid":[-68.3818034,-10.7668495],"aggregation":"none","score_gradboost":0.7994268,"score_random_forest":0.8138934,"score_logistic_regression":0.7764782,"score_fuzzy_knn_k29":0.6629391},"geometry":{"type":"Polygon","coordinates":[[[-68.3858816,-10.7695623],[-68.3777142,-10.769546],[-68.3777253,-10.7641365],[-68.3858926,-10.7641528],[-68.3858816,-10.7695623]]]}},{"type":"Feature","id":"AC-Y199-X739","properties":{"id":"AC-Y199-X739","grid_x":739,"grid_y":199,"centroid":[-68.373636,-10.7668331],"aggregation":"none","score_gradboost":0.8914267,"score_random_forest":0.8009581,"score_logistic_regression":0.6704788,"score_fuzzy_knn_k29":0.8145115},"geometry":{"type":"Polygon","coordinates":[[[-68.3777142,-10.769546],[-68.3695467,-10.7695295],[-68.369558,-10.76412],[-68.3777253,-10.7641365],[-68.3777142,-10.769546]]]}},{"type":"Feature","id":"AC-Y199-X740","properties":{"id":"AC-Y199-X740","grid_x":740,"grid_y":199,"centroid":[-68.3654687,-10.7668165],"aggregation":"none","score_gradboost":0.8629843,"score_random_forest":0.8743097,"score_logistic_regression":0.7640896,"score_fuzzy_knn_k29":0.9826063},"geometry":{"type":"Polygon","coordinates":[[[-68.3695467,-10.7695295],[-68.3613793,-10.7695128],[-68.3613907,-10.7641033],[-68.369558,-10.76412],[-68.3695467,-10.7695295]]]}},{"type":"Feature","id":"AC-Y199-X741","properties":{"id":"AC-Y199-X741","grid_x":741,"grid_y":199,"centroid":[-68.3573014,-10.7667997],"aggregation":"none","score_gradboost":0.4439981,"score_random_forest":0.4691252,"score_logistic_regression":0.6277313,"score_fuzzy_knn_k29":0.7005162},"geometry":{"type":"Polygon","coordinates":[[[-68.3613793,-10.7695128],[-68.3532119,-10.7694959],[-68.3532235,-10.7640864],[-68.3613907,-10.7641033],[-68.3613793,-10.7695128]]]}},{"type":"Feature","id":"AC-Y199-X742","properties":{"id":"AC-Y199-X742","grid_x":742,"grid_y":199,"centroid":[-68.349134,-10.7667826],"aggregation":"none","score_gradboost":0.4356398,"score_random_forest":0.4949629,"score_logistic_regression":0.6224388,"score_fuzzy_knn_k29":0.6462665},"geometry":{"type":"Polygon","coordinates":[[[-68.3532119,-10.7694959],[-68.3450445,-10.7694788],[-68.3450562,-10.7640693],[-68.3532235,-10.7640864],[-68.3532119,-10.7694959]]]}},{"type":"Feature","id":"AC-Y199-X743","properties":{"id":"AC-Y199-X743","grid_x":743,"grid_y":199,"centroid":[-68.3409667,-10.7667654],"aggregation":"none","score_gradboost":0.8742823,"score_random_forest":0.8530449,"score_logistic_regression":0.7444182,"score_fuzzy_knn_k29":0.886688},"geometry":{"type":"Polygon","coordinates":[[[-68.3450445,-10.7694788],[-68.3368772,-10.7694614],[-68.336889,-10.7640519],[-68.3450562,-10.7640693],[-68.3450445,-10.7694788]]]}},{"type":"Feature","id":"AC-Y199-X744","properties":{"id":"AC-Y199-X744","grid_x":744,"grid_y":199,"centroid":[-68.3327994,-10.7667479],"aggregation":"none","score_gradboost":0.2128402,"score_random_forest":0.2104772,"score_logistic_regression":0.4176417,"score_fuzzy_knn_k29":0.2845796},"geometry":{"type":"Polygon","coordinates":[[[-68.3368772,-10.7694614],[-68.3287098,-10.7694438],[-68.3287218,-10.7640344],[-68.336889,-10.7640519],[-68.3368772,-10.7694614]]]}},{"type":"Feature","id":"AC-Y199-X745","properties":{"id":"AC-Y199-X745","grid_x":745,"grid_y":199,"centroid":[-68.3246322,-10.7667302],"aggregation":"none","score_gradboost":0.6780732,"score_random_forest":0.665064,"score_logistic_regression":0.5440311,"score_fuzzy_knn_k29":0.7086175},"geometry":{"type":"Polygon","coordinates":[[[-68.3287098,-10.7694438],[-68.3205425,-10.769426],[-68.3205546,-10.7640166],[-68.3287218,-10.7640344],[-68.3287098,-10.7694438]]]}},{"type":"Feature","id":"AC-Y199-X746","properties":{"id":"AC-Y199-X746","grid_x":746,"grid_y":199,"centroid":[-68.3164649,-10.7667123],"aggregation":"none","score_gradboost":0.7298089,"score_random_forest":0.7391233,"score_logistic_regression":0.5517701,"score_fuzzy_knn_k29":0.7821649},"geometry":{"type":"Polygon","coordinates":[[[-68.3205425,-10.769426],[-68.3123751,-10.769408],[-68.3123874,-10.7639986],[-68.3205546,-10.7640166],[-68.3205425,-10.769426]]]}},{"type":"Feature","id":"AC-Y199-X747","properties":{"id":"AC-Y199-X747","grid_x":747,"grid_y":199,"centroid":[-68.3082977,-10.7666942],"aggregation":"none","score_gradboost":0.7936679,"score_random_forest":0.6867895,"score_logistic_regression":0.5797714,"score_fuzzy_knn_k29":0.8560935},"geometry":{"type":"Polygon","coordinates":[[[-68.3123751,-10.769408],[-68.3042078,-10.7693898],[-68.3042202,-10.7639804],[-68.3123874,-10.7639986],[-68.3123751,-10.769408]]]}},{"type":"Feature","id":"AC-Y199-X748","properties":{"id":"AC-Y199-X748","grid_x":748,"grid_y":199,"centroid":[-68.3001304,-10.7666759],"aggregation":"none","score_gradboost":0.8322536,"score_random_forest":0.8149905,"score_logistic_regression":0.6556228,"score_fuzzy_knn_k29":0.8361287},"geometry":{"type":"Polygon","coordinates":[[[-68.3042078,-10.7693898],[-68.2960405,-10.7693714],[-68.2960531,-10.763962],[-68.3042202,-10.7639804],[-68.3042078,-10.7693898]]]}},{"type":"Feature","id":"AC-Y199-X749","properties":{"id":"AC-Y199-X749","grid_x":749,"grid_y":199,"centroid":[-68.2919632,-10.7666574],"aggregation":"none","score_gradboost":0.5540273,"score_random_forest":0.5423757,"score_logistic_regression":0.6614113,"score_fuzzy_knn_k29":0.4410988},"geometry":{"type":"Polygon","coordinates":[[[-68.2960405,-10.7693714],[-68.2878732,-10.7693527],[-68.287886,-10.7639433],[-68.2960531,-10.763962],[-68.2960405,-10.7693714]]]}},{"type":"Feature","id":"AC-Y200-X737","properties":{"id":"AC-Y200-X737","grid_x":737,"grid_y":200,"centroid":[-68.3899816,-10.7614561],"aggregation":"none","score_gradboost":0.8718454,"score_random_forest":0.8787413,"score_logistic_regression":0.8075073,"score_fuzzy_knn_k29":0.9130456},"geometry":{"type":"Polygon","coordinates":[[[-68.3940599,-10.7641689],[-68.3858926,-10.7641528],[-68.3859035,-10.7587433],[-68.3940707,-10.7587593],[-68.3940599,-10.7641689]]]}},{"type":"Feature","id":"AC-Y200-X738","properties":{"id":"AC-Y200-X738","grid_x":738,"grid_y":200,"centroid":[-68.3818144,-10.7614399],"aggregation":"none","score_gradboost":0.9263769,"score_random_forest":0.8043599,"score_logistic_regression":0.6595481,"score_fuzzy_knn_k29":0.7219243},"geometry":{"type":"Polygon","coordinates":[[[-68.3858926,-10.7641528],[-68.3777253,-10.7641365],[-68.3777364,-10.758727],[-68.3859035,-10.7587433],[-68.3858926,-10.7641528]]]}},{"type":"Feature","id":"AC-Y200-X739","properties":{"id":"AC-Y200-X739","grid_x":739,"grid_y":200,"centroid":[-68.3736472,-10.7614236],"aggregation":"none","score_gradboost":0.6239157,"score_random_forest":0.6907846,"score_logistic_regression":0.6202555,"score_fuzzy_knn_k29":0.6771958},"geometry":{"type":"Polygon","coordinates":[[[-68.3777253,-10.7641365],[-68.369558,-10.76412],[-68.3695692,-10.7587105],[-68.3777364,-10.758727],[-68.3777253,-10.7641365]]]}},{"type":"Feature","id":"AC-Y200-X740","properties":{"id":"AC-Y200-X740","grid_x":740,"grid_y":200,"centroid":[-68.36548,-10.761407],"aggregation":"none","score_gradboost":0.8734588,"score_random_forest":0.9327522,"score_logistic_regression":0.6090615,"score_fuzzy_knn_k29":0.9519222},"geometry":{"type":"Polygon","coordinates":[[[-68.369558,-10.76412],[-68.3613907,-10.7641033],[-68.3614021,-10.7586938],[-68.3695692,-10.7587105],[-68.369558,-10.76412]]]}},{"type":"Feature","id":"AC-Y200-X741","properties":{"id":"AC-Y200-X741","grid_x":741,"grid_y":200,"centroid":[-68.3573128,-10.7613902],"aggregation":"none","score_gradboost":0.8865285,"score_random_forest":0.7641824,"score_logistic_regression":0.7056844,"score_fuzzy_knn_k29":0.0447597},"geometry":{"type":"Polygon","coordinates":[[[-68.3613907,-10.7641033],[-68.3532235,-10.7640864],[-68.353235,-10.7586769],[-68.3614021,-10.7586938],[-68.3613907,-10.7641033]]]}},{"type":"Feature","id":"AC-Y200-X742","properties":{"id":"AC-Y200-X742","grid_x":742,"grid_y":200,"centroid":[-68.3491456,-10.7613731],"aggregation":"none","score_gradboost":0.8161032,"score_random_forest":0.7592597,"score_logistic_regression":0.6768806,"score_fuzzy_knn_k29":0.4500933},"geometry":{"type":"Polygon","coordinates":[[[-68.3532235,-10.7640864],[-68.3450562,-10.7640693],[-68.3450679,-10.7586598],[-68.353235,-10.7586769],[-68.3532235,-10.7640864]]]}},{"type":"Feature","id":"AC-Y200-X743","properties":{"id":"AC-Y200-X743","grid_x":743,"grid_y":200,"centroid":[-68.3409785,-10.7613559],"aggregation":"none","score_gradboost":0.9215871,"score_random_forest":0.8600736,"score_logistic_regression":0.6144359,"score_fuzzy_knn_k29":0.8279099},"geometry":{"type":"Polygon","coordinates":[[[-68.3450562,-10.7640693],[-68.336889,-10.7640519],[-68.3369008,-10.7586425],[-68.3450679,-10.7586598],[-68.3450562,-10.7640693]]]}},{"type":"Feature","id":"AC-Y200-X744","properties":{"id":"AC-Y200-X744","grid_x":744,"grid_y":200,"centroid":[-68.3328113,-10.7613384],"aggregation":"none","score_gradboost":0.7752869,"score_random_forest":0.7213118,"score_logistic_regression":0.5576633,"score_fuzzy_knn_k29":0.8403675},"geometry":{"type":"Polygon","coordinates":[[[-68.336889,-10.7640519],[-68.3287218,-10.7640344],[-68.3287338,-10.7586249],[-68.3369008,-10.7586425],[-68.336889,-10.7640519]]]}},{"type":"Feature","id":"AC-Y200-X745","properties":{"id":"AC-Y200-X745","grid_x":745,"grid_y":200,"centroid":[-68.3246442,-10.7613208],"aggregation":"none","score_gradboost":0.8397071,"score_random_forest":0.8645426,"score_logistic_regression":0.6825001,"score_fuzzy_knn_k29":0.8992688},"geometry":{"type":"Polygon","coordinates":[[[-68.3287218,-10.7640344],[-68.3205546,-10.7640166],[-68.3205667,-10.7586071],[-68.3287338,-10.7586249],[-68.3287218,-10.7640344]]]}},{"type":"Feature","id":"AC-Y200-X746","properties":{"id":"AC-Y200-X746","grid_x":746,"grid_y":200,"centroid":[-68.3164771,-10.7613029],"aggregation":"none","score_gradboost":0.8253058,"score_random_forest":0.8714083,"score_logistic_regression":0.6808821,"score_fuzzy_knn_k29":0.9623793},"geometry":{"type":"Polygon","coordinates":[[[-68.3205546,-10.7640166],[-68.3123874,-10.7639986],[-68.3123997,-10.7585892],[-68.3205667,-10.7586071],[-68.3205546,-10.7640166]]]}},{"type":"Feature","id":"AC-Y200-X747","properties":{"id":"AC-Y200-X747","grid_x":747,"grid_y":200,"centroid":[-68.30831,-10.7612848],"aggregation":"none","score_gradboost":0.7989905,"score_random_forest":0.7010228,"score_logistic_regression":0.5624836,"score_fuzzy_knn_k29":0.8535563},"geometry":{"type":"Polygon","coordinates":[[[-68.3123874,-10.7639986],[-68.3042202,-10.7639804],[-68.3042326,-10.758571],[-68.3123997,-10.7585892],[-68.3123874,-10.7639986]]]}},{"type":"Feature","id":"AC-Y200-X748","properties":{"id":"AC-Y200-X748","grid_x":748,"grid_y":200,"centroid":[-68.3001429,-10.7612665],"aggregation":"none","score_gradboost":0.7128538,"score_random_forest":0.6501869,"score_logistic_regression":0.551605,"score_fuzzy_knn_k29":0.7719451},"geometry":{"type":"Polygon","coordinates":[[[-68.3042202,-10.7639804],[-68.2960531,-10.763962],[-68.2960656,-10.7585525],[-68.3042326,-10.758571],[-68.3042202,-10.7639804]]]}},{"type":"Feature","id":"AC-Y200-X749","properties":{"id":"AC-Y200-X749","grid_x":749,"grid_y":200,"centroid":[-68.2919758,-10.761248],"aggregation":"none","score_gradboost":0.6662645,"score_random_forest":0.5508846,"score_logistic_regression":0.6319083,"score_fuzzy_knn_k29":0.8961663},"geometry":{"type":"Polygon","coordinates":[[[-68.2960531,-10.763962],[-68.287886,-10.7639433],[-68.2878986,-10.7585339],[-68.2960656,-10.7585525],[-68.2960531,-10.763962]]]}},{"type":"Feature","id":"AC-Y201-X737","properties":{"id":"AC-Y201-X737","grid_x":737,"grid_y":201,"centroid":[-68.3899925,-10.7560466],"aggregation":"none","score_gradboost":0.7781853,"score_random_forest":0.7611459,"score_logistic_regression":0.7312757,"score_fuzzy_knn_k29":0.5978836},"geometry":{"type":"Polygon","coordinates":[[[-68.3940707,-10.7587593],[-68.3859035,-10.7587433],[-68.3859144,-10.7533338],[-68.3940815,-10.7533498],[-68.3940707,-10.7587593]]]}},{"type":"Feature","id":"AC-Y201-X738","properties":{"id":"AC-Y201-X738","grid_x":738,"grid_y":201,"centroid":[-68.3818254,-10.7560304],"aggregation":"none","score_gradboost":0.4880224,"score_random_forest":0.5526646,"score_logistic_regression":0.591244,"score_fuzzy_knn_k29":0.6157666},"geometry":{"type":"Polygon","coordinates":[[[-68.3859035,-10.7587433],[-68.3777364,-10.758727],[-68.3777474,-10.7533175],[-68.3859144,-10.7533338],[-68.3859035,-10.7587433]]]}},{"type":"Feature","id":"AC-Y201-X739","properties":{"id":"AC-Y201-X739","grid_x":739,"grid_y":201,"centroid":[-68.3736584,-10.756014],"aggregation":"none","score_gradboost":0.635311,"score_random_forest":0.6922078,"score_logistic_regression":0.6385337,"score_fuzzy_knn_k29":0.6955075},"geometry":{"type":"Polygon","coordinates":[[[-68.3777364,-10.758727],[-68.3695692,-10.7587105],[-68.3695805,-10.753301],[-68.3777474,-10.7533175],[-68.3777364,-10.758727]]]}},{"type":"Feature","id":"AC-Y201-X740","properties":{"id":"AC-Y201-X740","grid_x":740,"grid_y":201,"centroid":[-68.3654913,-10.7559975],"aggregation":"none","score_gradboost":0.9050898,"score_random_forest":0.839814,"score_logistic_regression":0.6753817,"score_fuzzy_knn_k29":0.8558358},"geometry":{"type":"Polygon","coordinates":[[[-68.3695692,-10.7587105],[-68.3614021,-10.7586938],[-68.3614135,-10.7532843],[-68.3695805,-10.753301],[-68.3695692,-10.7587105]]]}},{"type":"Feature","id":"AC-Y201-X741","properties":{"id":"AC-Y201-X741","grid_x":741,"grid_y":201,"centroid":[-68.3573243,-10.7559807],"aggregation":"none","score_gradboost":0.9028668,"score_random_forest":0.8810473,"score_logistic_regression":0.6136608,"score_fuzzy_knn_k29":0.9170561},"geometry":{"type":"Polygon","coordinates":[[[-68.3614021,-10.7586938],[-68.353235,-10.7586769],[-68.3532465,-10.7532674],[-68.3614135,-10.7532843],[-68.3614021,-10.7586938]]]}},{"type":"Feature","id":"AC-Y201-X742","properties":{"id":"AC-Y201-X742","grid_x":742,"grid_y":201,"centroid":[-68.3491572,-10.7559637],"aggregation":"none","score_gradboost":0.7702144,"score_random_forest":0.7308888,"score_logistic_regression":0.6581091,"score_fuzzy_knn_k29":0.1133614},"geometry":{"type":"Polygon","coordinates":[[[-68.353235,-10.7586769],[-68.3450679,-10.7586598],[-68.3450796,-10.7532503],[-68.3532465,-10.7532674],[-68.353235,-10.7586769]]]}},{"type":"Feature","id":"AC-Y201-X743","properties":{"id":"AC-Y201-X743","grid_x":743,"grid_y":201,"centroid":[-68.3409902,-10.7559464],"aggregation":"none","score_gradboost":0.8650301,"score_random_forest":0.8585303,"score_logistic_regression":0.6086209,"score_fuzzy_knn_k29":0.8902758},"geometry":{"type":"Polygon","coordinates":[[[-68.3450679,-10.7586598],[-68.3369008,-10.7586425],[-68.3369126,-10.753233],[-68.3450796,-10.7532503],[-68.3450679,-10.7586598]]]}},{"type":"Feature","id":"AC-Y201-X744","properties":{"id":"AC-Y201-X744","grid_x":744,"grid_y":201,"centroid":[-68.3328232,-10.755929],"aggregation":"none","score_gradboost":0.4140812,"score_random_forest":0.3979383,"score_logistic_regression":0.499558,"score_fuzzy_knn_k29":0.8771773},"geometry":{"type":"Polygon","coordinates":[[[-68.3369008,-10.7586425],[-68.3287338,-10.7586249],[-68.3287457,-10.7532154],[-68.3369126,-10.753233],[-68.3369008,-10.7586425]]]}},{"type":"Feature","id":"AC-Y201-X745","properties":{"id":"AC-Y201-X745","grid_x":745,"grid_y":201,"centroid":[-68.3246562,-10.7559113],"aggregation":"none","score_gradboost":0.7278201,"score_random_forest":0.7169607,"score_logistic_regression":0.6537267,"score_fuzzy_knn_k29":0.639116},"geometry":{"type":"Polygon","coordinates":[[[-68.3287338,-10.7586249],[-68.3205667,-10.7586071],[-68.3205788,-10.7531977],[-68.3287457,-10.7532154],[-68.3287338,-10.7586249]]]}},{"type":"Feature","id":"AC-Y201-X746","properties":{"id":"AC-Y201-X746","grid_x":746,"grid_y":201,"centroid":[-68.3164893,-10.7558935],"aggregation":"none","score_gradboost":0.8149408,"score_random_forest":0.6948443,"score_logistic_regression":0.5618229,"score_fuzzy_knn_k29":0.8365031},"geometry":{"type":"Polygon","coordinates":[[[-68.3205667,-10.7586071],[-68.3123997,-10.7585892],[-68.3124119,-10.7531797],[-68.3205788,-10.7531977],[-68.3205667,-10.7586071]]]}},{"type":"Feature","id":"AC-Y201-X747","properties":{"id":"AC-Y201-X747","grid_x":747,"grid_y":201,"centroid":[-68.3083223,-10.7558754],"aggregation":"none","score_gradboost":0.4955427,"score_random_forest":0.3753735,"score_logistic_regression":0.4922738,"score_fuzzy_knn_k29":0.5154472},"geometry":{"type":"Polygon","coordinates":[[[-68.3123997,-10.7585892],[-68.3042326,-10.758571],[-68.304245,-10.7531615],[-68.3124119,-10.7531797],[-68.3123997,-10.7585892]]]}},{"type":"Feature","id":"AC-Y201-X748","properties":{"id":"AC-Y201-X748","grid_x":748,"grid_y":201,"centroid":[-68.3001554,-10.7558571],"aggregation":"none","score_gradboost":0.6443241,"score_random_forest":0.6987547,"score_logistic_regression":0.5773526,"score_fuzzy_knn_k29":0.8972541},"geometry":{"type":"Polygon","coordinates":[[[-68.3042326,-10.758571],[-68.2960656,-10.7585525],[-68.2960782,-10.7531431],[-68.304245,-10.7531615],[-68.3042326,-10.758571]]]}},{"type":"Feature","id":"AC-Y201-X749","properties":{"id":"AC-Y201-X749","grid_x":749,"grid_y":201,"centroid":[-68.2919885,-10.7558385],"aggregation":"none","score_gradboost":0.6159728,"score_random_forest":0.5212747,"score_logistic_regression":0.6239023,"score_fuzzy_knn_k29":0.8799109},"geometry":{"type":"Polygon","coordinates":[[[-68.2960656,-10.7585525],[-68.2878986,-10.7585339],[-68.2879113,-10.7531245],[-68.2960782,-10.7531431],[-68.2960656,-10.7585525]]]}},{"type":"Feature","id":"AC-Y202-X737","properties":{"id":"AC-Y202-X737","grid_x":737,"grid_y":202,"centroid":[-68.3900034,-10.750637],"aggregation":"none","score_gradboost":0.8138583,"score_random_forest":0.8261108,"score_logistic_regression":0.7170182,"score_fuzzy_knn_k29":0.6171705},"geometry":{"type":"Polygon","coordinates":[[[-68.3940815,-10.7533498],[-68.3859144,-10.7533338],[-68.3859254,-10.7479242],[-68.3940923,-10.7479403],[-68.3940815,-10.7533498]]]}},{"type":"Feature","id":"AC-Y202-X738","properties":{"id":"AC-Y202-X738","grid_x":738,"grid_y":202,"centroid":[-68.3818365,-10.7506209],"aggregation":"none","score_gradboost":0.9138139,"score_random_forest":0.8666137,"score_logistic_regression":0.7037293,"score_fuzzy_knn_k29":0.8117141},"geometry":{"type":"Polygon","coordinates":[[[-68.3859144,-10.7533338],[-68.3777474,-10.7533175],[-68.3777585,-10.747908],[-68.3859254,-10.7479242],[-68.3859144,-10.7533338]]]}},{"type":"Feature","id":"AC-Y202-X739","properties":{"id":"AC-Y202-X739","grid_x":739,"grid_y":202,"centroid":[-68.3736695,-10.7506045],"aggregation":"none","score_gradboost":0.7216143,"score_random_forest":0.8045537,"score_logistic_regression":0.6030968,"score_fuzzy_knn_k29":0.8485008},"geometry":{"type":"Polygon","coordinates":[[[-68.3777474,-10.7533175],[-68.3695805,-10.753301],[-68.3695917,-10.7478915],[-68.3777585,-10.747908],[-68.3777474,-10.7533175]]]}},{"type":"Feature","id":"AC-Y202-X740","properties":{"id":"AC-Y202-X740","grid_x":740,"grid_y":202,"centroid":[-68.3655026,-10.750588],"aggregation":"none","score_gradboost":0.8378755,"score_random_forest":0.7904601,"score_logistic_regression":0.6537452,"score_fuzzy_knn_k29":0.7502799},"geometry":{"type":"Polygon","coordinates":[[[-68.3695805,-10.753301],[-68.3614135,-10.7532843],[-68.3614249,-10.7478748],[-68.3695917,-10.7478915],[-68.3695805,-10.753301]]]}},{"type":"Feature","id":"AC-Y202-X741","properties":{"id":"AC-Y202-X741","grid_x":741,"grid_y":202,"centroid":[-68.3573357,-10.7505712],"aggregation":"none","score_gradboost":0.8512073,"score_random_forest":0.8298569,"score_logistic_regression":0.6663844,"score_fuzzy_knn_k29":0.9437292},"geometry":{"type":"Polygon","coordinates":[[[-68.3614135,-10.7532843],[-68.3532465,-10.7532674],[-68.353258,-10.747858],[-68.3614249,-10.7478748],[-68.3614135,-10.7532843]]]}},{"type":"Feature","id":"AC-Y202-X742","properties":{"id":"AC-Y202-X742","grid_x":742,"grid_y":202,"centroid":[-68.3491688,-10.7505542],"aggregation":"none","score_gradboost":0.776603,"score_random_forest":0.7462612,"score_logistic_regression":0.6575862,"score_fuzzy_knn_k29":0.743744},"geometry":{"type":"Polygon","coordinates":[[[-68.3532465,-10.7532674],[-68.3450796,-10.7532503],[-68.3450912,-10.7478408],[-68.353258,-10.747858],[-68.3532465,-10.7532674]]]}},{"type":"Feature","id":"AC-Y202-X743","properties":{"id":"AC-Y202-X743","grid_x":743,"grid_y":202,"centroid":[-68.341002,-10.7505369],"aggregation":"none","score_gradboost":0.8817054,"score_random_forest":0.9206777,"score_logistic_regression":0.7705128,"score_fuzzy_knn_k29":0.9146126},"geometry":{"type":"Polygon","coordinates":[[[-68.3450796,-10.7532503],[-68.3369126,-10.753233],[-68.3369245,-10.7478235],[-68.3450912,-10.7478408],[-68.3450796,-10.7532503]]]}},{"type":"Feature","id":"AC-Y202-X744","properties":{"id":"AC-Y202-X744","grid_x":744,"grid_y":202,"centroid":[-68.3328351,-10.7505195],"aggregation":"none","score_gradboost":0.8222629,"score_random_forest":0.8176912,"score_logistic_regression":0.6835157,"score_fuzzy_knn_k29":0.6669407},"geometry":{"type":"Polygon","coordinates":[[[-68.3369126,-10.753233],[-68.3287457,-10.7532154],[-68.3287577,-10.747806],[-68.3369244,-10.7478235],[-68.3369126,-10.753233]]]}},{"type":"Feature","id":"AC-Y202-X745","properties":{"id":"AC-Y202-X745","grid_x":745,"grid_y":202,"centroid":[-68.3246683,-10.7505019],"aggregation":"none","score_gradboost":0.7676196,"score_random_forest":0.6699027,"score_logistic_regression":0.5489703,"score_fuzzy_knn_k29":0.7821898},"geometry":{"type":"Polygon","coordinates":[[[-68.3287457,-10.7532154],[-68.3205788,-10.7531977],[-68.3205909,-10.7477882],[-68.3287577,-10.747806],[-68.3287457,-10.7532154]]]}},{"type":"Feature","id":"AC-Y202-X746","properties":{"id":"AC-Y202-X746","grid_x":746,"grid_y":202,"centroid":[-68.3165015,-10.750484],"aggregation":"none","score_gradboost":0.3958131,"score_random_forest":0.2920252,"score_logistic_regression":0.4428583,"score_fuzzy_knn_k29":0.6864901},"geometry":{"type":"Polygon","coordinates":[[[-68.3205788,-10.7531977],[-68.3124119,-10.7531797],[-68.3124242,-10.7477703],[-68.3205909,-10.7477882],[-68.3205788,-10.7531977]]]}},{"type":"Feature","id":"AC-Y202-X747","properties":{"id":"AC-Y202-X747","grid_x":747,"grid_y":202,"centroid":[-68.3083346,-10.7504659],"aggregation":"none","score_gradboost":0.5053085,"score_random_forest":0.3796345,"score_logistic_regression":0.4752313,"score_fuzzy_knn_k29":0.7236448},"geometry":{"type":"Polygon","coordinates":[[[-68.3124119,-10.7531797],[-68.304245,-10.7531615],[-68.3042574,-10.7477521],[-68.3124242,-10.7477703],[-68.3124119,-10.7531797]]]}},{"type":"Feature","id":"AC-Y202-X748","properties":{"id":"AC-Y202-X748","grid_x":748,"grid_y":202,"centroid":[-68.3001678,-10.7504476],"aggregation":"none","score_gradboost":0.6817601,"score_random_forest":0.6544936,"score_logistic_regression":0.5171288,"score_fuzzy_knn_k29":0.62972},"geometry":{"type":"Polygon","coordinates":[[[-68.304245,-10.7531615],[-68.2960782,-10.7531431],[-68.2960907,-10.7477337],[-68.3042574,-10.7477521],[-68.304245,-10.7531615]]]}},{"type":"Feature","id":"AC-Y203-X737","properties":{"id":"AC-Y203-X737","grid_x":737,"grid_y":203,"centroid":[-68.3900142,-10.7452275],"aggregation":"none","score_gradboost":0.8580191,"score_random_forest":0.8233624,"score_logistic_regression":0.7396825,"score_fuzzy_knn_k29":0.622314},"geometry":{"type":"Polygon","coordinates":[[[-68.3940923,-10.7479403],[-68.3859254,-10.7479242],[-68.3859363,-10.7425147],[-68.394103,-10.7425307],[-68.3940923,-10.7479403]]]}},{"type":"Feature","id":"AC-Y203-X738","properties":{"id":"AC-Y203-X738","grid_x":738,"grid_y":203,"centroid":[-68.3818475,-10.7452114],"aggregation":"none","score_gradboost":0.8361213,"score_random_forest":0.7657816,"score_logistic_regression":0.6567995,"score_fuzzy_knn_k29":0.7285259},"geometry":{"type":"Polygon","coordinates":[[[-68.3859254,-10.7479242],[-68.3777585,-10.747908],[-68.3777696,-10.7424985],[-68.3859363,-10.7425147],[-68.3859254,-10.7479242]]]}},{"type":"Feature","id":"AC-Y203-X739","properties":{"id":"AC-Y203-X739","grid_x":739,"grid_y":203,"centroid":[-68.3736807,-10.745195],"aggregation":"none","score_gradboost":0.7679742,"score_random_forest":0.691638,"score_logistic_regression":0.5818239,"score_fuzzy_knn_k29":0.7314262},"geometry":{"type":"Polygon","coordinates":[[[-68.3777585,-10.747908],[-68.3695917,-10.7478915],[-68.3696029,-10.742482],[-68.3777696,-10.7424985],[-68.3777585,-10.747908]]]}},{"type":"Feature","id":"AC-Y203-X740","properties":{"id":"AC-Y203-X740","grid_x":740,"grid_y":203,"centroid":[-68.3655139,-10.7451785],"aggregation":"none","score_gradboost":0.9044064,"score_random_forest":0.8862267,"score_logistic_regression":0.7605065,"score_fuzzy_knn_k29":0.8619326},"geometry":{"type":"Polygon","coordinates":[[[-68.3695917,-10.7478915],[-68.3614249,-10.7478748],[-68.3614362,-10.7424653],[-68.3696029,-10.742482],[-68.3695917,-10.7478915]]]}},{"type":"Feature","id":"AC-Y203-X741","properties":{"id":"AC-Y203-X741","grid_x":741,"grid_y":203,"centroid":[-68.3573472,-10.7451617],"aggregation":"none","score_gradboost":0.9252668,"score_random_forest":0.8634059,"score_logistic_regression":0.6969353,"score_fuzzy_knn_k29":0.8606269},"geometry":{"type":"Polygon","coordinates":[[[-68.3614249,-10.7478748],[-68.353258,-10.747858],[-68.3532696,-10.7424485],[-68.3614362,-10.7424653],[-68.3614249,-10.7478748]]]}},{"type":"Feature","id":"AC-Y203-X742","properties":{"id":"AC-Y203-X742","grid_x":742,"grid_y":203,"centroid":[-68.3491804,-10.7451447],"aggregation":"none","score_gradboost":0.93601,"score_random_forest":0.8852755,"score_logistic_regression":0.7637288,"score_fuzzy_knn_k29":0.8287502},"geometry":{"type":"Polygon","coordinates":[[[-68.353258,-10.747858],[-68.3450912,-10.7478408],[-68.3451029,-10.7424314],[-68.3532696,-10.7424485],[-68.353258,-10.747858]]]}},{"type":"Feature","id":"AC-Y203-X743","properties":{"id":"AC-Y203-X743","grid_x":743,"grid_y":203,"centroid":[-68.3410137,-10.7451275],"aggregation":"none","score_gradboost":0.8434143,"score_random_forest":0.7730849,"score_logistic_regression":0.6518925,"score_fuzzy_knn_k29":0.7351805},"geometry":{"type":"Polygon","coordinates":[[[-68.3450912,-10.7478408],[-68.3369245,-10.7478235],[-68.3369363,-10.742414],[-68.3451029,-10.7424314],[-68.3450912,-10.7478408]]]}},{"type":"Feature","id":"AC-Y203-X744","properties":{"id":"AC-Y203-X744","grid_x":744,"grid_y":203,"centroid":[-68.332847,-10.74511],"aggregation":"none","score_gradboost":0.8069752,"score_random_forest":0.8515052,"score_logistic_regression":0.5758055,"score_fuzzy_knn_k29":0.9505643},"geometry":{"type":"Polygon","coordinates":[[[-68.3369244,-10.7478235],[-68.3287577,-10.747806],[-68.3287696,-10.7423965],[-68.3369363,-10.742414],[-68.3369244,-10.7478235]]]}},{"type":"Feature","id":"AC-Y203-X745","properties":{"id":"AC-Y203-X745","grid_x":745,"grid_y":203,"centroid":[-68.3246803,-10.7450924],"aggregation":"none","score_gradboost":0.7813569,"score_random_forest":0.6845188,"score_logistic_regression":0.5306685,"score_fuzzy_knn_k29":0.7708854},"geometry":{"type":"Polygon","coordinates":[[[-68.3287577,-10.747806],[-68.3205909,-10.7477882],[-68.320603,-10.7423788],[-68.3287696,-10.7423965],[-68.3287577,-10.747806]]]}},{"type":"Feature","id":"AC-Y203-X746","properties":{"id":"AC-Y203-X746","grid_x":746,"grid_y":203,"centroid":[-68.3165136,-10.7450746],"aggregation":"none","score_gradboost":0.772835,"score_random_forest":0.6495042,"score_logistic_regression":0.5356848,"score_fuzzy_knn_k29":0.7716247},"geometry":{"type":"Polygon","coordinates":[[[-68.3205909,-10.7477882],[-68.3124242,-10.7477703],[-68.3124364,-10.7423608],[-68.320603,-10.7423788],[-68.3205909,-10.7477882]]]}},{"type":"Feature","id":"AC-Y203-X747","properties":{"id":"AC-Y203-X747","grid_x":747,"grid_y":203,"centroid":[-68.308347,-10.7450565],"aggregation":"none","score_gradboost":0.6844214,"score_random_forest":0.7066286,"score_logistic_regression":0.5449499,"score_fuzzy_knn_k29":0.82924},"geometry":{"type":"Polygon","coordinates":[[[-68.3124242,-10.7477703],[-68.3042574,-10.7477521],[-68.3042698,-10.7423426],[-68.3124364,-10.7423608],[-68.3124242,-10.7477703]]]}},{"type":"Feature","id":"AC-Y204-X737","properties":{"id":"AC-Y204-X737","grid_x":737,"grid_y":204,"centroid":[-68.3900251,-10.739818],"aggregation":"none","score_gradboost":0.5981476,"score_random_forest":0.5644439,"score_logistic_regression":0.7065482,"score_fuzzy_knn_k29":0.4457727},"geometry":{"type":"Polygon","coordinates":[[[-68.394103,-10.7425307],[-68.3859363,-10.7425147],[-68.3859472,-10.7371052],[-68.3941138,-10.7371212],[-68.394103,-10.7425307]]]}},{"type":"Feature","id":"AC-Y204-X738","properties":{"id":"AC-Y204-X738","grid_x":738,"grid_y":204,"centroid":[-68.3818585,-10.7398019],"aggregation":"none","score_gradboost":0.6441738,"score_random_forest":0.6396816,"score_logistic_regression":0.5204098,"score_fuzzy_knn_k29":0.4954271},"geometry":{"type":"Polygon","coordinates":[[[-68.3859363,-10.7425147],[-68.3777696,-10.7424985],[-68.3777807,-10.7370889],[-68.3859472,-10.7371052],[-68.3859363,-10.7425147]]]}},{"type":"Feature","id":"AC-Y204-X739","properties":{"id":"AC-Y204-X739","grid_x":739,"grid_y":204,"centroid":[-68.3736918,-10.7397855],"aggregation":"none","score_gradboost":0.7901185,"score_random_forest":0.7053555,"score_logistic_regression":0.5724856,"score_fuzzy_knn_k29":0.6061422},"geometry":{"type":"Polygon","coordinates":[[[-68.3777696,-10.7424985],[-68.3696029,-10.742482],[-68.3696141,-10.7370725],[-68.3777807,-10.7370889],[-68.3777696,-10.7424985]]]}},{"type":"Feature","id":"AC-Y204-X740","properties":{"id":"AC-Y204-X740","grid_x":740,"grid_y":204,"centroid":[-68.3655252,-10.739769],"aggregation":"none","score_gradboost":0.8484578,"score_random_forest":0.885944,"score_logistic_regression":0.7884688,"score_fuzzy_knn_k29":0.8254478},"geometry":{"type":"Polygon","coordinates":[[[-68.3696029,-10.742482],[-68.3614362,-10.7424653],[-68.3614476,-10.7370558],[-68.3696141,-10.7370725],[-68.3696029,-10.742482]]]}},{"type":"Feature","id":"AC-Y204-X741","properties":{"id":"AC-Y204-X741","grid_x":741,"grid_y":204,"centroid":[-68.3573586,-10.7397522],"aggregation":"none","score_gradboost":0.7961971,"score_random_forest":0.8531858,"score_logistic_regression":0.7128322,"score_fuzzy_knn_k29":0.8487168},"geometry":{"type":"Polygon","coordinates":[[[-68.3614362,-10.7424653],[-68.3532696,-10.7424485],[-68.3532811,-10.737039],[-68.3614476,-10.7370558],[-68.3614362,-10.7424653]]]}},{"type":"Feature","id":"AC-Y204-X742","properties":{"id":"AC-Y204-X742","grid_x":742,"grid_y":204,"centroid":[-68.349192,-10.7397352],"aggregation":"none","score_gradboost":0.8105572,"score_random_forest":0.8369606,"score_logistic_regression":0.7531829,"score_fuzzy_knn_k29":0.7779},"geometry":{"type":"Polygon","coordinates":[[[-68.3532696,-10.7424485],[-68.3451029,-10.7424314],[-68.3451145,-10.7370219],[-68.3532811,-10.737039],[-68.3532696,-10.7424485]]]}},{"type":"Feature","id":"AC-Y204-X743","properties":{"id":"AC-Y204-X743","grid_x":743,"grid_y":204,"centroid":[-68.3410254,-10.739718],"aggregation":"none","score_gradboost":0.7461117,"score_random_forest":0.840354,"score_logistic_regression":0.7884767,"score_fuzzy_knn_k29":0.7565345},"geometry":{"type":"Polygon","coordinates":[[[-68.3451029,-10.7424314],[-68.3369363,-10.742414],[-68.3369481,-10.7370046],[-68.3451145,-10.7370219],[-68.3451029,-10.7424314]]]}},{"type":"Feature","id":"AC-Y204-X744","properties":{"id":"AC-Y204-X744","grid_x":744,"grid_y":204,"centroid":[-68.3328589,-10.7397006],"aggregation":"none","score_gradboost":0.7557445,"score_random_forest":0.7240715,"score_logistic_regression":0.6389464,"score_fuzzy_knn_k29":0.7218518},"geometry":{"type":"Polygon","coordinates":[[[-68.3369363,-10.742414],[-68.3287696,-10.7423965],[-68.3287816,-10.7369871],[-68.3369481,-10.7370046],[-68.3369363,-10.742414]]]}},{"type":"Feature","id":"AC-Y204-X745","properties":{"id":"AC-Y204-X745","grid_x":745,"grid_y":204,"centroid":[-68.3246923,-10.7396829],"aggregation":"none","score_gradboost":0.8088739,"score_random_forest":0.7259943,"score_logistic_regression":0.5344737,"score_fuzzy_knn_k29":0.7903381},"geometry":{"type":"Polygon","coordinates":[[[-68.3287696,-10.7423965],[-68.320603,-10.7423788],[-68.3206151,-10.7369693],[-68.3287816,-10.7369871],[-68.3287696,-10.7423965]]]}},{"type":"Feature","id":"AC-Y204-X746","properties":{"id":"AC-Y204-X746","grid_x":746,"grid_y":204,"centroid":[-68.3165258,-10.7396651],"aggregation":"none","score_gradboost":0.8005268,"score_random_forest":0.7912127,"score_logistic_regression":0.5795508,"score_fuzzy_knn_k29":0.8160871},"geometry":{"type":"Polygon","coordinates":[[[-68.320603,-10.7423788],[-68.3124364,-10.7423608],[-68.3124486,-10.7369514],[-68.3206151,-10.7369693],[-68.320603,-10.7423788]]]}},{"type":"Feature","id":"AC-Y204-X747","properties":{"id":"AC-Y204-X747","grid_x":747,"grid_y":204,"centroid":[-68.3083593,-10.739647],"aggregation":"none","score_gradboost":0.742637,"score_random_forest":0.6455886,"score_logistic_regression":0.5557983,"score_fuzzy_knn_k29":0.8015154},"geometry":{"type":"Polygon","coordinates":[[[-68.3124364,-10.7423608],[-68.3042698,-10.7423426],[-68.3042822,-10.7369332],[-68.3124486,-10.7369514],[-68.3124364,-10.7423608]]]}},{"type":"Feature","id":"AC-Y205-X737","properties":{"id":"AC-Y205-X737","grid_x":737,"grid_y":205,"centroid":[-68.390036,-10.7344084],"aggregation":"none","score_gradboost":0.653536,"score_random_forest":0.6742011,"score_logistic_regression":0.732439,"score_fuzzy_knn_k29":0.4744257},"geometry":{"type":"Polygon","coordinates":[[[-68.3941138,-10.7371212],[-68.3859472,-10.7371052],[-68.3859582,-10.7316956],[-68.3941246,-10.7317117],[-68.3941138,-10.7371212]]]}},{"type":"Feature","id":"AC-Y205-X738","properties":{"id":"AC-Y205-X738","grid_x":738,"grid_y":205,"centroid":[-68.3818695,-10.7343923],"aggregation":"none","score_gradboost":0.6103976,"score_random_forest":0.6520091,"score_logistic_regression":0.4886405,"score_fuzzy_knn_k29":0.4289167},"geometry":{"type":"Polygon","coordinates":[[[-68.3859472,-10.7371052],[-68.3777807,-10.7370889],[-68.3777917,-10.7316794],[-68.3859582,-10.7316956],[-68.3859472,-10.7371052]]]}},{"type":"Feature","id":"AC-Y205-X739","properties":{"id":"AC-Y205-X739","grid_x":739,"grid_y":205,"centroid":[-68.373703,-10.734376],"aggregation":"none","score_gradboost":0.7359923,"score_random_forest":0.6604994,"score_logistic_regression":0.532725,"score_fuzzy_knn_k29":0.3903317},"geometry":{"type":"Polygon","coordinates":[[[-68.3777807,-10.7370889],[-68.3696141,-10.7370725],[-68.3696253,-10.731663],[-68.3777917,-10.7316794],[-68.3777807,-10.7370889]]]}},{"type":"Feature","id":"AC-Y205-X740","properties":{"id":"AC-Y205-X740","grid_x":740,"grid_y":205,"centroid":[-68.3655365,-10.7343594],"aggregation":"none","score_gradboost":0.8525035,"score_random_forest":0.8845608,"score_logistic_regression":0.7546125,"score_fuzzy_knn_k29":0.874216},"geometry":{"type":"Polygon","coordinates":[[[-68.3696141,-10.7370725],[-68.3614476,-10.7370558],[-68.3614589,-10.7316463],[-68.3696253,-10.731663],[-68.3696141,-10.7370725]]]}},{"type":"Feature","id":"AC-Y205-X741","properties":{"id":"AC-Y205-X741","grid_x":741,"grid_y":205,"centroid":[-68.35737,-10.7343427],"aggregation":"none","score_gradboost":0.9117258,"score_random_forest":0.8644011,"score_logistic_regression":0.7081811,"score_fuzzy_knn_k29":0.7824657},"geometry":{"type":"Polygon","coordinates":[[[-68.3614476,-10.7370558],[-68.3532811,-10.737039],[-68.3532926,-10.7316295],[-68.3614589,-10.7316463],[-68.3614476,-10.7370558]]]}},{"type":"Feature","id":"AC-Y205-X742","properties":{"id":"AC-Y205-X742","grid_x":742,"grid_y":205,"centroid":[-68.3492036,-10.7343257],"aggregation":"none","score_gradboost":0.9081051,"score_random_forest":0.9107991,"score_logistic_regression":0.7802537,"score_fuzzy_knn_k29":0.7866171},"geometry":{"type":"Polygon","coordinates":[[[-68.3532811,-10.737039],[-68.3451145,-10.7370219],[-68.3451262,-10.7316124],[-68.3532926,-10.7316295],[-68.3532811,-10.737039]]]}},{"type":"Feature","id":"AC-Y205-X743","properties":{"id":"AC-Y205-X743","grid_x":743,"grid_y":205,"centroid":[-68.3410372,-10.7343085],"aggregation":"none","score_gradboost":0.7418438,"score_random_forest":0.7755947,"score_logistic_regression":0.7294288,"score_fuzzy_knn_k29":0.7143136},"geometry":{"type":"Polygon","coordinates":[[[-68.3451145,-10.7370219],[-68.3369481,-10.7370046],[-68.3369598,-10.7315951],[-68.3451262,-10.7316124],[-68.3451145,-10.7370219]]]}},{"type":"Feature","id":"AC-Y205-X744","properties":{"id":"AC-Y205-X744","grid_x":744,"grid_y":205,"centroid":[-68.3328707,-10.7342911],"aggregation":"none","score_gradboost":0.7621144,"score_random_forest":0.7267126,"score_logistic_regression":0.6193167,"score_fuzzy_knn_k29":0.6901486},"geometry":{"type":"Polygon","coordinates":[[[-68.3369481,-10.7370046],[-68.3287816,-10.7369871],[-68.3287935,-10.7315776],[-68.3369598,-10.7315951],[-68.3369481,-10.7370046]]]}},{"type":"Feature","id":"AC-Y205-X745","properties":{"id":"AC-Y205-X745","grid_x":745,"grid_y":205,"centroid":[-68.3247043,-10.7342735],"aggregation":"none","score_gradboost":0.8400056,"score_random_forest":0.8480132,"score_logistic_regression":0.5992772,"score_fuzzy_knn_k29":0.8706775},"geometry":{"type":"Polygon","coordinates":[[[-68.3287816,-10.7369871],[-68.3206151,-10.7369693],[-68.3206272,-10.7315599],[-68.3287935,-10.7315776],[-68.3287816,-10.7369871]]]}},{"type":"Feature","id":"AC-Y205-X746","properties":{"id":"AC-Y205-X746","grid_x":746,"grid_y":205,"centroid":[-68.3165379,-10.7342556],"aggregation":"none","score_gradboost":0.5030855,"score_random_forest":0.5583376,"score_logistic_regression":0.496804,"score_fuzzy_knn_k29":0.7361336},"geometry":{"type":"Polygon","coordinates":[[[-68.3206151,-10.7369693],[-68.3124486,-10.7369514],[-68.3124609,-10.7315419],[-68.3206272,-10.7315599],[-68.3206151,-10.7369693]]]}},{"type":"Feature","id":"AC-Y206-X739","properties":{"id":"AC-Y206-X739","grid_x":739,"grid_y":206,"centroid":[-68.3737141,-10.7289665],"aggregation":"none","score_gradboost":0.7629698,"score_random_forest":0.7252087,"score_logistic_regression":0.6182931,"score_fuzzy_knn_k29":0.485986},"geometry":{"type":"Polygon","coordinates":[[[-68.3777917,-10.7316794],[-68.3696253,-10.731663],[-68.3696365,-10.7262535],[-68.3778028,-10.7262699],[-68.3777917,-10.7316794]]]}},{"type":"Feature","id":"AC-Y206-X740","properties":{"id":"AC-Y206-X740","grid_x":740,"grid_y":206,"centroid":[-68.3655478,-10.7289499],"aggregation":"none","score_gradboost":0.8360152,"score_random_forest":0.7726926,"score_logistic_regression":0.7173099,"score_fuzzy_knn_k29":0.6378362},"geometry":{"type":"Polygon","coordinates":[[[-68.3696253,-10.731663],[-68.3614589,-10.7316463],[-68.3614703,-10.7262368],[-68.3696365,-10.7262535],[-68.3696253,-10.731663]]]}},{"type":"Feature","id":"AC-Y206-X741","properties":{"id":"AC-Y206-X741","grid_x":741,"grid_y":206,"centroid":[-68.3573815,-10.7289332],"aggregation":"none","score_gradboost":0.7926232,"score_random_forest":0.789921,"score_logistic_regression":0.7838553,"score_fuzzy_knn_k29":0.8624299},"geometry":{"type":"Polygon","coordinates":[[[-68.3614589,-10.7316463],[-68.3532926,-10.7316295],[-68.3533041,-10.72622],[-68.3614703,-10.7262368],[-68.3614589,-10.7316463]]]}},{"type":"Feature","id":"AC-Y206-X742","properties":{"id":"AC-Y206-X742","grid_x":742,"grid_y":206,"centroid":[-68.3492152,-10.7289162],"aggregation":"none","score_gradboost":0.6683661,"score_random_forest":0.6679804,"score_logistic_regression":0.7925371,"score_fuzzy_knn_k29":0.9073767},"geometry":{"type":"Polygon","coordinates":[[[-68.3532926,-10.7316295],[-68.3451262,-10.7316124],[-68.3451378,-10.7262029],[-68.3533041,-10.72622],[-68.3532926,-10.7316295]]]}},{"type":"Feature","id":"AC-Y206-X743","properties":{"id":"AC-Y206-X743","grid_x":743,"grid_y":206,"centroid":[-68.3410489,-10.728899],"aggregation":"none","score_gradboost":0.9180448,"score_random_forest":0.9413576,"score_logistic_regression":0.7491284,"score_fuzzy_knn_k29":0.8639565},"geometry":{"type":"Polygon","coordinates":[[[-68.3451262,-10.7316124],[-68.3369598,-10.7315951],[-68.3369716,-10.7261856],[-68.3451378,-10.7262029],[-68.3451262,-10.7316124]]]}},{"type":"Feature","id":"AC-Y206-X744","properties":{"id":"AC-Y206-X744","grid_x":744,"grid_y":206,"centroid":[-68.3328826,-10.7288816],"aggregation":"none","score_gradboost":0.7629612,"score_random_forest":0.6574261,"score_logistic_regression":0.5316296,"score_fuzzy_knn_k29":0.1975848},"geometry":{"type":"Polygon","coordinates":[[[-68.3369598,-10.7315951],[-68.3287935,-10.7315776],[-68.3288054,-10.7261681],[-68.3369716,-10.7261856],[-68.3369598,-10.7315951]]]}},{"type":"Feature","id":"AC-Y206-X745","properties":{"id":"AC-Y206-X745","grid_x":745,"grid_y":206,"centroid":[-68.3247163,-10.728864],"aggregation":"none","score_gradboost":0.7579278,"score_random_forest":0.7778637,"score_logistic_regression":0.5590851,"score_fuzzy_knn_k29":0.7243278},"geometry":{"type":"Polygon","coordinates":[[[-68.3287935,-10.7315776],[-68.3206272,-10.7315599],[-68.3206393,-10.7261504],[-68.3288054,-10.7261681],[-68.3287935,-10.7315776]]]}},{"type":"Feature","id":"AC-Y206-X746","properties":{"id":"AC-Y206-X746","grid_x":746,"grid_y":206,"centroid":[-68.3165501,-10.7288462],"aggregation":"none","score_gradboost":0.6288121,"score_random_forest":0.5539052,"score_logistic_regression":0.5528177,"score_fuzzy_knn_k29":0.8340568},"geometry":{"type":"Polygon","coordinates":[[[-68.3206272,-10.7315599],[-68.3124609,-10.7315419],[-68.3124731,-10.7261325],[-68.3206393,-10.7261504],[-68.3206272,-10.7315599]]]}},{"type":"Feature","id":"AC-Y207-X737","properties":{"id":"AC-Y207-X737","grid_x":737,"grid_y":207,"centroid":[-68.3900576,-10.7235894],"aggregation":"none","score_gradboost":0.7851409,"score_random_forest":0.8125284,"score_logistic_regression":0.7670956,"score_fuzzy_knn_k29":0.8135318},"geometry":{"type":"Polygon","coordinates":[[[-68.3941354,-10.7263021],[-68.3859691,-10.7262861],[-68.38598,-10.7208766],[-68.3941461,-10.7208926],[-68.3941354,-10.7263021]]]}},{"type":"Feature","id":"AC-Y207-X740","properties":{"id":"AC-Y207-X740","grid_x":740,"grid_y":207,"centroid":[-68.365559,-10.7235404],"aggregation":"none","score_gradboost":0.8270245,"score_random_forest":0.7096769,"score_logistic_regression":0.7944305,"score_fuzzy_knn_k29":0.9088913},"geometry":{"type":"Polygon","coordinates":[[[-68.3696365,-10.7262535],[-68.3614703,-10.7262368],[-68.3614816,-10.7208273],[-68.3696477,-10.720844],[-68.3696365,-10.7262535]]]}},{"type":"Feature","id":"AC-Y207-X741","properties":{"id":"AC-Y207-X741","grid_x":741,"grid_y":207,"centroid":[-68.3573929,-10.7235237],"aggregation":"none","score_gradboost":0.7892097,"score_random_forest":0.6920501,"score_logistic_regression":0.7989213,"score_fuzzy_knn_k29":0.9264748},"geometry":{"type":"Polygon","coordinates":[[[-68.3614703,-10.7262368],[-68.3533041,-10.72622],[-68.3533155,-10.7208105],[-68.3614816,-10.7208273],[-68.3614703,-10.7262368]]]}},{"type":"Feature","id":"AC-Y207-X742","properties":{"id":"AC-Y207-X742","grid_x":742,"grid_y":207,"centroid":[-68.3492267,-10.7235067],"aggregation":"none","score_gradboost":0.7711156,"score_random_forest":0.6698495,"score_logistic_regression":0.8191718,"score_fuzzy_knn_k29":0.9471076},"geometry":{"type":"Polygon","coordinates":[[[-68.3533041,-10.72622],[-68.3451378,-10.7262029],[-68.3451495,-10.7207934],[-68.3533155,-10.7208105],[-68.3533041,-10.72622]]]}},{"type":"Feature","id":"AC-Y207-X743","properties":{"id":"AC-Y207-X743","grid_x":743,"grid_y":207,"centroid":[-68.3410606,-10.7234895],"aggregation":"none","score_gradboost":0.9163224,"score_random_forest":0.871262,"score_logistic_regression":0.7644147,"score_fuzzy_knn_k29":0.7539162},"geometry":{"type":"Polygon","coordinates":[[[-68.3451378,-10.7262029],[-68.3369716,-10.7261856],[-68.3369834,-10.7207761],[-68.3451495,-10.7207934],[-68.3451378,-10.7262029]]]}},{"type":"Feature","id":"AC-Y207-X744","properties":{"id":"AC-Y207-X744","grid_x":744,"grid_y":207,"centroid":[-68.3328945,-10.7234721],"aggregation":"none","score_gradboost":0.8384327,"score_random_forest":0.7549857,"score_logistic_regression":0.6493453,"score_fuzzy_knn_k29":0.5346262},"geometry":{"type":"Polygon","coordinates":[[[-68.3369716,-10.7261856],[-68.3288054,-10.7261681],[-68.3288174,-10.7207586],[-68.3369834,-10.7207761],[-68.3369716,-10.7261856]]]}},{"type":"Feature","id":"AC-Y207-X745","properties":{"id":"AC-Y207-X745","grid_x":745,"grid_y":207,"centroid":[-68.3247283,-10.7234545],"aggregation":"none","score_gradboost":0.7576255,"score_random_forest":0.6797836,"score_logistic_regression":0.5420864,"score_fuzzy_knn_k29":0.4816327},"geometry":{"type":"Polygon","coordinates":[[[-68.3288054,-10.7261681],[-68.3206393,-10.7261504],[-68.3206513,-10.7207409],[-68.3288174,-10.7207586],[-68.3288054,-10.7261681]]]}},{"type":"Feature","id":"AC-Y208-X737","properties":{"id":"AC-Y208-X737","grid_x":737,"grid_y":208,"centroid":[-68.3900685,-10.7181798],"aggregation":"none","score_gradboost":0.7776345,"score_random_forest":0.6852788,"score_logistic_regression":0.6504471,"score_fuzzy_knn_k29":0.696331},"geometry":{"type":"Polygon","coordinates":[[[-68.3941461,-10.7208926],[-68.38598,-10.7208766],[-68.3859909,-10.715467],[-68.3941569,-10.715483],[-68.3941461,-10.7208926]]]}},{"type":"Feature","id":"AC-Y208-X744","properties":{"id":"AC-Y208-X744","grid_x":744,"grid_y":208,"centroid":[-68.3329063,-10.7180627],"aggregation":"none","score_gradboost":0.5734281,"score_random_forest":0.6043159,"score_logistic_regression":0.5141157,"score_fuzzy_knn_k29":0.4964204},"geometry":{"type":"Polygon","coordinates":[[[-68.3369834,-10.7207761],[-68.3288174,-10.7207586],[-68.3288293,-10.7153492],[-68.3369952,-10.7153666],[-68.3369834,-10.7207761]]]}},{"type":"Feature","id":"AC-Y209-X737","properties":{"id":"AC-Y209-X737","grid_x":737,"grid_y":209,"centroid":[-68.3900793,-10.7127703],"aggregation":"none","score_gradboost":0.8650511,"score_random_forest":0.7584599,"score_logistic_regression":0.5677811,"score_fuzzy_knn_k29":0.5366221},"geometry":{"type":"Polygon","coordinates":[[[-68.3941569,-10.715483],[-68.3859909,-10.715467],[-68.3860018,-10.7100575],[-68.3941676,-10.7100735],[-68.3941569,-10.715483]]]}},{"type":"Feature","id":"AC-Y209-X744","properties":{"id":"AC-Y209-X744","grid_x":744,"grid_y":209,"centroid":[-68.3329181,-10.7126532],"aggregation":"none","score_gradboost":0.7957084,"score_random_forest":0.7514101,"score_logistic_regression":0.6229465,"score_fuzzy_knn_k29":0.5319685},"geometry":{"type":"Polygon","coordinates":[[[-68.3369952,-10.7153666],[-68.3288293,-10.7153492],[-68.3288412,-10.7099397],[-68.3370069,-10.7099572],[-68.3369952,-10.7153666]]]}},{"type":"Feature","id":"AC-Y209-X745","properties":{"id":"AC-Y209-X745","grid_x":745,"grid_y":209,"centroid":[-68.3247523,-10.7126356],"aggregation":"none","score_gradboost":0.813471,"score_random_forest":0.6945352,"score_logistic_regression":0.5372974,"score_fuzzy_knn_k29":0.5447357},"geometry":{"type":"Polygon","coordinates":[[[-68.3288293,-10.7153492],[-68.3206634,-10.7153315],[-68.3206754,-10.709922],[-68.3288412,-10.7099397],[-68.3288293,-10.7153492]]]}},{"type":"Feature","id":"AC-Y209-X746","properties":{"id":"AC-Y209-X746","grid_x":746,"grid_y":209,"centroid":[-68.3165865,-10.7126178],"aggregation":"none","score_gradboost":0.6961961,"score_random_forest":0.7028576,"score_logistic_regression":0.6068488,"score_fuzzy_knn_k29":0.5058416},"geometry":{"type":"Polygon","coordinates":[[[-68.3206634,-10.7153315],[-68.3124975,-10.7153136],[-68.3125097,-10.7099041],[-68.3206754,-10.709922],[-68.3206634,-10.7153315]]]}},{"type":"Feature","id":"AC-Y209-X753","properties":{"id":"AC-Y209-X753","grid_x":753,"grid_y":209,"centroid":[-68.2594263,-10.7124872],"aggregation":"none","score_gradboost":0.8044788,"score_random_forest":0.7432049,"score_logistic_regression":0.7310097,"score_fuzzy_knn_k29":0.8836129},"geometry":{"type":"Polygon","coordinates":[[[-68.2635026,-10.7152016],[-68.2553368,-10.7151822],[-68.25535,-10.7097728],[-68.2635156,-10.7097922],[-68.2635026,-10.7152016]]]}},{"type":"Feature","id":"AC-Y210-X744","properties":{"id":"AC-Y210-X744","grid_x":744,"grid_y":210,"centroid":[-68.33293,-10.7072437],"aggregation":"none","score_gradboost":0.6946271,"score_random_forest":0.6531985,"score_logistic_regression":0.7116235,"score_fuzzy_knn_k29":0.4236276},"geometry":{"type":"Polygon","coordinates":[[[-68.3370069,-10.7099572],[-68.3288412,-10.7099397],[-68.3288531,-10.7045302],[-68.3370187,-10.7045477],[-68.3370069,-10.7099572]]]}},{"type":"Feature","id":"AC-Y210-X745","properties":{"id":"AC-Y210-X745","grid_x":745,"grid_y":210,"centroid":[-68.3247643,-10.7072261],"aggregation":"none","score_gradboost":0.8279511,"score_random_forest":0.8156756,"score_logistic_regression":0.6837507,"score_fuzzy_knn_k29":0.3871346},"geometry":{"type":"Polygon","coordinates":[[[-68.3288412,-10.7099397],[-68.3206754,-10.709922],[-68.3206875,-10.7045125],[-68.3288531,-10.7045302],[-68.3288412,-10.7099397]]]}},{"type":"Feature","id":"AC-Y210-X746","properties":{"id":"AC-Y210-X746","grid_x":746,"grid_y":210,"centroid":[-68.3165986,-10.7072083],"aggregation":"none","score_gradboost":0.8914887,"score_random_forest":0.7758941,"score_logistic_regression":0.6666622,"score_fuzzy_knn_k29":0.5166947},"geometry":{"type":"Polygon","coordinates":[[[-68.3206754,-10.709922],[-68.3125097,-10.7099041],[-68.3125219,-10.7044946],[-68.3206875,-10.7045125],[-68.3206754,-10.709922]]]}},{"type":"Feature","id":"AC-Y210-X752","properties":{"id":"AC-Y210-X752","grid_x":752,"grid_y":210,"centroid":[-68.267605,-10.7070971],"aggregation":"none","score_gradboost":0.8786914,"score_random_forest":0.8706782,"score_logistic_regression":0.8057024,"score_fuzzy_knn_k29":0.9436017},"geometry":{"type":"Polygon","coordinates":[[[-68.2716813,-10.7098114],[-68.2635156,-10.7097922],[-68.2635287,-10.7043828],[-68.2716942,-10.704402],[-68.2716813,-10.7098114]]]}},{"type":"Feature","id":"AC-Y210-X753","properties":{"id":"AC-Y210-X753","grid_x":753,"grid_y":210,"centroid":[-68.2594394,-10.7070778],"aggregation":"none","score_gradboost":0.8525783,"score_random_forest":0.8472976,"score_logistic_regression":0.8302862,"score_fuzzy_knn_k29":0.9600353},"geometry":{"type":"Polygon","coordinates":[[[-68.2635156,-10.7097922],[-68.25535,-10.7097728],[-68.2553632,-10.7043634],[-68.2635287,-10.7043828],[-68.2635156,-10.7097922]]]}},{"type":"Feature","id":"AC-Y210-X754","properties":{"id":"AC-Y210-X754","grid_x":754,"grid_y":210,"centroid":[-68.2512739,-10.7070583],"aggregation":"none","score_gradboost":0.7928575,"score_random_forest":0.7564014,"score_logistic_regression":0.7179744,"score_fuzzy_knn_k29":0.4957891},"geometry":{"type":"Polygon","coordinates":[[[-68.25535,-10.7097728],[-68.2471844,-10.7097532],[-68.2471978,-10.7043438],[-68.2553632,-10.7043634],[-68.25535,-10.7097728]]]}},{"type":"Feature","id":"AC-Y211-X744","properties":{"id":"AC-Y211-X744","grid_x":744,"grid_y":211,"centroid":[-68.3329418,-10.7018342],"aggregation":"none","score_gradboost":0.7260608,"score_random_forest":0.7541956,"score_logistic_regression":0.7875347,"score_fuzzy_knn_k29":0.9025591},"geometry":{"type":"Polygon","coordinates":[[[-68.3370187,-10.7045477],[-68.3288531,-10.7045302],[-68.328865,-10.6991207],[-68.3370305,-10.6991382],[-68.3370187,-10.7045477]]]}},{"type":"Feature","id":"AC-Y211-X745","properties":{"id":"AC-Y211-X745","grid_x":745,"grid_y":211,"centroid":[-68.3247763,-10.7018167],"aggregation":"none","score_gradboost":0.6184658,"score_random_forest":0.6698359,"score_logistic_regression":0.6866512,"score_fuzzy_knn_k29":0.3787505},"geometry":{"type":"Polygon","coordinates":[[[-68.3288531,-10.7045302],[-68.3206875,-10.7045125],[-68.3206995,-10.6991031],[-68.328865,-10.6991207],[-68.3288531,-10.7045302]]]}},{"type":"Feature","id":"AC-Y211-X746","properties":{"id":"AC-Y211-X746","grid_x":746,"grid_y":211,"centroid":[-68.3166108,-10.7017989],"aggregation":"none","score_gradboost":0.807096,"score_random_forest":0.7946752,"score_logistic_regression":0.7007725,"score_fuzzy_knn_k29":0.4895352},"geometry":{"type":"Polygon","coordinates":[[[-68.3206875,-10.7045125],[-68.3125219,-10.7044946],[-68.3125341,-10.6990852],[-68.3206995,-10.6991031],[-68.3206875,-10.7045125]]]}},{"type":"Feature","id":"AC-Y211-X747","properties":{"id":"AC-Y211-X747","grid_x":747,"grid_y":211,"centroid":[-68.3084452,-10.7017809],"aggregation":"none","score_gradboost":0.8785794,"score_random_forest":0.7790227,"score_logistic_regression":0.5748432,"score_fuzzy_knn_k29":0.5461595},"geometry":{"type":"Polygon","coordinates":[[[-68.3125219,-10.7044946],[-68.3043563,-10.7044765],[-68.3043687,-10.6990671],[-68.3125341,-10.6990852],[-68.3125219,-10.7044946]]]}},{"type":"Feature","id":"AC-Y211-X752","properties":{"id":"AC-Y211-X752","grid_x":752,"grid_y":211,"centroid":[-68.2676179,-10.7016877],"aggregation":"none","score_gradboost":0.7320217,"score_random_forest":0.5718919,"score_logistic_regression":0.8201682,"score_fuzzy_knn_k29":0.9456021},"geometry":{"type":"Polygon","coordinates":[[[-68.2716942,-10.704402],[-68.2635287,-10.7043828],[-68.2635418,-10.6989734],[-68.2717071,-10.6989926],[-68.2716942,-10.704402]]]}},{"type":"Feature","id":"AC-Y211-X753","properties":{"id":"AC-Y211-X753","grid_x":753,"grid_y":211,"centroid":[-68.2594525,-10.7016684],"aggregation":"none","score_gradboost":0.8274682,"score_random_forest":0.7955728,"score_logistic_regression":0.8467409,"score_fuzzy_knn_k29":0.7975895},"geometry":{"type":"Polygon","coordinates":[[[-68.2635287,-10.7043828],[-68.2553632,-10.7043634],[-68.2553764,-10.698954],[-68.2635418,-10.6989734],[-68.2635287,-10.7043828]]]}},{"type":"Feature","id":"AC-Y212-X744","properties":{"id":"AC-Y212-X744","grid_x":744,"grid_y":212,"centroid":[-68.3329536,-10.6964247],"aggregation":"none","score_gradboost":0.6848725,"score_random_forest":0.7662695,"score_logistic_regression":0.7640472,"score_fuzzy_knn_k29":0.720448},"geometry":{"type":"Polygon","coordinates":[[[-68.3370305,-10.6991382],[-68.328865,-10.6991207],[-68.3288769,-10.6937112],[-68.3370422,-10.6937287],[-68.3370305,-10.6991382]]]}},{"type":"Feature","id":"AC-Y212-X745","properties":{"id":"AC-Y212-X745","grid_x":745,"grid_y":212,"centroid":[-68.3247882,-10.6964072],"aggregation":"none","score_gradboost":0.5786931,"score_random_forest":0.59976,"score_logistic_regression":0.7349464,"score_fuzzy_knn_k29":0.4782454},"geometry":{"type":"Polygon","coordinates":[[[-68.328865,-10.6991207],[-68.3206995,-10.6991031],[-68.3207116,-10.6936936],[-68.3288769,-10.6937112],[-68.328865,-10.6991207]]]}},{"type":"Feature","id":"AC-Y212-X746","properties":{"id":"AC-Y212-X746","grid_x":746,"grid_y":212,"centroid":[-68.3166229,-10.6963894],"aggregation":"none","score_gradboost":0.6310141,"score_random_forest":0.7032904,"score_logistic_regression":0.7642319,"score_fuzzy_knn_k29":0.646425},"geometry":{"type":"Polygon","coordinates":[[[-68.3206995,-10.6991031],[-68.3125341,-10.6990852],[-68.3125463,-10.6936757],[-68.3207116,-10.6936936],[-68.3206995,-10.6991031]]]}},{"type":"Feature","id":"AC-Y213-X742","properties":{"id":"AC-Y213-X742","grid_x":742,"grid_y":213,"centroid":[-68.349296,-10.6910497],"aggregation":"none","score_gradboost":0.8610188,"score_random_forest":0.8467006,"score_logistic_regression":0.7358348,"score_fuzzy_knn_k29":0.7625848},"geometry":{"type":"Polygon","coordinates":[[[-68.3533729,-10.6937629],[-68.3452075,-10.6937459],[-68.3452191,-10.6883364],[-68.3533843,-10.6883534],[-68.3533729,-10.6937629]]]}},{"type":"Feature","id":"AC-Y213-X744","properties":{"id":"AC-Y213-X744","grid_x":744,"grid_y":213,"centroid":[-68.3329654,-10.6910152],"aggregation":"none","score_gradboost":0.7817775,"score_random_forest":0.7795319,"score_logistic_regression":0.7957121,"score_fuzzy_knn_k29":0.8935598},"geometry":{"type":"Polygon","coordinates":[[[-68.3370422,-10.6937287],[-68.3288769,-10.6937112],[-68.3288888,-10.6883018],[-68.3370539,-10.6883192],[-68.3370422,-10.6937287]]]}},{"type":"Feature","id":"AC-Y213-X745","properties":{"id":"AC-Y213-X745","grid_x":745,"grid_y":213,"centroid":[-68.3248002,-10.6909977],"aggregation":"none","score_gradboost":0.6169927,"score_random_forest":0.6648802,"score_logistic_regression":0.8066053,"score_fuzzy_knn_k29":0.9270566},"geometry":{"type":"Polygon","coordinates":[[[-68.3288769,-10.6937112],[-68.3207116,-10.6936936],[-68.3207236,-10.6882841],[-68.3288888,-10.6883018],[-68.3288769,-10.6937112]]]}},{"type":"Feature","id":"AC-Y213-X746","properties":{"id":"AC-Y213-X746","grid_x":746,"grid_y":213,"centroid":[-68.316635,-10.6909799],"aggregation":"none","score_gradboost":0.7210596,"score_random_forest":0.8054373,"score_logistic_regression":0.7598621,"score_fuzzy_knn_k29":0.7282076},"geometry":{"type":"Polygon","coordinates":[[[-68.3207116,-10.6936936],[-68.3125463,-10.6936757],[-68.3125584,-10.6882662],[-68.3207236,-10.6882841],[-68.3207116,-10.6936936]]]}},{"type":"Feature","id":"AC-Y214-X742","properties":{"id":"AC-Y214-X742","grid_x":742,"grid_y":214,"centroid":[-68.3493075,-10.6856402],"aggregation":"none","score_gradboost":0.9262584,"score_random_forest":0.8804814,"score_logistic_regression":0.7660954,"score_fuzzy_knn_k29":0.8931988},"geometry":{"type":"Polygon","coordinates":[[[-68.3533843,-10.6883534],[-68.3452191,-10.6883364],[-68.3452307,-10.6829269],[-68.3533958,-10.6829439],[-68.3533843,-10.6883534]]]}},{"type":"Feature","id":"AC-Y214-X744","properties":{"id":"AC-Y214-X744","grid_x":744,"grid_y":214,"centroid":[-68.3329773,-10.6856058],"aggregation":"none","score_gradboost":0.858386,"score_random_forest":0.7740613,"score_logistic_regression":0.7359938,"score_fuzzy_knn_k29":0.6219926},"geometry":{"type":"Polygon","coordinates":[[[-68.3370539,-10.6883192],[-68.3288888,-10.6883018],[-68.3289006,-10.6828923],[-68.3370657,-10.6829097],[-68.3370539,-10.6883192]]]}},{"type":"Feature","id":"AC-Y214-X745","properties":{"id":"AC-Y214-X745","grid_x":745,"grid_y":214,"centroid":[-68.3248122,-10.6855882],"aggregation":"none","score_gradboost":0.7068885,"score_random_forest":0.6063561,"score_logistic_regression":0.7684145,"score_fuzzy_knn_k29":0.6586885},"geometry":{"type":"Polygon","coordinates":[[[-68.3288888,-10.6883018],[-68.3207236,-10.6882841],[-68.3207356,-10.6828746],[-68.3289006,-10.6828923],[-68.3288888,-10.6883018]]]}},{"type":"Feature","id":"AC-Y215-X741","properties":{"id":"AC-Y215-X741","grid_x":741,"grid_y":215,"centroid":[-68.357484,-10.6802476],"aggregation":"none","score_gradboost":0.8642737,"score_random_forest":0.8536715,"score_logistic_regression":0.7219597,"score_fuzzy_knn_k29":0.9310174},"geometry":{"type":"Polygon","coordinates":[[[-68.3615609,-10.6829607],[-68.3533958,-10.6829439],[-68.3534072,-10.6775344],[-68.3615722,-10.6775512],[-68.3615609,-10.6829607]]]}},{"type":"Feature","id":"AC-Y215-X742","properties":{"id":"AC-Y215-X742","grid_x":742,"grid_y":215,"centroid":[-68.349319,-10.6802307],"aggregation":"none","score_gradboost":0.9113346,"score_random_forest":0.8116323,"score_logistic_regression":0.7069327,"score_fuzzy_knn_k29":0.8218611},"geometry":{"type":"Polygon","coordinates":[[[-68.3533958,-10.6829439],[-68.3452307,-10.6829269],[-68.3452423,-10.6775174],[-68.3534072,-10.6775344],[-68.3533958,-10.6829439]]]}},{"type":"Feature","id":"AC-Y215-X744","properties":{"id":"AC-Y215-X744","grid_x":744,"grid_y":215,"centroid":[-68.3329891,-10.6801963],"aggregation":"none","score_gradboost":0.7713451,"score_random_forest":0.6777082,"score_logistic_regression":0.7243153,"score_fuzzy_knn_k29":0.7577142},"geometry":{"type":"Polygon","coordinates":[[[-68.3370657,-10.6829097],[-68.3289006,-10.6828923],[-68.3289125,-10.6774828],[-68.3370774,-10.6775002],[-68.3370657,-10.6829097]]]}},{"type":"Feature","id":"AC-Y215-X745","properties":{"id":"AC-Y215-X745","grid_x":745,"grid_y":215,"centroid":[-68.3248241,-10.6801787],"aggregation":"none","score_gradboost":0.8852312,"score_random_forest":0.771652,"score_logistic_regression":0.73964,"score_fuzzy_knn_k29":0.2302546},"geometry":{"type":"Polygon","coordinates":[[[-68.3289006,-10.6828923],[-68.3207356,-10.6828746],[-68.3207476,-10.6774651],[-68.3289125,-10.6774828],[-68.3289006,-10.6828923]]]}},{"type":"Feature","id":"AC-Y216-X739","properties":{"id":"AC-Y216-X739","grid_x":739,"grid_y":216,"centroid":[-68.3738251,-10.6748712],"aggregation":"none","score_gradboost":0.8727843,"score_random_forest":0.9178443,"score_logistic_regression":0.7417994,"score_fuzzy_knn_k29":0.9244076},"geometry":{"type":"Polygon","coordinates":[[[-68.3779021,-10.6775841],[-68.3697371,-10.6775677],[-68.3697483,-10.6721582],[-68.3779131,-10.6721746],[-68.3779021,-10.6775841]]]}},{"type":"Feature","id":"AC-Y216-X740","properties":{"id":"AC-Y216-X740","grid_x":740,"grid_y":216,"centroid":[-68.3656602,-10.6748547],"aggregation":"none","score_gradboost":0.9119466,"score_random_forest":0.876584,"score_logistic_regression":0.6555564,"score_fuzzy_knn_k29":0.7736731},"geometry":{"type":"Polygon","coordinates":[[[-68.3697371,-10.6775677],[-68.3615722,-10.6775512],[-68.3615835,-10.6721417],[-68.3697483,-10.6721582],[-68.3697371,-10.6775677]]]}},{"type":"Feature","id":"AC-Y216-X741","properties":{"id":"AC-Y216-X741","grid_x":741,"grid_y":216,"centroid":[-68.3574954,-10.6748381],"aggregation":"none","score_gradboost":0.8565956,"score_random_forest":0.7662996,"score_logistic_regression":0.7188379,"score_fuzzy_knn_k29":0.6862095},"geometry":{"type":"Polygon","coordinates":[[[-68.3615722,-10.6775512],[-68.3534072,-10.6775344],[-68.3534187,-10.6721249],[-68.3615835,-10.6721417],[-68.3615722,-10.6775512]]]}},{"type":"Feature","id":"AC-Y216-X742","properties":{"id":"AC-Y216-X742","grid_x":742,"grid_y":216,"centroid":[-68.3493305,-10.6748212],"aggregation":"none","score_gradboost":0.751977,"score_random_forest":0.7811215,"score_logistic_regression":0.7246283,"score_fuzzy_knn_k29":0.9417647},"geometry":{"type":"Polygon","coordinates":[[[-68.3534072,-10.6775344],[-68.3452423,-10.6775174],[-68.3452539,-10.6721079],[-68.3534187,-10.6721249],[-68.3534072,-10.6775344]]]}},{"type":"Feature","id":"AC-Y216-X743","properties":{"id":"AC-Y216-X743","grid_x":743,"grid_y":216,"centroid":[-68.3411657,-10.6748041],"aggregation":"none","score_gradboost":0.8687008,"score_random_forest":0.7414597,"score_logistic_regression":0.7088956,"score_fuzzy_knn_k29":0.8472336},"geometry":{"type":"Polygon","coordinates":[[[-68.3452423,-10.6775174],[-68.3370774,-10.6775002],[-68.3370891,-10.6720907],[-68.3452539,-10.6721079],[-68.3452423,-10.6775174]]]}},{"type":"Feature","id":"AC-Y216-X744","properties":{"id":"AC-Y216-X744","grid_x":744,"grid_y":216,"centroid":[-68.3330009,-10.6747868],"aggregation":"none","score_gradboost":0.773875,"score_random_forest":0.7552205,"score_logistic_regression":0.7308378,"score_fuzzy_knn_k29":0.8992289},"geometry":{"type":"Polygon","coordinates":[[[-68.3370774,-10.6775002],[-68.3289125,-10.6774828],[-68.3289244,-10.6720733],[-68.3370891,-10.6720907],[-68.3370774,-10.6775002]]]}},{"type":"Feature","id":"AC-Y217-X741","properties":{"id":"AC-Y217-X741","grid_x":741,"grid_y":217,"centroid":[-68.3575067,-10.6694285],"aggregation":"none","score_gradboost":0.7767683,"score_random_forest":0.8300967,"score_logistic_regression":0.7923857,"score_fuzzy_knn_k29":0.9717884},"geometry":{"type":"Polygon","coordinates":[[[-68.3615835,-10.6721417],[-68.3534187,-10.6721249],[-68.3534301,-10.6667154],[-68.3615947,-10.6667321],[-68.3615835,-10.6721417]]]}},{"type":"Feature","id":"AC-Y217-X742","properties":{"id":"AC-Y217-X742","grid_x":742,"grid_y":217,"centroid":[-68.349342,-10.6694117],"aggregation":"none","score_gradboost":0.897115,"score_random_forest":0.8716584,"score_logistic_regression":0.7150419,"score_fuzzy_knn_k29":0.8996564},"geometry":{"type":"Polygon","coordinates":[[[-68.3534187,-10.6721249],[-68.3452539,-10.6721079],[-68.3452655,-10.6666984],[-68.3534301,-10.6667154],[-68.3534187,-10.6721249]]]}},{"type":"Feature","id":"AC-Y217-X743","properties":{"id":"AC-Y217-X743","grid_x":743,"grid_y":217,"centroid":[-68.3411773,-10.6693946],"aggregation":"none","score_gradboost":0.831364,"score_random_forest":0.8188485,"score_logistic_regression":0.778428,"score_fuzzy_knn_k29":0.910141},"geometry":{"type":"Polygon","coordinates":[[[-68.3452539,-10.6721079],[-68.3370891,-10.6720907],[-68.3371008,-10.6666812],[-68.3452655,-10.6666984],[-68.3452539,-10.6721079]]]}},{"type":"Feature","id":"AC-Y217-X744","properties":{"id":"AC-Y217-X744","grid_x":744,"grid_y":217,"centroid":[-68.3330126,-10.6693773],"aggregation":"none","score_gradboost":0.9069011,"score_random_forest":0.8882408,"score_logistic_regression":0.7348583,"score_fuzzy_knn_k29":0.6853295},"geometry":{"type":"Polygon","coordinates":[[[-68.3370891,-10.6720907],[-68.3289244,-10.6720733],[-68.3289362,-10.6666638],[-68.3371008,-10.6666812],[-68.3370891,-10.6720907]]]}},{"type":"Feature","id":"AC-Y218-X743","properties":{"id":"AC-Y218-X743","grid_x":743,"grid_y":218,"centroid":[-68.341189,-10.6639851],"aggregation":"none","score_gradboost":0.9007232,"score_random_forest":0.8374159,"score_logistic_regression":0.6879593,"score_fuzzy_knn_k29":0.6330345},"geometry":{"type":"Polygon","coordinates":[[[-68.3452655,-10.6666984],[-68.3371008,-10.6666812],[-68.3371126,-10.6612717],[-68.345277,-10.6612889],[-68.3452655,-10.6666984]]]}},{"type":"Feature","id":"AC-Y218-X744","properties":{"id":"AC-Y218-X744","grid_x":744,"grid_y":218,"centroid":[-68.3330244,-10.6639678],"aggregation":"none","score_gradboost":0.8254064,"score_random_forest":0.8411854,"score_logistic_regression":0.7911864,"score_fuzzy_knn_k29":0.8611569},"geometry":{"type":"Polygon","coordinates":[[[-68.3371008,-10.6666812],[-68.3289362,-10.6666638],[-68.3289481,-10.6612543],[-68.3371126,-10.6612717],[-68.3371008,-10.6666812]]]}},{"type":"Feature","id":"AC-Y181-X759","properties":{"id":"AC-Y181-X759","grid_x":759,"grid_y":181,"centroid":[-68.2100371,-10.8638276],"aggregation":"none","score_gradboost":0.6468332,"score_random_forest":0.6500563,"score_logistic_regression":0.7105694,"score_fuzzy_knn_k29":0.7950014},"geometry":{"type":"Polygon","coordinates":[[[-68.2141149,-10.8665427],[-68.2059451,-10.8665217],[-68.2059594,-10.8611124],[-68.214129,-10.8611334],[-68.2141149,-10.8665427]]]}},{"type":"Feature","id":"AC-Y182-X759","properties":{"id":"AC-Y182-X759","grid_x":759,"grid_y":182,"centroid":[-68.2100513,-10.8584183],"aggregation":"none","score_gradboost":0.7315788,"score_random_forest":0.6514615,"score_logistic_regression":0.7707383,"score_fuzzy_knn_k29":0.8470167},"geometry":{"type":"Polygon","coordinates":[[[-68.214129,-10.8611334],[-68.2059594,-10.8611124],[-68.2059737,-10.8557031],[-68.2141432,-10.8557241],[-68.214129,-10.8611334]]]}},{"type":"Feature","id":"AC-Y183-X761","properties":{"id":"AC-Y183-X761","grid_x":761,"grid_y":183,"centroid":[-68.1937268,-10.8529666],"aggregation":"none","score_gradboost":0.4054339,"score_random_forest":0.337606,"score_logistic_regression":0.6511677,"score_fuzzy_knn_k29":0.3582368},"geometry":{"type":"Polygon","coordinates":[[[-68.1978042,-10.8556819],[-68.1896348,-10.8556605],[-68.1896494,-10.8502513],[-68.1978187,-10.8502727],[-68.1978042,-10.8556819]]]}},{"type":"Feature","id":"AC-Y183-X762","properties":{"id":"AC-Y183-X762","grid_x":762,"grid_y":183,"centroid":[-68.1855574,-10.8529451],"aggregation":"none","score_gradboost":0.230027,"score_random_forest":0.2167957,"score_logistic_regression":0.7049266,"score_fuzzy_knn_k29":0.1573745},"geometry":{"type":"Polygon","coordinates":[[[-68.1896348,-10.8556605],[-68.1814654,-10.8556389],[-68.1814801,-10.8502297],[-68.1896494,-10.8502513],[-68.1896348,-10.8556605]]]}},{"type":"Feature","id":"AC-Y184-X761","properties":{"id":"AC-Y184-X761","grid_x":761,"grid_y":184,"centroid":[-68.1937413,-10.8475574],"aggregation":"none","score_gradboost":0.42401,"score_random_forest":0.451441,"score_logistic_regression":0.7063959,"score_fuzzy_knn_k29":0.5007897},"geometry":{"type":"Polygon","coordinates":[[[-68.1978187,-10.8502727],[-68.1896494,-10.8502513],[-68.1896639,-10.844842],[-68.1978331,-10.8448634],[-68.1978187,-10.8502727]]]}},{"type":"Feature","id":"AC-Y184-X762","properties":{"id":"AC-Y184-X762","grid_x":762,"grid_y":184,"centroid":[-68.1855721,-10.8475359],"aggregation":"none","score_gradboost":0.3338302,"score_random_forest":0.2821387,"score_logistic_regression":0.7201084,"score_fuzzy_knn_k29":0.4014659},"geometry":{"type":"Polygon","coordinates":[[[-68.1896494,-10.8502513],[-68.1814801,-10.8502297],[-68.1814948,-10.8448204],[-68.1896639,-10.844842],[-68.1896494,-10.8502513]]]}},{"type":"Feature","id":"AC-Y185-X760","properties":{"id":"AC-Y185-X760","grid_x":760,"grid_y":185,"centroid":[-68.2019248,-10.8421694],"aggregation":"none","score_gradboost":0.8915928,"score_random_forest":0.8227506,"score_logistic_regression":0.6812472,"score_fuzzy_knn_k29":0.6310417},"geometry":{"type":"Polygon","coordinates":[[[-68.2060022,-10.8448846],[-68.1978331,-10.8448634],[-68.1978475,-10.8394541],[-68.2060165,-10.8394753],[-68.2060022,-10.8448846]]]}},{"type":"Feature","id":"AC-Y185-X761","properties":{"id":"AC-Y185-X761","grid_x":761,"grid_y":185,"centroid":[-68.1937558,-10.8421481],"aggregation":"none","score_gradboost":0.7827173,"score_random_forest":0.7884767,"score_logistic_regression":0.7069663,"score_fuzzy_knn_k29":0.4108168},"geometry":{"type":"Polygon","coordinates":[[[-68.1978331,-10.8448634],[-68.1896639,-10.844842],[-68.1896785,-10.8394328],[-68.1978475,-10.8394541],[-68.1978331,-10.8448634]]]}},{"type":"Feature","id":"AC-Y185-X762","properties":{"id":"AC-Y185-X762","grid_x":762,"grid_y":185,"centroid":[-68.1855867,-10.8421266],"aggregation":"none","score_gradboost":0.6823638,"score_random_forest":0.5970357,"score_logistic_regression":0.6162792,"score_fuzzy_knn_k29":0.4426516},"geometry":{"type":"Polygon","coordinates":[[[-68.1896639,-10.844842],[-68.1814948,-10.8448204],[-68.1815095,-10.8394112],[-68.1896785,-10.8394328],[-68.1896639,-10.844842]]]}},{"type":"Feature","id":"AC-Y185-X763","properties":{"id":"AC-Y185-X763","grid_x":763,"grid_y":185,"centroid":[-68.1774177,-10.8421049],"aggregation":"none","score_gradboost":0.5296432,"score_random_forest":0.4989765,"score_logistic_regression":0.7091848,"score_fuzzy_knn_k29":0.1313231},"geometry":{"type":"Polygon","coordinates":[[[-68.1814948,-10.8448204],[-68.1733257,-10.8447986],[-68.1733406,-10.8393894],[-68.1815095,-10.8394112],[-68.1814948,-10.8448204]]]}},{"type":"Feature","id":"AC-Y186-X760","properties":{"id":"AC-Y186-X760","grid_x":760,"grid_y":186,"centroid":[-68.2019392,-10.8367601],"aggregation":"none","score_gradboost":0.9148903,"score_random_forest":0.8667212,"score_logistic_regression":0.6728413,"score_fuzzy_knn_k29":0.6487198},"geometry":{"type":"Polygon","coordinates":[[[-68.2060165,-10.8394753],[-68.1978475,-10.8394541],[-68.1978619,-10.8340449],[-68.2060308,-10.834066],[-68.2060165,-10.8394753]]]}},{"type":"Feature","id":"AC-Y186-X761","properties":{"id":"AC-Y186-X761","grid_x":761,"grid_y":186,"centroid":[-68.1937702,-10.8367388],"aggregation":"none","score_gradboost":0.8098821,"score_random_forest":0.7597783,"score_logistic_regression":0.6556429,"score_fuzzy_knn_k29":0.6179175},"geometry":{"type":"Polygon","coordinates":[[[-68.1978475,-10.8394541],[-68.1896785,-10.8394328],[-68.1896931,-10.8340235],[-68.1978619,-10.8340449],[-68.1978475,-10.8394541]]]}},{"type":"Feature","id":"AC-Y186-X762","properties":{"id":"AC-Y186-X762","grid_x":762,"grid_y":186,"centroid":[-68.1856013,-10.8367174],"aggregation":"none","score_gradboost":0.7425958,"score_random_forest":0.7059728,"score_logistic_regression":0.6564771,"score_fuzzy_knn_k29":0.5434707},"geometry":{"type":"Polygon","coordinates":[[[-68.1896785,-10.8394328],[-68.1815095,-10.8394112],[-68.1815242,-10.8340019],[-68.1896931,-10.8340235],[-68.1896785,-10.8394328]]]}},{"type":"Feature","id":"AC-Y186-X763","properties":{"id":"AC-Y186-X763","grid_x":763,"grid_y":186,"centroid":[-68.1774324,-10.8366957],"aggregation":"none","score_gradboost":0.712168,"score_random_forest":0.6774594,"score_logistic_regression":0.7311882,"score_fuzzy_knn_k29":0.3457176},"geometry":{"type":"Polygon","coordinates":[[[-68.1815095,-10.8394112],[-68.1733406,-10.8393894],[-68.1733554,-10.8339801],[-68.1815242,-10.8340019],[-68.1815095,-10.8394112]]]}},{"type":"Feature","id":"AC-Y186-X764","properties":{"id":"AC-Y186-X764","grid_x":764,"grid_y":186,"centroid":[-68.1692636,-10.8366738],"aggregation":"none","score_gradboost":0.501086,"score_random_forest":0.5780454,"score_logistic_regression":0.7628111,"score_fuzzy_knn_k29":0.4350202},"geometry":{"type":"Polygon","coordinates":[[[-68.1733406,-10.8393894],[-68.1651716,-10.8393673],[-68.1651866,-10.8339581],[-68.1733554,-10.8339801],[-68.1733406,-10.8393894]]]}},{"type":"Feature","id":"AC-Y187-X760","properties":{"id":"AC-Y187-X760","grid_x":760,"grid_y":187,"centroid":[-68.2019535,-10.8313508],"aggregation":"none","score_gradboost":0.820004,"score_random_forest":0.8934667,"score_logistic_regression":0.6064961,"score_fuzzy_knn_k29":0.901064},"geometry":{"type":"Polygon","coordinates":[[[-68.2060308,-10.834066],[-68.1978619,-10.8340449],[-68.1978763,-10.8286356],[-68.206045,-10.8286567],[-68.2060308,-10.834066]]]}},{"type":"Feature","id":"AC-Y187-X761","properties":{"id":"AC-Y187-X761","grid_x":761,"grid_y":187,"centroid":[-68.1937847,-10.8313296],"aggregation":"none","score_gradboost":0.8673611,"score_random_forest":0.8476452,"score_logistic_regression":0.6614958,"score_fuzzy_knn_k29":0.6754236},"geometry":{"type":"Polygon","coordinates":[[[-68.1978619,-10.8340449],[-68.1896931,-10.8340235],[-68.1897076,-10.8286142],[-68.1978763,-10.8286356],[-68.1978619,-10.8340449]]]}},{"type":"Feature","id":"AC-Y187-X762","properties":{"id":"AC-Y187-X762","grid_x":762,"grid_y":187,"centroid":[-68.185616,-10.8313081],"aggregation":"none","score_gradboost":0.9165305,"score_random_forest":0.7945882,"score_logistic_regression":0.6920781,"score_fuzzy_knn_k29":0.4122216},"geometry":{"type":"Polygon","coordinates":[[[-68.1896931,-10.8340235],[-68.1815242,-10.8340019],[-68.1815389,-10.8285927],[-68.1897076,-10.8286142],[-68.1896931,-10.8340235]]]}},{"type":"Feature","id":"AC-Y187-X763","properties":{"id":"AC-Y187-X763","grid_x":763,"grid_y":187,"centroid":[-68.1774472,-10.8312864],"aggregation":"none","score_gradboost":0.9075175,"score_random_forest":0.7604719,"score_logistic_regression":0.6992644,"score_fuzzy_knn_k29":0.1949928},"geometry":{"type":"Polygon","coordinates":[[[-68.1815242,-10.8340019],[-68.1733554,-10.8339801],[-68.1733703,-10.8285709],[-68.1815389,-10.8285927],[-68.1815242,-10.8340019]]]}},{"type":"Feature","id":"AC-Y187-X764","properties":{"id":"AC-Y187-X764","grid_x":764,"grid_y":187,"centroid":[-68.1692785,-10.8312645],"aggregation":"none","score_gradboost":0.8673741,"score_random_forest":0.7656139,"score_logistic_regression":0.7413801,"score_fuzzy_knn_k29":0.3111388},"geometry":{"type":"Polygon","coordinates":[[[-68.1733554,-10.8339801],[-68.1651866,-10.8339581],[-68.1652016,-10.8285489],[-68.1733703,-10.8285709],[-68.1733554,-10.8339801]]]}},{"type":"Feature","id":"AC-Y187-X765","properties":{"id":"AC-Y187-X765","grid_x":765,"grid_y":187,"centroid":[-68.1611098,-10.8312424],"aggregation":"none","score_gradboost":0.6797249,"score_random_forest":0.5877624,"score_logistic_regression":0.6398853,"score_fuzzy_knn_k29":0.366691},"geometry":{"type":"Polygon","coordinates":[[[-68.1651866,-10.8339581],[-68.1570178,-10.8339359],[-68.157033,-10.8285267],[-68.1652016,-10.8285489],[-68.1651866,-10.8339581]]]}},{"type":"Feature","id":"AC-Y188-X759","properties":{"id":"AC-Y188-X759","grid_x":759,"grid_y":188,"centroid":[-68.2101365,-10.8259625],"aggregation":"none","score_gradboost":0.8887183,"score_random_forest":0.8638496,"score_logistic_regression":0.6088603,"score_fuzzy_knn_k29":0.8709502},"geometry":{"type":"Polygon","coordinates":[[[-68.2142137,-10.8286776],[-68.206045,-10.8286567],[-68.2060593,-10.8232474],[-68.2142278,-10.8232683],[-68.2142137,-10.8286776]]]}},{"type":"Feature","id":"AC-Y188-X760","properties":{"id":"AC-Y188-X760","grid_x":760,"grid_y":188,"centroid":[-68.2019678,-10.8259415],"aggregation":"none","score_gradboost":0.8564472,"score_random_forest":0.8772543,"score_logistic_regression":0.8071387,"score_fuzzy_knn_k29":0.8523675},"geometry":{"type":"Polygon","coordinates":[[[-68.206045,-10.8286567],[-68.1978763,-10.8286356],[-68.1978907,-10.8232263],[-68.2060593,-10.8232474],[-68.206045,-10.8286567]]]}},{"type":"Feature","id":"AC-Y188-X761","properties":{"id":"AC-Y188-X761","grid_x":761,"grid_y":188,"centroid":[-68.1937992,-10.8259203],"aggregation":"none","score_gradboost":0.7548177,"score_random_forest":0.8647434,"score_logistic_regression":0.629655,"score_fuzzy_knn_k29":0.9279987},"geometry":{"type":"Polygon","coordinates":[[[-68.1978763,-10.8286356],[-68.1897076,-10.8286142],[-68.1897221,-10.823205],[-68.1978907,-10.8232263],[-68.1978763,-10.8286356]]]}},{"type":"Feature","id":"AC-Y188-X762","properties":{"id":"AC-Y188-X762","grid_x":762,"grid_y":188,"centroid":[-68.1856306,-10.8258988],"aggregation":"none","score_gradboost":0.837898,"score_random_forest":0.7657711,"score_logistic_regression":0.5720665,"score_fuzzy_knn_k29":0.6719372},"geometry":{"type":"Polygon","coordinates":[[[-68.1897076,-10.8286142],[-68.1815389,-10.8285927],[-68.1815536,-10.8231834],[-68.1897221,-10.823205],[-68.1897076,-10.8286142]]]}},{"type":"Feature","id":"AC-Y188-X763","properties":{"id":"AC-Y188-X763","grid_x":763,"grid_y":188,"centroid":[-68.177462,-10.8258772],"aggregation":"none","score_gradboost":0.8869842,"score_random_forest":0.7624671,"score_logistic_regression":0.687574,"score_fuzzy_knn_k29":0.4374435},"geometry":{"type":"Polygon","coordinates":[[[-68.1815389,-10.8285927],[-68.1733703,-10.8285709],[-68.1733851,-10.8231616],[-68.1815536,-10.8231834],[-68.1815389,-10.8285927]]]}},{"type":"Feature","id":"AC-Y188-X764","properties":{"id":"AC-Y188-X764","grid_x":764,"grid_y":188,"centroid":[-68.1692934,-10.8258553],"aggregation":"none","score_gradboost":0.9266329,"score_random_forest":0.8840787,"score_logistic_regression":0.7306022,"score_fuzzy_knn_k29":0.6719359},"geometry":{"type":"Polygon","coordinates":[[[-68.1733703,-10.8285709],[-68.1652016,-10.8285489],[-68.1652166,-10.8231396],[-68.1733851,-10.8231616],[-68.1733703,-10.8285709]]]}},{"type":"Feature","id":"AC-Y188-X765","properties":{"id":"AC-Y188-X765","grid_x":765,"grid_y":188,"centroid":[-68.1611248,-10.8258332],"aggregation":"none","score_gradboost":0.7456563,"score_random_forest":0.6358649,"score_logistic_regression":0.7208959,"score_fuzzy_knn_k29":0.1916991},"geometry":{"type":"Polygon","coordinates":[[[-68.1652016,-10.8285489],[-68.157033,-10.8285267],[-68.1570481,-10.8231174],[-68.1652166,-10.8231396],[-68.1652016,-10.8285489]]]}},{"type":"Feature","id":"AC-Y189-X759","properties":{"id":"AC-Y189-X759","grid_x":759,"grid_y":189,"centroid":[-68.2101506,-10.8205533],"aggregation":"none","score_gradboost":0.8549243,"score_random_forest":0.780948,"score_logistic_regression":0.5427726,"score_fuzzy_knn_k29":0.8214969},"geometry":{"type":"Polygon","coordinates":[[[-68.2142278,-10.8232683],[-68.2060593,-10.8232474],[-68.2060735,-10.8178381],[-68.2142419,-10.817859],[-68.2142278,-10.8232683]]]}},{"type":"Feature","id":"AC-Y189-X760","properties":{"id":"AC-Y189-X760","grid_x":760,"grid_y":189,"centroid":[-68.2019821,-10.8205322],"aggregation":"none","score_gradboost":0.706081,"score_random_forest":0.6791281,"score_logistic_regression":0.5266186,"score_fuzzy_knn_k29":0.8108656},"geometry":{"type":"Polygon","coordinates":[[[-68.2060593,-10.8232474],[-68.1978907,-10.8232263],[-68.1979051,-10.817817],[-68.2060735,-10.8178381],[-68.2060593,-10.8232474]]]}},{"type":"Feature","id":"AC-Y189-X761","properties":{"id":"AC-Y189-X761","grid_x":761,"grid_y":189,"centroid":[-68.1938136,-10.820511],"aggregation":"none","score_gradboost":0.7837853,"score_random_forest":0.820272,"score_logistic_regression":0.5949363,"score_fuzzy_knn_k29":0.9031956},"geometry":{"type":"Polygon","coordinates":[[[-68.1978907,-10.8232263],[-68.1897221,-10.823205],[-68.1897367,-10.8177957],[-68.1979051,-10.817817],[-68.1978907,-10.8232263]]]}},{"type":"Feature","id":"AC-Y189-X762","properties":{"id":"AC-Y189-X762","grid_x":762,"grid_y":189,"centroid":[-68.1856452,-10.8204896],"aggregation":"none","score_gradboost":0.8635274,"score_random_forest":0.8474657,"score_logistic_regression":0.5767957,"score_fuzzy_knn_k29":0.8311286},"geometry":{"type":"Polygon","coordinates":[[[-68.1897221,-10.823205],[-68.1815536,-10.8231834],[-68.1815683,-10.8177741],[-68.1897367,-10.8177957],[-68.1897221,-10.823205]]]}},{"type":"Feature","id":"AC-Y189-X763","properties":{"id":"AC-Y189-X763","grid_x":763,"grid_y":189,"centroid":[-68.1774767,-10.8204679],"aggregation":"none","score_gradboost":0.7712574,"score_random_forest":0.7091498,"score_logistic_regression":0.5586505,"score_fuzzy_knn_k29":0.5041935},"geometry":{"type":"Polygon","coordinates":[[[-68.1815536,-10.8231834],[-68.1733851,-10.8231616],[-68.1733999,-10.8177524],[-68.1815683,-10.8177741],[-68.1815536,-10.8231834]]]}},{"type":"Feature","id":"AC-Y189-X764","properties":{"id":"AC-Y189-X764","grid_x":764,"grid_y":189,"centroid":[-68.1693083,-10.820446],"aggregation":"none","score_gradboost":0.8215959,"score_random_forest":0.8575857,"score_logistic_regression":0.7588837,"score_fuzzy_knn_k29":0.9237841},"geometry":{"type":"Polygon","coordinates":[[[-68.1733851,-10.8231616],[-68.1652166,-10.8231396],[-68.1652315,-10.8177304],[-68.1733999,-10.8177524],[-68.1733851,-10.8231616]]]}},{"type":"Feature","id":"AC-Y189-X765","properties":{"id":"AC-Y189-X765","grid_x":765,"grid_y":189,"centroid":[-68.1611399,-10.820424],"aggregation":"none","score_gradboost":0.816346,"score_random_forest":0.7549359,"score_logistic_regression":0.745569,"score_fuzzy_knn_k29":0.3205979},"geometry":{"type":"Polygon","coordinates":[[[-68.1652166,-10.8231396],[-68.1570481,-10.8231174],[-68.1570632,-10.8177082],[-68.1652315,-10.8177304],[-68.1652166,-10.8231396]]]}},{"type":"Feature","id":"AC-Y190-X758","properties":{"id":"AC-Y190-X758","grid_x":758,"grid_y":190,"centroid":[-68.2183332,-10.8151647],"aggregation":"none","score_gradboost":0.8328285,"score_random_forest":0.8242955,"score_logistic_regression":0.656925,"score_fuzzy_knn_k29":0.7205349},"geometry":{"type":"Polygon","coordinates":[[[-68.2224104,-10.8178797],[-68.2142419,-10.817859],[-68.214256,-10.8124497],[-68.2224243,-10.8124704],[-68.2224104,-10.8178797]]]}},{"type":"Feature","id":"AC-Y190-X759","properties":{"id":"AC-Y190-X759","grid_x":759,"grid_y":190,"centroid":[-68.2101648,-10.815144],"aggregation":"none","score_gradboost":0.3775777,"score_random_forest":0.5211842,"score_logistic_regression":0.5365679,"score_fuzzy_knn_k29":0.8118305},"geometry":{"type":"Polygon","coordinates":[[[-68.2142419,-10.817859],[-68.2060735,-10.8178381],[-68.2060877,-10.8124288],[-68.214256,-10.8124497],[-68.2142419,-10.817859]]]}},{"type":"Feature","id":"AC-Y190-X760","properties":{"id":"AC-Y190-X760","grid_x":760,"grid_y":190,"centroid":[-68.2019964,-10.815123],"aggregation":"none","score_gradboost":0.8212244,"score_random_forest":0.6714032,"score_logistic_regression":0.5332133,"score_fuzzy_knn_k29":0.7846979},"geometry":{"type":"Polygon","coordinates":[[[-68.2060735,-10.8178381],[-68.1979051,-10.817817],[-68.1979194,-10.8124077],[-68.2060877,-10.8124288],[-68.2060735,-10.8178381]]]}},{"type":"Feature","id":"AC-Y190-X761","properties":{"id":"AC-Y190-X761","grid_x":761,"grid_y":190,"centroid":[-68.1938281,-10.8151017],"aggregation":"none","score_gradboost":0.8532916,"score_random_forest":0.893011,"score_logistic_regression":0.5851604,"score_fuzzy_knn_k29":0.8901646},"geometry":{"type":"Polygon","coordinates":[[[-68.1979051,-10.817817],[-68.1897367,-10.8177957],[-68.1897512,-10.8123864],[-68.1979194,-10.8124077],[-68.1979051,-10.817817]]]}},{"type":"Feature","id":"AC-Y190-X762","properties":{"id":"AC-Y190-X762","grid_x":762,"grid_y":190,"centroid":[-68.1856598,-10.8150803],"aggregation":"none","score_gradboost":0.7627473,"score_random_forest":0.790006,"score_logistic_regression":0.5293889,"score_fuzzy_knn_k29":0.9528759},"geometry":{"type":"Polygon","coordinates":[[[-68.1897367,-10.8177957],[-68.1815683,-10.8177741],[-68.1815829,-10.8123649],[-68.1897512,-10.8123864],[-68.1897367,-10.8177957]]]}},{"type":"Feature","id":"AC-Y190-X763","properties":{"id":"AC-Y190-X763","grid_x":763,"grid_y":190,"centroid":[-68.1774915,-10.8150587],"aggregation":"none","score_gradboost":0.7676221,"score_random_forest":0.8482752,"score_logistic_regression":0.659325,"score_fuzzy_knn_k29":0.7825802},"geometry":{"type":"Polygon","coordinates":[[[-68.1815683,-10.8177741],[-68.1733999,-10.8177524],[-68.1734147,-10.8123431],[-68.1815829,-10.8123649],[-68.1815683,-10.8177741]]]}},{"type":"Feature","id":"AC-Y190-X764","properties":{"id":"AC-Y190-X764","grid_x":764,"grid_y":190,"centroid":[-68.1693232,-10.8150368],"aggregation":"none","score_gradboost":0.8260944,"score_random_forest":0.8538278,"score_logistic_regression":0.74309,"score_fuzzy_knn_k29":0.8360755},"geometry":{"type":"Polygon","coordinates":[[[-68.1733999,-10.8177524],[-68.1652315,-10.8177304],[-68.1652465,-10.8123212],[-68.1734147,-10.8123431],[-68.1733999,-10.8177524]]]}},{"type":"Feature","id":"AC-Y190-X765","properties":{"id":"AC-Y190-X765","grid_x":765,"grid_y":190,"centroid":[-68.1611549,-10.8150147],"aggregation":"none","score_gradboost":0.8794029,"score_random_forest":0.8744203,"score_logistic_regression":0.7409568,"score_fuzzy_knn_k29":0.750673},"geometry":{"type":"Polygon","coordinates":[[[-68.1652315,-10.8177304],[-68.1570632,-10.8177082],[-68.1570783,-10.812299],[-68.1652465,-10.8123212],[-68.1652315,-10.8177304]]]}},{"type":"Feature","id":"AC-Y190-X766","properties":{"id":"AC-Y190-X766","grid_x":766,"grid_y":190,"centroid":[-68.1529866,-10.8149924],"aggregation":"none","score_gradboost":0.8886457,"score_random_forest":0.7978067,"score_logistic_regression":0.7118256,"score_fuzzy_knn_k29":0.5303666},"geometry":{"type":"Polygon","coordinates":[[[-68.1570632,-10.8177082],[-68.1488949,-10.8176858],[-68.1489101,-10.8122766],[-68.1570783,-10.812299],[-68.1570632,-10.8177082]]]}},{"type":"Feature","id":"AC-Y190-X767","properties":{"id":"AC-Y190-X767","grid_x":767,"grid_y":190,"centroid":[-68.1448184,-10.8149699],"aggregation":"none","score_gradboost":0.4584967,"score_random_forest":0.5548264,"score_logistic_regression":0.7548349,"score_fuzzy_knn_k29":0.4215628},"geometry":{"type":"Polygon","coordinates":[[[-68.1488949,-10.8176858],[-68.1407266,-10.8176632],[-68.140742,-10.812254],[-68.1489101,-10.8122766],[-68.1488949,-10.8176858]]]}},{"type":"Feature","id":"AC-Y191-X758","properties":{"id":"AC-Y191-X758","grid_x":758,"grid_y":191,"centroid":[-68.2183472,-10.8097554],"aggregation":"none","score_gradboost":0.9052891,"score_random_forest":0.8818433,"score_logistic_regression":0.6583761,"score_fuzzy_knn_k29":0.8847678},"geometry":{"type":"Polygon","coordinates":[[[-68.2224243,-10.8124704],[-68.214256,-10.8124497],[-68.2142701,-10.8070404],[-68.2224383,-10.8070611],[-68.2224243,-10.8124704]]]}},{"type":"Feature","id":"AC-Y191-X759","properties":{"id":"AC-Y191-X759","grid_x":759,"grid_y":191,"centroid":[-68.2101789,-10.8097347],"aggregation":"none","score_gradboost":0.8638823,"score_random_forest":0.8263765,"score_logistic_regression":0.7817868,"score_fuzzy_knn_k29":0.5289132},"geometry":{"type":"Polygon","coordinates":[[[-68.214256,-10.8124497],[-68.2060877,-10.8124288],[-68.2061019,-10.8070195],[-68.2142701,-10.8070404],[-68.214256,-10.8124497]]]}},{"type":"Feature","id":"AC-Y191-X760","properties":{"id":"AC-Y191-X760","grid_x":760,"grid_y":191,"centroid":[-68.2020107,-10.8097137],"aggregation":"none","score_gradboost":0.9177855,"score_random_forest":0.8513248,"score_logistic_regression":0.7789736,"score_fuzzy_knn_k29":0.9595897},"geometry":{"type":"Polygon","coordinates":[[[-68.2060877,-10.8124288],[-68.1979194,-10.8124077],[-68.1979338,-10.8069985],[-68.2061019,-10.8070195],[-68.2060877,-10.8124288]]]}},{"type":"Feature","id":"AC-Y191-X761","properties":{"id":"AC-Y191-X761","grid_x":761,"grid_y":191,"centroid":[-68.1938425,-10.8096925],"aggregation":"none","score_gradboost":0.8919434,"score_random_forest":0.8677066,"score_logistic_regression":0.7497993,"score_fuzzy_knn_k29":0.9140192},"geometry":{"type":"Polygon","coordinates":[[[-68.1979194,-10.8124077],[-68.1897512,-10.8123864],[-68.1897657,-10.8069771],[-68.1979338,-10.8069985],[-68.1979194,-10.8124077]]]}},{"type":"Feature","id":"AC-Y191-X762","properties":{"id":"AC-Y191-X762","grid_x":762,"grid_y":191,"centroid":[-68.1856744,-10.809671],"aggregation":"none","score_gradboost":0.9068409,"score_random_forest":0.8739939,"score_logistic_regression":0.7689403,"score_fuzzy_knn_k29":0.9374378},"geometry":{"type":"Polygon","coordinates":[[[-68.1897512,-10.8123864],[-68.1815829,-10.8123649],[-68.1815976,-10.8069556],[-68.1897657,-10.8069771],[-68.1897512,-10.8123864]]]}},{"type":"Feature","id":"AC-Y191-X763","properties":{"id":"AC-Y191-X763","grid_x":763,"grid_y":191,"centroid":[-68.1775062,-10.8096494],"aggregation":"none","score_gradboost":0.9119673,"score_random_forest":0.8021394,"score_logistic_regression":0.7609882,"score_fuzzy_knn_k29":0.886746},"geometry":{"type":"Polygon","coordinates":[[[-68.1815829,-10.8123649],[-68.1734147,-10.8123431],[-68.1734295,-10.8069339],[-68.1815976,-10.8069556],[-68.1815829,-10.8123649]]]}},{"type":"Feature","id":"AC-Y191-X764","properties":{"id":"AC-Y191-X764","grid_x":764,"grid_y":191,"centroid":[-68.169338,-10.8096276],"aggregation":"none","score_gradboost":0.7617956,"score_random_forest":0.7753319,"score_logistic_regression":0.58854,"score_fuzzy_knn_k29":0.7569807},"geometry":{"type":"Polygon","coordinates":[[[-68.1734147,-10.8123431],[-68.1652465,-10.8123212],[-68.1652615,-10.8069119],[-68.1734295,-10.8069339],[-68.1734147,-10.8123431]]]}},{"type":"Feature","id":"AC-Y191-X765","properties":{"id":"AC-Y191-X765","grid_x":765,"grid_y":191,"centroid":[-68.1611699,-10.8096055],"aggregation":"none","score_gradboost":0.8457852,"score_random_forest":0.8461326,"score_logistic_regression":0.7674225,"score_fuzzy_knn_k29":0.7615125},"geometry":{"type":"Polygon","coordinates":[[[-68.1652465,-10.8123212],[-68.1570783,-10.812299],[-68.1570934,-10.8068898],[-68.1652615,-10.8069119],[-68.1652465,-10.8123212]]]}},{"type":"Feature","id":"AC-Y191-X766","properties":{"id":"AC-Y191-X766","grid_x":766,"grid_y":191,"centroid":[-68.1530018,-10.8095832],"aggregation":"none","score_gradboost":0.9486625,"score_random_forest":0.9059018,"score_logistic_regression":0.7403281,"score_fuzzy_knn_k29":0.7563572},"geometry":{"type":"Polygon","coordinates":[[[-68.1570783,-10.812299],[-68.1489101,-10.8122766],[-68.1489254,-10.8068674],[-68.1570934,-10.8068898],[-68.1570783,-10.812299]]]}},{"type":"Feature","id":"AC-Y191-X767","properties":{"id":"AC-Y191-X767","grid_x":767,"grid_y":191,"centroid":[-68.1448337,-10.8095607],"aggregation":"none","score_gradboost":0.745082,"score_random_forest":0.676873,"score_logistic_regression":0.6929617,"score_fuzzy_knn_k29":0.286581},"geometry":{"type":"Polygon","coordinates":[[[-68.1489101,-10.8122766],[-68.140742,-10.812254],[-68.1407574,-10.8068448],[-68.1489254,-10.8068674],[-68.1489101,-10.8122766]]]}},{"type":"Feature","id":"AC-Y192-X759","properties":{"id":"AC-Y192-X759","grid_x":759,"grid_y":192,"centroid":[-68.2101931,-10.8043254],"aggregation":"none","score_gradboost":0.7814878,"score_random_forest":0.7351968,"score_logistic_regression":0.7877901,"score_fuzzy_knn_k29":0.6986705},"geometry":{"type":"Polygon","coordinates":[[[-68.2142701,-10.8070404],[-68.2061019,-10.8070195],[-68.2061162,-10.8016102],[-68.2142842,-10.8016311],[-68.2142701,-10.8070404]]]}},{"type":"Feature","id":"AC-Y192-X760","properties":{"id":"AC-Y192-X760","grid_x":760,"grid_y":192,"centroid":[-68.202025,-10.8043044],"aggregation":"none","score_gradboost":0.6124071,"score_random_forest":0.6845347,"score_logistic_regression":0.8143756,"score_fuzzy_knn_k29":0.8822233},"geometry":{"type":"Polygon","coordinates":[[[-68.2061019,-10.8070195],[-68.1979338,-10.8069985],[-68.1979482,-10.8015892],[-68.2061162,-10.8016102],[-68.2061019,-10.8070195]]]}},{"type":"Feature","id":"AC-Y192-X761","properties":{"id":"AC-Y192-X761","grid_x":761,"grid_y":192,"centroid":[-68.193857,-10.8042832],"aggregation":"none","score_gradboost":0.877551,"score_random_forest":0.8410653,"score_logistic_regression":0.777991,"score_fuzzy_knn_k29":0.9731559},"geometry":{"type":"Polygon","coordinates":[[[-68.1979338,-10.8069985],[-68.1897657,-10.8069771],[-68.1897802,-10.8015679],[-68.1979482,-10.8015892],[-68.1979338,-10.8069985]]]}},{"type":"Feature","id":"AC-Y192-X762","properties":{"id":"AC-Y192-X762","grid_x":762,"grid_y":192,"centroid":[-68.1856889,-10.8042618],"aggregation":"none","score_gradboost":0.8026967,"score_random_forest":0.7905704,"score_logistic_regression":0.7916007,"score_fuzzy_knn_k29":0.9512779},"geometry":{"type":"Polygon","coordinates":[[[-68.1897657,-10.8069771],[-68.1815976,-10.8069556],[-68.1816122,-10.8015464],[-68.1897802,-10.8015679],[-68.1897657,-10.8069771]]]}},{"type":"Feature","id":"AC-Y192-X763","properties":{"id":"AC-Y192-X763","grid_x":763,"grid_y":192,"centroid":[-68.1775209,-10.8042402],"aggregation":"none","score_gradboost":0.7642543,"score_random_forest":0.6831137,"score_logistic_regression":0.7902539,"score_fuzzy_knn_k29":0.2905123},"geometry":{"type":"Polygon","coordinates":[[[-68.1815976,-10.8069556],[-68.1734295,-10.8069339],[-68.1734443,-10.8015246],[-68.1816122,-10.8015464],[-68.1815976,-10.8069556]]]}},{"type":"Feature","id":"AC-Y192-X764","properties":{"id":"AC-Y192-X764","grid_x":764,"grid_y":192,"centroid":[-68.1693529,-10.8042183],"aggregation":"none","score_gradboost":0.8625868,"score_random_forest":0.8239143,"score_logistic_regression":0.5514246,"score_fuzzy_knn_k29":0.7400979},"geometry":{"type":"Polygon","coordinates":[[[-68.1734295,-10.8069339],[-68.1652615,-10.8069119],[-68.1652764,-10.8015027],[-68.1734443,-10.8015246],[-68.1734295,-10.8069339]]]}},{"type":"Feature","id":"AC-Y192-X765","properties":{"id":"AC-Y192-X765","grid_x":765,"grid_y":192,"centroid":[-68.1611849,-10.8041963],"aggregation":"none","score_gradboost":0.5704292,"score_random_forest":0.6114662,"score_logistic_regression":0.627847,"score_fuzzy_knn_k29":0.0},"geometry":{"type":"Polygon","coordinates":[[[-68.1652615,-10.8069119],[-68.1570934,-10.8068898],[-68.1571085,-10.8014805],[-68.1652764,-10.8015027],[-68.1652615,-10.8069119]]]}},{"type":"Feature","id":"AC-Y192-X766","properties":{"id":"AC-Y192-X766","grid_x":766,"grid_y":192,"centroid":[-68.153017,-10.804174],"aggregation":"none","score_gradboost":0.9309947,"score_random_forest":0.8929882,"score_logistic_regression":0.6852043,"score_fuzzy_knn_k29":0.840196},"geometry":{"type":"Polygon","coordinates":[[[-68.1570934,-10.8068898],[-68.1489254,-10.8068674],[-68.1489406,-10.8014582],[-68.1571085,-10.8014805],[-68.1570934,-10.8068898]]]}},{"type":"Feature","id":"AC-Y192-X767","properties":{"id":"AC-Y192-X767","grid_x":767,"grid_y":192,"centroid":[-68.144849,-10.8041515],"aggregation":"none","score_gradboost":0.6296705,"score_random_forest":0.6352246,"score_logistic_regression":0.6877641,"score_fuzzy_knn_k29":0.2426372},"geometry":{"type":"Polygon","coordinates":[[[-68.1489254,-10.8068674],[-68.1407574,-10.8068448],[-68.1407728,-10.8014356],[-68.1489406,-10.8014582],[-68.1489254,-10.8068674]]]}},{"type":"Feature","id":"AC-Y192-X768","properties":{"id":"AC-Y192-X768","grid_x":768,"grid_y":192,"centroid":[-68.1366811,-10.8041288],"aggregation":"none","score_gradboost":0.2769869,"score_random_forest":0.2529284,"score_logistic_regression":0.748734,"score_fuzzy_knn_k29":0.3513558},"geometry":{"type":"Polygon","coordinates":[[[-68.1407574,-10.8068448],[-68.1325894,-10.806822],[-68.1326049,-10.8014128],[-68.1407728,-10.8014356],[-68.1407574,-10.8068448]]]}},{"type":"Feature","id":"AC-Y193-X759","properties":{"id":"AC-Y193-X759","grid_x":759,"grid_y":193,"centroid":[-68.2102072,-10.7989161],"aggregation":"none","score_gradboost":0.7170129,"score_random_forest":0.7662412,"score_logistic_regression":0.8306363,"score_fuzzy_knn_k29":0.636643},"geometry":{"type":"Polygon","coordinates":[[[-68.2142842,-10.8016311],[-68.2061162,-10.8016102],[-68.2061304,-10.7962009],[-68.2142982,-10.7962218],[-68.2142842,-10.8016311]]]}},{"type":"Feature","id":"AC-Y193-X760","properties":{"id":"AC-Y193-X760","grid_x":760,"grid_y":193,"centroid":[-68.2020393,-10.7988951],"aggregation":"none","score_gradboost":0.7391781,"score_random_forest":0.7228143,"score_logistic_regression":0.7828336,"score_fuzzy_knn_k29":0.6649993},"geometry":{"type":"Polygon","coordinates":[[[-68.2061162,-10.8016102],[-68.1979482,-10.8015892],[-68.1979625,-10.7961799],[-68.2061304,-10.7962009],[-68.2061162,-10.8016102]]]}},{"type":"Feature","id":"AC-Y193-X761","properties":{"id":"AC-Y193-X761","grid_x":761,"grid_y":193,"centroid":[-68.1938714,-10.7988739],"aggregation":"none","score_gradboost":0.744724,"score_random_forest":0.7626864,"score_logistic_regression":0.7989621,"score_fuzzy_knn_k29":0.8974709},"geometry":{"type":"Polygon","coordinates":[[[-68.1979482,-10.8015892],[-68.1897802,-10.8015679],[-68.1897947,-10.7961586],[-68.1979625,-10.7961799],[-68.1979482,-10.8015892]]]}},{"type":"Feature","id":"AC-Y193-X762","properties":{"id":"AC-Y193-X762","grid_x":762,"grid_y":193,"centroid":[-68.1857035,-10.7988525],"aggregation":"none","score_gradboost":0.8744367,"score_random_forest":0.9215869,"score_logistic_regression":0.8315398,"score_fuzzy_knn_k29":0.8230173},"geometry":{"type":"Polygon","coordinates":[[[-68.1897802,-10.8015679],[-68.1816122,-10.8015464],[-68.1816269,-10.7961371],[-68.1897947,-10.7961586],[-68.1897802,-10.8015679]]]}},{"type":"Feature","id":"AC-Y193-X763","properties":{"id":"AC-Y193-X763","grid_x":763,"grid_y":193,"centroid":[-68.1775356,-10.7988309],"aggregation":"none","score_gradboost":0.8111037,"score_random_forest":0.8372451,"score_logistic_regression":0.8213941,"score_fuzzy_knn_k29":0.8915567},"geometry":{"type":"Polygon","coordinates":[[[-68.1816122,-10.8015464],[-68.1734443,-10.8015246],[-68.1734591,-10.7961154],[-68.1816269,-10.7961371],[-68.1816122,-10.8015464]]]}},{"type":"Feature","id":"AC-Y193-X764","properties":{"id":"AC-Y193-X764","grid_x":764,"grid_y":193,"centroid":[-68.1693678,-10.7988091],"aggregation":"none","score_gradboost":0.8986036,"score_random_forest":0.9121881,"score_logistic_regression":0.5976019,"score_fuzzy_knn_k29":0.9133796},"geometry":{"type":"Polygon","coordinates":[[[-68.1734443,-10.8015246],[-68.1652764,-10.8015027],[-68.1652913,-10.7960934],[-68.1734591,-10.7961154],[-68.1734443,-10.8015246]]]}},{"type":"Feature","id":"AC-Y193-X765","properties":{"id":"AC-Y193-X765","grid_x":765,"grid_y":193,"centroid":[-68.1612,-10.798787],"aggregation":"none","score_gradboost":0.7082227,"score_random_forest":0.7017655,"score_logistic_regression":0.5380745,"score_fuzzy_knn_k29":0.7121013},"geometry":{"type":"Polygon","coordinates":[[[-68.1652764,-10.8015027],[-68.1571085,-10.8014805],[-68.1571236,-10.7960713],[-68.1652913,-10.7960934],[-68.1652764,-10.8015027]]]}},{"type":"Feature","id":"AC-Y193-X766","properties":{"id":"AC-Y193-X766","grid_x":766,"grid_y":193,"centroid":[-68.1530321,-10.7987648],"aggregation":"none","score_gradboost":0.8852798,"score_random_forest":0.7623739,"score_logistic_regression":0.5571073,"score_fuzzy_knn_k29":0.4880198},"geometry":{"type":"Polygon","coordinates":[[[-68.1571085,-10.8014805],[-68.1489406,-10.8014582],[-68.1489559,-10.7960489],[-68.1571236,-10.7960713],[-68.1571085,-10.8014805]]]}},{"type":"Feature","id":"AC-Y193-X767","properties":{"id":"AC-Y193-X767","grid_x":767,"grid_y":193,"centroid":[-68.1448643,-10.7987423],"aggregation":"none","score_gradboost":0.814547,"score_random_forest":0.8405803,"score_logistic_regression":0.6964232,"score_fuzzy_knn_k29":0.7710751},"geometry":{"type":"Polygon","coordinates":[[[-68.1489406,-10.8014582],[-68.1407728,-10.8014356],[-68.1407881,-10.7960264],[-68.1489559,-10.7960489],[-68.1489406,-10.8014582]]]}},{"type":"Feature","id":"AC-Y193-X768","properties":{"id":"AC-Y193-X768","grid_x":768,"grid_y":193,"centroid":[-68.1366966,-10.7987196],"aggregation":"none","score_gradboost":0.3215558,"score_random_forest":0.336869,"score_logistic_regression":0.6497725,"score_fuzzy_knn_k29":0.3773435},"geometry":{"type":"Polygon","coordinates":[[[-68.1407728,-10.8014356],[-68.1326049,-10.8014128],[-68.1326204,-10.7960036],[-68.1407881,-10.7960264],[-68.1407728,-10.8014356]]]}},{"type":"Feature","id":"AC-Y193-X769","properties":{"id":"AC-Y193-X769","grid_x":769,"grid_y":193,"centroid":[-68.1285288,-10.7986967],"aggregation":"none","score_gradboost":0.0674431,"score_random_forest":0.2984734,"score_logistic_regression":0.6238515,"score_fuzzy_knn_k29":0.3300474},"geometry":{"type":"Polygon","coordinates":[[[-68.1326049,-10.8014128],[-68.1244371,-10.8013897],[-68.1244528,-10.7959806],[-68.1326204,-10.7960036],[-68.1326049,-10.8014128]]]}},{"type":"Feature","id":"AC-Y194-X759","properties":{"id":"AC-Y194-X759","grid_x":759,"grid_y":194,"centroid":[-68.2102213,-10.7935067],"aggregation":"none","score_gradboost":0.6298443,"score_random_forest":0.6273197,"score_logistic_regression":0.8017038,"score_fuzzy_knn_k29":0.6238559},"geometry":{"type":"Polygon","coordinates":[[[-68.2142982,-10.7962218],[-68.2061304,-10.7962009],[-68.2061446,-10.7907916],[-68.2143123,-10.7908125],[-68.2142982,-10.7962218]]]}},{"type":"Feature","id":"AC-Y194-X760","properties":{"id":"AC-Y194-X760","grid_x":760,"grid_y":194,"centroid":[-68.2020536,-10.7934858],"aggregation":"none","score_gradboost":0.5099663,"score_random_forest":0.5784296,"score_logistic_regression":0.804522,"score_fuzzy_knn_k29":0.6435999},"geometry":{"type":"Polygon","coordinates":[[[-68.2061304,-10.7962009],[-68.1979625,-10.7961799],[-68.1979769,-10.7907706],[-68.2061446,-10.7907916],[-68.2061304,-10.7962009]]]}},{"type":"Feature","id":"AC-Y194-X761","properties":{"id":"AC-Y194-X761","grid_x":761,"grid_y":194,"centroid":[-68.1938858,-10.7934646],"aggregation":"none","score_gradboost":0.7529959,"score_random_forest":0.7547644,"score_logistic_regression":0.8320787,"score_fuzzy_knn_k29":0.837807},"geometry":{"type":"Polygon","coordinates":[[[-68.1979625,-10.7961799],[-68.1897947,-10.7961586],[-68.1898092,-10.7907493],[-68.1979769,-10.7907706],[-68.1979625,-10.7961799]]]}},{"type":"Feature","id":"AC-Y194-X762","properties":{"id":"AC-Y194-X762","grid_x":762,"grid_y":194,"centroid":[-68.1857181,-10.7934432],"aggregation":"none","score_gradboost":0.8613721,"score_random_forest":0.84501,"score_logistic_regression":0.7790274,"score_fuzzy_knn_k29":0.9406235},"geometry":{"type":"Polygon","coordinates":[[[-68.1897947,-10.7961586],[-68.1816269,-10.7961371],[-68.1816415,-10.7907278],[-68.1898092,-10.7907493],[-68.1897947,-10.7961586]]]}},{"type":"Feature","id":"AC-Y194-X763","properties":{"id":"AC-Y194-X763","grid_x":763,"grid_y":194,"centroid":[-68.1775504,-10.7934216],"aggregation":"none","score_gradboost":0.8651468,"score_random_forest":0.888096,"score_logistic_regression":0.85255,"score_fuzzy_knn_k29":0.9190684},"geometry":{"type":"Polygon","coordinates":[[[-68.1816269,-10.7961371],[-68.1734591,-10.7961154],[-68.1734739,-10.7907061],[-68.1816415,-10.7907278],[-68.1816269,-10.7961371]]]}},{"type":"Feature","id":"AC-Y194-X764","properties":{"id":"AC-Y194-X764","grid_x":764,"grid_y":194,"centroid":[-68.1693826,-10.7933998],"aggregation":"none","score_gradboost":0.8693084,"score_random_forest":0.8618898,"score_logistic_regression":0.8065344,"score_fuzzy_knn_k29":0.8181804},"geometry":{"type":"Polygon","coordinates":[[[-68.1734591,-10.7961154],[-68.1652913,-10.7960934],[-68.1653063,-10.7906842],[-68.1734739,-10.7907061],[-68.1734591,-10.7961154]]]}},{"type":"Feature","id":"AC-Y194-X765","properties":{"id":"AC-Y194-X765","grid_x":765,"grid_y":194,"centroid":[-68.161215,-10.7933778],"aggregation":"none","score_gradboost":0.6571762,"score_random_forest":0.8451921,"score_logistic_regression":0.6468039,"score_fuzzy_knn_k29":0.9011151},"geometry":{"type":"Polygon","coordinates":[[[-68.1652913,-10.7960934],[-68.1571236,-10.7960713],[-68.1571387,-10.7906621],[-68.1653063,-10.7906842],[-68.1652913,-10.7960934]]]}},{"type":"Feature","id":"AC-Y194-X766","properties":{"id":"AC-Y194-X766","grid_x":766,"grid_y":194,"centroid":[-68.1530473,-10.7933555],"aggregation":"none","score_gradboost":0.9429186,"score_random_forest":0.9064842,"score_logistic_regression":0.7697168,"score_fuzzy_knn_k29":0.7811152},"geometry":{"type":"Polygon","coordinates":[[[-68.1571236,-10.7960713],[-68.1489559,-10.7960489],[-68.1489711,-10.7906397],[-68.1571387,-10.7906621],[-68.1571236,-10.7960713]]]}},{"type":"Feature","id":"AC-Y194-X767","properties":{"id":"AC-Y194-X767","grid_x":767,"grid_y":194,"centroid":[-68.1448796,-10.7933331],"aggregation":"none","score_gradboost":0.7638797,"score_random_forest":0.7592914,"score_logistic_regression":0.6309416,"score_fuzzy_knn_k29":0.7031346},"geometry":{"type":"Polygon","coordinates":[[[-68.1489559,-10.7960489],[-68.1407881,-10.7960264],[-68.1408035,-10.7906172],[-68.1489711,-10.7906397],[-68.1489559,-10.7960489]]]}},{"type":"Feature","id":"AC-Y194-X768","properties":{"id":"AC-Y194-X768","grid_x":768,"grid_y":194,"centroid":[-68.136712,-10.7933104],"aggregation":"none","score_gradboost":0.6277695,"score_random_forest":0.6224077,"score_logistic_regression":0.7120025,"score_fuzzy_knn_k29":0.6142962},"geometry":{"type":"Polygon","coordinates":[[[-68.1407881,-10.7960264],[-68.1326204,-10.7960036],[-68.1326359,-10.7905944],[-68.1408035,-10.7906172],[-68.1407881,-10.7960264]]]}},{"type":"Feature","id":"AC-Y194-X769","properties":{"id":"AC-Y194-X769","grid_x":769,"grid_y":194,"centroid":[-68.1285444,-10.7932875],"aggregation":"none","score_gradboost":0.2702183,"score_random_forest":0.2755155,"score_logistic_regression":0.6875886,"score_fuzzy_knn_k29":0.2531029},"geometry":{"type":"Polygon","coordinates":[[[-68.1326204,-10.7960036],[-68.1244528,-10.7959806],[-68.1244684,-10.7905714],[-68.1326359,-10.7905944],[-68.1326204,-10.7960036]]]}},{"type":"Feature","id":"AC-Y195-X763","properties":{"id":"AC-Y195-X763","grid_x":763,"grid_y":195,"centroid":[-68.1775651,-10.7880124],"aggregation":"none","score_gradboost":0.8393831,"score_random_forest":0.8346494,"score_logistic_regression":0.8548037,"score_fuzzy_knn_k29":0.8078391},"geometry":{"type":"Polygon","coordinates":[[[-68.1816415,-10.7907278],[-68.1734739,-10.7907061],[-68.1734887,-10.7852969],[-68.1816562,-10.7853186],[-68.1816415,-10.7907278]]]}},{"type":"Feature","id":"AC-Y195-X764","properties":{"id":"AC-Y195-X764","grid_x":764,"grid_y":195,"centroid":[-68.1693975,-10.7879906],"aggregation":"none","score_gradboost":0.6602971,"score_random_forest":0.7870991,"score_logistic_regression":0.8368358,"score_fuzzy_knn_k29":0.689584},"geometry":{"type":"Polygon","coordinates":[[[-68.1734739,-10.7907061],[-68.1653063,-10.7906842],[-68.1653212,-10.785275],[-68.1734887,-10.7852969],[-68.1734739,-10.7907061]]]}},{"type":"Feature","id":"AC-Y195-X765","properties":{"id":"AC-Y195-X765","grid_x":765,"grid_y":195,"centroid":[-68.16123,-10.7879685],"aggregation":"none","score_gradboost":0.907378,"score_random_forest":0.9302684,"score_logistic_regression":0.7637886,"score_fuzzy_knn_k29":0.9015644},"geometry":{"type":"Polygon","coordinates":[[[-68.1653063,-10.7906842],[-68.1571387,-10.7906621],[-68.1571537,-10.7852528],[-68.1653212,-10.785275],[-68.1653063,-10.7906842]]]}},{"type":"Feature","id":"AC-Y195-X766","properties":{"id":"AC-Y195-X766","grid_x":766,"grid_y":195,"centroid":[-68.1530624,-10.7879463],"aggregation":"none","score_gradboost":0.9400412,"score_random_forest":0.9462551,"score_logistic_regression":0.7613072,"score_fuzzy_knn_k29":0.856155},"geometry":{"type":"Polygon","coordinates":[[[-68.1571387,-10.7906621],[-68.1489711,-10.7906397],[-68.1489863,-10.7852305],[-68.1571537,-10.7852528],[-68.1571387,-10.7906621]]]}},{"type":"Feature","id":"AC-Y195-X767","properties":{"id":"AC-Y195-X767","grid_x":767,"grid_y":195,"centroid":[-68.1448949,-10.7879239],"aggregation":"none","score_gradboost":0.8151341,"score_random_forest":0.8043617,"score_logistic_regression":0.6634828,"score_fuzzy_knn_k29":0.8371751},"geometry":{"type":"Polygon","coordinates":[[[-68.1489711,-10.7906397],[-68.1408035,-10.7906172],[-68.1408189,-10.7852079],[-68.1489863,-10.7852305],[-68.1489711,-10.7906397]]]}},{"type":"Feature","id":"AC-Y195-X768","properties":{"id":"AC-Y195-X768","grid_x":768,"grid_y":195,"centroid":[-68.1367274,-10.7879012],"aggregation":"none","score_gradboost":0.7002972,"score_random_forest":0.680317,"score_logistic_regression":0.6816403,"score_fuzzy_knn_k29":0.793921},"geometry":{"type":"Polygon","coordinates":[[[-68.1408035,-10.7906172],[-68.1326359,-10.7905944],[-68.1326515,-10.7851852],[-68.1408189,-10.7852079],[-68.1408035,-10.7906172]]]}},{"type":"Feature","id":"AC-Y195-X769","properties":{"id":"AC-Y195-X769","grid_x":769,"grid_y":195,"centroid":[-68.12856,-10.7878783],"aggregation":"none","score_gradboost":0.2315038,"score_random_forest":0.2897588,"score_logistic_regression":0.6763298,"score_fuzzy_knn_k29":0.2556205},"geometry":{"type":"Polygon","coordinates":[[[-68.1326359,-10.7905944],[-68.1244684,-10.7905714],[-68.1244841,-10.7851622],[-68.1326515,-10.7851852],[-68.1326359,-10.7905944]]]}},{"type":"Feature","id":"AC-Y195-X770","properties":{"id":"AC-Y195-X770","grid_x":770,"grid_y":195,"centroid":[-68.1203925,-10.7878552],"aggregation":"none","score_gradboost":0.128648,"score_random_forest":0.1959004,"score_logistic_regression":0.7594465,"score_fuzzy_knn_k29":0.4191216},"geometry":{"type":"Polygon","coordinates":[[[-68.1244684,-10.7905714],[-68.1163009,-10.7905482],[-68.1163167,-10.785139],[-68.1244841,-10.7851622],[-68.1244684,-10.7905714]]]}},{"type":"Feature","id":"AC-Y196-X766","properties":{"id":"AC-Y196-X766","grid_x":766,"grid_y":196,"centroid":[-68.1530776,-10.7825371],"aggregation":"none","score_gradboost":0.9353837,"score_random_forest":0.933439,"score_logistic_regression":0.7653821,"score_fuzzy_knn_k29":0.8505758},"geometry":{"type":"Polygon","coordinates":[[[-68.1571537,-10.7852528],[-68.1489863,-10.7852305],[-68.1490015,-10.7798213],[-68.1571688,-10.7798436],[-68.1571537,-10.7852528]]]}},{"type":"Feature","id":"AC-Y196-X767","properties":{"id":"AC-Y196-X767","grid_x":767,"grid_y":196,"centroid":[-68.1449102,-10.7825146],"aggregation":"none","score_gradboost":0.8352604,"score_random_forest":0.9068439,"score_logistic_regression":0.7551799,"score_fuzzy_knn_k29":0.8302591},"geometry":{"type":"Polygon","coordinates":[[[-68.1489863,-10.7852305],[-68.1408189,-10.7852079],[-68.1408342,-10.7797987],[-68.1490015,-10.7798213],[-68.1489863,-10.7852305]]]}},{"type":"Feature","id":"AC-Y196-X768","properties":{"id":"AC-Y196-X768","grid_x":768,"grid_y":196,"centroid":[-68.1367429,-10.782492],"aggregation":"none","score_gradboost":0.6917246,"score_random_forest":0.6454558,"score_logistic_regression":0.7542983,"score_fuzzy_knn_k29":0.8259494},"geometry":{"type":"Polygon","coordinates":[[[-68.1408189,-10.7852079],[-68.1326515,-10.7851852],[-68.1326669,-10.779776],[-68.1408342,-10.7797987],[-68.1408189,-10.7852079]]]}},{"type":"Feature","id":"AC-Y196-X769","properties":{"id":"AC-Y196-X769","grid_x":769,"grid_y":196,"centroid":[-68.1285755,-10.7824691],"aggregation":"none","score_gradboost":0.6567884,"score_random_forest":0.609245,"score_logistic_regression":0.7257169,"score_fuzzy_knn_k29":0.7443552},"geometry":{"type":"Polygon","coordinates":[[[-68.1326515,-10.7851852],[-68.1244841,-10.7851622],[-68.1244997,-10.779753],[-68.1326669,-10.779776],[-68.1326515,-10.7851852]]]}},{"type":"Feature","id":"AC-Y196-X770","properties":{"id":"AC-Y196-X770","grid_x":770,"grid_y":196,"centroid":[-68.1204082,-10.782446],"aggregation":"none","score_gradboost":0.3282733,"score_random_forest":0.2333427,"score_logistic_regression":0.7468913,"score_fuzzy_knn_k29":0.3443565},"geometry":{"type":"Polygon","coordinates":[[[-68.1244841,-10.7851622],[-68.1163167,-10.785139],[-68.1163325,-10.7797298],[-68.1244997,-10.779753],[-68.1244841,-10.7851622]]]}},{"type":"Feature","id":"AC-Y197-X767","properties":{"id":"AC-Y197-X767","grid_x":767,"grid_y":197,"centroid":[-68.1449255,-10.7771054],"aggregation":"none","score_gradboost":0.7526382,"score_random_forest":0.8465372,"score_logistic_regression":0.6406951,"score_fuzzy_knn_k29":0.8167301},"geometry":{"type":"Polygon","coordinates":[[[-68.1490015,-10.7798213],[-68.1408342,-10.7797987],[-68.1408495,-10.7743895],[-68.1490167,-10.774412],[-68.1490015,-10.7798213]]]}},{"type":"Feature","id":"AC-Y197-X768","properties":{"id":"AC-Y197-X768","grid_x":768,"grid_y":197,"centroid":[-68.1367583,-10.7770828],"aggregation":"none","score_gradboost":0.4353135,"score_random_forest":0.5385105,"score_logistic_regression":0.6182614,"score_fuzzy_knn_k29":0.6313869},"geometry":{"type":"Polygon","coordinates":[[[-68.1408342,-10.7797987],[-68.1326669,-10.779776],[-68.1326824,-10.7743668],[-68.1408495,-10.7743895],[-68.1408342,-10.7797987]]]}},{"type":"Feature","id":"AC-Y197-X769","properties":{"id":"AC-Y197-X769","grid_x":769,"grid_y":197,"centroid":[-68.1285911,-10.7770599],"aggregation":"none","score_gradboost":0.7373235,"score_random_forest":0.6546831,"score_logistic_regression":0.7326925,"score_fuzzy_knn_k29":0.8862858},"geometry":{"type":"Polygon","coordinates":[[[-68.1326669,-10.779776],[-68.1244997,-10.779753],[-68.1245153,-10.7743438],[-68.1326824,-10.7743668],[-68.1326669,-10.779776]]]}},{"type":"Feature","id":"AC-Y197-X770","properties":{"id":"AC-Y197-X770","grid_x":770,"grid_y":197,"centroid":[-68.1204239,-10.7770368],"aggregation":"none","score_gradboost":0.5260721,"score_random_forest":0.5026429,"score_logistic_regression":0.7366973,"score_fuzzy_knn_k29":0.7234172},"geometry":{"type":"Polygon","coordinates":[[[-68.1244997,-10.779753],[-68.1163325,-10.7797298],[-68.1163483,-10.7743206],[-68.1245153,-10.7743438],[-68.1244997,-10.779753]]]}},{"type":"Feature","id":"AC-Y197-X771","properties":{"id":"AC-Y197-X771","grid_x":771,"grid_y":197,"centroid":[-68.1122568,-10.7770135],"aggregation":"none","score_gradboost":0.4308131,"score_random_forest":0.3541713,"score_logistic_regression":0.7588277,"score_fuzzy_knn_k29":0.3703408},"geometry":{"type":"Polygon","coordinates":[[[-68.1163325,-10.7797298],[-68.1081653,-10.7797064],[-68.1081812,-10.7742972],[-68.1163483,-10.7743206],[-68.1163325,-10.7797298]]]}},{"type":"Feature","id":"AC-Y198-X769","properties":{"id":"AC-Y198-X769","grid_x":769,"grid_y":198,"centroid":[-68.1286067,-10.7716507],"aggregation":"none","score_gradboost":0.7241778,"score_random_forest":0.7379327,"score_logistic_regression":0.5909539,"score_fuzzy_knn_k29":0.5801281},"geometry":{"type":"Polygon","coordinates":[[[-68.1326824,-10.7743668],[-68.1245153,-10.7743438],[-68.124531,-10.7689346],[-68.1326979,-10.7689576],[-68.1326824,-10.7743668]]]}},{"type":"Feature","id":"AC-Y198-X770","properties":{"id":"AC-Y198-X770","grid_x":770,"grid_y":198,"centroid":[-68.1204396,-10.7716276],"aggregation":"none","score_gradboost":0.8539105,"score_random_forest":0.8635071,"score_logistic_regression":0.7898789,"score_fuzzy_knn_k29":0.9163902},"geometry":{"type":"Polygon","coordinates":[[[-68.1245153,-10.7743438],[-68.1163483,-10.7743206],[-68.116364,-10.7689114],[-68.124531,-10.7689346],[-68.1245153,-10.7743438]]]}},{"type":"Feature","id":"AC-Y198-X771","properties":{"id":"AC-Y198-X771","grid_x":771,"grid_y":198,"centroid":[-68.1122727,-10.7716044],"aggregation":"none","score_gradboost":0.5924537,"score_random_forest":0.6119768,"score_logistic_regression":0.7473019,"score_fuzzy_knn_k29":0.2334742},"geometry":{"type":"Polygon","coordinates":[[[-68.1163483,-10.7743206],[-68.1081812,-10.7742972],[-68.1081971,-10.7688881],[-68.116364,-10.7689114],[-68.1163483,-10.7743206]]]}},{"type":"Feature","id":"AC-Y199-X769","properties":{"id":"AC-Y199-X769","grid_x":769,"grid_y":199,"centroid":[-68.1286222,-10.7662415],"aggregation":"none","score_gradboost":0.8064455,"score_random_forest":0.833279,"score_logistic_regression":0.6323789,"score_fuzzy_knn_k29":0.8460249},"geometry":{"type":"Polygon","coordinates":[[[-68.1326979,-10.7689576],[-68.124531,-10.7689346],[-68.1245466,-10.7635254],[-68.1327134,-10.7635483],[-68.1326979,-10.7689576]]]}},{"type":"Feature","id":"AC-Y199-X770","properties":{"id":"AC-Y199-X770","grid_x":770,"grid_y":199,"centroid":[-68.1204553,-10.7662185],"aggregation":"none","score_gradboost":0.9316615,"score_random_forest":0.874642,"score_logistic_regression":0.68407,"score_fuzzy_knn_k29":0.5839655},"geometry":{"type":"Polygon","coordinates":[[[-68.124531,-10.7689346],[-68.116364,-10.7689114],[-68.1163798,-10.7635023],[-68.1245466,-10.7635254],[-68.124531,-10.7689346]]]}},{"type":"Feature","id":"AC-Y199-X771","properties":{"id":"AC-Y199-X771","grid_x":771,"grid_y":199,"centroid":[-68.1122885,-10.7661952],"aggregation":"none","score_gradboost":0.8105672,"score_random_forest":0.7663524,"score_logistic_regression":0.7252158,"score_fuzzy_knn_k29":0.5606653},"geometry":{"type":"Polygon","coordinates":[[[-68.116364,-10.7689114],[-68.1081971,-10.7688881],[-68.108213,-10.7634789],[-68.1163798,-10.7635023],[-68.116364,-10.7689114]]]}},{"type":"Feature","id":"AC-Y200-X770","properties":{"id":"AC-Y200-X770","grid_x":770,"grid_y":200,"centroid":[-68.120471,-10.7608093],"aggregation":"none","score_gradboost":0.8649721,"score_random_forest":0.7700684,"score_logistic_regression":0.6719756,"score_fuzzy_knn_k29":0.5723879},"geometry":{"type":"Polygon","coordinates":[[[-68.1245466,-10.7635254],[-68.1163798,-10.7635023],[-68.1163955,-10.7580931],[-68.1245622,-10.7581162],[-68.1245466,-10.7635254]]]}},{"type":"Feature","id":"AC-Y200-X771","properties":{"id":"AC-Y200-X771","grid_x":771,"grid_y":200,"centroid":[-68.1123043,-10.760786],"aggregation":"none","score_gradboost":0.7749959,"score_random_forest":0.7631751,"score_logistic_regression":0.7336312,"score_fuzzy_knn_k29":0.5739462},"geometry":{"type":"Polygon","coordinates":[[[-68.1163798,-10.7635023],[-68.108213,-10.7634789],[-68.1082289,-10.7580697],[-68.1163955,-10.7580931],[-68.1163798,-10.7635023]]]}},{"type":"Feature","id":"AC-Y201-X770","properties":{"id":"AC-Y201-X770","grid_x":770,"grid_y":201,"centroid":[-68.1204867,-10.7554001],"aggregation":"none","score_gradboost":0.7789236,"score_random_forest":0.8880748,"score_logistic_regression":0.8117471,"score_fuzzy_knn_k29":0.9300791},"geometry":{"type":"Polygon","coordinates":[[[-68.1245622,-10.7581162],[-68.1163955,-10.7580931],[-68.1164113,-10.7526839],[-68.1245778,-10.752707],[-68.1245622,-10.7581162]]]}},{"type":"Feature","id":"AC-Y201-X771","properties":{"id":"AC-Y201-X771","grid_x":771,"grid_y":201,"centroid":[-68.1123201,-10.7553768],"aggregation":"none","score_gradboost":0.7013188,"score_random_forest":0.6580013,"score_logistic_regression":0.7506982,"score_fuzzy_knn_k29":0.636356},"geometry":{"type":"Polygon","coordinates":[[[-68.1163955,-10.7580931],[-68.1082289,-10.7580697],[-68.1082448,-10.7526605],[-68.1164113,-10.7526839],[-68.1163955,-10.7580931]]]}},{"type":"Feature","id":"AC-Y202-X771","properties":{"id":"AC-Y202-X771","grid_x":771,"grid_y":202,"centroid":[-68.112336,-10.7499676],"aggregation":"none","score_gradboost":0.7687398,"score_random_forest":0.7037145,"score_logistic_regression":0.7557473,"score_fuzzy_knn_k29":0.6681439},"geometry":{"type":"Polygon","coordinates":[[[-68.1164113,-10.7526839],[-68.1082448,-10.7526605],[-68.1082607,-10.7472514],[-68.116427,-10.7472747],[-68.1164113,-10.7526839]]]}},{"type":"Feature","id":"AC-Y203-X771","properties":{"id":"AC-Y203-X771","grid_x":771,"grid_y":203,"centroid":[-68.1123518,-10.7445585],"aggregation":"none","score_gradboost":0.8320195,"score_random_forest":0.8287199,"score_logistic_regression":0.8481577,"score_fuzzy_knn_k29":0.7758266},"geometry":{"type":"Polygon","coordinates":[[[-68.116427,-10.7472747],[-68.1082607,-10.7472514],[-68.1082766,-10.7418422],[-68.1164428,-10.7418655],[-68.116427,-10.7472747]]]}},{"type":"Feature","id":"AC-Y204-X771","properties":{"id":"AC-Y204-X771","grid_x":771,"grid_y":204,"centroid":[-68.1123676,-10.7391493],"aggregation":"none","score_gradboost":0.7176717,"score_random_forest":0.7687307,"score_logistic_regression":0.7484527,"score_fuzzy_knn_k29":0.63128},"geometry":{"type":"Polygon","coordinates":[[[-68.1164428,-10.7418655],[-68.1082766,-10.7418422],[-68.1082924,-10.736433],[-68.1164585,-10.7364563],[-68.1164428,-10.7418655]]]}},{"type":"Feature","id":"AC-Y181-X746","properties":{"id":"AC-Y181-X746","grid_x":746,"grid_y":181,"centroid":[-68.3162444,-10.864082],"aggregation":"none","score_gradboost":0.4048224,"score_random_forest":0.4593394,"score_logistic_regression":0.5262348,"score_fuzzy_knn_k29":0.2867121},"geometry":{"type":"Polygon","coordinates":[[[-68.3203232,-10.8667958],[-68.3121532,-10.8667776],[-68.3121656,-10.8613682],[-68.3203354,-10.8613864],[-68.3203232,-10.8667958]]]}},{"type":"Feature","id":"AC-Y181-X747","properties":{"id":"AC-Y181-X747","grid_x":747,"grid_y":181,"centroid":[-68.3080745,-10.8640638],"aggregation":"none","score_gradboost":0.6983422,"score_random_forest":0.6283679,"score_logistic_regression":0.6177907,"score_fuzzy_knn_k29":0.3131303},"geometry":{"type":"Polygon","coordinates":[[[-68.3121532,-10.8667776],[-68.3039833,-10.8667592],[-68.3039958,-10.8613499],[-68.3121656,-10.8613682],[-68.3121532,-10.8667776]]]}},{"type":"Feature","id":"AC-Y181-X748","properties":{"id":"AC-Y181-X748","grid_x":748,"grid_y":181,"centroid":[-68.2999046,-10.8640453],"aggregation":"none","score_gradboost":0.6150478,"score_random_forest":0.5557879,"score_logistic_regression":0.5918719,"score_fuzzy_knn_k29":0.5796292},"geometry":{"type":"Polygon","coordinates":[[[-68.3039833,-10.8667592],[-68.2958134,-10.8667406],[-68.295826,-10.8613313],[-68.3039958,-10.8613499],[-68.3039833,-10.8667592]]]}},{"type":"Feature","id":"AC-Y181-X749","properties":{"id":"AC-Y181-X749","grid_x":749,"grid_y":181,"centroid":[-68.2917348,-10.8640266],"aggregation":"none","score_gradboost":0.3429952,"score_random_forest":0.3701196,"score_logistic_regression":0.5670163,"score_fuzzy_knn_k29":0.5153415},"geometry":{"type":"Polygon","coordinates":[[[-68.2958134,-10.8667406],[-68.2876434,-10.8667218],[-68.2876563,-10.8613124],[-68.295826,-10.8613313],[-68.2958134,-10.8667406]]]}},{"type":"Feature","id":"AC-Y181-X750","properties":{"id":"AC-Y181-X750","grid_x":750,"grid_y":181,"centroid":[-68.2835649,-10.8640076],"aggregation":"none","score_gradboost":0.8605108,"score_random_forest":0.6877085,"score_logistic_regression":0.6045947,"score_fuzzy_knn_k29":0.4534517},"geometry":{"type":"Polygon","coordinates":[[[-68.2876434,-10.8667218],[-68.2794735,-10.8667028],[-68.2794865,-10.8612934],[-68.2876563,-10.8613124],[-68.2876434,-10.8667218]]]}},{"type":"Feature","id":"AC-Y181-X751","properties":{"id":"AC-Y181-X751","grid_x":751,"grid_y":181,"centroid":[-68.2753951,-10.8639885],"aggregation":"none","score_gradboost":0.8297447,"score_random_forest":0.6161467,"score_logistic_regression":0.5671291,"score_fuzzy_knn_k29":0.5490395},"geometry":{"type":"Polygon","coordinates":[[[-68.2794735,-10.8667028],[-68.2713036,-10.8666835],[-68.2713168,-10.8612742],[-68.2794865,-10.8612934],[-68.2794735,-10.8667028]]]}},{"type":"Feature","id":"AC-Y181-X752","properties":{"id":"AC-Y181-X752","grid_x":752,"grid_y":181,"centroid":[-68.2672253,-10.8639691],"aggregation":"none","score_gradboost":0.4544846,"score_random_forest":0.4311126,"score_logistic_regression":0.5375078,"score_fuzzy_knn_k29":0.4699606},"geometry":{"type":"Polygon","coordinates":[[[-68.2713036,-10.8666835],[-68.2631338,-10.8666641],[-68.263147,-10.8612547],[-68.2713168,-10.8612742],[-68.2713036,-10.8666835]]]}},{"type":"Feature","id":"AC-Y181-X753","properties":{"id":"AC-Y181-X753","grid_x":753,"grid_y":181,"centroid":[-68.2590555,-10.8639496],"aggregation":"none","score_gradboost":0.4161714,"score_random_forest":0.3821475,"score_logistic_regression":0.5115138,"score_fuzzy_knn_k29":0.4660465},"geometry":{"type":"Polygon","coordinates":[[[-68.2631338,-10.8666641],[-68.2549639,-10.8666444],[-68.2549773,-10.861235],[-68.263147,-10.8612547],[-68.2631338,-10.8666641]]]}},{"type":"Feature","id":"AC-Y181-X754","properties":{"id":"AC-Y181-X754","grid_x":754,"grid_y":181,"centroid":[-68.2508857,-10.8639298],"aggregation":"none","score_gradboost":0.8005371,"score_random_forest":0.6890573,"score_logistic_regression":0.5291443,"score_fuzzy_knn_k29":0.796361},"geometry":{"type":"Polygon","coordinates":[[[-68.2549639,-10.8666444],[-68.2467941,-10.8666245],[-68.2468076,-10.8612151],[-68.2549773,-10.861235],[-68.2549639,-10.8666444]]]}},{"type":"Feature","id":"AC-Y181-X755","properties":{"id":"AC-Y181-X755","grid_x":755,"grid_y":181,"centroid":[-68.242716,-10.8639098],"aggregation":"none","score_gradboost":0.81829,"score_random_forest":0.8072716,"score_logistic_regression":0.6106299,"score_fuzzy_knn_k29":0.8506482},"geometry":{"type":"Polygon","coordinates":[[[-68.2467941,-10.8666245],[-68.2386242,-10.8666043],[-68.238638,-10.861195],[-68.2468076,-10.8612151],[-68.2467941,-10.8666245]]]}},{"type":"Feature","id":"AC-Y181-X756","properties":{"id":"AC-Y181-X756","grid_x":756,"grid_y":181,"centroid":[-68.2345462,-10.8638895],"aggregation":"none","score_gradboost":0.7235508,"score_random_forest":0.6719073,"score_logistic_regression":0.5770088,"score_fuzzy_knn_k29":0.8456699},"geometry":{"type":"Polygon","coordinates":[[[-68.2386242,-10.8666043],[-68.2304544,-10.866584],[-68.2304683,-10.8611747],[-68.238638,-10.861195],[-68.2386242,-10.8666043]]]}},{"type":"Feature","id":"AC-Y181-X757","properties":{"id":"AC-Y181-X757","grid_x":757,"grid_y":181,"centroid":[-68.2263765,-10.8638691],"aggregation":"none","score_gradboost":0.7864744,"score_random_forest":0.783304,"score_logistic_regression":0.7249595,"score_fuzzy_knn_k29":0.7424987},"geometry":{"type":"Polygon","coordinates":[[[-68.2304544,-10.866584],[-68.2222846,-10.8665634],[-68.2222986,-10.8611541],[-68.2304683,-10.8611747],[-68.2304544,-10.866584]]]}},{"type":"Feature","id":"AC-Y181-X758","properties":{"id":"AC-Y181-X758","grid_x":758,"grid_y":181,"centroid":[-68.2182068,-10.8638484],"aggregation":"none","score_gradboost":0.4353135,"score_random_forest":0.4955564,"score_logistic_regression":0.6515753,"score_fuzzy_knn_k29":0.6036986},"geometry":{"type":"Polygon","coordinates":[[[-68.2222846,-10.8665634],[-68.2141149,-10.8665427],[-68.214129,-10.8611334],[-68.2222986,-10.8611541],[-68.2222846,-10.8665634]]]}},{"type":"Feature","id":"AC-Y181-X760","properties":{"id":"AC-Y181-X760","grid_x":760,"grid_y":181,"centroid":[-68.2018674,-10.8638065],"aggregation":"none","score_gradboost":0.4152492,"score_random_forest":0.3015397,"score_logistic_regression":0.6788028,"score_fuzzy_knn_k29":0.2544046},"geometry":{"type":"Polygon","coordinates":[[[-68.2059451,-10.8665217],[-68.1977754,-10.8665005],[-68.1977898,-10.8610912],[-68.2059594,-10.8611124],[-68.2059451,-10.8665217]]]}},{"type":"Feature","id":"AC-Y182-X746","properties":{"id":"AC-Y182-X746","grid_x":746,"grid_y":182,"centroid":[-68.3162567,-10.8586726],"aggregation":"none","score_gradboost":0.2928366,"score_random_forest":0.427917,"score_logistic_regression":0.5723131,"score_fuzzy_knn_k29":0.2719025},"geometry":{"type":"Polygon","coordinates":[[[-68.3203354,-10.8613864],[-68.3121656,-10.8613682],[-68.312178,-10.8559588],[-68.3203477,-10.855977],[-68.3203354,-10.8613864]]]}},{"type":"Feature","id":"AC-Y182-X747","properties":{"id":"AC-Y182-X747","grid_x":747,"grid_y":182,"centroid":[-68.3080869,-10.8586544],"aggregation":"none","score_gradboost":0.9300061,"score_random_forest":0.8168183,"score_logistic_regression":0.7698675,"score_fuzzy_knn_k29":0.9343876},"geometry":{"type":"Polygon","coordinates":[[[-68.3121656,-10.8613682],[-68.3039958,-10.8613499],[-68.3040083,-10.8559405],[-68.312178,-10.8559588],[-68.3121656,-10.8613682]]]}},{"type":"Feature","id":"AC-Y182-X748","properties":{"id":"AC-Y182-X748","grid_x":748,"grid_y":182,"centroid":[-68.2999172,-10.8586359],"aggregation":"none","score_gradboost":0.6652939,"score_random_forest":0.5862189,"score_logistic_regression":0.6046682,"score_fuzzy_knn_k29":0.4403449},"geometry":{"type":"Polygon","coordinates":[[[-68.3039958,-10.8613499],[-68.295826,-10.8613313],[-68.2958387,-10.8559219],[-68.3040083,-10.8559405],[-68.3039958,-10.8613499]]]}},{"type":"Feature","id":"AC-Y182-X749","properties":{"id":"AC-Y182-X749","grid_x":749,"grid_y":182,"centroid":[-68.2917475,-10.8586172],"aggregation":"none","score_gradboost":0.3849455,"score_random_forest":0.3546566,"score_logistic_regression":0.5486175,"score_fuzzy_knn_k29":0.5978245},"geometry":{"type":"Polygon","coordinates":[[[-68.295826,-10.8613313],[-68.2876563,-10.8613124],[-68.2876691,-10.8559031],[-68.2958387,-10.8559219],[-68.295826,-10.8613313]]]}},{"type":"Feature","id":"AC-Y182-X750","properties":{"id":"AC-Y182-X750","grid_x":750,"grid_y":182,"centroid":[-68.2835778,-10.8585983],"aggregation":"none","score_gradboost":0.7281913,"score_random_forest":0.5637756,"score_logistic_regression":0.5763378,"score_fuzzy_knn_k29":0.2786074},"geometry":{"type":"Polygon","coordinates":[[[-68.2876563,-10.8613124],[-68.2794865,-10.8612934],[-68.2794995,-10.855884],[-68.2876691,-10.8559031],[-68.2876563,-10.8613124]]]}},{"type":"Feature","id":"AC-Y182-X751","properties":{"id":"AC-Y182-X751","grid_x":751,"grid_y":182,"centroid":[-68.2754082,-10.8585791],"aggregation":"none","score_gradboost":0.7163736,"score_random_forest":0.6783844,"score_logistic_regression":0.57265,"score_fuzzy_knn_k29":0.4199165},"geometry":{"type":"Polygon","coordinates":[[[-68.2794865,-10.8612934],[-68.2713168,-10.8612742],[-68.2713299,-10.8558648],[-68.2794995,-10.855884],[-68.2794865,-10.8612934]]]}},{"type":"Feature","id":"AC-Y182-X752","properties":{"id":"AC-Y182-X752","grid_x":752,"grid_y":182,"centroid":[-68.2672385,-10.8585598],"aggregation":"none","score_gradboost":0.7287706,"score_random_forest":0.6197962,"score_logistic_regression":0.552553,"score_fuzzy_knn_k29":0.5454444},"geometry":{"type":"Polygon","coordinates":[[[-68.2713168,-10.8612742],[-68.263147,-10.8612547],[-68.2631603,-10.8558454],[-68.2713299,-10.8558648],[-68.2713168,-10.8612742]]]}},{"type":"Feature","id":"AC-Y182-X753","properties":{"id":"AC-Y182-X753","grid_x":753,"grid_y":182,"centroid":[-68.2590689,-10.8585402],"aggregation":"none","score_gradboost":0.9327932,"score_random_forest":0.8544312,"score_logistic_regression":0.6032612,"score_fuzzy_knn_k29":0.9477031},"geometry":{"type":"Polygon","coordinates":[[[-68.263147,-10.8612547],[-68.2549773,-10.861235],[-68.2549907,-10.8558257],[-68.2631603,-10.8558454],[-68.263147,-10.8612547]]]}},{"type":"Feature","id":"AC-Y182-X754","properties":{"id":"AC-Y182-X754","grid_x":754,"grid_y":182,"centroid":[-68.2508992,-10.8585204],"aggregation":"none","score_gradboost":0.8310831,"score_random_forest":0.6858919,"score_logistic_regression":0.5349763,"score_fuzzy_knn_k29":0.7755861},"geometry":{"type":"Polygon","coordinates":[[[-68.2549773,-10.861235],[-68.2468076,-10.8612151],[-68.2468212,-10.8558058],[-68.2549907,-10.8558257],[-68.2549773,-10.861235]]]}},{"type":"Feature","id":"AC-Y182-X755","properties":{"id":"AC-Y182-X755","grid_x":755,"grid_y":182,"centroid":[-68.2427296,-10.8585004],"aggregation":"none","score_gradboost":0.9128534,"score_random_forest":0.7985743,"score_logistic_regression":0.585619,"score_fuzzy_knn_k29":0.8422136},"geometry":{"type":"Polygon","coordinates":[[[-68.2468076,-10.8612151],[-68.238638,-10.861195],[-68.2386517,-10.8557857],[-68.2468212,-10.8558058],[-68.2468076,-10.8612151]]]}},{"type":"Feature","id":"AC-Y182-X756","properties":{"id":"AC-Y182-X756","grid_x":756,"grid_y":182,"centroid":[-68.23456,-10.8584802],"aggregation":"none","score_gradboost":0.934609,"score_random_forest":0.9054867,"score_logistic_regression":0.7618113,"score_fuzzy_knn_k29":0.9677013},"geometry":{"type":"Polygon","coordinates":[[[-68.238638,-10.861195],[-68.2304683,-10.8611747],[-68.2304821,-10.8557654],[-68.2386517,-10.8557857],[-68.238638,-10.861195]]]}},{"type":"Feature","id":"AC-Y182-X757","properties":{"id":"AC-Y182-X757","grid_x":757,"grid_y":182,"centroid":[-68.2263904,-10.8584598],"aggregation":"none","score_gradboost":0.809713,"score_random_forest":0.8371819,"score_logistic_regression":0.6841456,"score_fuzzy_knn_k29":0.8201959},"geometry":{"type":"Polygon","coordinates":[[[-68.2304683,-10.8611747],[-68.2222986,-10.8611541],[-68.2223126,-10.8557448],[-68.2304821,-10.8557654],[-68.2304683,-10.8611747]]]}},{"type":"Feature","id":"AC-Y182-X758","properties":{"id":"AC-Y182-X758","grid_x":758,"grid_y":182,"centroid":[-68.2182209,-10.8584391],"aggregation":"none","score_gradboost":0.6909831,"score_random_forest":0.7716104,"score_logistic_regression":0.75418,"score_fuzzy_knn_k29":0.4775424},"geometry":{"type":"Polygon","coordinates":[[[-68.2222986,-10.8611541],[-68.214129,-10.8611334],[-68.2141432,-10.8557241],[-68.2223126,-10.8557448],[-68.2222986,-10.8611541]]]}},{"type":"Feature","id":"AC-Y182-X760","properties":{"id":"AC-Y182-X760","grid_x":760,"grid_y":182,"centroid":[-68.2018818,-10.8583972],"aggregation":"none","score_gradboost":0.3303148,"score_random_forest":0.2470196,"score_logistic_regression":0.7496265,"score_fuzzy_knn_k29":0.2623506},"geometry":{"type":"Polygon","coordinates":[[[-68.2059594,-10.8611124],[-68.1977898,-10.8610912],[-68.1978042,-10.8556819],[-68.2059737,-10.8557031],[-68.2059594,-10.8611124]]]}},{"type":"Feature","id":"AC-Y182-X761","properties":{"id":"AC-Y182-X761","grid_x":761,"grid_y":182,"centroid":[-68.1937123,-10.8583759],"aggregation":"none","score_gradboost":0.1313393,"score_random_forest":0.1940844,"score_logistic_regression":0.7299402,"score_fuzzy_knn_k29":0.2653508},"geometry":{"type":"Polygon","coordinates":[[[-68.1977898,-10.8610912],[-68.1896202,-10.8610698],[-68.1896348,-10.8556605],[-68.1978042,-10.8556819],[-68.1977898,-10.8610912]]]}},{"type":"Feature","id":"AC-Y183-X747","properties":{"id":"AC-Y183-X747","grid_x":747,"grid_y":183,"centroid":[-68.3080994,-10.853245],"aggregation":"none","score_gradboost":0.4661136,"score_random_forest":0.463635,"score_logistic_regression":0.5759574,"score_fuzzy_knn_k29":0.3796936},"geometry":{"type":"Polygon","coordinates":[[[-68.312178,-10.8559588],[-68.3040083,-10.8559405],[-68.3040209,-10.8505311],[-68.3121904,-10.8505494],[-68.312178,-10.8559588]]]}},{"type":"Feature","id":"AC-Y183-X748","properties":{"id":"AC-Y183-X748","grid_x":748,"grid_y":183,"centroid":[-68.2999298,-10.8532265],"aggregation":"none","score_gradboost":0.6822028,"score_random_forest":0.565583,"score_logistic_regression":0.6002217,"score_fuzzy_knn_k29":0.4644283},"geometry":{"type":"Polygon","coordinates":[[[-68.3040083,-10.8559405],[-68.2958387,-10.8559219],[-68.2958514,-10.8505125],[-68.3040209,-10.8505311],[-68.3040083,-10.8559405]]]}},{"type":"Feature","id":"AC-Y183-X749","properties":{"id":"AC-Y183-X749","grid_x":749,"grid_y":183,"centroid":[-68.2917603,-10.8532078],"aggregation":"none","score_gradboost":0.3149075,"score_random_forest":0.4105156,"score_logistic_regression":0.5529111,"score_fuzzy_knn_k29":0.6448094},"geometry":{"type":"Polygon","coordinates":[[[-68.2958387,-10.8559219],[-68.2876691,-10.8559031],[-68.2876819,-10.8504937],[-68.2958514,-10.8505125],[-68.2958387,-10.8559219]]]}},{"type":"Feature","id":"AC-Y183-X750","properties":{"id":"AC-Y183-X750","grid_x":750,"grid_y":183,"centroid":[-68.2835907,-10.8531889],"aggregation":"none","score_gradboost":0.2199709,"score_random_forest":0.281922,"score_logistic_regression":0.5208662,"score_fuzzy_knn_k29":0.5333676},"geometry":{"type":"Polygon","coordinates":[[[-68.2876691,-10.8559031],[-68.2794995,-10.855884],[-68.2795124,-10.8504747],[-68.2876819,-10.8504937],[-68.2876691,-10.8559031]]]}},{"type":"Feature","id":"AC-Y183-X751","properties":{"id":"AC-Y183-X751","grid_x":751,"grid_y":183,"centroid":[-68.2754212,-10.8531698],"aggregation":"none","score_gradboost":0.5122828,"score_random_forest":0.2559515,"score_logistic_regression":0.5086299,"score_fuzzy_knn_k29":0.4891198},"geometry":{"type":"Polygon","coordinates":[[[-68.2794995,-10.855884],[-68.2713299,-10.8558648],[-68.271343,-10.8504555],[-68.2795124,-10.8504747],[-68.2794995,-10.855884]]]}},{"type":"Feature","id":"AC-Y183-X752","properties":{"id":"AC-Y183-X752","grid_x":752,"grid_y":183,"centroid":[-68.2672517,-10.8531504],"aggregation":"none","score_gradboost":0.7665508,"score_random_forest":0.7160777,"score_logistic_regression":0.5856173,"score_fuzzy_knn_k29":0.8523061},"geometry":{"type":"Polygon","coordinates":[[[-68.2713299,-10.8558648],[-68.2631603,-10.8558454],[-68.2631736,-10.850436],[-68.271343,-10.8504555],[-68.2713299,-10.8558648]]]}},{"type":"Feature","id":"AC-Y183-X753","properties":{"id":"AC-Y183-X753","grid_x":753,"grid_y":183,"centroid":[-68.2590822,-10.8531309],"aggregation":"none","score_gradboost":0.5422728,"score_random_forest":0.4473465,"score_logistic_regression":0.5230072,"score_fuzzy_knn_k29":0.5689701},"geometry":{"type":"Polygon","coordinates":[[[-68.2631603,-10.8558454],[-68.2549907,-10.8558257],[-68.2550041,-10.8504163],[-68.2631736,-10.850436],[-68.2631603,-10.8558454]]]}},{"type":"Feature","id":"AC-Y183-X754","properties":{"id":"AC-Y183-X754","grid_x":754,"grid_y":183,"centroid":[-68.2509127,-10.8531111],"aggregation":"none","score_gradboost":0.8167788,"score_random_forest":0.8201222,"score_logistic_regression":0.6713693,"score_fuzzy_knn_k29":0.7463694},"geometry":{"type":"Polygon","coordinates":[[[-68.2549907,-10.8558257],[-68.2468212,-10.8558058],[-68.2468347,-10.8503965],[-68.2550041,-10.8504163],[-68.2549907,-10.8558257]]]}},{"type":"Feature","id":"AC-Y183-X755","properties":{"id":"AC-Y183-X755","grid_x":755,"grid_y":183,"centroid":[-68.2427432,-10.8530911],"aggregation":"none","score_gradboost":0.8659706,"score_random_forest":0.8077267,"score_logistic_regression":0.6745485,"score_fuzzy_knn_k29":0.7059377},"geometry":{"type":"Polygon","coordinates":[[[-68.2468212,-10.8558058],[-68.2386517,-10.8557857],[-68.2386653,-10.8503764],[-68.2468347,-10.8503965],[-68.2468212,-10.8558058]]]}},{"type":"Feature","id":"AC-Y183-X756","properties":{"id":"AC-Y183-X756","grid_x":756,"grid_y":183,"centroid":[-68.2345738,-10.8530709],"aggregation":"none","score_gradboost":0.9338692,"score_random_forest":0.8539808,"score_logistic_regression":0.7072846,"score_fuzzy_knn_k29":0.8899775},"geometry":{"type":"Polygon","coordinates":[[[-68.2386517,-10.8557857],[-68.2304821,-10.8557654],[-68.230496,-10.8503561],[-68.2386653,-10.8503764],[-68.2386517,-10.8557857]]]}},{"type":"Feature","id":"AC-Y183-X757","properties":{"id":"AC-Y183-X757","grid_x":757,"grid_y":183,"centroid":[-68.2264043,-10.8530505],"aggregation":"none","score_gradboost":0.916386,"score_random_forest":0.9005816,"score_logistic_regression":0.7412136,"score_fuzzy_knn_k29":0.9031757},"geometry":{"type":"Polygon","coordinates":[[[-68.2304821,-10.8557654],[-68.2223126,-10.8557448],[-68.2223266,-10.8503355],[-68.230496,-10.8503561],[-68.2304821,-10.8557654]]]}},{"type":"Feature","id":"AC-Y183-X758","properties":{"id":"AC-Y183-X758","grid_x":758,"grid_y":183,"centroid":[-68.2182349,-10.8530298],"aggregation":"none","score_gradboost":0.8910058,"score_random_forest":0.8521431,"score_logistic_regression":0.7013538,"score_fuzzy_knn_k29":0.7344024},"geometry":{"type":"Polygon","coordinates":[[[-68.2223126,-10.8557448],[-68.2141432,-10.8557241],[-68.2141573,-10.8503148],[-68.2223266,-10.8503355],[-68.2223126,-10.8557448]]]}},{"type":"Feature","id":"AC-Y183-X759","properties":{"id":"AC-Y183-X759","grid_x":759,"grid_y":183,"centroid":[-68.2100655,-10.853009],"aggregation":"none","score_gradboost":0.786626,"score_random_forest":0.7956413,"score_logistic_regression":0.7113425,"score_fuzzy_knn_k29":0.4161018},"geometry":{"type":"Polygon","coordinates":[[[-68.2141432,-10.8557241],[-68.2059737,-10.8557031],[-68.205988,-10.8502938],[-68.2141573,-10.8503148],[-68.2141432,-10.8557241]]]}},{"type":"Feature","id":"AC-Y183-X760","properties":{"id":"AC-Y183-X760","grid_x":760,"grid_y":183,"centroid":[-68.2018961,-10.8529879],"aggregation":"none","score_gradboost":0.3944314,"score_random_forest":0.3816001,"score_logistic_regression":0.725036,"score_fuzzy_knn_k29":0.4229956},"geometry":{"type":"Polygon","coordinates":[[[-68.2059737,-10.8557031],[-68.1978042,-10.8556819],[-68.1978187,-10.8502727],[-68.205988,-10.8502938],[-68.2059737,-10.8557031]]]}},{"type":"Feature","id":"AC-Y184-X747","properties":{"id":"AC-Y184-X747","grid_x":747,"grid_y":184,"centroid":[-68.3081118,-10.8478356],"aggregation":"none","score_gradboost":0.6298557,"score_random_forest":0.6895496,"score_logistic_regression":0.6458487,"score_fuzzy_knn_k29":0.4217044},"geometry":{"type":"Polygon","coordinates":[[[-68.3121904,-10.8505494],[-68.3040209,-10.8505311],[-68.3040334,-10.8451217],[-68.3122027,-10.84514],[-68.3121904,-10.8505494]]]}},{"type":"Feature","id":"AC-Y184-X748","properties":{"id":"AC-Y184-X748","grid_x":748,"grid_y":184,"centroid":[-68.2999424,-10.8478171],"aggregation":"none","score_gradboost":0.844325,"score_random_forest":0.662336,"score_logistic_regression":0.6368962,"score_fuzzy_knn_k29":0.3626094},"geometry":{"type":"Polygon","coordinates":[[[-68.3040209,-10.8505311],[-68.2958514,-10.8505125],[-68.295864,-10.8451031],[-68.3040334,-10.8451217],[-68.3040209,-10.8505311]]]}},{"type":"Feature","id":"AC-Y184-X749","properties":{"id":"AC-Y184-X749","grid_x":749,"grid_y":184,"centroid":[-68.291773,-10.8477984],"aggregation":"none","score_gradboost":0.3988453,"score_random_forest":0.5639991,"score_logistic_regression":0.5799837,"score_fuzzy_knn_k29":0.7678424},"geometry":{"type":"Polygon","coordinates":[[[-68.2958514,-10.8505125],[-68.2876819,-10.8504937],[-68.2876947,-10.8450843],[-68.295864,-10.8451031],[-68.2958514,-10.8505125]]]}},{"type":"Feature","id":"AC-Y184-X750","properties":{"id":"AC-Y184-X750","grid_x":750,"grid_y":184,"centroid":[-68.2836036,-10.8477795],"aggregation":"none","score_gradboost":0.4410552,"score_random_forest":0.3059317,"score_logistic_regression":0.5234022,"score_fuzzy_knn_k29":0.5828596},"geometry":{"type":"Polygon","coordinates":[[[-68.2876819,-10.8504937],[-68.2795124,-10.8504747],[-68.2795254,-10.8450653],[-68.2876947,-10.8450843],[-68.2876819,-10.8504937]]]}},{"type":"Feature","id":"AC-Y184-X751","properties":{"id":"AC-Y184-X751","grid_x":751,"grid_y":184,"centroid":[-68.2754342,-10.8477604],"aggregation":"none","score_gradboost":0.9582885,"score_random_forest":0.9515623,"score_logistic_regression":0.7219953,"score_fuzzy_knn_k29":0.972572},"geometry":{"type":"Polygon","coordinates":[[[-68.2795124,-10.8504747],[-68.271343,-10.8504555],[-68.2713561,-10.8450461],[-68.2795254,-10.8450653],[-68.2795124,-10.8504747]]]}},{"type":"Feature","id":"AC-Y184-X752","properties":{"id":"AC-Y184-X752","grid_x":752,"grid_y":184,"centroid":[-68.2672649,-10.8477411],"aggregation":"none","score_gradboost":0.4427206,"score_random_forest":0.4145977,"score_logistic_regression":0.5420046,"score_fuzzy_knn_k29":0.3920866},"geometry":{"type":"Polygon","coordinates":[[[-68.271343,-10.8504555],[-68.2631736,-10.850436],[-68.2631868,-10.8450267],[-68.2713561,-10.8450461],[-68.271343,-10.8504555]]]}},{"type":"Feature","id":"AC-Y184-X753","properties":{"id":"AC-Y184-X753","grid_x":753,"grid_y":184,"centroid":[-68.2590955,-10.8477215],"aggregation":"none","score_gradboost":0.9424849,"score_random_forest":0.8915463,"score_logistic_regression":0.7251792,"score_fuzzy_knn_k29":0.9543424},"geometry":{"type":"Polygon","coordinates":[[[-68.2631736,-10.850436],[-68.2550041,-10.8504163],[-68.2550175,-10.845007],[-68.2631868,-10.8450267],[-68.2631736,-10.850436]]]}},{"type":"Feature","id":"AC-Y184-X754","properties":{"id":"AC-Y184-X754","grid_x":754,"grid_y":184,"centroid":[-68.2509262,-10.8477018],"aggregation":"none","score_gradboost":0.697049,"score_random_forest":0.7403233,"score_logistic_regression":0.5652243,"score_fuzzy_knn_k29":0.8425853},"geometry":{"type":"Polygon","coordinates":[[[-68.2550041,-10.8504163],[-68.2468347,-10.8503965],[-68.2468483,-10.8449871],[-68.2550175,-10.845007],[-68.2550041,-10.8504163]]]}},{"type":"Feature","id":"AC-Y184-X755","properties":{"id":"AC-Y184-X755","grid_x":755,"grid_y":184,"centroid":[-68.2427568,-10.8476818],"aggregation":"none","score_gradboost":0.6694117,"score_random_forest":0.7681628,"score_logistic_regression":0.6731299,"score_fuzzy_knn_k29":0.6431697},"geometry":{"type":"Polygon","coordinates":[[[-68.2468347,-10.8503965],[-68.2386653,-10.8503764],[-68.238679,-10.8449671],[-68.2468483,-10.8449871],[-68.2468347,-10.8503965]]]}},{"type":"Feature","id":"AC-Y184-X756","properties":{"id":"AC-Y184-X756","grid_x":756,"grid_y":184,"centroid":[-68.2345875,-10.8476616],"aggregation":"none","score_gradboost":0.8668351,"score_random_forest":0.8947777,"score_logistic_regression":0.7550141,"score_fuzzy_knn_k29":0.9510447},"geometry":{"type":"Polygon","coordinates":[[[-68.2386653,-10.8503764],[-68.230496,-10.8503561],[-68.2305098,-10.8449468],[-68.238679,-10.8449671],[-68.2386653,-10.8503764]]]}},{"type":"Feature","id":"AC-Y184-X757","properties":{"id":"AC-Y184-X757","grid_x":757,"grid_y":184,"centroid":[-68.2264183,-10.8476412],"aggregation":"none","score_gradboost":0.8593306,"score_random_forest":0.8637926,"score_logistic_regression":0.841063,"score_fuzzy_knn_k29":0.7424478},"geometry":{"type":"Polygon","coordinates":[[[-68.230496,-10.8503561],[-68.2223266,-10.8503355],[-68.2223406,-10.8449262],[-68.2305098,-10.8449468],[-68.230496,-10.8503561]]]}},{"type":"Feature","id":"AC-Y184-X758","properties":{"id":"AC-Y184-X758","grid_x":758,"grid_y":184,"centroid":[-68.218249,-10.8476206],"aggregation":"none","score_gradboost":0.8262172,"score_random_forest":0.7598259,"score_logistic_regression":0.6446381,"score_fuzzy_knn_k29":0.7234681},"geometry":{"type":"Polygon","coordinates":[[[-68.2223266,-10.8503355],[-68.2141573,-10.8503148],[-68.2141714,-10.8449055],[-68.2223406,-10.8449262],[-68.2223266,-10.8503355]]]}},{"type":"Feature","id":"AC-Y184-X759","properties":{"id":"AC-Y184-X759","grid_x":759,"grid_y":184,"centroid":[-68.2100797,-10.8475997],"aggregation":"none","score_gradboost":0.8729895,"score_random_forest":0.7839869,"score_logistic_regression":0.6566186,"score_fuzzy_knn_k29":0.6180791},"geometry":{"type":"Polygon","coordinates":[[[-68.2141573,-10.8503148],[-68.205988,-10.8502938],[-68.2060022,-10.8448846],[-68.2141714,-10.8449055],[-68.2141573,-10.8503148]]]}},{"type":"Feature","id":"AC-Y184-X760","properties":{"id":"AC-Y184-X760","grid_x":760,"grid_y":184,"centroid":[-68.2019105,-10.8475786],"aggregation":"none","score_gradboost":0.7406998,"score_random_forest":0.7149304,"score_logistic_regression":0.6710512,"score_fuzzy_knn_k29":0.3896374},"geometry":{"type":"Polygon","coordinates":[[[-68.205988,-10.8502938],[-68.1978187,-10.8502727],[-68.1978331,-10.8448634],[-68.2060022,-10.8448846],[-68.205988,-10.8502938]]]}},{"type":"Feature","id":"AC-Y185-X748","properties":{"id":"AC-Y185-X748","grid_x":748,"grid_y":185,"centroid":[-68.299955,-10.8424077],"aggregation":"none","score_gradboost":0.9052004,"score_random_forest":0.7551877,"score_logistic_regression":0.651596,"score_fuzzy_knn_k29":0.4106047},"geometry":{"type":"Polygon","coordinates":[[[-68.3040334,-10.8451217],[-68.295864,-10.8451031],[-68.2958767,-10.8396937],[-68.3040459,-10.8397122],[-68.3040334,-10.8451217]]]}},{"type":"Feature","id":"AC-Y185-X749","properties":{"id":"AC-Y185-X749","grid_x":749,"grid_y":185,"centroid":[-68.2917857,-10.842389],"aggregation":"none","score_gradboost":0.7073232,"score_random_forest":0.6415159,"score_logistic_regression":0.6144672,"score_fuzzy_knn_k29":0.109495},"geometry":{"type":"Polygon","coordinates":[[[-68.295864,-10.8451031],[-68.2876947,-10.8450843],[-68.2877075,-10.8396749],[-68.2958767,-10.8396937],[-68.295864,-10.8451031]]]}},{"type":"Feature","id":"AC-Y185-X750","properties":{"id":"AC-Y185-X750","grid_x":750,"grid_y":185,"centroid":[-68.2836165,-10.8423701],"aggregation":"none","score_gradboost":0.6390175,"score_random_forest":0.6495386,"score_logistic_regression":0.5806063,"score_fuzzy_knn_k29":0.5282737},"geometry":{"type":"Polygon","coordinates":[[[-68.2876947,-10.8450843],[-68.2795254,-10.8450653],[-68.2795383,-10.8396559],[-68.2877075,-10.8396749],[-68.2876947,-10.8450843]]]}},{"type":"Feature","id":"AC-Y185-X751","properties":{"id":"AC-Y185-X751","grid_x":751,"grid_y":185,"centroid":[-68.2754472,-10.842351],"aggregation":"none","score_gradboost":0.3578229,"score_random_forest":0.482616,"score_logistic_regression":0.6405649,"score_fuzzy_knn_k29":0.7151926},"geometry":{"type":"Polygon","coordinates":[[[-68.2795254,-10.8450653],[-68.2713561,-10.8450461],[-68.2713692,-10.8396367],[-68.2795383,-10.8396559],[-68.2795254,-10.8450653]]]}},{"type":"Feature","id":"AC-Y185-X752","properties":{"id":"AC-Y185-X752","grid_x":752,"grid_y":185,"centroid":[-68.267278,-10.8423317],"aggregation":"none","score_gradboost":0.7275026,"score_random_forest":0.4990879,"score_logistic_regression":0.5473867,"score_fuzzy_knn_k29":0.4668908},"geometry":{"type":"Polygon","coordinates":[[[-68.2713561,-10.8450461],[-68.2631868,-10.8450267],[-68.2632,-10.8396173],[-68.2713692,-10.8396367],[-68.2713561,-10.8450461]]]}},{"type":"Feature","id":"AC-Y185-X753","properties":{"id":"AC-Y185-X753","grid_x":753,"grid_y":185,"centroid":[-68.2591088,-10.8423122],"aggregation":"none","score_gradboost":0.7440796,"score_random_forest":0.7034513,"score_logistic_regression":0.5752309,"score_fuzzy_knn_k29":0.7750818},"geometry":{"type":"Polygon","coordinates":[[[-68.2631868,-10.8450267],[-68.2550175,-10.845007],[-68.2550309,-10.8395977],[-68.2632,-10.8396173],[-68.2631868,-10.8450267]]]}},{"type":"Feature","id":"AC-Y185-X754","properties":{"id":"AC-Y185-X754","grid_x":754,"grid_y":185,"centroid":[-68.2509396,-10.8422924],"aggregation":"none","score_gradboost":0.8454228,"score_random_forest":0.7791708,"score_logistic_regression":0.5578589,"score_fuzzy_knn_k29":0.8363253},"geometry":{"type":"Polygon","coordinates":[[[-68.2550175,-10.845007],[-68.2468483,-10.8449871],[-68.2468618,-10.8395778],[-68.2550309,-10.8395977],[-68.2550175,-10.845007]]]}},{"type":"Feature","id":"AC-Y185-X755","properties":{"id":"AC-Y185-X755","grid_x":755,"grid_y":185,"centroid":[-68.2427705,-10.8422725],"aggregation":"none","score_gradboost":0.8095823,"score_random_forest":0.8500383,"score_logistic_regression":0.7604376,"score_fuzzy_knn_k29":0.8872685},"geometry":{"type":"Polygon","coordinates":[[[-68.2468483,-10.8449871],[-68.238679,-10.8449671],[-68.2386927,-10.8395577],[-68.2468618,-10.8395778],[-68.2468483,-10.8449871]]]}},{"type":"Feature","id":"AC-Y185-X756","properties":{"id":"AC-Y185-X756","grid_x":756,"grid_y":185,"centroid":[-68.2346013,-10.8422523],"aggregation":"none","score_gradboost":0.8751658,"score_random_forest":0.8478542,"score_logistic_regression":0.7456355,"score_fuzzy_knn_k29":0.9487459},"geometry":{"type":"Polygon","coordinates":[[[-68.238679,-10.8449671],[-68.2305098,-10.8449468],[-68.2305236,-10.8395374],[-68.2386927,-10.8395577],[-68.238679,-10.8449671]]]}},{"type":"Feature","id":"AC-Y185-X757","properties":{"id":"AC-Y185-X757","grid_x":757,"grid_y":185,"centroid":[-68.2264322,-10.8422319],"aggregation":"none","score_gradboost":0.7282921,"score_random_forest":0.7898136,"score_logistic_regression":0.8265242,"score_fuzzy_knn_k29":0.6517198},"geometry":{"type":"Polygon","coordinates":[[[-68.2305098,-10.8449468],[-68.2223406,-10.8449262],[-68.2223546,-10.8395169],[-68.2305236,-10.8395374],[-68.2305098,-10.8449468]]]}},{"type":"Feature","id":"AC-Y185-X758","properties":{"id":"AC-Y185-X758","grid_x":758,"grid_y":185,"centroid":[-68.218263,-10.8422113],"aggregation":"none","score_gradboost":0.7636397,"score_random_forest":0.870617,"score_logistic_regression":0.6163758,"score_fuzzy_knn_k29":0.8671942},"geometry":{"type":"Polygon","coordinates":[[[-68.2223406,-10.8449262],[-68.2141714,-10.8449055],[-68.2141855,-10.8394962],[-68.2223546,-10.8395169],[-68.2223406,-10.8449262]]]}},{"type":"Feature","id":"AC-Y185-X759","properties":{"id":"AC-Y185-X759","grid_x":759,"grid_y":185,"centroid":[-68.2100939,-10.8421904],"aggregation":"none","score_gradboost":0.8856552,"score_random_forest":0.8622553,"score_logistic_regression":0.5962662,"score_fuzzy_knn_k29":0.840678},"geometry":{"type":"Polygon","coordinates":[[[-68.2141714,-10.8449055],[-68.2060022,-10.8448846],[-68.2060165,-10.8394753],[-68.2141855,-10.8394962],[-68.2141714,-10.8449055]]]}},{"type":"Feature","id":"AC-Y186-X748","properties":{"id":"AC-Y186-X748","grid_x":748,"grid_y":186,"centroid":[-68.2999676,-10.8369983],"aggregation":"none","score_gradboost":0.8332949,"score_random_forest":0.7364337,"score_logistic_regression":0.648114,"score_fuzzy_knn_k29":0.4124636},"geometry":{"type":"Polygon","coordinates":[[[-68.3040459,-10.8397122],[-68.2958767,-10.8396937],[-68.2958893,-10.8342843],[-68.3040584,-10.8343028],[-68.3040459,-10.8397122]]]}},{"type":"Feature","id":"AC-Y186-X749","properties":{"id":"AC-Y186-X749","grid_x":749,"grid_y":186,"centroid":[-68.2917984,-10.8369796],"aggregation":"none","score_gradboost":0.6696892,"score_random_forest":0.7258069,"score_logistic_regression":0.714025,"score_fuzzy_knn_k29":0.0},"geometry":{"type":"Polygon","coordinates":[[[-68.2958767,-10.8396937],[-68.2877075,-10.8396749],[-68.2877203,-10.8342655],[-68.2958893,-10.8342843],[-68.2958767,-10.8396937]]]}},{"type":"Feature","id":"AC-Y186-X750","properties":{"id":"AC-Y186-X750","grid_x":750,"grid_y":186,"centroid":[-68.2836293,-10.8369608],"aggregation":"none","score_gradboost":0.6368563,"score_random_forest":0.6844073,"score_logistic_regression":0.6155424,"score_fuzzy_knn_k29":0.4265399},"geometry":{"type":"Polygon","coordinates":[[[-68.2877075,-10.8396749],[-68.2795383,-10.8396559],[-68.2795513,-10.8342465],[-68.2877203,-10.8342655],[-68.2877075,-10.8396749]]]}},{"type":"Feature","id":"AC-Y186-X751","properties":{"id":"AC-Y186-X751","grid_x":751,"grid_y":186,"centroid":[-68.2754603,-10.8369417],"aggregation":"none","score_gradboost":0.2582668,"score_random_forest":0.2701276,"score_logistic_regression":0.4928037,"score_fuzzy_knn_k29":0.5359794},"geometry":{"type":"Polygon","coordinates":[[[-68.2795383,-10.8396559],[-68.2713692,-10.8396367],[-68.2713823,-10.8342274],[-68.2795513,-10.8342465],[-68.2795383,-10.8396559]]]}},{"type":"Feature","id":"AC-Y186-X752","properties":{"id":"AC-Y186-X752","grid_x":752,"grid_y":186,"centroid":[-68.2672912,-10.8369224],"aggregation":"none","score_gradboost":0.886904,"score_random_forest":0.7396047,"score_logistic_regression":0.6044156,"score_fuzzy_knn_k29":0.7185712},"geometry":{"type":"Polygon","coordinates":[[[-68.2713692,-10.8396367],[-68.2632,-10.8396173],[-68.2632133,-10.8342079],[-68.2713823,-10.8342274],[-68.2713692,-10.8396367]]]}},{"type":"Feature","id":"AC-Y186-X753","properties":{"id":"AC-Y186-X753","grid_x":753,"grid_y":186,"centroid":[-68.2591221,-10.8369028],"aggregation":"none","score_gradboost":0.5975541,"score_random_forest":0.4098999,"score_logistic_regression":0.541906,"score_fuzzy_knn_k29":0.0},"geometry":{"type":"Polygon","coordinates":[[[-68.2632,-10.8396173],[-68.2550309,-10.8395977],[-68.2550443,-10.8341883],[-68.2632133,-10.8342079],[-68.2632,-10.8396173]]]}},{"type":"Feature","id":"AC-Y186-X754","properties":{"id":"AC-Y186-X754","grid_x":754,"grid_y":186,"centroid":[-68.2509531,-10.8368831],"aggregation":"none","score_gradboost":0.9449612,"score_random_forest":0.9381768,"score_logistic_regression":0.7481685,"score_fuzzy_knn_k29":0.9526782},"geometry":{"type":"Polygon","coordinates":[[[-68.2550309,-10.8395977],[-68.2468618,-10.8395778],[-68.2468753,-10.8341685],[-68.2550443,-10.8341883],[-68.2550309,-10.8395977]]]}},{"type":"Feature","id":"AC-Y186-X755","properties":{"id":"AC-Y186-X755","grid_x":755,"grid_y":186,"centroid":[-68.2427841,-10.8368631],"aggregation":"none","score_gradboost":0.9124729,"score_random_forest":0.9295368,"score_logistic_regression":0.7370265,"score_fuzzy_knn_k29":0.5978661},"geometry":{"type":"Polygon","coordinates":[[[-68.2468618,-10.8395778],[-68.2386927,-10.8395577],[-68.2387064,-10.8341484],[-68.2468753,-10.8341685],[-68.2468618,-10.8395778]]]}},{"type":"Feature","id":"AC-Y186-X756","properties":{"id":"AC-Y186-X756","grid_x":756,"grid_y":186,"centroid":[-68.234615,-10.836843],"aggregation":"none","score_gradboost":0.775642,"score_random_forest":0.8469906,"score_logistic_regression":0.6720117,"score_fuzzy_knn_k29":0.7932936},"geometry":{"type":"Polygon","coordinates":[[[-68.2386927,-10.8395577],[-68.2305236,-10.8395374],[-68.2305375,-10.8341281],[-68.2387064,-10.8341484],[-68.2386927,-10.8395577]]]}},{"type":"Feature","id":"AC-Y186-X757","properties":{"id":"AC-Y186-X757","grid_x":757,"grid_y":186,"centroid":[-68.2264461,-10.8368226],"aggregation":"none","score_gradboost":0.8134705,"score_random_forest":0.8640389,"score_logistic_regression":0.6341944,"score_fuzzy_knn_k29":0.8465248},"geometry":{"type":"Polygon","coordinates":[[[-68.2305236,-10.8395374],[-68.2223546,-10.8395169],[-68.2223685,-10.8341076],[-68.2305375,-10.8341281],[-68.2305236,-10.8395374]]]}},{"type":"Feature","id":"AC-Y186-X758","properties":{"id":"AC-Y186-X758","grid_x":758,"grid_y":186,"centroid":[-68.2182771,-10.836802],"aggregation":"none","score_gradboost":0.7343751,"score_random_forest":0.7617443,"score_logistic_regression":0.5489724,"score_fuzzy_knn_k29":0.8639747},"geometry":{"type":"Polygon","coordinates":[[[-68.2223546,-10.8395169],[-68.2141855,-10.8394962],[-68.2141996,-10.8340869],[-68.2223685,-10.8341076],[-68.2223546,-10.8395169]]]}},{"type":"Feature","id":"AC-Y186-X759","properties":{"id":"AC-Y186-X759","grid_x":759,"grid_y":186,"centroid":[-68.2101081,-10.8367811],"aggregation":"none","score_gradboost":0.8258674,"score_random_forest":0.8859599,"score_logistic_regression":0.609022,"score_fuzzy_knn_k29":0.8879358},"geometry":{"type":"Polygon","coordinates":[[[-68.2141855,-10.8394962],[-68.2060165,-10.8394753],[-68.2060308,-10.834066],[-68.2141996,-10.8340869],[-68.2141855,-10.8394962]]]}},{"type":"Feature","id":"AC-Y187-X748","properties":{"id":"AC-Y187-X748","grid_x":748,"grid_y":187,"centroid":[-68.2999801,-10.8315889],"aggregation":"none","score_gradboost":0.8449047,"score_random_forest":0.818399,"score_logistic_regression":0.6841625,"score_fuzzy_knn_k29":0.5437258},"geometry":{"type":"Polygon","coordinates":[[[-68.3040584,-10.8343028],[-68.2958893,-10.8342843],[-68.295902,-10.8288749],[-68.3040709,-10.8288934],[-68.3040584,-10.8343028]]]}},{"type":"Feature","id":"AC-Y187-X749","properties":{"id":"AC-Y187-X749","grid_x":749,"grid_y":187,"centroid":[-68.2918112,-10.8315702],"aggregation":"none","score_gradboost":0.9839673,"score_random_forest":0.9692754,"score_logistic_regression":0.7623108,"score_fuzzy_knn_k29":0.9430342},"geometry":{"type":"Polygon","coordinates":[[[-68.2958893,-10.8342843],[-68.2877203,-10.8342655],[-68.2877331,-10.8288561],[-68.295902,-10.8288749],[-68.2958893,-10.8342843]]]}},{"type":"Feature","id":"AC-Y187-X750","properties":{"id":"AC-Y187-X750","grid_x":750,"grid_y":187,"centroid":[-68.2836422,-10.8315514],"aggregation":"none","score_gradboost":0.605395,"score_random_forest":0.6220157,"score_logistic_regression":0.5800254,"score_fuzzy_knn_k29":0.7576028},"geometry":{"type":"Polygon","coordinates":[[[-68.2877203,-10.8342655],[-68.2795513,-10.8342465],[-68.2795642,-10.8288372],[-68.2877331,-10.8288561],[-68.2877203,-10.8342655]]]}},{"type":"Feature","id":"AC-Y187-X751","properties":{"id":"AC-Y187-X751","grid_x":751,"grid_y":187,"centroid":[-68.2754733,-10.8315323],"aggregation":"none","score_gradboost":0.3214277,"score_random_forest":0.4528829,"score_logistic_regression":0.5607367,"score_fuzzy_knn_k29":0.5079556},"geometry":{"type":"Polygon","coordinates":[[[-68.2795513,-10.8342465],[-68.2713823,-10.8342274],[-68.2713953,-10.828818],[-68.2795642,-10.8288372],[-68.2795513,-10.8342465]]]}},{"type":"Feature","id":"AC-Y187-X752","properties":{"id":"AC-Y187-X752","grid_x":752,"grid_y":187,"centroid":[-68.2673043,-10.831513],"aggregation":"none","score_gradboost":0.8625658,"score_random_forest":0.7531785,"score_logistic_regression":0.6075366,"score_fuzzy_knn_k29":0.7191447},"geometry":{"type":"Polygon","coordinates":[[[-68.2713823,-10.8342274],[-68.2632133,-10.8342079],[-68.2632265,-10.8287986],[-68.2713953,-10.828818],[-68.2713823,-10.8342274]]]}},{"type":"Feature","id":"AC-Y187-X753","properties":{"id":"AC-Y187-X753","grid_x":753,"grid_y":187,"centroid":[-68.2591354,-10.8314935],"aggregation":"none","score_gradboost":0.5403567,"score_random_forest":0.3213362,"score_logistic_regression":0.5314824,"score_fuzzy_knn_k29":0.4706684},"geometry":{"type":"Polygon","coordinates":[[[-68.2632133,-10.8342079],[-68.2550443,-10.8341883],[-68.2550577,-10.828779],[-68.2632265,-10.8287986],[-68.2632133,-10.8342079]]]}},{"type":"Feature","id":"AC-Y187-X754","properties":{"id":"AC-Y187-X754","grid_x":754,"grid_y":187,"centroid":[-68.2509665,-10.8314737],"aggregation":"none","score_gradboost":0.9797323,"score_random_forest":0.9399871,"score_logistic_regression":0.7413877,"score_fuzzy_knn_k29":0.96384},"geometry":{"type":"Polygon","coordinates":[[[-68.2550443,-10.8341883],[-68.2468753,-10.8341685],[-68.2468888,-10.8287591],[-68.2550577,-10.828779],[-68.2550443,-10.8341883]]]}},{"type":"Feature","id":"AC-Y187-X755","properties":{"id":"AC-Y187-X755","grid_x":755,"grid_y":187,"centroid":[-68.2427976,-10.8314538],"aggregation":"none","score_gradboost":0.7748906,"score_random_forest":0.8673573,"score_logistic_regression":0.6798176,"score_fuzzy_knn_k29":0.9740912},"geometry":{"type":"Polygon","coordinates":[[[-68.2468753,-10.8341685],[-68.2387064,-10.8341484],[-68.23872,-10.8287391],[-68.2468888,-10.8287591],[-68.2468753,-10.8341685]]]}},{"type":"Feature","id":"AC-Y187-X756","properties":{"id":"AC-Y187-X756","grid_x":756,"grid_y":187,"centroid":[-68.2346288,-10.8314336],"aggregation":"none","score_gradboost":0.8352824,"score_random_forest":0.7807454,"score_logistic_regression":0.6138631,"score_fuzzy_knn_k29":0.7969189},"geometry":{"type":"Polygon","coordinates":[[[-68.2387064,-10.8341484],[-68.2305375,-10.8341281],[-68.2305513,-10.8287188],[-68.23872,-10.8287391],[-68.2387064,-10.8341484]]]}},{"type":"Feature","id":"AC-Y187-X757","properties":{"id":"AC-Y187-X757","grid_x":757,"grid_y":187,"centroid":[-68.2264599,-10.8314132],"aggregation":"none","score_gradboost":0.8817405,"score_random_forest":0.8055656,"score_logistic_regression":0.6804768,"score_fuzzy_knn_k29":0.6230442},"geometry":{"type":"Polygon","coordinates":[[[-68.2305375,-10.8341281],[-68.2223685,-10.8341076],[-68.2223825,-10.8286983],[-68.2305513,-10.8287188],[-68.2305375,-10.8341281]]]}},{"type":"Feature","id":"AC-Y187-X758","properties":{"id":"AC-Y187-X758","grid_x":758,"grid_y":187,"centroid":[-68.2182911,-10.8313927],"aggregation":"none","score_gradboost":0.3915108,"score_random_forest":0.4783332,"score_logistic_regression":0.5088847,"score_fuzzy_knn_k29":0.789376},"geometry":{"type":"Polygon","coordinates":[[[-68.2223685,-10.8341076],[-68.2141996,-10.8340869],[-68.2142137,-10.8286776],[-68.2223825,-10.8286983],[-68.2223685,-10.8341076]]]}},{"type":"Feature","id":"AC-Y187-X759","properties":{"id":"AC-Y187-X759","grid_x":759,"grid_y":187,"centroid":[-68.2101223,-10.8313718],"aggregation":"none","score_gradboost":0.8183773,"score_random_forest":0.8995829,"score_logistic_regression":0.6227924,"score_fuzzy_knn_k29":0.8172957},"geometry":{"type":"Polygon","coordinates":[[[-68.2141996,-10.8340869],[-68.2060308,-10.834066],[-68.206045,-10.8286567],[-68.2142137,-10.8286776],[-68.2141996,-10.8340869]]]}},{"type":"Feature","id":"AC-Y188-X748","properties":{"id":"AC-Y188-X748","grid_x":748,"grid_y":188,"centroid":[-68.2999927,-10.8261795],"aggregation":"none","score_gradboost":0.5765552,"score_random_forest":0.5972958,"score_logistic_regression":0.6418957,"score_fuzzy_knn_k29":0.3736726},"geometry":{"type":"Polygon","coordinates":[[[-68.3040709,-10.8288934],[-68.295902,-10.8288749],[-68.2959146,-10.8234655],[-68.3040834,-10.823484],[-68.3040709,-10.8288934]]]}},{"type":"Feature","id":"AC-Y188-X749","properties":{"id":"AC-Y188-X749","grid_x":749,"grid_y":188,"centroid":[-68.2918239,-10.8261608],"aggregation":"none","score_gradboost":0.949895,"score_random_forest":0.9306922,"score_logistic_regression":0.7972525,"score_fuzzy_knn_k29":0.9277889},"geometry":{"type":"Polygon","coordinates":[[[-68.295902,-10.8288749],[-68.2877331,-10.8288561],[-68.2877458,-10.8234468],[-68.2959146,-10.8234655],[-68.295902,-10.8288749]]]}},{"type":"Feature","id":"AC-Y188-X750","properties":{"id":"AC-Y188-X750","grid_x":750,"grid_y":188,"centroid":[-68.2836551,-10.826142],"aggregation":"none","score_gradboost":0.6949656,"score_random_forest":0.7746725,"score_logistic_regression":0.6308326,"score_fuzzy_knn_k29":0.2349315},"geometry":{"type":"Polygon","coordinates":[[[-68.2877331,-10.8288561],[-68.2795642,-10.8288372],[-68.2795771,-10.8234278],[-68.2877458,-10.8234468],[-68.2877331,-10.8288561]]]}},{"type":"Feature","id":"AC-Y188-X751","properties":{"id":"AC-Y188-X751","grid_x":751,"grid_y":188,"centroid":[-68.2754863,-10.8261229],"aggregation":"none","score_gradboost":0.6228397,"score_random_forest":0.5580546,"score_logistic_regression":0.5739889,"score_fuzzy_knn_k29":0.5352907},"geometry":{"type":"Polygon","coordinates":[[[-68.2795642,-10.8288372],[-68.2713953,-10.828818],[-68.2714084,-10.8234086],[-68.2795771,-10.8234278],[-68.2795642,-10.8288372]]]}},{"type":"Feature","id":"AC-Y188-X752","properties":{"id":"AC-Y188-X752","grid_x":752,"grid_y":188,"centroid":[-68.2673175,-10.8261036],"aggregation":"none","score_gradboost":0.8623042,"score_random_forest":0.8144726,"score_logistic_regression":0.6461139,"score_fuzzy_knn_k29":0.6759422},"geometry":{"type":"Polygon","coordinates":[[[-68.2713953,-10.828818],[-68.2632265,-10.8287986],[-68.2632397,-10.8233892],[-68.2714084,-10.8234086],[-68.2713953,-10.828818]]]}},{"type":"Feature","id":"AC-Y188-X753","properties":{"id":"AC-Y188-X753","grid_x":753,"grid_y":188,"centroid":[-68.2591487,-10.8260841],"aggregation":"none","score_gradboost":0.8287942,"score_random_forest":0.7113032,"score_logistic_regression":0.5725828,"score_fuzzy_knn_k29":0.4477423},"geometry":{"type":"Polygon","coordinates":[[[-68.2632265,-10.8287986],[-68.2550577,-10.828779],[-68.255071,-10.8233696],[-68.2632397,-10.8233892],[-68.2632265,-10.8287986]]]}},{"type":"Feature","id":"AC-Y188-X754","properties":{"id":"AC-Y188-X754","grid_x":754,"grid_y":188,"centroid":[-68.25098,-10.8260644],"aggregation":"none","score_gradboost":0.8989936,"score_random_forest":0.7039877,"score_logistic_regression":0.5633641,"score_fuzzy_knn_k29":0.5772714},"geometry":{"type":"Polygon","coordinates":[[[-68.2550577,-10.828779],[-68.2468888,-10.8287591],[-68.2469024,-10.8233498],[-68.255071,-10.8233696],[-68.2550577,-10.828779]]]}},{"type":"Feature","id":"AC-Y188-X755","properties":{"id":"AC-Y188-X755","grid_x":755,"grid_y":188,"centroid":[-68.2428112,-10.8260445],"aggregation":"none","score_gradboost":0.5355956,"score_random_forest":0.3094405,"score_logistic_regression":0.5101865,"score_fuzzy_knn_k29":0.3136778},"geometry":{"type":"Polygon","coordinates":[[[-68.2468888,-10.8287591],[-68.23872,-10.8287391],[-68.2387337,-10.8233297],[-68.2469024,-10.8233498],[-68.2468888,-10.8287591]]]}},{"type":"Feature","id":"AC-Y188-X756","properties":{"id":"AC-Y188-X756","grid_x":756,"grid_y":188,"centroid":[-68.2346425,-10.8260243],"aggregation":"none","score_gradboost":0.4648874,"score_random_forest":0.4010277,"score_logistic_regression":0.5327326,"score_fuzzy_knn_k29":0.6346738},"geometry":{"type":"Polygon","coordinates":[[[-68.23872,-10.8287391],[-68.2305513,-10.8287188],[-68.2305651,-10.8233095],[-68.2387337,-10.8233297],[-68.23872,-10.8287391]]]}},{"type":"Feature","id":"AC-Y188-X757","properties":{"id":"AC-Y188-X757","grid_x":757,"grid_y":188,"centroid":[-68.2264738,-10.8260039],"aggregation":"none","score_gradboost":0.7605127,"score_random_forest":0.7361245,"score_logistic_regression":0.5524076,"score_fuzzy_knn_k29":0.8131054},"geometry":{"type":"Polygon","coordinates":[[[-68.2305513,-10.8287188],[-68.2223825,-10.8286983],[-68.2223964,-10.823289],[-68.2305651,-10.8233095],[-68.2305513,-10.8287188]]]}},{"type":"Feature","id":"AC-Y188-X758","properties":{"id":"AC-Y188-X758","grid_x":758,"grid_y":188,"centroid":[-68.2183051,-10.8259833],"aggregation":"none","score_gradboost":0.8340457,"score_random_forest":0.6863558,"score_logistic_regression":0.5316595,"score_fuzzy_knn_k29":0.809011},"geometry":{"type":"Polygon","coordinates":[[[-68.2223825,-10.8286983],[-68.2142137,-10.8286776],[-68.2142278,-10.8232683],[-68.2223964,-10.823289],[-68.2223825,-10.8286983]]]}},{"type":"Feature","id":"AC-Y189-X749","properties":{"id":"AC-Y189-X749","grid_x":749,"grid_y":189,"centroid":[-68.2918366,-10.8207515],"aggregation":"none","score_gradboost":0.9544909,"score_random_forest":0.8519479,"score_logistic_regression":0.7072256,"score_fuzzy_knn_k29":0.5382123},"geometry":{"type":"Polygon","coordinates":[[[-68.2959146,-10.8234655],[-68.2877458,-10.8234468],[-68.2877586,-10.8180374],[-68.2959272,-10.8180561],[-68.2959146,-10.8234655]]]}},{"type":"Feature","id":"AC-Y189-X750","properties":{"id":"AC-Y189-X750","grid_x":750,"grid_y":189,"centroid":[-68.2836679,-10.8207326],"aggregation":"none","score_gradboost":0.5694195,"score_random_forest":0.5752148,"score_logistic_regression":0.5874003,"score_fuzzy_knn_k29":0.5410171},"geometry":{"type":"Polygon","coordinates":[[[-68.2877458,-10.8234468],[-68.2795771,-10.8234278],[-68.27959,-10.8180184],[-68.2877586,-10.8180374],[-68.2877458,-10.8234468]]]}},{"type":"Feature","id":"AC-Y189-X751","properties":{"id":"AC-Y189-X751","grid_x":751,"grid_y":189,"centroid":[-68.2754993,-10.8207135],"aggregation":"none","score_gradboost":0.5883188,"score_random_forest":0.655818,"score_logistic_regression":0.6048444,"score_fuzzy_knn_k29":0.4517939},"geometry":{"type":"Polygon","coordinates":[[[-68.2795771,-10.8234278],[-68.2714084,-10.8234086],[-68.2714215,-10.8179992],[-68.27959,-10.8180184],[-68.2795771,-10.8234278]]]}},{"type":"Feature","id":"AC-Y189-X752","properties":{"id":"AC-Y189-X752","grid_x":752,"grid_y":189,"centroid":[-68.2673306,-10.8206943],"aggregation":"none","score_gradboost":0.8454503,"score_random_forest":0.7798569,"score_logistic_regression":0.63875,"score_fuzzy_knn_k29":0.5431955},"geometry":{"type":"Polygon","coordinates":[[[-68.2714084,-10.8234086],[-68.2632397,-10.8233892],[-68.2632529,-10.8179799],[-68.2714215,-10.8179992],[-68.2714084,-10.8234086]]]}},{"type":"Feature","id":"AC-Y189-X753","properties":{"id":"AC-Y189-X753","grid_x":753,"grid_y":189,"centroid":[-68.259162,-10.8206748],"aggregation":"none","score_gradboost":0.5952394,"score_random_forest":0.4650031,"score_logistic_regression":0.555037,"score_fuzzy_knn_k29":0.5053732},"geometry":{"type":"Polygon","coordinates":[[[-68.2632397,-10.8233892],[-68.255071,-10.8233696],[-68.2550844,-10.8179603],[-68.2632529,-10.8179799],[-68.2632397,-10.8233892]]]}},{"type":"Feature","id":"AC-Y189-X754","properties":{"id":"AC-Y189-X754","grid_x":754,"grid_y":189,"centroid":[-68.2509934,-10.8206551],"aggregation":"none","score_gradboost":0.9181885,"score_random_forest":0.8311822,"score_logistic_regression":0.6019224,"score_fuzzy_knn_k29":0.949014},"geometry":{"type":"Polygon","coordinates":[[[-68.255071,-10.8233696],[-68.2469024,-10.8233498],[-68.2469159,-10.8179404],[-68.2550844,-10.8179603],[-68.255071,-10.8233696]]]}},{"type":"Feature","id":"AC-Y189-X755","properties":{"id":"AC-Y189-X755","grid_x":755,"grid_y":189,"centroid":[-68.2428248,-10.8206351],"aggregation":"none","score_gradboost":0.7929427,"score_random_forest":0.7797867,"score_logistic_regression":0.5716576,"score_fuzzy_knn_k29":0.8908002},"geometry":{"type":"Polygon","coordinates":[[[-68.2469024,-10.8233498],[-68.2387337,-10.8233297],[-68.2387474,-10.8179204],[-68.2469159,-10.8179404],[-68.2469024,-10.8233498]]]}},{"type":"Feature","id":"AC-Y189-X756","properties":{"id":"AC-Y189-X756","grid_x":756,"grid_y":189,"centroid":[-68.2346562,-10.820615],"aggregation":"none","score_gradboost":0.7740709,"score_random_forest":0.809515,"score_logistic_regression":0.5901526,"score_fuzzy_knn_k29":0.8700066},"geometry":{"type":"Polygon","coordinates":[[[-68.2387337,-10.8233297],[-68.2305651,-10.8233095],[-68.2305789,-10.8179002],[-68.2387474,-10.8179204],[-68.2387337,-10.8233297]]]}},{"type":"Feature","id":"AC-Y189-X757","properties":{"id":"AC-Y189-X757","grid_x":757,"grid_y":189,"centroid":[-68.2264877,-10.8205946],"aggregation":"none","score_gradboost":0.7775718,"score_random_forest":0.7557725,"score_logistic_regression":0.737977,"score_fuzzy_knn_k29":0.8233403},"geometry":{"type":"Polygon","coordinates":[[[-68.2305651,-10.8233095],[-68.2223964,-10.823289],[-68.2224104,-10.8178797],[-68.2305789,-10.8179002],[-68.2305651,-10.8233095]]]}},{"type":"Feature","id":"AC-Y189-X758","properties":{"id":"AC-Y189-X758","grid_x":758,"grid_y":189,"centroid":[-68.2183192,-10.820574],"aggregation":"none","score_gradboost":0.7066616,"score_random_forest":0.6482735,"score_logistic_regression":0.5461615,"score_fuzzy_knn_k29":0.8180279},"geometry":{"type":"Polygon","coordinates":[[[-68.2223964,-10.823289],[-68.2142278,-10.8232683],[-68.2142419,-10.817859],[-68.2224104,-10.8178797],[-68.2223964,-10.823289]]]}},{"type":"Feature","id":"AC-Y190-X749","properties":{"id":"AC-Y190-X749","grid_x":749,"grid_y":190,"centroid":[-68.2918493,-10.8153421],"aggregation":"none","score_gradboost":0.8696632,"score_random_forest":0.7229845,"score_logistic_regression":0.6672166,"score_fuzzy_knn_k29":0.6068223},"geometry":{"type":"Polygon","coordinates":[[[-68.2959272,-10.8180561],[-68.2877586,-10.8180374],[-68.2877714,-10.812628],[-68.2959398,-10.8126467],[-68.2959272,-10.8180561]]]}},{"type":"Feature","id":"AC-Y190-X750","properties":{"id":"AC-Y190-X750","grid_x":750,"grid_y":190,"centroid":[-68.2836807,-10.8153232],"aggregation":"none","score_gradboost":0.4985822,"score_random_forest":0.5373474,"score_logistic_regression":0.5788552,"score_fuzzy_knn_k29":0.4846216},"geometry":{"type":"Polygon","coordinates":[[[-68.2877586,-10.8180374],[-68.27959,-10.8180184],[-68.2796029,-10.812609],[-68.2877714,-10.812628],[-68.2877586,-10.8180374]]]}},{"type":"Feature","id":"AC-Y190-X751","properties":{"id":"AC-Y190-X751","grid_x":751,"grid_y":190,"centroid":[-68.2755122,-10.8153042],"aggregation":"none","score_gradboost":0.8620024,"score_random_forest":0.826693,"score_logistic_regression":0.642826,"score_fuzzy_knn_k29":0.5268669},"geometry":{"type":"Polygon","coordinates":[[[-68.27959,-10.8180184],[-68.2714215,-10.8179992],[-68.2714345,-10.8125899],[-68.2796029,-10.812609],[-68.27959,-10.8180184]]]}},{"type":"Feature","id":"AC-Y190-X752","properties":{"id":"AC-Y190-X752","grid_x":752,"grid_y":190,"centroid":[-68.2673438,-10.8152849],"aggregation":"none","score_gradboost":0.8781371,"score_random_forest":0.8034571,"score_logistic_regression":0.6746188,"score_fuzzy_knn_k29":0.7327818},"geometry":{"type":"Polygon","coordinates":[[[-68.2714215,-10.8179992],[-68.2632529,-10.8179799],[-68.2632661,-10.8125705],[-68.2714345,-10.8125899],[-68.2714215,-10.8179992]]]}},{"type":"Feature","id":"AC-Y190-X753","properties":{"id":"AC-Y190-X753","grid_x":753,"grid_y":190,"centroid":[-68.2591753,-10.8152654],"aggregation":"none","score_gradboost":0.7706501,"score_random_forest":0.8039485,"score_logistic_regression":0.6862656,"score_fuzzy_knn_k29":0.9636102},"geometry":{"type":"Polygon","coordinates":[[[-68.2632529,-10.8179799],[-68.2550844,-10.8179603],[-68.2550977,-10.8125509],[-68.2632661,-10.8125705],[-68.2632529,-10.8179799]]]}},{"type":"Feature","id":"AC-Y190-X754","properties":{"id":"AC-Y190-X754","grid_x":754,"grid_y":190,"centroid":[-68.2510068,-10.8152457],"aggregation":"none","score_gradboost":0.8287346,"score_random_forest":0.8281823,"score_logistic_regression":0.6061981,"score_fuzzy_knn_k29":0.8876924},"geometry":{"type":"Polygon","coordinates":[[[-68.2550844,-10.8179603],[-68.2469159,-10.8179404],[-68.2469294,-10.8125311],[-68.2550977,-10.8125509],[-68.2550844,-10.8179603]]]}},{"type":"Feature","id":"AC-Y190-X755","properties":{"id":"AC-Y190-X755","grid_x":755,"grid_y":190,"centroid":[-68.2428384,-10.8152258],"aggregation":"none","score_gradboost":0.9741308,"score_random_forest":0.9325194,"score_logistic_regression":0.617246,"score_fuzzy_knn_k29":0.9383951},"geometry":{"type":"Polygon","coordinates":[[[-68.2469159,-10.8179404],[-68.2387474,-10.8179204],[-68.238761,-10.8125111],[-68.2469294,-10.8125311],[-68.2469159,-10.8179404]]]}},{"type":"Feature","id":"AC-Y190-X756","properties":{"id":"AC-Y190-X756","grid_x":756,"grid_y":190,"centroid":[-68.23467,-10.8152057],"aggregation":"none","score_gradboost":0.7108654,"score_random_forest":0.5083535,"score_logistic_regression":0.5420443,"score_fuzzy_knn_k29":0.6341166},"geometry":{"type":"Polygon","coordinates":[[[-68.2387474,-10.8179204],[-68.2305789,-10.8179002],[-68.2305926,-10.8124908],[-68.238761,-10.8125111],[-68.2387474,-10.8179204]]]}},{"type":"Feature","id":"AC-Y190-X757","properties":{"id":"AC-Y190-X757","grid_x":757,"grid_y":190,"centroid":[-68.2265016,-10.8151853],"aggregation":"none","score_gradboost":0.8075488,"score_random_forest":0.8816892,"score_logistic_regression":0.6875504,"score_fuzzy_knn_k29":0.9687769},"geometry":{"type":"Polygon","coordinates":[[[-68.2305789,-10.8179002],[-68.2224104,-10.8178797],[-68.2224243,-10.8124704],[-68.2305926,-10.8124908],[-68.2305789,-10.8179002]]]}},{"type":"Feature","id":"AC-Y191-X750","properties":{"id":"AC-Y191-X750","grid_x":750,"grid_y":191,"centroid":[-68.2836936,-10.8099138],"aggregation":"none","score_gradboost":0.9648742,"score_random_forest":0.8738533,"score_logistic_regression":0.6561092,"score_fuzzy_knn_k29":0.493269},"geometry":{"type":"Polygon","coordinates":[[[-68.2877714,-10.812628],[-68.2796029,-10.812609],[-68.2796158,-10.8071996],[-68.2877841,-10.8072186],[-68.2877714,-10.812628]]]}},{"type":"Feature","id":"AC-Y191-X751","properties":{"id":"AC-Y191-X751","grid_x":751,"grid_y":191,"centroid":[-68.2755252,-10.8098948],"aggregation":"none","score_gradboost":0.8180354,"score_random_forest":0.767041,"score_logistic_regression":0.6255552,"score_fuzzy_knn_k29":0.3359961},"geometry":{"type":"Polygon","coordinates":[[[-68.2796029,-10.812609],[-68.2714345,-10.8125899],[-68.2714476,-10.8071805],[-68.2796158,-10.8071996],[-68.2796029,-10.812609]]]}},{"type":"Feature","id":"AC-Y191-X752","properties":{"id":"AC-Y191-X752","grid_x":752,"grid_y":191,"centroid":[-68.2673569,-10.8098755],"aggregation":"none","score_gradboost":0.9294787,"score_random_forest":0.8986677,"score_logistic_regression":0.7775849,"score_fuzzy_knn_k29":0.8672508},"geometry":{"type":"Polygon","coordinates":[[[-68.2714345,-10.8125899],[-68.2632661,-10.8125705],[-68.2632793,-10.8071611],[-68.2714476,-10.8071805],[-68.2714345,-10.8125899]]]}},{"type":"Feature","id":"AC-Y191-X753","properties":{"id":"AC-Y191-X753","grid_x":753,"grid_y":191,"centroid":[-68.2591886,-10.809856],"aggregation":"none","score_gradboost":0.5685461,"score_random_forest":0.5824311,"score_logistic_regression":0.6026997,"score_fuzzy_knn_k29":0.0},"geometry":{"type":"Polygon","coordinates":[[[-68.2632661,-10.8125705],[-68.2550977,-10.8125509],[-68.2551111,-10.8071415],[-68.2632793,-10.8071611],[-68.2632661,-10.8125705]]]}},{"type":"Feature","id":"AC-Y191-X754","properties":{"id":"AC-Y191-X754","grid_x":754,"grid_y":191,"centroid":[-68.2510202,-10.8098364],"aggregation":"none","score_gradboost":0.9176306,"score_random_forest":0.8628595,"score_logistic_regression":0.6595484,"score_fuzzy_knn_k29":0.8153151},"geometry":{"type":"Polygon","coordinates":[[[-68.2550977,-10.8125509],[-68.2469294,-10.8125311],[-68.2469428,-10.8071218],[-68.2551111,-10.8071415],[-68.2550977,-10.8125509]]]}},{"type":"Feature","id":"AC-Y191-X755","properties":{"id":"AC-Y191-X755","grid_x":755,"grid_y":191,"centroid":[-68.242852,-10.8098164],"aggregation":"none","score_gradboost":0.9624779,"score_random_forest":0.9637979,"score_logistic_regression":0.7930744,"score_fuzzy_knn_k29":0.8874467},"geometry":{"type":"Polygon","coordinates":[[[-68.2469294,-10.8125311],[-68.238761,-10.8125111],[-68.2387746,-10.8071017],[-68.2469428,-10.8071218],[-68.2469294,-10.8125311]]]}},{"type":"Feature","id":"AC-Y191-X756","properties":{"id":"AC-Y191-X756","grid_x":756,"grid_y":191,"centroid":[-68.2346837,-10.8097963],"aggregation":"none","score_gradboost":0.7679634,"score_random_forest":0.6764863,"score_logistic_regression":0.5574575,"score_fuzzy_knn_k29":0.6313458},"geometry":{"type":"Polygon","coordinates":[[[-68.238761,-10.8125111],[-68.2305926,-10.8124908],[-68.2306064,-10.8070815],[-68.2387746,-10.8071017],[-68.238761,-10.8125111]]]}},{"type":"Feature","id":"AC-Y191-X757","properties":{"id":"AC-Y191-X757","grid_x":757,"grid_y":191,"centroid":[-68.2265154,-10.809776],"aggregation":"none","score_gradboost":0.9131599,"score_random_forest":0.8430441,"score_logistic_regression":0.5860816,"score_fuzzy_knn_k29":0.8556556},"geometry":{"type":"Polygon","coordinates":[[[-68.2305926,-10.8124908],[-68.2224243,-10.8124704],[-68.2224383,-10.8070611],[-68.2306064,-10.8070815],[-68.2305926,-10.8124908]]]}},{"type":"Feature","id":"AC-Y192-X750","properties":{"id":"AC-Y192-X750","grid_x":750,"grid_y":192,"centroid":[-68.2837064,-10.8045044],"aggregation":"none","score_gradboost":0.9384237,"score_random_forest":0.8979965,"score_logistic_regression":0.6934413,"score_fuzzy_knn_k29":0.5414893},"geometry":{"type":"Polygon","coordinates":[[[-68.2877841,-10.8072186],[-68.2796158,-10.8071996],[-68.2796287,-10.8017902],[-68.2877969,-10.8018092],[-68.2877841,-10.8072186]]]}},{"type":"Feature","id":"AC-Y192-X751","properties":{"id":"AC-Y192-X751","grid_x":751,"grid_y":192,"centroid":[-68.2755382,-10.8044854],"aggregation":"none","score_gradboost":0.6114815,"score_random_forest":0.5423561,"score_logistic_regression":0.5792678,"score_fuzzy_knn_k29":0.5068189},"geometry":{"type":"Polygon","coordinates":[[[-68.2796158,-10.8071996],[-68.2714476,-10.8071805],[-68.2714606,-10.8017711],[-68.2796287,-10.8017902],[-68.2796158,-10.8071996]]]}},{"type":"Feature","id":"AC-Y192-X752","properties":{"id":"AC-Y192-X752","grid_x":752,"grid_y":192,"centroid":[-68.26737,-10.8044661],"aggregation":"none","score_gradboost":0.7396386,"score_random_forest":0.7760916,"score_logistic_regression":0.6622043,"score_fuzzy_knn_k29":0.6670465},"geometry":{"type":"Polygon","coordinates":[[[-68.2714476,-10.8071805],[-68.2632793,-10.8071611],[-68.2632925,-10.8017518],[-68.2714606,-10.8017711],[-68.2714476,-10.8071805]]]}},{"type":"Feature","id":"AC-Y192-X753","properties":{"id":"AC-Y192-X753","grid_x":753,"grid_y":192,"centroid":[-68.2592018,-10.8044467],"aggregation":"none","score_gradboost":0.8938058,"score_random_forest":0.8002013,"score_logistic_regression":0.6780977,"score_fuzzy_knn_k29":0.7565645},"geometry":{"type":"Polygon","coordinates":[[[-68.2632793,-10.8071611],[-68.2551111,-10.8071415],[-68.2551244,-10.8017322],[-68.2632925,-10.8017518],[-68.2632793,-10.8071611]]]}},{"type":"Feature","id":"AC-Y192-X754","properties":{"id":"AC-Y192-X754","grid_x":754,"grid_y":192,"centroid":[-68.2510337,-10.804427],"aggregation":"none","score_gradboost":0.8486151,"score_random_forest":0.8249937,"score_logistic_regression":0.6719052,"score_fuzzy_knn_k29":0.7915445},"geometry":{"type":"Polygon","coordinates":[[[-68.2551111,-10.8071415],[-68.2469428,-10.8071218],[-68.2469563,-10.8017124],[-68.2551244,-10.8017322],[-68.2551111,-10.8071415]]]}},{"type":"Feature","id":"AC-Y192-X755","properties":{"id":"AC-Y192-X755","grid_x":755,"grid_y":192,"centroid":[-68.2428655,-10.8044071],"aggregation":"none","score_gradboost":0.963118,"score_random_forest":0.9565775,"score_logistic_regression":0.7313073,"score_fuzzy_knn_k29":1.0},"geometry":{"type":"Polygon","coordinates":[[[-68.2469428,-10.8071218],[-68.2387746,-10.8071017],[-68.2387883,-10.8016924],[-68.2469563,-10.8017124],[-68.2469428,-10.8071218]]]}},{"type":"Feature","id":"AC-Y192-X756","properties":{"id":"AC-Y192-X756","grid_x":756,"grid_y":192,"centroid":[-68.2346974,-10.804387],"aggregation":"none","score_gradboost":0.9729823,"score_random_forest":0.9498533,"score_logistic_regression":0.7401897,"score_fuzzy_knn_k29":1.0},"geometry":{"type":"Polygon","coordinates":[[[-68.2387746,-10.8071017],[-68.2306064,-10.8070815],[-68.2306202,-10.8016722],[-68.2387883,-10.8016924],[-68.2387746,-10.8071017]]]}},{"type":"Feature","id":"AC-Y192-X757","properties":{"id":"AC-Y192-X757","grid_x":757,"grid_y":192,"centroid":[-68.2265293,-10.8043667],"aggregation":"none","score_gradboost":0.4806618,"score_random_forest":0.3345744,"score_logistic_regression":0.5250054,"score_fuzzy_knn_k29":0.3826002},"geometry":{"type":"Polygon","coordinates":[[[-68.2306064,-10.8070815],[-68.2224383,-10.8070611],[-68.2224522,-10.8016518],[-68.2306202,-10.8016722],[-68.2306064,-10.8070815]]]}},{"type":"Feature","id":"AC-Y192-X758","properties":{"id":"AC-Y192-X758","grid_x":758,"grid_y":192,"centroid":[-68.2183612,-10.8043461],"aggregation":"none","score_gradboost":0.3486079,"score_random_forest":0.5504533,"score_logistic_regression":0.8009948,"score_fuzzy_knn_k29":0.6151714},"geometry":{"type":"Polygon","coordinates":[[[-68.2224383,-10.8070611],[-68.2142701,-10.8070404],[-68.2142842,-10.8016311],[-68.2224522,-10.8016518],[-68.2224383,-10.8070611]]]}},{"type":"Feature","id":"AC-Y193-X756","properties":{"id":"AC-Y193-X756","grid_x":756,"grid_y":193,"centroid":[-68.2347111,-10.7989777],"aggregation":"none","score_gradboost":0.972085,"score_random_forest":0.8992079,"score_logistic_regression":0.616748,"score_fuzzy_knn_k29":0.8159557},"geometry":{"type":"Polygon","coordinates":[[[-68.2387883,-10.8016924],[-68.2306202,-10.8016722],[-68.230634,-10.7962629],[-68.2388019,-10.7962831],[-68.2387883,-10.8016924]]]}},{"type":"Feature","id":"AC-Y193-X757","properties":{"id":"AC-Y193-X757","grid_x":757,"grid_y":193,"centroid":[-68.2265431,-10.7989573],"aggregation":"none","score_gradboost":0.842801,"score_random_forest":0.7142802,"score_logistic_regression":0.5819731,"score_fuzzy_knn_k29":0.6180984},"geometry":{"type":"Polygon","coordinates":[[[-68.2306202,-10.8016722],[-68.2224522,-10.8016518],[-68.2224661,-10.7962424],[-68.230634,-10.7962629],[-68.2306202,-10.8016722]]]}},{"type":"Feature","id":"AC-Y193-X758","properties":{"id":"AC-Y193-X758","grid_x":758,"grid_y":193,"centroid":[-68.2183752,-10.7989368],"aggregation":"none","score_gradboost":0.4907498,"score_random_forest":0.6130339,"score_logistic_regression":0.8045729,"score_fuzzy_knn_k29":0.6728825},"geometry":{"type":"Polygon","coordinates":[[[-68.2224522,-10.8016518],[-68.2142842,-10.8016311],[-68.2142982,-10.7962218],[-68.2224661,-10.7962424],[-68.2224522,-10.8016518]]]}},{"type":"Feature","id":"AC-Y223-X765","properties":{"id":"AC-Y223-X765","grid_x":765,"grid_y":223,"centroid":[-68.1616466,-10.636509],"aggregation":"none","score_gradboost":0.9075778,"score_random_forest":0.9026691,"score_logistic_regression":0.841536,"score_fuzzy_knn_k29":0.9439226},"geometry":{"type":"Polygon","coordinates":[[[-68.165721,-10.6392246],[-68.1575575,-10.6392028],[-68.1575723,-10.6337935],[-68.1657357,-10.6338153],[-68.165721,-10.6392246]]]}},{"type":"Feature","id":"AC-Y223-X766","properties":{"id":"AC-Y223-X766","grid_x":766,"grid_y":223,"centroid":[-68.1534832,-10.6364871],"aggregation":"none","score_gradboost":0.8252981,"score_random_forest":0.8327751,"score_logistic_regression":0.8416055,"score_fuzzy_knn_k29":0.9515049},"geometry":{"type":"Polygon","coordinates":[[[-68.1575575,-10.6392028],[-68.1493939,-10.6391807],[-68.1494089,-10.6337714],[-68.1575723,-10.6337935],[-68.1575575,-10.6392028]]]}},{"type":"Feature","id":"AC-Y224-X765","properties":{"id":"AC-Y224-X765","grid_x":765,"grid_y":224,"centroid":[-68.1616614,-10.6310997],"aggregation":"none","score_gradboost":0.8718153,"score_random_forest":0.9126842,"score_logistic_regression":0.8281151,"score_fuzzy_knn_k29":1.0},"geometry":{"type":"Polygon","coordinates":[[[-68.1657357,-10.6338153],[-68.1575723,-10.6337935],[-68.1575871,-10.6283842],[-68.1657504,-10.628406],[-68.1657357,-10.6338153]]]}},{"type":"Feature","id":"AC-Y224-X766","properties":{"id":"AC-Y224-X766","grid_x":766,"grid_y":224,"centroid":[-68.1534981,-10.6310778],"aggregation":"none","score_gradboost":0.86117,"score_random_forest":0.8002332,"score_logistic_regression":0.8475652,"score_fuzzy_knn_k29":0.882398},"geometry":{"type":"Polygon","coordinates":[[[-68.1575723,-10.6337935],[-68.1494089,-10.6337714],[-68.1494239,-10.6283622],[-68.1575871,-10.6283842],[-68.1575723,-10.6337935]]]}},{"type":"Feature","id":"AC-Y224-X767","properties":{"id":"AC-Y224-X767","grid_x":767,"grid_y":224,"centroid":[-68.1453348,-10.6310557],"aggregation":"none","score_gradboost":0.8794364,"score_random_forest":0.9100889,"score_logistic_regression":0.6083159,"score_fuzzy_knn_k29":0.8945838},"geometry":{"type":"Polygon","coordinates":[[[-68.1494089,-10.6337714],[-68.1412455,-10.6337492],[-68.1412607,-10.6283399],[-68.1494239,-10.6283622],[-68.1494089,-10.6337714]]]}},{"type":"Feature","id":"AC-Y225-X765","properties":{"id":"AC-Y225-X765","grid_x":765,"grid_y":225,"centroid":[-68.1616761,-10.6256904],"aggregation":"none","score_gradboost":0.9111861,"score_random_forest":0.9210445,"score_logistic_regression":0.82253,"score_fuzzy_knn_k29":1.0},"geometry":{"type":"Polygon","coordinates":[[[-68.1657504,-10.628406],[-68.1575871,-10.6283842],[-68.157602,-10.6229749],[-68.1657651,-10.6229967],[-68.1657504,-10.628406]]]}},{"type":"Feature","id":"AC-Y225-X766","properties":{"id":"AC-Y225-X766","grid_x":766,"grid_y":225,"centroid":[-68.153513,-10.6256686],"aggregation":"none","score_gradboost":0.9150177,"score_random_forest":0.965215,"score_logistic_regression":0.8322932,"score_fuzzy_knn_k29":1.0},"geometry":{"type":"Polygon","coordinates":[[[-68.1575871,-10.6283842],[-68.1494239,-10.6283622],[-68.1494389,-10.6229529],[-68.157602,-10.6229749],[-68.1575871,-10.6283842]]]}},{"type":"Feature","id":"AC-Y225-X767","properties":{"id":"AC-Y225-X767","grid_x":767,"grid_y":225,"centroid":[-68.1453498,-10.6256464],"aggregation":"none","score_gradboost":0.7869377,"score_random_forest":0.8538999,"score_logistic_regression":0.6464032,"score_fuzzy_knn_k29":0.5720618},"geometry":{"type":"Polygon","coordinates":[[[-68.1494239,-10.6283622],[-68.1412607,-10.6283399],[-68.1412758,-10.6229307],[-68.1494389,-10.6229529],[-68.1494239,-10.6283622]]]}},{"type":"Feature","id":"AC-Y225-X768","properties":{"id":"AC-Y225-X768","grid_x":768,"grid_y":225,"centroid":[-68.1371867,-10.6256241],"aggregation":"none","score_gradboost":0.9028892,"score_random_forest":0.9051544,"score_logistic_regression":0.6244159,"score_fuzzy_knn_k29":0.8579632},"geometry":{"type":"Polygon","coordinates":[[[-68.1412607,-10.6283399],[-68.1330975,-10.6283175],[-68.1331127,-10.6229083],[-68.1412758,-10.6229307],[-68.1412607,-10.6283399]]]}},{"type":"Feature","id":"AC-Y226-X765","properties":{"id":"AC-Y226-X765","grid_x":765,"grid_y":226,"centroid":[-68.1616909,-10.6202811],"aggregation":"none","score_gradboost":0.9155873,"score_random_forest":0.933015,"score_logistic_regression":0.8220242,"score_fuzzy_knn_k29":0.7573611},"geometry":{"type":"Polygon","coordinates":[[[-68.1657651,-10.6229967],[-68.157602,-10.6229749],[-68.1576168,-10.6175656],[-68.1657798,-10.6175874],[-68.1657651,-10.6229967]]]}},{"type":"Feature","id":"AC-Y226-X766","properties":{"id":"AC-Y226-X766","grid_x":766,"grid_y":226,"centroid":[-68.1535279,-10.6202593],"aggregation":"none","score_gradboost":0.9605669,"score_random_forest":0.9620234,"score_logistic_regression":0.58844,"score_fuzzy_knn_k29":1.0},"geometry":{"type":"Polygon","coordinates":[[[-68.157602,-10.6229749],[-68.1494389,-10.6229529],[-68.1494538,-10.6175436],[-68.1576168,-10.6175656],[-68.157602,-10.6229749]]]}},{"type":"Feature","id":"AC-Y226-X767","properties":{"id":"AC-Y226-X767","grid_x":767,"grid_y":226,"centroid":[-68.1453648,-10.6202372],"aggregation":"none","score_gradboost":0.8341158,"score_random_forest":0.82276,"score_logistic_regression":0.669433,"score_fuzzy_knn_k29":0.7971641},"geometry":{"type":"Polygon","coordinates":[[[-68.1494389,-10.6229529],[-68.1412758,-10.6229307],[-68.1412909,-10.6175214],[-68.1494538,-10.6175436],[-68.1494389,-10.6229529]]]}},{"type":"Feature","id":"AC-Y226-X768","properties":{"id":"AC-Y226-X768","grid_x":768,"grid_y":226,"centroid":[-68.1372018,-10.6202149],"aggregation":"none","score_gradboost":0.733146,"score_random_forest":0.787207,"score_logistic_regression":0.6638349,"score_fuzzy_knn_k29":0.4965911},"geometry":{"type":"Polygon","coordinates":[[[-68.1412758,-10.6229307],[-68.1331127,-10.6229083],[-68.133128,-10.617499],[-68.1412909,-10.6175214],[-68.1412758,-10.6229307]]]}},{"type":"Feature","id":"AC-Y227-X765","properties":{"id":"AC-Y227-X765","grid_x":765,"grid_y":227,"centroid":[-68.1617056,-10.6148718],"aggregation":"none","score_gradboost":0.8705778,"score_random_forest":0.8763552,"score_logistic_regression":0.7713471,"score_fuzzy_knn_k29":1.0},"geometry":{"type":"Polygon","coordinates":[[[-68.1657798,-10.6175874],[-68.1576168,-10.6175656],[-68.1576316,-10.6121563],[-68.1657944,-10.6121781],[-68.1657798,-10.6175874]]]}},{"type":"Feature","id":"AC-Y227-X766","properties":{"id":"AC-Y227-X766","grid_x":766,"grid_y":227,"centroid":[-68.1535427,-10.61485],"aggregation":"none","score_gradboost":0.7843352,"score_random_forest":0.9126663,"score_logistic_regression":0.6156937,"score_fuzzy_knn_k29":1.0},"geometry":{"type":"Polygon","coordinates":[[[-68.1576168,-10.6175656],[-68.1494538,-10.6175436],[-68.1494688,-10.6121343],[-68.1576316,-10.6121563],[-68.1576168,-10.6175656]]]}},{"type":"Feature","id":"AC-Y227-X767","properties":{"id":"AC-Y227-X767","grid_x":767,"grid_y":227,"centroid":[-68.1453799,-10.6148279],"aggregation":"none","score_gradboost":0.7179945,"score_random_forest":0.8134758,"score_logistic_regression":0.6482265,"score_fuzzy_knn_k29":0.9141967},"geometry":{"type":"Polygon","coordinates":[[[-68.1494538,-10.6175436],[-68.1412909,-10.6175214],[-68.141306,-10.6121121],[-68.1494688,-10.6121343],[-68.1494538,-10.6175436]]]}},{"type":"Feature","id":"AC-Y227-X768","properties":{"id":"AC-Y227-X768","grid_x":768,"grid_y":227,"centroid":[-68.137217,-10.6148056],"aggregation":"none","score_gradboost":0.8522288,"score_random_forest":0.813491,"score_logistic_regression":0.6715372,"score_fuzzy_knn_k29":0.8080031},"geometry":{"type":"Polygon","coordinates":[[[-68.1412909,-10.6175214],[-68.133128,-10.617499],[-68.1331432,-10.6120897],[-68.141306,-10.6121121],[-68.1412909,-10.6175214]]]}},{"type":"Feature","id":"AC-Y227-X769","properties":{"id":"AC-Y227-X769","grid_x":769,"grid_y":227,"centroid":[-68.1290542,-10.6147831],"aggregation":"none","score_gradboost":0.9206019,"score_random_forest":0.8755209,"score_logistic_regression":0.8758436,"score_fuzzy_knn_k29":0.9607328},"geometry":{"type":"Polygon","coordinates":[[[-68.133128,-10.617499],[-68.1249651,-10.6174764],[-68.1249804,-10.6120671],[-68.1331432,-10.6120897],[-68.133128,-10.617499]]]}},{"type":"Feature","id":"AC-Y228-X766","properties":{"id":"AC-Y228-X766","grid_x":766,"grid_y":228,"centroid":[-68.1535576,-10.6094407],"aggregation":"none","score_gradboost":0.7486943,"score_random_forest":0.8248449,"score_logistic_regression":0.637775,"score_fuzzy_knn_k29":1.0},"geometry":{"type":"Polygon","coordinates":[[[-68.1576316,-10.6121563],[-68.1494688,-10.6121343],[-68.1494837,-10.606725],[-68.1576464,-10.606747],[-68.1576316,-10.6121563]]]}},{"type":"Feature","id":"AC-Y228-X767","properties":{"id":"AC-Y228-X767","grid_x":767,"grid_y":228,"centroid":[-68.1453949,-10.6094186],"aggregation":"none","score_gradboost":0.799954,"score_random_forest":0.7954898,"score_logistic_regression":0.6633838,"score_fuzzy_knn_k29":0.8397342},"geometry":{"type":"Polygon","coordinates":[[[-68.1494688,-10.6121343],[-68.141306,-10.6121121],[-68.1413211,-10.6067029],[-68.1494837,-10.606725],[-68.1494688,-10.6121343]]]}},{"type":"Feature","id":"AC-Y228-X768","properties":{"id":"AC-Y228-X768","grid_x":768,"grid_y":228,"centroid":[-68.1372322,-10.6093963],"aggregation":"none","score_gradboost":0.8630803,"score_random_forest":0.8177479,"score_logistic_regression":0.6916961,"score_fuzzy_knn_k29":0.7204601},"geometry":{"type":"Polygon","coordinates":[[[-68.141306,-10.6121121],[-68.1331432,-10.6120897],[-68.1331584,-10.6066805],[-68.1413211,-10.6067029],[-68.141306,-10.6121121]]]}},{"type":"Feature","id":"AC-Y228-X769","properties":{"id":"AC-Y228-X769","grid_x":769,"grid_y":228,"centroid":[-68.1290695,-10.6093738],"aggregation":"none","score_gradboost":0.9177099,"score_random_forest":0.8919355,"score_logistic_regression":0.8595932,"score_fuzzy_knn_k29":0.7787472},"geometry":{"type":"Polygon","coordinates":[[[-68.1331432,-10.6120897],[-68.1249804,-10.6120671],[-68.1249958,-10.6066579],[-68.1331584,-10.6066805],[-68.1331432,-10.6120897]]]}},{"type":"Feature","id":"AC-Y228-X770","properties":{"id":"AC-Y228-X770","grid_x":770,"grid_y":228,"centroid":[-68.1209068,-10.6093511],"aggregation":"none","score_gradboost":0.9257981,"score_random_forest":0.8529548,"score_logistic_regression":0.8129187,"score_fuzzy_knn_k29":0.9672606},"geometry":{"type":"Polygon","coordinates":[[[-68.1249804,-10.6120671],[-68.1168177,-10.6120443],[-68.1168332,-10.6066351],[-68.1249958,-10.6066579],[-68.1249804,-10.6120671]]]}},{"type":"Feature","id":"AC-Y229-X767","properties":{"id":"AC-Y229-X767","grid_x":767,"grid_y":229,"centroid":[-68.1454099,-10.6040093],"aggregation":"none","score_gradboost":0.8246354,"score_random_forest":0.8143881,"score_logistic_regression":0.6309271,"score_fuzzy_knn_k29":0.9865521},"geometry":{"type":"Polygon","coordinates":[[[-68.1494837,-10.606725],[-68.1413211,-10.6067029],[-68.1413361,-10.6012936],[-68.1494987,-10.6013157],[-68.1494837,-10.606725]]]}},{"type":"Feature","id":"AC-Y229-X768","properties":{"id":"AC-Y229-X768","grid_x":768,"grid_y":229,"centroid":[-68.1372473,-10.6039871],"aggregation":"none","score_gradboost":0.7222154,"score_random_forest":0.7929318,"score_logistic_regression":0.6774055,"score_fuzzy_knn_k29":0.8307805},"geometry":{"type":"Polygon","coordinates":[[[-68.1413211,-10.6067029],[-68.1331584,-10.6066805],[-68.1331737,-10.6012712],[-68.1413361,-10.6012936],[-68.1413211,-10.6067029]]]}},{"type":"Feature","id":"AC-Y229-X769","properties":{"id":"AC-Y229-X769","grid_x":769,"grid_y":229,"centroid":[-68.1290848,-10.6039646],"aggregation":"none","score_gradboost":0.8490199,"score_random_forest":0.7973378,"score_logistic_regression":0.6751798,"score_fuzzy_knn_k29":0.8429015},"geometry":{"type":"Polygon","coordinates":[[[-68.1331584,-10.6066805],[-68.1249958,-10.6066579],[-68.1250112,-10.6012486],[-68.1331737,-10.6012712],[-68.1331584,-10.6066805]]]}},{"type":"Feature","id":"AC-Y229-X770","properties":{"id":"AC-Y229-X770","grid_x":770,"grid_y":229,"centroid":[-68.1209222,-10.6039419],"aggregation":"none","score_gradboost":0.897963,"score_random_forest":0.8688272,"score_logistic_regression":0.6514186,"score_fuzzy_knn_k29":0.6989934},"geometry":{"type":"Polygon","coordinates":[[[-68.1249958,-10.6066579],[-68.1168332,-10.6066351],[-68.1168487,-10.6012258],[-68.1250112,-10.6012486],[-68.1249958,-10.6066579]]]}},{"type":"Feature","id":"AC-Y229-X771","properties":{"id":"AC-Y229-X771","grid_x":771,"grid_y":229,"centroid":[-68.1127597,-10.603919],"aggregation":"none","score_gradboost":0.7516994,"score_random_forest":0.8337704,"score_logistic_regression":0.8310874,"score_fuzzy_knn_k29":0.9974985},"geometry":{"type":"Polygon","coordinates":[[[-68.1168332,-10.6066351],[-68.1086706,-10.6066121],[-68.1086863,-10.6012028],[-68.1168487,-10.6012258],[-68.1168332,-10.6066351]]]}},{"type":"Feature","id":"AC-Y230-X767","properties":{"id":"AC-Y230-X767","grid_x":767,"grid_y":230,"centroid":[-68.1454249,-10.5986],"aggregation":"none","score_gradboost":0.7697541,"score_random_forest":0.8706993,"score_logistic_regression":0.5965886,"score_fuzzy_knn_k29":0.9519682},"geometry":{"type":"Polygon","coordinates":[[[-68.1494987,-10.6013157],[-68.1413361,-10.6012936],[-68.1413512,-10.5958843],[-68.1495136,-10.5959065],[-68.1494987,-10.6013157]]]}},{"type":"Feature","id":"AC-Y230-X768","properties":{"id":"AC-Y230-X768","grid_x":768,"grid_y":230,"centroid":[-68.1372625,-10.5985778],"aggregation":"none","score_gradboost":0.7577806,"score_random_forest":0.813409,"score_logistic_regression":0.6845671,"score_fuzzy_knn_k29":0.7739089},"geometry":{"type":"Polygon","coordinates":[[[-68.1413361,-10.6012936],[-68.1331737,-10.6012712],[-68.1331889,-10.5958619],[-68.1413512,-10.5958843],[-68.1413361,-10.6012936]]]}},{"type":"Feature","id":"AC-Y230-X769","properties":{"id":"AC-Y230-X769","grid_x":769,"grid_y":230,"centroid":[-68.1291001,-10.5985553],"aggregation":"none","score_gradboost":0.8661143,"score_random_forest":0.9078885,"score_logistic_regression":0.6271399,"score_fuzzy_knn_k29":0.9811994},"geometry":{"type":"Polygon","coordinates":[[[-68.1331737,-10.6012712],[-68.1250112,-10.6012486],[-68.1250265,-10.5958394],[-68.1331889,-10.5958619],[-68.1331737,-10.6012712]]]}},{"type":"Feature","id":"AC-Y230-X770","properties":{"id":"AC-Y230-X770","grid_x":770,"grid_y":230,"centroid":[-68.1209377,-10.5985326],"aggregation":"none","score_gradboost":0.8900255,"score_random_forest":0.9252189,"score_logistic_regression":0.6293825,"score_fuzzy_knn_k29":0.9487272},"geometry":{"type":"Polygon","coordinates":[[[-68.1250112,-10.6012486],[-68.1168487,-10.6012258],[-68.1168642,-10.5958166],[-68.1250265,-10.5958394],[-68.1250112,-10.6012486]]]}},{"type":"Feature","id":"AC-Y230-X771","properties":{"id":"AC-Y230-X771","grid_x":771,"grid_y":230,"centroid":[-68.1127753,-10.5985097],"aggregation":"none","score_gradboost":0.7171489,"score_random_forest":0.6833314,"score_logistic_regression":0.84741,"score_fuzzy_knn_k29":0.6358741},"geometry":{"type":"Polygon","coordinates":[[[-68.1168487,-10.6012258],[-68.1086863,-10.6012028],[-68.1087019,-10.5957936],[-68.1168642,-10.5958166],[-68.1168487,-10.6012258]]]}},{"type":"Feature","id":"AC-Y231-X766","properties":{"id":"AC-Y231-X766","grid_x":766,"grid_y":231,"centroid":[-68.1536022,-10.5932128],"aggregation":"none","score_gradboost":0.7701062,"score_random_forest":0.8450602,"score_logistic_regression":0.5801287,"score_fuzzy_knn_k29":1.0},"geometry":{"type":"Polygon","coordinates":[[[-68.157676,-10.5959284],[-68.1495136,-10.5959065],[-68.1495285,-10.5904972],[-68.1576907,-10.5905191],[-68.157676,-10.5959284]]]}},{"type":"Feature","id":"AC-Y231-X767","properties":{"id":"AC-Y231-X767","grid_x":767,"grid_y":231,"centroid":[-68.1454399,-10.5931908],"aggregation":"none","score_gradboost":0.8491923,"score_random_forest":0.8428704,"score_logistic_regression":0.6482073,"score_fuzzy_knn_k29":1.0},"geometry":{"type":"Polygon","coordinates":[[[-68.1495136,-10.5959065],[-68.1413512,-10.5958843],[-68.1413663,-10.590475],[-68.1495285,-10.5904972],[-68.1495136,-10.5959065]]]}},{"type":"Feature","id":"AC-Y231-X768","properties":{"id":"AC-Y231-X768","grid_x":768,"grid_y":231,"centroid":[-68.1372776,-10.5931685],"aggregation":"none","score_gradboost":0.6838251,"score_random_forest":0.7499031,"score_logistic_regression":0.7072544,"score_fuzzy_knn_k29":0.6989622},"geometry":{"type":"Polygon","coordinates":[[[-68.1413512,-10.5958843],[-68.1331889,-10.5958619],[-68.1332041,-10.5904527],[-68.1413663,-10.590475],[-68.1413512,-10.5958843]]]}},{"type":"Feature","id":"AC-Y231-X769","properties":{"id":"AC-Y231-X769","grid_x":769,"grid_y":231,"centroid":[-68.1291153,-10.5931461],"aggregation":"none","score_gradboost":0.8767421,"score_random_forest":0.8957329,"score_logistic_regression":0.630419,"score_fuzzy_knn_k29":0.9669271},"geometry":{"type":"Polygon","coordinates":[[[-68.1331889,-10.5958619],[-68.1250265,-10.5958394],[-68.1250419,-10.5904301],[-68.1332041,-10.5904527],[-68.1331889,-10.5958619]]]}},{"type":"Feature","id":"AC-Y231-X770","properties":{"id":"AC-Y231-X770","grid_x":770,"grid_y":231,"centroid":[-68.1209531,-10.5931234],"aggregation":"none","score_gradboost":0.9570483,"score_random_forest":0.9252201,"score_logistic_regression":0.6079433,"score_fuzzy_knn_k29":0.9682901},"geometry":{"type":"Polygon","coordinates":[[[-68.1250265,-10.5958394],[-68.1168642,-10.5958166],[-68.1168797,-10.5904073],[-68.1250419,-10.5904301],[-68.1250265,-10.5958394]]]}},{"type":"Feature","id":"AC-Y231-X771","properties":{"id":"AC-Y231-X771","grid_x":771,"grid_y":231,"centroid":[-68.1127909,-10.5931005],"aggregation":"none","score_gradboost":0.7309603,"score_random_forest":0.8063977,"score_logistic_regression":0.8275027,"score_fuzzy_knn_k29":0.8516134},"geometry":{"type":"Polygon","coordinates":[[[-68.1168642,-10.5958166],[-68.1087019,-10.5957936],[-68.1087176,-10.5903844],[-68.1168797,-10.5904073],[-68.1168642,-10.5958166]]]}},{"type":"Feature","id":"AC-Y232-X765","properties":{"id":"AC-Y232-X765","grid_x":765,"grid_y":232,"centroid":[-68.1617792,-10.5878253],"aggregation":"none","score_gradboost":0.9376424,"score_random_forest":0.8193513,"score_logistic_regression":0.7339685,"score_fuzzy_knn_k29":0.8456546},"geometry":{"type":"Polygon","coordinates":[[[-68.165853,-10.5905408],[-68.1576907,-10.5905191],[-68.1577055,-10.5851098],[-68.1658676,-10.5851315],[-68.165853,-10.5905408]]]}},{"type":"Feature","id":"AC-Y232-X766","properties":{"id":"AC-Y232-X766","grid_x":766,"grid_y":232,"centroid":[-68.153617,-10.5878035],"aggregation":"none","score_gradboost":0.8079191,"score_random_forest":0.7883829,"score_logistic_regression":0.6531588,"score_fuzzy_knn_k29":0.7939064},"geometry":{"type":"Polygon","coordinates":[[[-68.1576907,-10.5905191],[-68.1495285,-10.5904972],[-68.1495434,-10.5850879],[-68.1577055,-10.5851098],[-68.1576907,-10.5905191]]]}},{"type":"Feature","id":"AC-Y232-X767","properties":{"id":"AC-Y232-X767","grid_x":767,"grid_y":232,"centroid":[-68.1454549,-10.5877815],"aggregation":"none","score_gradboost":0.8800137,"score_random_forest":0.8220434,"score_logistic_regression":0.738694,"score_fuzzy_knn_k29":0.8914936},"geometry":{"type":"Polygon","coordinates":[[[-68.1495285,-10.5904972],[-68.1413663,-10.590475],[-68.1413813,-10.5850657],[-68.1495434,-10.5850879],[-68.1495285,-10.5904972]]]}},{"type":"Feature","id":"AC-Y232-X768","properties":{"id":"AC-Y232-X768","grid_x":768,"grid_y":232,"centroid":[-68.1372927,-10.5877592],"aggregation":"none","score_gradboost":0.6059159,"score_random_forest":0.7857698,"score_logistic_regression":0.6538949,"score_fuzzy_knn_k29":0.930352},"geometry":{"type":"Polygon","coordinates":[[[-68.1413663,-10.590475],[-68.1332041,-10.5904527],[-68.1332193,-10.5850434],[-68.1413813,-10.5850657],[-68.1413663,-10.590475]]]}},{"type":"Feature","id":"AC-Y232-X769","properties":{"id":"AC-Y232-X769","grid_x":769,"grid_y":232,"centroid":[-68.1291306,-10.5877368],"aggregation":"none","score_gradboost":0.7642203,"score_random_forest":0.8506262,"score_logistic_regression":0.6215748,"score_fuzzy_knn_k29":0.9577874},"geometry":{"type":"Polygon","coordinates":[[[-68.1332041,-10.5904527],[-68.1250419,-10.5904301],[-68.1250572,-10.5850209],[-68.1332193,-10.5850434],[-68.1332041,-10.5904527]]]}},{"type":"Feature","id":"AC-Y232-X770","properties":{"id":"AC-Y232-X770","grid_x":770,"grid_y":232,"centroid":[-68.1209685,-10.5877141],"aggregation":"none","score_gradboost":0.7918849,"score_random_forest":0.8896535,"score_logistic_regression":0.617002,"score_fuzzy_knn_k29":0.964096},"geometry":{"type":"Polygon","coordinates":[[[-68.1250419,-10.5904301],[-68.1168797,-10.5904073],[-68.1168952,-10.5849981],[-68.1250572,-10.5850209],[-68.1250419,-10.5904301]]]}},{"type":"Feature","id":"AC-Y232-X771","properties":{"id":"AC-Y232-X771","grid_x":771,"grid_y":232,"centroid":[-68.1128064,-10.5876913],"aggregation":"none","score_gradboost":0.6516287,"score_random_forest":0.7049443,"score_logistic_regression":0.8485395,"score_fuzzy_knn_k29":0.9792821},"geometry":{"type":"Polygon","coordinates":[[[-68.1168797,-10.5904073],[-68.1087176,-10.5903844],[-68.1087332,-10.5849751],[-68.1168952,-10.5849981],[-68.1168797,-10.5904073]]]}},{"type":"Feature","id":"AC-Y216-X738","properties":{"id":"AC-Y216-X738","grid_x":738,"grid_y":216,"centroid":[-68.38199,-10.6748874],"aggregation":"none","score_gradboost":0.7878625,"score_random_forest":0.830466,"score_logistic_regression":0.7024023,"score_fuzzy_knn_k29":0.8149246},"geometry":{"type":"Polygon","coordinates":[[[-68.386067,-10.6776002],[-68.3779021,-10.6775841],[-68.3779131,-10.6721746],[-68.3860779,-10.6721907],[-68.386067,-10.6776002]]]}},{"type":"Feature","id":"AC-Y217-X738","properties":{"id":"AC-Y217-X738","grid_x":738,"grid_y":217,"centroid":[-68.3820009,-10.6694779],"aggregation":"none","score_gradboost":0.8875658,"score_random_forest":0.8877902,"score_logistic_regression":0.7298956,"score_fuzzy_knn_k29":0.5534319},"geometry":{"type":"Polygon","coordinates":[[[-68.3860779,-10.6721907],[-68.3779131,-10.6721746],[-68.3779241,-10.666765],[-68.3860887,-10.6667811],[-68.3860779,-10.6721907]]]}},{"type":"Feature","id":"AC-Y217-X739","properties":{"id":"AC-Y217-X739","grid_x":739,"grid_y":217,"centroid":[-68.3738362,-10.6694616],"aggregation":"none","score_gradboost":0.8204597,"score_random_forest":0.8029809,"score_logistic_regression":0.7259286,"score_fuzzy_knn_k29":0.8540465},"geometry":{"type":"Polygon","coordinates":[[[-68.3779131,-10.6721746],[-68.3697483,-10.6721582],[-68.3697594,-10.6667487],[-68.3779241,-10.666765],[-68.3779131,-10.6721746]]]}},{"type":"Feature","id":"AC-Y217-X740","properties":{"id":"AC-Y217-X740","grid_x":740,"grid_y":217,"centroid":[-68.3656715,-10.6694452],"aggregation":"none","score_gradboost":0.7868684,"score_random_forest":0.8033301,"score_logistic_regression":0.8243845,"score_fuzzy_knn_k29":0.909559},"geometry":{"type":"Polygon","coordinates":[[[-68.3697483,-10.6721582],[-68.3615835,-10.6721417],[-68.3615947,-10.6667321],[-68.3697594,-10.6667487],[-68.3697483,-10.6721582]]]}},{"type":"Feature","id":"AC-Y218-X738","properties":{"id":"AC-Y218-X738","grid_x":738,"grid_y":218,"centroid":[-68.3820119,-10.6640683],"aggregation":"none","score_gradboost":0.8175694,"score_random_forest":0.8272201,"score_logistic_regression":0.8140566,"score_fuzzy_knn_k29":0.8525904},"geometry":{"type":"Polygon","coordinates":[[[-68.3860887,-10.6667811],[-68.3779241,-10.666765],[-68.3779351,-10.6613555],[-68.3860996,-10.6613716],[-68.3860887,-10.6667811]]]}},{"type":"Feature","id":"AC-Y218-X739","properties":{"id":"AC-Y218-X739","grid_x":739,"grid_y":218,"centroid":[-68.3738473,-10.6640521],"aggregation":"none","score_gradboost":0.806017,"score_random_forest":0.7658398,"score_logistic_regression":0.7930948,"score_fuzzy_knn_k29":0.9762726},"geometry":{"type":"Polygon","coordinates":[[[-68.3779241,-10.666765],[-68.3697594,-10.6667487],[-68.3697705,-10.6613391],[-68.3779351,-10.6613555],[-68.3779241,-10.666765]]]}},{"type":"Feature","id":"AC-Y218-X740","properties":{"id":"AC-Y218-X740","grid_x":740,"grid_y":218,"centroid":[-68.3656827,-10.6640357],"aggregation":"none","score_gradboost":0.8055483,"score_random_forest":0.8417215,"score_logistic_regression":0.802043,"score_fuzzy_knn_k29":0.9836395},"geometry":{"type":"Polygon","coordinates":[[[-68.3697594,-10.6667487],[-68.3615947,-10.6667321],[-68.361606,-10.6613226],[-68.3697705,-10.6613391],[-68.3697594,-10.6667487]]]}},{"type":"Feature","id":"AC-Y218-X741","properties":{"id":"AC-Y218-X741","grid_x":741,"grid_y":218,"centroid":[-68.3575181,-10.664019],"aggregation":"none","score_gradboost":0.8597925,"score_random_forest":0.8291487,"score_logistic_regression":0.7225569,"score_fuzzy_knn_k29":0.5760707},"geometry":{"type":"Polygon","coordinates":[[[-68.3615947,-10.6667321],[-68.3534301,-10.6667154],[-68.3534415,-10.6613058],[-68.361606,-10.6613226],[-68.3615947,-10.6667321]]]}},{"type":"Feature","id":"AC-Y218-X742","properties":{"id":"AC-Y218-X742","grid_x":742,"grid_y":218,"centroid":[-68.3493535,-10.6640021],"aggregation":"none","score_gradboost":0.8861367,"score_random_forest":0.8729878,"score_logistic_regression":0.745286,"score_fuzzy_knn_k29":0.9981198},"geometry":{"type":"Polygon","coordinates":[[[-68.3534301,-10.6667154],[-68.3452655,-10.6666984],[-68.345277,-10.6612889],[-68.3534415,-10.6613058],[-68.3534301,-10.6667154]]]}},{"type":"Feature","id":"AC-Y219-X738","properties":{"id":"AC-Y219-X738","grid_x":738,"grid_y":219,"centroid":[-68.3820228,-10.6586588],"aggregation":"none","score_gradboost":0.7845281,"score_random_forest":0.7130735,"score_logistic_regression":0.78258,"score_fuzzy_knn_k29":0.8868384},"geometry":{"type":"Polygon","coordinates":[[[-68.3860996,-10.6613716],[-68.3779351,-10.6613555],[-68.377946,-10.6559459],[-68.3861104,-10.655962],[-68.3860996,-10.6613716]]]}},{"type":"Feature","id":"AC-Y219-X739","properties":{"id":"AC-Y219-X739","grid_x":739,"grid_y":219,"centroid":[-68.3738583,-10.6586426],"aggregation":"none","score_gradboost":0.6856811,"score_random_forest":0.6510134,"score_logistic_regression":0.84155,"score_fuzzy_knn_k29":0.0729155},"geometry":{"type":"Polygon","coordinates":[[[-68.3779351,-10.6613555],[-68.3697705,-10.6613391],[-68.3697817,-10.6559296],[-68.377946,-10.6559459],[-68.3779351,-10.6613555]]]}},{"type":"Feature","id":"AC-Y219-X740","properties":{"id":"AC-Y219-X740","grid_x":740,"grid_y":219,"centroid":[-68.3656939,-10.6586261],"aggregation":"none","score_gradboost":0.8855994,"score_random_forest":0.8137241,"score_logistic_regression":0.7129325,"score_fuzzy_knn_k29":0.8106475},"geometry":{"type":"Polygon","coordinates":[[[-68.3697705,-10.6613391],[-68.361606,-10.6613226],[-68.3616173,-10.6559131],[-68.3697817,-10.6559296],[-68.3697705,-10.6613391]]]}},{"type":"Feature","id":"AC-Y219-X741","properties":{"id":"AC-Y219-X741","grid_x":741,"grid_y":219,"centroid":[-68.3575294,-10.6586095],"aggregation":"none","score_gradboost":0.8796252,"score_random_forest":0.9192786,"score_logistic_regression":0.7256164,"score_fuzzy_knn_k29":0.9270336},"geometry":{"type":"Polygon","coordinates":[[[-68.361606,-10.6613226],[-68.3534415,-10.6613058],[-68.3534529,-10.6558963],[-68.3616173,-10.6559131],[-68.361606,-10.6613226]]]}},{"type":"Feature","id":"AC-Y219-X742","properties":{"id":"AC-Y219-X742","grid_x":742,"grid_y":219,"centroid":[-68.349365,-10.6585926],"aggregation":"none","score_gradboost":0.7089778,"score_random_forest":0.7350307,"score_logistic_regression":0.8143234,"score_fuzzy_knn_k29":0.8436655},"geometry":{"type":"Polygon","coordinates":[[[-68.3534415,-10.6613058],[-68.345277,-10.6612889],[-68.3452886,-10.6558794],[-68.3534529,-10.6558963],[-68.3534415,-10.6613058]]]}},{"type":"Feature","id":"AC-Y219-X743","properties":{"id":"AC-Y219-X743","grid_x":743,"grid_y":219,"centroid":[-68.3412006,-10.6585756],"aggregation":"none","score_gradboost":0.8384299,"score_random_forest":0.8339889,"score_logistic_regression":0.6991493,"score_fuzzy_knn_k29":0.8892161},"geometry":{"type":"Polygon","coordinates":[[[-68.345277,-10.6612889],[-68.3371126,-10.6612717],[-68.3371243,-10.6558622],[-68.3452886,-10.6558794],[-68.345277,-10.6612889]]]}},{"type":"Feature","id":"AC-Y219-X744","properties":{"id":"AC-Y219-X744","grid_x":744,"grid_y":219,"centroid":[-68.3330362,-10.6585583],"aggregation":"none","score_gradboost":0.8199956,"score_random_forest":0.8273769,"score_logistic_regression":0.7424597,"score_fuzzy_knn_k29":0.8858447},"geometry":{"type":"Polygon","coordinates":[[[-68.3371126,-10.6612717],[-68.3289481,-10.6612543],[-68.3289599,-10.6558448],[-68.3371243,-10.6558622],[-68.3371126,-10.6612717]]]}},{"type":"Feature","id":"AC-Y220-X738","properties":{"id":"AC-Y220-X738","grid_x":738,"grid_y":220,"centroid":[-68.3820337,-10.6532492],"aggregation":"none","score_gradboost":0.9288857,"score_random_forest":0.8805497,"score_logistic_regression":0.7616114,"score_fuzzy_knn_k29":0.8681446},"geometry":{"type":"Polygon","coordinates":[[[-68.3861104,-10.655962],[-68.377946,-10.6559459],[-68.377957,-10.6505364],[-68.3861213,-10.6505525],[-68.3861104,-10.655962]]]}},{"type":"Feature","id":"AC-Y220-X739","properties":{"id":"AC-Y220-X739","grid_x":739,"grid_y":220,"centroid":[-68.3738694,-10.653233],"aggregation":"none","score_gradboost":0.8212173,"score_random_forest":0.7721743,"score_logistic_regression":0.8388725,"score_fuzzy_knn_k29":0.7478017},"geometry":{"type":"Polygon","coordinates":[[[-68.377946,-10.6559459],[-68.3697817,-10.6559296],[-68.3697928,-10.6505201],[-68.377957,-10.6505364],[-68.377946,-10.6559459]]]}},{"type":"Feature","id":"AC-Y220-X740","properties":{"id":"AC-Y220-X740","grid_x":740,"grid_y":220,"centroid":[-68.3657051,-10.6532166],"aggregation":"none","score_gradboost":0.8405004,"score_random_forest":0.8838793,"score_logistic_regression":0.7573392,"score_fuzzy_knn_k29":0.9339431},"geometry":{"type":"Polygon","coordinates":[[[-68.3697817,-10.6559296],[-68.3616173,-10.6559131],[-68.3616285,-10.6505035],[-68.3697928,-10.6505201],[-68.3697817,-10.6559296]]]}},{"type":"Feature","id":"AC-Y220-X741","properties":{"id":"AC-Y220-X741","grid_x":741,"grid_y":220,"centroid":[-68.3575408,-10.6532],"aggregation":"none","score_gradboost":0.9101285,"score_random_forest":0.9153188,"score_logistic_regression":0.7618002,"score_fuzzy_knn_k29":0.9627449},"geometry":{"type":"Polygon","coordinates":[[[-68.3616173,-10.6559131],[-68.3534529,-10.6558963],[-68.3534643,-10.6504868],[-68.3616285,-10.6505035],[-68.3616173,-10.6559131]]]}},{"type":"Feature","id":"AC-Y220-X742","properties":{"id":"AC-Y220-X742","grid_x":742,"grid_y":220,"centroid":[-68.3493765,-10.6531831],"aggregation":"none","score_gradboost":0.8621878,"score_random_forest":0.8291682,"score_logistic_regression":0.7281266,"score_fuzzy_knn_k29":0.8529824},"geometry":{"type":"Polygon","coordinates":[[[-68.3534529,-10.6558963],[-68.3452886,-10.6558794],[-68.3453001,-10.6504698],[-68.3534643,-10.6504868],[-68.3534529,-10.6558963]]]}},{"type":"Feature","id":"AC-Y220-X743","properties":{"id":"AC-Y220-X743","grid_x":743,"grid_y":220,"centroid":[-68.3412122,-10.653166],"aggregation":"none","score_gradboost":0.7589714,"score_random_forest":0.8614527,"score_logistic_regression":0.6372646,"score_fuzzy_knn_k29":0.8152372},"geometry":{"type":"Polygon","coordinates":[[[-68.3452886,-10.6558794],[-68.3371243,-10.6558622],[-68.337136,-10.6504527],[-68.3453001,-10.6504698],[-68.3452886,-10.6558794]]]}},{"type":"Feature","id":"AC-Y220-X744","properties":{"id":"AC-Y220-X744","grid_x":744,"grid_y":220,"centroid":[-68.333048,-10.6531488],"aggregation":"none","score_gradboost":0.8733095,"score_random_forest":0.864933,"score_logistic_regression":0.6869224,"score_fuzzy_knn_k29":0.8098511},"geometry":{"type":"Polygon","coordinates":[[[-68.3371243,-10.6558622],[-68.3289599,-10.6558448],[-68.3289718,-10.6504353],[-68.337136,-10.6504527],[-68.3371243,-10.6558622]]]}},{"type":"Feature","id":"AC-Y220-X745","properties":{"id":"AC-Y220-X745","grid_x":745,"grid_y":220,"centroid":[-68.3248837,-10.6531313],"aggregation":"none","score_gradboost":0.8085456,"score_random_forest":0.8525402,"score_logistic_regression":0.805694,"score_fuzzy_knn_k29":0.8576945},"geometry":{"type":"Polygon","coordinates":[[[-68.3289599,-10.6558448],[-68.3207956,-10.6558272],[-68.3208076,-10.6504177],[-68.3289718,-10.6504353],[-68.3289599,-10.6558448]]]}},{"type":"Feature","id":"AC-Y220-X746","properties":{"id":"AC-Y220-X746","grid_x":746,"grid_y":220,"centroid":[-68.3167195,-10.6531136],"aggregation":"none","score_gradboost":0.8859421,"score_random_forest":0.8776975,"score_logistic_regression":0.7653108,"score_fuzzy_knn_k29":0.9250915},"geometry":{"type":"Polygon","coordinates":[[[-68.3207956,-10.6558272],[-68.3126314,-10.6558094],[-68.3126435,-10.6503999],[-68.3208076,-10.6504177],[-68.3207956,-10.6558272]]]}},{"type":"Feature","id":"AC-Y220-X747","properties":{"id":"AC-Y220-X747","grid_x":747,"grid_y":220,"centroid":[-68.3085553,-10.6530957],"aggregation":"none","score_gradboost":0.7910069,"score_random_forest":0.8705909,"score_logistic_regression":0.7528274,"score_fuzzy_knn_k29":0.946742},"geometry":{"type":"Polygon","coordinates":[[[-68.3126314,-10.6558094],[-68.3044671,-10.6557914],[-68.3044794,-10.6503819],[-68.3126435,-10.6503999],[-68.3126314,-10.6558094]]]}},{"type":"Feature","id":"AC-Y220-X748","properties":{"id":"AC-Y220-X748","grid_x":748,"grid_y":220,"centroid":[-68.3003911,-10.6530776],"aggregation":"none","score_gradboost":0.8967227,"score_random_forest":0.8594761,"score_logistic_regression":0.8056753,"score_fuzzy_knn_k29":0.9242575},"geometry":{"type":"Polygon","coordinates":[[[-68.3044671,-10.6557914],[-68.2963028,-10.6557731],[-68.2963152,-10.6503637],[-68.3044794,-10.6503819],[-68.3044671,-10.6557914]]]}},{"type":"Feature","id":"AC-Y220-X749","properties":{"id":"AC-Y220-X749","grid_x":749,"grid_y":220,"centroid":[-68.292227,-10.6530592],"aggregation":"none","score_gradboost":0.9023606,"score_random_forest":0.8619834,"score_logistic_regression":0.7798227,"score_fuzzy_knn_k29":0.9907851},"geometry":{"type":"Polygon","coordinates":[[[-68.2963028,-10.6557731],[-68.2881386,-10.6557547],[-68.2881512,-10.6503452],[-68.2963152,-10.6503637],[-68.2963028,-10.6557731]]]}},{"type":"Feature","id":"AC-Y220-X750","properties":{"id":"AC-Y220-X750","grid_x":750,"grid_y":220,"centroid":[-68.2840628,-10.6530407],"aggregation":"none","score_gradboost":0.7736453,"score_random_forest":0.8202427,"score_logistic_regression":0.7425079,"score_fuzzy_knn_k29":0.8936713},"geometry":{"type":"Polygon","coordinates":[[[-68.2881386,-10.6557547],[-68.2799744,-10.655736],[-68.2799871,-10.6503266],[-68.2881511,-10.6503452],[-68.2881386,-10.6557547]]]}},{"type":"Feature","id":"AC-Y220-X751","properties":{"id":"AC-Y220-X751","grid_x":751,"grid_y":220,"centroid":[-68.2758986,-10.6530219],"aggregation":"none","score_gradboost":0.6871882,"score_random_forest":0.8204492,"score_logistic_regression":0.8384811,"score_fuzzy_knn_k29":0.7372736},"geometry":{"type":"Polygon","coordinates":[[[-68.2799744,-10.655736],[-68.2718102,-10.6557172],[-68.271823,-10.6503077],[-68.2799871,-10.6503266],[-68.2799744,-10.655736]]]}},{"type":"Feature","id":"AC-Y221-X738","properties":{"id":"AC-Y221-X738","grid_x":738,"grid_y":221,"centroid":[-68.3820446,-10.6478397],"aggregation":"none","score_gradboost":0.6978047,"score_random_forest":0.7828836,"score_logistic_regression":0.7811937,"score_fuzzy_knn_k29":0.6202816},"geometry":{"type":"Polygon","coordinates":[[[-68.3861213,-10.6505525],[-68.377957,-10.6505364],[-68.377968,-10.6451268],[-68.3861321,-10.6451429],[-68.3861213,-10.6505525]]]}},{"type":"Feature","id":"AC-Y221-X739","properties":{"id":"AC-Y221-X739","grid_x":739,"grid_y":221,"centroid":[-68.3738804,-10.6478235],"aggregation":"none","score_gradboost":0.8184457,"score_random_forest":0.8739505,"score_logistic_regression":0.7656403,"score_fuzzy_knn_k29":0.8581701},"geometry":{"type":"Polygon","coordinates":[[[-68.377957,-10.6505364],[-68.3697928,-10.6505201],[-68.3698039,-10.6451105],[-68.377968,-10.6451268],[-68.377957,-10.6505364]]]}},{"type":"Feature","id":"AC-Y221-X740","properties":{"id":"AC-Y221-X740","grid_x":740,"grid_y":221,"centroid":[-68.3657163,-10.647807],"aggregation":"none","score_gradboost":0.8157811,"score_random_forest":0.8641421,"score_logistic_regression":0.6516773,"score_fuzzy_knn_k29":0.7709415},"geometry":{"type":"Polygon","coordinates":[[[-68.3697928,-10.6505201],[-68.3616285,-10.6505035],[-68.3616398,-10.645094],[-68.3698039,-10.6451105],[-68.3697928,-10.6505201]]]}},{"type":"Feature","id":"AC-Y221-X741","properties":{"id":"AC-Y221-X741","grid_x":741,"grid_y":221,"centroid":[-68.3575521,-10.6477904],"aggregation":"none","score_gradboost":0.8504563,"score_random_forest":0.8871006,"score_logistic_regression":0.7646811,"score_fuzzy_knn_k29":0.8463673},"geometry":{"type":"Polygon","coordinates":[[[-68.3616285,-10.6505035],[-68.3534643,-10.6504868],[-68.3534757,-10.6450773],[-68.3616398,-10.645094],[-68.3616285,-10.6505035]]]}},{"type":"Feature","id":"AC-Y221-X742","properties":{"id":"AC-Y221-X742","grid_x":742,"grid_y":221,"centroid":[-68.349388,-10.6477736],"aggregation":"none","score_gradboost":0.8628057,"score_random_forest":0.8866021,"score_logistic_regression":0.7204283,"score_fuzzy_knn_k29":0.7973174},"geometry":{"type":"Polygon","coordinates":[[[-68.3534643,-10.6504868],[-68.3453001,-10.6504698],[-68.3453117,-10.6450603],[-68.3534757,-10.6450773],[-68.3534643,-10.6504868]]]}},{"type":"Feature","id":"AC-Y221-X743","properties":{"id":"AC-Y221-X743","grid_x":743,"grid_y":221,"centroid":[-68.3412239,-10.6477565],"aggregation":"none","score_gradboost":0.9135229,"score_random_forest":0.8476517,"score_logistic_regression":0.7091389,"score_fuzzy_knn_k29":0.6935943},"geometry":{"type":"Polygon","coordinates":[[[-68.3453001,-10.6504698],[-68.337136,-10.6504527],[-68.3371476,-10.6450432],[-68.3453117,-10.6450603],[-68.3453001,-10.6504698]]]}},{"type":"Feature","id":"AC-Y221-X744","properties":{"id":"AC-Y221-X744","grid_x":744,"grid_y":221,"centroid":[-68.3330597,-10.6477393],"aggregation":"none","score_gradboost":0.9241032,"score_random_forest":0.8535605,"score_logistic_regression":0.7061131,"score_fuzzy_knn_k29":0.7664596},"geometry":{"type":"Polygon","coordinates":[[[-68.337136,-10.6504527],[-68.3289718,-10.6504353],[-68.3289836,-10.6450258],[-68.3371476,-10.6450432],[-68.337136,-10.6504527]]]}},{"type":"Feature","id":"AC-Y221-X745","properties":{"id":"AC-Y221-X745","grid_x":745,"grid_y":221,"centroid":[-68.3248957,-10.6477218],"aggregation":"none","score_gradboost":0.9333251,"score_random_forest":0.9213932,"score_logistic_regression":0.8253734,"score_fuzzy_knn_k29":0.804448},"geometry":{"type":"Polygon","coordinates":[[[-68.3289718,-10.6504353],[-68.3208076,-10.6504177],[-68.3208196,-10.6450082],[-68.3289836,-10.6450258],[-68.3289718,-10.6504353]]]}},{"type":"Feature","id":"AC-Y221-X746","properties":{"id":"AC-Y221-X746","grid_x":746,"grid_y":221,"centroid":[-68.3167316,-10.6477041],"aggregation":"none","score_gradboost":0.9127901,"score_random_forest":0.9272561,"score_logistic_regression":0.8127292,"score_fuzzy_knn_k29":0.8310277},"geometry":{"type":"Polygon","coordinates":[[[-68.3208076,-10.6504177],[-68.3126435,-10.6503999],[-68.3126556,-10.6449904],[-68.3208196,-10.6450082],[-68.3208076,-10.6504177]]]}},{"type":"Feature","id":"AC-Y221-X747","properties":{"id":"AC-Y221-X747","grid_x":747,"grid_y":221,"centroid":[-68.3085675,-10.6476862],"aggregation":"none","score_gradboost":0.8743202,"score_random_forest":0.9086456,"score_logistic_regression":0.7182566,"score_fuzzy_knn_k29":0.7986193},"geometry":{"type":"Polygon","coordinates":[[[-68.3126435,-10.6503999],[-68.3044794,-10.6503819],[-68.3044916,-10.6449724],[-68.3126556,-10.6449904],[-68.3126435,-10.6503999]]]}},{"type":"Feature","id":"AC-Y221-X748","properties":{"id":"AC-Y221-X748","grid_x":748,"grid_y":221,"centroid":[-68.3004035,-10.6476681],"aggregation":"none","score_gradboost":0.865097,"score_random_forest":0.8757935,"score_logistic_regression":0.853892,"score_fuzzy_knn_k29":0.9954367},"geometry":{"type":"Polygon","coordinates":[[[-68.3044794,-10.6503819],[-68.2963152,-10.6503637],[-68.2963277,-10.6449542],[-68.3044916,-10.6449724],[-68.3044794,-10.6503819]]]}},{"type":"Feature","id":"AC-Y221-X749","properties":{"id":"AC-Y221-X749","grid_x":749,"grid_y":221,"centroid":[-68.2922394,-10.6476498],"aggregation":"none","score_gradboost":0.6448365,"score_random_forest":0.7331674,"score_logistic_regression":0.8246442,"score_fuzzy_knn_k29":0.724556},"geometry":{"type":"Polygon","coordinates":[[[-68.2963152,-10.6503637],[-68.2881512,-10.6503452],[-68.2881637,-10.6449358],[-68.2963277,-10.6449542],[-68.2963152,-10.6503637]]]}},{"type":"Feature","id":"AC-Y221-X750","properties":{"id":"AC-Y221-X750","grid_x":750,"grid_y":221,"centroid":[-68.2840754,-10.6476312],"aggregation":"none","score_gradboost":0.8725204,"score_random_forest":0.848997,"score_logistic_regression":0.7717549,"score_fuzzy_knn_k29":0.9233775},"geometry":{"type":"Polygon","coordinates":[[[-68.2881511,-10.6503452],[-68.2799871,-10.6503266],[-68.2799998,-10.6449172],[-68.2881637,-10.6449358],[-68.2881511,-10.6503452]]]}},{"type":"Feature","id":"AC-Y221-X751","properties":{"id":"AC-Y221-X751","grid_x":751,"grid_y":221,"centroid":[-68.2759114,-10.6476125],"aggregation":"none","score_gradboost":0.8993521,"score_random_forest":0.8420668,"score_logistic_regression":0.7747834,"score_fuzzy_knn_k29":0.9724154},"geometry":{"type":"Polygon","coordinates":[[[-68.2799871,-10.6503266],[-68.271823,-10.6503077],[-68.2718358,-10.6448983],[-68.2799998,-10.6449172],[-68.2799871,-10.6503266]]]}},{"type":"Feature","id":"AC-Y221-X752","properties":{"id":"AC-Y221-X752","grid_x":752,"grid_y":221,"centroid":[-68.2677474,-10.6475935],"aggregation":"none","score_gradboost":0.6734328,"score_random_forest":0.7618185,"score_logistic_regression":0.8462224,"score_fuzzy_knn_k29":0.7961054},"geometry":{"type":"Polygon","coordinates":[[[-68.271823,-10.6503077],[-68.2636589,-10.6502887],[-68.2636719,-10.6448792],[-68.2718358,-10.6448983],[-68.271823,-10.6503077]]]}},{"type":"Feature","id":"AC-Y221-X753","properties":{"id":"AC-Y221-X753","grid_x":753,"grid_y":221,"centroid":[-68.2595835,-10.6475743],"aggregation":"none","score_gradboost":0.8868101,"score_random_forest":0.8987886,"score_logistic_regression":0.7829979,"score_fuzzy_knn_k29":0.9823634},"geometry":{"type":"Polygon","coordinates":[[[-68.2636589,-10.6502887],[-68.2554949,-10.6502694],[-68.255508,-10.64486],[-68.2636719,-10.6448792],[-68.2636589,-10.6502887]]]}},{"type":"Feature","id":"AC-Y221-X754","properties":{"id":"AC-Y221-X754","grid_x":754,"grid_y":221,"centroid":[-68.2514195,-10.6475549],"aggregation":"none","score_gradboost":0.8310558,"score_random_forest":0.8414289,"score_logistic_regression":0.8208409,"score_fuzzy_knn_k29":0.9367534},"geometry":{"type":"Polygon","coordinates":[[[-68.2554949,-10.6502694],[-68.2473309,-10.6502499],[-68.2473442,-10.6448405],[-68.255508,-10.64486],[-68.2554949,-10.6502694]]]}},{"type":"Feature","id":"AC-Y221-X755","properties":{"id":"AC-Y221-X755","grid_x":755,"grid_y":221,"centroid":[-68.2432556,-10.6475353],"aggregation":"none","score_gradboost":0.7625968,"score_random_forest":0.7770637,"score_logistic_regression":0.7969853,"score_fuzzy_knn_k29":0.9297555},"geometry":{"type":"Polygon","coordinates":[[[-68.2473309,-10.6502499],[-68.2391669,-10.6502302],[-68.2391803,-10.6448208],[-68.2473442,-10.6448405],[-68.2473309,-10.6502499]]]}},{"type":"Feature","id":"AC-Y221-X756","properties":{"id":"AC-Y221-X756","grid_x":756,"grid_y":221,"centroid":[-68.2350916,-10.6475155],"aggregation":"none","score_gradboost":0.7913419,"score_random_forest":0.7585413,"score_logistic_regression":0.7423331,"score_fuzzy_knn_k29":0.8425499},"geometry":{"type":"Polygon","coordinates":[[[-68.2391669,-10.6502302],[-68.2310029,-10.6502102],[-68.2310165,-10.6448008],[-68.2391803,-10.6448208],[-68.2391669,-10.6502302]]]}},{"type":"Feature","id":"AC-Y221-X757","properties":{"id":"AC-Y221-X757","grid_x":757,"grid_y":221,"centroid":[-68.2269277,-10.6474955],"aggregation":"none","score_gradboost":0.3722175,"score_random_forest":0.5609879,"score_logistic_regression":0.8144825,"score_fuzzy_knn_k29":0.6248419},"geometry":{"type":"Polygon","coordinates":[[[-68.2310029,-10.6502102],[-68.2228389,-10.6501901],[-68.2228526,-10.6447807],[-68.2310165,-10.6448008],[-68.2310029,-10.6502102]]]}},{"type":"Feature","id":"AC-Y221-X758","properties":{"id":"AC-Y221-X758","grid_x":758,"grid_y":221,"centroid":[-68.2187638,-10.6474753],"aggregation":"none","score_gradboost":0.8280255,"score_random_forest":0.7958981,"score_logistic_regression":0.8349187,"score_fuzzy_knn_k29":0.7126524},"geometry":{"type":"Polygon","coordinates":[[[-68.2228389,-10.6501901],[-68.214675,-10.6501697],[-68.2146888,-10.6447604],[-68.2228526,-10.6447807],[-68.2228389,-10.6501901]]]}},{"type":"Feature","id":"AC-Y221-X759","properties":{"id":"AC-Y221-X759","grid_x":759,"grid_y":221,"centroid":[-68.2106,-10.6474548],"aggregation":"none","score_gradboost":0.8422128,"score_random_forest":0.8771432,"score_logistic_regression":0.7968207,"score_fuzzy_knn_k29":1.0},"geometry":{"type":"Polygon","coordinates":[[[-68.214675,-10.6501697],[-68.206511,-10.6501492],[-68.206525,-10.6447398],[-68.2146888,-10.6447604],[-68.214675,-10.6501697]]]}},{"type":"Feature","id":"AC-Y221-X760","properties":{"id":"AC-Y221-X760","grid_x":760,"grid_y":221,"centroid":[-68.2024361,-10.6474341],"aggregation":"none","score_gradboost":0.8840979,"score_random_forest":0.9057417,"score_logistic_regression":0.810829,"score_fuzzy_knn_k29":1.0},"geometry":{"type":"Polygon","coordinates":[[[-68.206511,-10.6501492],[-68.1983471,-10.6501284],[-68.1983612,-10.6447191],[-68.206525,-10.6447398],[-68.206511,-10.6501492]]]}},{"type":"Feature","id":"AC-Y221-X761","properties":{"id":"AC-Y221-X761","grid_x":761,"grid_y":221,"centroid":[-68.1942723,-10.6474133],"aggregation":"none","score_gradboost":0.6980201,"score_random_forest":0.8534333,"score_logistic_regression":0.8137753,"score_fuzzy_knn_k29":1.0},"geometry":{"type":"Polygon","coordinates":[[[-68.1983471,-10.6501284],[-68.1901832,-10.6501074],[-68.1901975,-10.6446981],[-68.1983612,-10.6447191],[-68.1983471,-10.6501284]]]}},{"type":"Feature","id":"AC-Y222-X738","properties":{"id":"AC-Y222-X738","grid_x":738,"grid_y":222,"centroid":[-68.3820555,-10.6424301],"aggregation":"none","score_gradboost":0.832761,"score_random_forest":0.8775111,"score_logistic_regression":0.7667866,"score_fuzzy_knn_k29":0.7435727},"geometry":{"type":"Polygon","coordinates":[[[-68.3861321,-10.6451429],[-68.377968,-10.6451268],[-68.3779789,-10.6397173],[-68.3861429,-10.6397333],[-68.3861321,-10.6451429]]]}},{"type":"Feature","id":"AC-Y222-X739","properties":{"id":"AC-Y222-X739","grid_x":739,"grid_y":222,"centroid":[-68.3738915,-10.6424139],"aggregation":"none","score_gradboost":0.7333575,"score_random_forest":0.7137979,"score_logistic_regression":0.7395307,"score_fuzzy_knn_k29":0.5365119},"geometry":{"type":"Polygon","coordinates":[[[-68.377968,-10.6451268],[-68.3698039,-10.6451105],[-68.369815,-10.639701],[-68.3779789,-10.6397173],[-68.377968,-10.6451268]]]}},{"type":"Feature","id":"AC-Y222-X740","properties":{"id":"AC-Y222-X740","grid_x":740,"grid_y":222,"centroid":[-68.3657274,-10.6423975],"aggregation":"none","score_gradboost":0.8180805,"score_random_forest":0.8810952,"score_logistic_regression":0.7736985,"score_fuzzy_knn_k29":0.8896875},"geometry":{"type":"Polygon","coordinates":[[[-68.3698039,-10.6451105],[-68.3616398,-10.645094],[-68.3616511,-10.6396845],[-68.369815,-10.639701],[-68.3698039,-10.6451105]]]}},{"type":"Feature","id":"AC-Y222-X741","properties":{"id":"AC-Y222-X741","grid_x":741,"grid_y":222,"centroid":[-68.3575634,-10.6423809],"aggregation":"none","score_gradboost":0.925688,"score_random_forest":0.9472093,"score_logistic_regression":0.8065512,"score_fuzzy_knn_k29":0.8885426},"geometry":{"type":"Polygon","coordinates":[[[-68.3616398,-10.645094],[-68.3534757,-10.6450773],[-68.3534871,-10.6396677],[-68.3616511,-10.6396845],[-68.3616398,-10.645094]]]}},{"type":"Feature","id":"AC-Y222-X742","properties":{"id":"AC-Y222-X742","grid_x":742,"grid_y":222,"centroid":[-68.3493994,-10.6423641],"aggregation":"none","score_gradboost":0.8737214,"score_random_forest":0.7782168,"score_logistic_regression":0.6204624,"score_fuzzy_knn_k29":0.5715127},"geometry":{"type":"Polygon","coordinates":[[[-68.3534757,-10.6450773],[-68.3453117,-10.6450603],[-68.3453232,-10.6396508],[-68.3534871,-10.6396677],[-68.3534757,-10.6450773]]]}},{"type":"Feature","id":"AC-Y222-X743","properties":{"id":"AC-Y222-X743","grid_x":743,"grid_y":222,"centroid":[-68.3412355,-10.642347],"aggregation":"none","score_gradboost":0.8989424,"score_random_forest":0.7958702,"score_logistic_regression":0.6798775,"score_fuzzy_knn_k29":0.4809894},"geometry":{"type":"Polygon","coordinates":[[[-68.3453117,-10.6450603],[-68.3371476,-10.6450432],[-68.3371593,-10.6396337],[-68.3453232,-10.6396508],[-68.3453117,-10.6450603]]]}},{"type":"Feature","id":"AC-Y222-X744","properties":{"id":"AC-Y222-X744","grid_x":744,"grid_y":222,"centroid":[-68.3330715,-10.6423298],"aggregation":"none","score_gradboost":0.8777818,"score_random_forest":0.8041711,"score_logistic_regression":0.7295003,"score_fuzzy_knn_k29":0.5706785},"geometry":{"type":"Polygon","coordinates":[[[-68.3371476,-10.6450432],[-68.3289836,-10.6450258],[-68.3289954,-10.6396163],[-68.3371593,-10.6396337],[-68.3371476,-10.6450432]]]}},{"type":"Feature","id":"AC-Y222-X745","properties":{"id":"AC-Y222-X745","grid_x":745,"grid_y":222,"centroid":[-68.3249076,-10.6423123],"aggregation":"none","score_gradboost":0.9300727,"score_random_forest":0.8855602,"score_logistic_regression":0.781917,"score_fuzzy_knn_k29":0.7897678},"geometry":{"type":"Polygon","coordinates":[[[-68.3289836,-10.6450258],[-68.3208196,-10.6450082],[-68.3208316,-10.6395987],[-68.3289954,-10.6396163],[-68.3289836,-10.6450258]]]}},{"type":"Feature","id":"AC-Y222-X746","properties":{"id":"AC-Y222-X746","grid_x":746,"grid_y":222,"centroid":[-68.3167436,-10.6422946],"aggregation":"none","score_gradboost":0.918905,"score_random_forest":0.8741971,"score_logistic_regression":0.6856425,"score_fuzzy_knn_k29":0.6751582},"geometry":{"type":"Polygon","coordinates":[[[-68.3208196,-10.6450082],[-68.3126556,-10.6449904],[-68.3126677,-10.639581],[-68.3208316,-10.6395987],[-68.3208196,-10.6450082]]]}},{"type":"Feature","id":"AC-Y222-X747","properties":{"id":"AC-Y222-X747","grid_x":747,"grid_y":222,"centroid":[-68.3085797,-10.6422767],"aggregation":"none","score_gradboost":0.8717883,"score_random_forest":0.8671334,"score_logistic_regression":0.6530706,"score_fuzzy_knn_k29":0.7902448},"geometry":{"type":"Polygon","coordinates":[[[-68.3126556,-10.6449904],[-68.3044916,-10.6449724],[-68.3045039,-10.639563],[-68.3126677,-10.639581],[-68.3126556,-10.6449904]]]}},{"type":"Feature","id":"AC-Y222-X748","properties":{"id":"AC-Y222-X748","grid_x":748,"grid_y":222,"centroid":[-68.3004158,-10.6422586],"aggregation":"none","score_gradboost":0.8513326,"score_random_forest":0.8836687,"score_logistic_regression":0.8059247,"score_fuzzy_knn_k29":0.8746162},"geometry":{"type":"Polygon","coordinates":[[[-68.3044916,-10.6449724],[-68.2963277,-10.6449542],[-68.2963401,-10.6395448],[-68.3045039,-10.639563],[-68.3044916,-10.6449724]]]}},{"type":"Feature","id":"AC-Y222-X749","properties":{"id":"AC-Y222-X749","grid_x":749,"grid_y":222,"centroid":[-68.2922519,-10.6422403],"aggregation":"none","score_gradboost":0.8688657,"score_random_forest":0.8389658,"score_logistic_regression":0.708131,"score_fuzzy_knn_k29":0.7989997},"geometry":{"type":"Polygon","coordinates":[[[-68.2963277,-10.6449542],[-68.2881637,-10.6449358],[-68.2881763,-10.6395263],[-68.2963401,-10.6395448],[-68.2963277,-10.6449542]]]}},{"type":"Feature","id":"AC-Y222-X750","properties":{"id":"AC-Y222-X750","grid_x":750,"grid_y":222,"centroid":[-68.284088,-10.6422218],"aggregation":"none","score_gradboost":0.9185589,"score_random_forest":0.8745541,"score_logistic_regression":0.707407,"score_fuzzy_knn_k29":0.8445334},"geometry":{"type":"Polygon","coordinates":[[[-68.2881637,-10.6449358],[-68.2799998,-10.6449172],[-68.2800125,-10.6395077],[-68.2881763,-10.6395263],[-68.2881637,-10.6449358]]]}},{"type":"Feature","id":"AC-Y222-X751","properties":{"id":"AC-Y222-X751","grid_x":751,"grid_y":222,"centroid":[-68.2759242,-10.642203],"aggregation":"none","score_gradboost":0.772788,"score_random_forest":0.8245951,"score_logistic_regression":0.74582,"score_fuzzy_knn_k29":0.7116272},"geometry":{"type":"Polygon","coordinates":[[[-68.2799998,-10.6449172],[-68.2718358,-10.6448983],[-68.2718487,-10.6394889],[-68.2800125,-10.6395077],[-68.2799998,-10.6449172]]]}},{"type":"Feature","id":"AC-Y222-X752","properties":{"id":"AC-Y222-X752","grid_x":752,"grid_y":222,"centroid":[-68.2677603,-10.6421841],"aggregation":"none","score_gradboost":0.84169,"score_random_forest":0.9040519,"score_logistic_regression":0.7785507,"score_fuzzy_knn_k29":0.9225616},"geometry":{"type":"Polygon","coordinates":[[[-68.2718358,-10.6448983],[-68.2636719,-10.6448792],[-68.2636849,-10.6394698],[-68.2718487,-10.6394889],[-68.2718358,-10.6448983]]]}},{"type":"Feature","id":"AC-Y222-X753","properties":{"id":"AC-Y222-X753","grid_x":753,"grid_y":222,"centroid":[-68.2595965,-10.6421649],"aggregation":"none","score_gradboost":0.8813271,"score_random_forest":0.900352,"score_logistic_regression":0.7857784,"score_fuzzy_knn_k29":0.9469283},"geometry":{"type":"Polygon","coordinates":[[[-68.2636719,-10.6448792],[-68.255508,-10.64486],[-68.2555212,-10.6394505],[-68.2636849,-10.6394698],[-68.2636719,-10.6448792]]]}},{"type":"Feature","id":"AC-Y222-X754","properties":{"id":"AC-Y222-X754","grid_x":754,"grid_y":222,"centroid":[-68.2514327,-10.6421455],"aggregation":"none","score_gradboost":0.6946503,"score_random_forest":0.7546427,"score_logistic_regression":0.8448717,"score_fuzzy_knn_k29":0.813674},"geometry":{"type":"Polygon","coordinates":[[[-68.255508,-10.64486],[-68.2473442,-10.6448405],[-68.2473574,-10.6394311],[-68.2555212,-10.6394505],[-68.255508,-10.64486]]]}},{"type":"Feature","id":"AC-Y222-X755","properties":{"id":"AC-Y222-X755","grid_x":755,"grid_y":222,"centroid":[-68.2432689,-10.6421259],"aggregation":"none","score_gradboost":0.8067878,"score_random_forest":0.8632661,"score_logistic_regression":0.8046971,"score_fuzzy_knn_k29":0.9822804},"geometry":{"type":"Polygon","coordinates":[[[-68.2473442,-10.6448405],[-68.2391803,-10.6448208],[-68.2391937,-10.6394114],[-68.2473574,-10.6394311],[-68.2473442,-10.6448405]]]}},{"type":"Feature","id":"AC-Y222-X756","properties":{"id":"AC-Y222-X756","grid_x":756,"grid_y":222,"centroid":[-68.2351051,-10.6421061],"aggregation":"none","score_gradboost":0.8948697,"score_random_forest":0.8281331,"score_logistic_regression":0.7796848,"score_fuzzy_knn_k29":0.9589592},"geometry":{"type":"Polygon","coordinates":[[[-68.2391803,-10.6448208],[-68.2310165,-10.6448008],[-68.23103,-10.6393915],[-68.2391937,-10.6394114],[-68.2391803,-10.6448208]]]}},{"type":"Feature","id":"AC-Y222-X757","properties":{"id":"AC-Y222-X757","grid_x":757,"grid_y":222,"centroid":[-68.2269414,-10.6420861],"aggregation":"none","score_gradboost":0.7647181,"score_random_forest":0.7742049,"score_logistic_regression":0.7376889,"score_fuzzy_knn_k29":0.8051236},"geometry":{"type":"Polygon","coordinates":[[[-68.2310165,-10.6448008],[-68.2228526,-10.6447807],[-68.2228663,-10.6393713],[-68.23103,-10.6393915],[-68.2310165,-10.6448008]]]}},{"type":"Feature","id":"AC-Y222-X758","properties":{"id":"AC-Y222-X758","grid_x":758,"grid_y":222,"centroid":[-68.2187776,-10.6420659],"aggregation":"none","score_gradboost":0.5752118,"score_random_forest":0.6250982,"score_logistic_regression":0.8258335,"score_fuzzy_knn_k29":0.7520449},"geometry":{"type":"Polygon","coordinates":[[[-68.2228526,-10.6447807],[-68.2146888,-10.6447604],[-68.2147027,-10.639351],[-68.2228663,-10.6393713],[-68.2228526,-10.6447807]]]}},{"type":"Feature","id":"AC-Y222-X759","properties":{"id":"AC-Y222-X759","grid_x":759,"grid_y":222,"centroid":[-68.2106139,-10.6420454],"aggregation":"none","score_gradboost":0.789989,"score_random_forest":0.8700741,"score_logistic_regression":0.792096,"score_fuzzy_knn_k29":1.0},"geometry":{"type":"Polygon","coordinates":[[[-68.2146888,-10.6447604],[-68.206525,-10.6447398],[-68.206539,-10.6393305],[-68.2147027,-10.639351],[-68.2146888,-10.6447604]]]}},{"type":"Feature","id":"AC-Y222-X760","properties":{"id":"AC-Y222-X760","grid_x":760,"grid_y":222,"centroid":[-68.2024502,-10.6420248],"aggregation":"none","score_gradboost":0.899213,"score_random_forest":0.8537936,"score_logistic_regression":0.8314631,"score_fuzzy_knn_k29":0.8535012},"geometry":{"type":"Polygon","coordinates":[[[-68.206525,-10.6447398],[-68.1983612,-10.6447191],[-68.1983754,-10.6393097],[-68.206539,-10.6393305],[-68.206525,-10.6447398]]]}},{"type":"Feature","id":"AC-Y222-X761","properties":{"id":"AC-Y222-X761","grid_x":761,"grid_y":222,"centroid":[-68.1942865,-10.6420039],"aggregation":"none","score_gradboost":0.9417154,"score_random_forest":0.900462,"score_logistic_regression":0.5433602,"score_fuzzy_knn_k29":0.944076},"geometry":{"type":"Polygon","coordinates":[[[-68.1983612,-10.6447191],[-68.1901975,-10.6446981],[-68.1902118,-10.6392887],[-68.1983754,-10.6393097],[-68.1983612,-10.6447191]]]}},{"type":"Feature","id":"AC-Y222-X762","properties":{"id":"AC-Y222-X762","grid_x":762,"grid_y":222,"centroid":[-68.1861228,-10.6419828],"aggregation":"none","score_gradboost":0.9613395,"score_random_forest":0.9743046,"score_logistic_regression":0.7718844,"score_fuzzy_knn_k29":1.0},"geometry":{"type":"Polygon","coordinates":[[[-68.1901975,-10.6446981],[-68.1820337,-10.6446769],[-68.1820482,-10.6392676],[-68.1902118,-10.6392887],[-68.1901975,-10.6446981]]]}},{"type":"Feature","id":"AC-Y222-X763","properties":{"id":"AC-Y222-X763","grid_x":763,"grid_y":222,"centroid":[-68.1779591,-10.6419616],"aggregation":"none","score_gradboost":0.8576963,"score_random_forest":0.9024967,"score_logistic_regression":0.5914459,"score_fuzzy_knn_k29":1.0},"geometry":{"type":"Polygon","coordinates":[[[-68.1820337,-10.6446769],[-68.17387,-10.6446555],[-68.1738846,-10.6392462],[-68.1820482,-10.6392676],[-68.1820337,-10.6446769]]]}},{"type":"Feature","id":"AC-Y222-X764","properties":{"id":"AC-Y222-X764","grid_x":764,"grid_y":222,"centroid":[-68.1697955,-10.6419401],"aggregation":"none","score_gradboost":0.8809076,"score_random_forest":0.8354459,"score_logistic_regression":0.5552559,"score_fuzzy_knn_k29":0.8472002},"geometry":{"type":"Polygon","coordinates":[[[-68.17387,-10.6446555],[-68.1657063,-10.6446339],[-68.165721,-10.6392246],[-68.1738846,-10.6392462],[-68.17387,-10.6446555]]]}},{"type":"Feature","id":"AC-Y222-X765","properties":{"id":"AC-Y222-X765","grid_x":765,"grid_y":222,"centroid":[-68.1616318,-10.6419183],"aggregation":"none","score_gradboost":0.9067679,"score_random_forest":0.8923881,"score_logistic_regression":0.8098274,"score_fuzzy_knn_k29":0.6424976},"geometry":{"type":"Polygon","coordinates":[[[-68.1657063,-10.6446339],[-68.1575426,-10.644612],[-68.1575575,-10.6392028],[-68.165721,-10.6392246],[-68.1657063,-10.6446339]]]}},{"type":"Feature","id":"AC-Y223-X738","properties":{"id":"AC-Y223-X738","grid_x":738,"grid_y":223,"centroid":[-68.3820664,-10.6370205],"aggregation":"none","score_gradboost":0.8555806,"score_random_forest":0.876059,"score_logistic_regression":0.7959351,"score_fuzzy_knn_k29":0.9286797},"geometry":{"type":"Polygon","coordinates":[[[-68.3861429,-10.6397333],[-68.3779789,-10.6397173],[-68.3779899,-10.6343077],[-68.3861537,-10.6343238],[-68.3861429,-10.6397333]]]}},{"type":"Feature","id":"AC-Y223-X739","properties":{"id":"AC-Y223-X739","grid_x":739,"grid_y":223,"centroid":[-68.3739025,-10.6370044],"aggregation":"none","score_gradboost":0.8363992,"score_random_forest":0.7472289,"score_logistic_regression":0.7686873,"score_fuzzy_knn_k29":0.1231113},"geometry":{"type":"Polygon","coordinates":[[[-68.3779789,-10.6397173],[-68.369815,-10.639701],[-68.3698261,-10.6342914],[-68.3779899,-10.6343077],[-68.3779789,-10.6397173]]]}},{"type":"Feature","id":"AC-Y223-X740","properties":{"id":"AC-Y223-X740","grid_x":740,"grid_y":223,"centroid":[-68.3657386,-10.636988],"aggregation":"none","score_gradboost":0.9024974,"score_random_forest":0.8292447,"score_logistic_regression":0.7327047,"score_fuzzy_knn_k29":0.4206587},"geometry":{"type":"Polygon","coordinates":[[[-68.369815,-10.639701],[-68.3616511,-10.6396845],[-68.3616623,-10.6342749],[-68.3698261,-10.6342914],[-68.369815,-10.639701]]]}},{"type":"Feature","id":"AC-Y223-X741","properties":{"id":"AC-Y223-X741","grid_x":741,"grid_y":223,"centroid":[-68.3575748,-10.6369714],"aggregation":"none","score_gradboost":0.9354857,"score_random_forest":0.8531218,"score_logistic_regression":0.7185519,"score_fuzzy_knn_k29":0.4237891},"geometry":{"type":"Polygon","coordinates":[[[-68.3616511,-10.6396845],[-68.3534871,-10.6396677],[-68.3534985,-10.6342582],[-68.3616623,-10.6342749],[-68.3616511,-10.6396845]]]}},{"type":"Feature","id":"AC-Y223-X742","properties":{"id":"AC-Y223-X742","grid_x":742,"grid_y":223,"centroid":[-68.3494109,-10.6369545],"aggregation":"none","score_gradboost":0.854864,"score_random_forest":0.7456446,"score_logistic_regression":0.6810534,"score_fuzzy_knn_k29":0.4857087},"geometry":{"type":"Polygon","coordinates":[[[-68.3534871,-10.6396677],[-68.3453232,-10.6396508],[-68.3453348,-10.6342413],[-68.3534985,-10.6342582],[-68.3534871,-10.6396677]]]}},{"type":"Feature","id":"AC-Y223-X743","properties":{"id":"AC-Y223-X743","grid_x":743,"grid_y":223,"centroid":[-68.3412471,-10.6369375],"aggregation":"none","score_gradboost":0.7583074,"score_random_forest":0.764991,"score_logistic_regression":0.7041424,"score_fuzzy_knn_k29":0.390513},"geometry":{"type":"Polygon","coordinates":[[[-68.3453232,-10.6396508],[-68.3371593,-10.6396337],[-68.337171,-10.6342241],[-68.3453348,-10.6342413],[-68.3453232,-10.6396508]]]}},{"type":"Feature","id":"AC-Y223-X744","properties":{"id":"AC-Y223-X744","grid_x":744,"grid_y":223,"centroid":[-68.3330833,-10.6369203],"aggregation":"none","score_gradboost":0.7654462,"score_random_forest":0.7612751,"score_logistic_regression":0.7181038,"score_fuzzy_knn_k29":0.4450467},"geometry":{"type":"Polygon","coordinates":[[[-68.3371593,-10.6396337],[-68.3289954,-10.6396163],[-68.3290073,-10.6342068],[-68.337171,-10.6342241],[-68.3371593,-10.6396337]]]}},{"type":"Feature","id":"AC-Y223-X745","properties":{"id":"AC-Y223-X745","grid_x":745,"grid_y":223,"centroid":[-68.3249195,-10.6369028],"aggregation":"none","score_gradboost":0.8538283,"score_random_forest":0.8947591,"score_logistic_regression":0.7569451,"score_fuzzy_knn_k29":0.8228613},"geometry":{"type":"Polygon","coordinates":[[[-68.3289954,-10.6396163],[-68.3208316,-10.6395987],[-68.3208435,-10.6341892],[-68.3290073,-10.6342068],[-68.3289954,-10.6396163]]]}},{"type":"Feature","id":"AC-Y223-X746","properties":{"id":"AC-Y223-X746","grid_x":746,"grid_y":223,"centroid":[-68.3167557,-10.6368851],"aggregation":"none","score_gradboost":0.7457702,"score_random_forest":0.7325786,"score_logistic_regression":0.7439315,"score_fuzzy_knn_k29":0.3493548},"geometry":{"type":"Polygon","coordinates":[[[-68.3208316,-10.6395987],[-68.3126677,-10.639581],[-68.3126798,-10.6341715],[-68.3208435,-10.6341892],[-68.3208316,-10.6395987]]]}},{"type":"Feature","id":"AC-Y223-X747","properties":{"id":"AC-Y223-X747","grid_x":747,"grid_y":223,"centroid":[-68.3085919,-10.6368672],"aggregation":"none","score_gradboost":0.8660814,"score_random_forest":0.8325132,"score_logistic_regression":0.6193428,"score_fuzzy_knn_k29":0.7102574},"geometry":{"type":"Polygon","coordinates":[[[-68.3126677,-10.639581],[-68.3045039,-10.639563],[-68.3045161,-10.6341535],[-68.3126798,-10.6341715],[-68.3126677,-10.639581]]]}},{"type":"Feature","id":"AC-Y223-X748","properties":{"id":"AC-Y223-X748","grid_x":748,"grid_y":223,"centroid":[-68.3004281,-10.6368491],"aggregation":"none","score_gradboost":0.8553601,"score_random_forest":0.7932165,"score_logistic_regression":0.737715,"score_fuzzy_knn_k29":0.5731474},"geometry":{"type":"Polygon","coordinates":[[[-68.3045039,-10.639563],[-68.2963401,-10.6395448],[-68.2963525,-10.6341353],[-68.3045161,-10.6341535],[-68.3045039,-10.639563]]]}},{"type":"Feature","id":"AC-Y223-X749","properties":{"id":"AC-Y223-X749","grid_x":749,"grid_y":223,"centroid":[-68.2922644,-10.6368308],"aggregation":"none","score_gradboost":0.8226442,"score_random_forest":0.789659,"score_logistic_regression":0.7036614,"score_fuzzy_knn_k29":0.7200577},"geometry":{"type":"Polygon","coordinates":[[[-68.2963401,-10.6395448],[-68.2881763,-10.6395263],[-68.2881888,-10.6341169],[-68.2963525,-10.6341353],[-68.2963401,-10.6395448]]]}},{"type":"Feature","id":"AC-Y223-X750","properties":{"id":"AC-Y223-X750","grid_x":750,"grid_y":223,"centroid":[-68.2841007,-10.6368123],"aggregation":"none","score_gradboost":0.8053874,"score_random_forest":0.8392402,"score_logistic_regression":0.6279603,"score_fuzzy_knn_k29":0.7510864},"geometry":{"type":"Polygon","coordinates":[[[-68.2881763,-10.6395263],[-68.2800125,-10.6395077],[-68.2800251,-10.6340983],[-68.2881888,-10.6341169],[-68.2881763,-10.6395263]]]}},{"type":"Feature","id":"AC-Y223-X751","properties":{"id":"AC-Y223-X751","grid_x":751,"grid_y":223,"centroid":[-68.2759369,-10.6367936],"aggregation":"none","score_gradboost":0.8511632,"score_random_forest":0.8146923,"score_logistic_regression":0.7367884,"score_fuzzy_knn_k29":0.6800694},"geometry":{"type":"Polygon","coordinates":[[[-68.2800125,-10.6395077],[-68.2718487,-10.6394889],[-68.2718615,-10.6340794],[-68.2800251,-10.6340983],[-68.2800125,-10.6395077]]]}},{"type":"Feature","id":"AC-Y223-X752","properties":{"id":"AC-Y223-X752","grid_x":752,"grid_y":223,"centroid":[-68.2677732,-10.6367746],"aggregation":"none","score_gradboost":0.8421664,"score_random_forest":0.8667623,"score_logistic_regression":0.7878865,"score_fuzzy_knn_k29":0.7677878},"geometry":{"type":"Polygon","coordinates":[[[-68.2718487,-10.6394889],[-68.2636849,-10.6394698],[-68.2636979,-10.6340604],[-68.2718615,-10.6340794],[-68.2718487,-10.6394889]]]}},{"type":"Feature","id":"AC-Y223-X753","properties":{"id":"AC-Y223-X753","grid_x":753,"grid_y":223,"centroid":[-68.2596096,-10.6367555],"aggregation":"none","score_gradboost":0.7846633,"score_random_forest":0.8098534,"score_logistic_regression":0.7506285,"score_fuzzy_knn_k29":0.8889644},"geometry":{"type":"Polygon","coordinates":[[[-68.2636849,-10.6394698],[-68.2555212,-10.6394505],[-68.2555343,-10.6340411],[-68.2636979,-10.6340604],[-68.2636849,-10.6394698]]]}},{"type":"Feature","id":"AC-Y223-X754","properties":{"id":"AC-Y223-X754","grid_x":754,"grid_y":223,"centroid":[-68.2514459,-10.6367361],"aggregation":"none","score_gradboost":0.6083292,"score_random_forest":0.6595153,"score_logistic_regression":0.8270772,"score_fuzzy_knn_k29":0.5789978},"geometry":{"type":"Polygon","coordinates":[[[-68.2555212,-10.6394505],[-68.2473574,-10.6394311],[-68.2473707,-10.6340217],[-68.2555343,-10.6340411],[-68.2555212,-10.6394505]]]}},{"type":"Feature","id":"AC-Y223-X755","properties":{"id":"AC-Y223-X755","grid_x":755,"grid_y":223,"centroid":[-68.2432822,-10.6367165],"aggregation":"none","score_gradboost":0.8366237,"score_random_forest":0.7818793,"score_logistic_regression":0.7312414,"score_fuzzy_knn_k29":0.9250482},"geometry":{"type":"Polygon","coordinates":[[[-68.2473574,-10.6394311],[-68.2391937,-10.6394114],[-68.2392071,-10.634002],[-68.2473707,-10.6340217],[-68.2473574,-10.6394311]]]}},{"type":"Feature","id":"AC-Y223-X756","properties":{"id":"AC-Y223-X756","grid_x":756,"grid_y":223,"centroid":[-68.2351186,-10.6366967],"aggregation":"none","score_gradboost":0.8545069,"score_random_forest":0.7522629,"score_logistic_regression":0.7773709,"score_fuzzy_knn_k29":0.9850189},"geometry":{"type":"Polygon","coordinates":[[[-68.2391937,-10.6394114],[-68.23103,-10.6393915],[-68.2310436,-10.6339821],[-68.2392071,-10.634002],[-68.2391937,-10.6394114]]]}},{"type":"Feature","id":"AC-Y223-X757","properties":{"id":"AC-Y223-X757","grid_x":757,"grid_y":223,"centroid":[-68.226955,-10.6366767],"aggregation":"none","score_gradboost":0.8629449,"score_random_forest":0.8162346,"score_logistic_regression":0.7128011,"score_fuzzy_knn_k29":0.6011836},"geometry":{"type":"Polygon","coordinates":[[[-68.23103,-10.6393915],[-68.2228663,-10.6393713],[-68.22288,-10.633962],[-68.2310436,-10.6339821],[-68.23103,-10.6393915]]]}},{"type":"Feature","id":"AC-Y223-X758","properties":{"id":"AC-Y223-X758","grid_x":758,"grid_y":223,"centroid":[-68.2187914,-10.6366565],"aggregation":"none","score_gradboost":0.7386424,"score_random_forest":0.6997105,"score_logistic_regression":0.8231457,"score_fuzzy_knn_k29":0.9351762},"geometry":{"type":"Polygon","coordinates":[[[-68.2228663,-10.6393713],[-68.2147027,-10.639351],[-68.2147165,-10.6339416],[-68.22288,-10.633962],[-68.2228663,-10.6393713]]]}},{"type":"Feature","id":"AC-Y223-X759","properties":{"id":"AC-Y223-X759","grid_x":759,"grid_y":223,"centroid":[-68.2106278,-10.6366361],"aggregation":"none","score_gradboost":0.8419555,"score_random_forest":0.8748927,"score_logistic_regression":0.816469,"score_fuzzy_knn_k29":1.0},"geometry":{"type":"Polygon","coordinates":[[[-68.2147027,-10.639351],[-68.206539,-10.6393305],[-68.206553,-10.6339211],[-68.2147165,-10.6339416],[-68.2147027,-10.639351]]]}},{"type":"Feature","id":"AC-Y223-X760","properties":{"id":"AC-Y223-X760","grid_x":760,"grid_y":223,"centroid":[-68.2024642,-10.6366154],"aggregation":"none","score_gradboost":0.847565,"score_random_forest":0.8332474,"score_logistic_regression":0.8449454,"score_fuzzy_knn_k29":1.0},"geometry":{"type":"Polygon","coordinates":[[[-68.206539,-10.6393305],[-68.1983754,-10.6393097],[-68.1983895,-10.6339004],[-68.206553,-10.6339211],[-68.206539,-10.6393305]]]}},{"type":"Feature","id":"AC-Y223-X761","properties":{"id":"AC-Y223-X761","grid_x":761,"grid_y":223,"centroid":[-68.1943007,-10.6365946],"aggregation":"none","score_gradboost":0.9700539,"score_random_forest":0.962946,"score_logistic_regression":0.5579416,"score_fuzzy_knn_k29":0.9624344},"geometry":{"type":"Polygon","coordinates":[[[-68.1983754,-10.6393097],[-68.1902118,-10.6392887],[-68.190226,-10.6338794],[-68.1983895,-10.6339004],[-68.1983754,-10.6393097]]]}},{"type":"Feature","id":"AC-Y223-X762","properties":{"id":"AC-Y223-X762","grid_x":762,"grid_y":223,"centroid":[-68.1861371,-10.6365735],"aggregation":"none","score_gradboost":0.9491663,"score_random_forest":0.9509694,"score_logistic_regression":0.7692918,"score_fuzzy_knn_k29":1.0},"geometry":{"type":"Polygon","coordinates":[[[-68.1902118,-10.6392887],[-68.1820482,-10.6392676],[-68.1820626,-10.6338582],[-68.190226,-10.6338794],[-68.1902118,-10.6392887]]]}},{"type":"Feature","id":"AC-Y223-X763","properties":{"id":"AC-Y223-X763","grid_x":763,"grid_y":223,"centroid":[-68.1779736,-10.6365522],"aggregation":"none","score_gradboost":0.9648798,"score_random_forest":0.9749166,"score_logistic_regression":0.7520794,"score_fuzzy_knn_k29":1.0},"geometry":{"type":"Polygon","coordinates":[[[-68.1820482,-10.6392676],[-68.1738846,-10.6392462],[-68.1738991,-10.6338369],[-68.1820626,-10.6338582],[-68.1820482,-10.6392676]]]}},{"type":"Feature","id":"AC-Y223-X764","properties":{"id":"AC-Y223-X764","grid_x":764,"grid_y":223,"centroid":[-68.1698101,-10.6365307],"aggregation":"none","score_gradboost":0.5541557,"score_random_forest":0.6859627,"score_logistic_regression":0.5344008,"score_fuzzy_knn_k29":0.7536512},"geometry":{"type":"Polygon","coordinates":[[[-68.1738846,-10.6392462],[-68.165721,-10.6392246],[-68.1657357,-10.6338153],[-68.1738991,-10.6338369],[-68.1738846,-10.6392462]]]}},{"type":"Feature","id":"AC-Y224-X738","properties":{"id":"AC-Y224-X738","grid_x":738,"grid_y":224,"centroid":[-68.3820773,-10.631611],"aggregation":"none","score_gradboost":0.8826365,"score_random_forest":0.8526788,"score_logistic_regression":0.8081313,"score_fuzzy_knn_k29":0.9421563},"geometry":{"type":"Polygon","coordinates":[[[-68.3861537,-10.6343238],[-68.3779899,-10.6343077],[-68.3780009,-10.6288981],[-68.3861645,-10.6289142],[-68.3861537,-10.6343238]]]}},{"type":"Feature","id":"AC-Y224-X739","properties":{"id":"AC-Y224-X739","grid_x":739,"grid_y":224,"centroid":[-68.3739135,-10.6315948],"aggregation":"none","score_gradboost":0.9424849,"score_random_forest":0.9280526,"score_logistic_regression":0.8339278,"score_fuzzy_knn_k29":0.897144},"geometry":{"type":"Polygon","coordinates":[[[-68.3779899,-10.6343077],[-68.3698261,-10.6342914],[-68.3698372,-10.6288819],[-68.3780009,-10.6288981],[-68.3779899,-10.6343077]]]}},{"type":"Feature","id":"AC-Y224-X740","properties":{"id":"AC-Y224-X740","grid_x":740,"grid_y":224,"centroid":[-68.3657498,-10.6315784],"aggregation":"none","score_gradboost":0.8309556,"score_random_forest":0.745411,"score_logistic_regression":0.7281579,"score_fuzzy_knn_k29":0.5695567},"geometry":{"type":"Polygon","coordinates":[[[-68.3698261,-10.6342914],[-68.3616623,-10.6342749],[-68.3616735,-10.6288654],[-68.3698372,-10.6288819],[-68.3698261,-10.6342914]]]}},{"type":"Feature","id":"AC-Y224-X741","properties":{"id":"AC-Y224-X741","grid_x":741,"grid_y":224,"centroid":[-68.3575861,-10.6315618],"aggregation":"none","score_gradboost":0.7577609,"score_random_forest":0.7048565,"score_logistic_regression":0.7262967,"score_fuzzy_knn_k29":0.5333891},"geometry":{"type":"Polygon","coordinates":[[[-68.3616623,-10.6342749],[-68.3534985,-10.6342582],[-68.3535099,-10.6288487],[-68.3616735,-10.6288654],[-68.3616623,-10.6342749]]]}},{"type":"Feature","id":"AC-Y224-X742","properties":{"id":"AC-Y224-X742","grid_x":742,"grid_y":224,"centroid":[-68.3494224,-10.631545],"aggregation":"none","score_gradboost":0.6777036,"score_random_forest":0.6428849,"score_logistic_regression":0.732328,"score_fuzzy_knn_k29":0.2998435},"geometry":{"type":"Polygon","coordinates":[[[-68.3534985,-10.6342582],[-68.3453348,-10.6342413],[-68.3453463,-10.6288318],[-68.3535099,-10.6288487],[-68.3534985,-10.6342582]]]}},{"type":"Feature","id":"AC-Y224-X743","properties":{"id":"AC-Y224-X743","grid_x":743,"grid_y":224,"centroid":[-68.3412587,-10.631528],"aggregation":"none","score_gradboost":0.3395286,"score_random_forest":0.372849,"score_logistic_regression":0.7158861,"score_fuzzy_knn_k29":0.651268},"geometry":{"type":"Polygon","coordinates":[[[-68.3453348,-10.6342413],[-68.337171,-10.6342241],[-68.3371827,-10.6288146],[-68.3453463,-10.6288318],[-68.3453348,-10.6342413]]]}},{"type":"Feature","id":"AC-Y224-X744","properties":{"id":"AC-Y224-X744","grid_x":744,"grid_y":224,"centroid":[-68.333095,-10.6315107],"aggregation":"none","score_gradboost":0.6675104,"score_random_forest":0.5414417,"score_logistic_regression":0.7806767,"score_fuzzy_knn_k29":0.893321},"geometry":{"type":"Polygon","coordinates":[[[-68.337171,-10.6342241],[-68.3290073,-10.6342068],[-68.3290191,-10.6287973],[-68.3371827,-10.6288146],[-68.337171,-10.6342241]]]}},{"type":"Feature","id":"AC-Y224-X745","properties":{"id":"AC-Y224-X745","grid_x":745,"grid_y":224,"centroid":[-68.3249313,-10.6314933],"aggregation":"none","score_gradboost":0.6682506,"score_random_forest":0.6158866,"score_logistic_regression":0.7300742,"score_fuzzy_knn_k29":0.751457},"geometry":{"type":"Polygon","coordinates":[[[-68.3290073,-10.6342068],[-68.3208435,-10.6341892],[-68.3208555,-10.6287797],[-68.3290191,-10.6287973],[-68.3290073,-10.6342068]]]}},{"type":"Feature","id":"AC-Y224-X746","properties":{"id":"AC-Y224-X746","grid_x":746,"grid_y":224,"centroid":[-68.3167677,-10.6314756],"aggregation":"none","score_gradboost":0.7581622,"score_random_forest":0.7310904,"score_logistic_regression":0.7138819,"score_fuzzy_knn_k29":0.435288},"geometry":{"type":"Polygon","coordinates":[[[-68.3208435,-10.6341892],[-68.3126798,-10.6341715],[-68.3126919,-10.628762],[-68.3208555,-10.6287797],[-68.3208435,-10.6341892]]]}},{"type":"Feature","id":"AC-Y224-X747","properties":{"id":"AC-Y224-X747","grid_x":747,"grid_y":224,"centroid":[-68.3086041,-10.6314578],"aggregation":"none","score_gradboost":0.9314899,"score_random_forest":0.9183811,"score_logistic_regression":0.7672768,"score_fuzzy_knn_k29":0.8408364},"geometry":{"type":"Polygon","coordinates":[[[-68.3126798,-10.6341715],[-68.3045161,-10.6341535],[-68.3045284,-10.628744],[-68.3126919,-10.628762],[-68.3126798,-10.6341715]]]}},{"type":"Feature","id":"AC-Y224-X748","properties":{"id":"AC-Y224-X748","grid_x":748,"grid_y":224,"centroid":[-68.3004405,-10.6314397],"aggregation":"none","score_gradboost":0.9487212,"score_random_forest":0.948765,"score_logistic_regression":0.7674253,"score_fuzzy_knn_k29":0.8128535},"geometry":{"type":"Polygon","coordinates":[[[-68.3045161,-10.6341535],[-68.2963525,-10.6341353],[-68.2963648,-10.6287258],[-68.3045284,-10.628744],[-68.3045161,-10.6341535]]]}},{"type":"Feature","id":"AC-Y224-X749","properties":{"id":"AC-Y224-X749","grid_x":749,"grid_y":224,"centroid":[-68.2922769,-10.6314214],"aggregation":"none","score_gradboost":0.8541693,"score_random_forest":0.7445371,"score_logistic_regression":0.682238,"score_fuzzy_knn_k29":0.5011532},"geometry":{"type":"Polygon","coordinates":[[[-68.2963525,-10.6341353],[-68.2881888,-10.6341169],[-68.2882013,-10.6287074],[-68.2963648,-10.6287258],[-68.2963525,-10.6341353]]]}},{"type":"Feature","id":"AC-Y224-X750","properties":{"id":"AC-Y224-X750","grid_x":750,"grid_y":224,"centroid":[-68.2841133,-10.6314029],"aggregation":"none","score_gradboost":0.7090596,"score_random_forest":0.6795853,"score_logistic_regression":0.6401368,"score_fuzzy_knn_k29":0.5517818},"geometry":{"type":"Polygon","coordinates":[[[-68.2881888,-10.6341169],[-68.2800251,-10.6340983],[-68.2800378,-10.6286888],[-68.2882013,-10.6287074],[-68.2881888,-10.6341169]]]}},{"type":"Feature","id":"AC-Y224-X751","properties":{"id":"AC-Y224-X751","grid_x":751,"grid_y":224,"centroid":[-68.2759497,-10.6313841],"aggregation":"none","score_gradboost":0.800084,"score_random_forest":0.738023,"score_logistic_regression":0.6500005,"score_fuzzy_knn_k29":0.6064007},"geometry":{"type":"Polygon","coordinates":[[[-68.2800251,-10.6340983],[-68.2718615,-10.6340794],[-68.2718743,-10.62867],[-68.2800378,-10.6286888],[-68.2800251,-10.6340983]]]}},{"type":"Feature","id":"AC-Y224-X752","properties":{"id":"AC-Y224-X752","grid_x":752,"grid_y":224,"centroid":[-68.2677861,-10.6313652],"aggregation":"none","score_gradboost":0.8083062,"score_random_forest":0.8179859,"score_logistic_regression":0.6226838,"score_fuzzy_knn_k29":0.7496926},"geometry":{"type":"Polygon","coordinates":[[[-68.2718615,-10.6340794],[-68.2636979,-10.6340604],[-68.2637109,-10.6286509],[-68.2718743,-10.62867],[-68.2718615,-10.6340794]]]}},{"type":"Feature","id":"AC-Y224-X753","properties":{"id":"AC-Y224-X753","grid_x":753,"grid_y":224,"centroid":[-68.2596226,-10.6313461],"aggregation":"none","score_gradboost":0.8968069,"score_random_forest":0.8745085,"score_logistic_regression":0.692795,"score_fuzzy_knn_k29":0.7826003},"geometry":{"type":"Polygon","coordinates":[[[-68.2636979,-10.6340604],[-68.2555343,-10.6340411],[-68.2555474,-10.6286317],[-68.2637109,-10.6286509],[-68.2636979,-10.6340604]]]}},{"type":"Feature","id":"AC-Y224-X754","properties":{"id":"AC-Y224-X754","grid_x":754,"grid_y":224,"centroid":[-68.2514591,-10.6313267],"aggregation":"none","score_gradboost":0.8975065,"score_random_forest":0.839303,"score_logistic_regression":0.8188045,"score_fuzzy_knn_k29":0.9175389},"geometry":{"type":"Polygon","coordinates":[[[-68.2555343,-10.6340411],[-68.2473707,-10.6340217],[-68.2473839,-10.6286122],[-68.2555474,-10.6286317],[-68.2555343,-10.6340411]]]}},{"type":"Feature","id":"AC-Y224-X755","properties":{"id":"AC-Y224-X755","grid_x":755,"grid_y":224,"centroid":[-68.2432956,-10.6313071],"aggregation":"none","score_gradboost":0.92166,"score_random_forest":0.9262199,"score_logistic_regression":0.5587995,"score_fuzzy_knn_k29":0.8444867},"geometry":{"type":"Polygon","coordinates":[[[-68.2473707,-10.6340217],[-68.2392071,-10.634002],[-68.2392205,-10.6285926],[-68.2473839,-10.6286122],[-68.2473707,-10.6340217]]]}},{"type":"Feature","id":"AC-Y224-X756","properties":{"id":"AC-Y224-X756","grid_x":756,"grid_y":224,"centroid":[-68.2351321,-10.6312873],"aggregation":"none","score_gradboost":0.8775789,"score_random_forest":0.8055175,"score_logistic_regression":0.7772048,"score_fuzzy_knn_k29":0.9363885},"geometry":{"type":"Polygon","coordinates":[[[-68.2392071,-10.634002],[-68.2310436,-10.6339821],[-68.2310571,-10.6285727],[-68.2392205,-10.6285926],[-68.2392071,-10.634002]]]}},{"type":"Feature","id":"AC-Y224-X757","properties":{"id":"AC-Y224-X757","grid_x":757,"grid_y":224,"centroid":[-68.2269686,-10.6312674],"aggregation":"none","score_gradboost":0.9109068,"score_random_forest":0.8557321,"score_logistic_regression":0.7831458,"score_fuzzy_knn_k29":0.9882658},"geometry":{"type":"Polygon","coordinates":[[[-68.2310436,-10.6339821],[-68.22288,-10.633962],[-68.2228937,-10.6285526],[-68.2310571,-10.6285727],[-68.2310436,-10.6339821]]]}},{"type":"Feature","id":"AC-Y224-X758","properties":{"id":"AC-Y224-X758","grid_x":758,"grid_y":224,"centroid":[-68.2188051,-10.6312471],"aggregation":"none","score_gradboost":0.777733,"score_random_forest":0.8225402,"score_logistic_regression":0.8131405,"score_fuzzy_knn_k29":1.0},"geometry":{"type":"Polygon","coordinates":[[[-68.22288,-10.633962],[-68.2147165,-10.6339416],[-68.2147303,-10.6285323],[-68.2228937,-10.6285526],[-68.22288,-10.633962]]]}},{"type":"Feature","id":"AC-Y224-X759","properties":{"id":"AC-Y224-X759","grid_x":759,"grid_y":224,"centroid":[-68.2106417,-10.6312267],"aggregation":"none","score_gradboost":0.8412509,"score_random_forest":0.8402628,"score_logistic_regression":0.8210793,"score_fuzzy_knn_k29":1.0},"geometry":{"type":"Polygon","coordinates":[[[-68.2147165,-10.6339416],[-68.206553,-10.6339211],[-68.206567,-10.6285118],[-68.2147303,-10.6285323],[-68.2147165,-10.6339416]]]}},{"type":"Feature","id":"AC-Y224-X760","properties":{"id":"AC-Y224-X760","grid_x":760,"grid_y":224,"centroid":[-68.2024783,-10.6312061],"aggregation":"none","score_gradboost":0.9432229,"score_random_forest":0.9612917,"score_logistic_regression":0.7309712,"score_fuzzy_knn_k29":1.0},"geometry":{"type":"Polygon","coordinates":[[[-68.206553,-10.6339211],[-68.1983895,-10.6339004],[-68.1984036,-10.628491],[-68.206567,-10.6285118],[-68.206553,-10.6339211]]]}},{"type":"Feature","id":"AC-Y224-X761","properties":{"id":"AC-Y224-X761","grid_x":761,"grid_y":224,"centroid":[-68.1943149,-10.6311852],"aggregation":"none","score_gradboost":0.9003263,"score_random_forest":0.9386753,"score_logistic_regression":0.5631582,"score_fuzzy_knn_k29":1.0},"geometry":{"type":"Polygon","coordinates":[[[-68.1983895,-10.6339004],[-68.190226,-10.6338794],[-68.1902403,-10.6284701],[-68.1984036,-10.628491],[-68.1983895,-10.6339004]]]}},{"type":"Feature","id":"AC-Y224-X762","properties":{"id":"AC-Y224-X762","grid_x":762,"grid_y":224,"centroid":[-68.1861515,-10.6311642],"aggregation":"none","score_gradboost":0.8923851,"score_random_forest":0.8959214,"score_logistic_regression":0.7666453,"score_fuzzy_knn_k29":1.0},"geometry":{"type":"Polygon","coordinates":[[[-68.190226,-10.6338794],[-68.1820626,-10.6338582],[-68.182077,-10.6284489],[-68.1902403,-10.6284701],[-68.190226,-10.6338794]]]}},{"type":"Feature","id":"AC-Y224-X763","properties":{"id":"AC-Y224-X763","grid_x":763,"grid_y":224,"centroid":[-68.1779881,-10.6311429],"aggregation":"none","score_gradboost":0.9303612,"score_random_forest":0.9338926,"score_logistic_regression":0.7675233,"score_fuzzy_knn_k29":1.0},"geometry":{"type":"Polygon","coordinates":[[[-68.1820626,-10.6338582],[-68.1738991,-10.6338369],[-68.1739137,-10.6284275],[-68.182077,-10.6284489],[-68.1820626,-10.6338582]]]}},{"type":"Feature","id":"AC-Y224-X764","properties":{"id":"AC-Y224-X764","grid_x":764,"grid_y":224,"centroid":[-68.1698247,-10.6311214],"aggregation":"none","score_gradboost":0.7789899,"score_random_forest":0.8381879,"score_logistic_regression":0.6933873,"score_fuzzy_knn_k29":1.0},"geometry":{"type":"Polygon","coordinates":[[[-68.1738991,-10.6338369],[-68.1657357,-10.6338153],[-68.1657504,-10.628406],[-68.1739137,-10.6284275],[-68.1738991,-10.6338369]]]}},{"type":"Feature","id":"AC-Y225-X739","properties":{"id":"AC-Y225-X739","grid_x":739,"grid_y":225,"centroid":[-68.3739245,-10.6261853],"aggregation":"none","score_gradboost":0.7632843,"score_random_forest":0.6665106,"score_logistic_regression":0.8494683,"score_fuzzy_knn_k29":0.8262889},"geometry":{"type":"Polygon","coordinates":[[[-68.3780009,-10.6288981],[-68.3698372,-10.6288819],[-68.3698483,-10.6234723],[-68.3780118,-10.6234886],[-68.3780009,-10.6288981]]]}},{"type":"Feature","id":"AC-Y225-X740","properties":{"id":"AC-Y225-X740","grid_x":740,"grid_y":225,"centroid":[-68.365761,-10.6261689],"aggregation":"none","score_gradboost":0.501086,"score_random_forest":0.5621313,"score_logistic_regression":0.7709831,"score_fuzzy_knn_k29":0.4361881},"geometry":{"type":"Polygon","coordinates":[[[-68.3698372,-10.6288819],[-68.3616735,-10.6288654],[-68.3616848,-10.6234558],[-68.3698483,-10.6234723],[-68.3698372,-10.6288819]]]}},{"type":"Feature","id":"AC-Y225-X741","properties":{"id":"AC-Y225-X741","grid_x":741,"grid_y":225,"centroid":[-68.3575974,-10.6261523],"aggregation":"none","score_gradboost":0.5888159,"score_random_forest":0.5821682,"score_logistic_regression":0.7519071,"score_fuzzy_knn_k29":0.3456406},"geometry":{"type":"Polygon","coordinates":[[[-68.3616735,-10.6288654],[-68.3535099,-10.6288487],[-68.3535213,-10.6234391],[-68.3616848,-10.6234558],[-68.3616735,-10.6288654]]]}},{"type":"Feature","id":"AC-Y225-X743","properties":{"id":"AC-Y225-X743","grid_x":743,"grid_y":225,"centroid":[-68.3412703,-10.6261185],"aggregation":"none","score_gradboost":0.3282733,"score_random_forest":0.2458162,"score_logistic_regression":0.7543847,"score_fuzzy_knn_k29":0.3701502},"geometry":{"type":"Polygon","coordinates":[[[-68.3453463,-10.6288318],[-68.3371827,-10.6288146],[-68.3371943,-10.6234051],[-68.3453578,-10.6234222],[-68.3453463,-10.6288318]]]}},{"type":"Feature","id":"AC-Y225-X744","properties":{"id":"AC-Y225-X744","grid_x":744,"grid_y":225,"centroid":[-68.3331067,-10.6261012],"aggregation":"none","score_gradboost":0.3848298,"score_random_forest":0.2631275,"score_logistic_regression":0.7453624,"score_fuzzy_knn_k29":0.1259012},"geometry":{"type":"Polygon","coordinates":[[[-68.3371827,-10.6288146],[-68.3290191,-10.6287973],[-68.3290309,-10.6233878],[-68.3371943,-10.6234051],[-68.3371827,-10.6288146]]]}},{"type":"Feature","id":"AC-Y225-X745","properties":{"id":"AC-Y225-X745","grid_x":745,"grid_y":225,"centroid":[-68.3249432,-10.6260838],"aggregation":"none","score_gradboost":0.4381449,"score_random_forest":0.2497502,"score_logistic_regression":0.7242515,"score_fuzzy_knn_k29":0.2562342},"geometry":{"type":"Polygon","coordinates":[[[-68.3290191,-10.6287973],[-68.3208555,-10.6287797],[-68.3208675,-10.6233702],[-68.3290309,-10.6233878],[-68.3290191,-10.6287973]]]}},{"type":"Feature","id":"AC-Y225-X746","properties":{"id":"AC-Y225-X746","grid_x":746,"grid_y":225,"centroid":[-68.3167797,-10.6260661],"aggregation":"none","score_gradboost":0.3485535,"score_random_forest":0.2547793,"score_logistic_regression":0.7532382,"score_fuzzy_knn_k29":0.2187309},"geometry":{"type":"Polygon","coordinates":[[[-68.3208555,-10.6287797],[-68.3126919,-10.628762],[-68.312704,-10.6233525],[-68.3208675,-10.6233702],[-68.3208555,-10.6287797]]]}},{"type":"Feature","id":"AC-Y225-X747","properties":{"id":"AC-Y225-X747","grid_x":747,"grid_y":225,"centroid":[-68.3086162,-10.6260483],"aggregation":"none","score_gradboost":0.8020571,"score_random_forest":0.8232452,"score_logistic_regression":0.8154947,"score_fuzzy_knn_k29":0.9235029},"geometry":{"type":"Polygon","coordinates":[[[-68.3126919,-10.628762],[-68.3045284,-10.628744],[-68.3045406,-10.6233345],[-68.312704,-10.6233525],[-68.3126919,-10.628762]]]}},{"type":"Feature","id":"AC-Y225-X748","properties":{"id":"AC-Y225-X748","grid_x":748,"grid_y":225,"centroid":[-68.3004528,-10.6260302],"aggregation":"none","score_gradboost":0.8876546,"score_random_forest":0.7917693,"score_logistic_regression":0.7336737,"score_fuzzy_knn_k29":0.418681},"geometry":{"type":"Polygon","coordinates":[[[-68.3045284,-10.628744],[-68.2963648,-10.6287258],[-68.2963772,-10.6233164],[-68.3045406,-10.6233345],[-68.3045284,-10.628744]]]}},{"type":"Feature","id":"AC-Y225-X749","properties":{"id":"AC-Y225-X749","grid_x":749,"grid_y":225,"centroid":[-68.2922893,-10.6260119],"aggregation":"none","score_gradboost":0.9002541,"score_random_forest":0.7956057,"score_logistic_regression":0.7371357,"score_fuzzy_knn_k29":0.3869631},"geometry":{"type":"Polygon","coordinates":[[[-68.2963648,-10.6287258],[-68.2882013,-10.6287074],[-68.2882139,-10.623298],[-68.2963772,-10.6233164],[-68.2963648,-10.6287258]]]}},{"type":"Feature","id":"AC-Y225-X750","properties":{"id":"AC-Y225-X750","grid_x":750,"grid_y":225,"centroid":[-68.2841259,-10.6259934],"aggregation":"none","score_gradboost":0.8166869,"score_random_forest":0.7468264,"score_logistic_regression":0.656522,"score_fuzzy_knn_k29":0.4203379},"geometry":{"type":"Polygon","coordinates":[[[-68.2882013,-10.6287074],[-68.2800378,-10.6286888],[-68.2800505,-10.6232794],[-68.2882139,-10.623298],[-68.2882013,-10.6287074]]]}},{"type":"Feature","id":"AC-Y225-X751","properties":{"id":"AC-Y225-X751","grid_x":751,"grid_y":225,"centroid":[-68.2759624,-10.6259747],"aggregation":"none","score_gradboost":0.8624969,"score_random_forest":0.7629516,"score_logistic_regression":0.6339985,"score_fuzzy_knn_k29":0.5219488},"geometry":{"type":"Polygon","coordinates":[[[-68.2800378,-10.6286888],[-68.2718743,-10.62867],[-68.2718871,-10.6232605],[-68.2800505,-10.6232794],[-68.2800378,-10.6286888]]]}},{"type":"Feature","id":"AC-Y225-X752","properties":{"id":"AC-Y225-X752","grid_x":752,"grid_y":225,"centroid":[-68.267799,-10.6259558],"aggregation":"none","score_gradboost":0.7344955,"score_random_forest":0.7455244,"score_logistic_regression":0.6299079,"score_fuzzy_knn_k29":0.6147482},"geometry":{"type":"Polygon","coordinates":[[[-68.2718743,-10.62867],[-68.2637109,-10.6286509],[-68.2637238,-10.6232415],[-68.2718871,-10.6232605],[-68.2718743,-10.62867]]]}},{"type":"Feature","id":"AC-Y225-X753","properties":{"id":"AC-Y225-X753","grid_x":753,"grid_y":225,"centroid":[-68.2596356,-10.6259366],"aggregation":"none","score_gradboost":0.6734544,"score_random_forest":0.7165688,"score_logistic_regression":0.6900363,"score_fuzzy_knn_k29":0.6852664},"geometry":{"type":"Polygon","coordinates":[[[-68.2637109,-10.6286509],[-68.2555474,-10.6286317],[-68.2555605,-10.6232223],[-68.2637238,-10.6232415],[-68.2637109,-10.6286509]]]}},{"type":"Feature","id":"AC-Y225-X754","properties":{"id":"AC-Y225-X754","grid_x":754,"grid_y":225,"centroid":[-68.2514723,-10.6259173],"aggregation":"none","score_gradboost":0.8413085,"score_random_forest":0.8134721,"score_logistic_regression":0.8095348,"score_fuzzy_knn_k29":0.607705},"geometry":{"type":"Polygon","coordinates":[[[-68.2555474,-10.6286317],[-68.2473839,-10.6286122],[-68.2473972,-10.6232028],[-68.2555605,-10.6232223],[-68.2555474,-10.6286317]]]}},{"type":"Feature","id":"AC-Y225-X755","properties":{"id":"AC-Y225-X755","grid_x":755,"grid_y":225,"centroid":[-68.2433089,-10.6258977],"aggregation":"none","score_gradboost":0.9113495,"score_random_forest":0.8455152,"score_logistic_regression":0.7952329,"score_fuzzy_knn_k29":0.7641993},"geometry":{"type":"Polygon","coordinates":[[[-68.2473839,-10.6286122],[-68.2392205,-10.6285926],[-68.2392339,-10.6231832],[-68.2473972,-10.6232028],[-68.2473839,-10.6286122]]]}},{"type":"Feature","id":"AC-Y225-X756","properties":{"id":"AC-Y225-X756","grid_x":756,"grid_y":225,"centroid":[-68.2351455,-10.625878],"aggregation":"none","score_gradboost":0.698324,"score_random_forest":0.7954514,"score_logistic_regression":0.7837332,"score_fuzzy_knn_k29":0.7705646},"geometry":{"type":"Polygon","coordinates":[[[-68.2392205,-10.6285926],[-68.2310571,-10.6285727],[-68.2310706,-10.6231633],[-68.2392339,-10.6231832],[-68.2392205,-10.6285926]]]}},{"type":"Feature","id":"AC-Y225-X757","properties":{"id":"AC-Y225-X757","grid_x":757,"grid_y":225,"centroid":[-68.2269822,-10.625858],"aggregation":"none","score_gradboost":0.7250003,"score_random_forest":0.7893399,"score_logistic_regression":0.8463861,"score_fuzzy_knn_k29":0.5390383},"geometry":{"type":"Polygon","coordinates":[[[-68.2310571,-10.6285727],[-68.2228937,-10.6285526],[-68.2229074,-10.6231432],[-68.2310706,-10.6231633],[-68.2310571,-10.6285727]]]}},{"type":"Feature","id":"AC-Y225-X758","properties":{"id":"AC-Y225-X758","grid_x":758,"grid_y":225,"centroid":[-68.2188189,-10.6258378],"aggregation":"none","score_gradboost":0.8181223,"score_random_forest":0.7164347,"score_logistic_regression":0.639271,"score_fuzzy_knn_k29":0.8011212},"geometry":{"type":"Polygon","coordinates":[[[-68.2228937,-10.6285526],[-68.2147303,-10.6285323],[-68.2147441,-10.6231229],[-68.2229074,-10.6231432],[-68.2228937,-10.6285526]]]}},{"type":"Feature","id":"AC-Y225-X759","properties":{"id":"AC-Y225-X759","grid_x":759,"grid_y":225,"centroid":[-68.2106556,-10.6258174],"aggregation":"none","score_gradboost":0.6515162,"score_random_forest":0.7513313,"score_logistic_regression":0.6971314,"score_fuzzy_knn_k29":1.0},"geometry":{"type":"Polygon","coordinates":[[[-68.2147303,-10.6285323],[-68.206567,-10.6285118],[-68.2065809,-10.6231024],[-68.2147441,-10.6231229],[-68.2147303,-10.6285323]]]}},{"type":"Feature","id":"AC-Y225-X760","properties":{"id":"AC-Y225-X760","grid_x":760,"grid_y":225,"centroid":[-68.2024923,-10.6257967],"aggregation":"none","score_gradboost":0.904483,"score_random_forest":0.9149993,"score_logistic_regression":0.7653008,"score_fuzzy_knn_k29":1.0},"geometry":{"type":"Polygon","coordinates":[[[-68.206567,-10.6285118],[-68.1984036,-10.628491],[-68.1984177,-10.6230817],[-68.2065809,-10.6231024],[-68.206567,-10.6285118]]]}},{"type":"Feature","id":"AC-Y225-X761","properties":{"id":"AC-Y225-X761","grid_x":761,"grid_y":225,"centroid":[-68.194329,-10.6257759],"aggregation":"none","score_gradboost":0.9535352,"score_random_forest":0.9389258,"score_logistic_regression":0.7185489,"score_fuzzy_knn_k29":1.0},"geometry":{"type":"Polygon","coordinates":[[[-68.1984036,-10.628491],[-68.1902403,-10.6284701],[-68.1902545,-10.6230607],[-68.1984177,-10.6230817],[-68.1984036,-10.628491]]]}},{"type":"Feature","id":"AC-Y225-X762","properties":{"id":"AC-Y225-X762","grid_x":762,"grid_y":225,"centroid":[-68.1861658,-10.6257549],"aggregation":"none","score_gradboost":0.9266439,"score_random_forest":0.9077247,"score_logistic_regression":0.7844301,"score_fuzzy_knn_k29":1.0},"geometry":{"type":"Polygon","coordinates":[[[-68.1902403,-10.6284701],[-68.182077,-10.6284489],[-68.1820914,-10.6230396],[-68.1902545,-10.6230607],[-68.1902403,-10.6284701]]]}},{"type":"Feature","id":"AC-Y225-X763","properties":{"id":"AC-Y225-X763","grid_x":763,"grid_y":225,"centroid":[-68.1780026,-10.6257336],"aggregation":"none","score_gradboost":0.9024968,"score_random_forest":0.9122002,"score_logistic_regression":0.579598,"score_fuzzy_knn_k29":1.0},"geometry":{"type":"Polygon","coordinates":[[[-68.182077,-10.6284489],[-68.1739137,-10.6284275],[-68.1739282,-10.6230182],[-68.1820914,-10.6230396],[-68.182077,-10.6284489]]]}},{"type":"Feature","id":"AC-Y225-X764","properties":{"id":"AC-Y225-X764","grid_x":764,"grid_y":225,"centroid":[-68.1698393,-10.6257121],"aggregation":"none","score_gradboost":0.9714344,"score_random_forest":0.9634415,"score_logistic_regression":0.7152484,"score_fuzzy_knn_k29":1.0},"geometry":{"type":"Polygon","coordinates":[[[-68.1739137,-10.6284275],[-68.1657504,-10.628406],[-68.1657651,-10.6229967],[-68.1739282,-10.6230182],[-68.1739137,-10.6284275]]]}},{"type":"Feature","id":"AC-Y226-X740","properties":{"id":"AC-Y226-X740","grid_x":740,"grid_y":226,"centroid":[-68.3657721,-10.6207593],"aggregation":"none","score_gradboost":0.3164779,"score_random_forest":0.303235,"score_logistic_regression":0.7576934,"score_fuzzy_knn_k29":0.392054},"geometry":{"type":"Polygon","coordinates":[[[-68.3698483,-10.6234723],[-68.3616848,-10.6234558],[-68.361696,-10.6180463],[-68.3698594,-10.6180628],[-68.3698483,-10.6234723]]]}},{"type":"Feature","id":"AC-Y226-X743","properties":{"id":"AC-Y226-X743","grid_x":743,"grid_y":226,"centroid":[-68.3412819,-10.6207089],"aggregation":"none","score_gradboost":0.1181166,"score_random_forest":0.1659111,"score_logistic_regression":0.8021533,"score_fuzzy_knn_k29":0.5948603},"geometry":{"type":"Polygon","coordinates":[[[-68.3453578,-10.6234222],[-68.3371943,-10.6234051],[-68.337206,-10.6179956],[-68.3453693,-10.6180127],[-68.3453578,-10.6234222]]]}},{"type":"Feature","id":"AC-Y226-X744","properties":{"id":"AC-Y226-X744","grid_x":744,"grid_y":226,"centroid":[-68.3331185,-10.6206917],"aggregation":"none","score_gradboost":0.1495847,"score_random_forest":0.2080093,"score_logistic_regression":0.7440305,"score_fuzzy_knn_k29":0.178729},"geometry":{"type":"Polygon","coordinates":[[[-68.3371943,-10.6234051],[-68.3290309,-10.6233878],[-68.3290427,-10.6179783],[-68.337206,-10.6179956],[-68.3371943,-10.6234051]]]}},{"type":"Feature","id":"AC-Y226-X746","properties":{"id":"AC-Y226-X746","grid_x":746,"grid_y":226,"centroid":[-68.3167918,-10.6206566],"aggregation":"none","score_gradboost":0.4563103,"score_random_forest":0.2784836,"score_logistic_regression":0.7295024,"score_fuzzy_knn_k29":0.2600759},"geometry":{"type":"Polygon","coordinates":[[[-68.3208675,-10.6233702],[-68.312704,-10.6233525],[-68.3127161,-10.617943],[-68.3208794,-10.6179607],[-68.3208675,-10.6233702]]]}},{"type":"Feature","id":"AC-Y226-X747","properties":{"id":"AC-Y226-X747","grid_x":747,"grid_y":226,"centroid":[-68.3086284,-10.6206388],"aggregation":"none","score_gradboost":0.6182179,"score_random_forest":0.3556101,"score_logistic_regression":0.7674604,"score_fuzzy_knn_k29":0.383557},"geometry":{"type":"Polygon","coordinates":[[[-68.312704,-10.6233525],[-68.3045406,-10.6233345],[-68.3045529,-10.617925],[-68.3127161,-10.617943],[-68.312704,-10.6233525]]]}},{"type":"Feature","id":"AC-Y226-X748","properties":{"id":"AC-Y226-X748","grid_x":748,"grid_y":226,"centroid":[-68.3004651,-10.6206207],"aggregation":"none","score_gradboost":0.7130484,"score_random_forest":0.6411221,"score_logistic_regression":0.7626394,"score_fuzzy_knn_k29":0.3645564},"geometry":{"type":"Polygon","coordinates":[[[-68.3045406,-10.6233345],[-68.2963772,-10.6233164],[-68.2963896,-10.6179069],[-68.3045529,-10.617925],[-68.3045406,-10.6233345]]]}},{"type":"Feature","id":"AC-Y226-X749","properties":{"id":"AC-Y226-X749","grid_x":749,"grid_y":226,"centroid":[-68.2923018,-10.6206024],"aggregation":"none","score_gradboost":0.8576008,"score_random_forest":0.7192058,"score_logistic_regression":0.6717945,"score_fuzzy_knn_k29":0.524601},"geometry":{"type":"Polygon","coordinates":[[[-68.2963772,-10.6233164],[-68.2882139,-10.623298],[-68.2882264,-10.6178885],[-68.2963896,-10.6179069],[-68.2963772,-10.6233164]]]}},{"type":"Feature","id":"AC-Y226-X750","properties":{"id":"AC-Y226-X750","grid_x":750,"grid_y":226,"centroid":[-68.2841385,-10.620584],"aggregation":"none","score_gradboost":0.8523618,"score_random_forest":0.7361212,"score_logistic_regression":0.6773115,"score_fuzzy_knn_k29":0.5215418},"geometry":{"type":"Polygon","coordinates":[[[-68.2882139,-10.623298],[-68.2800505,-10.6232794],[-68.2800632,-10.6178699],[-68.2882264,-10.6178885],[-68.2882139,-10.623298]]]}},{"type":"Feature","id":"AC-Y226-X751","properties":{"id":"AC-Y226-X751","grid_x":751,"grid_y":226,"centroid":[-68.2759752,-10.6205653],"aggregation":"none","score_gradboost":0.8687272,"score_random_forest":0.7877673,"score_logistic_regression":0.71618,"score_fuzzy_knn_k29":0.4787923},"geometry":{"type":"Polygon","coordinates":[[[-68.2800505,-10.6232794],[-68.2718871,-10.6232605],[-68.2718999,-10.6178511],[-68.2800632,-10.6178699],[-68.2800505,-10.6232794]]]}},{"type":"Feature","id":"AC-Y226-X752","properties":{"id":"AC-Y226-X752","grid_x":752,"grid_y":226,"centroid":[-68.2678119,-10.6205463],"aggregation":"none","score_gradboost":0.5949944,"score_random_forest":0.7001738,"score_logistic_regression":0.6758038,"score_fuzzy_knn_k29":0.4410465},"geometry":{"type":"Polygon","coordinates":[[[-68.2718871,-10.6232605],[-68.2637238,-10.6232415],[-68.2637368,-10.6178321],[-68.2719,-10.6178511],[-68.2718871,-10.6232605]]]}},{"type":"Feature","id":"AC-Y226-X753","properties":{"id":"AC-Y226-X753","grid_x":753,"grid_y":226,"centroid":[-68.2596487,-10.6205272],"aggregation":"none","score_gradboost":0.8266644,"score_random_forest":0.7332517,"score_logistic_regression":0.6924951,"score_fuzzy_knn_k29":0.4946007},"geometry":{"type":"Polygon","coordinates":[[[-68.2637238,-10.6232415],[-68.2555605,-10.6232223],[-68.2555736,-10.6178129],[-68.2637368,-10.6178321],[-68.2637238,-10.6232415]]]}},{"type":"Feature","id":"AC-Y226-X754","properties":{"id":"AC-Y226-X754","grid_x":754,"grid_y":226,"centroid":[-68.2514854,-10.6205079],"aggregation":"none","score_gradboost":0.8605855,"score_random_forest":0.7105576,"score_logistic_regression":0.7834028,"score_fuzzy_knn_k29":0.4492588},"geometry":{"type":"Polygon","coordinates":[[[-68.2555605,-10.6232223],[-68.2473972,-10.6232028],[-68.2474104,-10.6177934],[-68.2555736,-10.6178129],[-68.2555605,-10.6232223]]]}},{"type":"Feature","id":"AC-Y226-X755","properties":{"id":"AC-Y226-X755","grid_x":755,"grid_y":226,"centroid":[-68.2433222,-10.6204883],"aggregation":"none","score_gradboost":0.7550353,"score_random_forest":0.8927273,"score_logistic_regression":0.8066569,"score_fuzzy_knn_k29":0.9534641},"geometry":{"type":"Polygon","coordinates":[[[-68.2473972,-10.6232028],[-68.2392339,-10.6231832],[-68.2392473,-10.6177738],[-68.2474104,-10.6177934],[-68.2473972,-10.6232028]]]}},{"type":"Feature","id":"AC-Y226-X756","properties":{"id":"AC-Y226-X756","grid_x":756,"grid_y":226,"centroid":[-68.235159,-10.6204686],"aggregation":"none","score_gradboost":0.8308068,"score_random_forest":0.729335,"score_logistic_regression":0.8318155,"score_fuzzy_knn_k29":0.9030343},"geometry":{"type":"Polygon","coordinates":[[[-68.2392339,-10.6231832],[-68.2310706,-10.6231633],[-68.2310842,-10.6177539],[-68.2392473,-10.6177738],[-68.2392339,-10.6231832]]]}},{"type":"Feature","id":"AC-Y226-X757","properties":{"id":"AC-Y226-X757","grid_x":757,"grid_y":226,"centroid":[-68.2269958,-10.6204486],"aggregation":"none","score_gradboost":0.6960602,"score_random_forest":0.7350282,"score_logistic_regression":0.8444369,"score_fuzzy_knn_k29":0.6326508},"geometry":{"type":"Polygon","coordinates":[[[-68.2310706,-10.6231633],[-68.2229074,-10.6231432],[-68.2229211,-10.6177338],[-68.2310842,-10.6177539],[-68.2310706,-10.6231633]]]}},{"type":"Feature","id":"AC-Y226-X758","properties":{"id":"AC-Y226-X758","grid_x":758,"grid_y":226,"centroid":[-68.2188326,-10.6204284],"aggregation":"none","score_gradboost":0.7852521,"score_random_forest":0.7232702,"score_logistic_regression":0.6349803,"score_fuzzy_knn_k29":0.652997},"geometry":{"type":"Polygon","coordinates":[[[-68.2229074,-10.6231432],[-68.2147441,-10.6231229],[-68.214758,-10.6177135],[-68.2229211,-10.6177338],[-68.2229074,-10.6231432]]]}},{"type":"Feature","id":"AC-Y226-X759","properties":{"id":"AC-Y226-X759","grid_x":759,"grid_y":226,"centroid":[-68.2106695,-10.620408],"aggregation":"none","score_gradboost":0.831893,"score_random_forest":0.7504878,"score_logistic_regression":0.642109,"score_fuzzy_knn_k29":0.8083645},"geometry":{"type":"Polygon","coordinates":[[[-68.2147441,-10.6231229],[-68.2065809,-10.6231024],[-68.2065949,-10.617693],[-68.214758,-10.6177135],[-68.2147441,-10.6231229]]]}},{"type":"Feature","id":"AC-Y226-X760","properties":{"id":"AC-Y226-X760","grid_x":760,"grid_y":226,"centroid":[-68.2025063,-10.6203874],"aggregation":"none","score_gradboost":0.9494707,"score_random_forest":0.9440191,"score_logistic_regression":0.7653649,"score_fuzzy_knn_k29":1.0},"geometry":{"type":"Polygon","coordinates":[[[-68.2065809,-10.6231024],[-68.1984177,-10.6230817],[-68.1984318,-10.6176723],[-68.2065949,-10.617693],[-68.2065809,-10.6231024]]]}},{"type":"Feature","id":"AC-Y226-X761","properties":{"id":"AC-Y226-X761","grid_x":761,"grid_y":226,"centroid":[-68.1943432,-10.6203666],"aggregation":"none","score_gradboost":0.8806991,"score_random_forest":0.9115909,"score_logistic_regression":0.734806,"score_fuzzy_knn_k29":1.0},"geometry":{"type":"Polygon","coordinates":[[[-68.1984177,-10.6230817],[-68.1902545,-10.6230607],[-68.1902688,-10.6176514],[-68.1984318,-10.6176723],[-68.1984177,-10.6230817]]]}},{"type":"Feature","id":"AC-Y226-X762","properties":{"id":"AC-Y226-X762","grid_x":762,"grid_y":226,"centroid":[-68.1861801,-10.6203455],"aggregation":"none","score_gradboost":0.7980146,"score_random_forest":0.8473966,"score_logistic_regression":0.6168039,"score_fuzzy_knn_k29":1.0},"geometry":{"type":"Polygon","coordinates":[[[-68.1902545,-10.6230607],[-68.1820914,-10.6230396],[-68.1821058,-10.6176303],[-68.1902688,-10.6176514],[-68.1902545,-10.6230607]]]}},{"type":"Feature","id":"AC-Y226-X763","properties":{"id":"AC-Y226-X763","grid_x":763,"grid_y":226,"centroid":[-68.178017,-10.6203243],"aggregation":"none","score_gradboost":0.7253547,"score_random_forest":0.8781424,"score_logistic_regression":0.6093918,"score_fuzzy_knn_k29":0.9675329},"geometry":{"type":"Polygon","coordinates":[[[-68.1820914,-10.6230396],[-68.1739282,-10.6230182],[-68.1739427,-10.6176089],[-68.1821058,-10.6176303],[-68.1820914,-10.6230396]]]}},{"type":"Feature","id":"AC-Y226-X764","properties":{"id":"AC-Y226-X764","grid_x":764,"grid_y":226,"centroid":[-68.1698539,-10.6203028],"aggregation":"none","score_gradboost":0.9773068,"score_random_forest":0.9659192,"score_logistic_regression":0.7273582,"score_fuzzy_knn_k29":1.0},"geometry":{"type":"Polygon","coordinates":[[[-68.1739282,-10.6230182],[-68.1657651,-10.6229967],[-68.1657798,-10.6175874],[-68.1739427,-10.6176089],[-68.1739282,-10.6230182]]]}},{"type":"Feature","id":"AC-Y227-X740","properties":{"id":"AC-Y227-X740","grid_x":740,"grid_y":227,"centroid":[-68.3657833,-10.6153498],"aggregation":"none","score_gradboost":0.2972924,"score_random_forest":0.1969309,"score_logistic_regression":0.7850557,"score_fuzzy_knn_k29":0.4868605},"geometry":{"type":"Polygon","coordinates":[[[-68.3698594,-10.6180628],[-68.361696,-10.6180463],[-68.3617072,-10.6126367],[-68.3698704,-10.6126532],[-68.3698594,-10.6180628]]]}},{"type":"Feature","id":"AC-Y227-X741","properties":{"id":"AC-Y227-X741","grid_x":741,"grid_y":227,"centroid":[-68.35762,-10.6153332],"aggregation":"none","score_gradboost":0.2446867,"score_random_forest":0.1986729,"score_logistic_regression":0.7441929,"score_fuzzy_knn_k29":0.334118},"geometry":{"type":"Polygon","coordinates":[[[-68.361696,-10.6180463],[-68.3535327,-10.6180296],[-68.353544,-10.6126201],[-68.3617072,-10.6126367],[-68.361696,-10.6180463]]]}},{"type":"Feature","id":"AC-Y227-X744","properties":{"id":"AC-Y227-X744","grid_x":744,"grid_y":227,"centroid":[-68.3331302,-10.6152822],"aggregation":"none","score_gradboost":0.128648,"score_random_forest":0.1746367,"score_logistic_regression":0.7649776,"score_fuzzy_knn_k29":0.4654659},"geometry":{"type":"Polygon","coordinates":[[[-68.337206,-10.6179956],[-68.3290427,-10.6179783],[-68.3290545,-10.6125688],[-68.3372177,-10.6125861],[-68.337206,-10.6179956]]]}},{"type":"Feature","id":"AC-Y227-X746","properties":{"id":"AC-Y227-X746","grid_x":746,"grid_y":227,"centroid":[-68.3168038,-10.6152472],"aggregation":"none","score_gradboost":0.2207822,"score_random_forest":0.1525267,"score_logistic_regression":0.7823116,"score_fuzzy_knn_k29":0.5174498},"geometry":{"type":"Polygon","coordinates":[[[-68.3208794,-10.6179607],[-68.3127161,-10.617943],[-68.3127282,-10.6125335],[-68.3208913,-10.6125512],[-68.3208794,-10.6179607]]]}},{"type":"Feature","id":"AC-Y227-X747","properties":{"id":"AC-Y227-X747","grid_x":747,"grid_y":227,"centroid":[-68.3086406,-10.6152293],"aggregation":"none","score_gradboost":0.4441012,"score_random_forest":0.2473052,"score_logistic_regression":0.7624968,"score_fuzzy_knn_k29":0.3987368},"geometry":{"type":"Polygon","coordinates":[[[-68.3127161,-10.617943],[-68.3045529,-10.617925],[-68.3045651,-10.6125156],[-68.3127282,-10.6125335],[-68.3127161,-10.617943]]]}},{"type":"Feature","id":"AC-Y227-X748","properties":{"id":"AC-Y227-X748","grid_x":748,"grid_y":227,"centroid":[-68.3004774,-10.6152112],"aggregation":"none","score_gradboost":0.1781367,"score_random_forest":0.2725028,"score_logistic_regression":0.8087305,"score_fuzzy_knn_k29":0.6275191},"geometry":{"type":"Polygon","coordinates":[[[-68.3045529,-10.617925],[-68.2963896,-10.6179069],[-68.296402,-10.6124974],[-68.3045651,-10.6125156],[-68.3045529,-10.617925]]]}},{"type":"Feature","id":"AC-Y227-X750","properties":{"id":"AC-Y227-X750","grid_x":750,"grid_y":227,"centroid":[-68.2841511,-10.6151745],"aggregation":"none","score_gradboost":0.6107474,"score_random_forest":0.6493432,"score_logistic_regression":0.7864607,"score_fuzzy_knn_k29":0.5872926},"geometry":{"type":"Polygon","coordinates":[[[-68.2882264,-10.6178885],[-68.2800632,-10.6178699],[-68.2800758,-10.6124605],[-68.2882389,-10.612479],[-68.2882264,-10.6178885]]]}},{"type":"Feature","id":"AC-Y227-X751","properties":{"id":"AC-Y227-X751","grid_x":751,"grid_y":227,"centroid":[-68.2759879,-10.6151558],"aggregation":"none","score_gradboost":0.8223306,"score_random_forest":0.796852,"score_logistic_regression":0.7911419,"score_fuzzy_knn_k29":0.5380978},"geometry":{"type":"Polygon","coordinates":[[[-68.2800632,-10.6178699],[-68.2718999,-10.6178511],[-68.2719128,-10.6124417],[-68.2800758,-10.6124605],[-68.2800632,-10.6178699]]]}},{"type":"Feature","id":"AC-Y227-X752","properties":{"id":"AC-Y227-X752","grid_x":752,"grid_y":227,"centroid":[-68.2678248,-10.6151369],"aggregation":"none","score_gradboost":0.838586,"score_random_forest":0.7110793,"score_logistic_regression":0.7520827,"score_fuzzy_knn_k29":0.36386},"geometry":{"type":"Polygon","coordinates":[[[-68.2719,-10.6178511],[-68.2637368,-10.6178321],[-68.2637497,-10.6124227],[-68.2719128,-10.6124417],[-68.2719,-10.6178511]]]}},{"type":"Feature","id":"AC-Y227-X753","properties":{"id":"AC-Y227-X753","grid_x":753,"grid_y":227,"centroid":[-68.2596617,-10.6151178],"aggregation":"none","score_gradboost":0.8791623,"score_random_forest":0.8867939,"score_logistic_regression":0.8415388,"score_fuzzy_knn_k29":0.8137881},"geometry":{"type":"Polygon","coordinates":[[[-68.2637368,-10.6178321],[-68.2555736,-10.6178129],[-68.2555867,-10.6124034],[-68.2637497,-10.6124227],[-68.2637368,-10.6178321]]]}},{"type":"Feature","id":"AC-Y227-X754","properties":{"id":"AC-Y227-X754","grid_x":754,"grid_y":227,"centroid":[-68.2514986,-10.6150985],"aggregation":"none","score_gradboost":0.8095797,"score_random_forest":0.7861472,"score_logistic_regression":0.8199563,"score_fuzzy_knn_k29":0.9468014},"geometry":{"type":"Polygon","coordinates":[[[-68.2555736,-10.6178129],[-68.2474104,-10.6177934],[-68.2474237,-10.612384],[-68.2555867,-10.6124034],[-68.2555736,-10.6178129]]]}},{"type":"Feature","id":"AC-Y227-X755","properties":{"id":"AC-Y227-X755","grid_x":755,"grid_y":227,"centroid":[-68.2433355,-10.6150789],"aggregation":"none","score_gradboost":0.7900701,"score_random_forest":0.7498229,"score_logistic_regression":0.7765514,"score_fuzzy_knn_k29":0.4119398},"geometry":{"type":"Polygon","coordinates":[[[-68.2474104,-10.6177934],[-68.2392473,-10.6177738],[-68.2392607,-10.6123644],[-68.2474237,-10.612384],[-68.2474104,-10.6177934]]]}},{"type":"Feature","id":"AC-Y227-X756","properties":{"id":"AC-Y227-X756","grid_x":756,"grid_y":227,"centroid":[-68.2351724,-10.6150592],"aggregation":"none","score_gradboost":0.8085107,"score_random_forest":0.8085755,"score_logistic_regression":0.7994691,"score_fuzzy_knn_k29":0.7651223},"geometry":{"type":"Polygon","coordinates":[[[-68.2392473,-10.6177738],[-68.2310842,-10.6177539],[-68.2310977,-10.6123445],[-68.2392607,-10.6123644],[-68.2392473,-10.6177738]]]}},{"type":"Feature","id":"AC-Y227-X757","properties":{"id":"AC-Y227-X757","grid_x":757,"grid_y":227,"centroid":[-68.2270094,-10.6150392],"aggregation":"none","score_gradboost":0.8471473,"score_random_forest":0.81615,"score_logistic_regression":0.7933196,"score_fuzzy_knn_k29":0.8022272},"geometry":{"type":"Polygon","coordinates":[[[-68.2310842,-10.6177539],[-68.2229211,-10.6177338],[-68.2229347,-10.6123244],[-68.2310977,-10.6123445],[-68.2310842,-10.6177539]]]}},{"type":"Feature","id":"AC-Y227-X758","properties":{"id":"AC-Y227-X758","grid_x":758,"grid_y":227,"centroid":[-68.2188464,-10.615019],"aggregation":"none","score_gradboost":0.8363005,"score_random_forest":0.8588408,"score_logistic_regression":0.7376684,"score_fuzzy_knn_k29":0.6427799},"geometry":{"type":"Polygon","coordinates":[[[-68.2229211,-10.6177338],[-68.214758,-10.6177135],[-68.2147718,-10.6123042],[-68.2229347,-10.6123244],[-68.2229211,-10.6177338]]]}},{"type":"Feature","id":"AC-Y227-X759","properties":{"id":"AC-Y227-X759","grid_x":759,"grid_y":227,"centroid":[-68.2106834,-10.6149986],"aggregation":"none","score_gradboost":0.9041686,"score_random_forest":0.7700854,"score_logistic_regression":0.6238675,"score_fuzzy_knn_k29":0.5724956},"geometry":{"type":"Polygon","coordinates":[[[-68.214758,-10.6177135],[-68.2065949,-10.617693],[-68.2066088,-10.6122837],[-68.2147718,-10.6123042],[-68.214758,-10.6177135]]]}},{"type":"Feature","id":"AC-Y227-X760","properties":{"id":"AC-Y227-X760","grid_x":760,"grid_y":227,"centroid":[-68.2025204,-10.614978],"aggregation":"none","score_gradboost":0.9569198,"score_random_forest":0.9237575,"score_logistic_regression":0.7827426,"score_fuzzy_knn_k29":1.0},"geometry":{"type":"Polygon","coordinates":[[[-68.2065949,-10.617693],[-68.1984318,-10.6176723],[-68.1984459,-10.612263],[-68.2066088,-10.6122837],[-68.2065949,-10.617693]]]}},{"type":"Feature","id":"AC-Y227-X761","properties":{"id":"AC-Y227-X761","grid_x":761,"grid_y":227,"centroid":[-68.1943574,-10.6149572],"aggregation":"none","score_gradboost":0.8875982,"score_random_forest":0.900703,"score_logistic_regression":0.7760962,"score_fuzzy_knn_k29":1.0},"geometry":{"type":"Polygon","coordinates":[[[-68.1984318,-10.6176723],[-68.1902688,-10.6176514],[-68.190283,-10.6122421],[-68.1984459,-10.612263],[-68.1984318,-10.6176723]]]}},{"type":"Feature","id":"AC-Y227-X762","properties":{"id":"AC-Y227-X762","grid_x":762,"grid_y":227,"centroid":[-68.1861944,-10.6149362],"aggregation":"none","score_gradboost":0.6699713,"score_random_forest":0.7911839,"score_logistic_regression":0.6513107,"score_fuzzy_knn_k29":0.9041529},"geometry":{"type":"Polygon","coordinates":[[[-68.1902688,-10.6176514],[-68.1821058,-10.6176303],[-68.1821201,-10.6122209],[-68.190283,-10.6122421],[-68.1902688,-10.6176514]]]}},{"type":"Feature","id":"AC-Y227-X763","properties":{"id":"AC-Y227-X763","grid_x":763,"grid_y":227,"centroid":[-68.1780315,-10.614915],"aggregation":"none","score_gradboost":0.9137754,"score_random_forest":0.8878402,"score_logistic_regression":0.5582902,"score_fuzzy_knn_k29":0.9950196},"geometry":{"type":"Polygon","coordinates":[[[-68.1821058,-10.6176303],[-68.1739427,-10.6176089],[-68.1739573,-10.6121996],[-68.1821201,-10.6122209],[-68.1821058,-10.6176303]]]}},{"type":"Feature","id":"AC-Y227-X764","properties":{"id":"AC-Y227-X764","grid_x":764,"grid_y":227,"centroid":[-68.1698685,-10.6148935],"aggregation":"none","score_gradboost":0.8688281,"score_random_forest":0.8503807,"score_logistic_regression":0.774233,"score_fuzzy_knn_k29":1.0},"geometry":{"type":"Polygon","coordinates":[[[-68.1739427,-10.6176089],[-68.1657798,-10.6175874],[-68.1657944,-10.6121781],[-68.1739573,-10.6121996],[-68.1739427,-10.6176089]]]}},{"type":"Feature","id":"AC-Y228-X746","properties":{"id":"AC-Y228-X746","grid_x":746,"grid_y":228,"centroid":[-68.3168158,-10.6098377],"aggregation":"none","score_gradboost":0.1181166,"score_random_forest":0.1585992,"score_logistic_regression":0.7877309,"score_fuzzy_knn_k29":0.5848044},"geometry":{"type":"Polygon","coordinates":[[[-68.3208913,-10.6125512],[-68.3127282,-10.6125335],[-68.3127403,-10.607124],[-68.3209033,-10.6071417],[-68.3208913,-10.6125512]]]}},{"type":"Feature","id":"AC-Y228-X747","properties":{"id":"AC-Y228-X747","grid_x":747,"grid_y":228,"centroid":[-68.3086527,-10.6098198],"aggregation":"none","score_gradboost":0.2078245,"score_random_forest":0.1965953,"score_logistic_regression":0.7719169,"score_fuzzy_knn_k29":0.4855493},"geometry":{"type":"Polygon","coordinates":[[[-68.3127282,-10.6125335],[-68.3045651,-10.6125156],[-68.3045773,-10.6071061],[-68.3127403,-10.607124],[-68.3127282,-10.6125335]]]}},{"type":"Feature","id":"AC-Y228-X749","properties":{"id":"AC-Y228-X749","grid_x":749,"grid_y":228,"centroid":[-68.2923267,-10.6097835],"aggregation":"none","score_gradboost":0.4237304,"score_random_forest":0.5545075,"score_logistic_regression":0.8037757,"score_fuzzy_knn_k29":0.6755463},"geometry":{"type":"Polygon","coordinates":[[[-68.296402,-10.6124974],[-68.2882389,-10.612479],[-68.2882514,-10.6070696],[-68.2964143,-10.6070879],[-68.296402,-10.6124974]]]}},{"type":"Feature","id":"AC-Y228-X752","properties":{"id":"AC-Y228-X752","grid_x":752,"grid_y":228,"centroid":[-68.2678377,-10.6097275],"aggregation":"none","score_gradboost":0.8103316,"score_random_forest":0.7327111,"score_logistic_regression":0.7771457,"score_fuzzy_knn_k29":0.4024412},"geometry":{"type":"Polygon","coordinates":[[[-68.2719128,-10.6124417],[-68.2637497,-10.6124227],[-68.2637626,-10.6070132],[-68.2719255,-10.6070322],[-68.2719128,-10.6124417]]]}},{"type":"Feature","id":"AC-Y228-X753","properties":{"id":"AC-Y228-X753","grid_x":753,"grid_y":228,"centroid":[-68.2596747,-10.6097084],"aggregation":"none","score_gradboost":0.7662616,"score_random_forest":0.7489834,"score_logistic_regression":0.8808718,"score_fuzzy_knn_k29":0.6331155},"geometry":{"type":"Polygon","coordinates":[[[-68.2637497,-10.6124227],[-68.2555867,-10.6124034],[-68.2555998,-10.606994],[-68.2637626,-10.6070132],[-68.2637497,-10.6124227]]]}},{"type":"Feature","id":"AC-Y228-X754","properties":{"id":"AC-Y228-X754","grid_x":754,"grid_y":228,"centroid":[-68.2515117,-10.609689],"aggregation":"none","score_gradboost":0.8627254,"score_random_forest":0.8808969,"score_logistic_regression":0.8730101,"score_fuzzy_knn_k29":0.9524977},"geometry":{"type":"Polygon","coordinates":[[[-68.2555867,-10.6124034],[-68.2474237,-10.612384],[-68.2474369,-10.6069746],[-68.2555998,-10.606994],[-68.2555867,-10.6124034]]]}},{"type":"Feature","id":"AC-Y228-X755","properties":{"id":"AC-Y228-X755","grid_x":755,"grid_y":228,"centroid":[-68.2433488,-10.6096695],"aggregation":"none","score_gradboost":0.7886483,"score_random_forest":0.7964684,"score_logistic_regression":0.8096337,"score_fuzzy_knn_k29":0.9781759},"geometry":{"type":"Polygon","coordinates":[[[-68.2474237,-10.612384],[-68.2392607,-10.6123644],[-68.239274,-10.606955],[-68.2474369,-10.6069746],[-68.2474237,-10.612384]]]}},{"type":"Feature","id":"AC-Y228-X756","properties":{"id":"AC-Y228-X756","grid_x":756,"grid_y":228,"centroid":[-68.2351859,-10.6096498],"aggregation":"none","score_gradboost":0.8704366,"score_random_forest":0.9143834,"score_logistic_regression":0.8473352,"score_fuzzy_knn_k29":0.7764961},"geometry":{"type":"Polygon","coordinates":[[[-68.2392607,-10.6123644],[-68.2310977,-10.6123445],[-68.2311112,-10.6069351],[-68.239274,-10.606955],[-68.2392607,-10.6123644]]]}},{"type":"Feature","id":"AC-Y228-X757","properties":{"id":"AC-Y228-X757","grid_x":757,"grid_y":228,"centroid":[-68.227023,-10.6096298],"aggregation":"none","score_gradboost":0.8935182,"score_random_forest":0.8970472,"score_logistic_regression":0.808957,"score_fuzzy_knn_k29":0.9211427},"geometry":{"type":"Polygon","coordinates":[[[-68.2310977,-10.6123445],[-68.2229347,-10.6123244],[-68.2229484,-10.6069151],[-68.2311112,-10.6069351],[-68.2310977,-10.6123445]]]}},{"type":"Feature","id":"AC-Y228-X758","properties":{"id":"AC-Y228-X758","grid_x":758,"grid_y":228,"centroid":[-68.2188601,-10.6096096],"aggregation":"none","score_gradboost":0.8378466,"score_random_forest":0.8492171,"score_logistic_regression":0.7242355,"score_fuzzy_knn_k29":0.5798671},"geometry":{"type":"Polygon","coordinates":[[[-68.2229347,-10.6123244],[-68.2147718,-10.6123042],[-68.2147856,-10.6068948],[-68.2229484,-10.6069151],[-68.2229347,-10.6123244]]]}},{"type":"Feature","id":"AC-Y228-X759","properties":{"id":"AC-Y228-X759","grid_x":759,"grid_y":228,"centroid":[-68.2106972,-10.6095893],"aggregation":"none","score_gradboost":0.9247964,"score_random_forest":0.9283615,"score_logistic_regression":0.7723489,"score_fuzzy_knn_k29":0.9352177},"geometry":{"type":"Polygon","coordinates":[[[-68.2147718,-10.6123042],[-68.2066088,-10.6122837],[-68.2066228,-10.6068743],[-68.2147856,-10.6068948],[-68.2147718,-10.6123042]]]}},{"type":"Feature","id":"AC-Y228-X760","properties":{"id":"AC-Y228-X760","grid_x":760,"grid_y":228,"centroid":[-68.2025344,-10.6095687],"aggregation":"none","score_gradboost":0.9631046,"score_random_forest":0.9411233,"score_logistic_regression":0.7647467,"score_fuzzy_knn_k29":0.9673939},"geometry":{"type":"Polygon","coordinates":[[[-68.2066088,-10.6122837],[-68.1984459,-10.612263],[-68.19846,-10.6068536],[-68.2066228,-10.6068743],[-68.2066088,-10.6122837]]]}},{"type":"Feature","id":"AC-Y228-X761","properties":{"id":"AC-Y228-X761","grid_x":761,"grid_y":228,"centroid":[-68.1943715,-10.6095479],"aggregation":"none","score_gradboost":0.8900526,"score_random_forest":0.8913046,"score_logistic_regression":0.7644961,"score_fuzzy_knn_k29":0.8227363},"geometry":{"type":"Polygon","coordinates":[[[-68.1984459,-10.612263],[-68.190283,-10.6122421],[-68.1902972,-10.6068327],[-68.19846,-10.6068536],[-68.1984459,-10.612263]]]}},{"type":"Feature","id":"AC-Y228-X762","properties":{"id":"AC-Y228-X762","grid_x":762,"grid_y":228,"centroid":[-68.1862087,-10.6095269],"aggregation":"none","score_gradboost":0.8504046,"score_random_forest":0.8305342,"score_logistic_regression":0.6725729,"score_fuzzy_knn_k29":0.7819917},"geometry":{"type":"Polygon","coordinates":[[[-68.190283,-10.6122421],[-68.1821201,-10.6122209],[-68.1821345,-10.6068116],[-68.1902972,-10.6068327],[-68.190283,-10.6122421]]]}},{"type":"Feature","id":"AC-Y228-X763","properties":{"id":"AC-Y228-X763","grid_x":763,"grid_y":228,"centroid":[-68.1780459,-10.6095056],"aggregation":"none","score_gradboost":0.9322431,"score_random_forest":0.9125881,"score_logistic_regression":0.5726016,"score_fuzzy_knn_k29":1.0},"geometry":{"type":"Polygon","coordinates":[[[-68.1821201,-10.6122209],[-68.1739573,-10.6121996],[-68.1739718,-10.6067903],[-68.1821345,-10.6068116],[-68.1821201,-10.6122209]]]}},{"type":"Feature","id":"AC-Y228-X764","properties":{"id":"AC-Y228-X764","grid_x":764,"grid_y":228,"centroid":[-68.1698831,-10.6094842],"aggregation":"none","score_gradboost":0.9116587,"score_random_forest":0.902493,"score_logistic_regression":0.5355213,"score_fuzzy_knn_k29":1.0},"geometry":{"type":"Polygon","coordinates":[[[-68.1739573,-10.6121996],[-68.1657944,-10.6121781],[-68.1658091,-10.6067687],[-68.1739718,-10.6067903],[-68.1739573,-10.6121996]]]}},{"type":"Feature","id":"AC-Y228-X765","properties":{"id":"AC-Y228-X765","grid_x":765,"grid_y":228,"centroid":[-68.1617204,-10.6094625],"aggregation":"none","score_gradboost":0.9309738,"score_random_forest":0.9355954,"score_logistic_regression":0.7420946,"score_fuzzy_knn_k29":1.0},"geometry":{"type":"Polygon","coordinates":[[[-68.1657944,-10.6121781],[-68.1576316,-10.6121563],[-68.1576464,-10.606747],[-68.1658091,-10.6067687],[-68.1657944,-10.6121781]]]}},{"type":"Feature","id":"AC-Y229-X740","properties":{"id":"AC-Y229-X740","grid_x":740,"grid_y":229,"centroid":[-68.3658056,-10.6045307],"aggregation":"none","score_gradboost":0.1870984,"score_random_forest":0.268854,"score_logistic_regression":0.7406077,"score_fuzzy_knn_k29":0.1432898},"geometry":{"type":"Polygon","coordinates":[[[-68.3698815,-10.6072436],[-68.3617184,-10.6072272],[-68.3617297,-10.6018176],[-68.3698926,-10.6018341],[-68.3698815,-10.6072436]]]}},{"type":"Feature","id":"AC-Y229-X747","properties":{"id":"AC-Y229-X747","grid_x":747,"grid_y":229,"centroid":[-68.3086649,-10.6044103],"aggregation":"none","score_gradboost":0.2156548,"score_random_forest":0.2040521,"score_logistic_regression":0.7446571,"score_fuzzy_knn_k29":0.3289254},"geometry":{"type":"Polygon","coordinates":[[[-68.3127403,-10.607124],[-68.3045773,-10.6071061],[-68.3045895,-10.6016966],[-68.3127524,-10.6017145],[-68.3127403,-10.607124]]]}},{"type":"Feature","id":"AC-Y229-X748","properties":{"id":"AC-Y229-X748","grid_x":748,"grid_y":229,"centroid":[-68.300502,-10.6043923],"aggregation":"none","score_gradboost":0.2139689,"score_random_forest":0.2123224,"score_logistic_regression":0.7449736,"score_fuzzy_knn_k29":0.3856333},"geometry":{"type":"Polygon","coordinates":[[[-68.3045773,-10.6071061],[-68.2964143,-10.6070879],[-68.2964267,-10.6016785],[-68.3045895,-10.6016966],[-68.3045773,-10.6071061]]]}},{"type":"Feature","id":"AC-Y229-X752","properties":{"id":"AC-Y229-X752","grid_x":752,"grid_y":229,"centroid":[-68.2678505,-10.604318],"aggregation":"none","score_gradboost":0.8433507,"score_random_forest":0.7940838,"score_logistic_regression":0.7835666,"score_fuzzy_knn_k29":0.4515603},"geometry":{"type":"Polygon","coordinates":[[[-68.2719255,-10.6070322],[-68.2637626,-10.6070132],[-68.2637756,-10.6016038],[-68.2719383,-10.6016228],[-68.2719255,-10.6070322]]]}},{"type":"Feature","id":"AC-Y229-X753","properties":{"id":"AC-Y229-X753","grid_x":753,"grid_y":229,"centroid":[-68.2596877,-10.6042989],"aggregation":"none","score_gradboost":0.853695,"score_random_forest":0.8179362,"score_logistic_regression":0.7887701,"score_fuzzy_knn_k29":0.495784},"geometry":{"type":"Polygon","coordinates":[[[-68.2637626,-10.6070132],[-68.2555998,-10.606994],[-68.2556128,-10.6015846],[-68.2637756,-10.6016038],[-68.2637626,-10.6070132]]]}},{"type":"Feature","id":"AC-Y229-X754","properties":{"id":"AC-Y229-X754","grid_x":754,"grid_y":229,"centroid":[-68.2515249,-10.6042796],"aggregation":"none","score_gradboost":0.7384645,"score_random_forest":0.6935824,"score_logistic_regression":0.8815422,"score_fuzzy_knn_k29":0.7075248},"geometry":{"type":"Polygon","coordinates":[[[-68.2555998,-10.606994],[-68.2474369,-10.6069746],[-68.2474501,-10.6015652],[-68.2556128,-10.6015846],[-68.2555998,-10.606994]]]}},{"type":"Feature","id":"AC-Y229-X755","properties":{"id":"AC-Y229-X755","grid_x":755,"grid_y":229,"centroid":[-68.2433621,-10.6042601],"aggregation":"none","score_gradboost":0.8822345,"score_random_forest":0.8486823,"score_logistic_regression":0.8464439,"score_fuzzy_knn_k29":0.8237188},"geometry":{"type":"Polygon","coordinates":[[[-68.2474369,-10.6069746],[-68.239274,-10.606955],[-68.2392874,-10.6015455],[-68.2474501,-10.6015652],[-68.2474369,-10.6069746]]]}},{"type":"Feature","id":"AC-Y229-X756","properties":{"id":"AC-Y229-X756","grid_x":756,"grid_y":229,"centroid":[-68.2351993,-10.6042404],"aggregation":"none","score_gradboost":0.7449614,"score_random_forest":0.8658983,"score_logistic_regression":0.8255994,"score_fuzzy_knn_k29":0.9531873},"geometry":{"type":"Polygon","coordinates":[[[-68.239274,-10.606955],[-68.2311112,-10.6069351],[-68.2311247,-10.6015257],[-68.2392874,-10.6015455],[-68.239274,-10.606955]]]}},{"type":"Feature","id":"AC-Y229-X757","properties":{"id":"AC-Y229-X757","grid_x":757,"grid_y":229,"centroid":[-68.2270366,-10.6042204],"aggregation":"none","score_gradboost":0.7833088,"score_random_forest":0.8824766,"score_logistic_regression":0.7679388,"score_fuzzy_knn_k29":0.8764911},"geometry":{"type":"Polygon","coordinates":[[[-68.2311112,-10.6069351],[-68.2229484,-10.6069151],[-68.222962,-10.6015057],[-68.2311247,-10.6015257],[-68.2311112,-10.6069351]]]}},{"type":"Feature","id":"AC-Y229-X758","properties":{"id":"AC-Y229-X758","grid_x":758,"grid_y":229,"centroid":[-68.2188738,-10.6042003],"aggregation":"none","score_gradboost":0.9310078,"score_random_forest":0.9637173,"score_logistic_regression":0.7592887,"score_fuzzy_knn_k29":0.855592},"geometry":{"type":"Polygon","coordinates":[[[-68.2229484,-10.6069151],[-68.2147856,-10.6068948],[-68.2147994,-10.6014854],[-68.222962,-10.6015057],[-68.2229484,-10.6069151]]]}},{"type":"Feature","id":"AC-Y229-X759","properties":{"id":"AC-Y229-X759","grid_x":759,"grid_y":229,"centroid":[-68.2107111,-10.6041799],"aggregation":"none","score_gradboost":0.9454008,"score_random_forest":0.9510737,"score_logistic_regression":0.7580118,"score_fuzzy_knn_k29":0.9133698},"geometry":{"type":"Polygon","coordinates":[[[-68.2147856,-10.6068948],[-68.2066228,-10.6068743],[-68.2066367,-10.6014649],[-68.2147994,-10.6014854],[-68.2147856,-10.6068948]]]}},{"type":"Feature","id":"AC-Y229-X760","properties":{"id":"AC-Y229-X760","grid_x":760,"grid_y":229,"centroid":[-68.2025484,-10.6041593],"aggregation":"none","score_gradboost":0.9105857,"score_random_forest":0.8077123,"score_logistic_regression":0.6516885,"score_fuzzy_knn_k29":0.8201183},"geometry":{"type":"Polygon","coordinates":[[[-68.2066228,-10.6068743],[-68.19846,-10.6068536],[-68.1984741,-10.6014443],[-68.2066367,-10.6014649],[-68.2066228,-10.6068743]]]}},{"type":"Feature","id":"AC-Y229-X761","properties":{"id":"AC-Y229-X761","grid_x":761,"grid_y":229,"centroid":[-68.1943857,-10.6041385],"aggregation":"none","score_gradboost":0.7960483,"score_random_forest":0.7899104,"score_logistic_regression":0.6360215,"score_fuzzy_knn_k29":0.8664143},"geometry":{"type":"Polygon","coordinates":[[[-68.19846,-10.6068536],[-68.1902972,-10.6068327],[-68.1903115,-10.6014234],[-68.1984741,-10.6014443],[-68.19846,-10.6068536]]]}},{"type":"Feature","id":"AC-Y229-X762","properties":{"id":"AC-Y229-X762","grid_x":762,"grid_y":229,"centroid":[-68.186223,-10.6041175],"aggregation":"none","score_gradboost":0.8776555,"score_random_forest":0.884566,"score_logistic_regression":0.5580956,"score_fuzzy_knn_k29":0.8849044},"geometry":{"type":"Polygon","coordinates":[[[-68.1902972,-10.6068327],[-68.1821345,-10.6068116],[-68.1821489,-10.6014023],[-68.1903115,-10.6014234],[-68.1902972,-10.6068327]]]}},{"type":"Feature","id":"AC-Y229-X763","properties":{"id":"AC-Y229-X763","grid_x":763,"grid_y":229,"centroid":[-68.1780604,-10.6040963],"aggregation":"none","score_gradboost":0.8459768,"score_random_forest":0.8276871,"score_logistic_regression":0.6490831,"score_fuzzy_knn_k29":1.0},"geometry":{"type":"Polygon","coordinates":[[[-68.1821345,-10.6068116],[-68.1739718,-10.6067903],[-68.1739863,-10.601381],[-68.1821489,-10.6014023],[-68.1821345,-10.6068116]]]}},{"type":"Feature","id":"AC-Y229-X764","properties":{"id":"AC-Y229-X764","grid_x":764,"grid_y":229,"centroid":[-68.1698977,-10.6040749],"aggregation":"none","score_gradboost":0.8895212,"score_random_forest":0.8830045,"score_logistic_regression":0.5635188,"score_fuzzy_knn_k29":1.0},"geometry":{"type":"Polygon","coordinates":[[[-68.1739718,-10.6067903],[-68.1658091,-10.6067687],[-68.1658237,-10.6013594],[-68.1739863,-10.601381],[-68.1739718,-10.6067903]]]}},{"type":"Feature","id":"AC-Y229-X765","properties":{"id":"AC-Y229-X765","grid_x":765,"grid_y":229,"centroid":[-68.1617351,-10.6040532],"aggregation":"none","score_gradboost":0.9481488,"score_random_forest":0.9148415,"score_logistic_regression":0.5494067,"score_fuzzy_knn_k29":0.965516},"geometry":{"type":"Polygon","coordinates":[[[-68.1658091,-10.6067687],[-68.1576464,-10.606747],[-68.1576612,-10.6013377],[-68.1658237,-10.6013594],[-68.1658091,-10.6067687]]]}},{"type":"Feature","id":"AC-Y229-X766","properties":{"id":"AC-Y229-X766","grid_x":766,"grid_y":229,"centroid":[-68.1535725,-10.6040314],"aggregation":"none","score_gradboost":0.8009885,"score_random_forest":0.8555453,"score_logistic_regression":0.6191529,"score_fuzzy_knn_k29":0.9728151},"geometry":{"type":"Polygon","coordinates":[[[-68.1576464,-10.606747],[-68.1494837,-10.606725],[-68.1494987,-10.6013157],[-68.1576612,-10.6013377],[-68.1576464,-10.606747]]]}},{"type":"Feature","id":"AC-Y230-X740","properties":{"id":"AC-Y230-X740","grid_x":740,"grid_y":230,"centroid":[-68.3658167,-10.5991211],"aggregation":"none","score_gradboost":0.4609561,"score_random_forest":0.3540904,"score_logistic_regression":0.7403918,"score_fuzzy_knn_k29":0.2504373},"geometry":{"type":"Polygon","coordinates":[[[-68.3698926,-10.6018341],[-68.3617297,-10.6018176],[-68.3617409,-10.5964081],[-68.3699036,-10.5964245],[-68.3698926,-10.6018341]]]}},{"type":"Feature","id":"AC-Y230-X752","properties":{"id":"AC-Y230-X752","grid_x":752,"grid_y":230,"centroid":[-68.2678634,-10.5989086],"aggregation":"none","score_gradboost":0.6590016,"score_random_forest":0.7651724,"score_logistic_regression":0.7885888,"score_fuzzy_knn_k29":0.5273038},"geometry":{"type":"Polygon","coordinates":[[[-68.2719383,-10.6016228],[-68.2637756,-10.6016038],[-68.2637885,-10.5961943],[-68.2719511,-10.5962133],[-68.2719383,-10.6016228]]]}},{"type":"Feature","id":"AC-Y230-X754","properties":{"id":"AC-Y230-X754","grid_x":754,"grid_y":230,"centroid":[-68.251538,-10.5988702],"aggregation":"none","score_gradboost":0.644961,"score_random_forest":0.7193529,"score_logistic_regression":0.7988001,"score_fuzzy_knn_k29":0.6108455},"geometry":{"type":"Polygon","coordinates":[[[-68.2556128,-10.6015846],[-68.2474501,-10.6015652],[-68.2474633,-10.5961557],[-68.2556259,-10.5961751],[-68.2556128,-10.6015846]]]}},{"type":"Feature","id":"AC-Y230-X755","properties":{"id":"AC-Y230-X755","grid_x":755,"grid_y":230,"centroid":[-68.2433754,-10.5988507],"aggregation":"none","score_gradboost":0.809182,"score_random_forest":0.8404812,"score_logistic_regression":0.7997143,"score_fuzzy_knn_k29":0.5281958},"geometry":{"type":"Polygon","coordinates":[[[-68.2474501,-10.6015652],[-68.2392874,-10.6015455],[-68.2393007,-10.5961361],[-68.2474633,-10.5961557],[-68.2474501,-10.6015652]]]}},{"type":"Feature","id":"AC-Y230-X756","properties":{"id":"AC-Y230-X756","grid_x":756,"grid_y":230,"centroid":[-68.2352128,-10.598831],"aggregation":"none","score_gradboost":0.6563332,"score_random_forest":0.6525283,"score_logistic_regression":0.7740981,"score_fuzzy_knn_k29":0.2903354},"geometry":{"type":"Polygon","coordinates":[[[-68.2392874,-10.6015455],[-68.2311247,-10.6015257],[-68.2311382,-10.5961163],[-68.2393007,-10.5961361],[-68.2392874,-10.6015455]]]}},{"type":"Feature","id":"AC-Y230-X757","properties":{"id":"AC-Y230-X757","grid_x":757,"grid_y":230,"centroid":[-68.2270501,-10.598811],"aggregation":"none","score_gradboost":0.8827872,"score_random_forest":0.7555421,"score_logistic_regression":0.700587,"score_fuzzy_knn_k29":0.4106774},"geometry":{"type":"Polygon","coordinates":[[[-68.2311247,-10.6015257],[-68.222962,-10.6015057],[-68.2229757,-10.5960963],[-68.2311382,-10.5961163],[-68.2311247,-10.6015257]]]}},{"type":"Feature","id":"AC-Y230-X758","properties":{"id":"AC-Y230-X758","grid_x":758,"grid_y":230,"centroid":[-68.2188875,-10.5987909],"aggregation":"none","score_gradboost":0.9275341,"score_random_forest":0.8429544,"score_logistic_regression":0.7076571,"score_fuzzy_knn_k29":0.6931865},"geometry":{"type":"Polygon","coordinates":[[[-68.222962,-10.6015057],[-68.2147994,-10.6014854],[-68.2148131,-10.596076],[-68.2229757,-10.5960963],[-68.222962,-10.6015057]]]}},{"type":"Feature","id":"AC-Y230-X759","properties":{"id":"AC-Y230-X759","grid_x":759,"grid_y":230,"centroid":[-68.210725,-10.5987705],"aggregation":"none","score_gradboost":0.9083722,"score_random_forest":0.9355741,"score_logistic_regression":0.7700961,"score_fuzzy_knn_k29":0.8531598},"geometry":{"type":"Polygon","coordinates":[[[-68.2147994,-10.6014854],[-68.2066367,-10.6014649],[-68.2066506,-10.5960556],[-68.2148131,-10.596076],[-68.2147994,-10.6014854]]]}},{"type":"Feature","id":"AC-Y230-X760","properties":{"id":"AC-Y230-X760","grid_x":760,"grid_y":230,"centroid":[-68.2025624,-10.5987499],"aggregation":"none","score_gradboost":0.8224537,"score_random_forest":0.7423167,"score_logistic_regression":0.7915845,"score_fuzzy_knn_k29":0.8614827},"geometry":{"type":"Polygon","coordinates":[[[-68.2066367,-10.6014649],[-68.1984741,-10.6014443],[-68.1984881,-10.5960349],[-68.2066506,-10.5960556],[-68.2066367,-10.6014649]]]}},{"type":"Feature","id":"AC-Y230-X761","properties":{"id":"AC-Y230-X761","grid_x":761,"grid_y":230,"centroid":[-68.1943998,-10.5987292],"aggregation":"none","score_gradboost":0.9090037,"score_random_forest":0.8291031,"score_logistic_regression":0.715517,"score_fuzzy_knn_k29":0.870656},"geometry":{"type":"Polygon","coordinates":[[[-68.1984741,-10.6014443],[-68.1903115,-10.6014234],[-68.1903257,-10.596014],[-68.1984881,-10.5960349],[-68.1984741,-10.6014443]]]}},{"type":"Feature","id":"AC-Y230-X762","properties":{"id":"AC-Y230-X762","grid_x":762,"grid_y":230,"centroid":[-68.1862373,-10.5987082],"aggregation":"none","score_gradboost":0.885181,"score_random_forest":0.7881875,"score_logistic_regression":0.7318975,"score_fuzzy_knn_k29":0.8347405},"geometry":{"type":"Polygon","coordinates":[[[-68.1903115,-10.6014234],[-68.1821489,-10.6014023],[-68.1821632,-10.5959929],[-68.1903257,-10.596014],[-68.1903115,-10.6014234]]]}},{"type":"Feature","id":"AC-Y230-X763","properties":{"id":"AC-Y230-X763","grid_x":763,"grid_y":230,"centroid":[-68.1780748,-10.598687],"aggregation":"none","score_gradboost":0.8706022,"score_random_forest":0.8264981,"score_logistic_regression":0.6251334,"score_fuzzy_knn_k29":0.8553458},"geometry":{"type":"Polygon","coordinates":[[[-68.1821489,-10.6014023],[-68.1739863,-10.601381],[-68.1740008,-10.5959716],[-68.1821632,-10.5959929],[-68.1821489,-10.6014023]]]}},{"type":"Feature","id":"AC-Y230-X764","properties":{"id":"AC-Y230-X764","grid_x":764,"grid_y":230,"centroid":[-68.1699123,-10.5986656],"aggregation":"none","score_gradboost":0.8802471,"score_random_forest":0.87026,"score_logistic_regression":0.5842402,"score_fuzzy_knn_k29":0.8998085},"geometry":{"type":"Polygon","coordinates":[[[-68.1739863,-10.601381],[-68.1658237,-10.6013594],[-68.1658384,-10.5959501],[-68.1740008,-10.5959716],[-68.1739863,-10.601381]]]}},{"type":"Feature","id":"AC-Y230-X765","properties":{"id":"AC-Y230-X765","grid_x":765,"grid_y":230,"centroid":[-68.1617498,-10.5986439],"aggregation":"none","score_gradboost":0.7876248,"score_random_forest":0.8429417,"score_logistic_regression":0.6006637,"score_fuzzy_knn_k29":0.923627},"geometry":{"type":"Polygon","coordinates":[[[-68.1658237,-10.6013594],[-68.1576612,-10.6013377],[-68.157676,-10.5959284],[-68.1658384,-10.5959501],[-68.1658237,-10.6013594]]]}},{"type":"Feature","id":"AC-Y230-X766","properties":{"id":"AC-Y230-X766","grid_x":766,"grid_y":230,"centroid":[-68.1535873,-10.5986221],"aggregation":"none","score_gradboost":0.7772719,"score_random_forest":0.8687046,"score_logistic_regression":0.5768348,"score_fuzzy_knn_k29":1.0},"geometry":{"type":"Polygon","coordinates":[[[-68.1576612,-10.6013377],[-68.1494987,-10.6013157],[-68.1495136,-10.5959065],[-68.157676,-10.5959284],[-68.1576612,-10.6013377]]]}},{"type":"Feature","id":"AC-Y231-X753","properties":{"id":"AC-Y231-X753","grid_x":753,"grid_y":231,"centroid":[-68.2597137,-10.59348],"aggregation":"none","score_gradboost":0.6638303,"score_random_forest":0.6197504,"score_logistic_regression":0.7743401,"score_fuzzy_knn_k29":0.4628968},"geometry":{"type":"Polygon","coordinates":[[[-68.2637885,-10.5961943],[-68.2556259,-10.5961751],[-68.255639,-10.5907657],[-68.2638014,-10.5907849],[-68.2637885,-10.5961943]]]}},{"type":"Feature","id":"AC-Y231-X754","properties":{"id":"AC-Y231-X754","grid_x":754,"grid_y":231,"centroid":[-68.2515512,-10.5934608],"aggregation":"none","score_gradboost":0.7464129,"score_random_forest":0.7651052,"score_logistic_regression":0.7835676,"score_fuzzy_knn_k29":0.4682464},"geometry":{"type":"Polygon","coordinates":[[[-68.2556259,-10.5961751],[-68.2474633,-10.5961557],[-68.2474765,-10.5907463],[-68.255639,-10.5907657],[-68.2556259,-10.5961751]]]}},{"type":"Feature","id":"AC-Y231-X756","properties":{"id":"AC-Y231-X756","grid_x":756,"grid_y":231,"centroid":[-68.2352262,-10.5934215],"aggregation":"none","score_gradboost":0.6959314,"score_random_forest":0.6622512,"score_logistic_regression":0.7662233,"score_fuzzy_knn_k29":0.354402},"geometry":{"type":"Polygon","coordinates":[[[-68.2393007,-10.5961361],[-68.2311382,-10.5961163],[-68.2311517,-10.5907069],[-68.2393141,-10.5907267],[-68.2393007,-10.5961361]]]}},{"type":"Feature","id":"AC-Y231-X757","properties":{"id":"AC-Y231-X757","grid_x":757,"grid_y":231,"centroid":[-68.2270637,-10.5934016],"aggregation":"none","score_gradboost":0.8837134,"score_random_forest":0.7549899,"score_logistic_regression":0.7710946,"score_fuzzy_knn_k29":0.2183488},"geometry":{"type":"Polygon","coordinates":[[[-68.2311382,-10.5961163],[-68.2229757,-10.5960963],[-68.2229893,-10.5906869],[-68.2311517,-10.5907069],[-68.2311382,-10.5961163]]]}},{"type":"Feature","id":"AC-Y231-X758","properties":{"id":"AC-Y231-X758","grid_x":758,"grid_y":231,"centroid":[-68.2189012,-10.5933815],"aggregation":"none","score_gradboost":0.9016815,"score_random_forest":0.8234529,"score_logistic_regression":0.7525942,"score_fuzzy_knn_k29":0.4633598},"geometry":{"type":"Polygon","coordinates":[[[-68.2229757,-10.5960963],[-68.2148131,-10.596076],[-68.2148269,-10.5906667],[-68.2229893,-10.5906869],[-68.2229757,-10.5960963]]]}},{"type":"Feature","id":"AC-Y231-X759","properties":{"id":"AC-Y231-X759","grid_x":759,"grid_y":231,"centroid":[-68.2107388,-10.5933611],"aggregation":"none","score_gradboost":0.7685837,"score_random_forest":0.7961933,"score_logistic_regression":0.73876,"score_fuzzy_knn_k29":0.8985663},"geometry":{"type":"Polygon","coordinates":[[[-68.2148131,-10.596076],[-68.2066506,-10.5960556],[-68.2066645,-10.5906462],[-68.2148269,-10.5906667],[-68.2148131,-10.596076]]]}},{"type":"Feature","id":"AC-Y231-X760","properties":{"id":"AC-Y231-X760","grid_x":760,"grid_y":231,"centroid":[-68.2025764,-10.5933406],"aggregation":"none","score_gradboost":0.8685053,"score_random_forest":0.7991275,"score_logistic_regression":0.7568262,"score_fuzzy_knn_k29":0.9197047},"geometry":{"type":"Polygon","coordinates":[[[-68.2066506,-10.5960556],[-68.1984881,-10.5960349],[-68.1985022,-10.5906255],[-68.2066645,-10.5906462],[-68.2066506,-10.5960556]]]}},{"type":"Feature","id":"AC-Y231-X761","properties":{"id":"AC-Y231-X761","grid_x":761,"grid_y":231,"centroid":[-68.194414,-10.5933198],"aggregation":"none","score_gradboost":0.7967434,"score_random_forest":0.8036587,"score_logistic_regression":0.738361,"score_fuzzy_knn_k29":0.9050228},"geometry":{"type":"Polygon","coordinates":[[[-68.1984881,-10.5960349],[-68.1903257,-10.596014],[-68.1903399,-10.5906047],[-68.1985022,-10.5906255],[-68.1984881,-10.5960349]]]}},{"type":"Feature","id":"AC-Y231-X762","properties":{"id":"AC-Y231-X762","grid_x":762,"grid_y":231,"centroid":[-68.1862516,-10.5932988],"aggregation":"none","score_gradboost":0.8968165,"score_random_forest":0.9030803,"score_logistic_regression":0.7885505,"score_fuzzy_knn_k29":0.9758249},"geometry":{"type":"Polygon","coordinates":[[[-68.1903257,-10.596014],[-68.1821632,-10.5959929],[-68.1821776,-10.5905836],[-68.1903399,-10.5906047],[-68.1903257,-10.596014]]]}},{"type":"Feature","id":"AC-Y231-X763","properties":{"id":"AC-Y231-X763","grid_x":763,"grid_y":231,"centroid":[-68.1780892,-10.5932776],"aggregation":"none","score_gradboost":0.9025575,"score_random_forest":0.9034356,"score_logistic_regression":0.7654254,"score_fuzzy_knn_k29":0.9901392},"geometry":{"type":"Polygon","coordinates":[[[-68.1821632,-10.5959929],[-68.1740008,-10.5959716],[-68.1740153,-10.5905623],[-68.1821776,-10.5905836],[-68.1821632,-10.5959929]]]}},{"type":"Feature","id":"AC-Y231-X764","properties":{"id":"AC-Y231-X764","grid_x":764,"grid_y":231,"centroid":[-68.1699269,-10.5932562],"aggregation":"none","score_gradboost":0.8992141,"score_random_forest":0.8263442,"score_logistic_regression":0.604849,"score_fuzzy_knn_k29":0.8037739},"geometry":{"type":"Polygon","coordinates":[[[-68.1740008,-10.5959716],[-68.1658384,-10.5959501],[-68.165853,-10.5905408],[-68.1740153,-10.5905623],[-68.1740008,-10.5959716]]]}},{"type":"Feature","id":"AC-Y231-X765","properties":{"id":"AC-Y231-X765","grid_x":765,"grid_y":231,"centroid":[-68.1617645,-10.5932346],"aggregation":"none","score_gradboost":0.8196177,"score_random_forest":0.8121074,"score_logistic_regression":0.6014429,"score_fuzzy_knn_k29":0.8732702},"geometry":{"type":"Polygon","coordinates":[[[-68.1658384,-10.5959501],[-68.157676,-10.5959284],[-68.1576907,-10.5905191],[-68.165853,-10.5905408],[-68.1658384,-10.5959501]]]}},{"type":"Feature","id":"AC-Y232-X739","properties":{"id":"AC-Y232-X739","grid_x":739,"grid_y":232,"centroid":[-68.3740015,-10.5883183],"aggregation":"none","score_gradboost":0.2982243,"score_random_forest":0.3789375,"score_logistic_regression":0.6887124,"score_fuzzy_knn_k29":0.6279878},"geometry":{"type":"Polygon","coordinates":[[[-68.3780774,-10.5910312],[-68.3699147,-10.591015],[-68.3699258,-10.5856054],[-68.3780883,-10.5856216],[-68.3780774,-10.5910312]]]}},{"type":"Feature","id":"AC-Y232-X753","properties":{"id":"AC-Y232-X753","grid_x":753,"grid_y":232,"centroid":[-68.2597267,-10.5880706],"aggregation":"none","score_gradboost":0.6799137,"score_random_forest":0.6573439,"score_logistic_regression":0.7736644,"score_fuzzy_knn_k29":0.4040691},"geometry":{"type":"Polygon","coordinates":[[[-68.2638014,-10.5907849],[-68.255639,-10.5907657],[-68.255652,-10.5853563],[-68.2638143,-10.5853754],[-68.2638014,-10.5907849]]]}},{"type":"Feature","id":"AC-Y232-X754","properties":{"id":"AC-Y232-X754","grid_x":754,"grid_y":232,"centroid":[-68.2515643,-10.5880513],"aggregation":"none","score_gradboost":0.7086482,"score_random_forest":0.6876127,"score_logistic_regression":0.770539,"score_fuzzy_knn_k29":0.3968762},"geometry":{"type":"Polygon","coordinates":[[[-68.255639,-10.5907657],[-68.2474765,-10.5907463],[-68.2474897,-10.5853369],[-68.255652,-10.5853563],[-68.255639,-10.5907657]]]}},{"type":"Feature","id":"AC-Y232-X756","properties":{"id":"AC-Y232-X756","grid_x":756,"grid_y":232,"centroid":[-68.2352396,-10.5880121],"aggregation":"none","score_gradboost":0.8228979,"score_random_forest":0.7130198,"score_logistic_regression":0.7568579,"score_fuzzy_knn_k29":0.3282679},"geometry":{"type":"Polygon","coordinates":[[[-68.2393141,-10.5907267],[-68.2311517,-10.5907069],[-68.2311652,-10.5852975],[-68.2393274,-10.5853173],[-68.2393141,-10.5907267]]]}},{"type":"Feature","id":"AC-Y232-X757","properties":{"id":"AC-Y232-X757","grid_x":757,"grid_y":232,"centroid":[-68.2270773,-10.5879922],"aggregation":"none","score_gradboost":0.8838865,"score_random_forest":0.7400822,"score_logistic_regression":0.772618,"score_fuzzy_knn_k29":0.2465032},"geometry":{"type":"Polygon","coordinates":[[[-68.2311517,-10.5907069],[-68.2229893,-10.5906869],[-68.2230029,-10.5852775],[-68.2311652,-10.5852975],[-68.2311517,-10.5907069]]]}},{"type":"Feature","id":"AC-Y232-X758","properties":{"id":"AC-Y232-X758","grid_x":758,"grid_y":232,"centroid":[-68.2189149,-10.5879721],"aggregation":"none","score_gradboost":0.9092203,"score_random_forest":0.8569834,"score_logistic_regression":0.7950524,"score_fuzzy_knn_k29":0.565366},"geometry":{"type":"Polygon","coordinates":[[[-68.2229893,-10.5906869],[-68.2148269,-10.5906667],[-68.2148407,-10.5852573],[-68.2230029,-10.5852775],[-68.2229893,-10.5906869]]]}},{"type":"Feature","id":"AC-Y232-X759","properties":{"id":"AC-Y232-X759","grid_x":759,"grid_y":232,"centroid":[-68.2107526,-10.5879518],"aggregation":"none","score_gradboost":0.8448103,"score_random_forest":0.7581282,"score_logistic_regression":0.7902282,"score_fuzzy_knn_k29":0.6463945},"geometry":{"type":"Polygon","coordinates":[[[-68.2148269,-10.5906667],[-68.2066645,-10.5906462],[-68.2066785,-10.5852368],[-68.2148407,-10.5852573],[-68.2148269,-10.5906667]]]}},{"type":"Feature","id":"AC-Y232-X760","properties":{"id":"AC-Y232-X760","grid_x":760,"grid_y":232,"centroid":[-68.2025904,-10.5879312],"aggregation":"none","score_gradboost":0.7299974,"score_random_forest":0.702983,"score_logistic_regression":0.7827355,"score_fuzzy_knn_k29":0.5439278},"geometry":{"type":"Polygon","coordinates":[[[-68.2066645,-10.5906462],[-68.1985022,-10.5906255],[-68.1985163,-10.5852162],[-68.2066785,-10.5852368],[-68.2066645,-10.5906462]]]}},{"type":"Feature","id":"AC-Y232-X761","properties":{"id":"AC-Y232-X761","grid_x":761,"grid_y":232,"centroid":[-68.1944281,-10.5879105],"aggregation":"none","score_gradboost":0.7148157,"score_random_forest":0.764088,"score_logistic_regression":0.7528892,"score_fuzzy_knn_k29":0.8269717},"geometry":{"type":"Polygon","coordinates":[[[-68.1985022,-10.5906255],[-68.1903399,-10.5906047],[-68.1903541,-10.5851953],[-68.1985163,-10.5852162],[-68.1985022,-10.5906255]]]}},{"type":"Feature","id":"AC-Y232-X762","properties":{"id":"AC-Y232-X762","grid_x":762,"grid_y":232,"centroid":[-68.1862659,-10.5878895],"aggregation":"none","score_gradboost":0.8365582,"score_random_forest":0.8575294,"score_logistic_regression":0.7224787,"score_fuzzy_knn_k29":0.888525},"geometry":{"type":"Polygon","coordinates":[[[-68.1903399,-10.5906047],[-68.1821776,-10.5905836],[-68.1821919,-10.5851743],[-68.1903541,-10.5851953],[-68.1903399,-10.5906047]]]}},{"type":"Feature","id":"AC-Y232-X763","properties":{"id":"AC-Y232-X763","grid_x":763,"grid_y":232,"centroid":[-68.1781036,-10.5878683],"aggregation":"none","score_gradboost":0.8738065,"score_random_forest":0.8473536,"score_logistic_regression":0.705584,"score_fuzzy_knn_k29":0.9023407},"geometry":{"type":"Polygon","coordinates":[[[-68.1821776,-10.5905836],[-68.1740153,-10.5905623],[-68.1740298,-10.585153],[-68.1821919,-10.5851743],[-68.1821776,-10.5905836]]]}},{"type":"Feature","id":"AC-Y232-X764","properties":{"id":"AC-Y232-X764","grid_x":764,"grid_y":232,"centroid":[-68.1699414,-10.5878469],"aggregation":"none","score_gradboost":0.9063295,"score_random_forest":0.8392007,"score_logistic_regression":0.7328785,"score_fuzzy_knn_k29":0.9100442},"geometry":{"type":"Polygon","coordinates":[[[-68.1740153,-10.5905623],[-68.165853,-10.5905408],[-68.1658676,-10.5851315],[-68.1740298,-10.585153],[-68.1740153,-10.5905623]]]}},{"type":"Feature","id":"AC-Y216-X737","properties":{"id":"AC-Y216-X737","grid_x":737,"grid_y":216,"centroid":[-68.3901549,-10.6749035],"aggregation":"none","score_gradboost":0.8985706,"score_random_forest":0.8775677,"score_logistic_regression":0.654253,"score_fuzzy_knn_k29":0.787182},"geometry":{"type":"Polygon","coordinates":[[[-68.394232,-10.6776162],[-68.386067,-10.6776002],[-68.3860779,-10.6721907],[-68.3942427,-10.6722066],[-68.394232,-10.6776162]]]}},{"type":"Feature","id":"AC-Y217-X737","properties":{"id":"AC-Y217-X737","grid_x":737,"grid_y":217,"centroid":[-68.3901657,-10.6694939],"aggregation":"none","score_gradboost":0.8685313,"score_random_forest":0.8878645,"score_logistic_regression":0.7289531,"score_fuzzy_knn_k29":0.5756775},"geometry":{"type":"Polygon","coordinates":[[[-68.3942427,-10.6722066],[-68.3860779,-10.6721907],[-68.3860887,-10.6667811],[-68.3942534,-10.666797],[-68.3942427,-10.6722066]]]}},{"type":"Feature","id":"AC-Y218-X737","properties":{"id":"AC-Y218-X737","grid_x":737,"grid_y":218,"centroid":[-68.3901765,-10.6640843],"aggregation":"none","score_gradboost":0.7717425,"score_random_forest":0.7291444,"score_logistic_regression":0.7981969,"score_fuzzy_knn_k29":0.9757159},"geometry":{"type":"Polygon","coordinates":[[[-68.3942534,-10.666797],[-68.3860887,-10.6667811],[-68.3860996,-10.6613716],[-68.3942641,-10.6613875],[-68.3942534,-10.666797]]]}},{"type":"Feature","id":"AC-Y219-X737","properties":{"id":"AC-Y219-X737","grid_x":737,"grid_y":219,"centroid":[-68.3901872,-10.6586748],"aggregation":"none","score_gradboost":0.710322,"score_random_forest":0.7520642,"score_logistic_regression":0.7469111,"score_fuzzy_knn_k29":0.3642942},"geometry":{"type":"Polygon","coordinates":[[[-68.3942641,-10.6613875],[-68.3860996,-10.6613716],[-68.3861104,-10.655962],[-68.3942748,-10.6559779],[-68.3942641,-10.6613875]]]}},{"type":"Feature","id":"AC-Y220-X737","properties":{"id":"AC-Y220-X737","grid_x":737,"grid_y":220,"centroid":[-68.390198,-10.6532652],"aggregation":"none","score_gradboost":0.9165099,"score_random_forest":0.8804678,"score_logistic_regression":0.7655996,"score_fuzzy_knn_k29":0.86721},"geometry":{"type":"Polygon","coordinates":[[[-68.3942748,-10.6559779],[-68.3861104,-10.655962],[-68.3861213,-10.6505525],[-68.3942855,-10.6505683],[-68.3942748,-10.6559779]]]}},{"type":"Feature","id":"AC-Y221-X737","properties":{"id":"AC-Y221-X737","grid_x":737,"grid_y":221,"centroid":[-68.3902088,-10.6478557],"aggregation":"none","score_gradboost":0.6675674,"score_random_forest":0.7325041,"score_logistic_regression":0.7346556,"score_fuzzy_knn_k29":0.5913674},"geometry":{"type":"Polygon","coordinates":[[[-68.3942855,-10.6505683],[-68.3861213,-10.6505525],[-68.3861321,-10.6451429],[-68.3942962,-10.6451588],[-68.3942855,-10.6505683]]]}},{"type":"Feature","id":"AC-Y222-X737","properties":{"id":"AC-Y222-X737","grid_x":737,"grid_y":222,"centroid":[-68.3902195,-10.6424461],"aggregation":"none","score_gradboost":0.7189304,"score_random_forest":0.7354967,"score_logistic_regression":0.7220681,"score_fuzzy_knn_k29":0.4339205},"geometry":{"type":"Polygon","coordinates":[[[-68.3942962,-10.6451588],[-68.3861321,-10.6451429],[-68.3861429,-10.6397333],[-68.3943069,-10.6397492],[-68.3942962,-10.6451588]]]}},{"type":"Feature","id":"AC-Y223-X737","properties":{"id":"AC-Y223-X737","grid_x":737,"grid_y":223,"centroid":[-68.3902303,-10.6370365],"aggregation":"none","score_gradboost":0.8828936,"score_random_forest":0.8317536,"score_logistic_regression":0.8393093,"score_fuzzy_knn_k29":0.6804705},"geometry":{"type":"Polygon","coordinates":[[[-68.3943069,-10.6397492],[-68.3861429,-10.6397333],[-68.3861537,-10.6343238],[-68.3943176,-10.6343396],[-68.3943069,-10.6397492]]]}},{"type":"Feature","id":"AC-Y224-X737","properties":{"id":"AC-Y224-X737","grid_x":737,"grid_y":224,"centroid":[-68.390241,-10.6316269],"aggregation":"none","score_gradboost":0.8863048,"score_random_forest":0.848597,"score_logistic_regression":0.7895,"score_fuzzy_knn_k29":0.8914036},"geometry":{"type":"Polygon","coordinates":[[[-68.3943176,-10.6343396],[-68.3861537,-10.6343238],[-68.3861645,-10.6289142],[-68.3943282,-10.6289301],[-68.3943176,-10.6343396]]]}},{"type":"Feature","id":"AC-Y225-X737","properties":{"id":"AC-Y225-X737","grid_x":737,"grid_y":225,"centroid":[-68.3902517,-10.6262174],"aggregation":"none","score_gradboost":0.7013905,"score_random_forest":0.6112516,"score_logistic_regression":0.83278,"score_fuzzy_knn_k29":0.91853},"geometry":{"type":"Polygon","coordinates":[[[-68.3943282,-10.6289301],[-68.3861645,-10.6289142],[-68.3861753,-10.6235046],[-68.3943389,-10.6235205],[-68.3943282,-10.6289301]]]}},{"type":"Feature","id":"AC-Y225-X738","properties":{"id":"AC-Y225-X738","grid_x":738,"grid_y":225,"centroid":[-68.3820881,-10.6262014],"aggregation":"none","score_gradboost":0.6518642,"score_random_forest":0.5687365,"score_logistic_regression":0.8574388,"score_fuzzy_knn_k29":0.7718298},"geometry":{"type":"Polygon","coordinates":[[[-68.3861645,-10.6289142],[-68.3780009,-10.6288981],[-68.3780118,-10.6234886],[-68.3861753,-10.6235046],[-68.3861645,-10.6289142]]]}},{"type":"Feature","id":"AC-Y226-X737","properties":{"id":"AC-Y226-X737","grid_x":737,"grid_y":226,"centroid":[-68.3902625,-10.6208078],"aggregation":"none","score_gradboost":0.6666523,"score_random_forest":0.6432931,"score_logistic_regression":0.8187897,"score_fuzzy_knn_k29":0.9688038},"geometry":{"type":"Polygon","coordinates":[[[-68.3943389,-10.6235205],[-68.3861753,-10.6235046],[-68.3861861,-10.6180951],[-68.3943495,-10.6181109],[-68.3943389,-10.6235205]]]}},{"type":"Feature","id":"AC-Y226-X738","properties":{"id":"AC-Y226-X738","grid_x":738,"grid_y":226,"centroid":[-68.382099,-10.6207919],"aggregation":"none","score_gradboost":0.4727267,"score_random_forest":0.578633,"score_logistic_regression":0.8513471,"score_fuzzy_knn_k29":0.7920619},"geometry":{"type":"Polygon","coordinates":[[[-68.3861753,-10.6235046],[-68.3780118,-10.6234886],[-68.3780227,-10.618079],[-68.3861861,-10.6180951],[-68.3861753,-10.6235046]]]}},{"type":"Feature","id":"AC-Y226-X739","properties":{"id":"AC-Y226-X739","grid_x":739,"grid_y":226,"centroid":[-68.3739356,-10.6207757],"aggregation":"none","score_gradboost":0.5192703,"score_random_forest":0.6125691,"score_logistic_regression":0.8548335,"score_fuzzy_knn_k29":0.7406194},"geometry":{"type":"Polygon","coordinates":[[[-68.3780118,-10.6234886],[-68.3698483,-10.6234723],[-68.3698594,-10.6180628],[-68.3780227,-10.618079],[-68.3780118,-10.6234886]]]}},{"type":"Feature","id":"AC-Y227-X737","properties":{"id":"AC-Y227-X737","grid_x":737,"grid_y":227,"centroid":[-68.3902732,-10.6153982],"aggregation":"none","score_gradboost":0.4599878,"score_random_forest":0.4474689,"score_logistic_regression":0.8099939,"score_fuzzy_knn_k29":0.9478445},"geometry":{"type":"Polygon","coordinates":[[[-68.3943495,-10.6181109],[-68.3861861,-10.6180951],[-68.3861969,-10.6126855],[-68.3943602,-10.6127013],[-68.3943495,-10.6181109]]]}},{"type":"Feature","id":"AC-Y227-X738","properties":{"id":"AC-Y227-X738","grid_x":738,"grid_y":227,"centroid":[-68.3821099,-10.6153823],"aggregation":"none","score_gradboost":0.5060953,"score_random_forest":0.491562,"score_logistic_regression":0.8153647,"score_fuzzy_knn_k29":0.9506971},"geometry":{"type":"Polygon","coordinates":[[[-68.3861861,-10.6180951],[-68.3780227,-10.618079],[-68.3780337,-10.6126695],[-68.3861969,-10.6126855],[-68.3861861,-10.6180951]]]}},{"type":"Feature","id":"AC-Y227-X739","properties":{"id":"AC-Y227-X739","grid_x":739,"grid_y":227,"centroid":[-68.3739466,-10.6153661],"aggregation":"none","score_gradboost":0.3421393,"score_random_forest":0.4125461,"score_logistic_regression":0.8355194,"score_fuzzy_knn_k29":0.8422938},"geometry":{"type":"Polygon","coordinates":[[[-68.3780227,-10.618079],[-68.3698594,-10.6180628],[-68.3698704,-10.6126532],[-68.3780337,-10.6126695],[-68.3780227,-10.618079]]]}},{"type":"Feature","id":"AC-Y228-X737","properties":{"id":"AC-Y228-X737","grid_x":737,"grid_y":228,"centroid":[-68.3902839,-10.6099886],"aggregation":"none","score_gradboost":0.4199922,"score_random_forest":0.4154697,"score_logistic_regression":0.830254,"score_fuzzy_knn_k29":0.8692171},"geometry":{"type":"Polygon","coordinates":[[[-68.3943602,-10.6127013],[-68.3861969,-10.6126855],[-68.3862077,-10.6072759],[-68.3943708,-10.6072917],[-68.3943602,-10.6127013]]]}},{"type":"Feature","id":"AC-Y228-X738","properties":{"id":"AC-Y228-X738","grid_x":738,"grid_y":228,"centroid":[-68.3821207,-10.6099727],"aggregation":"none","score_gradboost":0.3901145,"score_random_forest":0.3714088,"score_logistic_regression":0.8287253,"score_fuzzy_knn_k29":0.8748119},"geometry":{"type":"Polygon","coordinates":[[[-68.3861969,-10.6126855],[-68.3780337,-10.6126695],[-68.3780446,-10.6072599],[-68.3862077,-10.6072759],[-68.3861969,-10.6126855]]]}},{"type":"Feature","id":"AC-Y228-X739","properties":{"id":"AC-Y228-X739","grid_x":739,"grid_y":228,"centroid":[-68.3739576,-10.6099566],"aggregation":"none","score_gradboost":0.3221988,"score_random_forest":0.2193834,"score_logistic_regression":0.7606087,"score_fuzzy_knn_k29":0.3669031},"geometry":{"type":"Polygon","coordinates":[[[-68.3780337,-10.6126695],[-68.3698704,-10.6126532],[-68.3698815,-10.6072436],[-68.3780446,-10.6072599],[-68.3780337,-10.6126695]]]}},{"type":"Feature","id":"AC-Y228-X740","properties":{"id":"AC-Y228-X740","grid_x":740,"grid_y":228,"centroid":[-68.3657944,-10.6099402],"aggregation":"none","score_gradboost":0.1519905,"score_random_forest":0.2098052,"score_logistic_regression":0.7486882,"score_fuzzy_knn_k29":0.2834498},"geometry":{"type":"Polygon","coordinates":[[[-68.3698704,-10.6126532],[-68.3617072,-10.6126367],[-68.3617184,-10.6072272],[-68.3698815,-10.6072436],[-68.3698704,-10.6126532]]]}},{"type":"Feature","id":"AC-Y229-X737","properties":{"id":"AC-Y229-X737","grid_x":737,"grid_y":229,"centroid":[-68.3902946,-10.6045791],"aggregation":"none","score_gradboost":0.2624703,"score_random_forest":0.3456567,"score_logistic_regression":0.8375294,"score_fuzzy_knn_k29":0.7878736},"geometry":{"type":"Polygon","coordinates":[[[-68.3943708,-10.6072917],[-68.3862077,-10.6072759],[-68.3862185,-10.6018663],[-68.3943815,-10.6018822],[-68.3943708,-10.6072917]]]}},{"type":"Feature","id":"AC-Y229-X738","properties":{"id":"AC-Y229-X738","grid_x":738,"grid_y":229,"centroid":[-68.3821316,-10.6045631],"aggregation":"none","score_gradboost":0.2291621,"score_random_forest":0.2137513,"score_logistic_regression":0.7342492,"score_fuzzy_knn_k29":0.2511409},"geometry":{"type":"Polygon","coordinates":[[[-68.3862077,-10.6072759],[-68.3780446,-10.6072599],[-68.3780555,-10.6018503],[-68.3862185,-10.6018663],[-68.3862077,-10.6072759]]]}},{"type":"Feature","id":"AC-Y229-X739","properties":{"id":"AC-Y229-X739","grid_x":739,"grid_y":229,"centroid":[-68.3739686,-10.604547],"aggregation":"none","score_gradboost":0.2443255,"score_random_forest":0.2931654,"score_logistic_regression":0.7238941,"score_fuzzy_knn_k29":0.2584147},"geometry":{"type":"Polygon","coordinates":[[[-68.3780446,-10.6072599],[-68.3698815,-10.6072436],[-68.3698926,-10.6018341],[-68.3780555,-10.6018503],[-68.3780446,-10.6072599]]]}},{"type":"Feature","id":"AC-Y230-X737","properties":{"id":"AC-Y230-X737","grid_x":737,"grid_y":230,"centroid":[-68.3903053,-10.5991695],"aggregation":"none","score_gradboost":0.3415451,"score_random_forest":0.3812917,"score_logistic_regression":0.8005916,"score_fuzzy_knn_k29":0.8946384},"geometry":{"type":"Polygon","coordinates":[[[-68.3943815,-10.6018822],[-68.3862185,-10.6018663],[-68.3862293,-10.5964568],[-68.3943921,-10.5964726],[-68.3943815,-10.6018822]]]}},{"type":"Feature","id":"AC-Y230-X738","properties":{"id":"AC-Y230-X738","grid_x":738,"grid_y":230,"centroid":[-68.3821424,-10.5991536],"aggregation":"none","score_gradboost":0.178761,"score_random_forest":0.2556114,"score_logistic_regression":0.7380692,"score_fuzzy_knn_k29":0.1031613},"geometry":{"type":"Polygon","coordinates":[[[-68.3862185,-10.6018663],[-68.3780555,-10.6018503],[-68.3780665,-10.5964408],[-68.3862293,-10.5964568],[-68.3862185,-10.6018663]]]}},{"type":"Feature","id":"AC-Y230-X739","properties":{"id":"AC-Y230-X739","grid_x":739,"grid_y":230,"centroid":[-68.3739796,-10.5991375],"aggregation":"none","score_gradboost":0.45062,"score_random_forest":0.3483921,"score_logistic_regression":0.7448179,"score_fuzzy_knn_k29":0.2712197},"geometry":{"type":"Polygon","coordinates":[[[-68.3780555,-10.6018503],[-68.3698926,-10.6018341],[-68.3699037,-10.5964245],[-68.3780665,-10.5964408],[-68.3780555,-10.6018503]]]}},{"type":"Feature","id":"AC-Y231-X737","properties":{"id":"AC-Y231-X737","grid_x":737,"grid_y":231,"centroid":[-68.390316,-10.5937599],"aggregation":"none","score_gradboost":0.5064448,"score_random_forest":0.3460111,"score_logistic_regression":0.6953601,"score_fuzzy_knn_k29":0.3612563},"geometry":{"type":"Polygon","coordinates":[[[-68.3943921,-10.5964726],[-68.3862293,-10.5964568],[-68.38624,-10.5910472],[-68.3944027,-10.591063],[-68.3943921,-10.5964726]]]}},{"type":"Feature","id":"AC-Y231-X738","properties":{"id":"AC-Y231-X738","grid_x":738,"grid_y":231,"centroid":[-68.3821533,-10.593744],"aggregation":"none","score_gradboost":0.536385,"score_random_forest":0.4059483,"score_logistic_regression":0.7032558,"score_fuzzy_knn_k29":0.3595131},"geometry":{"type":"Polygon","coordinates":[[[-68.3862293,-10.5964568],[-68.3780665,-10.5964408],[-68.3780774,-10.5910312],[-68.38624,-10.5910472],[-68.3862293,-10.5964568]]]}},{"type":"Feature","id":"AC-Y231-X739","properties":{"id":"AC-Y231-X739","grid_x":739,"grid_y":231,"centroid":[-68.3739905,-10.5937279],"aggregation":"none","score_gradboost":0.3417941,"score_random_forest":0.3561232,"score_logistic_regression":0.7212703,"score_fuzzy_knn_k29":0.4070206},"geometry":{"type":"Polygon","coordinates":[[[-68.3780665,-10.5964408],[-68.3699037,-10.5964245],[-68.3699147,-10.591015],[-68.3780774,-10.5910312],[-68.3780665,-10.5964408]]]}},{"type":"Feature","id":"AC-Y232-X737","properties":{"id":"AC-Y232-X737","grid_x":737,"grid_y":232,"centroid":[-68.3903267,-10.5883503],"aggregation":"none","score_gradboost":0.4055594,"score_random_forest":0.4187641,"score_logistic_regression":0.6833677,"score_fuzzy_knn_k29":0.4670849},"geometry":{"type":"Polygon","coordinates":[[[-68.3944027,-10.591063],[-68.38624,-10.5910472],[-68.3862508,-10.5856376],[-68.3944133,-10.5856534],[-68.3944027,-10.591063]]]}},{"type":"Feature","id":"AC-Y232-X738","properties":{"id":"AC-Y232-X738","grid_x":738,"grid_y":232,"centroid":[-68.3821641,-10.5883344],"aggregation":"none","score_gradboost":0.3700335,"score_random_forest":0.4569508,"score_logistic_regression":0.6702977,"score_fuzzy_knn_k29":0.4724423},"geometry":{"type":"Polygon","coordinates":[[[-68.38624,-10.5910472],[-68.3780774,-10.5910312],[-68.3780883,-10.5856216],[-68.3862508,-10.5856376],[-68.38624,-10.5910472]]]}},{"type":"Feature","id":"AC-Y226-X745","properties":{"id":"AC-Y226-X745","grid_x":745,"grid_y":226,"centroid":[-68.3249551,-10.6206743],"aggregation":"none","score_gradboost":0.128648,"score_random_forest":0.1893795,"score_logistic_regression":0.7660752,"score_fuzzy_knn_k29":0.4761735},"geometry":{"type":"Polygon","coordinates":[[[-68.3290309,-10.6233878],[-68.3208675,-10.6233702],[-68.3208794,-10.6179607],[-68.3290427,-10.6179783],[-68.3290309,-10.6233878]]]}},{"type":"Feature","id":"AC-Y227-X745","properties":{"id":"AC-Y227-X745","grid_x":745,"grid_y":227,"centroid":[-68.324967,-10.6152648],"aggregation":"none","score_gradboost":0.128648,"score_random_forest":0.1860505,"score_logistic_regression":0.7738935,"score_fuzzy_knn_k29":0.5129122},"geometry":{"type":"Polygon","coordinates":[[[-68.3290427,-10.6179783],[-68.3208794,-10.6179607],[-68.3208913,-10.6125512],[-68.3290545,-10.6125688],[-68.3290427,-10.6179783]]]}},{"type":"Feature","id":"AC-Y227-X749","properties":{"id":"AC-Y227-X749","grid_x":749,"grid_y":227,"centroid":[-68.2923142,-10.615193],"aggregation":"none","score_gradboost":0.3555617,"score_random_forest":0.5479891,"score_logistic_regression":0.7914101,"score_fuzzy_knn_k29":0.6764989},"geometry":{"type":"Polygon","coordinates":[[[-68.2963896,-10.6179069],[-68.2882264,-10.6178885],[-68.2882389,-10.612479],[-68.296402,-10.6124974],[-68.2963896,-10.6179069]]]}},{"type":"Feature","id":"AC-Y228-X745","properties":{"id":"AC-Y228-X745","grid_x":745,"grid_y":228,"centroid":[-68.3249788,-10.6098553],"aggregation":"none","score_gradboost":0.128648,"score_random_forest":0.1674368,"score_logistic_regression":0.7543377,"score_fuzzy_knn_k29":0.3997184},"geometry":{"type":"Polygon","coordinates":[[[-68.3290545,-10.6125688],[-68.3208913,-10.6125512],[-68.3209033,-10.6071417],[-68.3290663,-10.6071593],[-68.3290545,-10.6125688]]]}},{"type":"Feature","id":"AC-Y228-X748","properties":{"id":"AC-Y228-X748","grid_x":748,"grid_y":228,"centroid":[-68.3004897,-10.6098018],"aggregation":"none","score_gradboost":0.4441012,"score_random_forest":0.2627584,"score_logistic_regression":0.7582797,"score_fuzzy_knn_k29":0.3772674},"geometry":{"type":"Polygon","coordinates":[[[-68.3045651,-10.6125156],[-68.296402,-10.6124974],[-68.2964143,-10.6070879],[-68.3045773,-10.6071061],[-68.3045651,-10.6125156]]]}},{"type":"Feature","id":"AC-Y228-X750","properties":{"id":"AC-Y228-X750","grid_x":750,"grid_y":228,"centroid":[-68.2841636,-10.609765],"aggregation":"none","score_gradboost":0.6734812,"score_random_forest":0.6293063,"score_logistic_regression":0.7913928,"score_fuzzy_knn_k29":0.6494983},"geometry":{"type":"Polygon","coordinates":[[[-68.2882389,-10.612479],[-68.2800758,-10.6124605],[-68.2800885,-10.607051],[-68.2882514,-10.6070696],[-68.2882389,-10.612479]]]}},{"type":"Feature","id":"AC-Y228-X751","properties":{"id":"AC-Y228-X751","grid_x":751,"grid_y":228,"centroid":[-68.2760006,-10.6097464],"aggregation":"none","score_gradboost":0.6439769,"score_random_forest":0.6222402,"score_logistic_regression":0.7832516,"score_fuzzy_knn_k29":0.5363612},"geometry":{"type":"Polygon","coordinates":[[[-68.2800758,-10.6124605],[-68.2719128,-10.6124417],[-68.2719255,-10.6070322],[-68.2800885,-10.607051],[-68.2800758,-10.6124605]]]}},{"type":"Feature","id":"AC-Y229-X744","properties":{"id":"AC-Y229-X744","grid_x":744,"grid_y":229,"centroid":[-68.3331536,-10.6044632],"aggregation":"none","score_gradboost":0.1367768,"score_random_forest":0.1660427,"score_logistic_regression":0.7467628,"score_fuzzy_knn_k29":0.3497632},"geometry":{"type":"Polygon","coordinates":[[[-68.3372293,-10.6071766],[-68.3290663,-10.6071593],[-68.3290781,-10.6017497],[-68.3372409,-10.601767],[-68.3372293,-10.6071766]]]}},{"type":"Feature","id":"AC-Y229-X745","properties":{"id":"AC-Y229-X745","grid_x":745,"grid_y":229,"centroid":[-68.3249907,-10.6044458],"aggregation":"none","score_gradboost":0.1383706,"score_random_forest":0.1785226,"score_logistic_regression":0.7592692,"score_fuzzy_knn_k29":0.3957671},"geometry":{"type":"Polygon","coordinates":[[[-68.3290663,-10.6071593],[-68.3209033,-10.6071417],[-68.3209152,-10.6017322],[-68.3290781,-10.6017497],[-68.3290663,-10.6071593]]]}},{"type":"Feature","id":"AC-Y229-X746","properties":{"id":"AC-Y229-X746","grid_x":746,"grid_y":229,"centroid":[-68.3168278,-10.6044282],"aggregation":"none","score_gradboost":0.2095226,"score_random_forest":0.1835021,"score_logistic_regression":0.7522268,"score_fuzzy_knn_k29":0.3903642},"geometry":{"type":"Polygon","coordinates":[[[-68.3209033,-10.6071417],[-68.3127403,-10.607124],[-68.3127524,-10.6017145],[-68.3209152,-10.6017322],[-68.3209033,-10.6071417]]]}},{"type":"Feature","id":"AC-Y229-X749","properties":{"id":"AC-Y229-X749","grid_x":749,"grid_y":229,"centroid":[-68.2923391,-10.604374],"aggregation":"none","score_gradboost":0.4719263,"score_random_forest":0.5528083,"score_logistic_regression":0.7680594,"score_fuzzy_knn_k29":0.4436216},"geometry":{"type":"Polygon","coordinates":[[[-68.2964143,-10.6070879],[-68.2882514,-10.6070696],[-68.2882639,-10.6016601],[-68.2964267,-10.6016785],[-68.2964143,-10.6070879]]]}},{"type":"Feature","id":"AC-Y229-X750","properties":{"id":"AC-Y229-X750","grid_x":750,"grid_y":229,"centroid":[-68.2841762,-10.6043556],"aggregation":"none","score_gradboost":0.8683096,"score_random_forest":0.7769618,"score_logistic_regression":0.7769041,"score_fuzzy_knn_k29":0.4459759},"geometry":{"type":"Polygon","coordinates":[[[-68.2882514,-10.6070696],[-68.2800885,-10.607051],[-68.2801011,-10.6016415],[-68.2882639,-10.6016601],[-68.2882514,-10.6070696]]]}},{"type":"Feature","id":"AC-Y229-X751","properties":{"id":"AC-Y229-X751","grid_x":751,"grid_y":229,"centroid":[-68.2760134,-10.6043369],"aggregation":"none","score_gradboost":0.824108,"score_random_forest":0.7409449,"score_logistic_regression":0.7785436,"score_fuzzy_knn_k29":0.4420584},"geometry":{"type":"Polygon","coordinates":[[[-68.2800885,-10.607051],[-68.2719255,-10.6070322],[-68.2719383,-10.6016228],[-68.2801011,-10.6016415],[-68.2800885,-10.607051]]]}},{"type":"Feature","id":"AC-Y230-X744","properties":{"id":"AC-Y230-X744","grid_x":744,"grid_y":230,"centroid":[-68.3331654,-10.5990537],"aggregation":"none","score_gradboost":0.1391244,"score_random_forest":0.2681783,"score_logistic_regression":0.7217509,"score_fuzzy_knn_k29":0.2027626},"geometry":{"type":"Polygon","coordinates":[[[-68.3372409,-10.601767],[-68.3290781,-10.6017497],[-68.3290898,-10.5963402],[-68.3372526,-10.5963575],[-68.3372409,-10.601767]]]}},{"type":"Feature","id":"AC-Y230-X745","properties":{"id":"AC-Y230-X745","grid_x":745,"grid_y":230,"centroid":[-68.3250026,-10.5990363],"aggregation":"none","score_gradboost":0.3740068,"score_random_forest":0.2735452,"score_logistic_regression":0.7386288,"score_fuzzy_knn_k29":0.2729482},"geometry":{"type":"Polygon","coordinates":[[[-68.3290781,-10.6017497],[-68.3209152,-10.6017322],[-68.3209271,-10.5963227],[-68.3290898,-10.5963402],[-68.3290781,-10.6017497]]]}},{"type":"Feature","id":"AC-Y230-X746","properties":{"id":"AC-Y230-X746","grid_x":746,"grid_y":230,"centroid":[-68.3168398,-10.5990187],"aggregation":"none","score_gradboost":0.1390554,"score_random_forest":0.1722067,"score_logistic_regression":0.7660473,"score_fuzzy_knn_k29":0.395464},"geometry":{"type":"Polygon","coordinates":[[[-68.3209152,-10.6017322],[-68.3127524,-10.6017145],[-68.3127644,-10.596305],[-68.3209271,-10.5963227],[-68.3209152,-10.6017322]]]}},{"type":"Feature","id":"AC-Y230-X747","properties":{"id":"AC-Y230-X747","grid_x":747,"grid_y":230,"centroid":[-68.308677,-10.5990008],"aggregation":"none","score_gradboost":0.1181166,"score_random_forest":0.1502408,"score_logistic_regression":0.7938396,"score_fuzzy_knn_k29":0.5905149},"geometry":{"type":"Polygon","coordinates":[[[-68.3127524,-10.6017145],[-68.3045895,-10.6016966],[-68.3046017,-10.5962871],[-68.3127644,-10.596305],[-68.3127524,-10.6017145]]]}},{"type":"Feature","id":"AC-Y230-X748","properties":{"id":"AC-Y230-X748","grid_x":748,"grid_y":230,"centroid":[-68.3005142,-10.5989828],"aggregation":"none","score_gradboost":0.2515748,"score_random_forest":0.2113001,"score_logistic_regression":0.7595724,"score_fuzzy_knn_k29":0.4145344},"geometry":{"type":"Polygon","coordinates":[[[-68.3045895,-10.6016966],[-68.2964267,-10.6016785],[-68.2964391,-10.596269],[-68.3046017,-10.5962871],[-68.3045895,-10.6016966]]]}},{"type":"Feature","id":"AC-Y230-X749","properties":{"id":"AC-Y230-X749","grid_x":749,"grid_y":230,"centroid":[-68.2923515,-10.5989646],"aggregation":"none","score_gradboost":0.6153311,"score_random_forest":0.591861,"score_logistic_regression":0.7717354,"score_fuzzy_knn_k29":0.4115986},"geometry":{"type":"Polygon","coordinates":[[[-68.2964267,-10.6016785],[-68.2882639,-10.6016601],[-68.2882764,-10.5962506],[-68.2964391,-10.596269],[-68.2964267,-10.6016785]]]}},{"type":"Feature","id":"AC-Y230-X750","properties":{"id":"AC-Y230-X750","grid_x":750,"grid_y":230,"centroid":[-68.2841888,-10.5989461],"aggregation":"none","score_gradboost":0.8867132,"score_random_forest":0.7937359,"score_logistic_regression":0.7797548,"score_fuzzy_knn_k29":0.2663878},"geometry":{"type":"Polygon","coordinates":[[[-68.2882639,-10.6016601],[-68.2801011,-10.6016415],[-68.2801137,-10.5962321],[-68.2882764,-10.5962506],[-68.2882639,-10.6016601]]]}},{"type":"Feature","id":"AC-Y230-X751","properties":{"id":"AC-Y230-X751","grid_x":751,"grid_y":230,"centroid":[-68.2760261,-10.5989274],"aggregation":"none","score_gradboost":0.8327263,"score_random_forest":0.7882559,"score_logistic_regression":0.7904681,"score_fuzzy_knn_k29":0.5431745},"geometry":{"type":"Polygon","coordinates":[[[-68.2801011,-10.6016415],[-68.2719383,-10.6016228],[-68.2719511,-10.5962133],[-68.2801137,-10.5962321],[-68.2801011,-10.6016415]]]}},{"type":"Feature","id":"AC-Y230-X753","properties":{"id":"AC-Y230-X753","grid_x":753,"grid_y":230,"centroid":[-68.2597007,-10.5988895],"aggregation":"none","score_gradboost":0.5864769,"score_random_forest":0.6614608,"score_logistic_regression":0.7714949,"score_fuzzy_knn_k29":0.4351668},"geometry":{"type":"Polygon","coordinates":[[[-68.2637756,-10.6016038],[-68.2556128,-10.6015846],[-68.2556259,-10.5961751],[-68.2637885,-10.5961943],[-68.2637756,-10.6016038]]]}},{"type":"Feature","id":"AC-Y231-X744","properties":{"id":"AC-Y231-X744","grid_x":744,"grid_y":231,"centroid":[-68.3331771,-10.5936441],"aggregation":"none","score_gradboost":0.4064103,"score_random_forest":0.3370558,"score_logistic_regression":0.6992844,"score_fuzzy_knn_k29":0.3843296},"geometry":{"type":"Polygon","coordinates":[[[-68.3372526,-10.5963575],[-68.3290898,-10.5963402],[-68.3291016,-10.5909307],[-68.3372642,-10.590948],[-68.3372526,-10.5963575]]]}},{"type":"Feature","id":"AC-Y231-X745","properties":{"id":"AC-Y231-X745","grid_x":745,"grid_y":231,"centroid":[-68.3250144,-10.5936267],"aggregation":"none","score_gradboost":0.3624968,"score_random_forest":0.3464828,"score_logistic_regression":0.7382509,"score_fuzzy_knn_k29":0.3446467},"geometry":{"type":"Polygon","coordinates":[[[-68.3290898,-10.5963402],[-68.3209271,-10.5963227],[-68.320939,-10.5909132],[-68.3291016,-10.5909307],[-68.3290898,-10.5963402]]]}},{"type":"Feature","id":"AC-Y231-X746","properties":{"id":"AC-Y231-X746","grid_x":746,"grid_y":231,"centroid":[-68.3168518,-10.5936091],"aggregation":"none","score_gradboost":0.1787293,"score_random_forest":0.2636576,"score_logistic_regression":0.7468031,"score_fuzzy_knn_k29":0.2911315},"geometry":{"type":"Polygon","coordinates":[[[-68.3209271,-10.5963227],[-68.3127644,-10.596305],[-68.3127765,-10.5908955],[-68.320939,-10.5909132],[-68.3209271,-10.5963227]]]}},{"type":"Feature","id":"AC-Y231-X748","properties":{"id":"AC-Y231-X748","grid_x":748,"grid_y":231,"centroid":[-68.3005265,-10.5935733],"aggregation":"none","score_gradboost":0.3402171,"score_random_forest":0.2292393,"score_logistic_regression":0.7522458,"score_fuzzy_knn_k29":0.230086},"geometry":{"type":"Polygon","coordinates":[[[-68.3046017,-10.5962871],[-68.2964391,-10.596269],[-68.2964514,-10.5908595],[-68.3046139,-10.5908776],[-68.3046017,-10.5962871]]]}},{"type":"Feature","id":"AC-Y231-X749","properties":{"id":"AC-Y231-X749","grid_x":749,"grid_y":231,"centroid":[-68.2923639,-10.5935551],"aggregation":"none","score_gradboost":0.3796945,"score_random_forest":0.438173,"score_logistic_regression":0.7343775,"score_fuzzy_knn_k29":0.3043171},"geometry":{"type":"Polygon","coordinates":[[[-68.2964391,-10.596269],[-68.2882764,-10.5962506],[-68.2882889,-10.5908412],[-68.2964514,-10.5908595],[-68.2964391,-10.596269]]]}},{"type":"Feature","id":"AC-Y231-X750","properties":{"id":"AC-Y231-X750","grid_x":750,"grid_y":231,"centroid":[-68.2842013,-10.5935366],"aggregation":"none","score_gradboost":0.8697965,"score_random_forest":0.7000466,"score_logistic_regression":0.7712857,"score_fuzzy_knn_k29":0.278931},"geometry":{"type":"Polygon","coordinates":[[[-68.2882764,-10.5962506],[-68.2801137,-10.5962321],[-68.2801264,-10.5908226],[-68.2882889,-10.5908412],[-68.2882764,-10.5962506]]]}},{"type":"Feature","id":"AC-Y231-X751","properties":{"id":"AC-Y231-X751","grid_x":751,"grid_y":231,"centroid":[-68.2760388,-10.593518],"aggregation":"none","score_gradboost":0.7711967,"score_random_forest":0.6836159,"score_logistic_regression":0.7676649,"score_fuzzy_knn_k29":0.3158457},"geometry":{"type":"Polygon","coordinates":[[[-68.2801137,-10.5962321],[-68.2719511,-10.5962133],[-68.2719639,-10.5908039],[-68.2801264,-10.5908226],[-68.2801137,-10.5962321]]]}},{"type":"Feature","id":"AC-Y231-X752","properties":{"id":"AC-Y231-X752","grid_x":752,"grid_y":231,"centroid":[-68.2678762,-10.5934991],"aggregation":"none","score_gradboost":0.6105919,"score_random_forest":0.6571945,"score_logistic_regression":0.8038882,"score_fuzzy_knn_k29":0.7897835},"geometry":{"type":"Polygon","coordinates":[[[-68.2719511,-10.5962133],[-68.2637885,-10.5961943],[-68.2638014,-10.5907849],[-68.2719639,-10.5908039],[-68.2719511,-10.5962133]]]}},{"type":"Feature","id":"AC-Y231-X755","properties":{"id":"AC-Y231-X755","grid_x":755,"grid_y":231,"centroid":[-68.2433887,-10.5934413],"aggregation":"none","score_gradboost":0.5512688,"score_random_forest":0.6550705,"score_logistic_regression":0.7837852,"score_fuzzy_knn_k29":0.5083323},"geometry":{"type":"Polygon","coordinates":[[[-68.2474633,-10.5961557],[-68.2393007,-10.5961361],[-68.2393141,-10.5907267],[-68.2474765,-10.5907463],[-68.2474633,-10.5961557]]]}},{"type":"Feature","id":"AC-Y232-X744","properties":{"id":"AC-Y232-X744","grid_x":744,"grid_y":232,"centroid":[-68.3331888,-10.5882346],"aggregation":"none","score_gradboost":0.3006338,"score_random_forest":0.3471796,"score_logistic_regression":0.6965657,"score_fuzzy_knn_k29":0.5576214},"geometry":{"type":"Polygon","coordinates":[[[-68.3372642,-10.590948],[-68.3291016,-10.5909307],[-68.3291134,-10.5855212],[-68.3372758,-10.5855385],[-68.3372642,-10.590948]]]}},{"type":"Feature","id":"AC-Y232-X748","properties":{"id":"AC-Y232-X748","grid_x":748,"grid_y":232,"centroid":[-68.3005388,-10.5881638],"aggregation":"none","score_gradboost":0.4136137,"score_random_forest":0.3298679,"score_logistic_regression":0.7331167,"score_fuzzy_knn_k29":0.2346459},"geometry":{"type":"Polygon","coordinates":[[[-68.3046139,-10.5908776],[-68.2964514,-10.5908595],[-68.2964637,-10.58545],[-68.3046261,-10.5854681],[-68.3046139,-10.5908776]]]}},{"type":"Feature","id":"AC-Y232-X749","properties":{"id":"AC-Y232-X749","grid_x":749,"grid_y":232,"centroid":[-68.2923763,-10.5881456],"aggregation":"none","score_gradboost":0.560257,"score_random_forest":0.4732052,"score_logistic_regression":0.7292485,"score_fuzzy_knn_k29":0.3638248},"geometry":{"type":"Polygon","coordinates":[[[-68.2964514,-10.5908595],[-68.2882889,-10.5908412],[-68.2883014,-10.5854317],[-68.2964637,-10.58545],[-68.2964514,-10.5908595]]]}},{"type":"Feature","id":"AC-Y232-X750","properties":{"id":"AC-Y232-X750","grid_x":750,"grid_y":232,"centroid":[-68.2842139,-10.5881272],"aggregation":"none","score_gradboost":0.6764828,"score_random_forest":0.6993322,"score_logistic_regression":0.7501396,"score_fuzzy_knn_k29":0.205413},"geometry":{"type":"Polygon","coordinates":[[[-68.2882889,-10.5908412],[-68.2801264,-10.5908226],[-68.280139,-10.5854131],[-68.2883014,-10.5854317],[-68.2882889,-10.5908412]]]}},{"type":"Feature","id":"AC-Y232-X751","properties":{"id":"AC-Y232-X751","grid_x":751,"grid_y":232,"centroid":[-68.2760515,-10.5881085],"aggregation":"none","score_gradboost":0.9068584,"score_random_forest":0.8376011,"score_logistic_regression":0.7903726,"score_fuzzy_knn_k29":0.4627429},"geometry":{"type":"Polygon","coordinates":[[[-68.2801264,-10.5908226],[-68.2719639,-10.5908039],[-68.2719767,-10.5853944],[-68.280139,-10.5854131],[-68.2801264,-10.5908226]]]}},{"type":"Feature","id":"AC-Y232-X752","properties":{"id":"AC-Y232-X752","grid_x":752,"grid_y":232,"centroid":[-68.2678891,-10.5880897],"aggregation":"none","score_gradboost":0.6539698,"score_random_forest":0.616028,"score_logistic_regression":0.7930713,"score_fuzzy_knn_k29":0.6194156},"geometry":{"type":"Polygon","coordinates":[[[-68.2719639,-10.5908039],[-68.2638014,-10.5907849],[-68.2638143,-10.5853754],[-68.2719767,-10.5853944],[-68.2719639,-10.5908039]]]}},{"type":"Feature","id":"AC-Y232-X755","properties":{"id":"AC-Y232-X755","grid_x":755,"grid_y":232,"centroid":[-68.2434019,-10.5880318],"aggregation":"none","score_gradboost":0.5863596,"score_random_forest":0.5888302,"score_logistic_regression":0.7846753,"score_fuzzy_knn_k29":0.5406028},"geometry":{"type":"Polygon","coordinates":[[[-68.2474765,-10.5907463],[-68.2393141,-10.5907267],[-68.2393274,-10.5853173],[-68.2474897,-10.5853369],[-68.2474765,-10.5907463]]]}},{"type":"Feature","id":"AC-Y225-X742","properties":{"id":"AC-Y225-X742","grid_x":742,"grid_y":225,"centroid":[-68.3494338,-10.6261355],"aggregation":"none","score_gradboost":0.1913194,"score_random_forest":0.2203945,"score_logistic_regression":0.8100349,"score_fuzzy_knn_k29":0.6096143},"geometry":{"type":"Polygon","coordinates":[[[-68.3535099,-10.6288487],[-68.3453463,-10.6288318],[-68.3453578,-10.6234222],[-68.3535213,-10.6234391],[-68.3535099,-10.6288487]]]}},{"type":"Feature","id":"AC-Y226-X741","properties":{"id":"AC-Y226-X741","grid_x":741,"grid_y":226,"centroid":[-68.3576087,-10.6207427],"aggregation":"none","score_gradboost":0.1923014,"score_random_forest":0.1842706,"score_logistic_regression":0.7848897,"score_fuzzy_knn_k29":0.6079612},"geometry":{"type":"Polygon","coordinates":[[[-68.3616848,-10.6234558],[-68.3535213,-10.6234391],[-68.3535327,-10.6180296],[-68.361696,-10.6180463],[-68.3616848,-10.6234558]]]}},{"type":"Feature","id":"AC-Y226-X742","properties":{"id":"AC-Y226-X742","grid_x":742,"grid_y":226,"centroid":[-68.3494453,-10.6207259],"aggregation":"none","score_gradboost":0.4350055,"score_random_forest":0.2399378,"score_logistic_regression":0.7495735,"score_fuzzy_knn_k29":0.333861},"geometry":{"type":"Polygon","coordinates":[[[-68.3535213,-10.6234391],[-68.3453578,-10.6234222],[-68.3453693,-10.6180127],[-68.3535327,-10.6180296],[-68.3535213,-10.6234391]]]}},{"type":"Feature","id":"AC-Y227-X742","properties":{"id":"AC-Y227-X742","grid_x":742,"grid_y":227,"centroid":[-68.3494567,-10.6153164],"aggregation":"none","score_gradboost":0.196957,"score_random_forest":0.2092451,"score_logistic_regression":0.7545107,"score_fuzzy_knn_k29":0.3377224},"geometry":{"type":"Polygon","coordinates":[[[-68.3535327,-10.6180296],[-68.3453693,-10.6180127],[-68.3453808,-10.6126032],[-68.353544,-10.6126201],[-68.3535327,-10.6180296]]]}},{"type":"Feature","id":"AC-Y227-X743","properties":{"id":"AC-Y227-X743","grid_x":743,"grid_y":227,"centroid":[-68.3412935,-10.6152994],"aggregation":"none","score_gradboost":0.1181166,"score_random_forest":0.1518694,"score_logistic_regression":0.7862091,"score_fuzzy_knn_k29":0.5717006},"geometry":{"type":"Polygon","coordinates":[[[-68.3453693,-10.6180127],[-68.337206,-10.6179956],[-68.3372177,-10.6125861],[-68.3453808,-10.6126032],[-68.3453693,-10.6180127]]]}},{"type":"Feature","id":"AC-Y228-X741","properties":{"id":"AC-Y228-X741","grid_x":741,"grid_y":228,"centroid":[-68.3576313,-10.6099237],"aggregation":"none","score_gradboost":0.1181166,"score_random_forest":0.1569004,"score_logistic_regression":0.8006648,"score_fuzzy_knn_k29":0.5829126},"geometry":{"type":"Polygon","coordinates":[[[-68.3617072,-10.6126367],[-68.353544,-10.6126201],[-68.3535554,-10.6072105],[-68.3617184,-10.6072272],[-68.3617072,-10.6126367]]]}},{"type":"Feature","id":"AC-Y228-X742","properties":{"id":"AC-Y228-X742","grid_x":742,"grid_y":228,"centroid":[-68.3494681,-10.6099069],"aggregation":"none","score_gradboost":0.2027776,"score_random_forest":0.2015438,"score_logistic_regression":0.7395514,"score_fuzzy_knn_k29":0.2639541},"geometry":{"type":"Polygon","coordinates":[[[-68.353544,-10.6126201],[-68.3453808,-10.6126032],[-68.3453923,-10.6071936],[-68.3535554,-10.6072105],[-68.353544,-10.6126201]]]}},{"type":"Feature","id":"AC-Y228-X743","properties":{"id":"AC-Y228-X743","grid_x":743,"grid_y":228,"centroid":[-68.341305,-10.6098899],"aggregation":"none","score_gradboost":0.2042248,"score_random_forest":0.1733183,"score_logistic_regression":0.7613234,"score_fuzzy_knn_k29":0.4323766},"geometry":{"type":"Polygon","coordinates":[[[-68.3453808,-10.6126032],[-68.3372177,-10.6125861],[-68.3372293,-10.6071766],[-68.3453923,-10.6071936],[-68.3453808,-10.6126032]]]}},{"type":"Feature","id":"AC-Y228-X744","properties":{"id":"AC-Y228-X744","grid_x":744,"grid_y":228,"centroid":[-68.3331419,-10.6098727],"aggregation":"none","score_gradboost":0.1193114,"score_random_forest":0.1574269,"score_logistic_regression":0.7503545,"score_fuzzy_knn_k29":0.3987422},"geometry":{"type":"Polygon","coordinates":[[[-68.3372177,-10.6125861],[-68.3290545,-10.6125688],[-68.3290663,-10.6071593],[-68.3372293,-10.6071766],[-68.3372177,-10.6125861]]]}},{"type":"Feature","id":"AC-Y229-X741","properties":{"id":"AC-Y229-X741","grid_x":741,"grid_y":229,"centroid":[-68.3576426,-10.6045141],"aggregation":"none","score_gradboost":0.1519905,"score_random_forest":0.1878074,"score_logistic_regression":0.7505878,"score_fuzzy_knn_k29":0.3218187},"geometry":{"type":"Polygon","coordinates":[[[-68.3617184,-10.6072272],[-68.3535554,-10.6072105],[-68.3535667,-10.601801],[-68.3617297,-10.6018176],[-68.3617184,-10.6072272]]]}},{"type":"Feature","id":"AC-Y229-X742","properties":{"id":"AC-Y229-X742","grid_x":742,"grid_y":229,"centroid":[-68.3494796,-10.6044973],"aggregation":"none","score_gradboost":0.135152,"score_random_forest":0.1417253,"score_logistic_regression":0.7808255,"score_fuzzy_knn_k29":0.3885495},"geometry":{"type":"Polygon","coordinates":[[[-68.3535554,-10.6072105],[-68.3453923,-10.6071936],[-68.3454038,-10.6017841],[-68.3535667,-10.601801],[-68.3535554,-10.6072105]]]}},{"type":"Feature","id":"AC-Y229-X743","properties":{"id":"AC-Y229-X743","grid_x":743,"grid_y":229,"centroid":[-68.3413166,-10.6044804],"aggregation":"none","score_gradboost":0.1488927,"score_random_forest":0.1757588,"score_logistic_regression":0.7352424,"score_fuzzy_knn_k29":0.133624},"geometry":{"type":"Polygon","coordinates":[[[-68.3453923,-10.6071936],[-68.3372293,-10.6071766],[-68.3372409,-10.601767],[-68.3454038,-10.6017841],[-68.3453923,-10.6071936]]]}},{"type":"Feature","id":"AC-Y230-X741","properties":{"id":"AC-Y230-X741","grid_x":741,"grid_y":230,"centroid":[-68.3576538,-10.5991046],"aggregation":"none","score_gradboost":0.2592598,"score_random_forest":0.2887604,"score_logistic_regression":0.6969898,"score_fuzzy_knn_k29":0.3565216},"geometry":{"type":"Polygon","coordinates":[[[-68.3617297,-10.6018176],[-68.3535667,-10.601801],[-68.3535781,-10.5963914],[-68.3617409,-10.5964081],[-68.3617297,-10.6018176]]]}},{"type":"Feature","id":"AC-Y230-X742","properties":{"id":"AC-Y230-X742","grid_x":742,"grid_y":230,"centroid":[-68.349491,-10.5990878],"aggregation":"none","score_gradboost":0.4894306,"score_random_forest":0.4472707,"score_logistic_regression":0.8009361,"score_fuzzy_knn_k29":0.767884},"geometry":{"type":"Polygon","coordinates":[[[-68.3535667,-10.601801],[-68.3454038,-10.6017841],[-68.3454153,-10.5963746],[-68.3535781,-10.5963914],[-68.3535667,-10.601801]]]}},{"type":"Feature","id":"AC-Y230-X743","properties":{"id":"AC-Y230-X743","grid_x":743,"grid_y":230,"centroid":[-68.3413282,-10.5990708],"aggregation":"none","score_gradboost":0.2496501,"score_random_forest":0.2677593,"score_logistic_regression":0.7239561,"score_fuzzy_knn_k29":0.2267537},"geometry":{"type":"Polygon","coordinates":[[[-68.3454038,-10.6017841],[-68.3372409,-10.601767],[-68.3372526,-10.5963575],[-68.3454153,-10.5963746],[-68.3454038,-10.6017841]]]}},{"type":"Feature","id":"AC-Y231-X740","properties":{"id":"AC-Y231-X740","grid_x":740,"grid_y":231,"centroid":[-68.3658278,-10.5937116],"aggregation":"none","score_gradboost":0.3008085,"score_random_forest":0.3516204,"score_logistic_regression":0.736657,"score_fuzzy_knn_k29":0.4625263},"geometry":{"type":"Polygon","coordinates":[[[-68.3699036,-10.5964245],[-68.3617409,-10.5964081],[-68.3617521,-10.5909985],[-68.3699147,-10.591015],[-68.3699036,-10.5964245]]]}},{"type":"Feature","id":"AC-Y231-X741","properties":{"id":"AC-Y231-X741","grid_x":741,"grid_y":231,"centroid":[-68.3576651,-10.593695],"aggregation":"none","score_gradboost":0.5059198,"score_random_forest":0.43142,"score_logistic_regression":0.6767431,"score_fuzzy_knn_k29":0.3496381},"geometry":{"type":"Polygon","coordinates":[[[-68.3617409,-10.5964081],[-68.3535781,-10.5963914],[-68.3535894,-10.5909819],[-68.3617521,-10.5909985],[-68.3617409,-10.5964081]]]}},{"type":"Feature","id":"AC-Y231-X742","properties":{"id":"AC-Y231-X742","grid_x":742,"grid_y":231,"centroid":[-68.3495024,-10.5936783],"aggregation":"none","score_gradboost":0.3335226,"score_random_forest":0.3892962,"score_logistic_regression":0.6999551,"score_fuzzy_knn_k29":0.42877},"geometry":{"type":"Polygon","coordinates":[[[-68.3535781,-10.5963914],[-68.3454153,-10.5963746],[-68.3454268,-10.590965],[-68.3535894,-10.5909819],[-68.3535781,-10.5963914]]]}},{"type":"Feature","id":"AC-Y231-X743","properties":{"id":"AC-Y231-X743","grid_x":743,"grid_y":231,"centroid":[-68.3413397,-10.5936613],"aggregation":"none","score_gradboost":0.3611153,"score_random_forest":0.3686847,"score_logistic_regression":0.688471,"score_fuzzy_knn_k29":0.4162102},"geometry":{"type":"Polygon","coordinates":[[[-68.3454153,-10.5963746],[-68.3372526,-10.5963575],[-68.3372642,-10.590948],[-68.3454268,-10.590965],[-68.3454153,-10.5963746]]]}},{"type":"Feature","id":"AC-Y231-X747","properties":{"id":"AC-Y231-X747","grid_x":747,"grid_y":231,"centroid":[-68.3086891,-10.5935913],"aggregation":"none","score_gradboost":0.1520391,"score_random_forest":0.1931928,"score_logistic_regression":0.763636,"score_fuzzy_knn_k29":0.3992996},"geometry":{"type":"Polygon","coordinates":[[[-68.3127644,-10.596305],[-68.3046017,-10.5962871],[-68.3046139,-10.5908776],[-68.3127765,-10.5908955],[-68.3127644,-10.596305]]]}},{"type":"Feature","id":"AC-Y232-X740","properties":{"id":"AC-Y232-X740","grid_x":740,"grid_y":232,"centroid":[-68.3658389,-10.588302],"aggregation":"none","score_gradboost":0.2948316,"score_random_forest":0.3791274,"score_logistic_regression":0.697434,"score_fuzzy_knn_k29":0.6716753},"geometry":{"type":"Polygon","coordinates":[[[-68.3699147,-10.591015],[-68.3617521,-10.5909985],[-68.3617633,-10.585589],[-68.3699258,-10.5856054],[-68.3699147,-10.591015]]]}},{"type":"Feature","id":"AC-Y232-X741","properties":{"id":"AC-Y232-X741","grid_x":741,"grid_y":232,"centroid":[-68.3576764,-10.5882855],"aggregation":"none","score_gradboost":0.2982243,"score_random_forest":0.3735103,"score_logistic_regression":0.6857647,"score_fuzzy_knn_k29":0.5936991},"geometry":{"type":"Polygon","coordinates":[[[-68.3617521,-10.5909985],[-68.3535894,-10.5909819],[-68.3536008,-10.5855723],[-68.3617633,-10.585589],[-68.3617521,-10.5909985]]]}},{"type":"Feature","id":"AC-Y232-X742","properties":{"id":"AC-Y232-X742","grid_x":742,"grid_y":232,"centroid":[-68.3495138,-10.5882687],"aggregation":"none","score_gradboost":0.2911694,"score_random_forest":0.311962,"score_logistic_regression":0.6840135,"score_fuzzy_knn_k29":0.6168754},"geometry":{"type":"Polygon","coordinates":[[[-68.3535894,-10.5909819],[-68.3454268,-10.590965],[-68.3454383,-10.5855555],[-68.3536008,-10.5855723],[-68.3535894,-10.5909819]]]}},{"type":"Feature","id":"AC-Y232-X743","properties":{"id":"AC-Y232-X743","grid_x":743,"grid_y":232,"centroid":[-68.3413513,-10.5882518],"aggregation":"none","score_gradboost":0.3005856,"score_random_forest":0.3295239,"score_logistic_regression":0.6850541,"score_fuzzy_knn_k29":0.5775918},"geometry":{"type":"Polygon","coordinates":[[[-68.3454268,-10.590965],[-68.3372642,-10.590948],[-68.3372758,-10.5855385],[-68.3454383,-10.5855555],[-68.3454268,-10.590965]]]}},{"type":"Feature","id":"AC-Y232-X745","properties":{"id":"AC-Y232-X745","grid_x":745,"grid_y":232,"centroid":[-68.3250262,-10.5882172],"aggregation":"none","score_gradboost":0.3074335,"score_random_forest":0.3625086,"score_logistic_regression":0.7053423,"score_fuzzy_knn_k29":0.5282995},"geometry":{"type":"Polygon","coordinates":[[[-68.3291016,-10.5909307],[-68.320939,-10.5909132],[-68.3209509,-10.5855037],[-68.3291134,-10.5855212],[-68.3291016,-10.5909307]]]}},{"type":"Feature","id":"AC-Y232-X746","properties":{"id":"AC-Y232-X746","grid_x":746,"grid_y":232,"centroid":[-68.3168637,-10.5881996],"aggregation":"none","score_gradboost":0.5094619,"score_random_forest":0.3848825,"score_logistic_regression":0.7071525,"score_fuzzy_knn_k29":0.3886334},"geometry":{"type":"Polygon","coordinates":[[[-68.320939,-10.5909132],[-68.3127765,-10.5908955],[-68.3127885,-10.585486],[-68.3209509,-10.5855037],[-68.320939,-10.5909132]]]}},{"type":"Feature","id":"AC-Y232-X747","properties":{"id":"AC-Y232-X747","grid_x":747,"grid_y":232,"centroid":[-68.3087013,-10.5881818],"aggregation":"none","score_gradboost":0.2394325,"score_random_forest":0.3003156,"score_logistic_regression":0.7302994,"score_fuzzy_knn_k29":0.2141391},"geometry":{"type":"Polygon","coordinates":[[[-68.3127765,-10.5908955],[-68.3046139,-10.5908776],[-68.3046261,-10.5854681],[-68.3127885,-10.585486],[-68.3127765,-10.5908955]]]}}]}