{"type":"FeatureCollection","features":[{"type":"Feature","id":"AC-Y485-X653","properties":{"id":"AC-Y485-X653","grid_x":653,"grid_y":485,"centroid":[-69.0757003,-9.2201722],"aggregation":"none","score_gradboost":0.0169637,"score_random_forest":0.0066213,"score_logistic_regression":0.427607,"score_fuzzy_knn_k29":0.0093701},"geometry":{"type":"Polygon","coordinates":[[[-69.0797655,-9.2228765],[-69.0716361,-9.2228782],[-69.071635,-9.2174678],[-69.0797643,-9.2174661],[-69.0797655,-9.2228765]]]}},{"type":"Feature","id":"AC-Y486-X653","properties":{"id":"AC-Y486-X653","grid_x":653,"grid_y":486,"centroid":[-69.0756991,-9.2147618],"aggregation":"none","score_gradboost":0.0276532,"score_random_forest":0.042765,"score_logistic_regression":0.426995,"score_fuzzy_knn_k29":0.031676},"geometry":{"type":"Polygon","coordinates":[[[-69.0797643,-9.2174661],[-69.071635,-9.2174678],[-69.071634,-9.2120575],[-69.0797631,-9.2120558],[-69.0797643,-9.2174661]]]}},{"type":"Feature","id":"AC-Y486-X654","properties":{"id":"AC-Y486-X654","grid_x":654,"grid_y":486,"centroid":[-69.0675699,-9.2147635],"aggregation":"none","score_gradboost":0.0700928,"score_random_forest":0.0635228,"score_logistic_regression":0.4229232,"score_fuzzy_knn_k29":0.0572089},"geometry":{"type":"Polygon","coordinates":[[[-69.071635,-9.2174678],[-69.0635058,-9.2174694],[-69.0635048,-9.212059],[-69.071634,-9.2120575],[-69.071635,-9.2174678]]]}},{"type":"Feature","id":"AC-Y487-X653","properties":{"id":"AC-Y487-X653","grid_x":653,"grid_y":487,"centroid":[-69.075698,-9.2093515],"aggregation":"none","score_gradboost":0.0967531,"score_random_forest":0.0658886,"score_logistic_regression":0.4028911,"score_fuzzy_knn_k29":0.0},"geometry":{"type":"Polygon","coordinates":[[[-69.0797631,-9.2120558],[-69.071634,-9.2120575],[-69.0716329,-9.2066472],[-69.0797619,-9.2066455],[-69.0797631,-9.2120558]]]}},{"type":"Feature","id":"AC-Y487-X654","properties":{"id":"AC-Y487-X654","grid_x":654,"grid_y":487,"centroid":[-69.0675689,-9.2093531],"aggregation":"none","score_gradboost":0.1854132,"score_random_forest":0.0788707,"score_logistic_regression":0.4460421,"score_fuzzy_knn_k29":0.1586551},"geometry":{"type":"Polygon","coordinates":[[[-69.071634,-9.2120575],[-69.0635048,-9.212059],[-69.0635039,-9.2066487],[-69.0716329,-9.2066472],[-69.071634,-9.2120575]]]}},{"type":"Feature","id":"AC-Y487-X655","properties":{"id":"AC-Y487-X655","grid_x":655,"grid_y":487,"centroid":[-69.0594398,-9.2093546],"aggregation":"none","score_gradboost":0.1854132,"score_random_forest":0.0701198,"score_logistic_regression":0.4475372,"score_fuzzy_knn_k29":0.165887},"geometry":{"type":"Polygon","coordinates":[[[-69.0635048,-9.212059],[-69.0553757,-9.2120604],[-69.0553748,-9.20665],[-69.0635039,-9.2066487],[-69.0635048,-9.212059]]]}},{"type":"Feature","id":"AC-Y488-X653","properties":{"id":"AC-Y488-X653","grid_x":653,"grid_y":488,"centroid":[-69.0756968,-9.2039412],"aggregation":"none","score_gradboost":0.1085463,"score_random_forest":0.0811798,"score_logistic_regression":0.4738553,"score_fuzzy_knn_k29":0.1733263},"geometry":{"type":"Polygon","coordinates":[[[-69.0797619,-9.2066455],[-69.0716329,-9.2066472],[-69.0716318,-9.2012368],[-69.0797607,-9.2012351],[-69.0797619,-9.2066455]]]}},{"type":"Feature","id":"AC-Y488-X654","properties":{"id":"AC-Y488-X654","grid_x":654,"grid_y":488,"centroid":[-69.0675678,-9.2039428],"aggregation":"none","score_gradboost":0.0932897,"score_random_forest":0.0777933,"score_logistic_regression":0.5178334,"score_fuzzy_knn_k29":0.2957085},"geometry":{"type":"Polygon","coordinates":[[[-69.0716329,-9.2066472],[-69.0635039,-9.2066487],[-69.0635029,-9.2012384],[-69.0716318,-9.2012368],[-69.0716329,-9.2066472]]]}},{"type":"Feature","id":"AC-Y488-X655","properties":{"id":"AC-Y488-X655","grid_x":655,"grid_y":488,"centroid":[-69.0594389,-9.2039442],"aggregation":"none","score_gradboost":0.0840075,"score_random_forest":0.0617192,"score_logistic_regression":0.4419861,"score_fuzzy_knn_k29":0.1738331},"geometry":{"type":"Polygon","coordinates":[[[-69.0635039,-9.2066487],[-69.0553748,-9.20665],[-69.055374,-9.2012397],[-69.0635029,-9.2012384],[-69.0635039,-9.2066487]]]}},{"type":"Feature","id":"AC-Y489-X653","properties":{"id":"AC-Y489-X653","grid_x":653,"grid_y":489,"centroid":[-69.0756957,-9.1985308],"aggregation":"none","score_gradboost":0.1214975,"score_random_forest":0.08586,"score_logistic_regression":0.4733268,"score_fuzzy_knn_k29":0.2902287},"geometry":{"type":"Polygon","coordinates":[[[-69.0797607,-9.2012351],[-69.0716318,-9.2012368],[-69.0716307,-9.1958265],[-69.0797595,-9.1958248],[-69.0797607,-9.2012351]]]}},{"type":"Feature","id":"AC-Y489-X654","properties":{"id":"AC-Y489-X654","grid_x":654,"grid_y":489,"centroid":[-69.0675668,-9.1985325],"aggregation":"none","score_gradboost":0.1168495,"score_random_forest":0.1442023,"score_logistic_regression":0.5461113,"score_fuzzy_knn_k29":0.3194197},"geometry":{"type":"Polygon","coordinates":[[[-69.0716318,-9.2012368],[-69.0635029,-9.2012384],[-69.0635019,-9.195828],[-69.0716307,-9.1958265],[-69.0716318,-9.2012368]]]}},{"type":"Feature","id":"AC-Y489-X655","properties":{"id":"AC-Y489-X655","grid_x":655,"grid_y":489,"centroid":[-69.059438,-9.1985339],"aggregation":"none","score_gradboost":0.2817952,"score_random_forest":0.2234351,"score_logistic_regression":0.4507996,"score_fuzzy_knn_k29":0.3975726},"geometry":{"type":"Polygon","coordinates":[[[-69.0635029,-9.2012384],[-69.055374,-9.2012397],[-69.0553731,-9.1958294],[-69.0635019,-9.195828],[-69.0635029,-9.2012384]]]}},{"type":"Feature","id":"AC-Y489-X656","properties":{"id":"AC-Y489-X656","grid_x":656,"grid_y":489,"centroid":[-69.0513092,-9.1985351],"aggregation":"none","score_gradboost":0.2886312,"score_random_forest":0.2032005,"score_logistic_regression":0.4923284,"score_fuzzy_knn_k29":0.3494185},"geometry":{"type":"Polygon","coordinates":[[[-69.055374,-9.2012397],[-69.0472451,-9.2012409],[-69.0472444,-9.1958305],[-69.0553731,-9.1958294],[-69.055374,-9.2012397]]]}},{"type":"Feature","id":"AC-Y490-X653","properties":{"id":"AC-Y490-X653","grid_x":653,"grid_y":490,"centroid":[-69.0756945,-9.1931205],"aggregation":"none","score_gradboost":0.2601288,"score_random_forest":0.1890614,"score_logistic_regression":0.4872973,"score_fuzzy_knn_k29":0.3383898},"geometry":{"type":"Polygon","coordinates":[[[-69.0797595,-9.1958248],[-69.0716307,-9.1958265],[-69.0716296,-9.1904162],[-69.0797583,-9.1904145],[-69.0797595,-9.1958248]]]}},{"type":"Feature","id":"AC-Y490-X654","properties":{"id":"AC-Y490-X654","grid_x":654,"grid_y":490,"centroid":[-69.0675658,-9.1931221],"aggregation":"none","score_gradboost":0.2726769,"score_random_forest":0.2196334,"score_logistic_regression":0.4584036,"score_fuzzy_knn_k29":0.3537807},"geometry":{"type":"Polygon","coordinates":[[[-69.0716307,-9.1958265],[-69.0635019,-9.195828],[-69.063501,-9.1904177],[-69.0716296,-9.1904162],[-69.0716307,-9.1958265]]]}},{"type":"Feature","id":"AC-Y490-X655","properties":{"id":"AC-Y490-X655","grid_x":655,"grid_y":490,"centroid":[-69.0594371,-9.1931235],"aggregation":"none","score_gradboost":0.2567426,"score_random_forest":0.1659129,"score_logistic_regression":0.517701,"score_fuzzy_knn_k29":0.3392567},"geometry":{"type":"Polygon","coordinates":[[[-69.0635019,-9.195828],[-69.0553731,-9.1958294],[-69.0553723,-9.190419],[-69.063501,-9.1904177],[-69.0635019,-9.195828]]]}},{"type":"Feature","id":"AC-Y490-X656","properties":{"id":"AC-Y490-X656","grid_x":656,"grid_y":490,"centroid":[-69.0513084,-9.1931248],"aggregation":"none","score_gradboost":0.2990991,"score_random_forest":0.1927995,"score_logistic_regression":0.4866906,"score_fuzzy_knn_k29":0.3449085},"geometry":{"type":"Polygon","coordinates":[[[-69.0553731,-9.1958294],[-69.0472444,-9.1958305],[-69.0472437,-9.1904202],[-69.0553723,-9.190419],[-69.0553731,-9.1958294]]]}},{"type":"Feature","id":"AC-Y490-X657","properties":{"id":"AC-Y490-X657","grid_x":657,"grid_y":490,"centroid":[-69.0431797,-9.1931259],"aggregation":"none","score_gradboost":0.2567426,"score_random_forest":0.1949428,"score_logistic_regression":0.5257089,"score_fuzzy_knn_k29":0.3425493},"geometry":{"type":"Polygon","coordinates":[[[-69.0472444,-9.1958305],[-69.0391156,-9.1958315],[-69.039115,-9.1904212],[-69.0472437,-9.1904202],[-69.0472444,-9.1958305]]]}},{"type":"Feature","id":"AC-Y491-X653","properties":{"id":"AC-Y491-X653","grid_x":653,"grid_y":491,"centroid":[-69.0756934,-9.1877102],"aggregation":"none","score_gradboost":0.2779709,"score_random_forest":0.1505378,"score_logistic_regression":0.4868301,"score_fuzzy_knn_k29":0.2942386},"geometry":{"type":"Polygon","coordinates":[[[-69.0797583,-9.1904145],[-69.0716296,-9.1904162],[-69.0716285,-9.1850058],[-69.079757,-9.1850041],[-69.0797583,-9.1904145]]]}},{"type":"Feature","id":"AC-Y491-X654","properties":{"id":"AC-Y491-X654","grid_x":654,"grid_y":491,"centroid":[-69.0675648,-9.1877118],"aggregation":"none","score_gradboost":0.3032542,"score_random_forest":0.1894978,"score_logistic_regression":0.4625982,"score_fuzzy_knn_k29":0.309385},"geometry":{"type":"Polygon","coordinates":[[[-69.0716296,-9.1904162],[-69.063501,-9.1904177],[-69.0635,-9.1850073],[-69.0716285,-9.1850058],[-69.0716296,-9.1904162]]]}},{"type":"Feature","id":"AC-Y491-X655","properties":{"id":"AC-Y491-X655","grid_x":655,"grid_y":491,"centroid":[-69.0594362,-9.1877132],"aggregation":"none","score_gradboost":0.243045,"score_random_forest":0.1684547,"score_logistic_regression":0.5458528,"score_fuzzy_knn_k29":0.4240877},"geometry":{"type":"Polygon","coordinates":[[[-69.063501,-9.1904177],[-69.0553723,-9.190419],[-69.0553715,-9.1850087],[-69.0635,-9.1850073],[-69.063501,-9.1904177]]]}},{"type":"Feature","id":"AC-Y491-X656","properties":{"id":"AC-Y491-X656","grid_x":656,"grid_y":491,"centroid":[-69.0513076,-9.1877145],"aggregation":"none","score_gradboost":0.243045,"score_random_forest":0.169715,"score_logistic_regression":0.5488208,"score_fuzzy_knn_k29":0.4274739},"geometry":{"type":"Polygon","coordinates":[[[-69.0553723,-9.190419],[-69.0472437,-9.1904202],[-69.0472429,-9.1850098],[-69.0553715,-9.1850087],[-69.0553723,-9.190419]]]}},{"type":"Feature","id":"AC-Y491-X657","properties":{"id":"AC-Y491-X657","grid_x":657,"grid_y":491,"centroid":[-69.043179,-9.1877155],"aggregation":"none","score_gradboost":0.3005118,"score_random_forest":0.1870496,"score_logistic_regression":0.4817773,"score_fuzzy_knn_k29":0.3672658},"geometry":{"type":"Polygon","coordinates":[[[-69.0472437,-9.1904202],[-69.039115,-9.1904212],[-69.0391144,-9.1850108],[-69.0472429,-9.1850098],[-69.0472437,-9.1904202]]]}},{"type":"Feature","id":"AC-Y483-X650","properties":{"id":"AC-Y483-X650","grid_x":650,"grid_y":483,"centroid":[-69.1000913,-9.2309869],"aggregation":"none","score_gradboost":0.0258298,"score_random_forest":0.0700502,"score_logistic_regression":0.4822111,"score_fuzzy_knn_k29":0.3041476},"geometry":{"type":"Polygon","coordinates":[[[-69.1041569,-9.2336909],[-69.0960272,-9.2336931],[-69.0960258,-9.2282828],[-69.1041553,-9.2282805],[-69.1041569,-9.2336909]]]}},{"type":"Feature","id":"AC-Y483-X651","properties":{"id":"AC-Y483-X651","grid_x":651,"grid_y":483,"centroid":[-69.0919617,-9.230989],"aggregation":"none","score_gradboost":0.0265649,"score_random_forest":0.0892132,"score_logistic_regression":0.4957244,"score_fuzzy_knn_k29":0.4124922},"geometry":{"type":"Polygon","coordinates":[[[-69.0960272,-9.2336931],[-69.0878976,-9.2336952],[-69.0878963,-9.2282849],[-69.0960258,-9.2282828],[-69.0960272,-9.2336931]]]}},{"type":"Feature","id":"AC-Y484-X650","properties":{"id":"AC-Y484-X650","grid_x":650,"grid_y":484,"centroid":[-69.1000898,-9.2255765],"aggregation":"none","score_gradboost":0.019679,"score_random_forest":0.0491006,"score_logistic_regression":0.5213603,"score_fuzzy_knn_k29":0.3289761},"geometry":{"type":"Polygon","coordinates":[[[-69.1041553,-9.2282805],[-69.0960258,-9.2282828],[-69.0960243,-9.2228725],[-69.1041537,-9.2228702],[-69.1041553,-9.2282805]]]}},{"type":"Feature","id":"AC-Y484-X651","properties":{"id":"AC-Y484-X651","grid_x":651,"grid_y":484,"centroid":[-69.0919603,-9.2255787],"aggregation":"none","score_gradboost":0.0192186,"score_random_forest":0.0420582,"score_logistic_regression":0.4419083,"score_fuzzy_knn_k29":0.0839339},"geometry":{"type":"Polygon","coordinates":[[[-69.0960258,-9.2282828],[-69.0878963,-9.2282849],[-69.0878949,-9.2228746],[-69.0960243,-9.2228725],[-69.0960258,-9.2282828]]]}},{"type":"Feature","id":"AC-Y484-X652","properties":{"id":"AC-Y484-X652","grid_x":652,"grid_y":484,"centroid":[-69.0838309,-9.2255807],"aggregation":"none","score_gradboost":0.013529,"score_random_forest":0.0044342,"score_logistic_regression":0.4185176,"score_fuzzy_knn_k29":0.0},"geometry":{"type":"Polygon","coordinates":[[[-69.0878963,-9.2282849],[-69.0797667,-9.2282868],[-69.0797655,-9.2228765],[-69.0878949,-9.2228746],[-69.0878963,-9.2282849]]]}},{"type":"Feature","id":"AC-Y485-X649","properties":{"id":"AC-Y485-X649","grid_x":649,"grid_y":485,"centroid":[-69.1082175,-9.2201639],"aggregation":"none","score_gradboost":0.0192987,"score_random_forest":0.0117728,"score_logistic_regression":0.3703745,"score_fuzzy_knn_k29":0.027371},"geometry":{"type":"Polygon","coordinates":[[[-69.1122831,-9.2228678],[-69.1041537,-9.2228702],[-69.1041521,-9.2174599],[-69.1122813,-9.2174575],[-69.1122831,-9.2228678]]]}},{"type":"Feature","id":"AC-Y485-X650","properties":{"id":"AC-Y485-X650","grid_x":650,"grid_y":485,"centroid":[-69.1000882,-9.2201662],"aggregation":"none","score_gradboost":0.022983,"score_random_forest":0.0311442,"score_logistic_regression":0.4586915,"score_fuzzy_knn_k29":0.0784194},"geometry":{"type":"Polygon","coordinates":[[[-69.1041537,-9.2228702],[-69.0960243,-9.2228725],[-69.0960228,-9.2174622],[-69.1041521,-9.2174599],[-69.1041537,-9.2228702]]]}},{"type":"Feature","id":"AC-Y485-X651","properties":{"id":"AC-Y485-X651","grid_x":651,"grid_y":485,"centroid":[-69.0919589,-9.2201684],"aggregation":"none","score_gradboost":0.0145933,"score_random_forest":0.0091378,"score_logistic_regression":0.3985274,"score_fuzzy_knn_k29":0.0192896},"geometry":{"type":"Polygon","coordinates":[[[-69.0960243,-9.2228725],[-69.0878949,-9.2228746],[-69.0878936,-9.2174642],[-69.0960228,-9.2174622],[-69.0960243,-9.2228725]]]}},{"type":"Feature","id":"AC-Y485-X652","properties":{"id":"AC-Y485-X652","grid_x":652,"grid_y":485,"centroid":[-69.0838296,-9.2201704],"aggregation":"none","score_gradboost":0.0226926,"score_random_forest":0.0334789,"score_logistic_regression":0.4802868,"score_fuzzy_knn_k29":0.1801069},"geometry":{"type":"Polygon","coordinates":[[[-69.0878949,-9.2228746],[-69.0797655,-9.2228765],[-69.0797643,-9.2174661],[-69.0878936,-9.2174642],[-69.0878949,-9.2228746]]]}},{"type":"Feature","id":"AC-Y486-X648","properties":{"id":"AC-Y486-X648","grid_x":648,"grid_y":486,"centroid":[-69.1163451,-9.214751],"aggregation":"none","score_gradboost":0.0575959,"score_random_forest":0.012278,"score_logistic_regression":0.3896648,"score_fuzzy_knn_k29":0.0727199},"geometry":{"type":"Polygon","coordinates":[[[-69.1204106,-9.2174548],[-69.1122813,-9.2174575],[-69.1122796,-9.2120471],[-69.1204088,-9.2120445],[-69.1204106,-9.2174548]]]}},{"type":"Feature","id":"AC-Y486-X649","properties":{"id":"AC-Y486-X649","grid_x":649,"grid_y":486,"centroid":[-69.1082159,-9.2147535],"aggregation":"none","score_gradboost":0.0467936,"score_random_forest":0.0351002,"score_logistic_regression":0.4744457,"score_fuzzy_knn_k29":0.1159918},"geometry":{"type":"Polygon","coordinates":[[[-69.1122813,-9.2174575],[-69.1041521,-9.2174599],[-69.1041505,-9.2120496],[-69.1122796,-9.2120471],[-69.1122813,-9.2174575]]]}},{"type":"Feature","id":"AC-Y486-X650","properties":{"id":"AC-Y486-X650","grid_x":650,"grid_y":486,"centroid":[-69.1000867,-9.2147559],"aggregation":"none","score_gradboost":0.022983,"score_random_forest":0.0226046,"score_logistic_regression":0.4396871,"score_fuzzy_knn_k29":0.022115},"geometry":{"type":"Polygon","coordinates":[[[-69.1041521,-9.2174599],[-69.0960228,-9.2174622],[-69.0960214,-9.2120518],[-69.1041505,-9.2120496],[-69.1041521,-9.2174599]]]}},{"type":"Feature","id":"AC-Y486-X651","properties":{"id":"AC-Y486-X651","grid_x":651,"grid_y":486,"centroid":[-69.0919575,-9.2147581],"aggregation":"none","score_gradboost":0.022983,"score_random_forest":0.0384188,"score_logistic_regression":0.4592636,"score_fuzzy_knn_k29":0.0559894},"geometry":{"type":"Polygon","coordinates":[[[-69.0960228,-9.2174622],[-69.0878936,-9.2174642],[-69.0878922,-9.2120539],[-69.0960214,-9.2120518],[-69.0960228,-9.2174622]]]}},{"type":"Feature","id":"AC-Y486-X652","properties":{"id":"AC-Y486-X652","grid_x":652,"grid_y":486,"centroid":[-69.0838283,-9.21476],"aggregation":"none","score_gradboost":0.0234946,"score_random_forest":0.0371872,"score_logistic_regression":0.4797407,"score_fuzzy_knn_k29":0.1332797},"geometry":{"type":"Polygon","coordinates":[[[-69.0878936,-9.2174642],[-69.0797643,-9.2174661],[-69.0797631,-9.2120558],[-69.0878922,-9.2120539],[-69.0878936,-9.2174642]]]}},{"type":"Feature","id":"AC-Y487-X647","properties":{"id":"AC-Y487-X647","grid_x":647,"grid_y":487,"centroid":[-69.1244724,-9.209338],"aggregation":"none","score_gradboost":0.046746,"score_random_forest":0.0517601,"score_logistic_regression":0.4857029,"score_fuzzy_knn_k29":0.1790989},"geometry":{"type":"Polygon","coordinates":[[[-69.1285379,-9.2120417],[-69.1204088,-9.2120445],[-69.1204069,-9.2066342],[-69.1285359,-9.2066314],[-69.1285379,-9.2120417]]]}},{"type":"Feature","id":"AC-Y487-X648","properties":{"id":"AC-Y487-X648","grid_x":648,"grid_y":487,"centroid":[-69.1163433,-9.2093407],"aggregation":"none","score_gradboost":0.0349008,"score_random_forest":0.0081395,"score_logistic_regression":0.3806542,"score_fuzzy_knn_k29":0.1468264},"geometry":{"type":"Polygon","coordinates":[[[-69.1204088,-9.2120445],[-69.1122796,-9.2120471],[-69.1122779,-9.2066368],[-69.1204069,-9.2066342],[-69.1204088,-9.2120445]]]}},{"type":"Feature","id":"AC-Y487-X649","properties":{"id":"AC-Y487-X649","grid_x":649,"grid_y":487,"centroid":[-69.1082143,-9.2093432],"aggregation":"none","score_gradboost":0.0702403,"score_random_forest":0.0318637,"score_logistic_regression":0.4313789,"score_fuzzy_knn_k29":0.1049956},"geometry":{"type":"Polygon","coordinates":[[[-69.1122796,-9.2120471],[-69.1041505,-9.2120496],[-69.1041489,-9.2066392],[-69.1122779,-9.2066368],[-69.1122796,-9.2120471]]]}},{"type":"Feature","id":"AC-Y487-X650","properties":{"id":"AC-Y487-X650","grid_x":650,"grid_y":487,"centroid":[-69.1000852,-9.2093456],"aggregation":"none","score_gradboost":0.0373578,"score_random_forest":0.0230918,"score_logistic_regression":0.3929901,"score_fuzzy_knn_k29":0.0404579},"geometry":{"type":"Polygon","coordinates":[[[-69.1041505,-9.2120496],[-69.0960214,-9.2120518],[-69.0960199,-9.2066415],[-69.1041489,-9.2066392],[-69.1041505,-9.2120496]]]}},{"type":"Feature","id":"AC-Y487-X651","properties":{"id":"AC-Y487-X651","grid_x":651,"grid_y":487,"centroid":[-69.0919561,-9.2093477],"aggregation":"none","score_gradboost":0.0386201,"score_random_forest":0.0427602,"score_logistic_regression":0.4631225,"score_fuzzy_knn_k29":0.0864186},"geometry":{"type":"Polygon","coordinates":[[[-69.0960214,-9.2120518],[-69.0878922,-9.2120539],[-69.0878909,-9.2066436],[-69.0960199,-9.2066415],[-69.0960214,-9.2120518]]]}},{"type":"Feature","id":"AC-Y487-X652","properties":{"id":"AC-Y487-X652","grid_x":652,"grid_y":487,"centroid":[-69.083827,-9.2093497],"aggregation":"none","score_gradboost":0.1099032,"score_random_forest":0.0822688,"score_logistic_regression":0.4455148,"score_fuzzy_knn_k29":0.0751464},"geometry":{"type":"Polygon","coordinates":[[[-69.0878922,-9.2120539],[-69.0797631,-9.2120558],[-69.0797619,-9.2066455],[-69.0878909,-9.2066436],[-69.0878922,-9.2120539]]]}},{"type":"Feature","id":"AC-Y488-X646","properties":{"id":"AC-Y488-X646","grid_x":646,"grid_y":488,"centroid":[-69.1325994,-9.2039247],"aggregation":"none","score_gradboost":0.1134988,"score_random_forest":0.094564,"score_logistic_regression":0.3956215,"score_fuzzy_knn_k29":0.3569995},"geometry":{"type":"Polygon","coordinates":[[[-69.1366649,-9.2066284],[-69.1285359,-9.2066314],[-69.128534,-9.201221],[-69.1366629,-9.2012181],[-69.1366649,-9.2066284]]]}},{"type":"Feature","id":"AC-Y488-X647","properties":{"id":"AC-Y488-X647","grid_x":647,"grid_y":488,"centroid":[-69.1244705,-9.2039276],"aggregation":"none","score_gradboost":0.1020813,"score_random_forest":0.1052107,"score_logistic_regression":0.5052346,"score_fuzzy_knn_k29":0.2420497},"geometry":{"type":"Polygon","coordinates":[[[-69.1285359,-9.2066314],[-69.1204069,-9.2066342],[-69.1204051,-9.2012239],[-69.128534,-9.201221],[-69.1285359,-9.2066314]]]}},{"type":"Feature","id":"AC-Y488-X648","properties":{"id":"AC-Y488-X648","grid_x":648,"grid_y":488,"centroid":[-69.1163416,-9.2039303],"aggregation":"none","score_gradboost":0.0483999,"score_random_forest":0.0288191,"score_logistic_regression":0.4230227,"score_fuzzy_knn_k29":0.1452697},"geometry":{"type":"Polygon","coordinates":[[[-69.1204069,-9.2066342],[-69.1122779,-9.2066368],[-69.1122762,-9.2012265],[-69.1204051,-9.2012239],[-69.1204069,-9.2066342]]]}},{"type":"Feature","id":"AC-Y488-X649","properties":{"id":"AC-Y488-X649","grid_x":649,"grid_y":488,"centroid":[-69.1082126,-9.2039329],"aggregation":"none","score_gradboost":0.0326028,"score_random_forest":0.0136268,"score_logistic_regression":0.4125945,"score_fuzzy_knn_k29":0.1482175},"geometry":{"type":"Polygon","coordinates":[[[-69.1122779,-9.2066368],[-69.1041489,-9.2066392],[-69.1041473,-9.2012289],[-69.1122762,-9.2012265],[-69.1122779,-9.2066368]]]}},{"type":"Feature","id":"AC-Y488-X650","properties":{"id":"AC-Y488-X650","grid_x":650,"grid_y":488,"centroid":[-69.1000837,-9.2039352],"aggregation":"none","score_gradboost":0.0614884,"score_random_forest":0.0579002,"score_logistic_regression":0.3925332,"score_fuzzy_knn_k29":0.0330741},"geometry":{"type":"Polygon","coordinates":[[[-69.1041489,-9.2066392],[-69.0960199,-9.2066415],[-69.0960185,-9.2012312],[-69.1041473,-9.2012289],[-69.1041489,-9.2066392]]]}},{"type":"Feature","id":"AC-Y488-X651","properties":{"id":"AC-Y488-X651","grid_x":651,"grid_y":488,"centroid":[-69.0919547,-9.2039374],"aggregation":"none","score_gradboost":0.1573736,"score_random_forest":0.099674,"score_logistic_regression":0.4525315,"score_fuzzy_knn_k29":0.1520385},"geometry":{"type":"Polygon","coordinates":[[[-69.0960199,-9.2066415],[-69.0878909,-9.2066436],[-69.0878896,-9.2012332],[-69.0960185,-9.2012312],[-69.0960199,-9.2066415]]]}},{"type":"Feature","id":"AC-Y488-X652","properties":{"id":"AC-Y488-X652","grid_x":652,"grid_y":488,"centroid":[-69.0838258,-9.2039394],"aggregation":"none","score_gradboost":0.1854132,"score_random_forest":0.0936405,"score_logistic_regression":0.4498944,"score_fuzzy_knn_k29":0.1581649},"geometry":{"type":"Polygon","coordinates":[[[-69.0878909,-9.2066436],[-69.0797619,-9.2066455],[-69.0797607,-9.2012351],[-69.0878896,-9.2012332],[-69.0878909,-9.2066436]]]}},{"type":"Feature","id":"AC-Y489-X645","properties":{"id":"AC-Y489-X645","grid_x":645,"grid_y":489,"centroid":[-69.1407262,-9.1985113],"aggregation":"none","score_gradboost":0.271163,"score_random_forest":0.1581888,"score_logistic_regression":0.4190608,"score_fuzzy_knn_k29":0.2236345},"geometry":{"type":"Polygon","coordinates":[[[-69.1447917,-9.2012149],[-69.1366629,-9.2012181],[-69.1366608,-9.1958077],[-69.1447895,-9.1958046],[-69.1447917,-9.2012149]]]}},{"type":"Feature","id":"AC-Y489-X646","properties":{"id":"AC-Y489-X646","grid_x":646,"grid_y":489,"centroid":[-69.1325974,-9.1985144],"aggregation":"none","score_gradboost":0.1242303,"score_random_forest":0.1224426,"score_logistic_regression":0.4622052,"score_fuzzy_knn_k29":0.2073905},"geometry":{"type":"Polygon","coordinates":[[[-69.1366629,-9.2012181],[-69.128534,-9.201221],[-69.128532,-9.1958107],[-69.1366608,-9.1958077],[-69.1366629,-9.2012181]]]}},{"type":"Feature","id":"AC-Y489-X647","properties":{"id":"AC-Y489-X647","grid_x":647,"grid_y":489,"centroid":[-69.1244686,-9.1985173],"aggregation":"none","score_gradboost":0.1197999,"score_random_forest":0.092733,"score_logistic_regression":0.490815,"score_fuzzy_knn_k29":0.2335119},"geometry":{"type":"Polygon","coordinates":[[[-69.128534,-9.201221],[-69.1204051,-9.2012239],[-69.1204033,-9.1958135],[-69.128532,-9.1958107],[-69.128534,-9.201221]]]}},{"type":"Feature","id":"AC-Y489-X648","properties":{"id":"AC-Y489-X648","grid_x":648,"grid_y":489,"centroid":[-69.1163398,-9.19852],"aggregation":"none","score_gradboost":0.1075123,"score_random_forest":0.1394056,"score_logistic_regression":0.3903014,"score_fuzzy_knn_k29":0.3381581},"geometry":{"type":"Polygon","coordinates":[[[-69.1204051,-9.2012239],[-69.1122762,-9.2012265],[-69.1122745,-9.1958161],[-69.1204033,-9.1958135],[-69.1204051,-9.2012239]]]}},{"type":"Feature","id":"AC-Y489-X649","properties":{"id":"AC-Y489-X649","grid_x":649,"grid_y":489,"centroid":[-69.108211,-9.1985226],"aggregation":"none","score_gradboost":0.1035671,"score_random_forest":0.0846456,"score_logistic_regression":0.4993466,"score_fuzzy_knn_k29":0.2576016},"geometry":{"type":"Polygon","coordinates":[[[-69.1122762,-9.2012265],[-69.1041473,-9.2012289],[-69.1041458,-9.1958186],[-69.1122745,-9.1958161],[-69.1122762,-9.2012265]]]}},{"type":"Feature","id":"AC-Y489-X650","properties":{"id":"AC-Y489-X650","grid_x":650,"grid_y":489,"centroid":[-69.1000821,-9.1985249],"aggregation":"none","score_gradboost":0.0774986,"score_random_forest":0.0678942,"score_logistic_regression":0.4149266,"score_fuzzy_knn_k29":0.1671857},"geometry":{"type":"Polygon","coordinates":[[[-69.1041473,-9.2012289],[-69.0960185,-9.2012312],[-69.096017,-9.1958208],[-69.1041458,-9.1958186],[-69.1041473,-9.2012289]]]}},{"type":"Feature","id":"AC-Y489-X651","properties":{"id":"AC-Y489-X651","grid_x":651,"grid_y":489,"centroid":[-69.0919533,-9.1985271],"aggregation":"none","score_gradboost":0.0746872,"score_random_forest":0.0563422,"score_logistic_regression":0.404147,"score_fuzzy_knn_k29":0.1819471},"geometry":{"type":"Polygon","coordinates":[[[-69.0960185,-9.2012312],[-69.0878896,-9.2012332],[-69.0878882,-9.1958229],[-69.096017,-9.1958208],[-69.0960185,-9.2012312]]]}},{"type":"Feature","id":"AC-Y489-X652","properties":{"id":"AC-Y489-X652","grid_x":652,"grid_y":489,"centroid":[-69.0838245,-9.198529],"aggregation":"none","score_gradboost":0.1093693,"score_random_forest":0.0666689,"score_logistic_regression":0.4447767,"score_fuzzy_knn_k29":0.1535118},"geometry":{"type":"Polygon","coordinates":[[[-69.0878896,-9.2012332],[-69.0797607,-9.2012351],[-69.0797595,-9.1958248],[-69.0878882,-9.1958229],[-69.0878896,-9.2012332]]]}},{"type":"Feature","id":"AC-Y490-X644","properties":{"id":"AC-Y490-X644","grid_x":644,"grid_y":490,"centroid":[-69.1488528,-9.1930977],"aggregation":"none","score_gradboost":0.3889225,"score_random_forest":0.1840132,"score_logistic_regression":0.4144421,"score_fuzzy_knn_k29":0.1894312},"geometry":{"type":"Polygon","coordinates":[[[-69.1529183,-9.1958012],[-69.1447895,-9.1958046],[-69.1447873,-9.1903942],[-69.152916,-9.1903909],[-69.1529183,-9.1958012]]]}},{"type":"Feature","id":"AC-Y490-X645","properties":{"id":"AC-Y490-X645","grid_x":645,"grid_y":490,"centroid":[-69.1407241,-9.193101],"aggregation":"none","score_gradboost":0.2264772,"score_random_forest":0.1741211,"score_logistic_regression":0.4861312,"score_fuzzy_knn_k29":0.1524692},"geometry":{"type":"Polygon","coordinates":[[[-69.1447895,-9.1958046],[-69.1366608,-9.1958077],[-69.1366587,-9.1903974],[-69.1447873,-9.1903942],[-69.1447895,-9.1958046]]]}},{"type":"Feature","id":"AC-Y490-X646","properties":{"id":"AC-Y490-X646","grid_x":646,"grid_y":490,"centroid":[-69.1325954,-9.1931041],"aggregation":"none","score_gradboost":0.2482818,"score_random_forest":0.1684197,"score_logistic_regression":0.4620893,"score_fuzzy_knn_k29":0.1674736},"geometry":{"type":"Polygon","coordinates":[[[-69.1366608,-9.1958077],[-69.128532,-9.1958107],[-69.1285301,-9.1904004],[-69.1366587,-9.1903974],[-69.1366608,-9.1958077]]]}},{"type":"Feature","id":"AC-Y490-X647","properties":{"id":"AC-Y490-X647","grid_x":647,"grid_y":490,"centroid":[-69.1244667,-9.193107],"aggregation":"none","score_gradboost":0.1434763,"score_random_forest":0.1415196,"score_logistic_regression":0.462327,"score_fuzzy_knn_k29":0.2136959},"geometry":{"type":"Polygon","coordinates":[[[-69.128532,-9.1958107],[-69.1204033,-9.1958135],[-69.1204015,-9.1904032],[-69.1285301,-9.1904004],[-69.128532,-9.1958107]]]}},{"type":"Feature","id":"AC-Y490-X648","properties":{"id":"AC-Y490-X648","grid_x":648,"grid_y":490,"centroid":[-69.116338,-9.1931097],"aggregation":"none","score_gradboost":0.2774949,"score_random_forest":0.2144252,"score_logistic_regression":0.4326385,"score_fuzzy_knn_k29":0.2678883},"geometry":{"type":"Polygon","coordinates":[[[-69.1204033,-9.1958135],[-69.1122745,-9.1958161],[-69.1122728,-9.1904058],[-69.1204015,-9.1904032],[-69.1204033,-9.1958135]]]}},{"type":"Feature","id":"AC-Y490-X649","properties":{"id":"AC-Y490-X649","grid_x":649,"grid_y":490,"centroid":[-69.1082093,-9.1931122],"aggregation":"none","score_gradboost":0.1458872,"score_random_forest":0.1915821,"score_logistic_regression":0.456599,"score_fuzzy_knn_k29":0.2897995},"geometry":{"type":"Polygon","coordinates":[[[-69.1122745,-9.1958161],[-69.1041458,-9.1958186],[-69.1041442,-9.1904083],[-69.1122728,-9.1904058],[-69.1122745,-9.1958161]]]}},{"type":"Feature","id":"AC-Y490-X650","properties":{"id":"AC-Y490-X650","grid_x":650,"grid_y":490,"centroid":[-69.1000806,-9.1931146],"aggregation":"none","score_gradboost":0.121525,"score_random_forest":0.099562,"score_logistic_regression":0.4858033,"score_fuzzy_knn_k29":0.2882647},"geometry":{"type":"Polygon","coordinates":[[[-69.1041458,-9.1958186],[-69.096017,-9.1958208],[-69.0960155,-9.1904105],[-69.1041442,-9.1904083],[-69.1041458,-9.1958186]]]}},{"type":"Feature","id":"AC-Y490-X651","properties":{"id":"AC-Y490-X651","grid_x":651,"grid_y":490,"centroid":[-69.0919519,-9.1931167],"aggregation":"none","score_gradboost":0.0982276,"score_random_forest":0.1122317,"score_logistic_regression":0.3939253,"score_fuzzy_knn_k29":0.3450865},"geometry":{"type":"Polygon","coordinates":[[[-69.096017,-9.1958208],[-69.0878882,-9.1958229],[-69.0878869,-9.1904126],[-69.0960155,-9.1904105],[-69.096017,-9.1958208]]]}},{"type":"Feature","id":"AC-Y490-X652","properties":{"id":"AC-Y490-X652","grid_x":652,"grid_y":490,"centroid":[-69.0838232,-9.1931187],"aggregation":"none","score_gradboost":0.1129779,"score_random_forest":0.093166,"score_logistic_regression":0.5170575,"score_fuzzy_knn_k29":0.1246931},"geometry":{"type":"Polygon","coordinates":[[[-69.0878882,-9.1958229],[-69.0797595,-9.1958248],[-69.0797582,-9.1904145],[-69.0878869,-9.1904126],[-69.0878882,-9.1958229]]]}},{"type":"Feature","id":"AC-Y491-X644","properties":{"id":"AC-Y491-X644","grid_x":644,"grid_y":491,"centroid":[-69.1488505,-9.1876874],"aggregation":"none","score_gradboost":0.1209101,"score_random_forest":0.0928675,"score_logistic_regression":0.4565632,"score_fuzzy_knn_k29":0.1280881},"geometry":{"type":"Polygon","coordinates":[[[-69.152916,-9.1903909],[-69.1447873,-9.1903942],[-69.1447851,-9.1849839],[-69.1529136,-9.1849806],[-69.152916,-9.1903909]]]}},{"type":"Feature","id":"AC-Y491-X645","properties":{"id":"AC-Y491-X645","grid_x":645,"grid_y":491,"centroid":[-69.140722,-9.1876907],"aggregation":"none","score_gradboost":0.3887135,"score_random_forest":0.229801,"score_logistic_regression":0.4381828,"score_fuzzy_knn_k29":0.133213},"geometry":{"type":"Polygon","coordinates":[[[-69.1447873,-9.1903942],[-69.1366587,-9.1903974],[-69.1366566,-9.1849871],[-69.1447851,-9.1849839],[-69.1447873,-9.1903942]]]}},{"type":"Feature","id":"AC-Y491-X646","properties":{"id":"AC-Y491-X646","grid_x":646,"grid_y":491,"centroid":[-69.1325934,-9.1876938],"aggregation":"none","score_gradboost":0.2811641,"score_random_forest":0.2342808,"score_logistic_regression":0.4191266,"score_fuzzy_knn_k29":0.2049804},"geometry":{"type":"Polygon","coordinates":[[[-69.1366587,-9.1903974],[-69.1285301,-9.1904004],[-69.1285281,-9.1849901],[-69.1366566,-9.1849871],[-69.1366587,-9.1903974]]]}},{"type":"Feature","id":"AC-Y491-X647","properties":{"id":"AC-Y491-X647","grid_x":647,"grid_y":491,"centroid":[-69.1244648,-9.1876967],"aggregation":"none","score_gradboost":0.297928,"score_random_forest":0.236022,"score_logistic_regression":0.5055334,"score_fuzzy_knn_k29":0.2464408},"geometry":{"type":"Polygon","coordinates":[[[-69.1285301,-9.1904004],[-69.1204015,-9.1904032],[-69.1203996,-9.1849929],[-69.1285281,-9.1849901],[-69.1285301,-9.1904004]]]}},{"type":"Feature","id":"AC-Y491-X648","properties":{"id":"AC-Y491-X648","grid_x":648,"grid_y":491,"centroid":[-69.1163363,-9.1876994],"aggregation":"none","score_gradboost":0.276237,"score_random_forest":0.2216127,"score_logistic_regression":0.4618704,"score_fuzzy_knn_k29":0.2222682},"geometry":{"type":"Polygon","coordinates":[[[-69.1204015,-9.1904032],[-69.1122728,-9.1904058],[-69.1122711,-9.1849955],[-69.1203996,-9.1849929],[-69.1204015,-9.1904032]]]}},{"type":"Feature","id":"AC-Y491-X649","properties":{"id":"AC-Y491-X649","grid_x":649,"grid_y":491,"centroid":[-69.1082077,-9.1877019],"aggregation":"none","score_gradboost":0.2303695,"score_random_forest":0.1770774,"score_logistic_regression":0.5107703,"score_fuzzy_knn_k29":0.2469601},"geometry":{"type":"Polygon","coordinates":[[[-69.1122728,-9.1904058],[-69.1041442,-9.1904083],[-69.1041426,-9.1849979],[-69.1122711,-9.1849955],[-69.1122728,-9.1904058]]]}},{"type":"Feature","id":"AC-Y491-X650","properties":{"id":"AC-Y491-X650","grid_x":650,"grid_y":491,"centroid":[-69.1000791,-9.1877042],"aggregation":"none","score_gradboost":0.2453413,"score_random_forest":0.1722997,"score_logistic_regression":0.4944654,"score_fuzzy_knn_k29":0.2864407},"geometry":{"type":"Polygon","coordinates":[[[-69.1041442,-9.1904083],[-69.0960155,-9.1904105],[-69.0960141,-9.1850002],[-69.1041426,-9.1849979],[-69.1041442,-9.1904083]]]}},{"type":"Feature","id":"AC-Y491-X651","properties":{"id":"AC-Y491-X651","grid_x":651,"grid_y":491,"centroid":[-69.0919505,-9.1877064],"aggregation":"none","score_gradboost":0.2359504,"score_random_forest":0.2189169,"score_logistic_regression":0.4353276,"score_fuzzy_knn_k29":0.4121875},"geometry":{"type":"Polygon","coordinates":[[[-69.0960155,-9.1904105],[-69.0878869,-9.1904126],[-69.0878856,-9.1850022],[-69.0960141,-9.1850002],[-69.0960155,-9.1904105]]]}},{"type":"Feature","id":"AC-Y491-X652","properties":{"id":"AC-Y491-X652","grid_x":652,"grid_y":491,"centroid":[-69.0838219,-9.1877084],"aggregation":"none","score_gradboost":0.2259177,"score_random_forest":0.1834609,"score_logistic_regression":0.5308419,"score_fuzzy_knn_k29":0.2729945},"geometry":{"type":"Polygon","coordinates":[[[-69.0878869,-9.1904126],[-69.0797582,-9.1904145],[-69.079757,-9.1850041],[-69.0878856,-9.1850022],[-69.0878869,-9.1904126]]]}},{"type":"Feature","id":"AC-Y440-X663","properties":{"id":"AC-Y440-X663","grid_x":663,"grid_y":440,"centroid":[-68.9944031,-9.4636434],"aggregation":"none","score_gradboost":0.2753496,"score_random_forest":0.3377352,"score_logistic_regression":0.5370976,"score_fuzzy_knn_k29":0.4006748},"geometry":{"type":"Polygon","coordinates":[[[-68.9984705,-9.4663486],[-68.9903355,-9.4663485],[-68.9903357,-9.4609382],[-68.9984706,-9.4609383],[-68.9984705,-9.4663486]]]}},{"type":"Feature","id":"AC-Y440-X664","properties":{"id":"AC-Y440-X664","grid_x":664,"grid_y":440,"centroid":[-68.9862681,-9.4636432],"aggregation":"none","score_gradboost":0.1299042,"score_random_forest":0.2406224,"score_logistic_regression":0.5033126,"score_fuzzy_knn_k29":0.4300785},"geometry":{"type":"Polygon","coordinates":[[[-68.9903355,-9.4663485],[-68.9822005,-9.4663482],[-68.9822007,-9.4609379],[-68.9903357,-9.4609382],[-68.9903355,-9.4663485]]]}},{"type":"Feature","id":"AC-Y440-X665","properties":{"id":"AC-Y440-X665","grid_x":665,"grid_y":440,"centroid":[-68.9781331,-9.4636428],"aggregation":"none","score_gradboost":0.2723576,"score_random_forest":0.2890833,"score_logistic_regression":0.5946743,"score_fuzzy_knn_k29":0.5463542},"geometry":{"type":"Polygon","coordinates":[[[-68.9822005,-9.4663482],[-68.9740654,-9.4663476],[-68.9740658,-9.4609374],[-68.9822007,-9.4609379],[-68.9822005,-9.4663482]]]}},{"type":"Feature","id":"AC-Y440-X666","properties":{"id":"AC-Y440-X666","grid_x":666,"grid_y":440,"centroid":[-68.9699981,-9.4636422],"aggregation":"none","score_gradboost":0.2114673,"score_random_forest":0.2825031,"score_logistic_regression":0.5529828,"score_fuzzy_knn_k29":0.6330454},"geometry":{"type":"Polygon","coordinates":[[[-68.9740654,-9.4663476],[-68.9659304,-9.4663469],[-68.9659309,-9.4609367],[-68.9740658,-9.4609374],[-68.9740654,-9.4663476]]]}},{"type":"Feature","id":"AC-Y440-X667","properties":{"id":"AC-Y440-X667","grid_x":667,"grid_y":440,"centroid":[-68.9618631,-9.4636414],"aggregation":"none","score_gradboost":0.4864086,"score_random_forest":0.5580249,"score_logistic_regression":0.5966352,"score_fuzzy_knn_k29":0.402456},"geometry":{"type":"Polygon","coordinates":[[[-68.9659304,-9.4663469],[-68.9577953,-9.4663461],[-68.957796,-9.4609358],[-68.9659309,-9.4609367],[-68.9659304,-9.4663469]]]}},{"type":"Feature","id":"AC-Y440-X668","properties":{"id":"AC-Y440-X668","grid_x":668,"grid_y":440,"centroid":[-68.9537282,-9.4636404],"aggregation":"none","score_gradboost":0.8093091,"score_random_forest":0.7945076,"score_logistic_regression":0.6502637,"score_fuzzy_knn_k29":0.7040023},"geometry":{"type":"Polygon","coordinates":[[[-68.9577953,-9.4663461],[-68.9496603,-9.466345],[-68.9496611,-9.4609347],[-68.957796,-9.4609358],[-68.9577953,-9.4663461]]]}},{"type":"Feature","id":"AC-Y441-X663","properties":{"id":"AC-Y441-X663","grid_x":663,"grid_y":441,"centroid":[-68.9944032,-9.4582332],"aggregation":"none","score_gradboost":0.1528465,"score_random_forest":0.3079186,"score_logistic_regression":0.5189087,"score_fuzzy_knn_k29":0.3487464},"geometry":{"type":"Polygon","coordinates":[[[-68.9984706,-9.4609383],[-68.9903357,-9.4609382],[-68.9903358,-9.4555279],[-68.9984706,-9.4555281],[-68.9984706,-9.4609383]]]}},{"type":"Feature","id":"AC-Y441-X664","properties":{"id":"AC-Y441-X664","grid_x":664,"grid_y":441,"centroid":[-68.9862683,-9.4582329],"aggregation":"none","score_gradboost":0.257222,"score_random_forest":0.2780324,"score_logistic_regression":0.5529056,"score_fuzzy_knn_k29":0.418046},"geometry":{"type":"Polygon","coordinates":[[[-68.9903357,-9.4609382],[-68.9822007,-9.4609379],[-68.982201,-9.4555276],[-68.9903358,-9.4555279],[-68.9903357,-9.4609382]]]}},{"type":"Feature","id":"AC-Y441-X665","properties":{"id":"AC-Y441-X665","grid_x":665,"grid_y":441,"centroid":[-68.9781334,-9.4582325],"aggregation":"none","score_gradboost":0.1990221,"score_random_forest":0.2200944,"score_logistic_regression":0.5487431,"score_fuzzy_knn_k29":0.4795406},"geometry":{"type":"Polygon","coordinates":[[[-68.9822007,-9.4609379],[-68.9740658,-9.4609374],[-68.9740662,-9.4555271],[-68.982201,-9.4555276],[-68.9822007,-9.4609379]]]}},{"type":"Feature","id":"AC-Y441-X666","properties":{"id":"AC-Y441-X666","grid_x":666,"grid_y":441,"centroid":[-68.9699986,-9.4582319],"aggregation":"none","score_gradboost":0.2163272,"score_random_forest":0.35219,"score_logistic_regression":0.5642456,"score_fuzzy_knn_k29":0.5099511},"geometry":{"type":"Polygon","coordinates":[[[-68.9740658,-9.4609374],[-68.9659309,-9.4609367],[-68.9659314,-9.4555264],[-68.9740662,-9.4555271],[-68.9740658,-9.4609374]]]}},{"type":"Feature","id":"AC-Y441-X667","properties":{"id":"AC-Y441-X667","grid_x":667,"grid_y":441,"centroid":[-68.9618637,-9.4582311],"aggregation":"none","score_gradboost":0.3939134,"score_random_forest":0.4926266,"score_logistic_regression":0.5825681,"score_fuzzy_knn_k29":0.6734389},"geometry":{"type":"Polygon","coordinates":[[[-68.9659309,-9.4609367],[-68.957796,-9.4609358],[-68.9577966,-9.4555255],[-68.9659314,-9.4555264],[-68.9659309,-9.4609367]]]}},{"type":"Feature","id":"AC-Y441-X668","properties":{"id":"AC-Y441-X668","grid_x":668,"grid_y":441,"centroid":[-68.9537289,-9.4582302],"aggregation":"none","score_gradboost":0.5620211,"score_random_forest":0.5367235,"score_logistic_regression":0.6097692,"score_fuzzy_knn_k29":0.5351065},"geometry":{"type":"Polygon","coordinates":[[[-68.957796,-9.4609358],[-68.9496611,-9.4609347],[-68.9496619,-9.4555245],[-68.9577966,-9.4555255],[-68.957796,-9.4609358]]]}},{"type":"Feature","id":"AC-Y442-X664","properties":{"id":"AC-Y442-X664","grid_x":664,"grid_y":442,"centroid":[-68.9862685,-9.4528227],"aggregation":"none","score_gradboost":0.3482321,"score_random_forest":0.3533005,"score_logistic_regression":0.5685291,"score_fuzzy_knn_k29":0.7990121},"geometry":{"type":"Polygon","coordinates":[[[-68.9903358,-9.4555279],[-68.982201,-9.4555276],[-68.9822013,-9.4501174],[-68.990336,-9.4501177],[-68.9903358,-9.4555279]]]}},{"type":"Feature","id":"AC-Y442-X665","properties":{"id":"AC-Y442-X665","grid_x":665,"grid_y":442,"centroid":[-68.9781338,-9.4528223],"aggregation":"none","score_gradboost":0.1767531,"score_random_forest":0.2321117,"score_logistic_regression":0.5549824,"score_fuzzy_knn_k29":0.4177714},"geometry":{"type":"Polygon","coordinates":[[[-68.982201,-9.4555276],[-68.9740662,-9.4555271],[-68.9740666,-9.4501169],[-68.9822013,-9.4501174],[-68.982201,-9.4555276]]]}},{"type":"Feature","id":"AC-Y442-X666","properties":{"id":"AC-Y442-X666","grid_x":666,"grid_y":442,"centroid":[-68.9699991,-9.4528217],"aggregation":"none","score_gradboost":0.1993005,"score_random_forest":0.293718,"score_logistic_regression":0.5740322,"score_fuzzy_knn_k29":0.4632252},"geometry":{"type":"Polygon","coordinates":[[[-68.9740662,-9.4555271],[-68.9659314,-9.4555264],[-68.965932,-9.4501162],[-68.9740666,-9.4501169],[-68.9740662,-9.4555271]]]}},{"type":"Feature","id":"AC-Y442-X667","properties":{"id":"AC-Y442-X667","grid_x":667,"grid_y":442,"centroid":[-68.9618643,-9.4528209],"aggregation":"none","score_gradboost":0.2328372,"score_random_forest":0.3406214,"score_logistic_regression":0.5589474,"score_fuzzy_knn_k29":0.6005451},"geometry":{"type":"Polygon","coordinates":[[[-68.9659314,-9.4555264],[-68.9577966,-9.4555255],[-68.9577973,-9.4501153],[-68.965932,-9.4501162],[-68.9659314,-9.4555264]]]}},{"type":"Feature","id":"AC-Y442-X668","properties":{"id":"AC-Y442-X668","grid_x":668,"grid_y":442,"centroid":[-68.9537296,-9.4528199],"aggregation":"none","score_gradboost":0.4864086,"score_random_forest":0.5599904,"score_logistic_regression":0.5971015,"score_fuzzy_knn_k29":0.3898038},"geometry":{"type":"Polygon","coordinates":[[[-68.9577966,-9.4555255],[-68.9496619,-9.4555245],[-68.9496626,-9.4501142],[-68.9577973,-9.4501153],[-68.9577966,-9.4555255]]]}},{"type":"Feature","id":"AC-Y443-X664","properties":{"id":"AC-Y443-X664","grid_x":664,"grid_y":443,"centroid":[-68.9862687,-9.4474124],"aggregation":"none","score_gradboost":0.1429932,"score_random_forest":0.2889365,"score_logistic_regression":0.5169208,"score_fuzzy_knn_k29":0.3177883},"geometry":{"type":"Polygon","coordinates":[[[-68.990336,-9.4501177],[-68.9822013,-9.4501174],[-68.9822016,-9.4447071],[-68.9903361,-9.4447074],[-68.990336,-9.4501177]]]}},{"type":"Feature","id":"AC-Y443-X665","properties":{"id":"AC-Y443-X665","grid_x":665,"grid_y":443,"centroid":[-68.9781341,-9.447412],"aggregation":"none","score_gradboost":0.2880579,"score_random_forest":0.2923741,"score_logistic_regression":0.5366637,"score_fuzzy_knn_k29":0.3438949},"geometry":{"type":"Polygon","coordinates":[[[-68.9822013,-9.4501174],[-68.9740666,-9.4501169],[-68.974067,-9.4447066],[-68.9822016,-9.4447071],[-68.9822013,-9.4501174]]]}},{"type":"Feature","id":"AC-Y443-X666","properties":{"id":"AC-Y443-X666","grid_x":666,"grid_y":443,"centroid":[-68.9699995,-9.4474114],"aggregation":"none","score_gradboost":0.1186479,"score_random_forest":0.2032191,"score_logistic_regression":0.5030847,"score_fuzzy_knn_k29":0.4093798},"geometry":{"type":"Polygon","coordinates":[[[-68.9740666,-9.4501169],[-68.965932,-9.4501162],[-68.9659325,-9.4447059],[-68.974067,-9.4447066],[-68.9740666,-9.4501169]]]}},{"type":"Feature","id":"AC-Y443-X667","properties":{"id":"AC-Y443-X667","grid_x":667,"grid_y":443,"centroid":[-68.9618649,-9.4474106],"aggregation":"none","score_gradboost":0.2338668,"score_random_forest":0.3512236,"score_logistic_regression":0.5761076,"score_fuzzy_knn_k29":0.4533345},"geometry":{"type":"Polygon","coordinates":[[[-68.965932,-9.4501162],[-68.9577973,-9.4501153],[-68.957798,-9.444705],[-68.9659325,-9.4447059],[-68.965932,-9.4501162]]]}},{"type":"Feature","id":"AC-Y443-X668","properties":{"id":"AC-Y443-X668","grid_x":668,"grid_y":443,"centroid":[-68.9537303,-9.4474096],"aggregation":"none","score_gradboost":0.3964744,"score_random_forest":0.5790707,"score_logistic_regression":0.5762545,"score_fuzzy_knn_k29":0.677737},"geometry":{"type":"Polygon","coordinates":[[[-68.9577973,-9.4501153],[-68.9496626,-9.4501142],[-68.9496634,-9.444704],[-68.957798,-9.444705],[-68.9577973,-9.4501153]]]}},{"type":"Feature","id":"AC-Y444-X665","properties":{"id":"AC-Y444-X665","grid_x":665,"grid_y":444,"centroid":[-68.9781345,-9.4420017],"aggregation":"none","score_gradboost":0.1996209,"score_random_forest":0.3113685,"score_logistic_regression":0.4954717,"score_fuzzy_knn_k29":0.3713897},"geometry":{"type":"Polygon","coordinates":[[[-68.9822016,-9.4447071],[-68.974067,-9.4447066],[-68.9740674,-9.4392963],[-68.9822018,-9.4392968],[-68.9822016,-9.4447071]]]}},{"type":"Feature","id":"AC-Y444-X666","properties":{"id":"AC-Y444-X666","grid_x":666,"grid_y":444,"centroid":[-68.97,-9.4420011],"aggregation":"none","score_gradboost":0.1250531,"score_random_forest":0.225332,"score_logistic_regression":0.4721072,"score_fuzzy_knn_k29":0.4054716},"geometry":{"type":"Polygon","coordinates":[[[-68.974067,-9.4447066],[-68.9659325,-9.4447059],[-68.965933,-9.4392956],[-68.9740674,-9.4392963],[-68.974067,-9.4447066]]]}},{"type":"Feature","id":"AC-Y444-X667","properties":{"id":"AC-Y444-X667","grid_x":667,"grid_y":444,"centroid":[-68.9618655,-9.4420004],"aggregation":"none","score_gradboost":0.1418689,"score_random_forest":0.2313767,"score_logistic_regression":0.5062118,"score_fuzzy_knn_k29":0.3936455},"geometry":{"type":"Polygon","coordinates":[[[-68.9659325,-9.4447059],[-68.957798,-9.444705],[-68.9577986,-9.4392948],[-68.965933,-9.4392956],[-68.9659325,-9.4447059]]]}},{"type":"Feature","id":"AC-Y444-X668","properties":{"id":"AC-Y444-X668","grid_x":668,"grid_y":444,"centroid":[-68.9537311,-9.4419994],"aggregation":"none","score_gradboost":0.4693881,"score_random_forest":0.5345339,"score_logistic_regression":0.5976791,"score_fuzzy_knn_k29":0.6782476},"geometry":{"type":"Polygon","coordinates":[[[-68.957798,-9.444705],[-68.9496634,-9.444704],[-68.9496642,-9.4392937],[-68.9577986,-9.4392948],[-68.957798,-9.444705]]]}},{"type":"Feature","id":"AC-Y445-X665","properties":{"id":"AC-Y445-X665","grid_x":665,"grid_y":445,"centroid":[-68.9781348,-9.4365915],"aggregation":"none","score_gradboost":0.108522,"score_random_forest":0.2325042,"score_logistic_regression":0.4883011,"score_fuzzy_knn_k29":0.30101},"geometry":{"type":"Polygon","coordinates":[[[-68.9822018,-9.4392968],[-68.9740674,-9.4392963],[-68.9740678,-9.4338861],[-68.9822021,-9.4338866],[-68.9822018,-9.4392968]]]}},{"type":"Feature","id":"AC-Y445-X666","properties":{"id":"AC-Y445-X666","grid_x":666,"grid_y":445,"centroid":[-68.9700005,-9.4365909],"aggregation":"none","score_gradboost":0.2060621,"score_random_forest":0.2440713,"score_logistic_regression":0.4884781,"score_fuzzy_knn_k29":0.4165162},"geometry":{"type":"Polygon","coordinates":[[[-68.9740674,-9.4392963],[-68.965933,-9.4392956],[-68.9659336,-9.4338854],[-68.9740678,-9.4338861],[-68.9740674,-9.4392963]]]}},{"type":"Feature","id":"AC-Y445-X667","properties":{"id":"AC-Y445-X667","grid_x":667,"grid_y":445,"centroid":[-68.9618661,-9.4365901],"aggregation":"none","score_gradboost":0.1040558,"score_random_forest":0.2004078,"score_logistic_regression":0.4938281,"score_fuzzy_knn_k29":0.3894343},"geometry":{"type":"Polygon","coordinates":[[[-68.965933,-9.4392956],[-68.9577986,-9.4392948],[-68.9577993,-9.4338845],[-68.9659336,-9.4338854],[-68.965933,-9.4392956]]]}},{"type":"Feature","id":"AC-Y446-X665","properties":{"id":"AC-Y446-X665","grid_x":665,"grid_y":446,"centroid":[-68.9781352,-9.4311812],"aggregation":"none","score_gradboost":0.1722671,"score_random_forest":0.2204464,"score_logistic_regression":0.5575035,"score_fuzzy_knn_k29":0.3825399},"geometry":{"type":"Polygon","coordinates":[[[-68.9822021,-9.4338866],[-68.9740678,-9.4338861],[-68.9740682,-9.4284758],[-68.9822024,-9.4284763],[-68.9822021,-9.4338866]]]}},{"type":"Feature","id":"AC-Y446-X666","properties":{"id":"AC-Y446-X666","grid_x":666,"grid_y":446,"centroid":[-68.9700009,-9.4311806],"aggregation":"none","score_gradboost":0.2540297,"score_random_forest":0.2361563,"score_logistic_regression":0.538671,"score_fuzzy_knn_k29":0.399075},"geometry":{"type":"Polygon","coordinates":[[[-68.9740678,-9.4338861],[-68.9659336,-9.4338854],[-68.9659341,-9.4284751],[-68.9740682,-9.4284758],[-68.9740678,-9.4338861]]]}},{"type":"Feature","id":"AC-Y445-X664","properties":{"id":"AC-Y445-X664","grid_x":664,"grid_y":445,"centroid":[-68.9862692,-9.4365919],"aggregation":"none","score_gradboost":0.1484491,"score_random_forest":0.244564,"score_logistic_regression":0.5085024,"score_fuzzy_knn_k29":0.2979636},"geometry":{"type":"Polygon","coordinates":[[[-68.9903363,-9.4392972],[-68.9822018,-9.4392968],[-68.9822021,-9.4338866],[-68.9903364,-9.4338869],[-68.9903363,-9.4392972]]]}},{"type":"Feature","id":"AC-Y446-X661","properties":{"id":"AC-Y446-X661","grid_x":661,"grid_y":446,"centroid":[-69.010672,-9.4311817],"aggregation":"none","score_gradboost":0.2134223,"score_random_forest":0.2247712,"score_logistic_regression":0.4052222,"score_fuzzy_knn_k29":0.3843429},"geometry":{"type":"Polygon","coordinates":[[[-69.0147393,-9.4338867],[-69.006605,-9.433887],[-69.0066049,-9.4284767],[-69.014739,-9.4284764],[-69.0147393,-9.4338867]]]}},{"type":"Feature","id":"AC-Y446-X662","properties":{"id":"AC-Y446-X662","grid_x":662,"grid_y":446,"centroid":[-69.0025378,-9.4311819],"aggregation":"none","score_gradboost":0.1507424,"score_random_forest":0.2746866,"score_logistic_regression":0.4446435,"score_fuzzy_knn_k29":0.3227438},"geometry":{"type":"Polygon","coordinates":[[[-69.006605,-9.433887],[-68.9984707,-9.433887],[-68.9984707,-9.4284767],[-69.0066049,-9.4284767],[-69.006605,-9.433887]]]}},{"type":"Feature","id":"AC-Y446-X663","properties":{"id":"AC-Y446-X663","grid_x":663,"grid_y":446,"centroid":[-68.9944036,-9.4311818],"aggregation":"none","score_gradboost":0.1327299,"score_random_forest":0.1583889,"score_logistic_regression":0.4945755,"score_fuzzy_knn_k29":0.4135115},"geometry":{"type":"Polygon","coordinates":[[[-68.9984707,-9.433887],[-68.9903364,-9.4338869],[-68.9903366,-9.4284766],[-68.9984707,-9.4284767],[-68.9984707,-9.433887]]]}},{"type":"Feature","id":"AC-Y446-X664","properties":{"id":"AC-Y446-X664","grid_x":664,"grid_y":446,"centroid":[-68.9862694,-9.4311816],"aggregation":"none","score_gradboost":0.1428702,"score_random_forest":0.2853933,"score_logistic_regression":0.4914538,"score_fuzzy_knn_k29":0.3147701},"geometry":{"type":"Polygon","coordinates":[[[-68.9903364,-9.4338869],[-68.9822021,-9.4338866],[-68.9822024,-9.4284763],[-68.9903366,-9.4284766],[-68.9903364,-9.4338869]]]}},{"type":"Feature","id":"AC-Y447-X662","properties":{"id":"AC-Y447-X662","grid_x":662,"grid_y":447,"centroid":[-69.0025378,-9.4257716],"aggregation":"none","score_gradboost":0.2562491,"score_random_forest":0.2923806,"score_logistic_regression":0.3950779,"score_fuzzy_knn_k29":0.2339846},"geometry":{"type":"Polygon","coordinates":[[[-69.0066049,-9.4284767],[-68.9984707,-9.4284767],[-68.9984707,-9.4230665],[-69.0066048,-9.4230664],[-69.0066049,-9.4284767]]]}},{"type":"Feature","id":"AC-Y447-X663","properties":{"id":"AC-Y447-X663","grid_x":663,"grid_y":447,"centroid":[-68.9944037,-9.4257716],"aggregation":"none","score_gradboost":0.1692117,"score_random_forest":0.1742166,"score_logistic_regression":0.5211995,"score_fuzzy_knn_k29":0.4096334},"geometry":{"type":"Polygon","coordinates":[[[-68.9984707,-9.4284767],[-68.9903366,-9.4284766],[-68.9903367,-9.4230663],[-68.9984707,-9.4230665],[-68.9984707,-9.4284767]]]}},{"type":"Feature","id":"AC-Y447-X664","properties":{"id":"AC-Y447-X664","grid_x":664,"grid_y":447,"centroid":[-68.9862696,-9.4257713],"aggregation":"none","score_gradboost":0.1975127,"score_random_forest":0.242587,"score_logistic_regression":0.5173928,"score_fuzzy_knn_k29":0.3691354},"geometry":{"type":"Polygon","coordinates":[[[-68.9903366,-9.4284766],[-68.9822024,-9.4284763],[-68.9822027,-9.423066],[-68.9903367,-9.4230663],[-68.9903366,-9.4284766]]]}},{"type":"Feature","id":"AC-Y447-X665","properties":{"id":"AC-Y447-X665","grid_x":665,"grid_y":447,"centroid":[-68.9781355,-9.4257709],"aggregation":"none","score_gradboost":0.2345142,"score_random_forest":0.2739478,"score_logistic_regression":0.5761033,"score_fuzzy_knn_k29":0.4149764},"geometry":{"type":"Polygon","coordinates":[[[-68.9822024,-9.4284763],[-68.9740682,-9.4284758],[-68.9740687,-9.4230655],[-68.9822027,-9.423066],[-68.9822024,-9.4284763]]]}},{"type":"Feature","id":"AC-Y448-X662","properties":{"id":"AC-Y448-X662","grid_x":662,"grid_y":448,"centroid":[-69.0025377,-9.4203613],"aggregation":"none","score_gradboost":0.2583026,"score_random_forest":0.3007472,"score_logistic_regression":0.401182,"score_fuzzy_knn_k29":0.2859061},"geometry":{"type":"Polygon","coordinates":[[[-69.0066048,-9.4230664],[-68.9984707,-9.4230665],[-68.9984708,-9.4176562],[-69.0066047,-9.4176561],[-69.0066048,-9.4230664]]]}},{"type":"Feature","id":"AC-Y448-X663","properties":{"id":"AC-Y448-X663","grid_x":663,"grid_y":448,"centroid":[-68.9944038,-9.4203613],"aggregation":"none","score_gradboost":0.1276081,"score_random_forest":0.2056361,"score_logistic_regression":0.4544098,"score_fuzzy_knn_k29":0.325848},"geometry":{"type":"Polygon","coordinates":[[[-68.9984707,-9.4230665],[-68.9903367,-9.4230663],[-68.9903369,-9.4176561],[-68.9984708,-9.4176562],[-68.9984707,-9.4230665]]]}},{"type":"Feature","id":"AC-Y448-X664","properties":{"id":"AC-Y448-X664","grid_x":664,"grid_y":448,"centroid":[-68.9862698,-9.4203611],"aggregation":"none","score_gradboost":0.2295369,"score_random_forest":0.2533192,"score_logistic_regression":0.5184705,"score_fuzzy_knn_k29":0.3116764},"geometry":{"type":"Polygon","coordinates":[[[-68.9903367,-9.4230663],[-68.9822027,-9.423066],[-68.982203,-9.4176558],[-68.9903369,-9.4176561],[-68.9903367,-9.4230663]]]}},{"type":"Feature","id":"AC-Y448-X665","properties":{"id":"AC-Y448-X665","grid_x":665,"grid_y":448,"centroid":[-68.9781358,-9.4203607],"aggregation":"none","score_gradboost":0.1722671,"score_random_forest":0.245132,"score_logistic_regression":0.553364,"score_fuzzy_knn_k29":0.3749907},"geometry":{"type":"Polygon","coordinates":[[[-68.9822027,-9.423066],[-68.9740687,-9.4230655],[-68.9740691,-9.4176553],[-68.982203,-9.4176558],[-68.9822027,-9.423066]]]}},{"type":"Feature","id":"AC-Y449-X662","properties":{"id":"AC-Y449-X662","grid_x":662,"grid_y":449,"centroid":[-69.0025377,-9.4149511],"aggregation":"none","score_gradboost":0.2340233,"score_random_forest":0.245967,"score_logistic_regression":0.4688601,"score_fuzzy_knn_k29":0.4347439},"geometry":{"type":"Polygon","coordinates":[[[-69.0066047,-9.4176561],[-68.9984708,-9.4176562],[-68.9984708,-9.4122459],[-69.0066046,-9.4122459],[-69.0066047,-9.4176561]]]}},{"type":"Feature","id":"AC-Y449-X663","properties":{"id":"AC-Y449-X663","grid_x":663,"grid_y":449,"centroid":[-68.9944039,-9.414951],"aggregation":"none","score_gradboost":0.2212598,"score_random_forest":0.1728104,"score_logistic_regression":0.5282336,"score_fuzzy_knn_k29":0.4901504},"geometry":{"type":"Polygon","coordinates":[[[-68.9984708,-9.4176562],[-68.9903369,-9.4176561],[-68.990337,-9.4122458],[-68.9984708,-9.4122459],[-68.9984708,-9.4176562]]]}},{"type":"Feature","id":"AC-Y449-X664","properties":{"id":"AC-Y449-X664","grid_x":664,"grid_y":449,"centroid":[-68.98627,-9.4149508],"aggregation":"none","score_gradboost":0.2309042,"score_random_forest":0.1935685,"score_logistic_regression":0.5004014,"score_fuzzy_knn_k29":0.3540049},"geometry":{"type":"Polygon","coordinates":[[[-68.9903369,-9.4176561],[-68.982203,-9.4176558],[-68.9822032,-9.4122455],[-68.990337,-9.4122458],[-68.9903369,-9.4176561]]]}},{"type":"Feature","id":"AC-Y449-X665","properties":{"id":"AC-Y449-X665","grid_x":665,"grid_y":449,"centroid":[-68.9781362,-9.4149504],"aggregation":"none","score_gradboost":0.1647591,"score_random_forest":0.1966396,"score_logistic_regression":0.5401884,"score_fuzzy_knn_k29":0.3410532},"geometry":{"type":"Polygon","coordinates":[[[-68.982203,-9.4176558],[-68.9740691,-9.4176553],[-68.9740695,-9.412245],[-68.9822032,-9.4122455],[-68.982203,-9.4176558]]]}},{"type":"Feature","id":"AC-Y450-X662","properties":{"id":"AC-Y450-X662","grid_x":662,"grid_y":450,"centroid":[-69.0025377,-9.4095408],"aggregation":"none","score_gradboost":0.2271267,"score_random_forest":0.2588717,"score_logistic_regression":0.4226443,"score_fuzzy_knn_k29":0.4250703},"geometry":{"type":"Polygon","coordinates":[[[-69.0066046,-9.4122459],[-68.9984708,-9.4122459],[-68.9984708,-9.4068357],[-69.0066045,-9.4068356],[-69.0066046,-9.4122459]]]}},{"type":"Feature","id":"AC-Y450-X663","properties":{"id":"AC-Y450-X663","grid_x":663,"grid_y":450,"centroid":[-68.9944039,-9.4095408],"aggregation":"none","score_gradboost":0.1336386,"score_random_forest":0.1703627,"score_logistic_regression":0.4286387,"score_fuzzy_knn_k29":0.2280658},"geometry":{"type":"Polygon","coordinates":[[[-68.9984708,-9.4122459],[-68.990337,-9.4122458],[-68.9903372,-9.4068355],[-68.9984708,-9.4068357],[-68.9984708,-9.4122459]]]}},{"type":"Feature","id":"AC-Y450-X664","properties":{"id":"AC-Y450-X664","grid_x":664,"grid_y":450,"centroid":[-68.9862702,-9.4095405],"aggregation":"none","score_gradboost":0.2761906,"score_random_forest":0.176253,"score_logistic_regression":0.5213708,"score_fuzzy_knn_k29":0.3592512},"geometry":{"type":"Polygon","coordinates":[[[-68.990337,-9.4122458],[-68.9822032,-9.4122455],[-68.9822035,-9.4068352],[-68.9903372,-9.4068355],[-68.990337,-9.4122458]]]}},{"type":"Feature","id":"AC-Y450-X665","properties":{"id":"AC-Y450-X665","grid_x":665,"grid_y":450,"centroid":[-68.9781365,-9.4095401],"aggregation":"none","score_gradboost":0.2036146,"score_random_forest":0.2226634,"score_logistic_regression":0.5797976,"score_fuzzy_knn_k29":0.4226088},"geometry":{"type":"Polygon","coordinates":[[[-68.9822032,-9.4122455],[-68.9740695,-9.412245],[-68.9740699,-9.4068347],[-68.9822035,-9.4068352],[-68.9822032,-9.4122455]]]}},{"type":"Feature","id":"AC-Y451-X662","properties":{"id":"AC-Y451-X662","grid_x":662,"grid_y":451,"centroid":[-69.0025376,-9.4041305],"aggregation":"none","score_gradboost":0.2146055,"score_random_forest":0.2178745,"score_logistic_regression":0.4728196,"score_fuzzy_knn_k29":0.5326848},"geometry":{"type":"Polygon","coordinates":[[[-69.0066045,-9.4068356],[-68.9984708,-9.4068357],[-68.9984708,-9.4014254],[-69.0066044,-9.4014253],[-69.0066045,-9.4068356]]]}},{"type":"Feature","id":"AC-Y451-X663","properties":{"id":"AC-Y451-X663","grid_x":663,"grid_y":451,"centroid":[-68.994404,-9.4041305],"aggregation":"none","score_gradboost":0.1275422,"score_random_forest":0.1644259,"score_logistic_regression":0.4259846,"score_fuzzy_knn_k29":0.2215492},"geometry":{"type":"Polygon","coordinates":[[[-68.9984708,-9.4068357],[-68.9903372,-9.4068355],[-68.9903373,-9.4014252],[-68.9984708,-9.4014254],[-68.9984708,-9.4068357]]]}},{"type":"Feature","id":"AC-Y451-X664","properties":{"id":"AC-Y451-X664","grid_x":664,"grid_y":451,"centroid":[-68.9862704,-9.4041303],"aggregation":"none","score_gradboost":0.2767343,"score_random_forest":0.1817263,"score_logistic_regression":0.5136155,"score_fuzzy_knn_k29":0.3189542},"geometry":{"type":"Polygon","coordinates":[[[-68.9903372,-9.4068355],[-68.9822035,-9.4068352],[-68.9822038,-9.4014249],[-68.9903373,-9.4014252],[-68.9903372,-9.4068355]]]}},{"type":"Feature","id":"AC-Y451-X665","properties":{"id":"AC-Y451-X665","grid_x":665,"grid_y":451,"centroid":[-68.9781369,-9.4041298],"aggregation":"none","score_gradboost":0.1931814,"score_random_forest":0.2122219,"score_logistic_regression":0.5462092,"score_fuzzy_knn_k29":0.4454392},"geometry":{"type":"Polygon","coordinates":[[[-68.9822035,-9.4068352],[-68.9740699,-9.4068347],[-68.9740703,-9.4014244],[-68.9822038,-9.4014249],[-68.9822035,-9.4068352]]]}},{"type":"Feature","id":"AC-Y452-X662","properties":{"id":"AC-Y452-X662","grid_x":662,"grid_y":452,"centroid":[-69.0025376,-9.3987202],"aggregation":"none","score_gradboost":0.2293922,"score_random_forest":0.2785423,"score_logistic_regression":0.4136425,"score_fuzzy_knn_k29":0.4171741},"geometry":{"type":"Polygon","coordinates":[[[-69.0066044,-9.4014253],[-68.9984708,-9.4014254],[-68.9984709,-9.3960151],[-69.0066043,-9.396015],[-69.0066044,-9.4014253]]]}},{"type":"Feature","id":"AC-Y452-X663","properties":{"id":"AC-Y452-X663","grid_x":663,"grid_y":452,"centroid":[-68.9944041,-9.3987202],"aggregation":"none","score_gradboost":0.1657344,"score_random_forest":0.2190613,"score_logistic_regression":0.4083138,"score_fuzzy_knn_k29":0.1911487},"geometry":{"type":"Polygon","coordinates":[[[-68.9984708,-9.4014254],[-68.9903373,-9.4014252],[-68.9903375,-9.396015],[-68.9984709,-9.3960151],[-68.9984708,-9.4014254]]]}},{"type":"Feature","id":"AC-Y452-X664","properties":{"id":"AC-Y452-X664","grid_x":664,"grid_y":452,"centroid":[-68.9862707,-9.39872],"aggregation":"none","score_gradboost":0.1348483,"score_random_forest":0.1763848,"score_logistic_regression":0.4682667,"score_fuzzy_knn_k29":0.3795547},"geometry":{"type":"Polygon","coordinates":[[[-68.9903373,-9.4014252],[-68.9822038,-9.4014249],[-68.9822041,-9.3960147],[-68.9903375,-9.396015],[-68.9903373,-9.4014252]]]}},{"type":"Feature","id":"AC-Y452-X665","properties":{"id":"AC-Y452-X665","grid_x":665,"grid_y":452,"centroid":[-68.9781372,-9.3987196],"aggregation":"none","score_gradboost":0.2010313,"score_random_forest":0.2191281,"score_logistic_regression":0.4908141,"score_fuzzy_knn_k29":0.4301293},"geometry":{"type":"Polygon","coordinates":[[[-68.9822038,-9.4014249],[-68.9740703,-9.4014244],[-68.9740707,-9.3960141],[-68.9822041,-9.3960147],[-68.9822038,-9.4014249]]]}},{"type":"Feature","id":"AC-Y452-X666","properties":{"id":"AC-Y452-X666","grid_x":666,"grid_y":452,"centroid":[-68.9700037,-9.398719],"aggregation":"none","score_gradboost":0.1625871,"score_random_forest":0.1661912,"score_logistic_regression":0.5521259,"score_fuzzy_knn_k29":0.3705264},"geometry":{"type":"Polygon","coordinates":[[[-68.9740703,-9.4014244],[-68.9659367,-9.4014237],[-68.9659373,-9.3960135],[-68.9740707,-9.3960141],[-68.9740703,-9.4014244]]]}},{"type":"Feature","id":"AC-Y452-X668","properties":{"id":"AC-Y452-X668","grid_x":668,"grid_y":452,"centroid":[-68.9537368,-9.3987172],"aggregation":"none","score_gradboost":0.3047668,"score_random_forest":0.237667,"score_logistic_regression":0.6210626,"score_fuzzy_knn_k29":0.4809733},"geometry":{"type":"Polygon","coordinates":[[[-68.9578032,-9.4014229],[-68.9496697,-9.4014218],[-68.9496705,-9.3960115],[-68.9578039,-9.3960126],[-68.9578032,-9.4014229]]]}},{"type":"Feature","id":"AC-Y453-X662","properties":{"id":"AC-Y453-X662","grid_x":662,"grid_y":453,"centroid":[-69.0025375,-9.39331],"aggregation":"none","score_gradboost":0.3641261,"score_random_forest":0.2132576,"score_logistic_regression":0.4750673,"score_fuzzy_knn_k29":0.5342391},"geometry":{"type":"Polygon","coordinates":[[[-69.0066043,-9.396015],[-68.9984709,-9.3960151],[-68.9984709,-9.3906048],[-69.0066041,-9.3906048],[-69.0066043,-9.396015]]]}},{"type":"Feature","id":"AC-Y453-X663","properties":{"id":"AC-Y453-X663","grid_x":663,"grid_y":453,"centroid":[-68.9944042,-9.3933099],"aggregation":"none","score_gradboost":0.2649513,"score_random_forest":0.2864726,"score_logistic_regression":0.4011772,"score_fuzzy_knn_k29":0.3065899},"geometry":{"type":"Polygon","coordinates":[[[-68.9984709,-9.3960151],[-68.9903375,-9.396015],[-68.9903376,-9.3906047],[-68.9984709,-9.3906048],[-68.9984709,-9.3960151]]]}},{"type":"Feature","id":"AC-Y453-X664","properties":{"id":"AC-Y453-X664","grid_x":664,"grid_y":453,"centroid":[-68.9862709,-9.3933097],"aggregation":"none","score_gradboost":0.1255551,"score_random_forest":0.1643201,"score_logistic_regression":0.4660253,"score_fuzzy_knn_k29":0.3435623},"geometry":{"type":"Polygon","coordinates":[[[-68.9903375,-9.396015],[-68.9822041,-9.3960147],[-68.9822043,-9.3906044],[-68.9903376,-9.3906047],[-68.9903375,-9.396015]]]}},{"type":"Feature","id":"AC-Y453-X665","properties":{"id":"AC-Y453-X665","grid_x":665,"grid_y":453,"centroid":[-68.9781375,-9.3933093],"aggregation":"none","score_gradboost":0.2464562,"score_random_forest":0.1847751,"score_logistic_regression":0.5178358,"score_fuzzy_knn_k29":0.3626287},"geometry":{"type":"Polygon","coordinates":[[[-68.9822041,-9.3960147],[-68.9740707,-9.3960141],[-68.9740711,-9.3906039],[-68.9822043,-9.3906044],[-68.9822041,-9.3960147]]]}},{"type":"Feature","id":"AC-Y453-X666","properties":{"id":"AC-Y453-X666","grid_x":666,"grid_y":453,"centroid":[-68.9700042,-9.3933087],"aggregation":"none","score_gradboost":0.2445304,"score_random_forest":0.2043043,"score_logistic_regression":0.579668,"score_fuzzy_knn_k29":0.46513},"geometry":{"type":"Polygon","coordinates":[[[-68.9740707,-9.3960141],[-68.9659373,-9.3960135],[-68.9659378,-9.3906032],[-68.9740711,-9.3906039],[-68.9740707,-9.3960141]]]}},{"type":"Feature","id":"AC-Y453-X667","properties":{"id":"AC-Y453-X667","grid_x":667,"grid_y":453,"centroid":[-68.9618709,-9.3933079],"aggregation":"none","score_gradboost":0.2345142,"score_random_forest":0.2794612,"score_logistic_regression":0.5616108,"score_fuzzy_knn_k29":0.3888402},"geometry":{"type":"Polygon","coordinates":[[[-68.9659373,-9.3960135],[-68.9578039,-9.3960126],[-68.9578045,-9.3906023],[-68.9659378,-9.3906032],[-68.9659373,-9.3960135]]]}},{"type":"Feature","id":"AC-Y453-X668","properties":{"id":"AC-Y453-X668","grid_x":668,"grid_y":453,"centroid":[-68.9537375,-9.3933069],"aggregation":"none","score_gradboost":0.3047668,"score_random_forest":0.2434941,"score_logistic_regression":0.6355045,"score_fuzzy_knn_k29":0.4903799},"geometry":{"type":"Polygon","coordinates":[[[-68.9578039,-9.3960126],[-68.9496705,-9.3960115],[-68.9496713,-9.3906012],[-68.9578045,-9.3906023],[-68.9578039,-9.3960126]]]}},{"type":"Feature","id":"AC-Y454-X662","properties":{"id":"AC-Y454-X662","grid_x":662,"grid_y":454,"centroid":[-69.0025375,-9.3878997],"aggregation":"none","score_gradboost":0.2991983,"score_random_forest":0.2859137,"score_logistic_regression":0.4529439,"score_fuzzy_knn_k29":0.0289572},"geometry":{"type":"Polygon","coordinates":[[[-69.0066041,-9.3906048],[-68.9984709,-9.3906048],[-68.9984709,-9.3851945],[-69.006604,-9.3851945],[-69.0066041,-9.3906048]]]}},{"type":"Feature","id":"AC-Y454-X663","properties":{"id":"AC-Y454-X663","grid_x":663,"grid_y":454,"centroid":[-68.9944043,-9.3878996],"aggregation":"none","score_gradboost":0.2767871,"score_random_forest":0.262773,"score_logistic_regression":0.3942853,"score_fuzzy_knn_k29":0.3319104},"geometry":{"type":"Polygon","coordinates":[[[-68.9984709,-9.3906048],[-68.9903376,-9.3906047],[-68.9903378,-9.3851944],[-68.9984709,-9.3851945],[-68.9984709,-9.3906048]]]}},{"type":"Feature","id":"AC-Y454-X664","properties":{"id":"AC-Y454-X664","grid_x":664,"grid_y":454,"centroid":[-68.9862711,-9.3878994],"aggregation":"none","score_gradboost":0.1399812,"score_random_forest":0.2602754,"score_logistic_regression":0.4352338,"score_fuzzy_knn_k29":0.3072665},"geometry":{"type":"Polygon","coordinates":[[[-68.9903376,-9.3906047],[-68.9822043,-9.3906044],[-68.9822046,-9.3851941],[-68.9903378,-9.3851944],[-68.9903376,-9.3906047]]]}},{"type":"Feature","id":"AC-Y454-X665","properties":{"id":"AC-Y454-X665","grid_x":665,"grid_y":454,"centroid":[-68.9781379,-9.387899],"aggregation":"none","score_gradboost":0.1264093,"score_random_forest":0.1356463,"score_logistic_regression":0.4935402,"score_fuzzy_knn_k29":0.3879847},"geometry":{"type":"Polygon","coordinates":[[[-68.9822043,-9.3906044],[-68.9740711,-9.3906039],[-68.9740715,-9.3851936],[-68.9822046,-9.3851941],[-68.9822043,-9.3906044]]]}},{"type":"Feature","id":"AC-Y454-X666","properties":{"id":"AC-Y454-X666","grid_x":666,"grid_y":454,"centroid":[-68.9700047,-9.3878984],"aggregation":"none","score_gradboost":0.2670503,"score_random_forest":0.1592933,"score_logistic_regression":0.6093221,"score_fuzzy_knn_k29":0.45026},"geometry":{"type":"Polygon","coordinates":[[[-68.9740711,-9.3906039],[-68.9659378,-9.3906032],[-68.9659383,-9.3851929],[-68.9740715,-9.3851936],[-68.9740711,-9.3906039]]]}},{"type":"Feature","id":"AC-Y454-X667","properties":{"id":"AC-Y454-X667","grid_x":667,"grid_y":454,"centroid":[-68.9618715,-9.3878976],"aggregation":"none","score_gradboost":0.2041609,"score_random_forest":0.202976,"score_logistic_regression":0.6275865,"score_fuzzy_knn_k29":0.4428258},"geometry":{"type":"Polygon","coordinates":[[[-68.9659378,-9.3906032],[-68.9578045,-9.3906023],[-68.9578052,-9.385192],[-68.9659383,-9.3851929],[-68.9659378,-9.3906032]]]}},{"type":"Feature","id":"AC-Y454-X668","properties":{"id":"AC-Y454-X668","grid_x":668,"grid_y":454,"centroid":[-68.9537383,-9.3878967],"aggregation":"none","score_gradboost":0.3012834,"score_random_forest":0.2540228,"score_logistic_regression":0.6088691,"score_fuzzy_knn_k29":0.4210222},"geometry":{"type":"Polygon","coordinates":[[[-68.9578045,-9.3906023],[-68.9496713,-9.3906012],[-68.949672,-9.385191],[-68.9578052,-9.385192],[-68.9578045,-9.3906023]]]}},{"type":"Feature","id":"AC-Y455-X663","properties":{"id":"AC-Y455-X663","grid_x":663,"grid_y":455,"centroid":[-68.9944044,-9.3824894],"aggregation":"none","score_gradboost":0.2577571,"score_random_forest":0.213683,"score_logistic_regression":0.4686356,"score_fuzzy_knn_k29":0.431318},"geometry":{"type":"Polygon","coordinates":[[[-68.9984709,-9.3851945],[-68.9903378,-9.3851944],[-68.9903379,-9.3797841],[-68.9984709,-9.3797842],[-68.9984709,-9.3851945]]]}},{"type":"Feature","id":"AC-Y455-X664","properties":{"id":"AC-Y455-X664","grid_x":664,"grid_y":455,"centroid":[-68.9862713,-9.3824891],"aggregation":"none","score_gradboost":0.2547597,"score_random_forest":0.2673965,"score_logistic_regression":0.5083415,"score_fuzzy_knn_k29":0.5440222},"geometry":{"type":"Polygon","coordinates":[[[-68.9903378,-9.3851944],[-68.9822046,-9.3851941],[-68.9822049,-9.3797838],[-68.9903379,-9.3797841],[-68.9903378,-9.3851944]]]}},{"type":"Feature","id":"AC-Y455-X665","properties":{"id":"AC-Y455-X665","grid_x":665,"grid_y":455,"centroid":[-68.9781382,-9.3824887],"aggregation":"none","score_gradboost":0.1248444,"score_random_forest":0.1314479,"score_logistic_regression":0.4854156,"score_fuzzy_knn_k29":0.3960045},"geometry":{"type":"Polygon","coordinates":[[[-68.9822046,-9.3851941],[-68.9740715,-9.3851936],[-68.9740719,-9.3797833],[-68.9822049,-9.3797838],[-68.9822046,-9.3851941]]]}},{"type":"Feature","id":"AC-Y455-X666","properties":{"id":"AC-Y455-X666","grid_x":666,"grid_y":455,"centroid":[-68.9700051,-9.3824881],"aggregation":"none","score_gradboost":0.187377,"score_random_forest":0.22982,"score_logistic_regression":0.4723748,"score_fuzzy_knn_k29":0.3631217},"geometry":{"type":"Polygon","coordinates":[[[-68.9740715,-9.3851936],[-68.9659383,-9.3851929],[-68.9659389,-9.3797826],[-68.9740719,-9.3797833],[-68.9740715,-9.3851936]]]}},{"type":"Feature","id":"AC-Y455-X667","properties":{"id":"AC-Y455-X667","grid_x":667,"grid_y":455,"centroid":[-68.9618721,-9.3824873],"aggregation":"none","score_gradboost":0.1920526,"score_random_forest":0.2036751,"score_logistic_regression":0.6113577,"score_fuzzy_knn_k29":0.4362176},"geometry":{"type":"Polygon","coordinates":[[[-68.9659383,-9.3851929],[-68.9578052,-9.385192],[-68.9578058,-9.3797817],[-68.9659389,-9.3797826],[-68.9659383,-9.3851929]]]}},{"type":"Feature","id":"AC-Y455-X668","properties":{"id":"AC-Y455-X668","grid_x":668,"grid_y":455,"centroid":[-68.953739,-9.3824864],"aggregation":"none","score_gradboost":0.2912461,"score_random_forest":0.2578313,"score_logistic_regression":0.6378832,"score_fuzzy_knn_k29":0.4983305},"geometry":{"type":"Polygon","coordinates":[[[-68.9578052,-9.385192],[-68.949672,-9.385191],[-68.9496728,-9.3797807],[-68.9578058,-9.3797817],[-68.9578052,-9.385192]]]}},{"type":"Feature","id":"AC-Y456-X663","properties":{"id":"AC-Y456-X663","grid_x":663,"grid_y":456,"centroid":[-68.9944045,-9.3770791],"aggregation":"none","score_gradboost":0.2826295,"score_random_forest":0.2558496,"score_logistic_regression":0.3938202,"score_fuzzy_knn_k29":0.472917},"geometry":{"type":"Polygon","coordinates":[[[-68.9984709,-9.3797842],[-68.9903379,-9.3797841],[-68.9903381,-9.3743738],[-68.9984709,-9.374374],[-68.9984709,-9.3797842]]]}},{"type":"Feature","id":"AC-Y456-X664","properties":{"id":"AC-Y456-X664","grid_x":664,"grid_y":456,"centroid":[-68.9862715,-9.3770788],"aggregation":"none","score_gradboost":0.2483408,"score_random_forest":0.2481264,"score_logistic_regression":0.4615502,"score_fuzzy_knn_k29":0.4085693},"geometry":{"type":"Polygon","coordinates":[[[-68.9903379,-9.3797841],[-68.9822049,-9.3797838],[-68.9822052,-9.3743735],[-68.9903381,-9.3743738],[-68.9903379,-9.3797841]]]}},{"type":"Feature","id":"AC-Y456-X665","properties":{"id":"AC-Y456-X665","grid_x":665,"grid_y":456,"centroid":[-68.9781386,-9.3770784],"aggregation":"none","score_gradboost":0.1689675,"score_random_forest":0.1270655,"score_logistic_regression":0.4969444,"score_fuzzy_knn_k29":0.4372673},"geometry":{"type":"Polygon","coordinates":[[[-68.9822049,-9.3797838],[-68.9740719,-9.3797833],[-68.9740723,-9.374373],[-68.9822052,-9.3743735],[-68.9822049,-9.3797838]]]}},{"type":"Feature","id":"AC-Y456-X666","properties":{"id":"AC-Y456-X666","grid_x":666,"grid_y":456,"centroid":[-68.9700056,-9.3770778],"aggregation":"none","score_gradboost":0.3369658,"score_random_forest":0.2054681,"score_logistic_regression":0.5420533,"score_fuzzy_knn_k29":0.5088832},"geometry":{"type":"Polygon","coordinates":[[[-68.9740719,-9.3797833],[-68.9659389,-9.3797826],[-68.9659394,-9.3743723],[-68.9740723,-9.374373],[-68.9740719,-9.3797833]]]}},{"type":"Feature","id":"AC-Y456-X667","properties":{"id":"AC-Y456-X667","grid_x":667,"grid_y":456,"centroid":[-68.9618726,-9.3770771],"aggregation":"none","score_gradboost":0.1523975,"score_random_forest":0.1975016,"score_logistic_regression":0.612862,"score_fuzzy_knn_k29":0.4165148},"geometry":{"type":"Polygon","coordinates":[[[-68.9659389,-9.3797826],[-68.9578058,-9.3797817],[-68.9578065,-9.3743715],[-68.9659394,-9.3743723],[-68.9659389,-9.3797826]]]}},{"type":"Feature","id":"AC-Y456-X668","properties":{"id":"AC-Y456-X668","grid_x":668,"grid_y":456,"centroid":[-68.9537397,-9.3770761],"aggregation":"none","score_gradboost":0.2863024,"score_random_forest":0.3234313,"score_logistic_regression":0.5415881,"score_fuzzy_knn_k29":0.4134487},"geometry":{"type":"Polygon","coordinates":[[[-68.9578058,-9.3797817],[-68.9496728,-9.3797807],[-68.9496736,-9.3743704],[-68.9578065,-9.3743715],[-68.9578058,-9.3797817]]]}},{"type":"Feature","id":"AC-Y457-X663","properties":{"id":"AC-Y457-X663","grid_x":663,"grid_y":457,"centroid":[-68.9944045,-9.3716688],"aggregation":"none","score_gradboost":0.3643662,"score_random_forest":0.3372029,"score_logistic_regression":0.3771761,"score_fuzzy_knn_k29":0.4781847},"geometry":{"type":"Polygon","coordinates":[[[-68.9984709,-9.374374],[-68.9903381,-9.3743738],[-68.9903382,-9.3689635],[-68.998471,-9.3689637],[-68.9984709,-9.374374]]]}},{"type":"Feature","id":"AC-Y457-X664","properties":{"id":"AC-Y457-X664","grid_x":664,"grid_y":457,"centroid":[-68.9862717,-9.3716686],"aggregation":"none","score_gradboost":0.2146055,"score_random_forest":0.2331559,"score_logistic_regression":0.4684159,"score_fuzzy_knn_k29":0.497147},"geometry":{"type":"Polygon","coordinates":[[[-68.9903381,-9.3743738],[-68.9822052,-9.3743735],[-68.9822054,-9.3689632],[-68.9903382,-9.3689635],[-68.9903381,-9.3743738]]]}},{"type":"Feature","id":"AC-Y457-X665","properties":{"id":"AC-Y457-X665","grid_x":665,"grid_y":457,"centroid":[-68.9781389,-9.3716681],"aggregation":"none","score_gradboost":0.1502267,"score_random_forest":0.1679375,"score_logistic_regression":0.4700639,"score_fuzzy_knn_k29":0.3352483},"geometry":{"type":"Polygon","coordinates":[[[-68.9822052,-9.3743735],[-68.9740723,-9.374373],[-68.9740727,-9.3689627],[-68.9822054,-9.3689632],[-68.9822052,-9.3743735]]]}},{"type":"Feature","id":"AC-Y457-X666","properties":{"id":"AC-Y457-X666","grid_x":666,"grid_y":457,"centroid":[-68.9700061,-9.3716676],"aggregation":"none","score_gradboost":0.300214,"score_random_forest":0.200205,"score_logistic_regression":0.5468001,"score_fuzzy_knn_k29":0.4177497},"geometry":{"type":"Polygon","coordinates":[[[-68.9740723,-9.374373],[-68.9659394,-9.3743723],[-68.9659399,-9.368962],[-68.9740727,-9.3689627],[-68.9740723,-9.374373]]]}},{"type":"Feature","id":"AC-Y457-X667","properties":{"id":"AC-Y457-X667","grid_x":667,"grid_y":457,"centroid":[-68.9618732,-9.3716668],"aggregation":"none","score_gradboost":0.3215227,"score_random_forest":0.3010971,"score_logistic_regression":0.5551919,"score_fuzzy_knn_k29":0.7159045},"geometry":{"type":"Polygon","coordinates":[[[-68.9659394,-9.3743723],[-68.9578065,-9.3743715],[-68.9578071,-9.3689612],[-68.9659399,-9.368962],[-68.9659394,-9.3743723]]]}},{"type":"Feature","id":"AC-Y457-X668","properties":{"id":"AC-Y457-X668","grid_x":668,"grid_y":457,"centroid":[-68.9537404,-9.3716658],"aggregation":"none","score_gradboost":0.2879856,"score_random_forest":0.2899014,"score_logistic_regression":0.5959572,"score_fuzzy_knn_k29":0.4109228},"geometry":{"type":"Polygon","coordinates":[[[-68.9578065,-9.3743715],[-68.9496736,-9.3743704],[-68.9496744,-9.3689601],[-68.9578071,-9.3689612],[-68.9578065,-9.3743715]]]}},{"type":"Feature","id":"AC-Y458-X663","properties":{"id":"AC-Y458-X663","grid_x":663,"grid_y":458,"centroid":[-68.9944046,-9.3662585],"aggregation":"none","score_gradboost":0.3955999,"score_random_forest":0.3391748,"score_logistic_regression":0.4358193,"score_fuzzy_knn_k29":0.3829379},"geometry":{"type":"Polygon","coordinates":[[[-68.998471,-9.3689637],[-68.9903382,-9.3689635],[-68.9903384,-9.3635533],[-68.998471,-9.3635534],[-68.998471,-9.3689637]]]}},{"type":"Feature","id":"AC-Y458-X664","properties":{"id":"AC-Y458-X664","grid_x":664,"grid_y":458,"centroid":[-68.9862719,-9.3662583],"aggregation":"none","score_gradboost":0.2640531,"score_random_forest":0.2389898,"score_logistic_regression":0.4995206,"score_fuzzy_knn_k29":0.6221132},"geometry":{"type":"Polygon","coordinates":[[[-68.9903382,-9.3689635],[-68.9822054,-9.3689632],[-68.9822057,-9.3635529],[-68.9903384,-9.3635533],[-68.9903382,-9.3689635]]]}},{"type":"Feature","id":"AC-Y458-X665","properties":{"id":"AC-Y458-X665","grid_x":665,"grid_y":458,"centroid":[-68.9781392,-9.3662579],"aggregation":"none","score_gradboost":0.2151522,"score_random_forest":0.2904208,"score_logistic_regression":0.4502424,"score_fuzzy_knn_k29":0.3190135},"geometry":{"type":"Polygon","coordinates":[[[-68.9822054,-9.3689632],[-68.9740727,-9.3689627],[-68.9740731,-9.3635524],[-68.9822057,-9.3635529],[-68.9822054,-9.3689632]]]}},{"type":"Feature","id":"AC-Y458-X666","properties":{"id":"AC-Y458-X666","grid_x":666,"grid_y":458,"centroid":[-68.9700065,-9.3662573],"aggregation":"none","score_gradboost":0.1630505,"score_random_forest":0.1677557,"score_logistic_regression":0.5211245,"score_fuzzy_knn_k29":0.4762246},"geometry":{"type":"Polygon","coordinates":[[[-68.9740727,-9.3689627],[-68.9659399,-9.368962],[-68.9659404,-9.3635518],[-68.9740731,-9.3635524],[-68.9740727,-9.3689627]]]}},{"type":"Feature","id":"AC-Y458-X667","properties":{"id":"AC-Y458-X667","grid_x":667,"grid_y":458,"centroid":[-68.9618738,-9.3662565],"aggregation":"none","score_gradboost":0.2294279,"score_random_forest":0.2225894,"score_logistic_regression":0.5105097,"score_fuzzy_knn_k29":0.1626658},"geometry":{"type":"Polygon","coordinates":[[[-68.9659399,-9.368962],[-68.9578071,-9.3689612],[-68.9578078,-9.3635509],[-68.9659404,-9.3635518],[-68.9659399,-9.368962]]]}},{"type":"Feature","id":"AC-Y458-X668","properties":{"id":"AC-Y458-X668","grid_x":668,"grid_y":458,"centroid":[-68.9537411,-9.3662555],"aggregation":"none","score_gradboost":0.348592,"score_random_forest":0.3584684,"score_logistic_regression":0.555743,"score_fuzzy_knn_k29":0.4719767},"geometry":{"type":"Polygon","coordinates":[[[-68.9578071,-9.3689612],[-68.9496744,-9.3689601],[-68.9496752,-9.3635498],[-68.9578078,-9.3635509],[-68.9578071,-9.3689612]]]}},{"type":"Feature","id":"AC-Y459-X663","properties":{"id":"AC-Y459-X663","grid_x":663,"grid_y":459,"centroid":[-68.9944047,-9.3608482],"aggregation":"none","score_gradboost":0.4507502,"score_random_forest":0.3638113,"score_logistic_regression":0.4268961,"score_fuzzy_knn_k29":0.4783045},"geometry":{"type":"Polygon","coordinates":[[[-68.998471,-9.3635534],[-68.9903384,-9.3635533],[-68.9903385,-9.358143],[-68.998471,-9.3581431],[-68.998471,-9.3635534]]]}},{"type":"Feature","id":"AC-Y459-X664","properties":{"id":"AC-Y459-X664","grid_x":664,"grid_y":459,"centroid":[-68.9862721,-9.360848],"aggregation":"none","score_gradboost":0.2559734,"score_random_forest":0.2342982,"score_logistic_regression":0.4458541,"score_fuzzy_knn_k29":0.4359684},"geometry":{"type":"Polygon","coordinates":[[[-68.9903384,-9.3635533],[-68.9822057,-9.3635529],[-68.982206,-9.3581427],[-68.9903385,-9.358143],[-68.9903384,-9.3635533]]]}},{"type":"Feature","id":"AC-Y459-X665","properties":{"id":"AC-Y459-X665","grid_x":665,"grid_y":459,"centroid":[-68.9781396,-9.3608476],"aggregation":"none","score_gradboost":0.235641,"score_random_forest":0.2670003,"score_logistic_regression":0.4531413,"score_fuzzy_knn_k29":0.4492085},"geometry":{"type":"Polygon","coordinates":[[[-68.9822057,-9.3635529],[-68.9740731,-9.3635524],[-68.9740735,-9.3581422],[-68.982206,-9.3581427],[-68.9822057,-9.3635529]]]}},{"type":"Feature","id":"AC-Y459-X666","properties":{"id":"AC-Y459-X666","grid_x":666,"grid_y":459,"centroid":[-68.970007,-9.360847],"aggregation":"none","score_gradboost":0.2351799,"score_random_forest":0.2219343,"score_logistic_regression":0.5244641,"score_fuzzy_knn_k29":0.4967836},"geometry":{"type":"Polygon","coordinates":[[[-68.9740731,-9.3635524],[-68.9659404,-9.3635518],[-68.965941,-9.3581415],[-68.9740735,-9.3581422],[-68.9740731,-9.3635524]]]}},{"type":"Feature","id":"AC-Y459-X667","properties":{"id":"AC-Y459-X667","grid_x":667,"grid_y":459,"centroid":[-68.9618744,-9.3608462],"aggregation":"none","score_gradboost":0.1692117,"score_random_forest":0.1699252,"score_logistic_regression":0.5189169,"score_fuzzy_knn_k29":0.398282},"geometry":{"type":"Polygon","coordinates":[[[-68.9659404,-9.3635518],[-68.9578078,-9.3635509],[-68.9578085,-9.3581406],[-68.965941,-9.3581415],[-68.9659404,-9.3635518]]]}},{"type":"Feature","id":"AC-Y459-X668","properties":{"id":"AC-Y459-X668","grid_x":668,"grid_y":459,"centroid":[-68.9537418,-9.3608452],"aggregation":"none","score_gradboost":0.2771017,"score_random_forest":0.2533445,"score_logistic_regression":0.5199263,"score_fuzzy_knn_k29":0.2408924},"geometry":{"type":"Polygon","coordinates":[[[-68.9578078,-9.3635509],[-68.9496752,-9.3635498],[-68.9496759,-9.3581395],[-68.9578085,-9.3581406],[-68.9578078,-9.3635509]]]}},{"type":"Feature","id":"AC-Y460-X663","properties":{"id":"AC-Y460-X663","grid_x":663,"grid_y":460,"centroid":[-68.9944048,-9.3554379],"aggregation":"none","score_gradboost":0.4874846,"score_random_forest":0.3241441,"score_logistic_regression":0.436439,"score_fuzzy_knn_k29":0.4113186},"geometry":{"type":"Polygon","coordinates":[[[-68.998471,-9.3581431],[-68.9903385,-9.358143],[-68.9903387,-9.3527327],[-68.998471,-9.3527328],[-68.998471,-9.3581431]]]}},{"type":"Feature","id":"AC-Y460-X664","properties":{"id":"AC-Y460-X664","grid_x":664,"grid_y":460,"centroid":[-68.9862724,-9.3554377],"aggregation":"none","score_gradboost":0.4146974,"score_random_forest":0.1912377,"score_logistic_regression":0.4965762,"score_fuzzy_knn_k29":0.3076624},"geometry":{"type":"Polygon","coordinates":[[[-68.9903385,-9.358143],[-68.982206,-9.3581427],[-68.9822063,-9.3527324],[-68.9903387,-9.3527327],[-68.9903385,-9.358143]]]}},{"type":"Feature","id":"AC-Y460-X665","properties":{"id":"AC-Y460-X665","grid_x":665,"grid_y":460,"centroid":[-68.9781399,-9.3554373],"aggregation":"none","score_gradboost":0.2152115,"score_random_forest":0.1881393,"score_logistic_regression":0.4658226,"score_fuzzy_knn_k29":0.4583183},"geometry":{"type":"Polygon","coordinates":[[[-68.982206,-9.3581427],[-68.9740735,-9.3581422],[-68.9740739,-9.3527319],[-68.9822063,-9.3527324],[-68.982206,-9.3581427]]]}},{"type":"Feature","id":"AC-Y460-X666","properties":{"id":"AC-Y460-X666","grid_x":666,"grid_y":460,"centroid":[-68.9700075,-9.3554367],"aggregation":"none","score_gradboost":0.2562491,"score_random_forest":0.2806626,"score_logistic_regression":0.3938779,"score_fuzzy_knn_k29":0.2167975},"geometry":{"type":"Polygon","coordinates":[[[-68.9740735,-9.3581422],[-68.965941,-9.3581415],[-68.9659415,-9.3527312],[-68.9740739,-9.3527319],[-68.9740735,-9.3581422]]]}},{"type":"Feature","id":"AC-Y460-X667","properties":{"id":"AC-Y460-X667","grid_x":667,"grid_y":460,"centroid":[-68.961875,-9.3554359],"aggregation":"none","score_gradboost":0.1848843,"score_random_forest":0.1739703,"score_logistic_regression":0.5173807,"score_fuzzy_knn_k29":0.4868912},"geometry":{"type":"Polygon","coordinates":[[[-68.965941,-9.3581415],[-68.9578085,-9.3581406],[-68.9578091,-9.3527303],[-68.9659415,-9.3527312],[-68.965941,-9.3581415]]]}},{"type":"Feature","id":"AC-Y460-X668","properties":{"id":"AC-Y460-X668","grid_x":668,"grid_y":460,"centroid":[-68.9537426,-9.3554349],"aggregation":"none","score_gradboost":0.2042246,"score_random_forest":0.2553776,"score_logistic_regression":0.501327,"score_fuzzy_knn_k29":0.3350577},"geometry":{"type":"Polygon","coordinates":[[[-68.9578085,-9.3581406],[-68.9496759,-9.3581395],[-68.9496767,-9.3527292],[-68.9578091,-9.3527303],[-68.9578085,-9.3581406]]]}},{"type":"Feature","id":"AC-Y461-X664","properties":{"id":"AC-Y461-X664","grid_x":664,"grid_y":461,"centroid":[-68.9862726,-9.3500274],"aggregation":"none","score_gradboost":0.4266614,"score_random_forest":0.3719199,"score_logistic_regression":0.4270487,"score_fuzzy_knn_k29":0.4915197},"geometry":{"type":"Polygon","coordinates":[[[-68.9903387,-9.3527327],[-68.9822063,-9.3527324],[-68.9822065,-9.3473221],[-68.9903388,-9.3473224],[-68.9903387,-9.3527327]]]}},{"type":"Feature","id":"AC-Y461-X665","properties":{"id":"AC-Y461-X665","grid_x":665,"grid_y":461,"centroid":[-68.9781402,-9.350027],"aggregation":"none","score_gradboost":0.2573672,"score_random_forest":0.2398059,"score_logistic_regression":0.4451263,"score_fuzzy_knn_k29":0.3337819},"geometry":{"type":"Polygon","coordinates":[[[-68.9822063,-9.3527324],[-68.9740739,-9.3527319],[-68.9740743,-9.3473216],[-68.9822065,-9.3473221],[-68.9822063,-9.3527324]]]}},{"type":"Feature","id":"AC-Y461-X666","properties":{"id":"AC-Y461-X666","grid_x":666,"grid_y":461,"centroid":[-68.9700079,-9.3500264],"aggregation":"none","score_gradboost":0.2295128,"score_random_forest":0.2578343,"score_logistic_regression":0.4299429,"score_fuzzy_knn_k29":0.4224496},"geometry":{"type":"Polygon","coordinates":[[[-68.9740739,-9.3527319],[-68.9659415,-9.3527312],[-68.965942,-9.3473209],[-68.9740743,-9.3473216],[-68.9740739,-9.3527319]]]}},{"type":"Feature","id":"AC-Y461-X667","properties":{"id":"AC-Y461-X667","grid_x":667,"grid_y":461,"centroid":[-68.9618756,-9.3500256],"aggregation":"none","score_gradboost":0.1348918,"score_random_forest":0.2680567,"score_logistic_regression":0.4237518,"score_fuzzy_knn_k29":0.2669542},"geometry":{"type":"Polygon","coordinates":[[[-68.9659415,-9.3527312],[-68.9578091,-9.3527303],[-68.9578098,-9.34732],[-68.965942,-9.3473209],[-68.9659415,-9.3527312]]]}},{"type":"Feature","id":"AC-Y461-X668","properties":{"id":"AC-Y461-X668","grid_x":668,"grid_y":461,"centroid":[-68.9537433,-9.3500246],"aggregation":"none","score_gradboost":0.1323993,"score_random_forest":0.2143524,"score_logistic_regression":0.4751438,"score_fuzzy_knn_k29":0.4024423},"geometry":{"type":"Polygon","coordinates":[[[-68.9578091,-9.3527303],[-68.9496767,-9.3527292],[-68.9496775,-9.3473189],[-68.9578098,-9.34732],[-68.9578091,-9.3527303]]]}},{"type":"Feature","id":"AC-Y462-X664","properties":{"id":"AC-Y462-X664","grid_x":664,"grid_y":462,"centroid":[-68.9862728,-9.3446171],"aggregation":"none","score_gradboost":0.3713918,"score_random_forest":0.3255887,"score_logistic_regression":0.5072613,"score_fuzzy_knn_k29":0.4264157},"geometry":{"type":"Polygon","coordinates":[[[-68.9903388,-9.3473224],[-68.9822065,-9.3473221],[-68.9822068,-9.3419118],[-68.990339,-9.3419121],[-68.9903388,-9.3473224]]]}},{"type":"Feature","id":"AC-Y462-X665","properties":{"id":"AC-Y462-X665","grid_x":665,"grid_y":462,"centroid":[-68.9781406,-9.3446167],"aggregation":"none","score_gradboost":0.3264266,"score_random_forest":0.1835115,"score_logistic_regression":0.4918289,"score_fuzzy_knn_k29":0.3744576},"geometry":{"type":"Polygon","coordinates":[[[-68.9822065,-9.3473221],[-68.9740743,-9.3473216],[-68.9740747,-9.3419113],[-68.9822068,-9.3419118],[-68.9822065,-9.3473221]]]}},{"type":"Feature","id":"AC-Y462-X666","properties":{"id":"AC-Y462-X666","grid_x":666,"grid_y":462,"centroid":[-68.9700084,-9.3446161],"aggregation":"none","score_gradboost":0.2192624,"score_random_forest":0.2431954,"score_logistic_regression":0.4090446,"score_fuzzy_knn_k29":0.3971998},"geometry":{"type":"Polygon","coordinates":[[[-68.9740743,-9.3473216],[-68.965942,-9.3473209],[-68.9659425,-9.3419106],[-68.9740747,-9.3419113],[-68.9740743,-9.3473216]]]}},{"type":"Feature","id":"AC-Y462-X667","properties":{"id":"AC-Y462-X667","grid_x":667,"grid_y":462,"centroid":[-68.9618762,-9.3446153],"aggregation":"none","score_gradboost":0.2583026,"score_random_forest":0.2986806,"score_logistic_regression":0.4030391,"score_fuzzy_knn_k29":0.2811866},"geometry":{"type":"Polygon","coordinates":[[[-68.965942,-9.3473209],[-68.9578098,-9.34732],[-68.9578104,-9.3419097],[-68.9659425,-9.3419106],[-68.965942,-9.3473209]]]}},{"type":"Feature","id":"AC-Y462-X668","properties":{"id":"AC-Y462-X668","grid_x":668,"grid_y":462,"centroid":[-68.953744,-9.3446144],"aggregation":"none","score_gradboost":0.1277516,"score_random_forest":0.2095062,"score_logistic_regression":0.4302399,"score_fuzzy_knn_k29":0.2109651},"geometry":{"type":"Polygon","coordinates":[[[-68.9578098,-9.34732],[-68.9496775,-9.3473189],[-68.9496783,-9.3419087],[-68.9578104,-9.3419097],[-68.9578098,-9.34732]]]}},{"type":"Feature","id":"AC-Y463-X665","properties":{"id":"AC-Y463-X665","grid_x":665,"grid_y":463,"centroid":[-68.9781409,-9.3392064],"aggregation":"none","score_gradboost":0.3548349,"score_random_forest":0.2391191,"score_logistic_regression":0.4802158,"score_fuzzy_knn_k29":0.3486715},"geometry":{"type":"Polygon","coordinates":[[[-68.9822068,-9.3419118],[-68.9740747,-9.3419113],[-68.9740751,-9.336501],[-68.9822071,-9.3365015],[-68.9822068,-9.3419118]]]}},{"type":"Feature","id":"AC-Y463-X666","properties":{"id":"AC-Y463-X666","grid_x":666,"grid_y":463,"centroid":[-68.9700088,-9.3392058],"aggregation":"none","score_gradboost":0.236014,"score_random_forest":0.2663351,"score_logistic_regression":0.4117929,"score_fuzzy_knn_k29":0.5616602},"geometry":{"type":"Polygon","coordinates":[[[-68.9740747,-9.3419113],[-68.9659425,-9.3419106],[-68.9659431,-9.3365003],[-68.9740751,-9.336501],[-68.9740747,-9.3419113]]]}},{"type":"Feature","id":"AC-Y463-X667","properties":{"id":"AC-Y463-X667","grid_x":667,"grid_y":463,"centroid":[-68.9618768,-9.339205],"aggregation":"none","score_gradboost":0.2186482,"score_random_forest":0.2636543,"score_logistic_regression":0.4202644,"score_fuzzy_knn_k29":0.4106411},"geometry":{"type":"Polygon","coordinates":[[[-68.9659425,-9.3419106],[-68.9578104,-9.3419097],[-68.9578111,-9.3364994],[-68.9659431,-9.3365003],[-68.9659425,-9.3419106]]]}},{"type":"Feature","id":"AC-Y463-X668","properties":{"id":"AC-Y463-X668","grid_x":668,"grid_y":463,"centroid":[-68.9537447,-9.3392041],"aggregation":"none","score_gradboost":0.1657456,"score_random_forest":0.1949752,"score_logistic_regression":0.3763451,"score_fuzzy_knn_k29":0.1917815},"geometry":{"type":"Polygon","coordinates":[[[-68.9578104,-9.3419097],[-68.9496783,-9.3419087],[-68.949679,-9.3364984],[-68.9578111,-9.3364994],[-68.9578104,-9.3419097]]]}},{"type":"Feature","id":"AC-Y464-X665","properties":{"id":"AC-Y464-X665","grid_x":665,"grid_y":464,"centroid":[-68.9781413,-9.3337961],"aggregation":"none","score_gradboost":0.3837398,"score_random_forest":0.3249659,"score_logistic_regression":0.4974748,"score_fuzzy_knn_k29":0.4475438},"geometry":{"type":"Polygon","coordinates":[[[-68.9822071,-9.3365015],[-68.9740751,-9.336501],[-68.9740755,-9.3310907],[-68.9822074,-9.3310912],[-68.9822071,-9.3365015]]]}},{"type":"Feature","id":"AC-Y464-X666","properties":{"id":"AC-Y464-X666","grid_x":666,"grid_y":464,"centroid":[-68.9700093,-9.3337955],"aggregation":"none","score_gradboost":0.2908576,"score_random_forest":0.2454913,"score_logistic_regression":0.3466189,"score_fuzzy_knn_k29":0.4886776},"geometry":{"type":"Polygon","coordinates":[[[-68.9740751,-9.336501],[-68.9659431,-9.3365003],[-68.9659436,-9.33109],[-68.9740755,-9.3310907],[-68.9740751,-9.336501]]]}},{"type":"Feature","id":"AC-Y464-X667","properties":{"id":"AC-Y464-X667","grid_x":667,"grid_y":464,"centroid":[-68.9618774,-9.3337947],"aggregation":"none","score_gradboost":0.2269453,"score_random_forest":0.2409589,"score_logistic_regression":0.4319493,"score_fuzzy_knn_k29":0.4940045},"geometry":{"type":"Polygon","coordinates":[[[-68.9659431,-9.3365003],[-68.9578111,-9.3364994],[-68.9578117,-9.3310891],[-68.9659436,-9.33109],[-68.9659431,-9.3365003]]]}},{"type":"Feature","id":"AC-Y464-X668","properties":{"id":"AC-Y464-X668","grid_x":668,"grid_y":464,"centroid":[-68.9537454,-9.3337938],"aggregation":"none","score_gradboost":0.2518306,"score_random_forest":0.2738739,"score_logistic_regression":0.3738588,"score_fuzzy_knn_k29":0.2106166},"geometry":{"type":"Polygon","coordinates":[[[-68.9578111,-9.3364994],[-68.949679,-9.3364984],[-68.9496798,-9.3310881],[-68.9578117,-9.3310891],[-68.9578111,-9.3364994]]]}},{"type":"Feature","id":"AC-Y465-X665","properties":{"id":"AC-Y465-X665","grid_x":665,"grid_y":465,"centroid":[-68.9781416,-9.3283858],"aggregation":"none","score_gradboost":0.554667,"score_random_forest":0.3956406,"score_logistic_regression":0.4575398,"score_fuzzy_knn_k29":0.3633877},"geometry":{"type":"Polygon","coordinates":[[[-68.9822074,-9.3310912],[-68.9740755,-9.3310907],[-68.9740759,-9.3256804],[-68.9822076,-9.3256809],[-68.9822074,-9.3310912]]]}},{"type":"Feature","id":"AC-Y465-X666","properties":{"id":"AC-Y465-X666","grid_x":666,"grid_y":465,"centroid":[-68.9700098,-9.3283852],"aggregation":"none","score_gradboost":0.4533833,"score_random_forest":0.3636944,"score_logistic_regression":0.4316418,"score_fuzzy_knn_k29":0.4680695},"geometry":{"type":"Polygon","coordinates":[[[-68.9740755,-9.3310907],[-68.9659436,-9.33109],[-68.9659441,-9.3256797],[-68.9740759,-9.3256804],[-68.9740755,-9.3310907]]]}},{"type":"Feature","id":"AC-Y465-X667","properties":{"id":"AC-Y465-X667","grid_x":667,"grid_y":465,"centroid":[-68.9618779,-9.3283844],"aggregation":"none","score_gradboost":0.2595756,"score_random_forest":0.274606,"score_logistic_regression":0.3780504,"score_fuzzy_knn_k29":0.4430945},"geometry":{"type":"Polygon","coordinates":[[[-68.9659436,-9.33109],[-68.9578117,-9.3310891],[-68.9578124,-9.3256788],[-68.9659441,-9.3256797],[-68.9659436,-9.33109]]]}},{"type":"Feature","id":"AC-Y465-X668","properties":{"id":"AC-Y465-X668","grid_x":668,"grid_y":465,"centroid":[-68.9537461,-9.3283835],"aggregation":"none","score_gradboost":0.220346,"score_random_forest":0.2466313,"score_logistic_regression":0.4417428,"score_fuzzy_knn_k29":0.4793741},"geometry":{"type":"Polygon","coordinates":[[[-68.9578117,-9.3310891],[-68.9496798,-9.3310881],[-68.9496806,-9.3256778],[-68.9578124,-9.3256788],[-68.9578117,-9.3310891]]]}},{"type":"Feature","id":"AC-Y466-X666","properties":{"id":"AC-Y466-X666","grid_x":666,"grid_y":466,"centroid":[-68.9700102,-9.3229749],"aggregation":"none","score_gradboost":0.3837398,"score_random_forest":0.3283287,"score_logistic_regression":0.5011389,"score_fuzzy_knn_k29":0.4373625},"geometry":{"type":"Polygon","coordinates":[[[-68.9740759,-9.3256804],[-68.9659441,-9.3256797],[-68.9659446,-9.3202694],[-68.9740763,-9.3202701],[-68.9740759,-9.3256804]]]}},{"type":"Feature","id":"AC-Y466-X667","properties":{"id":"AC-Y466-X667","grid_x":667,"grid_y":466,"centroid":[-68.9618785,-9.3229741],"aggregation":"none","score_gradboost":0.4204624,"score_random_forest":0.2365784,"score_logistic_regression":0.4751939,"score_fuzzy_knn_k29":0.4403002},"geometry":{"type":"Polygon","coordinates":[[[-68.9659441,-9.3256797],[-68.9578124,-9.3256788],[-68.957813,-9.3202685],[-68.9659446,-9.3202694],[-68.9659441,-9.3256797]]]}},{"type":"Feature","id":"AC-Y466-X668","properties":{"id":"AC-Y466-X668","grid_x":668,"grid_y":466,"centroid":[-68.9537468,-9.3229732],"aggregation":"none","score_gradboost":0.2134223,"score_random_forest":0.2223551,"score_logistic_regression":0.4035172,"score_fuzzy_knn_k29":0.3893714},"geometry":{"type":"Polygon","coordinates":[[[-68.9578124,-9.3256788],[-68.9496806,-9.3256778],[-68.9496814,-9.3202675],[-68.957813,-9.3202685],[-68.9578124,-9.3256788]]]}},{"type":"Feature","id":"AC-Y467-X666","properties":{"id":"AC-Y467-X666","grid_x":666,"grid_y":467,"centroid":[-68.9700107,-9.3175646],"aggregation":"none","score_gradboost":0.5881812,"score_random_forest":0.4029881,"score_logistic_regression":0.4122552,"score_fuzzy_knn_k29":0.3928668},"geometry":{"type":"Polygon","coordinates":[[[-68.9740763,-9.3202701],[-68.9659446,-9.3202694],[-68.9659452,-9.3148591],[-68.9740767,-9.3148598],[-68.9740763,-9.3202701]]]}},{"type":"Feature","id":"AC-Y467-X667","properties":{"id":"AC-Y467-X667","grid_x":667,"grid_y":467,"centroid":[-68.9618791,-9.3175638],"aggregation":"none","score_gradboost":0.2762556,"score_random_forest":0.2188608,"score_logistic_regression":0.4558281,"score_fuzzy_knn_k29":0.3701508},"geometry":{"type":"Polygon","coordinates":[[[-68.9659446,-9.3202694],[-68.957813,-9.3202685],[-68.9578137,-9.3148582],[-68.9659452,-9.3148591],[-68.9659446,-9.3202694]]]}},{"type":"Feature","id":"AC-Y467-X668","properties":{"id":"AC-Y467-X668","grid_x":668,"grid_y":467,"centroid":[-68.9537475,-9.3175629],"aggregation":"none","score_gradboost":0.2273767,"score_random_forest":0.250997,"score_logistic_regression":0.399758,"score_fuzzy_knn_k29":0.4016441},"geometry":{"type":"Polygon","coordinates":[[[-68.957813,-9.3202685],[-68.9496814,-9.3202675],[-68.9496821,-9.3148572],[-68.9578137,-9.3148582],[-68.957813,-9.3202685]]]}},{"type":"Feature","id":"AC-Y468-X667","properties":{"id":"AC-Y468-X667","grid_x":667,"grid_y":468,"centroid":[-68.9618797,-9.3121535],"aggregation":"none","score_gradboost":0.4537934,"score_random_forest":0.3466795,"score_logistic_regression":0.363409,"score_fuzzy_knn_k29":0.6313061},"geometry":{"type":"Polygon","coordinates":[[[-68.9659452,-9.3148591],[-68.9578137,-9.3148582],[-68.9578143,-9.3094479],[-68.9659457,-9.3094488],[-68.9659452,-9.3148591]]]}},{"type":"Feature","id":"AC-Y468-X668","properties":{"id":"AC-Y468-X668","grid_x":668,"grid_y":468,"centroid":[-68.9537483,-9.3121526],"aggregation":"none","score_gradboost":0.2435157,"score_random_forest":0.2747441,"score_logistic_regression":0.3966332,"score_fuzzy_knn_k29":0.3936443},"geometry":{"type":"Polygon","coordinates":[[[-68.9578137,-9.3148582],[-68.9496821,-9.3148572],[-68.9496829,-9.3094469],[-68.9578143,-9.3094479],[-68.9578137,-9.3148582]]]}},{"type":"Feature","id":"AC-Y440-X655","properties":{"id":"AC-Y440-X655","grid_x":655,"grid_y":440,"centroid":[-69.0594829,-9.4636384],"aggregation":"none","score_gradboost":0.5325373,"score_random_forest":0.4348516,"score_logistic_regression":0.3538668,"score_fuzzy_knn_k29":0.665452},"geometry":{"type":"Polygon","coordinates":[[[-69.0635509,-9.4663428],[-69.0554158,-9.4663442],[-69.055415,-9.460934],[-69.0635499,-9.4609326],[-69.0635509,-9.4663428]]]}},{"type":"Feature","id":"AC-Y440-X656","properties":{"id":"AC-Y440-X656","grid_x":656,"grid_y":440,"centroid":[-69.0513479,-9.4636397],"aggregation":"none","score_gradboost":0.3223661,"score_random_forest":0.3259256,"score_logistic_regression":0.3644382,"score_fuzzy_knn_k29":0.4555821},"geometry":{"type":"Polygon","coordinates":[[[-69.0554158,-9.4663442],[-69.0472808,-9.4663454],[-69.0472801,-9.4609352],[-69.055415,-9.460934],[-69.0554158,-9.4663442]]]}},{"type":"Feature","id":"AC-Y440-X657","properties":{"id":"AC-Y440-X657","grid_x":657,"grid_y":440,"centroid":[-69.0432129,-9.4636408],"aggregation":"none","score_gradboost":0.2898432,"score_random_forest":0.3479561,"score_logistic_regression":0.3881047,"score_fuzzy_knn_k29":0.4162843},"geometry":{"type":"Polygon","coordinates":[[[-69.0472808,-9.4663454],[-69.0391458,-9.4663464],[-69.0391451,-9.4609362],[-69.0472801,-9.4609352],[-69.0472808,-9.4663454]]]}},{"type":"Feature","id":"AC-Y440-X658","properties":{"id":"AC-Y440-X658","grid_x":658,"grid_y":440,"centroid":[-69.035078,-9.4636417],"aggregation":"none","score_gradboost":0.3046496,"score_random_forest":0.3568089,"score_logistic_regression":0.4611278,"score_fuzzy_knn_k29":0.4970234},"geometry":{"type":"Polygon","coordinates":[[[-69.0391458,-9.4663464],[-69.0310107,-9.4663472],[-69.0310102,-9.460937],[-69.0391451,-9.4609362],[-69.0391458,-9.4663464]]]}},{"type":"Feature","id":"AC-Y440-X659","properties":{"id":"AC-Y440-X659","grid_x":659,"grid_y":440,"centroid":[-69.026943,-9.4636424],"aggregation":"none","score_gradboost":0.1446085,"score_random_forest":0.1924087,"score_logistic_regression":0.4453267,"score_fuzzy_knn_k29":0.3328581},"geometry":{"type":"Polygon","coordinates":[[[-69.0310107,-9.4663472],[-69.0228757,-9.4663479],[-69.0228753,-9.4609376],[-69.0310102,-9.460937],[-69.0310107,-9.4663472]]]}},{"type":"Feature","id":"AC-Y440-X660","properties":{"id":"AC-Y440-X660","grid_x":660,"grid_y":440,"centroid":[-69.018808,-9.463643],"aggregation":"none","score_gradboost":0.1211767,"score_random_forest":0.1609655,"score_logistic_regression":0.4640622,"score_fuzzy_knn_k29":0.3478069},"geometry":{"type":"Polygon","coordinates":[[[-69.0228757,-9.4663479],[-69.0147406,-9.4663483],[-69.0147404,-9.460938],[-69.0228753,-9.4609376],[-69.0228757,-9.4663479]]]}},{"type":"Feature","id":"AC-Y440-X661","properties":{"id":"AC-Y440-X661","grid_x":661,"grid_y":440,"centroid":[-69.010673,-9.4636433],"aggregation":"none","score_gradboost":0.1815255,"score_random_forest":0.2421403,"score_logistic_regression":0.439287,"score_fuzzy_knn_k29":0.2676525},"geometry":{"type":"Polygon","coordinates":[[[-69.0147406,-9.4663483],[-69.0066056,-9.4663485],[-69.0066055,-9.4609383],[-69.0147404,-9.460938],[-69.0147406,-9.4663483]]]}},{"type":"Feature","id":"AC-Y440-X662","properties":{"id":"AC-Y440-X662","grid_x":662,"grid_y":440,"centroid":[-69.002538,-9.4636435],"aggregation":"none","score_gradboost":0.1072469,"score_random_forest":0.1697016,"score_logistic_regression":0.5157694,"score_fuzzy_knn_k29":0.2968398},"geometry":{"type":"Polygon","coordinates":[[[-69.0066056,-9.4663485],[-68.9984705,-9.4663486],[-68.9984706,-9.4609383],[-69.0066055,-9.4609383],[-69.0066056,-9.4663485]]]}},{"type":"Feature","id":"AC-Y441-X656","properties":{"id":"AC-Y441-X656","grid_x":656,"grid_y":441,"centroid":[-69.0513471,-9.4582295],"aggregation":"none","score_gradboost":0.3940934,"score_random_forest":0.3655799,"score_logistic_regression":0.3905378,"score_fuzzy_knn_k29":0.6009842},"geometry":{"type":"Polygon","coordinates":[[[-69.055415,-9.460934],[-69.0472801,-9.4609352],[-69.0472793,-9.4555249],[-69.0554141,-9.4555237],[-69.055415,-9.460934]]]}},{"type":"Feature","id":"AC-Y441-X657","properties":{"id":"AC-Y441-X657","grid_x":657,"grid_y":441,"centroid":[-69.0432123,-9.4582306],"aggregation":"none","score_gradboost":0.3660615,"score_random_forest":0.3760809,"score_logistic_regression":0.4239032,"score_fuzzy_knn_k29":0.4249371},"geometry":{"type":"Polygon","coordinates":[[[-69.0472801,-9.4609352],[-69.0391451,-9.4609362],[-69.0391445,-9.4555259],[-69.0472793,-9.4555249],[-69.0472801,-9.4609352]]]}},{"type":"Feature","id":"AC-Y441-X658","properties":{"id":"AC-Y441-X658","grid_x":658,"grid_y":441,"centroid":[-69.0350774,-9.4582315],"aggregation":"none","score_gradboost":0.3100071,"score_random_forest":0.3177671,"score_logistic_regression":0.384508,"score_fuzzy_knn_k29":0.399562},"geometry":{"type":"Polygon","coordinates":[[[-69.0391451,-9.4609362],[-69.0310102,-9.460937],[-69.0310097,-9.4555267],[-69.0391445,-9.4555259],[-69.0391451,-9.4609362]]]}},{"type":"Feature","id":"AC-Y441-X659","properties":{"id":"AC-Y441-X659","grid_x":659,"grid_y":441,"centroid":[-69.0269426,-9.4582322],"aggregation":"none","score_gradboost":0.2895839,"score_random_forest":0.2714009,"score_logistic_regression":0.3791092,"score_fuzzy_knn_k29":0.2514822},"geometry":{"type":"Polygon","coordinates":[[[-69.0310102,-9.460937],[-69.0228753,-9.4609376],[-69.022875,-9.4555273],[-69.0310097,-9.4555267],[-69.0310102,-9.460937]]]}},{"type":"Feature","id":"AC-Y441-X660","properties":{"id":"AC-Y441-X660","grid_x":660,"grid_y":441,"centroid":[-69.0188077,-9.4582327],"aggregation":"none","score_gradboost":0.1770541,"score_random_forest":0.2178261,"score_logistic_regression":0.3923973,"score_fuzzy_knn_k29":0.2286619},"geometry":{"type":"Polygon","coordinates":[[[-69.0228753,-9.4609376],[-69.0147404,-9.460938],[-69.0147402,-9.4555278],[-69.022875,-9.4555273],[-69.0228753,-9.4609376]]]}},{"type":"Feature","id":"AC-Y441-X661","properties":{"id":"AC-Y441-X661","grid_x":661,"grid_y":441,"centroid":[-69.0106729,-9.458233],"aggregation":"none","score_gradboost":0.1358819,"score_random_forest":0.2146937,"score_logistic_regression":0.4383505,"score_fuzzy_knn_k29":0.2976328},"geometry":{"type":"Polygon","coordinates":[[[-69.0147404,-9.460938],[-69.0066055,-9.4609383],[-69.0066054,-9.455528],[-69.0147402,-9.4555278],[-69.0147404,-9.460938]]]}},{"type":"Feature","id":"AC-Y441-X662","properties":{"id":"AC-Y441-X662","grid_x":662,"grid_y":441,"centroid":[-69.002538,-9.4582332],"aggregation":"none","score_gradboost":0.2076292,"score_random_forest":0.2753506,"score_logistic_regression":0.4806787,"score_fuzzy_knn_k29":0.3610435},"geometry":{"type":"Polygon","coordinates":[[[-69.0066055,-9.4609383],[-68.9984706,-9.4609383],[-68.9984706,-9.4555281],[-69.0066054,-9.455528],[-69.0066055,-9.4609383]]]}},{"type":"Feature","id":"AC-Y442-X658","properties":{"id":"AC-Y442-X658","grid_x":658,"grid_y":442,"centroid":[-69.0350769,-9.4528212],"aggregation":"none","score_gradboost":0.2988317,"score_random_forest":0.3457247,"score_logistic_regression":0.4114164,"score_fuzzy_knn_k29":0.5427395},"geometry":{"type":"Polygon","coordinates":[[[-69.0391445,-9.4555259],[-69.0310097,-9.4555267],[-69.0310093,-9.4501165],[-69.0391439,-9.4501156],[-69.0391445,-9.4555259]]]}},{"type":"Feature","id":"AC-Y442-X659","properties":{"id":"AC-Y442-X659","grid_x":659,"grid_y":442,"centroid":[-69.0269421,-9.4528219],"aggregation":"none","score_gradboost":0.2690183,"score_random_forest":0.239491,"score_logistic_regression":0.4780522,"score_fuzzy_knn_k29":0.582074},"geometry":{"type":"Polygon","coordinates":[[[-69.0310097,-9.4555267],[-69.022875,-9.4555273],[-69.0228746,-9.4501171],[-69.0310093,-9.4501165],[-69.0310097,-9.4555267]]]}},{"type":"Feature","id":"AC-Y442-X660","properties":{"id":"AC-Y442-X660","grid_x":660,"grid_y":442,"centroid":[-69.0188074,-9.4528224],"aggregation":"none","score_gradboost":0.2151522,"score_random_forest":0.2926192,"score_logistic_regression":0.4381628,"score_fuzzy_knn_k29":0.3449705},"geometry":{"type":"Polygon","coordinates":[[[-69.022875,-9.4555273],[-69.0147402,-9.4555278],[-69.0147399,-9.4501175],[-69.0228746,-9.4501171],[-69.022875,-9.4555273]]]}},{"type":"Feature","id":"AC-Y442-X661","properties":{"id":"AC-Y442-X661","grid_x":661,"grid_y":442,"centroid":[-69.0106727,-9.4528228],"aggregation":"none","score_gradboost":0.1272191,"score_random_forest":0.1773496,"score_logistic_regression":0.4467138,"score_fuzzy_knn_k29":0.3049352},"geometry":{"type":"Polygon","coordinates":[[[-69.0147402,-9.4555278],[-69.0066054,-9.455528],[-69.0066053,-9.4501178],[-69.0147399,-9.4501175],[-69.0147402,-9.4555278]]]}},{"type":"Feature","id":"AC-Y442-X662","properties":{"id":"AC-Y442-X662","grid_x":662,"grid_y":442,"centroid":[-69.002538,-9.4528229],"aggregation":"none","score_gradboost":0.2819435,"score_random_forest":0.2935545,"score_logistic_regression":0.426663,"score_fuzzy_knn_k29":0.3512184},"geometry":{"type":"Polygon","coordinates":[[[-69.0066054,-9.455528],[-68.9984706,-9.4555281],[-68.9984706,-9.4501178],[-69.0066053,-9.4501178],[-69.0066054,-9.455528]]]}},{"type":"Feature","id":"AC-Y442-X663","properties":{"id":"AC-Y442-X663","grid_x":663,"grid_y":442,"centroid":[-68.9944032,-9.4528229],"aggregation":"none","score_gradboost":0.1427903,"score_random_forest":0.2978023,"score_logistic_regression":0.4741032,"score_fuzzy_knn_k29":0.5051642},"geometry":{"type":"Polygon","coordinates":[[[-68.9984706,-9.4555281],[-68.9903358,-9.4555279],[-68.990336,-9.4501177],[-68.9984706,-9.4501178],[-68.9984706,-9.4555281]]]}},{"type":"Feature","id":"AC-Y443-X658","properties":{"id":"AC-Y443-X658","grid_x":658,"grid_y":443,"centroid":[-69.0350763,-9.4474109],"aggregation":"none","score_gradboost":0.3853361,"score_random_forest":0.3656039,"score_logistic_regression":0.4060705,"score_fuzzy_knn_k29":0.6046972},"geometry":{"type":"Polygon","coordinates":[[[-69.0391439,-9.4501156],[-69.0310093,-9.4501165],[-69.0310088,-9.4447062],[-69.0391433,-9.4447054],[-69.0391439,-9.4501156]]]}},{"type":"Feature","id":"AC-Y443-X659","properties":{"id":"AC-Y443-X659","grid_x":659,"grid_y":443,"centroid":[-69.0269417,-9.4474117],"aggregation":"none","score_gradboost":0.3819009,"score_random_forest":0.2253833,"score_logistic_regression":0.4813806,"score_fuzzy_knn_k29":0.4650657},"geometry":{"type":"Polygon","coordinates":[[[-69.0310093,-9.4501165],[-69.0228746,-9.4501171],[-69.0228742,-9.4447068],[-69.0310088,-9.4447062],[-69.0310093,-9.4501165]]]}},{"type":"Feature","id":"AC-Y443-X660","properties":{"id":"AC-Y443-X660","grid_x":660,"grid_y":443,"centroid":[-69.0188071,-9.4474122],"aggregation":"none","score_gradboost":0.2293922,"score_random_forest":0.272311,"score_logistic_regression":0.408585,"score_fuzzy_knn_k29":0.3658286},"geometry":{"type":"Polygon","coordinates":[[[-69.0228746,-9.4501171],[-69.0147399,-9.4501175],[-69.0147397,-9.4447072],[-69.0228742,-9.4447068],[-69.0228746,-9.4501171]]]}},{"type":"Feature","id":"AC-Y443-X661","properties":{"id":"AC-Y443-X661","grid_x":661,"grid_y":443,"centroid":[-69.0106725,-9.4474125],"aggregation":"none","score_gradboost":0.1404028,"score_random_forest":0.2141125,"score_logistic_regression":0.4452505,"score_fuzzy_knn_k29":0.316151},"geometry":{"type":"Polygon","coordinates":[[[-69.0147399,-9.4501175],[-69.0066053,-9.4501178],[-69.0066052,-9.4447075],[-69.0147397,-9.4447072],[-69.0147399,-9.4501175]]]}},{"type":"Feature","id":"AC-Y443-X662","properties":{"id":"AC-Y443-X662","grid_x":662,"grid_y":443,"centroid":[-69.0025379,-9.4474127],"aggregation":"none","score_gradboost":0.171729,"score_random_forest":0.2604268,"score_logistic_regression":0.4207972,"score_fuzzy_knn_k29":0.2832363},"geometry":{"type":"Polygon","coordinates":[[[-69.0066053,-9.4501178],[-68.9984706,-9.4501178],[-68.9984706,-9.4447076],[-69.0066052,-9.4447075],[-69.0066053,-9.4501178]]]}},{"type":"Feature","id":"AC-Y443-X663","properties":{"id":"AC-Y443-X663","grid_x":663,"grid_y":443,"centroid":[-68.9944033,-9.4474126],"aggregation":"none","score_gradboost":0.2328574,"score_random_forest":0.294645,"score_logistic_regression":0.4973539,"score_fuzzy_knn_k29":0.3893459},"geometry":{"type":"Polygon","coordinates":[[[-68.9984706,-9.4501178],[-68.990336,-9.4501177],[-68.9903361,-9.4447074],[-68.9984706,-9.4447076],[-68.9984706,-9.4501178]]]}},{"type":"Feature","id":"AC-Y444-X659","properties":{"id":"AC-Y444-X659","grid_x":659,"grid_y":444,"centroid":[-69.0269413,-9.4420014],"aggregation":"none","score_gradboost":0.378133,"score_random_forest":0.3012649,"score_logistic_regression":0.4413132,"score_fuzzy_knn_k29":0.3454174},"geometry":{"type":"Polygon","coordinates":[[[-69.0310088,-9.4447062],[-69.0228742,-9.4447068],[-69.0228739,-9.4392965],[-69.0310083,-9.4392959],[-69.0310088,-9.4447062]]]}},{"type":"Feature","id":"AC-Y444-X660","properties":{"id":"AC-Y444-X660","grid_x":660,"grid_y":444,"centroid":[-69.0188068,-9.4420019],"aggregation":"none","score_gradboost":0.2647516,"score_random_forest":0.1792676,"score_logistic_regression":0.497902,"score_fuzzy_knn_k29":0.5283084},"geometry":{"type":"Polygon","coordinates":[[[-69.0228742,-9.4447068],[-69.0147397,-9.4447072],[-69.0147395,-9.439297],[-69.0228739,-9.4392965],[-69.0228742,-9.4447068]]]}},{"type":"Feature","id":"AC-Y444-X661","properties":{"id":"AC-Y444-X661","grid_x":661,"grid_y":444,"centroid":[-69.0106724,-9.4420023],"aggregation":"none","score_gradboost":0.2562491,"score_random_forest":0.2799242,"score_logistic_regression":0.3921202,"score_fuzzy_knn_k29":0.2203266},"geometry":{"type":"Polygon","coordinates":[[[-69.0147397,-9.4447072],[-69.0066052,-9.4447075],[-69.0066051,-9.4392972],[-69.0147395,-9.439297],[-69.0147397,-9.4447072]]]}},{"type":"Feature","id":"AC-Y444-X662","properties":{"id":"AC-Y444-X662","grid_x":662,"grid_y":444,"centroid":[-69.0025379,-9.4420024],"aggregation":"none","score_gradboost":0.1272191,"score_random_forest":0.2106707,"score_logistic_regression":0.4484112,"score_fuzzy_knn_k29":0.3057907},"geometry":{"type":"Polygon","coordinates":[[[-69.0066052,-9.4447075],[-68.9984706,-9.4447076],[-68.9984707,-9.4392973],[-69.0066051,-9.4392972],[-69.0066052,-9.4447075]]]}},{"type":"Feature","id":"AC-Y444-X663","properties":{"id":"AC-Y444-X663","grid_x":663,"grid_y":444,"centroid":[-68.9944034,-9.4420024],"aggregation":"none","score_gradboost":0.2955359,"score_random_forest":0.3261855,"score_logistic_regression":0.4339199,"score_fuzzy_knn_k29":0.327666},"geometry":{"type":"Polygon","coordinates":[[[-68.9984706,-9.4447076],[-68.9903361,-9.4447074],[-68.9903363,-9.4392972],[-68.9984707,-9.4392973],[-68.9984706,-9.4447076]]]}},{"type":"Feature","id":"AC-Y444-X664","properties":{"id":"AC-Y444-X664","grid_x":664,"grid_y":444,"centroid":[-68.9862689,-9.4420022],"aggregation":"none","score_gradboost":0.1060584,"score_random_forest":0.2355608,"score_logistic_regression":0.4820448,"score_fuzzy_knn_k29":0.1649922},"geometry":{"type":"Polygon","coordinates":[[[-68.9903361,-9.4447074],[-68.9822016,-9.4447071],[-68.9822018,-9.4392968],[-68.9903363,-9.4392972],[-68.9903361,-9.4447074]]]}},{"type":"Feature","id":"AC-Y445-X661","properties":{"id":"AC-Y445-X661","grid_x":661,"grid_y":445,"centroid":[-69.0106722,-9.436592],"aggregation":"none","score_gradboost":0.2194273,"score_random_forest":0.2550261,"score_logistic_regression":0.4477783,"score_fuzzy_knn_k29":0.4708866},"geometry":{"type":"Polygon","coordinates":[[[-69.0147395,-9.439297],[-69.0066051,-9.4392972],[-69.006605,-9.433887],[-69.0147393,-9.4338867],[-69.0147395,-9.439297]]]}},{"type":"Feature","id":"AC-Y445-X662","properties":{"id":"AC-Y445-X662","grid_x":662,"grid_y":445,"centroid":[-69.0025378,-9.4365921],"aggregation":"none","score_gradboost":0.1424956,"score_random_forest":0.1957491,"score_logistic_regression":0.4573489,"score_fuzzy_knn_k29":0.3361598},"geometry":{"type":"Polygon","coordinates":[[[-69.0066051,-9.4392972],[-68.9984707,-9.4392973],[-68.9984707,-9.433887],[-69.006605,-9.433887],[-69.0066051,-9.4392972]]]}},{"type":"Feature","id":"AC-Y445-X663","properties":{"id":"AC-Y445-X663","grid_x":663,"grid_y":445,"centroid":[-68.9944035,-9.4365921],"aggregation":"none","score_gradboost":0.2324529,"score_random_forest":0.1786967,"score_logistic_regression":0.5117413,"score_fuzzy_knn_k29":0.3065591},"geometry":{"type":"Polygon","coordinates":[[[-68.9984707,-9.4392973],[-68.9903363,-9.4392972],[-68.9903364,-9.4338869],[-68.9984707,-9.433887],[-68.9984707,-9.4392973]]]}},{"type":"Feature","id":"AC-Y445-X668","properties":{"id":"AC-Y445-X668","grid_x":668,"grid_y":445,"centroid":[-68.9537318,-9.4365891],"aggregation":"none","score_gradboost":0.2352687,"score_random_forest":0.3852624,"score_logistic_regression":0.5039722,"score_fuzzy_knn_k29":0.402473},"geometry":{"type":"Polygon","coordinates":[[[-68.9577986,-9.4392948],[-68.9496642,-9.4392937],[-68.949665,-9.4338834],[-68.9577993,-9.4338845],[-68.9577986,-9.4392948]]]}},{"type":"Feature","id":"AC-Y446-X667","properties":{"id":"AC-Y446-X667","grid_x":667,"grid_y":446,"centroid":[-68.9618667,-9.4311798],"aggregation":"none","score_gradboost":0.1749685,"score_random_forest":0.2355846,"score_logistic_regression":0.5863634,"score_fuzzy_knn_k29":0.1707894},"geometry":{"type":"Polygon","coordinates":[[[-68.9659336,-9.4338854],[-68.9577993,-9.4338845],[-68.9577999,-9.4284742],[-68.9659341,-9.4284751],[-68.9659336,-9.4338854]]]}},{"type":"Feature","id":"AC-Y446-X668","properties":{"id":"AC-Y446-X668","grid_x":668,"grid_y":446,"centroid":[-68.9537325,-9.4311788],"aggregation":"none","score_gradboost":0.2357168,"score_random_forest":0.3316927,"score_logistic_regression":0.513848,"score_fuzzy_knn_k29":0.4132172},"geometry":{"type":"Polygon","coordinates":[[[-68.9577993,-9.4338845],[-68.949665,-9.4338834],[-68.9496658,-9.4284732],[-68.9577999,-9.4284742],[-68.9577993,-9.4338845]]]}},{"type":"Feature","id":"AC-Y447-X666","properties":{"id":"AC-Y447-X666","grid_x":666,"grid_y":447,"centroid":[-68.9700014,-9.4257703],"aggregation":"none","score_gradboost":0.1376328,"score_random_forest":0.2367634,"score_logistic_regression":0.4960086,"score_fuzzy_knn_k29":0.3496143},"geometry":{"type":"Polygon","coordinates":[[[-68.9740682,-9.4284758],[-68.9659341,-9.4284751],[-68.9659346,-9.4230648],[-68.9740687,-9.4230655],[-68.9740682,-9.4284758]]]}},{"type":"Feature","id":"AC-Y447-X667","properties":{"id":"AC-Y447-X667","grid_x":667,"grid_y":447,"centroid":[-68.9618673,-9.4257696],"aggregation":"none","score_gradboost":0.1511748,"score_random_forest":0.2038097,"score_logistic_regression":0.5043004,"score_fuzzy_knn_k29":0.4513577},"geometry":{"type":"Polygon","coordinates":[[[-68.9659341,-9.4284751],[-68.9577999,-9.4284742],[-68.9578006,-9.423064],[-68.9659346,-9.4230648],[-68.9659341,-9.4284751]]]}},{"type":"Feature","id":"AC-Y447-X668","properties":{"id":"AC-Y447-X668","grid_x":668,"grid_y":447,"centroid":[-68.9537332,-9.4257686],"aggregation":"none","score_gradboost":0.1312373,"score_random_forest":0.2271256,"score_logistic_regression":0.5074837,"score_fuzzy_knn_k29":0.3968618},"geometry":{"type":"Polygon","coordinates":[[[-68.9577999,-9.4284742],[-68.9496658,-9.4284732],[-68.9496666,-9.4230629],[-68.9578006,-9.423064],[-68.9577999,-9.4284742]]]}},{"type":"Feature","id":"AC-Y448-X666","properties":{"id":"AC-Y448-X666","grid_x":666,"grid_y":448,"centroid":[-68.9700019,-9.4203601],"aggregation":"none","score_gradboost":0.1039036,"score_random_forest":0.259341,"score_logistic_regression":0.5092752,"score_fuzzy_knn_k29":0.2859841},"geometry":{"type":"Polygon","coordinates":[[[-68.9740687,-9.4230655],[-68.9659346,-9.4230648],[-68.9659352,-9.4176546],[-68.9740691,-9.4176553],[-68.9740687,-9.4230655]]]}},{"type":"Feature","id":"AC-Y448-X667","properties":{"id":"AC-Y448-X667","grid_x":667,"grid_y":448,"centroid":[-68.9618679,-9.4203593],"aggregation":"none","score_gradboost":0.202296,"score_random_forest":0.2257533,"score_logistic_regression":0.5124881,"score_fuzzy_knn_k29":0.5175614},"geometry":{"type":"Polygon","coordinates":[[[-68.9659346,-9.4230648],[-68.9578006,-9.423064],[-68.9578013,-9.4176537],[-68.9659352,-9.4176546],[-68.9659346,-9.4230648]]]}},{"type":"Feature","id":"AC-Y448-X668","properties":{"id":"AC-Y448-X668","grid_x":668,"grid_y":448,"centroid":[-68.9537339,-9.4203583],"aggregation":"none","score_gradboost":0.2168084,"score_random_forest":0.2584045,"score_logistic_regression":0.5919142,"score_fuzzy_knn_k29":0.4524086},"geometry":{"type":"Polygon","coordinates":[[[-68.9578006,-9.423064],[-68.9496666,-9.4230629],[-68.9496674,-9.4176526],[-68.9578013,-9.4176537],[-68.9578006,-9.423064]]]}},{"type":"Feature","id":"AC-Y449-X666","properties":{"id":"AC-Y449-X666","grid_x":666,"grid_y":449,"centroid":[-68.9700023,-9.4149498],"aggregation":"none","score_gradboost":0.1729373,"score_random_forest":0.2258998,"score_logistic_regression":0.5562622,"score_fuzzy_knn_k29":0.4049907},"geometry":{"type":"Polygon","coordinates":[[[-68.9740691,-9.4176553],[-68.9659352,-9.4176546],[-68.9659357,-9.4122443],[-68.9740695,-9.412245],[-68.9740691,-9.4176553]]]}},{"type":"Feature","id":"AC-Y449-X667","properties":{"id":"AC-Y449-X667","grid_x":667,"grid_y":449,"centroid":[-68.9618685,-9.414949],"aggregation":"none","score_gradboost":0.1982802,"score_random_forest":0.2244341,"score_logistic_regression":0.5304588,"score_fuzzy_knn_k29":0.2819107},"geometry":{"type":"Polygon","coordinates":[[[-68.9659352,-9.4176546],[-68.9578013,-9.4176537],[-68.9578019,-9.4122434],[-68.9659357,-9.4122443],[-68.9659352,-9.4176546]]]}},{"type":"Feature","id":"AC-Y449-X668","properties":{"id":"AC-Y449-X668","grid_x":668,"grid_y":449,"centroid":[-68.9537347,-9.414948],"aggregation":"none","score_gradboost":0.1441956,"score_random_forest":0.2245032,"score_logistic_regression":0.5476391,"score_fuzzy_knn_k29":0.4365332},"geometry":{"type":"Polygon","coordinates":[[[-68.9578013,-9.4176537],[-68.9496674,-9.4176526],[-68.9496681,-9.4122423],[-68.9578019,-9.4122434],[-68.9578013,-9.4176537]]]}},{"type":"Feature","id":"AC-Y450-X666","properties":{"id":"AC-Y450-X666","grid_x":666,"grid_y":450,"centroid":[-68.9700028,-9.4095395],"aggregation":"none","score_gradboost":0.2131461,"score_random_forest":0.2189189,"score_logistic_regression":0.6069974,"score_fuzzy_knn_k29":0.4189833},"geometry":{"type":"Polygon","coordinates":[[[-68.9740695,-9.412245],[-68.9659357,-9.4122443],[-68.9659362,-9.406834],[-68.9740699,-9.4068347],[-68.9740695,-9.412245]]]}},{"type":"Feature","id":"AC-Y450-X667","properties":{"id":"AC-Y450-X667","grid_x":667,"grid_y":450,"centroid":[-68.9618691,-9.4095387],"aggregation":"none","score_gradboost":0.1963852,"score_random_forest":0.2966649,"score_logistic_regression":0.5001625,"score_fuzzy_knn_k29":0.4370964},"geometry":{"type":"Polygon","coordinates":[[[-68.9659357,-9.4122443],[-68.9578019,-9.4122434],[-68.9578026,-9.4068331],[-68.9659362,-9.406834],[-68.9659357,-9.4122443]]]}},{"type":"Feature","id":"AC-Y450-X668","properties":{"id":"AC-Y450-X668","grid_x":668,"grid_y":450,"centroid":[-68.9537354,-9.4095378],"aggregation":"none","score_gradboost":0.2232545,"score_random_forest":0.2496536,"score_logistic_regression":0.5607404,"score_fuzzy_knn_k29":0.4147464},"geometry":{"type":"Polygon","coordinates":[[[-68.9578019,-9.4122434],[-68.9496681,-9.4122423],[-68.9496689,-9.4068321],[-68.9578026,-9.4068331],[-68.9578019,-9.4122434]]]}},{"type":"Feature","id":"AC-Y451-X666","properties":{"id":"AC-Y451-X666","grid_x":666,"grid_y":451,"centroid":[-68.9700033,-9.4041292],"aggregation":"none","score_gradboost":0.2468824,"score_random_forest":0.2688759,"score_logistic_regression":0.5779467,"score_fuzzy_knn_k29":0.3860339},"geometry":{"type":"Polygon","coordinates":[[[-68.9740699,-9.4068347],[-68.9659362,-9.406834],[-68.9659367,-9.4014237],[-68.9740703,-9.4014244],[-68.9740699,-9.4068347]]]}},{"type":"Feature","id":"AC-Y451-X667","properties":{"id":"AC-Y451-X667","grid_x":667,"grid_y":451,"centroid":[-68.9618697,-9.4041285],"aggregation":"none","score_gradboost":0.2934522,"score_random_forest":0.3045689,"score_logistic_regression":0.5902344,"score_fuzzy_knn_k29":0.4779688},"geometry":{"type":"Polygon","coordinates":[[[-68.9659362,-9.406834],[-68.9578026,-9.4068331],[-68.9578032,-9.4014229],[-68.9659367,-9.4014237],[-68.9659362,-9.406834]]]}},{"type":"Feature","id":"AC-Y451-X668","properties":{"id":"AC-Y451-X668","grid_x":668,"grid_y":451,"centroid":[-68.9537361,-9.4041275],"aggregation":"none","score_gradboost":0.2963599,"score_random_forest":0.2192176,"score_logistic_regression":0.602161,"score_fuzzy_knn_k29":0.4138552},"geometry":{"type":"Polygon","coordinates":[[[-68.9578026,-9.4068331],[-68.9496689,-9.4068321],[-68.9496697,-9.4014218],[-68.9578032,-9.4014229],[-68.9578026,-9.4068331]]]}},{"type":"Feature","id":"AC-Y452-X667","properties":{"id":"AC-Y452-X667","grid_x":667,"grid_y":452,"centroid":[-68.9618703,-9.3987182],"aggregation":"none","score_gradboost":0.1956287,"score_random_forest":0.2320912,"score_logistic_regression":0.6308776,"score_fuzzy_knn_k29":0.4369366},"geometry":{"type":"Polygon","coordinates":[[[-68.9659367,-9.4014237],[-68.9578032,-9.4014229],[-68.9578039,-9.3960126],[-68.9659373,-9.3960135],[-68.9659367,-9.4014237]]]}},{"type":"Feature","id":"AC-Y447-X658","properties":{"id":"AC-Y447-X658","grid_x":658,"grid_y":447,"centroid":[-69.0350741,-9.4257699],"aggregation":"none","score_gradboost":0.1677961,"score_random_forest":0.2188834,"score_logistic_regression":0.3675316,"score_fuzzy_knn_k29":0.3556337},"geometry":{"type":"Polygon","coordinates":[[[-69.0391415,-9.4284746],[-69.0310073,-9.4284754],[-69.0310068,-9.4230651],[-69.0391409,-9.4230643],[-69.0391415,-9.4284746]]]}},{"type":"Feature","id":"AC-Y447-X659","properties":{"id":"AC-Y447-X659","grid_x":659,"grid_y":447,"centroid":[-69.02694,-9.4257706],"aggregation":"none","score_gradboost":0.5730584,"score_random_forest":0.4358265,"score_logistic_regression":0.4041695,"score_fuzzy_knn_k29":0.4214905},"geometry":{"type":"Polygon","coordinates":[[[-69.0310073,-9.4284754],[-69.0228732,-9.428476],[-69.0228728,-9.4230657],[-69.0310068,-9.4230651],[-69.0310073,-9.4284754]]]}},{"type":"Feature","id":"AC-Y447-X660","properties":{"id":"AC-Y447-X660","grid_x":660,"grid_y":447,"centroid":[-69.018806,-9.4257711],"aggregation":"none","score_gradboost":0.4285129,"score_random_forest":0.3084516,"score_logistic_regression":0.467597,"score_fuzzy_knn_k29":0.3682594},"geometry":{"type":"Polygon","coordinates":[[[-69.0228732,-9.428476],[-69.014739,-9.4284764],[-69.0147388,-9.4230662],[-69.0228728,-9.4230657],[-69.0228732,-9.428476]]]}},{"type":"Feature","id":"AC-Y447-X661","properties":{"id":"AC-Y447-X661","grid_x":661,"grid_y":447,"centroid":[-69.0106719,-9.4257715],"aggregation":"none","score_gradboost":0.2252113,"score_random_forest":0.2534252,"score_logistic_regression":0.4120468,"score_fuzzy_knn_k29":0.4517071},"geometry":{"type":"Polygon","coordinates":[[[-69.014739,-9.4284764],[-69.0066049,-9.4284767],[-69.0066048,-9.4230664],[-69.0147388,-9.4230662],[-69.014739,-9.4284764]]]}},{"type":"Feature","id":"AC-Y448-X655","properties":{"id":"AC-Y448-X655","grid_x":655,"grid_y":448,"centroid":[-69.0594755,-9.4203563],"aggregation":"none","score_gradboost":0.3819643,"score_random_forest":0.2231018,"score_logistic_regression":0.4288186,"score_fuzzy_knn_k29":0.3944942},"geometry":{"type":"Polygon","coordinates":[[[-69.0635429,-9.4230608],[-69.0554089,-9.4230621],[-69.0554081,-9.4176519],[-69.063542,-9.4176505],[-69.0635429,-9.4230608]]]}},{"type":"Feature","id":"AC-Y448-X658","properties":{"id":"AC-Y448-X658","grid_x":658,"grid_y":448,"centroid":[-69.0350736,-9.4203596],"aggregation":"none","score_gradboost":0.1602008,"score_random_forest":0.1669781,"score_logistic_regression":0.4618175,"score_fuzzy_knn_k29":0.1173944},"geometry":{"type":"Polygon","coordinates":[[[-69.0391409,-9.4230643],[-69.0310068,-9.4230651],[-69.0310064,-9.4176548],[-69.0391403,-9.417654],[-69.0391409,-9.4230643]]]}},{"type":"Feature","id":"AC-Y448-X659","properties":{"id":"AC-Y448-X659","grid_x":659,"grid_y":448,"centroid":[-69.0269396,-9.4203603],"aggregation":"none","score_gradboost":0.570655,"score_random_forest":0.3429151,"score_logistic_regression":0.4254222,"score_fuzzy_knn_k29":0.3546493},"geometry":{"type":"Polygon","coordinates":[[[-69.0310068,-9.4230651],[-69.0228728,-9.4230657],[-69.0228725,-9.4176555],[-69.0310064,-9.4176548],[-69.0310068,-9.4230651]]]}},{"type":"Feature","id":"AC-Y448-X660","properties":{"id":"AC-Y448-X660","grid_x":660,"grid_y":448,"centroid":[-69.0188057,-9.4203608],"aggregation":"none","score_gradboost":0.4394255,"score_random_forest":0.3263614,"score_logistic_regression":0.4415338,"score_fuzzy_knn_k29":0.4029049},"geometry":{"type":"Polygon","coordinates":[[[-69.0228728,-9.4230657],[-69.0147388,-9.4230662],[-69.0147386,-9.4176559],[-69.0228725,-9.4176555],[-69.0228728,-9.4230657]]]}},{"type":"Feature","id":"AC-Y448-X661","properties":{"id":"AC-Y448-X661","grid_x":661,"grid_y":448,"centroid":[-69.0106717,-9.4203612],"aggregation":"none","score_gradboost":0.2269453,"score_random_forest":0.2552443,"score_logistic_regression":0.4238525,"score_fuzzy_knn_k29":0.5217088},"geometry":{"type":"Polygon","coordinates":[[[-69.0147388,-9.4230662],[-69.0066048,-9.4230664],[-69.0066047,-9.4176561],[-69.0147386,-9.4176559],[-69.0147388,-9.4230662]]]}},{"type":"Feature","id":"AC-Y449-X656","properties":{"id":"AC-Y449-X656","grid_x":656,"grid_y":449,"centroid":[-69.0513407,-9.4149473],"aggregation":"none","score_gradboost":0.5112639,"score_random_forest":0.3450993,"score_logistic_regression":0.3865885,"score_fuzzy_knn_k29":0.3707844},"geometry":{"type":"Polygon","coordinates":[[[-69.0554081,-9.4176519],[-69.0472742,-9.417653],[-69.0472734,-9.4122428],[-69.0554072,-9.4122416],[-69.0554081,-9.4176519]]]}},{"type":"Feature","id":"AC-Y449-X657","properties":{"id":"AC-Y449-X657","grid_x":657,"grid_y":449,"centroid":[-69.0432069,-9.4149484],"aggregation":"none","score_gradboost":0.2828394,"score_random_forest":0.1599827,"score_logistic_regression":0.4042805,"score_fuzzy_knn_k29":0.2680227},"geometry":{"type":"Polygon","coordinates":[[[-69.0472742,-9.417653],[-69.0391403,-9.417654],[-69.0391397,-9.4122438],[-69.0472734,-9.4122428],[-69.0472742,-9.417653]]]}},{"type":"Feature","id":"AC-Y449-X658","properties":{"id":"AC-Y449-X658","grid_x":658,"grid_y":449,"centroid":[-69.035073,-9.4149493],"aggregation":"none","score_gradboost":0.1602008,"score_random_forest":0.1466766,"score_logistic_regression":0.4648344,"score_fuzzy_knn_k29":0.0611361},"geometry":{"type":"Polygon","coordinates":[[[-69.0391403,-9.417654],[-69.0310064,-9.4176548],[-69.0310059,-9.4122446],[-69.0391397,-9.4122438],[-69.0391403,-9.417654]]]}},{"type":"Feature","id":"AC-Y449-X659","properties":{"id":"AC-Y449-X659","grid_x":659,"grid_y":449,"centroid":[-69.0269392,-9.41495],"aggregation":"none","score_gradboost":0.3401552,"score_random_forest":0.3319394,"score_logistic_regression":0.4375158,"score_fuzzy_knn_k29":0.3250357},"geometry":{"type":"Polygon","coordinates":[[[-69.0310064,-9.4176548],[-69.0228725,-9.4176555],[-69.0228721,-9.4122452],[-69.0310059,-9.4122446],[-69.0310064,-9.4176548]]]}},{"type":"Feature","id":"AC-Y449-X660","properties":{"id":"AC-Y449-X660","grid_x":660,"grid_y":449,"centroid":[-69.0188054,-9.4149506],"aggregation":"none","score_gradboost":0.467847,"score_random_forest":0.4086308,"score_logistic_regression":0.4235886,"score_fuzzy_knn_k29":0.4774123},"geometry":{"type":"Polygon","coordinates":[[[-69.0228725,-9.4176555],[-69.0147386,-9.4176559],[-69.0147383,-9.4122456],[-69.0228721,-9.4122452],[-69.0228725,-9.4176555]]]}},{"type":"Feature","id":"AC-Y449-X661","properties":{"id":"AC-Y449-X661","grid_x":661,"grid_y":449,"centroid":[-69.0106715,-9.4149509],"aggregation":"none","score_gradboost":0.2711666,"score_random_forest":0.2133908,"score_logistic_regression":0.4821401,"score_fuzzy_knn_k29":0.4216321},"geometry":{"type":"Polygon","coordinates":[[[-69.0147386,-9.4176559],[-69.0066047,-9.4176561],[-69.0066046,-9.4122459],[-69.0147383,-9.4122456],[-69.0147386,-9.4176559]]]}},{"type":"Feature","id":"AC-Y450-X654","properties":{"id":"AC-Y450-X654","grid_x":654,"grid_y":450,"centroid":[-69.0676073,-9.4095343],"aggregation":"none","score_gradboost":0.4489734,"score_random_forest":0.268233,"score_logistic_regression":0.4120974,"score_fuzzy_knn_k29":0.4872771},"geometry":{"type":"Polygon","coordinates":[[[-69.0716747,-9.4122387],[-69.063541,-9.4122402],[-69.06354,-9.4068299],[-69.0716736,-9.4068284],[-69.0716747,-9.4122387]]]}},{"type":"Feature","id":"AC-Y450-X655","properties":{"id":"AC-Y450-X655","grid_x":655,"grid_y":450,"centroid":[-69.0594736,-9.4095358],"aggregation":"none","score_gradboost":0.4603714,"score_random_forest":0.1918207,"score_logistic_regression":0.4379993,"score_fuzzy_knn_k29":0.0879014},"geometry":{"type":"Polygon","coordinates":[[[-69.063541,-9.4122402],[-69.0554072,-9.4122416],[-69.0554063,-9.4068313],[-69.06354,-9.4068299],[-69.063541,-9.4122402]]]}},{"type":"Feature","id":"AC-Y450-X656","properties":{"id":"AC-Y450-X656","grid_x":656,"grid_y":450,"centroid":[-69.0513399,-9.4095371],"aggregation":"none","score_gradboost":0.6777414,"score_random_forest":0.3643016,"score_logistic_regression":0.3867437,"score_fuzzy_knn_k29":0.4096787},"geometry":{"type":"Polygon","coordinates":[[[-69.0554072,-9.4122416],[-69.0472734,-9.4122428],[-69.0472727,-9.4068325],[-69.0554063,-9.4068313],[-69.0554072,-9.4122416]]]}},{"type":"Feature","id":"AC-Y450-X657","properties":{"id":"AC-Y450-X657","grid_x":657,"grid_y":450,"centroid":[-69.0432062,-9.4095382],"aggregation":"none","score_gradboost":0.2089509,"score_random_forest":0.1087495,"score_logistic_regression":0.4423569,"score_fuzzy_knn_k29":0.21196},"geometry":{"type":"Polygon","coordinates":[[[-69.0472734,-9.4122428],[-69.0391397,-9.4122438],[-69.039139,-9.4068335],[-69.0472727,-9.4068325],[-69.0472734,-9.4122428]]]}},{"type":"Feature","id":"AC-Y450-X658","properties":{"id":"AC-Y450-X658","grid_x":658,"grid_y":450,"centroid":[-69.0350725,-9.4095391],"aggregation":"none","score_gradboost":0.1364626,"score_random_forest":0.1068449,"score_logistic_regression":0.4517556,"score_fuzzy_knn_k29":0.1072046},"geometry":{"type":"Polygon","coordinates":[[[-69.0391397,-9.4122438],[-69.0310059,-9.4122446],[-69.0310054,-9.4068343],[-69.039139,-9.4068335],[-69.0391397,-9.4122438]]]}},{"type":"Feature","id":"AC-Y450-X659","properties":{"id":"AC-Y450-X659","grid_x":659,"grid_y":450,"centroid":[-69.0269388,-9.4095398],"aggregation":"none","score_gradboost":0.1814065,"score_random_forest":0.2178961,"score_logistic_regression":0.4567732,"score_fuzzy_knn_k29":0.3435707},"geometry":{"type":"Polygon","coordinates":[[[-69.0310059,-9.4122446],[-69.0228721,-9.4122452],[-69.0228718,-9.4068349],[-69.0310054,-9.4068343],[-69.0310059,-9.4122446]]]}},{"type":"Feature","id":"AC-Y450-X660","properties":{"id":"AC-Y450-X660","grid_x":660,"grid_y":450,"centroid":[-69.0188051,-9.4095403],"aggregation":"none","score_gradboost":0.4624929,"score_random_forest":0.3084805,"score_logistic_regression":0.4677181,"score_fuzzy_knn_k29":0.3679239},"geometry":{"type":"Polygon","coordinates":[[[-69.0228721,-9.4122452],[-69.0147383,-9.4122456],[-69.0147381,-9.4068353],[-69.0228718,-9.4068349],[-69.0228721,-9.4122452]]]}},{"type":"Feature","id":"AC-Y450-X661","properties":{"id":"AC-Y450-X661","grid_x":661,"grid_y":450,"centroid":[-69.0106714,-9.4095406],"aggregation":"none","score_gradboost":0.2884692,"score_random_forest":0.2524395,"score_logistic_regression":0.4355394,"score_fuzzy_knn_k29":0.4109297},"geometry":{"type":"Polygon","coordinates":[[[-69.0147383,-9.4122456],[-69.0066046,-9.4122459],[-69.0066045,-9.4068356],[-69.0147381,-9.4068353],[-69.0147383,-9.4122456]]]}},{"type":"Feature","id":"AC-Y451-X653","properties":{"id":"AC-Y451-X653","grid_x":653,"grid_y":451,"centroid":[-69.0757399,-9.4041224],"aggregation":"none","score_gradboost":0.2470593,"score_random_forest":0.2354348,"score_logistic_regression":0.4214954,"score_fuzzy_knn_k29":0.445909},"geometry":{"type":"Polygon","coordinates":[[[-69.0798073,-9.4068266],[-69.0716736,-9.4068284],[-69.0716725,-9.4014181],[-69.079806,-9.4014164],[-69.0798073,-9.4068266]]]}},{"type":"Feature","id":"AC-Y451-X654","properties":{"id":"AC-Y451-X654","grid_x":654,"grid_y":451,"centroid":[-69.0676063,-9.404124],"aggregation":"none","score_gradboost":0.3147951,"score_random_forest":0.3214947,"score_logistic_regression":0.3334375,"score_fuzzy_knn_k29":0.4991207},"geometry":{"type":"Polygon","coordinates":[[[-69.0716736,-9.4068284],[-69.06354,-9.4068299],[-69.063539,-9.4014197],[-69.0716725,-9.4014181],[-69.0716736,-9.4068284]]]}},{"type":"Feature","id":"AC-Y451-X655","properties":{"id":"AC-Y451-X655","grid_x":655,"grid_y":451,"centroid":[-69.0594727,-9.4041255],"aggregation":"none","score_gradboost":0.5845128,"score_random_forest":0.339167,"score_logistic_regression":0.4011747,"score_fuzzy_knn_k29":0.5583205},"geometry":{"type":"Polygon","coordinates":[[[-69.06354,-9.4068299],[-69.0554063,-9.4068313],[-69.0554055,-9.401421],[-69.063539,-9.4014197],[-69.06354,-9.4068299]]]}},{"type":"Feature","id":"AC-Y451-X656","properties":{"id":"AC-Y451-X656","grid_x":656,"grid_y":451,"centroid":[-69.0513391,-9.4041268],"aggregation":"none","score_gradboost":0.7121625,"score_random_forest":0.4297061,"score_logistic_regression":0.391025,"score_fuzzy_knn_k29":0.4331074},"geometry":{"type":"Polygon","coordinates":[[[-69.0554063,-9.4068313],[-69.0472727,-9.4068325],[-69.047272,-9.4014222],[-69.0554055,-9.401421],[-69.0554063,-9.4068313]]]}},{"type":"Feature","id":"AC-Y451-X657","properties":{"id":"AC-Y451-X657","grid_x":657,"grid_y":451,"centroid":[-69.0432055,-9.4041279],"aggregation":"none","score_gradboost":0.1087975,"score_random_forest":0.0860068,"score_logistic_regression":0.4902487,"score_fuzzy_knn_k29":0.2019405},"geometry":{"type":"Polygon","coordinates":[[[-69.0472727,-9.4068325],[-69.039139,-9.4068335],[-69.0391384,-9.4014232],[-69.047272,-9.4014222],[-69.0472727,-9.4068325]]]}},{"type":"Feature","id":"AC-Y451-X658","properties":{"id":"AC-Y451-X658","grid_x":658,"grid_y":451,"centroid":[-69.035072,-9.4041288],"aggregation":"none","score_gradboost":0.1404281,"score_random_forest":0.1391984,"score_logistic_regression":0.4157286,"score_fuzzy_knn_k29":0.2686521},"geometry":{"type":"Polygon","coordinates":[[[-69.039139,-9.4068335],[-69.0310054,-9.4068343],[-69.0310049,-9.401424],[-69.0391384,-9.4014232],[-69.039139,-9.4068335]]]}},{"type":"Feature","id":"AC-Y451-X659","properties":{"id":"AC-Y451-X659","grid_x":659,"grid_y":451,"centroid":[-69.0269384,-9.4041295],"aggregation":"none","score_gradboost":0.2013369,"score_random_forest":0.2770566,"score_logistic_regression":0.3745314,"score_fuzzy_knn_k29":0.3963869},"geometry":{"type":"Polygon","coordinates":[[[-69.0310054,-9.4068343],[-69.0228718,-9.4068349],[-69.0228714,-9.4014246],[-69.0310049,-9.401424],[-69.0310054,-9.4068343]]]}},{"type":"Feature","id":"AC-Y451-X660","properties":{"id":"AC-Y451-X660","grid_x":660,"grid_y":451,"centroid":[-69.0188048,-9.40413],"aggregation":"none","score_gradboost":0.3837398,"score_random_forest":0.3505284,"score_logistic_regression":0.4943953,"score_fuzzy_knn_k29":0.4393317},"geometry":{"type":"Polygon","coordinates":[[[-69.0228718,-9.4068349],[-69.0147381,-9.4068353],[-69.0147379,-9.4014251],[-69.0228714,-9.4014246],[-69.0228718,-9.4068349]]]}},{"type":"Feature","id":"AC-Y451-X661","properties":{"id":"AC-Y451-X661","grid_x":661,"grid_y":451,"centroid":[-69.0106712,-9.4041304],"aggregation":"none","score_gradboost":0.3273308,"score_random_forest":0.28483,"score_logistic_regression":0.4236571,"score_fuzzy_knn_k29":0.4884299},"geometry":{"type":"Polygon","coordinates":[[[-69.0147381,-9.4068353],[-69.0066045,-9.4068356],[-69.0066044,-9.4014253],[-69.0147379,-9.4014251],[-69.0147381,-9.4068353]]]}},{"type":"Feature","id":"AC-Y452-X651","properties":{"id":"AC-Y452-X651","grid_x":651,"grid_y":452,"centroid":[-69.0920056,-9.3987083],"aggregation":"none","score_gradboost":0.1134167,"score_random_forest":0.1007182,"score_logistic_regression":0.4499737,"score_fuzzy_knn_k29":0.1831368},"geometry":{"type":"Polygon","coordinates":[[[-69.0960731,-9.4014123],[-69.0879395,-9.4014144],[-69.0879382,-9.3960042],[-69.0960716,-9.396002],[-69.0960731,-9.4014123]]]}},{"type":"Feature","id":"AC-Y452-X652","properties":{"id":"AC-Y452-X652","grid_x":652,"grid_y":452,"centroid":[-69.0838721,-9.3987103],"aggregation":"none","score_gradboost":0.089736,"score_random_forest":0.0621114,"score_logistic_regression":0.4065395,"score_fuzzy_knn_k29":0.3068931},"geometry":{"type":"Polygon","coordinates":[[[-69.0879395,-9.4014144],[-69.079806,-9.4014164],[-69.0798048,-9.3960061],[-69.0879382,-9.3960042],[-69.0879395,-9.4014144]]]}},{"type":"Feature","id":"AC-Y452-X653","properties":{"id":"AC-Y452-X653","grid_x":653,"grid_y":452,"centroid":[-69.0757387,-9.3987121],"aggregation":"none","score_gradboost":0.2817952,"score_random_forest":0.2147177,"score_logistic_regression":0.4421153,"score_fuzzy_knn_k29":0.4110415},"geometry":{"type":"Polygon","coordinates":[[[-69.079806,-9.4014164],[-69.0716725,-9.4014181],[-69.0716714,-9.3960078],[-69.0798048,-9.3960061],[-69.079806,-9.4014164]]]}},{"type":"Feature","id":"AC-Y452-X654","properties":{"id":"AC-Y452-X654","grid_x":654,"grid_y":452,"centroid":[-69.0676052,-9.3987138],"aggregation":"none","score_gradboost":0.3155023,"score_random_forest":0.3630783,"score_logistic_regression":0.3534907,"score_fuzzy_knn_k29":0.5294961},"geometry":{"type":"Polygon","coordinates":[[[-69.0716725,-9.4014181],[-69.063539,-9.4014197],[-69.063538,-9.3960094],[-69.0716714,-9.3960078],[-69.0716725,-9.4014181]]]}},{"type":"Feature","id":"AC-Y452-X655","properties":{"id":"AC-Y452-X655","grid_x":655,"grid_y":452,"centroid":[-69.0594718,-9.3987152],"aggregation":"none","score_gradboost":0.5475435,"score_random_forest":0.4356259,"score_logistic_regression":0.348671,"score_fuzzy_knn_k29":0.7102121},"geometry":{"type":"Polygon","coordinates":[[[-69.063539,-9.4014197],[-69.0554055,-9.401421],[-69.0554046,-9.3960108],[-69.063538,-9.3960094],[-69.063539,-9.4014197]]]}},{"type":"Feature","id":"AC-Y452-X656","properties":{"id":"AC-Y452-X656","grid_x":656,"grid_y":452,"centroid":[-69.0513383,-9.3987165],"aggregation":"none","score_gradboost":0.7144883,"score_random_forest":0.3951208,"score_logistic_regression":0.3841048,"score_fuzzy_knn_k29":0.438842},"geometry":{"type":"Polygon","coordinates":[[[-69.0554055,-9.401421],[-69.047272,-9.4014222],[-69.0472712,-9.3960119],[-69.0554046,-9.3960108],[-69.0554055,-9.401421]]]}},{"type":"Feature","id":"AC-Y452-X657","properties":{"id":"AC-Y452-X657","grid_x":657,"grid_y":452,"centroid":[-69.0432049,-9.3987176],"aggregation":"none","score_gradboost":0.1691297,"score_random_forest":0.1269883,"score_logistic_regression":0.4248931,"score_fuzzy_knn_k29":0.2389471},"geometry":{"type":"Polygon","coordinates":[[[-69.047272,-9.4014222],[-69.0391384,-9.4014232],[-69.0391378,-9.3960129],[-69.0472712,-9.3960119],[-69.047272,-9.4014222]]]}},{"type":"Feature","id":"AC-Y452-X658","properties":{"id":"AC-Y452-X658","grid_x":658,"grid_y":452,"centroid":[-69.0350714,-9.3987185],"aggregation":"none","score_gradboost":0.2285589,"score_random_forest":0.1153644,"score_logistic_regression":0.4390612,"score_fuzzy_knn_k29":0.1910319},"geometry":{"type":"Polygon","coordinates":[[[-69.0391384,-9.4014232],[-69.0310049,-9.401424],[-69.0310044,-9.3960137],[-69.0391378,-9.3960129],[-69.0391384,-9.4014232]]]}},{"type":"Feature","id":"AC-Y452-X659","properties":{"id":"AC-Y452-X659","grid_x":659,"grid_y":452,"centroid":[-69.0269379,-9.3987192],"aggregation":"none","score_gradboost":0.2497044,"score_random_forest":0.3277804,"score_logistic_regression":0.3746166,"score_fuzzy_knn_k29":0.4423576},"geometry":{"type":"Polygon","coordinates":[[[-69.0310049,-9.401424],[-69.0228714,-9.4014246],[-69.022871,-9.3960144],[-69.0310044,-9.3960137],[-69.0310049,-9.401424]]]}},{"type":"Feature","id":"AC-Y452-X660","properties":{"id":"AC-Y452-X660","grid_x":660,"grid_y":452,"centroid":[-69.0188045,-9.3987197],"aggregation":"none","score_gradboost":0.3301679,"score_random_forest":0.3433577,"score_logistic_regression":0.503279,"score_fuzzy_knn_k29":0.4259209},"geometry":{"type":"Polygon","coordinates":[[[-69.0228714,-9.4014246],[-69.0147379,-9.4014251],[-69.0147376,-9.3960148],[-69.022871,-9.3960144],[-69.0228714,-9.4014246]]]}},{"type":"Feature","id":"AC-Y452-X661","properties":{"id":"AC-Y452-X661","grid_x":661,"grid_y":452,"centroid":[-69.010671,-9.3987201],"aggregation":"none","score_gradboost":0.2901983,"score_random_forest":0.3606522,"score_logistic_regression":0.4034614,"score_fuzzy_knn_k29":0.5806855},"geometry":{"type":"Polygon","coordinates":[[[-69.0147379,-9.4014251],[-69.0066044,-9.4014253],[-69.0066042,-9.396015],[-69.0147376,-9.3960148],[-69.0147379,-9.4014251]]]}},{"type":"Feature","id":"AC-Y453-X649","properties":{"id":"AC-Y453-X649","grid_x":649,"grid_y":453,"centroid":[-69.1082708,-9.3932934],"aggregation":"none","score_gradboost":0.0321707,"score_random_forest":0.0177753,"score_logistic_regression":0.3728293,"score_fuzzy_knn_k29":0.0291744},"geometry":{"type":"Polygon","coordinates":[[[-69.1123383,-9.3959972],[-69.1042049,-9.3959997],[-69.1042033,-9.3905895],[-69.1123366,-9.390587],[-69.1123383,-9.3959972]]]}},{"type":"Feature","id":"AC-Y453-X650","properties":{"id":"AC-Y453-X650","grid_x":650,"grid_y":453,"centroid":[-69.1001375,-9.3932958],"aggregation":"none","score_gradboost":0.0509912,"score_random_forest":0.0145079,"score_logistic_regression":0.4028745,"score_fuzzy_knn_k29":0.0426275},"geometry":{"type":"Polygon","coordinates":[[[-69.1042049,-9.3959997],[-69.0960716,-9.396002],[-69.0960701,-9.3905918],[-69.1042033,-9.3905895],[-69.1042049,-9.3959997]]]}},{"type":"Feature","id":"AC-Y453-X651","properties":{"id":"AC-Y453-X651","grid_x":651,"grid_y":453,"centroid":[-69.0920042,-9.393298],"aggregation":"none","score_gradboost":0.1429332,"score_random_forest":0.0707525,"score_logistic_regression":0.3783849,"score_fuzzy_knn_k29":0.0994126},"geometry":{"type":"Polygon","coordinates":[[[-69.0960716,-9.396002],[-69.0879382,-9.3960042],[-69.0879368,-9.3905939],[-69.0960701,-9.3905918],[-69.0960716,-9.396002]]]}},{"type":"Feature","id":"AC-Y453-X652","properties":{"id":"AC-Y453-X652","grid_x":652,"grid_y":453,"centroid":[-69.0838708,-9.3933],"aggregation":"none","score_gradboost":0.119541,"score_random_forest":0.0728865,"score_logistic_regression":0.4401913,"score_fuzzy_knn_k29":0.1486424},"geometry":{"type":"Polygon","coordinates":[[[-69.0879382,-9.3960042],[-69.0798048,-9.3960061],[-69.0798036,-9.3905958],[-69.0879368,-9.3905939],[-69.0879382,-9.3960042]]]}},{"type":"Feature","id":"AC-Y453-X653","properties":{"id":"AC-Y453-X653","grid_x":653,"grid_y":453,"centroid":[-69.0757375,-9.3933018],"aggregation":"none","score_gradboost":0.2471995,"score_random_forest":0.239186,"score_logistic_regression":0.4201289,"score_fuzzy_knn_k29":0.4330283},"geometry":{"type":"Polygon","coordinates":[[[-69.0798048,-9.3960061],[-69.0716714,-9.3960078],[-69.0716703,-9.3905976],[-69.0798036,-9.3905958],[-69.0798048,-9.3960061]]]}},{"type":"Feature","id":"AC-Y453-X654","properties":{"id":"AC-Y453-X654","grid_x":654,"grid_y":453,"centroid":[-69.0676042,-9.3933035],"aggregation":"none","score_gradboost":0.3278459,"score_random_forest":0.3620483,"score_logistic_regression":0.3727621,"score_fuzzy_knn_k29":0.576773},"geometry":{"type":"Polygon","coordinates":[[[-69.0716714,-9.3960078],[-69.063538,-9.3960094],[-69.063537,-9.3905991],[-69.0716703,-9.3905976],[-69.0716714,-9.3960078]]]}},{"type":"Feature","id":"AC-Y453-X655","properties":{"id":"AC-Y453-X655","grid_x":655,"grid_y":453,"centroid":[-69.0594709,-9.393305],"aggregation":"none","score_gradboost":0.537339,"score_random_forest":0.4480718,"score_logistic_regression":0.3494678,"score_fuzzy_knn_k29":0.7571548},"geometry":{"type":"Polygon","coordinates":[[[-69.063538,-9.3960094],[-69.0554046,-9.3960108],[-69.0554038,-9.3906005],[-69.063537,-9.3905991],[-69.063538,-9.3960094]]]}},{"type":"Feature","id":"AC-Y453-X656","properties":{"id":"AC-Y453-X656","grid_x":656,"grid_y":453,"centroid":[-69.0513375,-9.3933062],"aggregation":"none","score_gradboost":0.3968687,"score_random_forest":0.2792249,"score_logistic_regression":0.4172556,"score_fuzzy_knn_k29":0.3374276},"geometry":{"type":"Polygon","coordinates":[[[-69.0554046,-9.3960108],[-69.0472712,-9.3960119],[-69.0472705,-9.3906017],[-69.0554038,-9.3906005],[-69.0554046,-9.3960108]]]}},{"type":"Feature","id":"AC-Y453-X657","properties":{"id":"AC-Y453-X657","grid_x":657,"grid_y":453,"centroid":[-69.0432042,-9.3933073],"aggregation":"none","score_gradboost":0.1875983,"score_random_forest":0.1046668,"score_logistic_regression":0.469834,"score_fuzzy_knn_k29":0.1427121},"geometry":{"type":"Polygon","coordinates":[[[-69.0472712,-9.3960119],[-69.0391378,-9.3960129],[-69.0391372,-9.3906027],[-69.0472705,-9.3906017],[-69.0472712,-9.3960119]]]}},{"type":"Feature","id":"AC-Y453-X658","properties":{"id":"AC-Y453-X658","grid_x":658,"grid_y":453,"centroid":[-69.0350709,-9.3933082],"aggregation":"none","score_gradboost":0.1840246,"score_random_forest":0.0968575,"score_logistic_regression":0.4511056,"score_fuzzy_knn_k29":0.0570667},"geometry":{"type":"Polygon","coordinates":[[[-69.0391378,-9.3960129],[-69.0310044,-9.3960137],[-69.031004,-9.3906035],[-69.0391372,-9.3906027],[-69.0391378,-9.3960129]]]}},{"type":"Feature","id":"AC-Y453-X659","properties":{"id":"AC-Y453-X659","grid_x":659,"grid_y":453,"centroid":[-69.0269375,-9.3933089],"aggregation":"none","score_gradboost":0.2857808,"score_random_forest":0.2802801,"score_logistic_regression":0.419026,"score_fuzzy_knn_k29":0.2328951},"geometry":{"type":"Polygon","coordinates":[[[-69.0310044,-9.3960137],[-69.022871,-9.3960144],[-69.0228707,-9.3906041],[-69.031004,-9.3906035],[-69.0310044,-9.3960137]]]}},{"type":"Feature","id":"AC-Y453-X660","properties":{"id":"AC-Y453-X660","grid_x":660,"grid_y":453,"centroid":[-69.0188042,-9.3933095],"aggregation":"none","score_gradboost":0.3235614,"score_random_forest":0.2566903,"score_logistic_regression":0.5116043,"score_fuzzy_knn_k29":0.3785201},"geometry":{"type":"Polygon","coordinates":[[[-69.022871,-9.3960144],[-69.0147376,-9.3960148],[-69.0147374,-9.3906045],[-69.0228707,-9.3906041],[-69.022871,-9.3960144]]]}},{"type":"Feature","id":"AC-Y453-X661","properties":{"id":"AC-Y453-X661","grid_x":661,"grid_y":453,"centroid":[-69.0106709,-9.3933098],"aggregation":"none","score_gradboost":0.4692407,"score_random_forest":0.3276133,"score_logistic_regression":0.4927716,"score_fuzzy_knn_k29":0.3853175},"geometry":{"type":"Polygon","coordinates":[[[-69.0147376,-9.3960148],[-69.0066042,-9.396015],[-69.0066041,-9.3906048],[-69.0147374,-9.3906045],[-69.0147376,-9.3960148]]]}},{"type":"Feature","id":"AC-Y454-X649","properties":{"id":"AC-Y454-X649","grid_x":649,"grid_y":454,"centroid":[-69.1082691,-9.3878831],"aggregation":"none","score_gradboost":0.0227609,"score_random_forest":0.0283265,"score_logistic_regression":0.3144806,"score_fuzzy_knn_k29":0.016085},"geometry":{"type":"Polygon","coordinates":[[[-69.1123366,-9.390587],[-69.1042033,-9.3905895],[-69.1042017,-9.3851792],[-69.1123348,-9.3851767],[-69.1123366,-9.390587]]]}},{"type":"Feature","id":"AC-Y454-X650","properties":{"id":"AC-Y454-X650","grid_x":650,"grid_y":454,"centroid":[-69.1001359,-9.3878855],"aggregation":"none","score_gradboost":0.0306379,"score_random_forest":0.018768,"score_logistic_regression":0.3738455,"score_fuzzy_knn_k29":0.0305616},"geometry":{"type":"Polygon","coordinates":[[[-69.1042033,-9.3905895],[-69.0960701,-9.3905918],[-69.0960686,-9.3851815],[-69.1042017,-9.3851792],[-69.1042033,-9.3905895]]]}},{"type":"Feature","id":"AC-Y454-X651","properties":{"id":"AC-Y454-X651","grid_x":651,"grid_y":454,"centroid":[-69.0920027,-9.3878877],"aggregation":"none","score_gradboost":0.0589262,"score_random_forest":0.0374957,"score_logistic_regression":0.4296116,"score_fuzzy_knn_k29":0.1058774},"geometry":{"type":"Polygon","coordinates":[[[-69.0960701,-9.3905918],[-69.0879368,-9.3905939],[-69.0879354,-9.3851836],[-69.0960686,-9.3851815],[-69.0960701,-9.3905918]]]}},{"type":"Feature","id":"AC-Y454-X652","properties":{"id":"AC-Y454-X652","grid_x":652,"grid_y":454,"centroid":[-69.0838695,-9.3878897],"aggregation":"none","score_gradboost":0.1256043,"score_random_forest":0.1007087,"score_logistic_regression":0.4523286,"score_fuzzy_knn_k29":0.2310129},"geometry":{"type":"Polygon","coordinates":[[[-69.0879368,-9.3905939],[-69.0798036,-9.3905958],[-69.0798023,-9.3851855],[-69.0879354,-9.3851836],[-69.0879368,-9.3905939]]]}},{"type":"Feature","id":"AC-Y454-X653","properties":{"id":"AC-Y454-X653","grid_x":653,"grid_y":454,"centroid":[-69.0757363,-9.3878916],"aggregation":"none","score_gradboost":0.2847825,"score_random_forest":0.2186426,"score_logistic_regression":0.4415198,"score_fuzzy_knn_k29":0.3713638},"geometry":{"type":"Polygon","coordinates":[[[-69.0798036,-9.3905958],[-69.0716703,-9.3905976],[-69.0716692,-9.3851873],[-69.0798023,-9.3851855],[-69.0798036,-9.3905958]]]}},{"type":"Feature","id":"AC-Y454-X654","properties":{"id":"AC-Y454-X654","grid_x":654,"grid_y":454,"centroid":[-69.0676031,-9.3878932],"aggregation":"none","score_gradboost":0.3111946,"score_random_forest":0.3735521,"score_logistic_regression":0.3702858,"score_fuzzy_knn_k29":0.5920899},"geometry":{"type":"Polygon","coordinates":[[[-69.0716703,-9.3905976],[-69.063537,-9.3905991],[-69.063536,-9.3851888],[-69.0716692,-9.3851873],[-69.0716703,-9.3905976]]]}},{"type":"Feature","id":"AC-Y454-X655","properties":{"id":"AC-Y454-X655","grid_x":655,"grid_y":454,"centroid":[-69.0594699,-9.3878947],"aggregation":"none","score_gradboost":0.5835043,"score_random_forest":0.4810948,"score_logistic_regression":0.3511689,"score_fuzzy_knn_k29":0.7930954},"geometry":{"type":"Polygon","coordinates":[[[-69.063537,-9.3905991],[-69.0554038,-9.3906005],[-69.0554029,-9.3851902],[-69.063536,-9.3851888],[-69.063537,-9.3905991]]]}},{"type":"Feature","id":"AC-Y454-X656","properties":{"id":"AC-Y454-X656","grid_x":656,"grid_y":454,"centroid":[-69.0513367,-9.387896],"aggregation":"none","score_gradboost":0.2178919,"score_random_forest":0.1710927,"score_logistic_regression":0.4232974,"score_fuzzy_knn_k29":0.369388},"geometry":{"type":"Polygon","coordinates":[[[-69.0554038,-9.3906005],[-69.0472705,-9.3906017],[-69.0472698,-9.3851914],[-69.0554029,-9.3851902],[-69.0554038,-9.3906005]]]}},{"type":"Feature","id":"AC-Y454-X657","properties":{"id":"AC-Y454-X657","grid_x":657,"grid_y":454,"centroid":[-69.0432035,-9.387897],"aggregation":"none","score_gradboost":0.1327853,"score_random_forest":0.1049643,"score_logistic_regression":0.4649006,"score_fuzzy_knn_k29":0.1626117},"geometry":{"type":"Polygon","coordinates":[[[-69.0472705,-9.3906017],[-69.0391372,-9.3906027],[-69.0391366,-9.3851924],[-69.0472698,-9.3851914],[-69.0472705,-9.3906017]]]}},{"type":"Feature","id":"AC-Y454-X658","properties":{"id":"AC-Y454-X658","grid_x":658,"grid_y":454,"centroid":[-69.0350703,-9.3878979],"aggregation":"none","score_gradboost":0.1650317,"score_random_forest":0.0892614,"score_logistic_regression":0.4514525,"score_fuzzy_knn_k29":0.1857094},"geometry":{"type":"Polygon","coordinates":[[[-69.0391372,-9.3906027],[-69.031004,-9.3906035],[-69.0310035,-9.3851932],[-69.0391366,-9.3851924],[-69.0391372,-9.3906027]]]}},{"type":"Feature","id":"AC-Y454-X659","properties":{"id":"AC-Y454-X659","grid_x":659,"grid_y":454,"centroid":[-69.0269371,-9.3878987],"aggregation":"none","score_gradboost":0.5011943,"score_random_forest":0.3341203,"score_logistic_regression":0.399122,"score_fuzzy_knn_k29":0.3590224},"geometry":{"type":"Polygon","coordinates":[[[-69.031004,-9.3906035],[-69.0228707,-9.3906041],[-69.0228703,-9.3851938],[-69.0310035,-9.3851932],[-69.031004,-9.3906035]]]}},{"type":"Feature","id":"AC-Y454-X660","properties":{"id":"AC-Y454-X660","grid_x":660,"grid_y":454,"centroid":[-69.0188039,-9.3878992],"aggregation":"none","score_gradboost":0.406809,"score_random_forest":0.2955828,"score_logistic_regression":0.4741931,"score_fuzzy_knn_k29":0.3569071},"geometry":{"type":"Polygon","coordinates":[[[-69.0228707,-9.3906041],[-69.0147374,-9.3906045],[-69.0147372,-9.3851942],[-69.0228703,-9.3851938],[-69.0228707,-9.3906041]]]}},{"type":"Feature","id":"AC-Y454-X661","properties":{"id":"AC-Y454-X661","grid_x":661,"grid_y":454,"centroid":[-69.0106707,-9.3878995],"aggregation":"none","score_gradboost":0.4882141,"score_random_forest":0.3740382,"score_logistic_regression":0.4368759,"score_fuzzy_knn_k29":0.4340666},"geometry":{"type":"Polygon","coordinates":[[[-69.0147374,-9.3906045],[-69.0066041,-9.3906048],[-69.006604,-9.3851945],[-69.0147372,-9.3851942],[-69.0147374,-9.3906045]]]}},{"type":"Feature","id":"AC-Y455-X649","properties":{"id":"AC-Y455-X649","grid_x":649,"grid_y":455,"centroid":[-69.1082674,-9.3824728],"aggregation":"none","score_gradboost":0.0206025,"score_random_forest":0.0131102,"score_logistic_regression":0.3605703,"score_fuzzy_knn_k29":0.0345677},"geometry":{"type":"Polygon","coordinates":[[[-69.1123348,-9.3851767],[-69.1042017,-9.3851792],[-69.1042001,-9.3797689],[-69.1123331,-9.3797664],[-69.1123348,-9.3851767]]]}},{"type":"Feature","id":"AC-Y455-X650","properties":{"id":"AC-Y455-X650","grid_x":650,"grid_y":455,"centroid":[-69.1001344,-9.3824752],"aggregation":"none","score_gradboost":0.0219002,"score_random_forest":0.0455069,"score_logistic_regression":0.2957527,"score_fuzzy_knn_k29":0.0573451},"geometry":{"type":"Polygon","coordinates":[[[-69.1042017,-9.3851792],[-69.0960686,-9.3851815],[-69.0960671,-9.3797712],[-69.1042001,-9.3797689],[-69.1042017,-9.3851792]]]}},{"type":"Feature","id":"AC-Y455-X651","properties":{"id":"AC-Y455-X651","grid_x":651,"grid_y":455,"centroid":[-69.0920013,-9.3824774],"aggregation":"none","score_gradboost":0.0732136,"score_random_forest":0.0445571,"score_logistic_regression":0.3279597,"score_fuzzy_knn_k29":0.1068891},"geometry":{"type":"Polygon","coordinates":[[[-69.0960686,-9.3851815],[-69.0879354,-9.3851836],[-69.0879341,-9.3797733],[-69.0960671,-9.3797712],[-69.0960686,-9.3851815]]]}},{"type":"Feature","id":"AC-Y455-X652","properties":{"id":"AC-Y455-X652","grid_x":652,"grid_y":455,"centroid":[-69.0838682,-9.3824795],"aggregation":"none","score_gradboost":0.0964101,"score_random_forest":0.0806899,"score_logistic_regression":0.3753694,"score_fuzzy_knn_k29":0.2450123},"geometry":{"type":"Polygon","coordinates":[[[-69.0879354,-9.3851836],[-69.0798023,-9.3851855],[-69.0798011,-9.3797753],[-69.0879341,-9.3797733],[-69.0879354,-9.3851836]]]}},{"type":"Feature","id":"AC-Y455-X653","properties":{"id":"AC-Y455-X653","grid_x":653,"grid_y":455,"centroid":[-69.0757352,-9.3824813],"aggregation":"none","score_gradboost":0.277646,"score_random_forest":0.2192498,"score_logistic_regression":0.4587114,"score_fuzzy_knn_k29":0.2632432},"geometry":{"type":"Polygon","coordinates":[[[-69.0798023,-9.3851855],[-69.0716692,-9.3851873],[-69.0716681,-9.379777],[-69.0798011,-9.3797753],[-69.0798023,-9.3851855]]]}},{"type":"Feature","id":"AC-Y455-X654","properties":{"id":"AC-Y455-X654","grid_x":654,"grid_y":455,"centroid":[-69.0676021,-9.3824829],"aggregation":"none","score_gradboost":0.3173224,"score_random_forest":0.365503,"score_logistic_regression":0.3819557,"score_fuzzy_knn_k29":0.7296172},"geometry":{"type":"Polygon","coordinates":[[[-69.0716692,-9.3851873],[-69.063536,-9.3851888],[-69.0635351,-9.3797786],[-69.0716681,-9.379777],[-69.0716692,-9.3851873]]]}},{"type":"Feature","id":"AC-Y455-X655","properties":{"id":"AC-Y455-X655","grid_x":655,"grid_y":455,"centroid":[-69.059469,-9.3824844],"aggregation":"none","score_gradboost":0.5857865,"score_random_forest":0.4860124,"score_logistic_regression":0.3580364,"score_fuzzy_knn_k29":0.8480329},"geometry":{"type":"Polygon","coordinates":[[[-69.063536,-9.3851888],[-69.0554029,-9.3851902],[-69.055402,-9.3797799],[-69.0635351,-9.3797786],[-69.063536,-9.3851888]]]}},{"type":"Feature","id":"AC-Y455-X656","properties":{"id":"AC-Y455-X656","grid_x":656,"grid_y":455,"centroid":[-69.0513359,-9.3824857],"aggregation":"none","score_gradboost":0.3148478,"score_random_forest":0.2537568,"score_logistic_regression":0.3837796,"score_fuzzy_knn_k29":0.2536096},"geometry":{"type":"Polygon","coordinates":[[[-69.0554029,-9.3851902],[-69.0472698,-9.3851914],[-69.047269,-9.3797811],[-69.055402,-9.3797799],[-69.0554029,-9.3851902]]]}},{"type":"Feature","id":"AC-Y455-X657","properties":{"id":"AC-Y455-X657","grid_x":657,"grid_y":455,"centroid":[-69.0432029,-9.3824868],"aggregation":"none","score_gradboost":0.1268018,"score_random_forest":0.1041543,"score_logistic_regression":0.4770805,"score_fuzzy_knn_k29":0.2082949},"geometry":{"type":"Polygon","coordinates":[[[-69.0472698,-9.3851914],[-69.0391366,-9.3851924],[-69.039136,-9.3797821],[-69.047269,-9.3797811],[-69.0472698,-9.3851914]]]}},{"type":"Feature","id":"AC-Y455-X658","properties":{"id":"AC-Y455-X658","grid_x":658,"grid_y":455,"centroid":[-69.0350698,-9.3824877],"aggregation":"none","score_gradboost":0.1632464,"score_random_forest":0.099401,"score_logistic_regression":0.4728519,"score_fuzzy_knn_k29":0.1367654},"geometry":{"type":"Polygon","coordinates":[[[-69.0391366,-9.3851924],[-69.0310035,-9.3851932],[-69.031003,-9.3797829],[-69.039136,-9.3797821],[-69.0391366,-9.3851924]]]}},{"type":"Feature","id":"AC-Y455-X659","properties":{"id":"AC-Y455-X659","grid_x":659,"grid_y":455,"centroid":[-69.0269367,-9.3824884],"aggregation":"none","score_gradboost":0.2226645,"score_random_forest":0.1389465,"score_logistic_regression":0.4457193,"score_fuzzy_knn_k29":0.3086113},"geometry":{"type":"Polygon","coordinates":[[[-69.0310035,-9.3851932],[-69.0228703,-9.3851938],[-69.02287,-9.3797835],[-69.031003,-9.3797829],[-69.0310035,-9.3851932]]]}},{"type":"Feature","id":"AC-Y455-X660","properties":{"id":"AC-Y455-X660","grid_x":660,"grid_y":455,"centroid":[-69.0188036,-9.3824889],"aggregation":"none","score_gradboost":0.5586992,"score_random_forest":0.2923667,"score_logistic_regression":0.4276667,"score_fuzzy_knn_k29":0.3335852},"geometry":{"type":"Polygon","coordinates":[[[-69.0228703,-9.3851938],[-69.0147372,-9.3851942],[-69.014737,-9.3797839],[-69.02287,-9.3797835],[-69.0228703,-9.3851938]]]}},{"type":"Feature","id":"AC-Y455-X661","properties":{"id":"AC-Y455-X661","grid_x":661,"grid_y":455,"centroid":[-69.0106705,-9.3824892],"aggregation":"none","score_gradboost":0.4178793,"score_random_forest":0.3210742,"score_logistic_regression":0.4624875,"score_fuzzy_knn_k29":0.3658219},"geometry":{"type":"Polygon","coordinates":[[[-69.0147372,-9.3851942],[-69.006604,-9.3851945],[-69.0066039,-9.3797842],[-69.014737,-9.3797839],[-69.0147372,-9.3851942]]]}},{"type":"Feature","id":"AC-Y455-X662","properties":{"id":"AC-Y455-X662","grid_x":662,"grid_y":455,"centroid":[-69.0025375,-9.3824894],"aggregation":"none","score_gradboost":0.3853361,"score_random_forest":0.3563876,"score_logistic_regression":0.4077056,"score_fuzzy_knn_k29":0.5988521},"geometry":{"type":"Polygon","coordinates":[[[-69.006604,-9.3851945],[-68.9984709,-9.3851945],[-68.9984709,-9.3797842],[-69.0066039,-9.3797842],[-69.006604,-9.3851945]]]}},{"type":"Feature","id":"AC-Y456-X650","properties":{"id":"AC-Y456-X650","grid_x":650,"grid_y":456,"centroid":[-69.1001328,-9.377065],"aggregation":"none","score_gradboost":0.0198606,"score_random_forest":0.0121279,"score_logistic_regression":0.3583472,"score_fuzzy_knn_k29":0.0184365},"geometry":{"type":"Polygon","coordinates":[[[-69.1042001,-9.3797689],[-69.0960671,-9.3797712],[-69.0960656,-9.3743609],[-69.1041985,-9.3743586],[-69.1042001,-9.3797689]]]}},{"type":"Feature","id":"AC-Y456-X651","properties":{"id":"AC-Y456-X651","grid_x":651,"grid_y":456,"centroid":[-69.0919999,-9.3770672],"aggregation":"none","score_gradboost":0.0648678,"score_random_forest":0.030539,"score_logistic_regression":0.3439506,"score_fuzzy_knn_k29":0.100603},"geometry":{"type":"Polygon","coordinates":[[[-69.0960671,-9.3797712],[-69.0879341,-9.3797733],[-69.0879327,-9.3743631],[-69.0960656,-9.3743609],[-69.0960671,-9.3797712]]]}},{"type":"Feature","id":"AC-Y456-X652","properties":{"id":"AC-Y456-X652","grid_x":652,"grid_y":456,"centroid":[-69.0838669,-9.3770692],"aggregation":"none","score_gradboost":0.0774028,"score_random_forest":0.0838184,"score_logistic_regression":0.3255393,"score_fuzzy_knn_k29":0.24978},"geometry":{"type":"Polygon","coordinates":[[[-69.0879341,-9.3797733],[-69.0798011,-9.3797753],[-69.0797998,-9.374365],[-69.0879327,-9.3743631],[-69.0879341,-9.3797733]]]}},{"type":"Feature","id":"AC-Y456-X653","properties":{"id":"AC-Y456-X653","grid_x":653,"grid_y":456,"centroid":[-69.075734,-9.377071],"aggregation":"none","score_gradboost":0.2404715,"score_random_forest":0.2282749,"score_logistic_regression":0.4285728,"score_fuzzy_knn_k29":0.382527},"geometry":{"type":"Polygon","coordinates":[[[-69.0798011,-9.3797753],[-69.0716681,-9.379777],[-69.071667,-9.3743667],[-69.0797998,-9.374365],[-69.0798011,-9.3797753]]]}},{"type":"Feature","id":"AC-Y456-X654","properties":{"id":"AC-Y456-X654","grid_x":654,"grid_y":456,"centroid":[-69.067601,-9.3770727],"aggregation":"none","score_gradboost":0.2776863,"score_random_forest":0.1887111,"score_logistic_regression":0.4511533,"score_fuzzy_knn_k29":0.3012566},"geometry":{"type":"Polygon","coordinates":[[[-69.0716681,-9.379777],[-69.0635351,-9.3797786],[-69.0635341,-9.3743683],[-69.071667,-9.3743667],[-69.0716681,-9.379777]]]}},{"type":"Feature","id":"AC-Y456-X655","properties":{"id":"AC-Y456-X655","grid_x":655,"grid_y":456,"centroid":[-69.0594681,-9.3770741],"aggregation":"none","score_gradboost":0.394992,"score_random_forest":0.2033294,"score_logistic_regression":0.4307788,"score_fuzzy_knn_k29":0.0427805},"geometry":{"type":"Polygon","coordinates":[[[-69.0635351,-9.3797786],[-69.055402,-9.3797799],[-69.0554012,-9.3743696],[-69.0635341,-9.3743683],[-69.0635351,-9.3797786]]]}},{"type":"Feature","id":"AC-Y456-X656","properties":{"id":"AC-Y456-X656","grid_x":656,"grid_y":456,"centroid":[-69.0513351,-9.3770754],"aggregation":"none","score_gradboost":0.3680781,"score_random_forest":0.219962,"score_logistic_regression":0.4298391,"score_fuzzy_knn_k29":0.4074944},"geometry":{"type":"Polygon","coordinates":[[[-69.055402,-9.3797799],[-69.047269,-9.3797811],[-69.0472683,-9.3743708],[-69.0554012,-9.3743696],[-69.055402,-9.3797799]]]}},{"type":"Feature","id":"AC-Y456-X657","properties":{"id":"AC-Y456-X657","grid_x":657,"grid_y":456,"centroid":[-69.0432022,-9.3770765],"aggregation":"none","score_gradboost":0.2835324,"score_random_forest":0.1879992,"score_logistic_regression":0.3689287,"score_fuzzy_knn_k29":0.1927974},"geometry":{"type":"Polygon","coordinates":[[[-69.047269,-9.3797811],[-69.039136,-9.3797821],[-69.0391354,-9.3743718],[-69.0472683,-9.3743708],[-69.047269,-9.3797811]]]}},{"type":"Feature","id":"AC-Y456-X658","properties":{"id":"AC-Y456-X658","grid_x":658,"grid_y":456,"centroid":[-69.0350692,-9.3770774],"aggregation":"none","score_gradboost":0.0945954,"score_random_forest":0.1162117,"score_logistic_regression":0.5286883,"score_fuzzy_knn_k29":0.4244166},"geometry":{"type":"Polygon","coordinates":[[[-69.039136,-9.3797821],[-69.031003,-9.3797829],[-69.0310025,-9.3743726],[-69.0391354,-9.3743718],[-69.039136,-9.3797821]]]}},{"type":"Feature","id":"AC-Y456-X659","properties":{"id":"AC-Y456-X659","grid_x":659,"grid_y":456,"centroid":[-69.0269363,-9.3770781],"aggregation":"none","score_gradboost":0.1682795,"score_random_forest":0.1054632,"score_logistic_regression":0.4863721,"score_fuzzy_knn_k29":0.1062851},"geometry":{"type":"Polygon","coordinates":[[[-69.031003,-9.3797829],[-69.02287,-9.3797835],[-69.0228696,-9.3743732],[-69.0310025,-9.3743726],[-69.031003,-9.3797829]]]}},{"type":"Feature","id":"AC-Y456-X660","properties":{"id":"AC-Y456-X660","grid_x":660,"grid_y":456,"centroid":[-69.0188033,-9.3770786],"aggregation":"none","score_gradboost":0.173894,"score_random_forest":0.1596898,"score_logistic_regression":0.4198234,"score_fuzzy_knn_k29":0.1500755},"geometry":{"type":"Polygon","coordinates":[[[-69.02287,-9.3797835],[-69.014737,-9.3797839],[-69.0147367,-9.3743737],[-69.0228696,-9.3743732],[-69.02287,-9.3797835]]]}},{"type":"Feature","id":"AC-Y456-X661","properties":{"id":"AC-Y456-X661","grid_x":661,"grid_y":456,"centroid":[-69.0106704,-9.3770789],"aggregation":"none","score_gradboost":0.5749894,"score_random_forest":0.3541837,"score_logistic_regression":0.407209,"score_fuzzy_knn_k29":0.4080723},"geometry":{"type":"Polygon","coordinates":[[[-69.014737,-9.3797839],[-69.0066039,-9.3797842],[-69.0066038,-9.3743739],[-69.0147367,-9.3743737],[-69.014737,-9.3797839]]]}},{"type":"Feature","id":"AC-Y456-X662","properties":{"id":"AC-Y456-X662","grid_x":662,"grid_y":456,"centroid":[-69.0025374,-9.3770791],"aggregation":"none","score_gradboost":0.3772275,"score_random_forest":0.4211778,"score_logistic_regression":0.4020869,"score_fuzzy_knn_k29":0.5851724},"geometry":{"type":"Polygon","coordinates":[[[-69.0066039,-9.3797842],[-68.9984709,-9.3797842],[-68.9984709,-9.374374],[-69.0066038,-9.3743739],[-69.0066039,-9.3797842]]]}},{"type":"Feature","id":"AC-Y457-X650","properties":{"id":"AC-Y457-X650","grid_x":650,"grid_y":457,"centroid":[-69.1001313,-9.3716547],"aggregation":"none","score_gradboost":0.0213051,"score_random_forest":0.0123352,"score_logistic_regression":0.3310678,"score_fuzzy_knn_k29":0.0360962},"geometry":{"type":"Polygon","coordinates":[[[-69.1041985,-9.3743586],[-69.0960656,-9.3743609],[-69.0960641,-9.3689507],[-69.1041969,-9.3689484],[-69.1041985,-9.3743586]]]}},{"type":"Feature","id":"AC-Y457-X651","properties":{"id":"AC-Y457-X651","grid_x":651,"grid_y":457,"centroid":[-69.0919985,-9.3716569],"aggregation":"none","score_gradboost":0.0695774,"score_random_forest":0.0331151,"score_logistic_regression":0.3517653,"score_fuzzy_knn_k29":0.0765884},"geometry":{"type":"Polygon","coordinates":[[[-69.0960656,-9.3743609],[-69.0879327,-9.3743631],[-69.0879314,-9.3689528],[-69.0960641,-9.3689507],[-69.0960656,-9.3743609]]]}},{"type":"Feature","id":"AC-Y457-X652","properties":{"id":"AC-Y457-X652","grid_x":652,"grid_y":457,"centroid":[-69.0838656,-9.3716589],"aggregation":"none","score_gradboost":0.046568,"score_random_forest":0.065139,"score_logistic_regression":0.3418831,"score_fuzzy_knn_k29":0.2112327},"geometry":{"type":"Polygon","coordinates":[[[-69.0879327,-9.3743631],[-69.0797998,-9.374365],[-69.0797986,-9.3689547],[-69.0879314,-9.3689528],[-69.0879327,-9.3743631]]]}},{"type":"Feature","id":"AC-Y457-X653","properties":{"id":"AC-Y457-X653","grid_x":653,"grid_y":457,"centroid":[-69.0757328,-9.3716607],"aggregation":"none","score_gradboost":0.2901089,"score_random_forest":0.3159747,"score_logistic_regression":0.3584666,"score_fuzzy_knn_k29":0.5718942},"geometry":{"type":"Polygon","coordinates":[[[-69.0797998,-9.374365],[-69.071667,-9.3743667],[-69.0716658,-9.3689564],[-69.0797986,-9.3689547],[-69.0797998,-9.374365]]]}},{"type":"Feature","id":"AC-Y457-X654","properties":{"id":"AC-Y457-X654","grid_x":654,"grid_y":457,"centroid":[-69.0676,-9.3716624],"aggregation":"none","score_gradboost":0.300269,"score_random_forest":0.1934543,"score_logistic_regression":0.4314423,"score_fuzzy_knn_k29":0.3603794},"geometry":{"type":"Polygon","coordinates":[[[-69.071667,-9.3743667],[-69.0635341,-9.3743683],[-69.0635331,-9.368958],[-69.0716658,-9.3689564],[-69.071667,-9.3743667]]]}},{"type":"Feature","id":"AC-Y457-X655","properties":{"id":"AC-Y457-X655","grid_x":655,"grid_y":457,"centroid":[-69.0594672,-9.3716638],"aggregation":"none","score_gradboost":0.4992255,"score_random_forest":0.2468728,"score_logistic_regression":0.4212542,"score_fuzzy_knn_k29":0.2205862},"geometry":{"type":"Polygon","coordinates":[[[-69.0635341,-9.3743683],[-69.0554012,-9.3743696],[-69.0554003,-9.3689593],[-69.0635331,-9.368958],[-69.0635341,-9.3743683]]]}},{"type":"Feature","id":"AC-Y457-X656","properties":{"id":"AC-Y457-X656","grid_x":656,"grid_y":457,"centroid":[-69.0513343,-9.3716651],"aggregation":"none","score_gradboost":0.4999243,"score_random_forest":0.2446219,"score_logistic_regression":0.4491524,"score_fuzzy_knn_k29":0.2978611},"geometry":{"type":"Polygon","coordinates":[[[-69.0554012,-9.3743696],[-69.0472683,-9.3743708],[-69.0472676,-9.3689605],[-69.0554003,-9.3689593],[-69.0554012,-9.3743696]]]}},{"type":"Feature","id":"AC-Y457-X657","properties":{"id":"AC-Y457-X657","grid_x":657,"grid_y":457,"centroid":[-69.0432015,-9.3716662],"aggregation":"none","score_gradboost":0.1190217,"score_random_forest":0.0935464,"score_logistic_regression":0.501705,"score_fuzzy_knn_k29":0.3759172},"geometry":{"type":"Polygon","coordinates":[[[-69.0472683,-9.3743708],[-69.0391354,-9.3743718],[-69.0391348,-9.3689615],[-69.0472676,-9.3689605],[-69.0472683,-9.3743708]]]}},{"type":"Feature","id":"AC-Y457-X658","properties":{"id":"AC-Y457-X658","grid_x":658,"grid_y":457,"centroid":[-69.0350687,-9.3716671],"aggregation":"none","score_gradboost":0.1719249,"score_random_forest":0.1021497,"score_logistic_regression":0.4998814,"score_fuzzy_knn_k29":0.3063717},"geometry":{"type":"Polygon","coordinates":[[[-69.0391354,-9.3743718],[-69.0310025,-9.3743726],[-69.031002,-9.3689623],[-69.0391348,-9.3689615],[-69.0391354,-9.3743718]]]}},{"type":"Feature","id":"AC-Y457-X659","properties":{"id":"AC-Y457-X659","grid_x":659,"grid_y":457,"centroid":[-69.0269359,-9.3716678],"aggregation":"none","score_gradboost":0.0945954,"score_random_forest":0.0990847,"score_logistic_regression":0.5027639,"score_fuzzy_knn_k29":0.3631122},"geometry":{"type":"Polygon","coordinates":[[[-69.0310025,-9.3743726],[-69.0228696,-9.3743732],[-69.0228693,-9.3689629],[-69.031002,-9.3689623],[-69.0310025,-9.3743726]]]}},{"type":"Feature","id":"AC-Y457-X660","properties":{"id":"AC-Y457-X660","grid_x":660,"grid_y":457,"centroid":[-69.018803,-9.3716683],"aggregation":"none","score_gradboost":0.1875983,"score_random_forest":0.1142938,"score_logistic_regression":0.4885545,"score_fuzzy_knn_k29":0.116853},"geometry":{"type":"Polygon","coordinates":[[[-69.0228696,-9.3743732],[-69.0147367,-9.3743737],[-69.0147365,-9.3689634],[-69.0228693,-9.3689629],[-69.0228696,-9.3743732]]]}},{"type":"Feature","id":"AC-Y457-X661","properties":{"id":"AC-Y457-X661","grid_x":661,"grid_y":457,"centroid":[-69.0106702,-9.3716687],"aggregation":"none","score_gradboost":0.1509576,"score_random_forest":0.2322375,"score_logistic_regression":0.4783527,"score_fuzzy_knn_k29":0.3292741},"geometry":{"type":"Polygon","coordinates":[[[-69.0147367,-9.3743737],[-69.0066038,-9.3743739],[-69.0066037,-9.3689636],[-69.0147365,-9.3689634],[-69.0147367,-9.3743737]]]}},{"type":"Feature","id":"AC-Y457-X662","properties":{"id":"AC-Y457-X662","grid_x":662,"grid_y":457,"centroid":[-69.0025374,-9.3716688],"aggregation":"none","score_gradboost":0.4100611,"score_random_forest":0.4583095,"score_logistic_regression":0.4033462,"score_fuzzy_knn_k29":0.5226229},"geometry":{"type":"Polygon","coordinates":[[[-69.0066038,-9.3743739],[-68.9984709,-9.374374],[-68.998471,-9.3689637],[-69.0066037,-9.3689636],[-69.0066038,-9.3743739]]]}},{"type":"Feature","id":"AC-Y458-X651","properties":{"id":"AC-Y458-X651","grid_x":651,"grid_y":458,"centroid":[-69.091997,-9.3662466],"aggregation":"none","score_gradboost":0.0501129,"score_random_forest":0.0151518,"score_logistic_regression":0.4057979,"score_fuzzy_knn_k29":0.050531},"geometry":{"type":"Polygon","coordinates":[[[-69.0960641,-9.3689507],[-69.0879314,-9.3689528],[-69.08793,-9.3635425],[-69.0960626,-9.3635404],[-69.0960641,-9.3689507]]]}},{"type":"Feature","id":"AC-Y458-X652","properties":{"id":"AC-Y458-X652","grid_x":652,"grid_y":458,"centroid":[-69.0838643,-9.3662486],"aggregation":"none","score_gradboost":0.0350049,"score_random_forest":0.0160141,"score_logistic_regression":0.414178,"score_fuzzy_knn_k29":0.1438979},"geometry":{"type":"Polygon","coordinates":[[[-69.0879314,-9.3689528],[-69.0797986,-9.3689547],[-69.0797974,-9.3635444],[-69.08793,-9.3635425],[-69.0879314,-9.3689528]]]}},{"type":"Feature","id":"AC-Y458-X653","properties":{"id":"AC-Y458-X653","grid_x":653,"grid_y":458,"centroid":[-69.0757316,-9.3662504],"aggregation":"none","score_gradboost":0.286865,"score_random_forest":0.2021013,"score_logistic_regression":0.432236,"score_fuzzy_knn_k29":0.3229015},"geometry":{"type":"Polygon","coordinates":[[[-69.0797986,-9.3689547],[-69.0716658,-9.3689564],[-69.0716647,-9.3635461],[-69.0797974,-9.3635444],[-69.0797986,-9.3689547]]]}},{"type":"Feature","id":"AC-Y458-X654","properties":{"id":"AC-Y458-X654","grid_x":654,"grid_y":458,"centroid":[-69.0675989,-9.3662521],"aggregation":"none","score_gradboost":0.283471,"score_random_forest":0.2800681,"score_logistic_regression":0.3802551,"score_fuzzy_knn_k29":0.4813488},"geometry":{"type":"Polygon","coordinates":[[[-69.0716658,-9.3689564],[-69.0635331,-9.368958],[-69.0635321,-9.3635477],[-69.0716647,-9.3635461],[-69.0716658,-9.3689564]]]}},{"type":"Feature","id":"AC-Y458-X655","properties":{"id":"AC-Y458-X655","grid_x":655,"grid_y":458,"centroid":[-69.0594662,-9.3662535],"aggregation":"none","score_gradboost":0.3147078,"score_random_forest":0.1702268,"score_logistic_regression":0.4885936,"score_fuzzy_knn_k29":0.2589275},"geometry":{"type":"Polygon","coordinates":[[[-69.0635331,-9.368958],[-69.0554003,-9.3689593],[-69.0553995,-9.3635491],[-69.0635321,-9.3635477],[-69.0635331,-9.368958]]]}},{"type":"Feature","id":"AC-Y458-X656","properties":{"id":"AC-Y458-X656","grid_x":656,"grid_y":458,"centroid":[-69.0513335,-9.3662548],"aggregation":"none","score_gradboost":0.429929,"score_random_forest":0.2316423,"score_logistic_regression":0.4350797,"score_fuzzy_knn_k29":0.1817197},"geometry":{"type":"Polygon","coordinates":[[[-69.0554003,-9.3689593],[-69.0472676,-9.3689605],[-69.0472668,-9.3635502],[-69.0553995,-9.3635491],[-69.0554003,-9.3689593]]]}},{"type":"Feature","id":"AC-Y458-X657","properties":{"id":"AC-Y458-X657","grid_x":657,"grid_y":458,"centroid":[-69.0432008,-9.3662559],"aggregation":"none","score_gradboost":0.2413945,"score_random_forest":0.1862738,"score_logistic_regression":0.4936687,"score_fuzzy_knn_k29":0.2707145},"geometry":{"type":"Polygon","coordinates":[[[-69.0472676,-9.3689605],[-69.0391348,-9.3689615],[-69.0391342,-9.3635512],[-69.0472668,-9.3635502],[-69.0472676,-9.3689605]]]}},{"type":"Feature","id":"AC-Y458-X658","properties":{"id":"AC-Y458-X658","grid_x":658,"grid_y":458,"centroid":[-69.0350681,-9.3662568],"aggregation":"none","score_gradboost":0.1903572,"score_random_forest":0.1290538,"score_logistic_regression":0.4239929,"score_fuzzy_knn_k29":0.2915277},"geometry":{"type":"Polygon","coordinates":[[[-69.0391348,-9.3689615],[-69.031002,-9.3689623],[-69.0310016,-9.363552],[-69.0391342,-9.3635512],[-69.0391348,-9.3689615]]]}},{"type":"Feature","id":"AC-Y458-X659","properties":{"id":"AC-Y458-X659","grid_x":659,"grid_y":458,"centroid":[-69.0269354,-9.3662575],"aggregation":"none","score_gradboost":0.2316384,"score_random_forest":0.1105013,"score_logistic_regression":0.4370637,"score_fuzzy_knn_k29":0.2051082},"geometry":{"type":"Polygon","coordinates":[[[-69.031002,-9.3689623],[-69.0228693,-9.3689629],[-69.0228689,-9.3635527],[-69.0310016,-9.363552],[-69.031002,-9.3689623]]]}},{"type":"Feature","id":"AC-Y458-X660","properties":{"id":"AC-Y458-X660","grid_x":660,"grid_y":458,"centroid":[-69.0188027,-9.366258],"aggregation":"none","score_gradboost":0.1041054,"score_random_forest":0.112073,"score_logistic_regression":0.4834336,"score_fuzzy_knn_k29":0.2364322},"geometry":{"type":"Polygon","coordinates":[[[-69.0228693,-9.3689629],[-69.0147365,-9.3689634],[-69.0147363,-9.3635531],[-69.0228689,-9.3635527],[-69.0228693,-9.3689629]]]}},{"type":"Feature","id":"AC-Y458-X661","properties":{"id":"AC-Y458-X661","grid_x":661,"grid_y":458,"centroid":[-69.01067,-9.3662584],"aggregation":"none","score_gradboost":0.1620287,"score_random_forest":0.2003371,"score_logistic_regression":0.4562873,"score_fuzzy_knn_k29":0.3128775},"geometry":{"type":"Polygon","coordinates":[[[-69.0147365,-9.3689634],[-69.0066037,-9.3689636],[-69.0066036,-9.3635533],[-69.0147363,-9.3635531],[-69.0147365,-9.3689634]]]}},{"type":"Feature","id":"AC-Y458-X662","properties":{"id":"AC-Y458-X662","grid_x":662,"grid_y":458,"centroid":[-69.0025373,-9.3662585],"aggregation":"none","score_gradboost":0.4883769,"score_random_forest":0.4644415,"score_logistic_regression":0.401116,"score_fuzzy_knn_k29":0.5172035},"geometry":{"type":"Polygon","coordinates":[[[-69.0066037,-9.3689636],[-68.998471,-9.3689637],[-68.998471,-9.3635534],[-69.0066036,-9.3635533],[-69.0066037,-9.3689636]]]}},{"type":"Feature","id":"AC-Y459-X651","properties":{"id":"AC-Y459-X651","grid_x":651,"grid_y":459,"centroid":[-69.0919956,-9.3608363],"aggregation":"none","score_gradboost":0.0475691,"score_random_forest":0.0395374,"score_logistic_regression":0.4434061,"score_fuzzy_knn_k29":0.0684874},"geometry":{"type":"Polygon","coordinates":[[[-69.0960626,-9.3635404],[-69.08793,-9.3635425],[-69.0879286,-9.3581322],[-69.0960611,-9.3581301],[-69.0960626,-9.3635404]]]}},{"type":"Feature","id":"AC-Y459-X652","properties":{"id":"AC-Y459-X652","grid_x":652,"grid_y":459,"centroid":[-69.083863,-9.3608383],"aggregation":"none","score_gradboost":0.0595562,"score_random_forest":0.0160156,"score_logistic_regression":0.4001048,"score_fuzzy_knn_k29":0.1148563},"geometry":{"type":"Polygon","coordinates":[[[-69.08793,-9.3635425],[-69.0797974,-9.3635444],[-69.0797961,-9.3581341],[-69.0879286,-9.3581322],[-69.08793,-9.3635425]]]}},{"type":"Feature","id":"AC-Y459-X653","properties":{"id":"AC-Y459-X653","grid_x":653,"grid_y":459,"centroid":[-69.0757305,-9.3608402],"aggregation":"none","score_gradboost":0.0955586,"score_random_forest":0.0775545,"score_logistic_regression":0.4230394,"score_fuzzy_knn_k29":0.1847001},"geometry":{"type":"Polygon","coordinates":[[[-69.0797974,-9.3635444],[-69.0716647,-9.3635461],[-69.0716636,-9.3581359],[-69.0797961,-9.3581341],[-69.0797974,-9.3635444]]]}},{"type":"Feature","id":"AC-Y459-X654","properties":{"id":"AC-Y459-X654","grid_x":654,"grid_y":459,"centroid":[-69.0675979,-9.3608418],"aggregation":"none","score_gradboost":0.296586,"score_random_forest":0.3447349,"score_logistic_regression":0.3577493,"score_fuzzy_knn_k29":0.5737883},"geometry":{"type":"Polygon","coordinates":[[[-69.0716647,-9.3635461],[-69.0635321,-9.3635477],[-69.0635311,-9.3581374],[-69.0716636,-9.3581359],[-69.0716647,-9.3635461]]]}},{"type":"Feature","id":"AC-Y459-X655","properties":{"id":"AC-Y459-X655","grid_x":655,"grid_y":459,"centroid":[-69.0594653,-9.3608433],"aggregation":"none","score_gradboost":0.3043056,"score_random_forest":0.1849412,"score_logistic_regression":0.4359452,"score_fuzzy_knn_k29":0.3462694},"geometry":{"type":"Polygon","coordinates":[[[-69.0635321,-9.3635477],[-69.0553995,-9.3635491],[-69.0553986,-9.3581388],[-69.0635311,-9.3581374],[-69.0635321,-9.3635477]]]}},{"type":"Feature","id":"AC-Y459-X656","properties":{"id":"AC-Y459-X656","grid_x":656,"grid_y":459,"centroid":[-69.0513328,-9.3608445],"aggregation":"none","score_gradboost":0.5966092,"score_random_forest":0.45413,"score_logistic_regression":0.3709077,"score_fuzzy_knn_k29":0.7463515},"geometry":{"type":"Polygon","coordinates":[[[-69.0553995,-9.3635491],[-69.0472668,-9.3635502],[-69.0472661,-9.35814],[-69.0553986,-9.3581388],[-69.0553995,-9.3635491]]]}},{"type":"Feature","id":"AC-Y459-X657","properties":{"id":"AC-Y459-X657","grid_x":657,"grid_y":459,"centroid":[-69.0432002,-9.3608456],"aggregation":"none","score_gradboost":0.6364293,"score_random_forest":0.4792852,"score_logistic_regression":0.3592447,"score_fuzzy_knn_k29":0.7443291},"geometry":{"type":"Polygon","coordinates":[[[-69.0472668,-9.3635502],[-69.0391342,-9.3635512],[-69.0391336,-9.3581409],[-69.0472661,-9.35814],[-69.0472668,-9.3635502]]]}},{"type":"Feature","id":"AC-Y459-X658","properties":{"id":"AC-Y459-X658","grid_x":658,"grid_y":459,"centroid":[-69.0350676,-9.3608465],"aggregation":"none","score_gradboost":0.5567036,"score_random_forest":0.2804146,"score_logistic_regression":0.408263,"score_fuzzy_knn_k29":0.3334888},"geometry":{"type":"Polygon","coordinates":[[[-69.0391342,-9.3635512],[-69.0310016,-9.363552],[-69.0310011,-9.3581417],[-69.0391336,-9.3581409],[-69.0391342,-9.3635512]]]}},{"type":"Feature","id":"AC-Y459-X659","properties":{"id":"AC-Y459-X659","grid_x":659,"grid_y":459,"centroid":[-69.026935,-9.3608472],"aggregation":"none","score_gradboost":0.1079289,"score_random_forest":0.0797622,"score_logistic_regression":0.4849349,"score_fuzzy_knn_k29":0.1991746},"geometry":{"type":"Polygon","coordinates":[[[-69.0310016,-9.363552],[-69.0228689,-9.3635527],[-69.0228686,-9.3581424],[-69.0310011,-9.3581417],[-69.0310016,-9.363552]]]}},{"type":"Feature","id":"AC-Y459-X660","properties":{"id":"AC-Y459-X660","grid_x":660,"grid_y":459,"centroid":[-69.0188025,-9.3608477],"aggregation":"none","score_gradboost":0.1327853,"score_random_forest":0.1163384,"score_logistic_regression":0.4838983,"score_fuzzy_knn_k29":0.1915256},"geometry":{"type":"Polygon","coordinates":[[[-69.0228689,-9.3635527],[-69.0147363,-9.3635531],[-69.014736,-9.3581428],[-69.0228686,-9.3581424],[-69.0228689,-9.3635527]]]}},{"type":"Feature","id":"AC-Y459-X661","properties":{"id":"AC-Y459-X661","grid_x":661,"grid_y":459,"centroid":[-69.0106699,-9.3608481],"aggregation":"none","score_gradboost":0.1492973,"score_random_forest":0.1721472,"score_logistic_regression":0.4948238,"score_fuzzy_knn_k29":0.3251533},"geometry":{"type":"Polygon","coordinates":[[[-69.0147363,-9.3635531],[-69.0066036,-9.3635533],[-69.0066035,-9.358143],[-69.014736,-9.3581428],[-69.0147363,-9.3635531]]]}},{"type":"Feature","id":"AC-Y459-X662","properties":{"id":"AC-Y459-X662","grid_x":662,"grid_y":459,"centroid":[-69.0025373,-9.3608482],"aggregation":"none","score_gradboost":0.5580107,"score_random_forest":0.3790626,"score_logistic_regression":0.42698,"score_fuzzy_knn_k29":0.4140895},"geometry":{"type":"Polygon","coordinates":[[[-69.0066036,-9.3635533],[-68.998471,-9.3635534],[-68.998471,-9.3581431],[-69.0066035,-9.358143],[-69.0066036,-9.3635533]]]}},{"type":"Feature","id":"AC-Y460-X652","properties":{"id":"AC-Y460-X652","grid_x":652,"grid_y":460,"centroid":[-69.0838617,-9.355428],"aggregation":"none","score_gradboost":0.0693952,"score_random_forest":0.041443,"score_logistic_regression":0.4620994,"score_fuzzy_knn_k29":0.1574587},"geometry":{"type":"Polygon","coordinates":[[[-69.0879286,-9.3581322],[-69.0797961,-9.3581341],[-69.0797949,-9.3527238],[-69.0879273,-9.3527219],[-69.0879286,-9.3581322]]]}},{"type":"Feature","id":"AC-Y460-X653","properties":{"id":"AC-Y460-X653","grid_x":653,"grid_y":460,"centroid":[-69.0757293,-9.3554299],"aggregation":"none","score_gradboost":0.0478779,"score_random_forest":0.086567,"score_logistic_regression":0.4564883,"score_fuzzy_knn_k29":0.2062108},"geometry":{"type":"Polygon","coordinates":[[[-69.0797961,-9.3581341],[-69.0716636,-9.3581359],[-69.0716625,-9.3527256],[-69.0797949,-9.3527238],[-69.0797961,-9.3581341]]]}},{"type":"Feature","id":"AC-Y460-X654","properties":{"id":"AC-Y460-X654","grid_x":654,"grid_y":460,"centroid":[-69.0675969,-9.3554315],"aggregation":"none","score_gradboost":0.2747049,"score_random_forest":0.2181064,"score_logistic_regression":0.4511709,"score_fuzzy_knn_k29":0.3242434},"geometry":{"type":"Polygon","coordinates":[[[-69.0716636,-9.3581359],[-69.0635311,-9.3581374],[-69.0635301,-9.3527271],[-69.0716625,-9.3527256],[-69.0716636,-9.3581359]]]}},{"type":"Feature","id":"AC-Y460-X655","properties":{"id":"AC-Y460-X655","grid_x":655,"grid_y":460,"centroid":[-69.0594644,-9.355433],"aggregation":"none","score_gradboost":0.2595508,"score_random_forest":0.1613742,"score_logistic_regression":0.45594,"score_fuzzy_knn_k29":0.1252561},"geometry":{"type":"Polygon","coordinates":[[[-69.0635311,-9.3581374],[-69.0553986,-9.3581388],[-69.0553978,-9.3527285],[-69.0635301,-9.3527271],[-69.0635311,-9.3581374]]]}},{"type":"Feature","id":"AC-Y460-X656","properties":{"id":"AC-Y460-X656","grid_x":656,"grid_y":460,"centroid":[-69.051332,-9.3554342],"aggregation":"none","score_gradboost":0.4567022,"score_random_forest":0.3008693,"score_logistic_regression":0.3957116,"score_fuzzy_knn_k29":0.6010686},"geometry":{"type":"Polygon","coordinates":[[[-69.0553986,-9.3581388],[-69.0472661,-9.35814],[-69.0472654,-9.3527297],[-69.0553978,-9.3527285],[-69.0553986,-9.3581388]]]}},{"type":"Feature","id":"AC-Y460-X657","properties":{"id":"AC-Y460-X657","grid_x":657,"grid_y":460,"centroid":[-69.0431995,-9.3554353],"aggregation":"none","score_gradboost":0.5813744,"score_random_forest":0.4515543,"score_logistic_regression":0.3715489,"score_fuzzy_knn_k29":0.7293435},"geometry":{"type":"Polygon","coordinates":[[[-69.0472661,-9.35814],[-69.0391336,-9.3581409],[-69.039133,-9.3527306],[-69.0472654,-9.3527297],[-69.0472661,-9.35814]]]}},{"type":"Feature","id":"AC-Y460-X658","properties":{"id":"AC-Y460-X658","grid_x":658,"grid_y":460,"centroid":[-69.0350671,-9.3554362],"aggregation":"none","score_gradboost":0.7170103,"score_random_forest":0.4331838,"score_logistic_regression":0.3857544,"score_fuzzy_knn_k29":0.45932},"geometry":{"type":"Polygon","coordinates":[[[-69.0391336,-9.3581409],[-69.0310011,-9.3581417],[-69.0310006,-9.3527315],[-69.039133,-9.3527306],[-69.0391336,-9.3581409]]]}},{"type":"Feature","id":"AC-Y460-X659","properties":{"id":"AC-Y460-X659","grid_x":659,"grid_y":460,"centroid":[-69.0269346,-9.3554369],"aggregation":"none","score_gradboost":0.1548127,"score_random_forest":0.1303022,"score_logistic_regression":0.4078632,"score_fuzzy_knn_k29":0.2054366},"geometry":{"type":"Polygon","coordinates":[[[-69.0310011,-9.3581417],[-69.0228686,-9.3581424],[-69.0228682,-9.3527321],[-69.0310006,-9.3527315],[-69.0310011,-9.3581417]]]}},{"type":"Feature","id":"AC-Y460-X660","properties":{"id":"AC-Y460-X660","grid_x":660,"grid_y":460,"centroid":[-69.0188022,-9.3554375],"aggregation":"none","score_gradboost":0.0945954,"score_random_forest":0.0920015,"score_logistic_regression":0.510684,"score_fuzzy_knn_k29":0.3564516},"geometry":{"type":"Polygon","coordinates":[[[-69.0228686,-9.3581424],[-69.014736,-9.3581428],[-69.0147358,-9.3527325],[-69.0228682,-9.3527321],[-69.0228686,-9.3581424]]]}},{"type":"Feature","id":"AC-Y460-X661","properties":{"id":"AC-Y460-X661","grid_x":661,"grid_y":460,"centroid":[-69.0106697,-9.3554378],"aggregation":"none","score_gradboost":0.1013473,"score_random_forest":0.0900469,"score_logistic_regression":0.4651918,"score_fuzzy_knn_k29":0.236134},"geometry":{"type":"Polygon","coordinates":[[[-69.014736,-9.3581428],[-69.0066035,-9.358143],[-69.0066034,-9.3527327],[-69.0147358,-9.3527325],[-69.014736,-9.3581428]]]}},{"type":"Feature","id":"AC-Y460-X662","properties":{"id":"AC-Y460-X662","grid_x":662,"grid_y":460,"centroid":[-69.0025373,-9.3554379],"aggregation":"none","score_gradboost":0.5053668,"score_random_forest":0.3155942,"score_logistic_regression":0.4502981,"score_fuzzy_knn_k29":0.3499599},"geometry":{"type":"Polygon","coordinates":[[[-69.0066035,-9.358143],[-68.998471,-9.3581431],[-68.998471,-9.3527328],[-69.0066034,-9.3527327],[-69.0066035,-9.358143]]]}},{"type":"Feature","id":"AC-Y461-X653","properties":{"id":"AC-Y461-X653","grid_x":653,"grid_y":461,"centroid":[-69.0757281,-9.3500196],"aggregation":"none","score_gradboost":0.0344664,"score_random_forest":0.0192961,"score_logistic_regression":0.3860722,"score_fuzzy_knn_k29":0.1412608},"geometry":{"type":"Polygon","coordinates":[[[-69.0797949,-9.3527238],[-69.0716625,-9.3527256],[-69.0716614,-9.3473153],[-69.0797937,-9.3473135],[-69.0797949,-9.3527238]]]}},{"type":"Feature","id":"AC-Y461-X654","properties":{"id":"AC-Y461-X654","grid_x":654,"grid_y":461,"centroid":[-69.0675958,-9.3500212],"aggregation":"none","score_gradboost":0.1055332,"score_random_forest":0.1439555,"score_logistic_regression":0.3677154,"score_fuzzy_knn_k29":0.3221976},"geometry":{"type":"Polygon","coordinates":[[[-69.0716625,-9.3527256],[-69.0635301,-9.3527271],[-69.0635292,-9.3473168],[-69.0716614,-9.3473153],[-69.0716625,-9.3527256]]]}},{"type":"Feature","id":"AC-Y461-X655","properties":{"id":"AC-Y461-X655","grid_x":655,"grid_y":461,"centroid":[-69.0594635,-9.3500227],"aggregation":"none","score_gradboost":0.277873,"score_random_forest":0.2841705,"score_logistic_regression":0.3871617,"score_fuzzy_knn_k29":0.4501315},"geometry":{"type":"Polygon","coordinates":[[[-69.0635301,-9.3527271],[-69.0553978,-9.3527285],[-69.0553969,-9.3473182],[-69.0635292,-9.3473168],[-69.0635301,-9.3527271]]]}},{"type":"Feature","id":"AC-Y461-X656","properties":{"id":"AC-Y461-X656","grid_x":656,"grid_y":461,"centroid":[-69.0513312,-9.3500239],"aggregation":"none","score_gradboost":0.3131908,"score_random_forest":0.3206923,"score_logistic_regression":0.3851494,"score_fuzzy_knn_k29":0.5055526},"geometry":{"type":"Polygon","coordinates":[[[-69.0553978,-9.3527285],[-69.0472654,-9.3527297],[-69.0472646,-9.3473194],[-69.0553969,-9.3473182],[-69.0553978,-9.3527285]]]}},{"type":"Feature","id":"AC-Y461-X657","properties":{"id":"AC-Y461-X657","grid_x":657,"grid_y":461,"centroid":[-69.0431988,-9.350025],"aggregation":"none","score_gradboost":0.3638488,"score_random_forest":0.1873591,"score_logistic_regression":0.4711115,"score_fuzzy_knn_k29":0.2617179},"geometry":{"type":"Polygon","coordinates":[[[-69.0472654,-9.3527297],[-69.039133,-9.3527306],[-69.0391324,-9.3473204],[-69.0472646,-9.3473194],[-69.0472654,-9.3527297]]]}},{"type":"Feature","id":"AC-Y461-X658","properties":{"id":"AC-Y461-X658","grid_x":658,"grid_y":461,"centroid":[-69.0350665,-9.3500259],"aggregation":"none","score_gradboost":0.6584531,"score_random_forest":0.446298,"score_logistic_regression":0.3758707,"score_fuzzy_knn_k29":0.5886157},"geometry":{"type":"Polygon","coordinates":[[[-69.039133,-9.3527306],[-69.0310006,-9.3527315],[-69.0310001,-9.3473212],[-69.0391324,-9.3473204],[-69.039133,-9.3527306]]]}},{"type":"Feature","id":"AC-Y461-X659","properties":{"id":"AC-Y461-X659","grid_x":659,"grid_y":461,"centroid":[-69.0269342,-9.3500266],"aggregation":"none","score_gradboost":0.2002069,"score_random_forest":0.1616778,"score_logistic_regression":0.4124585,"score_fuzzy_knn_k29":0.1713016},"geometry":{"type":"Polygon","coordinates":[[[-69.0310006,-9.3527315],[-69.0228682,-9.3527321],[-69.0228679,-9.3473218],[-69.0310001,-9.3473212],[-69.0310006,-9.3527315]]]}},{"type":"Feature","id":"AC-Y461-X660","properties":{"id":"AC-Y461-X660","grid_x":660,"grid_y":461,"centroid":[-69.0188019,-9.3500272],"aggregation":"none","score_gradboost":0.1327853,"score_random_forest":0.1019531,"score_logistic_regression":0.4662078,"score_fuzzy_knn_k29":0.1416117},"geometry":{"type":"Polygon","coordinates":[[[-69.0228682,-9.3527321],[-69.0147358,-9.3527325],[-69.0147356,-9.3473222],[-69.0228679,-9.3473218],[-69.0228682,-9.3527321]]]}},{"type":"Feature","id":"AC-Y461-X661","properties":{"id":"AC-Y461-X661","grid_x":661,"grid_y":461,"centroid":[-69.0106695,-9.3500275],"aggregation":"none","score_gradboost":0.1840246,"score_random_forest":0.1005461,"score_logistic_regression":0.459514,"score_fuzzy_knn_k29":0.007521},"geometry":{"type":"Polygon","coordinates":[[[-69.0147358,-9.3527325],[-69.0066034,-9.3527327],[-69.0066033,-9.3473225],[-69.0147356,-9.3473222],[-69.0147358,-9.3527325]]]}},{"type":"Feature","id":"AC-Y461-X662","properties":{"id":"AC-Y461-X662","grid_x":662,"grid_y":461,"centroid":[-69.0025372,-9.3500277],"aggregation":"none","score_gradboost":0.2053827,"score_random_forest":0.2809732,"score_logistic_regression":0.4363702,"score_fuzzy_knn_k29":0.2741704},"geometry":{"type":"Polygon","coordinates":[[[-69.0066034,-9.3527327],[-68.998471,-9.3527328],[-68.9984711,-9.3473225],[-69.0066033,-9.3473225],[-69.0066034,-9.3527327]]]}},{"type":"Feature","id":"AC-Y461-X663","properties":{"id":"AC-Y461-X663","grid_x":663,"grid_y":461,"centroid":[-68.9944049,-9.3500276],"aggregation":"none","score_gradboost":0.4961308,"score_random_forest":0.3953604,"score_logistic_regression":0.4536822,"score_fuzzy_knn_k29":0.3680117},"geometry":{"type":"Polygon","coordinates":[[[-68.998471,-9.3527328],[-68.9903387,-9.3527327],[-68.9903388,-9.3473224],[-68.9984711,-9.3473225],[-68.998471,-9.3527328]]]}},{"type":"Feature","id":"AC-Y462-X653","properties":{"id":"AC-Y462-X653","grid_x":653,"grid_y":462,"centroid":[-69.075727,-9.3446093],"aggregation":"none","score_gradboost":0.0706576,"score_random_forest":0.0479117,"score_logistic_regression":0.3205216,"score_fuzzy_knn_k29":0.1129255},"geometry":{"type":"Polygon","coordinates":[[[-69.0797937,-9.3473135],[-69.0716614,-9.3473153],[-69.0716603,-9.341905],[-69.0797924,-9.3419033],[-69.0797937,-9.3473135]]]}},{"type":"Feature","id":"AC-Y462-X654","properties":{"id":"AC-Y462-X654","grid_x":654,"grid_y":462,"centroid":[-69.0675948,-9.3446109],"aggregation":"none","score_gradboost":0.0796806,"score_random_forest":0.064232,"score_logistic_regression":0.3972977,"score_fuzzy_knn_k29":0.1968061},"geometry":{"type":"Polygon","coordinates":[[[-69.0716614,-9.3473153],[-69.0635292,-9.3473168],[-69.0635282,-9.3419065],[-69.0716603,-9.341905],[-69.0716614,-9.3473153]]]}},{"type":"Feature","id":"AC-Y462-X655","properties":{"id":"AC-Y462-X655","grid_x":655,"grid_y":462,"centroid":[-69.0594626,-9.3446124],"aggregation":"none","score_gradboost":0.1063745,"score_random_forest":0.1861462,"score_logistic_regression":0.4180378,"score_fuzzy_knn_k29":0.3608472},"geometry":{"type":"Polygon","coordinates":[[[-69.0635292,-9.3473168],[-69.0553969,-9.3473182],[-69.055396,-9.3419079],[-69.0635282,-9.3419065],[-69.0635292,-9.3473168]]]}},{"type":"Feature","id":"AC-Y462-X656","properties":{"id":"AC-Y462-X656","grid_x":656,"grid_y":462,"centroid":[-69.0513304,-9.3446137],"aggregation":"none","score_gradboost":0.284629,"score_random_forest":0.1946591,"score_logistic_regression":0.4428948,"score_fuzzy_knn_k29":0.3546197},"geometry":{"type":"Polygon","coordinates":[[[-69.0553969,-9.3473182],[-69.0472646,-9.3473194],[-69.0472639,-9.3419091],[-69.055396,-9.3419079],[-69.0553969,-9.3473182]]]}},{"type":"Feature","id":"AC-Y462-X657","properties":{"id":"AC-Y462-X657","grid_x":657,"grid_y":462,"centroid":[-69.0431982,-9.3446147],"aggregation":"none","score_gradboost":0.4593185,"score_random_forest":0.1939315,"score_logistic_regression":0.4422491,"score_fuzzy_knn_k29":0.3602254},"geometry":{"type":"Polygon","coordinates":[[[-69.0472646,-9.3473194],[-69.0391324,-9.3473204],[-69.0391318,-9.3419101],[-69.0472639,-9.3419091],[-69.0472646,-9.3473194]]]}},{"type":"Feature","id":"AC-Y462-X658","properties":{"id":"AC-Y462-X658","grid_x":658,"grid_y":462,"centroid":[-69.035066,-9.3446156],"aggregation":"none","score_gradboost":0.3268969,"score_random_forest":0.1910966,"score_logistic_regression":0.4902,"score_fuzzy_knn_k29":0.2480613},"geometry":{"type":"Polygon","coordinates":[[[-69.0391324,-9.3473204],[-69.0310001,-9.3473212],[-69.0309996,-9.3419109],[-69.0391318,-9.3419101],[-69.0391324,-9.3473204]]]}},{"type":"Feature","id":"AC-Y462-X659","properties":{"id":"AC-Y462-X659","grid_x":659,"grid_y":462,"centroid":[-69.0269338,-9.3446163],"aggregation":"none","score_gradboost":0.3680781,"score_random_forest":0.2120193,"score_logistic_regression":0.4377561,"score_fuzzy_knn_k29":0.3895049},"geometry":{"type":"Polygon","coordinates":[[[-69.0310001,-9.3473212],[-69.0228679,-9.3473218],[-69.0228675,-9.3419115],[-69.0309996,-9.3419109],[-69.0310001,-9.3473212]]]}},{"type":"Feature","id":"AC-Y462-X660","properties":{"id":"AC-Y462-X660","grid_x":660,"grid_y":462,"centroid":[-69.0188016,-9.3446169],"aggregation":"none","score_gradboost":0.1131372,"score_random_forest":0.1028866,"score_logistic_regression":0.4826744,"score_fuzzy_knn_k29":0.1790739},"geometry":{"type":"Polygon","coordinates":[[[-69.0228679,-9.3473218],[-69.0147356,-9.3473222],[-69.0147354,-9.3419119],[-69.0228675,-9.3419115],[-69.0228679,-9.3473218]]]}},{"type":"Feature","id":"AC-Y462-X661","properties":{"id":"AC-Y462-X661","grid_x":661,"grid_y":462,"centroid":[-69.0106694,-9.3446172],"aggregation":"none","score_gradboost":0.0945954,"score_random_forest":0.1208747,"score_logistic_regression":0.5424355,"score_fuzzy_knn_k29":0.5168764},"geometry":{"type":"Polygon","coordinates":[[[-69.0147356,-9.3473222],[-69.0066033,-9.3473225],[-69.0066032,-9.3419122],[-69.0147354,-9.3419119],[-69.0147356,-9.3473222]]]}},{"type":"Feature","id":"AC-Y462-X662","properties":{"id":"AC-Y462-X662","grid_x":662,"grid_y":462,"centroid":[-69.0025372,-9.3446174],"aggregation":"none","score_gradboost":0.0862341,"score_random_forest":0.1159486,"score_logistic_regression":0.5260691,"score_fuzzy_knn_k29":0.4152589},"geometry":{"type":"Polygon","coordinates":[[[-69.0066033,-9.3473225],[-68.9984711,-9.3473225],[-68.9984711,-9.3419122],[-69.0066032,-9.3419122],[-69.0066033,-9.3473225]]]}},{"type":"Feature","id":"AC-Y462-X663","properties":{"id":"AC-Y462-X663","grid_x":663,"grid_y":462,"centroid":[-68.994405,-9.3446173],"aggregation":"none","score_gradboost":0.2446516,"score_random_forest":0.3187867,"score_logistic_regression":0.4507788,"score_fuzzy_knn_k29":0.320811},"geometry":{"type":"Polygon","coordinates":[[[-68.9984711,-9.3473225],[-68.9903388,-9.3473224],[-68.990339,-9.3419121],[-68.9984711,-9.3419122],[-68.9984711,-9.3473225]]]}},{"type":"Feature","id":"AC-Y463-X654","properties":{"id":"AC-Y463-X654","grid_x":654,"grid_y":463,"centroid":[-69.0675937,-9.3392006],"aggregation":"none","score_gradboost":0.0726943,"score_random_forest":0.079044,"score_logistic_regression":0.2990264,"score_fuzzy_knn_k29":0.1123963},"geometry":{"type":"Polygon","coordinates":[[[-69.0716603,-9.341905],[-69.0635282,-9.3419065],[-69.0635272,-9.3364962],[-69.0716592,-9.3364947],[-69.0716603,-9.341905]]]}},{"type":"Feature","id":"AC-Y463-X655","properties":{"id":"AC-Y463-X655","grid_x":655,"grid_y":463,"centroid":[-69.0594617,-9.3392021],"aggregation":"none","score_gradboost":0.088324,"score_random_forest":0.0780467,"score_logistic_regression":0.3690719,"score_fuzzy_knn_k29":0.2762548},"geometry":{"type":"Polygon","coordinates":[[[-69.0635282,-9.3419065],[-69.055396,-9.3419079],[-69.0553952,-9.3364976],[-69.0635272,-9.3364962],[-69.0635282,-9.3419065]]]}},{"type":"Feature","id":"AC-Y463-X656","properties":{"id":"AC-Y463-X656","grid_x":656,"grid_y":463,"centroid":[-69.0513296,-9.3392034],"aggregation":"none","score_gradboost":0.2756828,"score_random_forest":0.3139765,"score_logistic_regression":0.3507433,"score_fuzzy_knn_k29":0.6159616},"geometry":{"type":"Polygon","coordinates":[[[-69.055396,-9.3419079],[-69.0472639,-9.3419091],[-69.0472632,-9.3364988],[-69.0553952,-9.3364976],[-69.055396,-9.3419079]]]}},{"type":"Feature","id":"AC-Y463-X657","properties":{"id":"AC-Y463-X657","grid_x":657,"grid_y":463,"centroid":[-69.0431975,-9.3392044],"aggregation":"none","score_gradboost":0.3341425,"score_random_forest":0.3470042,"score_logistic_regression":0.3866409,"score_fuzzy_knn_k29":0.5962},"geometry":{"type":"Polygon","coordinates":[[[-69.0472639,-9.3419091],[-69.0391318,-9.3419101],[-69.0391312,-9.3364998],[-69.0472632,-9.3364988],[-69.0472639,-9.3419091]]]}},{"type":"Feature","id":"AC-Y463-X658","properties":{"id":"AC-Y463-X658","grid_x":658,"grid_y":463,"centroid":[-69.0350654,-9.3392053],"aggregation":"none","score_gradboost":0.3977801,"score_random_forest":0.1920624,"score_logistic_regression":0.4482095,"score_fuzzy_knn_k29":0.2354767},"geometry":{"type":"Polygon","coordinates":[[[-69.0391318,-9.3419101],[-69.0309996,-9.3419109],[-69.0309992,-9.3365006],[-69.0391312,-9.3364998],[-69.0391318,-9.3419101]]]}},{"type":"Feature","id":"AC-Y463-X659","properties":{"id":"AC-Y463-X659","grid_x":659,"grid_y":463,"centroid":[-69.0269334,-9.339206],"aggregation":"none","score_gradboost":0.5296061,"score_random_forest":0.2215914,"score_logistic_regression":0.4399471,"score_fuzzy_knn_k29":0.3117844},"geometry":{"type":"Polygon","coordinates":[[[-69.0309996,-9.3419109],[-69.0228675,-9.3419115],[-69.0228671,-9.3365012],[-69.0309992,-9.3365006],[-69.0309996,-9.3419109]]]}},{"type":"Feature","id":"AC-Y463-X660","properties":{"id":"AC-Y463-X660","grid_x":660,"grid_y":463,"centroid":[-69.0188013,-9.3392066],"aggregation":"none","score_gradboost":0.1467229,"score_random_forest":0.1187707,"score_logistic_regression":0.4491378,"score_fuzzy_knn_k29":0.3055045},"geometry":{"type":"Polygon","coordinates":[[[-69.0228675,-9.3419115],[-69.0147354,-9.3419119],[-69.0147351,-9.3365016],[-69.0228671,-9.3365012],[-69.0228675,-9.3419115]]]}},{"type":"Feature","id":"AC-Y463-X661","properties":{"id":"AC-Y463-X661","grid_x":661,"grid_y":463,"centroid":[-69.0106692,-9.3392069],"aggregation":"none","score_gradboost":0.1796565,"score_random_forest":0.0950991,"score_logistic_regression":0.488923,"score_fuzzy_knn_k29":0.1840931},"geometry":{"type":"Polygon","coordinates":[[[-69.0147354,-9.3419119],[-69.0066032,-9.3419122],[-69.0066031,-9.3365019],[-69.0147351,-9.3365016],[-69.0147354,-9.3419119]]]}},{"type":"Feature","id":"AC-Y463-X662","properties":{"id":"AC-Y463-X662","grid_x":662,"grid_y":463,"centroid":[-69.0025371,-9.3392071],"aggregation":"none","score_gradboost":0.1468696,"score_random_forest":0.0967045,"score_logistic_regression":0.4957624,"score_fuzzy_knn_k29":0.197921},"geometry":{"type":"Polygon","coordinates":[[[-69.0066032,-9.3419122],[-68.9984711,-9.3419122],[-68.9984711,-9.3365019],[-69.0066031,-9.3365019],[-69.0066032,-9.3419122]]]}},{"type":"Feature","id":"AC-Y463-X663","properties":{"id":"AC-Y463-X663","grid_x":663,"grid_y":463,"centroid":[-68.9944051,-9.339207],"aggregation":"none","score_gradboost":0.095784,"score_random_forest":0.1744016,"score_logistic_regression":0.5017545,"score_fuzzy_knn_k29":0.1797946},"geometry":{"type":"Polygon","coordinates":[[[-68.9984711,-9.3419122],[-68.990339,-9.3419121],[-68.9903391,-9.3365018],[-68.9984711,-9.3365019],[-68.9984711,-9.3419122]]]}},{"type":"Feature","id":"AC-Y463-X664","properties":{"id":"AC-Y463-X664","grid_x":664,"grid_y":463,"centroid":[-68.986273,-9.3392068],"aggregation":"none","score_gradboost":0.5761369,"score_random_forest":0.3495943,"score_logistic_regression":0.4333914,"score_fuzzy_knn_k29":0.3745994},"geometry":{"type":"Polygon","coordinates":[[[-68.990339,-9.3419121],[-68.9822068,-9.3419118],[-68.9822071,-9.3365015],[-68.9903391,-9.3365018],[-68.990339,-9.3419121]]]}},{"type":"Feature","id":"AC-Y464-X654","properties":{"id":"AC-Y464-X654","grid_x":654,"grid_y":464,"centroid":[-69.0675927,-9.3337903],"aggregation":"none","score_gradboost":0.0688474,"score_random_forest":0.0339113,"score_logistic_regression":0.3520654,"score_fuzzy_knn_k29":0.0805542},"geometry":{"type":"Polygon","coordinates":[[[-69.0716592,-9.3364947],[-69.0635272,-9.3364962],[-69.0635262,-9.3310859],[-69.0716581,-9.3310844],[-69.0716592,-9.3364947]]]}},{"type":"Feature","id":"AC-Y464-X655","properties":{"id":"AC-Y464-X655","grid_x":655,"grid_y":464,"centroid":[-69.0594607,-9.3337918],"aggregation":"none","score_gradboost":0.073605,"score_random_forest":0.0706763,"score_logistic_regression":0.3924272,"score_fuzzy_knn_k29":0.1798717},"geometry":{"type":"Polygon","coordinates":[[[-69.0635272,-9.3364962],[-69.0553952,-9.3364976],[-69.0553943,-9.3310873],[-69.0635262,-9.3310859],[-69.0635272,-9.3364962]]]}},{"type":"Feature","id":"AC-Y464-X656","properties":{"id":"AC-Y464-X656","grid_x":656,"grid_y":464,"centroid":[-69.0513288,-9.3337931],"aggregation":"none","score_gradboost":0.2850047,"score_random_forest":0.2800815,"score_logistic_regression":0.3739335,"score_fuzzy_knn_k29":0.4837236},"geometry":{"type":"Polygon","coordinates":[[[-69.0553952,-9.3364976],[-69.0472632,-9.3364988],[-69.0472625,-9.3310885],[-69.0553943,-9.3310873],[-69.0553952,-9.3364976]]]}},{"type":"Feature","id":"AC-Y464-X657","properties":{"id":"AC-Y464-X657","grid_x":657,"grid_y":464,"centroid":[-69.0431968,-9.3337941],"aggregation":"none","score_gradboost":0.2349038,"score_random_forest":0.1951369,"score_logistic_regression":0.4111648,"score_fuzzy_knn_k29":0.4686004},"geometry":{"type":"Polygon","coordinates":[[[-69.0472632,-9.3364988],[-69.0391312,-9.3364998],[-69.0391306,-9.3310895],[-69.0472625,-9.3310885],[-69.0472632,-9.3364988]]]}},{"type":"Feature","id":"AC-Y464-X658","properties":{"id":"AC-Y464-X658","grid_x":658,"grid_y":464,"centroid":[-69.0350649,-9.333795],"aggregation":"none","score_gradboost":0.5183918,"score_random_forest":0.4068548,"score_logistic_regression":0.3615817,"score_fuzzy_knn_k29":0.5521851},"geometry":{"type":"Polygon","coordinates":[[[-69.0391312,-9.3364998],[-69.0309992,-9.3365006],[-69.0309987,-9.3310903],[-69.0391306,-9.3310895],[-69.0391312,-9.3364998]]]}},{"type":"Feature","id":"AC-Y464-X659","properties":{"id":"AC-Y464-X659","grid_x":659,"grid_y":464,"centroid":[-69.0269329,-9.3337958],"aggregation":"none","score_gradboost":0.5857865,"score_random_forest":0.4795695,"score_logistic_regression":0.3705055,"score_fuzzy_knn_k29":0.7505231},"geometry":{"type":"Polygon","coordinates":[[[-69.0309992,-9.3365006],[-69.0228671,-9.3365012],[-69.0228668,-9.3310909],[-69.0309987,-9.3310903],[-69.0309992,-9.3365006]]]}},{"type":"Feature","id":"AC-Y464-X660","properties":{"id":"AC-Y464-X660","grid_x":660,"grid_y":464,"centroid":[-69.018801,-9.3337963],"aggregation":"none","score_gradboost":0.5188358,"score_random_forest":0.363241,"score_logistic_regression":0.3666301,"score_fuzzy_knn_k29":0.5132173},"geometry":{"type":"Polygon","coordinates":[[[-69.0228671,-9.3365012],[-69.0147351,-9.3365016],[-69.0147349,-9.3310913],[-69.0228668,-9.3310909],[-69.0228671,-9.3365012]]]}},{"type":"Feature","id":"AC-Y464-X661","properties":{"id":"AC-Y464-X661","grid_x":661,"grid_y":464,"centroid":[-69.010669,-9.3337966],"aggregation":"none","score_gradboost":0.2223903,"score_random_forest":0.1706747,"score_logistic_regression":0.3949351,"score_fuzzy_knn_k29":0.249549},"geometry":{"type":"Polygon","coordinates":[[[-69.0147351,-9.3365016],[-69.0066031,-9.3365019],[-69.006603,-9.3310916],[-69.0147349,-9.3310913],[-69.0147351,-9.3365016]]]}},{"type":"Feature","id":"AC-Y464-X662","properties":{"id":"AC-Y464-X662","grid_x":662,"grid_y":464,"centroid":[-69.0025371,-9.3337968],"aggregation":"none","score_gradboost":0.1623384,"score_random_forest":0.1216324,"score_logistic_regression":0.4437115,"score_fuzzy_knn_k29":0.1549701},"geometry":{"type":"Polygon","coordinates":[[[-69.0066031,-9.3365019],[-68.9984711,-9.3365019],[-68.9984711,-9.3310916],[-69.006603,-9.3310916],[-69.0066031,-9.3365019]]]}},{"type":"Feature","id":"AC-Y464-X663","properties":{"id":"AC-Y464-X663","grid_x":663,"grid_y":464,"centroid":[-68.9944052,-9.3337967],"aggregation":"none","score_gradboost":0.1447851,"score_random_forest":0.1625031,"score_logistic_regression":0.5244075,"score_fuzzy_knn_k29":0.4008466},"geometry":{"type":"Polygon","coordinates":[[[-68.9984711,-9.3365019],[-68.9903391,-9.3365018],[-68.9903393,-9.3310915],[-68.9984711,-9.3310916],[-68.9984711,-9.3365019]]]}},{"type":"Feature","id":"AC-Y464-X664","properties":{"id":"AC-Y464-X664","grid_x":664,"grid_y":464,"centroid":[-68.9862732,-9.3337965],"aggregation":"none","score_gradboost":0.1379715,"score_random_forest":0.2718339,"score_logistic_regression":0.4989934,"score_fuzzy_knn_k29":0.3773659},"geometry":{"type":"Polygon","coordinates":[[[-68.9903391,-9.3365018],[-68.9822071,-9.3365015],[-68.9822074,-9.3310912],[-68.9903393,-9.3310915],[-68.9903391,-9.3365018]]]}},{"type":"Feature","id":"AC-Y465-X655","properties":{"id":"AC-Y465-X655","grid_x":655,"grid_y":465,"centroid":[-69.0594598,-9.3283815],"aggregation":"none","score_gradboost":0.1160046,"score_random_forest":0.0834243,"score_logistic_regression":0.3794658,"score_fuzzy_knn_k29":0.1234713},"geometry":{"type":"Polygon","coordinates":[[[-69.0635262,-9.3310859],[-69.0553943,-9.3310873],[-69.0553935,-9.325677],[-69.0635252,-9.3256757],[-69.0635262,-9.3310859]]]}},{"type":"Feature","id":"AC-Y465-X656","properties":{"id":"AC-Y465-X656","grid_x":656,"grid_y":465,"centroid":[-69.051328,-9.3283828],"aggregation":"none","score_gradboost":0.1043264,"score_random_forest":0.0750227,"score_logistic_regression":0.4310134,"score_fuzzy_knn_k29":0.244789},"geometry":{"type":"Polygon","coordinates":[[[-69.0553943,-9.3310873],[-69.0472625,-9.3310885],[-69.0472617,-9.3256782],[-69.0553935,-9.325677],[-69.0553943,-9.3310873]]]}},{"type":"Feature","id":"AC-Y465-X657","properties":{"id":"AC-Y465-X657","grid_x":657,"grid_y":465,"centroid":[-69.0431962,-9.3283838],"aggregation":"none","score_gradboost":0.2471995,"score_random_forest":0.2398632,"score_logistic_regression":0.4222148,"score_fuzzy_knn_k29":0.4406802},"geometry":{"type":"Polygon","coordinates":[[[-69.0472625,-9.3310885],[-69.0391306,-9.3310895],[-69.03913,-9.3256792],[-69.0472617,-9.3256782],[-69.0472625,-9.3310885]]]}},{"type":"Feature","id":"AC-Y465-X658","properties":{"id":"AC-Y465-X658","grid_x":658,"grid_y":465,"centroid":[-69.0350644,-9.3283847],"aggregation":"none","score_gradboost":0.2906181,"score_random_forest":0.1692827,"score_logistic_regression":0.479932,"score_fuzzy_knn_k29":0.3016055},"geometry":{"type":"Polygon","coordinates":[[[-69.0391306,-9.3310895],[-69.0309987,-9.3310903],[-69.0309982,-9.32568],[-69.03913,-9.3256792],[-69.0391306,-9.3310895]]]}},{"type":"Feature","id":"AC-Y465-X659","properties":{"id":"AC-Y465-X659","grid_x":659,"grid_y":465,"centroid":[-69.0269325,-9.3283855],"aggregation":"none","score_gradboost":0.394667,"score_random_forest":0.2001759,"score_logistic_regression":0.470603,"score_fuzzy_knn_k29":0.3008529},"geometry":{"type":"Polygon","coordinates":[[[-69.0309987,-9.3310903],[-69.0228668,-9.3310909],[-69.0228664,-9.3256806],[-69.0309982,-9.32568],[-69.0309987,-9.3310903]]]}},{"type":"Feature","id":"AC-Y465-X660","properties":{"id":"AC-Y465-X660","grid_x":660,"grid_y":465,"centroid":[-69.0188007,-9.328386],"aggregation":"none","score_gradboost":0.6077185,"score_random_forest":0.3310537,"score_logistic_regression":0.4051126,"score_fuzzy_knn_k29":0.4230331},"geometry":{"type":"Polygon","coordinates":[[[-69.0228668,-9.3310909],[-69.0147349,-9.3310913],[-69.0147347,-9.325681],[-69.0228664,-9.3256806],[-69.0228668,-9.3310909]]]}},{"type":"Feature","id":"AC-Y465-X661","properties":{"id":"AC-Y465-X661","grid_x":661,"grid_y":465,"centroid":[-69.0106689,-9.3283863],"aggregation":"none","score_gradboost":0.2379173,"score_random_forest":0.2103383,"score_logistic_regression":0.4147038,"score_fuzzy_knn_k29":0.1517243},"geometry":{"type":"Polygon","coordinates":[[[-69.0147349,-9.3310913],[-69.006603,-9.3310916],[-69.0066029,-9.3256813],[-69.0147347,-9.325681],[-69.0147349,-9.3310913]]]}},{"type":"Feature","id":"AC-Y465-X662","properties":{"id":"AC-Y465-X662","grid_x":662,"grid_y":465,"centroid":[-69.0025371,-9.3283865],"aggregation":"none","score_gradboost":0.1140424,"score_random_forest":0.1025425,"score_logistic_regression":0.4888919,"score_fuzzy_knn_k29":0.1683586},"geometry":{"type":"Polygon","coordinates":[[[-69.006603,-9.3310916],[-68.9984711,-9.3310916],[-68.9984712,-9.3256813],[-69.0066029,-9.3256813],[-69.006603,-9.3310916]]]}},{"type":"Feature","id":"AC-Y465-X663","properties":{"id":"AC-Y465-X663","grid_x":663,"grid_y":465,"centroid":[-68.9944052,-9.3283864],"aggregation":"none","score_gradboost":0.0785055,"score_random_forest":0.1044779,"score_logistic_regression":0.5129294,"score_fuzzy_knn_k29":0.3945773},"geometry":{"type":"Polygon","coordinates":[[[-68.9984711,-9.3310916],[-68.9903393,-9.3310915],[-68.9903394,-9.3256812],[-68.9984712,-9.3256813],[-68.9984711,-9.3310916]]]}},{"type":"Feature","id":"AC-Y465-X664","properties":{"id":"AC-Y465-X664","grid_x":664,"grid_y":465,"centroid":[-68.9862734,-9.3283862],"aggregation":"none","score_gradboost":0.095784,"score_random_forest":0.1718033,"score_logistic_regression":0.5016831,"score_fuzzy_knn_k29":0.1472203},"geometry":{"type":"Polygon","coordinates":[[[-68.9903393,-9.3310915],[-68.9822074,-9.3310912],[-68.9822076,-9.3256809],[-68.9903394,-9.3256812],[-68.9903393,-9.3310915]]]}},{"type":"Feature","id":"AC-Y466-X655","properties":{"id":"AC-Y466-X655","grid_x":655,"grid_y":466,"centroid":[-69.0594589,-9.3229712],"aggregation":"none","score_gradboost":0.1573736,"score_random_forest":0.0849798,"score_logistic_regression":0.4414996,"score_fuzzy_knn_k29":0.1317006},"geometry":{"type":"Polygon","coordinates":[[[-69.0635252,-9.3256757],[-69.0553935,-9.325677],[-69.0553926,-9.3202667],[-69.0635243,-9.3202654],[-69.0635252,-9.3256757]]]}},{"type":"Feature","id":"AC-Y466-X656","properties":{"id":"AC-Y466-X656","grid_x":656,"grid_y":466,"centroid":[-69.0513272,-9.3229725],"aggregation":"none","score_gradboost":0.0826632,"score_random_forest":0.0534011,"score_logistic_regression":0.4229901,"score_fuzzy_knn_k29":0.1516601},"geometry":{"type":"Polygon","coordinates":[[[-69.0553935,-9.325677],[-69.0472617,-9.3256782],[-69.047261,-9.3202679],[-69.0553926,-9.3202667],[-69.0553935,-9.325677]]]}},{"type":"Feature","id":"AC-Y466-X657","properties":{"id":"AC-Y466-X657","grid_x":657,"grid_y":466,"centroid":[-69.0431955,-9.3229735],"aggregation":"none","score_gradboost":0.2414308,"score_random_forest":0.2446677,"score_logistic_regression":0.4138667,"score_fuzzy_knn_k29":0.4304775},"geometry":{"type":"Polygon","coordinates":[[[-69.0472617,-9.3256782],[-69.03913,-9.3256792],[-69.0391294,-9.3202689],[-69.047261,-9.3202679],[-69.0472617,-9.3256782]]]}},{"type":"Feature","id":"AC-Y466-X658","properties":{"id":"AC-Y466-X658","grid_x":658,"grid_y":466,"centroid":[-69.0350638,-9.3229744],"aggregation":"none","score_gradboost":0.2853535,"score_random_forest":0.149465,"score_logistic_regression":0.4810678,"score_fuzzy_knn_k29":0.2497384},"geometry":{"type":"Polygon","coordinates":[[[-69.03913,-9.3256792],[-69.0309982,-9.32568],[-69.0309977,-9.3202697],[-69.0391294,-9.3202689],[-69.03913,-9.3256792]]]}},{"type":"Feature","id":"AC-Y466-X659","properties":{"id":"AC-Y466-X659","grid_x":659,"grid_y":466,"centroid":[-69.0269321,-9.3229752],"aggregation":"none","score_gradboost":0.2741087,"score_random_forest":0.1752753,"score_logistic_regression":0.4723524,"score_fuzzy_knn_k29":0.3158826},"geometry":{"type":"Polygon","coordinates":[[[-69.0309982,-9.32568],[-69.0228664,-9.3256806],[-69.0228661,-9.3202703],[-69.0309977,-9.3202697],[-69.0309982,-9.32568]]]}},{"type":"Feature","id":"AC-Y466-X660","properties":{"id":"AC-Y466-X660","grid_x":660,"grid_y":466,"centroid":[-69.0188004,-9.3229757],"aggregation":"none","score_gradboost":0.5289706,"score_random_forest":0.4530898,"score_logistic_regression":0.3691904,"score_fuzzy_knn_k29":0.7577712},"geometry":{"type":"Polygon","coordinates":[[[-69.0228664,-9.3256806],[-69.0147347,-9.325681],[-69.0147345,-9.3202707],[-69.0228661,-9.3202703],[-69.0228664,-9.3256806]]]}},{"type":"Feature","id":"AC-Y466-X661","properties":{"id":"AC-Y466-X661","grid_x":661,"grid_y":466,"centroid":[-69.0106687,-9.322976],"aggregation":"none","score_gradboost":0.637538,"score_random_forest":0.4358554,"score_logistic_regression":0.3839874,"score_fuzzy_knn_k29":0.5253076},"geometry":{"type":"Polygon","coordinates":[[[-69.0147347,-9.325681],[-69.0066029,-9.3256813],[-69.0066028,-9.320271],[-69.0147345,-9.3202707],[-69.0147347,-9.325681]]]}},{"type":"Feature","id":"AC-Y466-X662","properties":{"id":"AC-Y466-X662","grid_x":662,"grid_y":466,"centroid":[-69.002537,-9.3229762],"aggregation":"none","score_gradboost":0.3202374,"score_random_forest":0.1982996,"score_logistic_regression":0.4033333,"score_fuzzy_knn_k29":0.1629764},"geometry":{"type":"Polygon","coordinates":[[[-69.0066029,-9.3256813],[-68.9984712,-9.3256813],[-68.9984712,-9.320271],[-69.0066028,-9.320271],[-69.0066029,-9.3256813]]]}},{"type":"Feature","id":"AC-Y466-X663","properties":{"id":"AC-Y466-X663","grid_x":663,"grid_y":466,"centroid":[-68.9944053,-9.3229761],"aggregation":"none","score_gradboost":0.1796565,"score_random_forest":0.1035458,"score_logistic_regression":0.4939473,"score_fuzzy_knn_k29":0.1830974},"geometry":{"type":"Polygon","coordinates":[[[-68.9984712,-9.3256813],[-68.9903394,-9.3256812],[-68.9903395,-9.3202709],[-68.9984712,-9.320271],[-68.9984712,-9.3256813]]]}},{"type":"Feature","id":"AC-Y466-X664","properties":{"id":"AC-Y466-X664","grid_x":664,"grid_y":466,"centroid":[-68.9862736,-9.3229759],"aggregation":"none","score_gradboost":0.1515196,"score_random_forest":0.153614,"score_logistic_regression":0.5012018,"score_fuzzy_knn_k29":0.1445939},"geometry":{"type":"Polygon","coordinates":[[[-68.9903394,-9.3256812],[-68.9822076,-9.3256809],[-68.9822079,-9.3202706],[-68.9903395,-9.3202709],[-68.9903394,-9.3256812]]]}},{"type":"Feature","id":"AC-Y466-X665","properties":{"id":"AC-Y466-X665","grid_x":665,"grid_y":466,"centroid":[-68.9781419,-9.3229755],"aggregation":"none","score_gradboost":0.120041,"score_random_forest":0.2241775,"score_logistic_regression":0.5133762,"score_fuzzy_knn_k29":0.3972845},"geometry":{"type":"Polygon","coordinates":[[[-68.9822076,-9.3256809],[-68.9740759,-9.3256804],[-68.9740763,-9.3202701],[-68.9822079,-9.3202706],[-68.9822076,-9.3256809]]]}},{"type":"Feature","id":"AC-Y467-X656","properties":{"id":"AC-Y467-X656","grid_x":656,"grid_y":467,"centroid":[-69.0513264,-9.3175622],"aggregation":"none","score_gradboost":0.1854132,"score_random_forest":0.1017911,"score_logistic_regression":0.457664,"score_fuzzy_knn_k29":0.1653945},"geometry":{"type":"Polygon","coordinates":[[[-69.0553926,-9.3202667],[-69.047261,-9.3202679],[-69.0472603,-9.3148576],[-69.0553918,-9.3148564],[-69.0553926,-9.3202667]]]}},{"type":"Feature","id":"AC-Y467-X657","properties":{"id":"AC-Y467-X657","grid_x":657,"grid_y":467,"centroid":[-69.0431948,-9.3175632],"aggregation":"none","score_gradboost":0.1228933,"score_random_forest":0.0853867,"score_logistic_regression":0.4625906,"score_fuzzy_knn_k29":0.2789235},"geometry":{"type":"Polygon","coordinates":[[[-69.047261,-9.3202679],[-69.0391294,-9.3202689],[-69.0391288,-9.3148586],[-69.0472603,-9.3148576],[-69.047261,-9.3202679]]]}},{"type":"Feature","id":"AC-Y467-X658","properties":{"id":"AC-Y467-X658","grid_x":658,"grid_y":467,"centroid":[-69.0350633,-9.3175641],"aggregation":"none","score_gradboost":0.2826587,"score_random_forest":0.2600018,"score_logistic_regression":0.4014027,"score_fuzzy_knn_k29":0.4562545},"geometry":{"type":"Polygon","coordinates":[[[-69.0391294,-9.3202689],[-69.0309977,-9.3202697],[-69.0309972,-9.3148594],[-69.0391288,-9.3148586],[-69.0391294,-9.3202689]]]}},{"type":"Feature","id":"AC-Y467-X659","properties":{"id":"AC-Y467-X659","grid_x":659,"grid_y":467,"centroid":[-69.0269317,-9.3175648],"aggregation":"none","score_gradboost":0.3005118,"score_random_forest":0.1821323,"score_logistic_regression":0.4735362,"score_fuzzy_knn_k29":0.2790509},"geometry":{"type":"Polygon","coordinates":[[[-69.0309977,-9.3202697],[-69.0228661,-9.3202703],[-69.0228657,-9.31486],[-69.0309973,-9.3148594],[-69.0309977,-9.3202697]]]}},{"type":"Feature","id":"AC-Y467-X660","properties":{"id":"AC-Y467-X660","grid_x":660,"grid_y":467,"centroid":[-69.0188001,-9.3175654],"aggregation":"none","score_gradboost":0.4899783,"score_random_forest":0.3738855,"score_logistic_regression":0.3481261,"score_fuzzy_knn_k29":0.6059718},"geometry":{"type":"Polygon","coordinates":[[[-69.0228661,-9.3202703],[-69.0147345,-9.3202707],[-69.0147342,-9.3148604],[-69.0228657,-9.31486],[-69.0228661,-9.3202703]]]}},{"type":"Feature","id":"AC-Y467-X661","properties":{"id":"AC-Y467-X661","grid_x":661,"grid_y":467,"centroid":[-69.0106686,-9.3175657],"aggregation":"none","score_gradboost":0.4940715,"score_random_forest":0.2843604,"score_logistic_regression":0.4088199,"score_fuzzy_knn_k29":0.4831981},"geometry":{"type":"Polygon","coordinates":[[[-69.0147345,-9.3202707],[-69.0066028,-9.320271],[-69.0066027,-9.3148607],[-69.0147342,-9.3148604],[-69.0147345,-9.3202707]]]}},{"type":"Feature","id":"AC-Y467-X662","properties":{"id":"AC-Y467-X662","grid_x":662,"grid_y":467,"centroid":[-69.002537,-9.3175659],"aggregation":"none","score_gradboost":0.4520311,"score_random_forest":0.2735036,"score_logistic_regression":0.4310543,"score_fuzzy_knn_k29":0.3542011},"geometry":{"type":"Polygon","coordinates":[[[-69.0066028,-9.320271],[-68.9984712,-9.320271],[-68.9984712,-9.3148607],[-69.0066027,-9.3148607],[-69.0066028,-9.320271]]]}},{"type":"Feature","id":"AC-Y467-X663","properties":{"id":"AC-Y467-X663","grid_x":663,"grid_y":467,"centroid":[-68.9944054,-9.3175658],"aggregation":"none","score_gradboost":0.1875983,"score_random_forest":0.1057748,"score_logistic_regression":0.4769264,"score_fuzzy_knn_k29":0.1050987},"geometry":{"type":"Polygon","coordinates":[[[-68.9984712,-9.320271],[-68.9903395,-9.3202709],[-68.9903397,-9.3148606],[-68.9984712,-9.3148607],[-68.9984712,-9.320271]]]}},{"type":"Feature","id":"AC-Y467-X664","properties":{"id":"AC-Y467-X664","grid_x":664,"grid_y":467,"centroid":[-68.9862738,-9.3175656],"aggregation":"none","score_gradboost":0.0705852,"score_random_forest":0.1173025,"score_logistic_regression":0.5625151,"score_fuzzy_knn_k29":0.5541903},"geometry":{"type":"Polygon","coordinates":[[[-68.9903395,-9.3202709],[-68.9822079,-9.3202706],[-68.9822082,-9.3148603],[-68.9903397,-9.3148606],[-68.9903395,-9.3202709]]]}},{"type":"Feature","id":"AC-Y467-X665","properties":{"id":"AC-Y467-X665","grid_x":665,"grid_y":467,"centroid":[-68.9781423,-9.3175652],"aggregation":"none","score_gradboost":0.1663104,"score_random_forest":0.1909428,"score_logistic_regression":0.4214355,"score_fuzzy_knn_k29":0.2657988},"geometry":{"type":"Polygon","coordinates":[[[-68.9822079,-9.3202706],[-68.9740763,-9.3202701],[-68.9740767,-9.3148598],[-68.9822082,-9.3148603],[-68.9822079,-9.3202706]]]}},{"type":"Feature","id":"AC-Y468-X657","properties":{"id":"AC-Y468-X657","grid_x":657,"grid_y":468,"centroid":[-69.0431942,-9.3121529],"aggregation":"none","score_gradboost":0.0701561,"score_random_forest":0.0645005,"score_logistic_regression":0.3475816,"score_fuzzy_knn_k29":0.191677},"geometry":{"type":"Polygon","coordinates":[[[-69.0472603,-9.3148576],[-69.0391288,-9.3148586],[-69.0391282,-9.3094483],[-69.0472595,-9.3094473],[-69.0472603,-9.3148576]]]}},{"type":"Feature","id":"AC-Y468-X658","properties":{"id":"AC-Y468-X658","grid_x":658,"grid_y":468,"centroid":[-69.0350627,-9.3121538],"aggregation":"none","score_gradboost":0.1051743,"score_random_forest":0.1141985,"score_logistic_regression":0.4406897,"score_fuzzy_knn_k29":0.3428878},"geometry":{"type":"Polygon","coordinates":[[[-69.0391288,-9.3148586],[-69.0309972,-9.3148594],[-69.0309968,-9.3094491],[-69.0391282,-9.3094483],[-69.0391288,-9.3148586]]]}},{"type":"Feature","id":"AC-Y468-X659","properties":{"id":"AC-Y468-X659","grid_x":659,"grid_y":468,"centroid":[-69.0269313,-9.3121545],"aggregation":"none","score_gradboost":0.301993,"score_random_forest":0.2183597,"score_logistic_regression":0.4649766,"score_fuzzy_knn_k29":0.3342578},"geometry":{"type":"Polygon","coordinates":[[[-69.0309973,-9.3148594],[-69.0228657,-9.31486],[-69.0228654,-9.3094497],[-69.0309968,-9.3094491],[-69.0309973,-9.3148594]]]}},{"type":"Feature","id":"AC-Y468-X660","properties":{"id":"AC-Y468-X660","grid_x":660,"grid_y":468,"centroid":[-69.0187998,-9.3121551],"aggregation":"none","score_gradboost":0.2670676,"score_random_forest":0.1606838,"score_logistic_regression":0.4956498,"score_fuzzy_knn_k29":0.3334183},"geometry":{"type":"Polygon","coordinates":[[[-69.0228657,-9.31486],[-69.0147342,-9.3148604],[-69.014734,-9.3094501],[-69.0228654,-9.3094497],[-69.0228657,-9.31486]]]}},{"type":"Feature","id":"AC-Y468-X661","properties":{"id":"AC-Y468-X661","grid_x":661,"grid_y":468,"centroid":[-69.0106684,-9.3121554],"aggregation":"none","score_gradboost":0.409987,"score_random_forest":0.1874236,"score_logistic_regression":0.4860966,"score_fuzzy_knn_k29":0.3062419},"geometry":{"type":"Polygon","coordinates":[[[-69.0147342,-9.3148604],[-69.0066027,-9.3148607],[-69.0066026,-9.3094503],[-69.014734,-9.3094501],[-69.0147342,-9.3148604]]]}},{"type":"Feature","id":"AC-Y468-X662","properties":{"id":"AC-Y468-X662","grid_x":662,"grid_y":468,"centroid":[-69.0025369,-9.3121556],"aggregation":"none","score_gradboost":0.5168029,"score_random_forest":0.246025,"score_logistic_regression":0.4615973,"score_fuzzy_knn_k29":0.3597706},"geometry":{"type":"Polygon","coordinates":[[[-69.0066027,-9.3148607],[-68.9984712,-9.3148607],[-68.9984712,-9.3094504],[-69.0066026,-9.3094503],[-69.0066027,-9.3148607]]]}},{"type":"Feature","id":"AC-Y468-X663","properties":{"id":"AC-Y468-X663","grid_x":663,"grid_y":468,"centroid":[-68.9944055,-9.3121555],"aggregation":"none","score_gradboost":0.1251748,"score_random_forest":0.0961406,"score_logistic_regression":0.5109732,"score_fuzzy_knn_k29":0.351158},"geometry":{"type":"Polygon","coordinates":[[[-68.9984712,-9.3148607],[-68.9903397,-9.3148606],[-68.9903398,-9.3094503],[-68.9984712,-9.3094504],[-68.9984712,-9.3148607]]]}},{"type":"Feature","id":"AC-Y468-X664","properties":{"id":"AC-Y468-X664","grid_x":664,"grid_y":468,"centroid":[-68.986274,-9.3121553],"aggregation":"none","score_gradboost":0.1258783,"score_random_forest":0.1360371,"score_logistic_regression":0.5665524,"score_fuzzy_knn_k29":0.5581242},"geometry":{"type":"Polygon","coordinates":[[[-68.9903397,-9.3148606],[-68.9822082,-9.3148603],[-68.9822085,-9.30945],[-68.9903398,-9.3094503],[-68.9903397,-9.3148606]]]}},{"type":"Feature","id":"AC-Y468-X665","properties":{"id":"AC-Y468-X665","grid_x":665,"grid_y":468,"centroid":[-68.9781426,-9.3121549],"aggregation":"none","score_gradboost":0.1668637,"score_random_forest":0.2332237,"score_logistic_regression":0.4782658,"score_fuzzy_knn_k29":0.1279601},"geometry":{"type":"Polygon","coordinates":[[[-68.9822082,-9.3148603],[-68.9740767,-9.3148598],[-68.9740771,-9.3094495],[-68.9822085,-9.30945],[-68.9822082,-9.3148603]]]}},{"type":"Feature","id":"AC-Y468-X666","properties":{"id":"AC-Y468-X666","grid_x":666,"grid_y":468,"centroid":[-68.9700112,-9.3121543],"aggregation":"none","score_gradboost":0.2727162,"score_random_forest":0.2743074,"score_logistic_regression":0.4796113,"score_fuzzy_knn_k29":0.3812992},"geometry":{"type":"Polygon","coordinates":[[[-68.9740767,-9.3148598],[-68.9659452,-9.3148591],[-68.9659457,-9.3094488],[-68.9740771,-9.3094495],[-68.9740767,-9.3148598]]]}},{"type":"Feature","id":"AC-Y469-X659","properties":{"id":"AC-Y469-X659","grid_x":659,"grid_y":469,"centroid":[-69.0269309,-9.3067442],"aggregation":"none","score_gradboost":0.2627444,"score_random_forest":0.2230132,"score_logistic_regression":0.437252,"score_fuzzy_knn_k29":0.4434423},"geometry":{"type":"Polygon","coordinates":[[[-69.0309968,-9.3094491],[-69.0228654,-9.3094497],[-69.022865,-9.3040394],[-69.0309963,-9.3040388],[-69.0309968,-9.3094491]]]}},{"type":"Feature","id":"AC-Y469-X660","properties":{"id":"AC-Y469-X660","grid_x":660,"grid_y":469,"centroid":[-69.0187996,-9.3067448],"aggregation":"none","score_gradboost":0.2831532,"score_random_forest":0.1711131,"score_logistic_regression":0.4902207,"score_fuzzy_knn_k29":0.3263575},"geometry":{"type":"Polygon","coordinates":[[[-69.0228654,-9.3094497],[-69.014734,-9.3094501],[-69.0147338,-9.3040398],[-69.022865,-9.3040394],[-69.0228654,-9.3094497]]]}},{"type":"Feature","id":"AC-Y469-X661","properties":{"id":"AC-Y469-X661","grid_x":661,"grid_y":469,"centroid":[-69.0106682,-9.3067451],"aggregation":"none","score_gradboost":0.3912068,"score_random_forest":0.1745381,"score_logistic_regression":0.4568602,"score_fuzzy_knn_k29":0.2518892},"geometry":{"type":"Polygon","coordinates":[[[-69.014734,-9.3094501],[-69.0066026,-9.3094503],[-69.0066025,-9.30404],[-69.0147338,-9.3040398],[-69.014734,-9.3094501]]]}},{"type":"Feature","id":"AC-Y469-X662","properties":{"id":"AC-Y469-X662","grid_x":662,"grid_y":469,"centroid":[-69.0025369,-9.3067452],"aggregation":"none","score_gradboost":0.4508404,"score_random_forest":0.215281,"score_logistic_regression":0.4970245,"score_fuzzy_knn_k29":0.3263453},"geometry":{"type":"Polygon","coordinates":[[[-69.0066026,-9.3094503],[-68.9984712,-9.3094504],[-68.9984713,-9.3040401],[-69.0066025,-9.30404],[-69.0066026,-9.3094503]]]}},{"type":"Feature","id":"AC-Y469-X663","properties":{"id":"AC-Y469-X663","grid_x":663,"grid_y":469,"centroid":[-68.9944056,-9.3067452],"aggregation":"none","score_gradboost":0.1517107,"score_random_forest":0.1352497,"score_logistic_regression":0.5052855,"score_fuzzy_knn_k29":0.3121176},"geometry":{"type":"Polygon","coordinates":[[[-68.9984712,-9.3094504],[-68.9903398,-9.3094503],[-68.99034,-9.30404],[-68.9984713,-9.3040401],[-68.9984712,-9.3094504]]]}},{"type":"Feature","id":"AC-Y469-X664","properties":{"id":"AC-Y469-X664","grid_x":664,"grid_y":469,"centroid":[-68.9862743,-9.306745],"aggregation":"none","score_gradboost":0.159686,"score_random_forest":0.1760513,"score_logistic_regression":0.4959619,"score_fuzzy_knn_k29":0.127988},"geometry":{"type":"Polygon","coordinates":[[[-68.9903398,-9.3094503],[-68.9822085,-9.30945],[-68.9822087,-9.3040397],[-68.99034,-9.30404],[-68.9903398,-9.3094503]]]}},{"type":"Feature","id":"AC-Y469-X665","properties":{"id":"AC-Y469-X665","grid_x":665,"grid_y":469,"centroid":[-68.9781429,-9.3067446],"aggregation":"none","score_gradboost":0.159686,"score_random_forest":0.223678,"score_logistic_regression":0.5040804,"score_fuzzy_knn_k29":0.1195036},"geometry":{"type":"Polygon","coordinates":[[[-68.9822085,-9.30945],[-68.9740771,-9.3094495],[-68.9740775,-9.3040392],[-68.9822087,-9.3040397],[-68.9822085,-9.30945]]]}},{"type":"Feature","id":"AC-Y469-X666","properties":{"id":"AC-Y469-X666","grid_x":666,"grid_y":469,"centroid":[-68.9700116,-9.306744],"aggregation":"none","score_gradboost":0.2846251,"score_random_forest":0.2644026,"score_logistic_regression":0.4669079,"score_fuzzy_knn_k29":0.3627851},"geometry":{"type":"Polygon","coordinates":[[[-68.9740771,-9.3094495],[-68.9659457,-9.3094488],[-68.9659462,-9.3040385],[-68.9740775,-9.3040392],[-68.9740771,-9.3094495]]]}},{"type":"Feature","id":"AC-Y469-X667","properties":{"id":"AC-Y469-X667","grid_x":667,"grid_y":469,"centroid":[-68.9618803,-9.3067432],"aggregation":"none","score_gradboost":0.4537934,"score_random_forest":0.3506838,"score_logistic_regression":0.3652389,"score_fuzzy_knn_k29":0.6332621},"geometry":{"type":"Polygon","coordinates":[[[-68.9659457,-9.3094488],[-68.9578143,-9.3094479],[-68.957815,-9.3040376],[-68.9659462,-9.3040385],[-68.9659457,-9.3094488]]]}},{"type":"Feature","id":"AC-Y469-X668","properties":{"id":"AC-Y469-X668","grid_x":668,"grid_y":469,"centroid":[-68.953749,-9.3067423],"aggregation":"none","score_gradboost":0.2143885,"score_random_forest":0.2672522,"score_logistic_regression":0.4080448,"score_fuzzy_knn_k29":0.404262},"geometry":{"type":"Polygon","coordinates":[[[-68.9578143,-9.3094479],[-68.9496829,-9.3094469],[-68.9496837,-9.3040366],[-68.957815,-9.3040376],[-68.9578143,-9.3094479]]]}},{"type":"Feature","id":"AC-Y470-X660","properties":{"id":"AC-Y470-X660","grid_x":660,"grid_y":470,"centroid":[-69.0187993,-9.3013345],"aggregation":"none","score_gradboost":0.3638488,"score_random_forest":0.1781681,"score_logistic_regression":0.4743484,"score_fuzzy_knn_k29":0.3066456},"geometry":{"type":"Polygon","coordinates":[[[-69.022865,-9.3040394],[-69.0147338,-9.3040398],[-69.0147336,-9.2986295],[-69.0228647,-9.2986291],[-69.022865,-9.3040394]]]}},{"type":"Feature","id":"AC-Y470-X661","properties":{"id":"AC-Y470-X661","grid_x":661,"grid_y":470,"centroid":[-69.0106681,-9.3013348],"aggregation":"none","score_gradboost":0.3362915,"score_random_forest":0.1917194,"score_logistic_regression":0.4984236,"score_fuzzy_knn_k29":0.287344},"geometry":{"type":"Polygon","coordinates":[[[-69.0147338,-9.3040398],[-69.0066025,-9.30404],[-69.0066024,-9.2986297],[-69.0147336,-9.2986295],[-69.0147338,-9.3040398]]]}},{"type":"Feature","id":"AC-Y470-X662","properties":{"id":"AC-Y470-X662","grid_x":662,"grid_y":470,"centroid":[-69.0025369,-9.3013349],"aggregation":"none","score_gradboost":0.1517107,"score_random_forest":0.1308123,"score_logistic_regression":0.4940781,"score_fuzzy_knn_k29":0.3017014},"geometry":{"type":"Polygon","coordinates":[[[-69.0066025,-9.30404],[-68.9984713,-9.3040401],[-68.9984713,-9.2986298],[-69.0066024,-9.2986297],[-69.0066025,-9.30404]]]}},{"type":"Feature","id":"AC-Y470-X663","properties":{"id":"AC-Y470-X663","grid_x":663,"grid_y":470,"centroid":[-68.9944057,-9.3013349],"aggregation":"none","score_gradboost":0.1492338,"score_random_forest":0.0977271,"score_logistic_regression":0.5254822,"score_fuzzy_knn_k29":0.4269886},"geometry":{"type":"Polygon","coordinates":[[[-68.9984713,-9.3040401],[-68.99034,-9.30404],[-68.9903401,-9.2986297],[-68.9984713,-9.2986298],[-68.9984713,-9.3040401]]]}},{"type":"Feature","id":"AC-Y470-X664","properties":{"id":"AC-Y470-X664","grid_x":664,"grid_y":470,"centroid":[-68.9862745,-9.3013347],"aggregation":"none","score_gradboost":0.0695031,"score_random_forest":0.1649549,"score_logistic_regression":0.5667903,"score_fuzzy_knn_k29":0.5831031},"geometry":{"type":"Polygon","coordinates":[[[-68.99034,-9.30404],[-68.9822087,-9.3040397],[-68.982209,-9.2986293],[-68.9903401,-9.2986297],[-68.99034,-9.30404]]]}},{"type":"Feature","id":"AC-Y470-X665","properties":{"id":"AC-Y470-X665","grid_x":665,"grid_y":470,"centroid":[-68.9781433,-9.3013343],"aggregation":"none","score_gradboost":0.0891749,"score_random_forest":0.1647418,"score_logistic_regression":0.5182119,"score_fuzzy_knn_k29":0.3058942},"geometry":{"type":"Polygon","coordinates":[[[-68.9822087,-9.3040397],[-68.9740775,-9.3040392],[-68.9740779,-9.2986289],[-68.982209,-9.2986293],[-68.9822087,-9.3040397]]]}},{"type":"Feature","id":"AC-Y470-X666","properties":{"id":"AC-Y470-X666","grid_x":666,"grid_y":470,"centroid":[-68.9700121,-9.3013337],"aggregation":"none","score_gradboost":0.5601248,"score_random_forest":0.2637113,"score_logistic_regression":0.4318118,"score_fuzzy_knn_k29":0.4070165},"geometry":{"type":"Polygon","coordinates":[[[-68.9740775,-9.3040392],[-68.9659462,-9.3040385],[-68.9659467,-9.2986282],[-68.9740779,-9.2986289],[-68.9740775,-9.3040392]]]}},{"type":"Feature","id":"AC-Y470-X667","properties":{"id":"AC-Y470-X667","grid_x":667,"grid_y":470,"centroid":[-68.9618809,-9.3013329],"aggregation":"none","score_gradboost":0.3341008,"score_random_forest":0.302241,"score_logistic_regression":0.4235226,"score_fuzzy_knn_k29":0.5497071},"geometry":{"type":"Polygon","coordinates":[[[-68.9659462,-9.3040385],[-68.957815,-9.3040376],[-68.9578156,-9.2986273],[-68.9659467,-9.2986282],[-68.9659462,-9.3040385]]]}},{"type":"Feature","id":"AC-Y470-X668","properties":{"id":"AC-Y470-X668","grid_x":668,"grid_y":470,"centroid":[-68.9537497,-9.3013319],"aggregation":"none","score_gradboost":0.1712351,"score_random_forest":0.1466324,"score_logistic_regression":0.3275752,"score_fuzzy_knn_k29":0.2361899},"geometry":{"type":"Polygon","coordinates":[[[-68.957815,-9.3040376],[-68.9496837,-9.3040366],[-68.9496845,-9.2986262],[-68.9578156,-9.2986273],[-68.957815,-9.3040376]]]}},{"type":"Feature","id":"AC-Y471-X662","properties":{"id":"AC-Y471-X662","grid_x":662,"grid_y":471,"centroid":[-69.0025368,-9.2959246],"aggregation":"none","score_gradboost":0.1084736,"score_random_forest":0.0931505,"score_logistic_regression":0.5259475,"score_fuzzy_knn_k29":0.4265628},"geometry":{"type":"Polygon","coordinates":[[[-69.0066024,-9.2986297],[-68.9984713,-9.2986298],[-68.9984713,-9.2932195],[-69.0066023,-9.2932194],[-69.0066024,-9.2986297]]]}},{"type":"Feature","id":"AC-Y471-X663","properties":{"id":"AC-Y471-X663","grid_x":663,"grid_y":471,"centroid":[-68.9944058,-9.2959246],"aggregation":"none","score_gradboost":0.0705852,"score_random_forest":0.11442,"score_logistic_regression":0.565006,"score_fuzzy_knn_k29":0.5824149},"geometry":{"type":"Polygon","coordinates":[[[-68.9984713,-9.2986298],[-68.9903401,-9.2986297],[-68.9903403,-9.2932194],[-68.9984713,-9.2932195],[-68.9984713,-9.2986298]]]}},{"type":"Feature","id":"AC-Y471-X664","properties":{"id":"AC-Y471-X664","grid_x":664,"grid_y":471,"centroid":[-68.9862747,-9.2959244],"aggregation":"none","score_gradboost":0.1427403,"score_random_forest":0.1610333,"score_logistic_regression":0.5371669,"score_fuzzy_knn_k29":0.4525254},"geometry":{"type":"Polygon","coordinates":[[[-68.9903401,-9.2986297],[-68.982209,-9.2986293],[-68.9822093,-9.293219],[-68.9903403,-9.2932194],[-68.9903401,-9.2986297]]]}},{"type":"Feature","id":"AC-Y471-X665","properties":{"id":"AC-Y471-X665","grid_x":665,"grid_y":471,"centroid":[-68.9781436,-9.295924],"aggregation":"none","score_gradboost":0.1401443,"score_random_forest":0.2457719,"score_logistic_regression":0.4885297,"score_fuzzy_knn_k29":0.385275},"geometry":{"type":"Polygon","coordinates":[[[-68.982209,-9.2986293],[-68.9740779,-9.2986289],[-68.9740783,-9.2932185],[-68.9822093,-9.293219],[-68.982209,-9.2986293]]]}},{"type":"Feature","id":"AC-Y471-X666","properties":{"id":"AC-Y471-X666","grid_x":666,"grid_y":471,"centroid":[-68.9700125,-9.2959234],"aggregation":"none","score_gradboost":0.2730605,"score_random_forest":0.204712,"score_logistic_regression":0.4941182,"score_fuzzy_knn_k29":0.4390334},"geometry":{"type":"Polygon","coordinates":[[[-68.9740779,-9.2986289],[-68.9659467,-9.2986282],[-68.9659473,-9.2932179],[-68.9740783,-9.2932185],[-68.9740779,-9.2986289]]]}},{"type":"Feature","id":"AC-Y471-X667","properties":{"id":"AC-Y471-X667","grid_x":667,"grid_y":471,"centroid":[-68.9618815,-9.2959226],"aggregation":"none","score_gradboost":0.3535208,"score_random_forest":0.2665758,"score_logistic_regression":0.3943596,"score_fuzzy_knn_k29":0.5222195},"geometry":{"type":"Polygon","coordinates":[[[-68.9659467,-9.2986282],[-68.9578156,-9.2986273],[-68.9578163,-9.293217],[-68.9659473,-9.2932179],[-68.9659467,-9.2986282]]]}},{"type":"Feature","id":"AC-Y471-X668","properties":{"id":"AC-Y471-X668","grid_x":668,"grid_y":471,"centroid":[-68.9537504,-9.2959216],"aggregation":"none","score_gradboost":0.1708547,"score_random_forest":0.1373569,"score_logistic_regression":0.3349041,"score_fuzzy_knn_k29":0.2542811},"geometry":{"type":"Polygon","coordinates":[[[-68.9578156,-9.2986273],[-68.9496845,-9.2986262],[-68.9496852,-9.2932159],[-68.9578163,-9.293217],[-68.9578156,-9.2986273]]]}},{"type":"Feature","id":"AC-Y472-X662","properties":{"id":"AC-Y472-X662","grid_x":662,"grid_y":472,"centroid":[-69.0025368,-9.2905143],"aggregation":"none","score_gradboost":0.1037297,"score_random_forest":0.0943547,"score_logistic_regression":0.5297224,"score_fuzzy_knn_k29":0.4366303},"geometry":{"type":"Polygon","coordinates":[[[-69.0066023,-9.2932194],[-68.9984713,-9.2932195],[-68.9984713,-9.2878092],[-69.0066022,-9.2878091],[-69.0066023,-9.2932194]]]}},{"type":"Feature","id":"AC-Y472-X663","properties":{"id":"AC-Y472-X663","grid_x":663,"grid_y":472,"centroid":[-68.9944058,-9.2905143],"aggregation":"none","score_gradboost":0.1122864,"score_random_forest":0.1024381,"score_logistic_regression":0.4713595,"score_fuzzy_knn_k29":0.1099238},"geometry":{"type":"Polygon","coordinates":[[[-68.9984713,-9.2932195],[-68.9903403,-9.2932194],[-68.9903404,-9.287809],[-68.9984713,-9.2878092],[-68.9984713,-9.2932195]]]}},{"type":"Feature","id":"AC-Y472-X664","properties":{"id":"AC-Y472-X664","grid_x":664,"grid_y":472,"centroid":[-68.9862749,-9.2905141],"aggregation":"none","score_gradboost":0.1865547,"score_random_forest":0.219837,"score_logistic_regression":0.4324117,"score_fuzzy_knn_k29":0.2264636},"geometry":{"type":"Polygon","coordinates":[[[-68.9903403,-9.2932194],[-68.9822093,-9.293219],[-68.9822096,-9.2878087],[-68.9903404,-9.287809],[-68.9903403,-9.2932194]]]}},{"type":"Feature","id":"AC-Y472-X665","properties":{"id":"AC-Y472-X665","grid_x":665,"grid_y":472,"centroid":[-68.9781439,-9.2905137],"aggregation":"none","score_gradboost":0.3768665,"score_random_forest":0.2580723,"score_logistic_regression":0.5124441,"score_fuzzy_knn_k29":0.413004},"geometry":{"type":"Polygon","coordinates":[[[-68.9822093,-9.293219],[-68.9740783,-9.2932185],[-68.9740787,-9.2878082],[-68.9822096,-9.2878087],[-68.9822093,-9.293219]]]}},{"type":"Feature","id":"AC-Y472-X666","properties":{"id":"AC-Y472-X666","grid_x":666,"grid_y":472,"centroid":[-68.970013,-9.2905131],"aggregation":"none","score_gradboost":0.3479492,"score_random_forest":0.3392534,"score_logistic_regression":0.3839757,"score_fuzzy_knn_k29":0.5715989},"geometry":{"type":"Polygon","coordinates":[[[-68.9740783,-9.2932185],[-68.9659473,-9.2932179],[-68.9659478,-9.2878075],[-68.9740787,-9.2878082],[-68.9740783,-9.2932185]]]}},{"type":"Feature","id":"AC-Y472-X667","properties":{"id":"AC-Y472-X667","grid_x":667,"grid_y":472,"centroid":[-68.961882,-9.2905123],"aggregation":"none","score_gradboost":0.2213129,"score_random_forest":0.2603956,"score_logistic_regression":0.4126408,"score_fuzzy_knn_k29":0.5478435},"geometry":{"type":"Polygon","coordinates":[[[-68.9659473,-9.2932179],[-68.9578163,-9.293217],[-68.9578169,-9.2878067],[-68.9659478,-9.2878075],[-68.9659473,-9.2932179]]]}},{"type":"Feature","id":"AC-Y472-X668","properties":{"id":"AC-Y472-X668","grid_x":668,"grid_y":472,"centroid":[-68.9537511,-9.2905113],"aggregation":"none","score_gradboost":0.2270992,"score_random_forest":0.1713214,"score_logistic_regression":0.3515096,"score_fuzzy_knn_k29":0.2318729},"geometry":{"type":"Polygon","coordinates":[[[-68.9578163,-9.293217],[-68.9496852,-9.2932159],[-68.949686,-9.2878056],[-68.9578169,-9.2878067],[-68.9578163,-9.293217]]]}},{"type":"Feature","id":"AC-Y473-X663","properties":{"id":"AC-Y473-X663","grid_x":663,"grid_y":473,"centroid":[-68.9944059,-9.285104],"aggregation":"none","score_gradboost":0.1009273,"score_random_forest":0.1143495,"score_logistic_regression":0.5203308,"score_fuzzy_knn_k29":0.3820296},"geometry":{"type":"Polygon","coordinates":[[[-68.9984713,-9.2878092],[-68.9903404,-9.287809],[-68.9903406,-9.2823987],[-68.9984713,-9.2823989],[-68.9984713,-9.2878092]]]}},{"type":"Feature","id":"AC-Y473-X664","properties":{"id":"AC-Y473-X664","grid_x":664,"grid_y":473,"centroid":[-68.9862751,-9.2851037],"aggregation":"none","score_gradboost":0.1079734,"score_random_forest":0.1867125,"score_logistic_regression":0.5104695,"score_fuzzy_knn_k29":0.3272978},"geometry":{"type":"Polygon","coordinates":[[[-68.9903404,-9.287809],[-68.9822096,-9.2878087],[-68.9822098,-9.2823984],[-68.9903406,-9.2823987],[-68.9903404,-9.287809]]]}},{"type":"Feature","id":"AC-Y473-X665","properties":{"id":"AC-Y473-X665","grid_x":665,"grid_y":473,"centroid":[-68.9781443,-9.2851033],"aggregation":"none","score_gradboost":0.460116,"score_random_forest":0.3774907,"score_logistic_regression":0.4436638,"score_fuzzy_knn_k29":0.3880837},"geometry":{"type":"Polygon","coordinates":[[[-68.9822096,-9.2878087],[-68.9740787,-9.2878082],[-68.9740791,-9.2823979],[-68.9822098,-9.2823984],[-68.9822096,-9.2878087]]]}},{"type":"Feature","id":"AC-Y473-X666","properties":{"id":"AC-Y473-X666","grid_x":666,"grid_y":473,"centroid":[-68.9700135,-9.2851028],"aggregation":"none","score_gradboost":0.3673836,"score_random_forest":0.3061357,"score_logistic_regression":0.3518839,"score_fuzzy_knn_k29":0.5496058},"geometry":{"type":"Polygon","coordinates":[[[-68.9740787,-9.2878082],[-68.9659478,-9.2878075],[-68.9659483,-9.2823972],[-68.9740791,-9.2823979],[-68.9740787,-9.2878082]]]}},{"type":"Feature","id":"AC-Y473-X667","properties":{"id":"AC-Y473-X667","grid_x":667,"grid_y":473,"centroid":[-68.9618826,-9.285102],"aggregation":"none","score_gradboost":0.2200431,"score_random_forest":0.2428087,"score_logistic_regression":0.44487,"score_fuzzy_knn_k29":0.4648151},"geometry":{"type":"Polygon","coordinates":[[[-68.9659478,-9.2878075],[-68.9578169,-9.2878067],[-68.9578175,-9.2823964],[-68.9659483,-9.2823972],[-68.9659478,-9.2878075]]]}},{"type":"Feature","id":"AC-Y473-X668","properties":{"id":"AC-Y473-X668","grid_x":668,"grid_y":473,"centroid":[-68.9537518,-9.285101],"aggregation":"none","score_gradboost":0.1596425,"score_random_forest":0.2270818,"score_logistic_regression":0.3040486,"score_fuzzy_knn_k29":0.2623007},"geometry":{"type":"Polygon","coordinates":[[[-68.9578169,-9.2878067],[-68.949686,-9.2878056],[-68.9496868,-9.2823953],[-68.9578175,-9.2823964],[-68.9578169,-9.2878067]]]}},{"type":"Feature","id":"AC-Y474-X663","properties":{"id":"AC-Y474-X663","grid_x":663,"grid_y":474,"centroid":[-68.994406,-9.2796937],"aggregation":"none","score_gradboost":0.0785055,"score_random_forest":0.1317304,"score_logistic_regression":0.5296203,"score_fuzzy_knn_k29":0.4263567},"geometry":{"type":"Polygon","coordinates":[[[-68.9984713,-9.2823989],[-68.9903406,-9.2823987],[-68.9903407,-9.2769884],[-68.9984714,-9.2769885],[-68.9984713,-9.2823989]]]}},{"type":"Feature","id":"AC-Y474-X664","properties":{"id":"AC-Y474-X664","grid_x":664,"grid_y":474,"centroid":[-68.9862753,-9.2796934],"aggregation":"none","score_gradboost":0.1436997,"score_random_forest":0.2120641,"score_logistic_regression":0.4357632,"score_fuzzy_knn_k29":0.2780985},"geometry":{"type":"Polygon","coordinates":[[[-68.9903406,-9.2823987],[-68.9822098,-9.2823984],[-68.9822101,-9.2769881],[-68.9903407,-9.2769884],[-68.9903406,-9.2823987]]]}},{"type":"Feature","id":"AC-Y474-X665","properties":{"id":"AC-Y474-X665","grid_x":665,"grid_y":474,"centroid":[-68.9781446,-9.279693],"aggregation":"none","score_gradboost":0.4061767,"score_random_forest":0.3287923,"score_logistic_regression":0.4906677,"score_fuzzy_knn_k29":0.3908604},"geometry":{"type":"Polygon","coordinates":[[[-68.9822098,-9.2823984],[-68.9740791,-9.2823979],[-68.9740795,-9.2769876],[-68.9822101,-9.2769881],[-68.9822098,-9.2823984]]]}},{"type":"Feature","id":"AC-Y474-X666","properties":{"id":"AC-Y474-X666","grid_x":666,"grid_y":474,"centroid":[-68.9700139,-9.2796924],"aggregation":"none","score_gradboost":0.370798,"score_random_forest":0.3272955,"score_logistic_regression":0.3788322,"score_fuzzy_knn_k29":0.5420494},"geometry":{"type":"Polygon","coordinates":[[[-68.9740791,-9.2823979],[-68.9659483,-9.2823972],[-68.9659488,-9.2769869],[-68.9740795,-9.2769876],[-68.9740791,-9.2823979]]]}},{"type":"Feature","id":"AC-Y474-X667","properties":{"id":"AC-Y474-X667","grid_x":667,"grid_y":474,"centroid":[-68.9618832,-9.2796917],"aggregation":"none","score_gradboost":0.2273767,"score_random_forest":0.248132,"score_logistic_regression":0.4038855,"score_fuzzy_knn_k29":0.3865827},"geometry":{"type":"Polygon","coordinates":[[[-68.9659483,-9.2823972],[-68.9578175,-9.2823964],[-68.9578182,-9.2769861],[-68.9659488,-9.2769869],[-68.9659483,-9.2823972]]]}},{"type":"Feature","id":"AC-Y474-X668","properties":{"id":"AC-Y474-X668","grid_x":668,"grid_y":474,"centroid":[-68.9537525,-9.2796907],"aggregation":"none","score_gradboost":0.2074151,"score_random_forest":0.3148949,"score_logistic_regression":0.4247211,"score_fuzzy_knn_k29":0.3041375},"geometry":{"type":"Polygon","coordinates":[[[-68.9578175,-9.2823964],[-68.9496868,-9.2823953],[-68.9496876,-9.276985],[-68.9578182,-9.2769861],[-68.9578175,-9.2823964]]]}},{"type":"Feature","id":"AC-Y475-X663","properties":{"id":"AC-Y475-X663","grid_x":663,"grid_y":475,"centroid":[-68.9944061,-9.2742833],"aggregation":"none","score_gradboost":0.0785055,"score_random_forest":0.1406602,"score_logistic_regression":0.5444005,"score_fuzzy_knn_k29":0.4924565},"geometry":{"type":"Polygon","coordinates":[[[-68.9984714,-9.2769885],[-68.9903407,-9.2769884],[-68.9903409,-9.2715781],[-68.9984714,-9.2715782],[-68.9984714,-9.2769885]]]}},{"type":"Feature","id":"AC-Y475-X664","properties":{"id":"AC-Y475-X664","grid_x":664,"grid_y":475,"centroid":[-68.9862755,-9.2742831],"aggregation":"none","score_gradboost":0.1896134,"score_random_forest":0.2054529,"score_logistic_regression":0.4170953,"score_fuzzy_knn_k29":0.2822129},"geometry":{"type":"Polygon","coordinates":[[[-68.9903407,-9.2769884],[-68.9822101,-9.2769881],[-68.9822104,-9.2715778],[-68.9903409,-9.2715781],[-68.9903407,-9.2769884]]]}},{"type":"Feature","id":"AC-Y475-X665","properties":{"id":"AC-Y475-X665","grid_x":665,"grid_y":475,"centroid":[-68.9781449,-9.2742827],"aggregation":"none","score_gradboost":0.5447165,"score_random_forest":0.4084647,"score_logistic_regression":0.4095558,"score_fuzzy_knn_k29":0.4077163},"geometry":{"type":"Polygon","coordinates":[[[-68.9822101,-9.2769881],[-68.9740795,-9.2769876],[-68.9740799,-9.2715773],[-68.9822104,-9.2715778],[-68.9822101,-9.2769881]]]}},{"type":"Feature","id":"AC-Y475-X666","properties":{"id":"AC-Y475-X666","grid_x":666,"grid_y":475,"centroid":[-68.9700144,-9.2742821],"aggregation":"none","score_gradboost":0.3318996,"score_random_forest":0.3088056,"score_logistic_regression":0.40215,"score_fuzzy_knn_k29":0.5835758},"geometry":{"type":"Polygon","coordinates":[[[-68.9740795,-9.2769876],[-68.9659488,-9.2769869],[-68.9659493,-9.2715766],[-68.9740799,-9.2715773],[-68.9740795,-9.2769876]]]}},{"type":"Feature","id":"AC-Y475-X667","properties":{"id":"AC-Y475-X667","grid_x":667,"grid_y":475,"centroid":[-68.9618838,-9.2742814],"aggregation":"none","score_gradboost":0.2301485,"score_random_forest":0.2523681,"score_logistic_regression":0.4276986,"score_fuzzy_knn_k29":0.4466052},"geometry":{"type":"Polygon","coordinates":[[[-68.9659488,-9.2769869],[-68.9578182,-9.2769861],[-68.9578188,-9.2715757],[-68.9659493,-9.2715766],[-68.9659488,-9.2769869]]]}},{"type":"Feature","id":"AC-Y475-X668","properties":{"id":"AC-Y475-X668","grid_x":668,"grid_y":475,"centroid":[-68.9537532,-9.2742804],"aggregation":"none","score_gradboost":0.2036619,"score_random_forest":0.2809457,"score_logistic_regression":0.4874622,"score_fuzzy_knn_k29":0.2678743},"geometry":{"type":"Polygon","coordinates":[[[-68.9578182,-9.2769861],[-68.9496876,-9.276985],[-68.9496883,-9.2715747],[-68.9578188,-9.2715757],[-68.9578182,-9.2769861]]]}},{"type":"Feature","id":"AC-Y476-X663","properties":{"id":"AC-Y476-X663","grid_x":663,"grid_y":476,"centroid":[-68.9944062,-9.268873],"aggregation":"none","score_gradboost":0.0785055,"score_random_forest":0.1431246,"score_logistic_regression":0.5539198,"score_fuzzy_knn_k29":0.5361909},"geometry":{"type":"Polygon","coordinates":[[[-68.9984714,-9.2715782],[-68.9903409,-9.2715781],[-68.990341,-9.2661678],[-68.9984714,-9.2661679],[-68.9984714,-9.2715782]]]}},{"type":"Feature","id":"AC-Y476-X664","properties":{"id":"AC-Y476-X664","grid_x":664,"grid_y":476,"centroid":[-68.9862757,-9.2688728],"aggregation":"none","score_gradboost":0.2483377,"score_random_forest":0.3308955,"score_logistic_regression":0.3552815,"score_fuzzy_knn_k29":0.4883739},"geometry":{"type":"Polygon","coordinates":[[[-68.9903409,-9.2715781],[-68.9822104,-9.2715778],[-68.9822106,-9.2661675],[-68.990341,-9.2661678],[-68.9903409,-9.2715781]]]}},{"type":"Feature","id":"AC-Y476-X665","properties":{"id":"AC-Y476-X665","grid_x":665,"grid_y":476,"centroid":[-68.9781453,-9.2688724],"aggregation":"none","score_gradboost":0.4597136,"score_random_forest":0.4180206,"score_logistic_regression":0.4111336,"score_fuzzy_knn_k29":0.4565921},"geometry":{"type":"Polygon","coordinates":[[[-68.9822104,-9.2715778],[-68.9740799,-9.2715773],[-68.9740803,-9.266167],[-68.9822106,-9.2661675],[-68.9822104,-9.2715778]]]}},{"type":"Feature","id":"AC-Y476-X666","properties":{"id":"AC-Y476-X666","grid_x":666,"grid_y":476,"centroid":[-68.9700148,-9.2688718],"aggregation":"none","score_gradboost":0.3632197,"score_random_forest":0.2851249,"score_logistic_regression":0.3847798,"score_fuzzy_knn_k29":0.5381416},"geometry":{"type":"Polygon","coordinates":[[[-68.9740799,-9.2715773],[-68.9659493,-9.2715766],[-68.9659499,-9.2661663],[-68.9740803,-9.266167],[-68.9740799,-9.2715773]]]}},{"type":"Feature","id":"AC-Y476-X667","properties":{"id":"AC-Y476-X667","grid_x":667,"grid_y":476,"centroid":[-68.9618844,-9.268871],"aggregation":"none","score_gradboost":0.2084518,"score_random_forest":0.2192078,"score_logistic_regression":0.4477262,"score_fuzzy_knn_k29":0.4811475},"geometry":{"type":"Polygon","coordinates":[[[-68.9659493,-9.2715766],[-68.9578188,-9.2715757],[-68.9578195,-9.2661654],[-68.9659499,-9.2661663],[-68.9659493,-9.2715766]]]}},{"type":"Feature","id":"AC-Y476-X668","properties":{"id":"AC-Y476-X668","grid_x":668,"grid_y":476,"centroid":[-68.9537539,-9.2688701],"aggregation":"none","score_gradboost":0.1462618,"score_random_forest":0.2962916,"score_logistic_regression":0.4496193,"score_fuzzy_knn_k29":0.333463},"geometry":{"type":"Polygon","coordinates":[[[-68.9578188,-9.2715757],[-68.9496883,-9.2715747],[-68.9496891,-9.2661644],[-68.9578195,-9.2661654],[-68.9578188,-9.2715757]]]}},{"type":"Feature","id":"AC-Y477-X664","properties":{"id":"AC-Y477-X664","grid_x":664,"grid_y":477,"centroid":[-68.9862759,-9.2634625],"aggregation":"none","score_gradboost":0.2093172,"score_random_forest":0.3050512,"score_logistic_regression":0.3977199,"score_fuzzy_knn_k29":0.3720697},"geometry":{"type":"Polygon","coordinates":[[[-68.990341,-9.2661678],[-68.9822106,-9.2661675],[-68.9822109,-9.2607571],[-68.9903412,-9.2607575],[-68.990341,-9.2661678]]]}},{"type":"Feature","id":"AC-Y477-X665","properties":{"id":"AC-Y477-X665","grid_x":665,"grid_y":477,"centroid":[-68.9781456,-9.2634621],"aggregation":"none","score_gradboost":0.3947497,"score_random_forest":0.3696011,"score_logistic_regression":0.4516884,"score_fuzzy_knn_k29":0.3325082},"geometry":{"type":"Polygon","coordinates":[[[-68.9822106,-9.2661675],[-68.9740803,-9.266167],[-68.9740807,-9.2607566],[-68.9822109,-9.2607571],[-68.9822106,-9.2661675]]]}},{"type":"Feature","id":"AC-Y477-X666","properties":{"id":"AC-Y477-X666","grid_x":666,"grid_y":477,"centroid":[-68.9700153,-9.2634615],"aggregation":"none","score_gradboost":0.2855525,"score_random_forest":0.2681578,"score_logistic_regression":0.4097336,"score_fuzzy_knn_k29":0.5711267},"geometry":{"type":"Polygon","coordinates":[[[-68.9740803,-9.266167],[-68.9659499,-9.2661663],[-68.9659504,-9.260756],[-68.9740807,-9.2607566],[-68.9740803,-9.266167]]]}},{"type":"Feature","id":"AC-Y477-X667","properties":{"id":"AC-Y477-X667","grid_x":667,"grid_y":477,"centroid":[-68.961885,-9.2634607],"aggregation":"none","score_gradboost":0.2573742,"score_random_forest":0.2293642,"score_logistic_regression":0.4828148,"score_fuzzy_knn_k29":0.5598427},"geometry":{"type":"Polygon","coordinates":[[[-68.9659499,-9.2661663],[-68.9578195,-9.2661654],[-68.9578201,-9.2607551],[-68.9659504,-9.260756],[-68.9659499,-9.2661663]]]}},{"type":"Feature","id":"AC-Y477-X668","properties":{"id":"AC-Y477-X668","grid_x":668,"grid_y":477,"centroid":[-68.9537546,-9.2634598],"aggregation":"none","score_gradboost":0.1477828,"score_random_forest":0.2058291,"score_logistic_regression":0.4892327,"score_fuzzy_knn_k29":0.3279706},"geometry":{"type":"Polygon","coordinates":[[[-68.9578195,-9.2661654],[-68.9496891,-9.2661644],[-68.9496899,-9.2607541],[-68.9578201,-9.2607551],[-68.9578195,-9.2661654]]]}},{"type":"Feature","id":"AC-Y478-X664","properties":{"id":"AC-Y478-X664","grid_x":664,"grid_y":478,"centroid":[-68.9862762,-9.2580522],"aggregation":"none","score_gradboost":0.3572108,"score_random_forest":0.331375,"score_logistic_regression":0.3984632,"score_fuzzy_knn_k29":0.3977583},"geometry":{"type":"Polygon","coordinates":[[[-68.9903412,-9.2607575],[-68.9822109,-9.2607571],[-68.9822112,-9.2553468],[-68.9903413,-9.2553471],[-68.9903412,-9.2607575]]]}},{"type":"Feature","id":"AC-Y478-X665","properties":{"id":"AC-Y478-X665","grid_x":665,"grid_y":478,"centroid":[-68.978146,-9.2580518],"aggregation":"none","score_gradboost":0.3999,"score_random_forest":0.2918964,"score_logistic_regression":0.4760996,"score_fuzzy_knn_k29":0.3625501},"geometry":{"type":"Polygon","coordinates":[[[-68.9822109,-9.2607571],[-68.9740807,-9.2607566],[-68.974081,-9.2553463],[-68.9822112,-9.2553468],[-68.9822109,-9.2607571]]]}},{"type":"Feature","id":"AC-Y478-X666","properties":{"id":"AC-Y478-X666","grid_x":666,"grid_y":478,"centroid":[-68.9700158,-9.2580512],"aggregation":"none","score_gradboost":0.2248254,"score_random_forest":0.2528928,"score_logistic_regression":0.415732,"score_fuzzy_knn_k29":0.5550488},"geometry":{"type":"Polygon","coordinates":[[[-68.9740807,-9.2607566],[-68.9659504,-9.260756],[-68.9659509,-9.2553456],[-68.9740811,-9.2553463],[-68.9740807,-9.2607566]]]}},{"type":"Feature","id":"AC-Y478-X667","properties":{"id":"AC-Y478-X667","grid_x":667,"grid_y":478,"centroid":[-68.9618856,-9.2580504],"aggregation":"none","score_gradboost":0.2195564,"score_random_forest":0.274868,"score_logistic_regression":0.4507582,"score_fuzzy_knn_k29":0.4073292},"geometry":{"type":"Polygon","coordinates":[[[-68.9659504,-9.260756],[-68.9578201,-9.2607551],[-68.9578208,-9.2553448],[-68.9659509,-9.2553456],[-68.9659504,-9.260756]]]}},{"type":"Feature","id":"AC-Y478-X668","properties":{"id":"AC-Y478-X668","grid_x":668,"grid_y":478,"centroid":[-68.9537554,-9.2580494],"aggregation":"none","score_gradboost":0.1276081,"score_random_forest":0.2055044,"score_logistic_regression":0.4518927,"score_fuzzy_knn_k29":0.311784},"geometry":{"type":"Polygon","coordinates":[[[-68.9578201,-9.2607551],[-68.9496899,-9.2607541],[-68.9496906,-9.2553437],[-68.9578208,-9.2553448],[-68.9578201,-9.2607551]]]}},{"type":"Feature","id":"AC-Y479-X664","properties":{"id":"AC-Y479-X664","grid_x":664,"grid_y":479,"centroid":[-68.9862764,-9.2526418],"aggregation":"none","score_gradboost":0.6009035,"score_random_forest":0.4287838,"score_logistic_regression":0.4219364,"score_fuzzy_knn_k29":0.4065018},"geometry":{"type":"Polygon","coordinates":[[[-68.9903413,-9.2553471],[-68.9822112,-9.2553468],[-68.9822115,-9.2499365],[-68.9903415,-9.2499368],[-68.9903413,-9.2553471]]]}},{"type":"Feature","id":"AC-Y479-X665","properties":{"id":"AC-Y479-X665","grid_x":665,"grid_y":479,"centroid":[-68.9781463,-9.2526414],"aggregation":"none","score_gradboost":0.3974429,"score_random_forest":0.2783234,"score_logistic_regression":0.4798041,"score_fuzzy_knn_k29":0.3655671},"geometry":{"type":"Polygon","coordinates":[[[-68.9822112,-9.2553468],[-68.974081,-9.2553463],[-68.9740814,-9.249936],[-68.9822115,-9.2499365],[-68.9822112,-9.2553468]]]}},{"type":"Feature","id":"AC-Y479-X666","properties":{"id":"AC-Y479-X666","grid_x":666,"grid_y":479,"centroid":[-68.9700162,-9.2526408],"aggregation":"none","score_gradboost":0.2272593,"score_random_forest":0.2412128,"score_logistic_regression":0.4372984,"score_fuzzy_knn_k29":0.4565254},"geometry":{"type":"Polygon","coordinates":[[[-68.9740811,-9.2553463],[-68.9659509,-9.2553456],[-68.9659514,-9.2499353],[-68.9740814,-9.249936],[-68.9740811,-9.2553463]]]}},{"type":"Feature","id":"AC-Y479-X667","properties":{"id":"AC-Y479-X667","grid_x":667,"grid_y":479,"centroid":[-68.9618861,-9.2526401],"aggregation":"none","score_gradboost":0.2038673,"score_random_forest":0.2491661,"score_logistic_regression":0.4767628,"score_fuzzy_knn_k29":0.375323},"geometry":{"type":"Polygon","coordinates":[[[-68.9659509,-9.2553456],[-68.9578208,-9.2553448],[-68.9578214,-9.2499345],[-68.9659514,-9.2499353],[-68.9659509,-9.2553456]]]}},{"type":"Feature","id":"AC-Y479-X668","properties":{"id":"AC-Y479-X668","grid_x":668,"grid_y":479,"centroid":[-68.9537561,-9.2526391],"aggregation":"none","score_gradboost":0.1270131,"score_random_forest":0.2034282,"score_logistic_regression":0.4681307,"score_fuzzy_knn_k29":0.3319401},"geometry":{"type":"Polygon","coordinates":[[[-68.9578208,-9.2553448],[-68.9496906,-9.2553437],[-68.9496914,-9.2499334],[-68.9578214,-9.2499345],[-68.9578208,-9.2553448]]]}},{"type":"Feature","id":"AC-Y480-X664","properties":{"id":"AC-Y480-X664","grid_x":664,"grid_y":480,"centroid":[-68.9862766,-9.2472315],"aggregation":"none","score_gradboost":0.4100611,"score_random_forest":0.4448562,"score_logistic_regression":0.4083619,"score_fuzzy_knn_k29":0.5065555},"geometry":{"type":"Polygon","coordinates":[[[-68.9903415,-9.2499368],[-68.9822115,-9.2499365],[-68.9822117,-9.2445262],[-68.9903416,-9.2445265],[-68.9903415,-9.2499368]]]}},{"type":"Feature","id":"AC-Y480-X665","properties":{"id":"AC-Y480-X665","grid_x":665,"grid_y":480,"centroid":[-68.9781466,-9.2472311],"aggregation":"none","score_gradboost":0.3896367,"score_random_forest":0.2541893,"score_logistic_regression":0.4460874,"score_fuzzy_knn_k29":0.3443057},"geometry":{"type":"Polygon","coordinates":[[[-68.9822115,-9.2499365],[-68.9740814,-9.249936],[-68.9740818,-9.2445257],[-68.9822117,-9.2445262],[-68.9822115,-9.2499365]]]}},{"type":"Feature","id":"AC-Y480-X666","properties":{"id":"AC-Y480-X666","grid_x":666,"grid_y":480,"centroid":[-68.9700167,-9.2472305],"aggregation":"none","score_gradboost":0.2515207,"score_random_forest":0.1884674,"score_logistic_regression":0.4753415,"score_fuzzy_knn_k29":0.5462498},"geometry":{"type":"Polygon","coordinates":[[[-68.9740814,-9.249936],[-68.9659514,-9.2499353],[-68.965952,-9.244525],[-68.9740818,-9.2445257],[-68.9740814,-9.249936]]]}},{"type":"Feature","id":"AC-Y480-X667","properties":{"id":"AC-Y480-X667","grid_x":667,"grid_y":480,"centroid":[-68.9618867,-9.2472298],"aggregation":"none","score_gradboost":0.2633725,"score_random_forest":0.3053708,"score_logistic_regression":0.5051256,"score_fuzzy_knn_k29":0.52623},"geometry":{"type":"Polygon","coordinates":[[[-68.9659514,-9.2499353],[-68.9578214,-9.2499345],[-68.9578221,-9.2445241],[-68.965952,-9.244525],[-68.9659514,-9.2499353]]]}},{"type":"Feature","id":"AC-Y480-X668","properties":{"id":"AC-Y480-X668","grid_x":668,"grid_y":480,"centroid":[-68.9537568,-9.2472288],"aggregation":"none","score_gradboost":0.1301524,"score_random_forest":0.1590778,"score_logistic_regression":0.4914626,"score_fuzzy_knn_k29":0.3994444},"geometry":{"type":"Polygon","coordinates":[[[-68.9578214,-9.2499345],[-68.9496914,-9.2499334],[-68.9496922,-9.2445231],[-68.9578221,-9.2445241],[-68.9578214,-9.2499345]]]}},{"type":"Feature","id":"AC-Y481-X664","properties":{"id":"AC-Y481-X664","grid_x":664,"grid_y":481,"centroid":[-68.9862768,-9.2418212],"aggregation":"none","score_gradboost":0.4016782,"score_random_forest":0.3957816,"score_logistic_regression":0.4033394,"score_fuzzy_knn_k29":0.6006673},"geometry":{"type":"Polygon","coordinates":[[[-68.9903416,-9.2445265],[-68.9822117,-9.2445262],[-68.982212,-9.2391158],[-68.9903418,-9.2391162],[-68.9903416,-9.2445265]]]}},{"type":"Feature","id":"AC-Y481-X665","properties":{"id":"AC-Y481-X665","grid_x":665,"grid_y":481,"centroid":[-68.978147,-9.2418208],"aggregation":"none","score_gradboost":0.3305276,"score_random_forest":0.1886277,"score_logistic_regression":0.4511931,"score_fuzzy_knn_k29":0.1337085},"geometry":{"type":"Polygon","coordinates":[[[-68.9822117,-9.2445262],[-68.9740818,-9.2445257],[-68.9740822,-9.2391154],[-68.982212,-9.2391158],[-68.9822117,-9.2445262]]]}},{"type":"Feature","id":"AC-Y481-X666","properties":{"id":"AC-Y481-X666","grid_x":666,"grid_y":481,"centroid":[-68.9700171,-9.2418202],"aggregation":"none","score_gradboost":0.2641996,"score_random_forest":0.2615223,"score_logistic_regression":0.4994863,"score_fuzzy_knn_k29":0.6011089},"geometry":{"type":"Polygon","coordinates":[[[-68.9740818,-9.2445257],[-68.965952,-9.244525],[-68.9659525,-9.2391147],[-68.9740822,-9.2391154],[-68.9740818,-9.2445257]]]}},{"type":"Feature","id":"AC-Y481-X667","properties":{"id":"AC-Y481-X667","grid_x":667,"grid_y":481,"centroid":[-68.9618873,-9.2418194],"aggregation":"none","score_gradboost":0.1896523,"score_random_forest":0.1670048,"score_logistic_regression":0.4998977,"score_fuzzy_knn_k29":0.5147899},"geometry":{"type":"Polygon","coordinates":[[[-68.965952,-9.244525],[-68.9578221,-9.2445241],[-68.9578227,-9.2391138],[-68.9659525,-9.2391147],[-68.965952,-9.244525]]]}},{"type":"Feature","id":"AC-Y481-X668","properties":{"id":"AC-Y481-X668","grid_x":668,"grid_y":481,"centroid":[-68.9537575,-9.2418185],"aggregation":"none","score_gradboost":0.1986092,"score_random_forest":0.1748696,"score_logistic_regression":0.4908932,"score_fuzzy_knn_k29":0.58166},"geometry":{"type":"Polygon","coordinates":[[[-68.9578221,-9.2445241],[-68.9496922,-9.2445231],[-68.9496929,-9.2391128],[-68.9578227,-9.2391138],[-68.9578221,-9.2445241]]]}},{"type":"Feature","id":"AC-Y482-X665","properties":{"id":"AC-Y482-X665","grid_x":665,"grid_y":482,"centroid":[-68.9781473,-9.2364105],"aggregation":"none","score_gradboost":0.2697252,"score_random_forest":0.2145431,"score_logistic_regression":0.4844916,"score_fuzzy_knn_k29":0.5148889},"geometry":{"type":"Polygon","coordinates":[[[-68.982212,-9.2391158],[-68.9740822,-9.2391154],[-68.9740826,-9.233705],[-68.9822123,-9.2337055],[-68.982212,-9.2391158]]]}},{"type":"Feature","id":"AC-Y482-X666","properties":{"id":"AC-Y482-X666","grid_x":666,"grid_y":482,"centroid":[-68.9700176,-9.2364099],"aggregation":"none","score_gradboost":0.2832143,"score_random_forest":0.2790688,"score_logistic_regression":0.5382859,"score_fuzzy_knn_k29":0.5412216},"geometry":{"type":"Polygon","coordinates":[[[-68.9740822,-9.2391154],[-68.9659525,-9.2391147],[-68.965953,-9.2337043],[-68.9740826,-9.233705],[-68.9740822,-9.2391154]]]}},{"type":"Feature","id":"AC-Y482-X667","properties":{"id":"AC-Y482-X667","grid_x":667,"grid_y":482,"centroid":[-68.9618879,-9.2364091],"aggregation":"none","score_gradboost":0.1297126,"score_random_forest":0.1397163,"score_logistic_regression":0.480308,"score_fuzzy_knn_k29":0.3836574},"geometry":{"type":"Polygon","coordinates":[[[-68.9659525,-9.2391147],[-68.9578227,-9.2391138],[-68.9578234,-9.2337035],[-68.965953,-9.2337043],[-68.9659525,-9.2391147]]]}},{"type":"Feature","id":"AC-Y482-X668","properties":{"id":"AC-Y482-X668","grid_x":668,"grid_y":482,"centroid":[-68.9537582,-9.2364081],"aggregation":"none","score_gradboost":0.2640394,"score_random_forest":0.1918833,"score_logistic_regression":0.5147031,"score_fuzzy_knn_k29":0.2769826},"geometry":{"type":"Polygon","coordinates":[[[-68.9578227,-9.2391138],[-68.9496929,-9.2391128],[-68.9496937,-9.2337024],[-68.9578234,-9.2337035],[-68.9578227,-9.2391138]]]}},{"type":"Feature","id":"AC-Y483-X665","properties":{"id":"AC-Y483-X665","grid_x":665,"grid_y":483,"centroid":[-68.9781476,-9.2310001],"aggregation":"none","score_gradboost":0.2905097,"score_random_forest":0.243194,"score_logistic_regression":0.5117616,"score_fuzzy_knn_k29":0.6140825},"geometry":{"type":"Polygon","coordinates":[[[-68.9822123,-9.2337055],[-68.9740826,-9.233705],[-68.974083,-9.2282947],[-68.9822125,-9.2282952],[-68.9822123,-9.2337055]]]}},{"type":"Feature","id":"AC-Y483-X666","properties":{"id":"AC-Y483-X666","grid_x":666,"grid_y":483,"centroid":[-68.970018,-9.2309995],"aggregation":"none","score_gradboost":0.2207545,"score_random_forest":0.2007987,"score_logistic_regression":0.5421848,"score_fuzzy_knn_k29":0.5367634},"geometry":{"type":"Polygon","coordinates":[[[-68.9740826,-9.233705],[-68.965953,-9.2337043],[-68.9659535,-9.228294],[-68.974083,-9.2282947],[-68.9740826,-9.233705]]]}},{"type":"Feature","id":"AC-Y483-X667","properties":{"id":"AC-Y483-X667","grid_x":667,"grid_y":483,"centroid":[-68.9618885,-9.2309988],"aggregation":"none","score_gradboost":0.1273322,"score_random_forest":0.1460908,"score_logistic_regression":0.4898585,"score_fuzzy_knn_k29":0.403453},"geometry":{"type":"Polygon","coordinates":[[[-68.965953,-9.2337043],[-68.9578234,-9.2337035],[-68.957824,-9.2282932],[-68.9659535,-9.228294],[-68.965953,-9.2337043]]]}},{"type":"Feature","id":"AC-Y483-X668","properties":{"id":"AC-Y483-X668","grid_x":668,"grid_y":483,"centroid":[-68.9537589,-9.2309978],"aggregation":"none","score_gradboost":0.1924676,"score_random_forest":0.2166187,"score_logistic_regression":0.5046135,"score_fuzzy_knn_k29":0.3712302},"geometry":{"type":"Polygon","coordinates":[[[-68.9578234,-9.2337035],[-68.9496937,-9.2337024],[-68.9496945,-9.2282921],[-68.957824,-9.2282932],[-68.9578234,-9.2337035]]]}},{"type":"Feature","id":"AC-Y484-X665","properties":{"id":"AC-Y484-X665","grid_x":665,"grid_y":484,"centroid":[-68.978148,-9.2255898],"aggregation":"none","score_gradboost":0.2327081,"score_random_forest":0.1895654,"score_logistic_regression":0.5519819,"score_fuzzy_knn_k29":0.5481147},"geometry":{"type":"Polygon","coordinates":[[[-68.9822125,-9.2282952],[-68.974083,-9.2282947],[-68.9740834,-9.2228844],[-68.9822128,-9.2228849],[-68.9822125,-9.2282952]]]}},{"type":"Feature","id":"AC-Y484-X666","properties":{"id":"AC-Y484-X666","grid_x":666,"grid_y":484,"centroid":[-68.9700185,-9.2255892],"aggregation":"none","score_gradboost":0.2118481,"score_random_forest":0.184014,"score_logistic_regression":0.5484062,"score_fuzzy_knn_k29":0.5199984},"geometry":{"type":"Polygon","coordinates":[[[-68.974083,-9.2282947],[-68.9659535,-9.228294],[-68.965954,-9.2228837],[-68.9740834,-9.2228844],[-68.974083,-9.2282947]]]}},{"type":"Feature","id":"AC-Y484-X667","properties":{"id":"AC-Y484-X667","grid_x":667,"grid_y":484,"centroid":[-68.961889,-9.2255884],"aggregation":"none","score_gradboost":0.3007853,"score_random_forest":0.1983318,"score_logistic_regression":0.5354451,"score_fuzzy_knn_k29":0.4057788},"geometry":{"type":"Polygon","coordinates":[[[-68.9659535,-9.228294],[-68.957824,-9.2282932],[-68.9578246,-9.2228828],[-68.965954,-9.2228837],[-68.9659535,-9.228294]]]}},{"type":"Feature","id":"AC-Y484-X668","properties":{"id":"AC-Y484-X668","grid_x":668,"grid_y":484,"centroid":[-68.9537596,-9.2255875],"aggregation":"none","score_gradboost":0.137739,"score_random_forest":0.2060806,"score_logistic_regression":0.508043,"score_fuzzy_knn_k29":0.3053692},"geometry":{"type":"Polygon","coordinates":[[[-68.957824,-9.2282932],[-68.9496945,-9.2282921],[-68.9496952,-9.2228818],[-68.9578246,-9.2228828],[-68.957824,-9.2282932]]]}},{"type":"Feature","id":"AC-Y485-X665","properties":{"id":"AC-Y485-X665","grid_x":665,"grid_y":485,"centroid":[-68.9781483,-9.2201795],"aggregation":"none","score_gradboost":0.2693315,"score_random_forest":0.1548382,"score_logistic_regression":0.5406619,"score_fuzzy_knn_k29":0.5341005},"geometry":{"type":"Polygon","coordinates":[[[-68.9822128,-9.2228849],[-68.9740834,-9.2228844],[-68.9740838,-9.217474],[-68.9822131,-9.2174745],[-68.9822128,-9.2228849]]]}},{"type":"Feature","id":"AC-Y485-X666","properties":{"id":"AC-Y485-X666","grid_x":666,"grid_y":485,"centroid":[-68.970019,-9.2201789],"aggregation":"none","score_gradboost":0.2832143,"score_random_forest":0.2881143,"score_logistic_regression":0.5375409,"score_fuzzy_knn_k29":0.5457085},"geometry":{"type":"Polygon","coordinates":[[[-68.9740834,-9.2228844],[-68.965954,-9.2228837],[-68.9659545,-9.2174734],[-68.9740838,-9.217474],[-68.9740834,-9.2228844]]]}},{"type":"Feature","id":"AC-Y485-X667","properties":{"id":"AC-Y485-X667","grid_x":667,"grid_y":485,"centroid":[-68.9618896,-9.2201781],"aggregation":"none","score_gradboost":0.1956079,"score_random_forest":0.1438398,"score_logistic_regression":0.5728524,"score_fuzzy_knn_k29":0.3925775},"geometry":{"type":"Polygon","coordinates":[[[-68.965954,-9.2228837],[-68.9578246,-9.2228828],[-68.9578253,-9.2174725],[-68.9659545,-9.2174734],[-68.965954,-9.2228837]]]}},{"type":"Feature","id":"AC-Y485-X668","properties":{"id":"AC-Y485-X668","grid_x":668,"grid_y":485,"centroid":[-68.9537603,-9.2201772],"aggregation":"none","score_gradboost":0.2495776,"score_random_forest":0.2826946,"score_logistic_regression":0.5556559,"score_fuzzy_knn_k29":0.5977624},"geometry":{"type":"Polygon","coordinates":[[[-68.9578246,-9.2228828],[-68.9496952,-9.2228818],[-68.949696,-9.2174714],[-68.9578253,-9.2174725],[-68.9578246,-9.2228828]]]}},{"type":"Feature","id":"AC-Y486-X665","properties":{"id":"AC-Y486-X665","grid_x":665,"grid_y":486,"centroid":[-68.9781486,-9.2147691],"aggregation":"none","score_gradboost":0.2797965,"score_random_forest":0.1921279,"score_logistic_regression":0.5250058,"score_fuzzy_knn_k29":0.5394656},"geometry":{"type":"Polygon","coordinates":[[[-68.9822131,-9.2174745],[-68.9740838,-9.217474],[-68.9740842,-9.2120637],[-68.9822134,-9.2120642],[-68.9822131,-9.2174745]]]}},{"type":"Feature","id":"AC-Y486-X666","properties":{"id":"AC-Y486-X666","grid_x":666,"grid_y":486,"centroid":[-68.9700194,-9.2147685],"aggregation":"none","score_gradboost":0.2199203,"score_random_forest":0.1960467,"score_logistic_regression":0.5844146,"score_fuzzy_knn_k29":0.3693241},"geometry":{"type":"Polygon","coordinates":[[[-68.9740838,-9.217474],[-68.9659545,-9.2174734],[-68.9659551,-9.212063],[-68.9740842,-9.2120637],[-68.9740838,-9.217474]]]}},{"type":"Feature","id":"AC-Y486-X667","properties":{"id":"AC-Y486-X667","grid_x":667,"grid_y":486,"centroid":[-68.9618902,-9.2147678],"aggregation":"none","score_gradboost":0.206283,"score_random_forest":0.1853782,"score_logistic_regression":0.5531663,"score_fuzzy_knn_k29":0.3879609},"geometry":{"type":"Polygon","coordinates":[[[-68.9659545,-9.2174734],[-68.9578253,-9.2174725],[-68.9578259,-9.2120622],[-68.9659551,-9.212063],[-68.9659545,-9.2174734]]]}},{"type":"Feature","id":"AC-Y486-X668","properties":{"id":"AC-Y486-X668","grid_x":668,"grid_y":486,"centroid":[-68.953761,-9.2147668],"aggregation":"none","score_gradboost":0.3156325,"score_random_forest":0.2534857,"score_logistic_regression":0.579024,"score_fuzzy_knn_k29":0.5791754},"geometry":{"type":"Polygon","coordinates":[[[-68.9578253,-9.2174725],[-68.949696,-9.2174714],[-68.9496968,-9.2120611],[-68.9578259,-9.2120622],[-68.9578253,-9.2174725]]]}},{"type":"Feature","id":"AC-Y487-X666","properties":{"id":"AC-Y487-X666","grid_x":666,"grid_y":487,"centroid":[-68.9700199,-9.2093582],"aggregation":"none","score_gradboost":0.2249496,"score_random_forest":0.1909804,"score_logistic_regression":0.6074211,"score_fuzzy_knn_k29":0.4933161},"geometry":{"type":"Polygon","coordinates":[[[-68.9740842,-9.2120637],[-68.9659551,-9.212063],[-68.9659556,-9.2066527],[-68.9740846,-9.2066534],[-68.9740842,-9.2120637]]]}},{"type":"Feature","id":"AC-Y487-X667","properties":{"id":"AC-Y487-X667","grid_x":667,"grid_y":487,"centroid":[-68.9618908,-9.2093574],"aggregation":"none","score_gradboost":0.1532298,"score_random_forest":0.1397077,"score_logistic_regression":0.5945603,"score_fuzzy_knn_k29":0.4717798},"geometry":{"type":"Polygon","coordinates":[[[-68.9659551,-9.212063],[-68.9578259,-9.2120622],[-68.9578266,-9.2066518],[-68.9659556,-9.2066527],[-68.9659551,-9.212063]]]}},{"type":"Feature","id":"AC-Y487-X668","properties":{"id":"AC-Y487-X668","grid_x":668,"grid_y":487,"centroid":[-68.9537617,-9.2093565],"aggregation":"none","score_gradboost":0.3024642,"score_random_forest":0.267403,"score_logistic_regression":0.5762815,"score_fuzzy_knn_k29":0.5332026},"geometry":{"type":"Polygon","coordinates":[[[-68.9578259,-9.2120622],[-68.9496968,-9.2120611],[-68.9496975,-9.2066508],[-68.9578266,-9.2066518],[-68.9578259,-9.2120622]]]}},{"type":"Feature","id":"AC-Y488-X666","properties":{"id":"AC-Y488-X666","grid_x":666,"grid_y":488,"centroid":[-68.9700203,-9.2039479],"aggregation":"none","score_gradboost":0.2986703,"score_random_forest":0.2947868,"score_logistic_regression":0.518784,"score_fuzzy_knn_k29":0.5946875},"geometry":{"type":"Polygon","coordinates":[[[-68.9740846,-9.2066534],[-68.9659556,-9.2066527],[-68.9659561,-9.2012423],[-68.974085,-9.201243],[-68.9740846,-9.2066534]]]}},{"type":"Feature","id":"AC-Y488-X667","properties":{"id":"AC-Y488-X667","grid_x":667,"grid_y":488,"centroid":[-68.9618914,-9.2039471],"aggregation":"none","score_gradboost":0.2110577,"score_random_forest":0.2161205,"score_logistic_regression":0.5434186,"score_fuzzy_knn_k29":0.5109634},"geometry":{"type":"Polygon","coordinates":[[[-68.9659556,-9.2066527],[-68.9578266,-9.2066518],[-68.9578272,-9.2012415],[-68.9659561,-9.2012423],[-68.9659556,-9.2066527]]]}},{"type":"Feature","id":"AC-Y488-X668","properties":{"id":"AC-Y488-X668","grid_x":668,"grid_y":488,"centroid":[-68.9537624,-9.2039462],"aggregation":"none","score_gradboost":0.2327643,"score_random_forest":0.2085174,"score_logistic_regression":0.6684965,"score_fuzzy_knn_k29":0.6604974},"geometry":{"type":"Polygon","coordinates":[[[-68.9578266,-9.2066518],[-68.9496975,-9.2066508],[-68.9496983,-9.2012404],[-68.9578272,-9.2012415],[-68.9578266,-9.2066518]]]}},{"type":"Feature","id":"AC-Y489-X666","properties":{"id":"AC-Y489-X666","grid_x":666,"grid_y":489,"centroid":[-68.9700208,-9.1985375],"aggregation":"none","score_gradboost":0.215383,"score_random_forest":0.1452083,"score_logistic_regression":0.5676692,"score_fuzzy_knn_k29":0.4990886},"geometry":{"type":"Polygon","coordinates":[[[-68.974085,-9.201243],[-68.9659561,-9.2012423],[-68.9659566,-9.195832],[-68.9740854,-9.1958327],[-68.974085,-9.201243]]]}},{"type":"Feature","id":"AC-Y489-X667","properties":{"id":"AC-Y489-X667","grid_x":667,"grid_y":489,"centroid":[-68.9618919,-9.1985368],"aggregation":"none","score_gradboost":0.2547597,"score_random_forest":0.2980347,"score_logistic_regression":0.515727,"score_fuzzy_knn_k29":0.4616899},"geometry":{"type":"Polygon","coordinates":[[[-68.9659561,-9.2012423],[-68.9578272,-9.2012415],[-68.9578278,-9.1958311],[-68.9659566,-9.195832],[-68.9659561,-9.2012423]]]}},{"type":"Feature","id":"AC-Y489-X668","properties":{"id":"AC-Y489-X668","grid_x":668,"grid_y":489,"centroid":[-68.9537631,-9.1985358],"aggregation":"none","score_gradboost":0.1674391,"score_random_forest":0.1796753,"score_logistic_regression":0.616286,"score_fuzzy_knn_k29":0.5309925},"geometry":{"type":"Polygon","coordinates":[[[-68.9578272,-9.2012415],[-68.9496983,-9.2012404],[-68.9496991,-9.1958301],[-68.9578278,-9.1958311],[-68.9578272,-9.2012415]]]}},{"type":"Feature","id":"AC-Y490-X666","properties":{"id":"AC-Y490-X666","grid_x":666,"grid_y":490,"centroid":[-68.9700212,-9.1931272],"aggregation":"none","score_gradboost":0.2581062,"score_random_forest":0.1716064,"score_logistic_regression":0.5014022,"score_fuzzy_knn_k29":0.5162784},"geometry":{"type":"Polygon","coordinates":[[[-68.9740854,-9.1958327],[-68.9659566,-9.195832],[-68.9659571,-9.1904217],[-68.9740858,-9.1904223],[-68.9740854,-9.1958327]]]}},{"type":"Feature","id":"AC-Y490-X667","properties":{"id":"AC-Y490-X667","grid_x":667,"grid_y":490,"centroid":[-68.9618925,-9.1931264],"aggregation":"none","score_gradboost":0.2199203,"score_random_forest":0.1997339,"score_logistic_regression":0.5884342,"score_fuzzy_knn_k29":0.4691504},"geometry":{"type":"Polygon","coordinates":[[[-68.9659566,-9.195832],[-68.9578278,-9.1958311],[-68.9578285,-9.1904208],[-68.9659571,-9.1904217],[-68.9659566,-9.195832]]]}},{"type":"Feature","id":"AC-Y490-X668","properties":{"id":"AC-Y490-X668","grid_x":668,"grid_y":490,"centroid":[-68.9537638,-9.1931255],"aggregation":"none","score_gradboost":0.1792179,"score_random_forest":0.1723773,"score_logistic_regression":0.6262401,"score_fuzzy_knn_k29":0.5353919},"geometry":{"type":"Polygon","coordinates":[[[-68.9578278,-9.1958311],[-68.9496991,-9.1958301],[-68.9496998,-9.1904198],[-68.9578285,-9.1904208],[-68.9578278,-9.1958311]]]}},{"type":"Feature","id":"AC-Y491-X666","properties":{"id":"AC-Y491-X666","grid_x":666,"grid_y":491,"centroid":[-68.9700217,-9.1877169],"aggregation":"none","score_gradboost":0.1952991,"score_random_forest":0.1225869,"score_logistic_regression":0.6069593,"score_fuzzy_knn_k29":0.577189},"geometry":{"type":"Polygon","coordinates":[[[-68.9740858,-9.1904223],[-68.9659571,-9.1904217],[-68.9659577,-9.1850113],[-68.9740862,-9.185012],[-68.9740858,-9.1904223]]]}},{"type":"Feature","id":"AC-Y491-X667","properties":{"id":"AC-Y491-X667","grid_x":667,"grid_y":491,"centroid":[-68.9618931,-9.1877161],"aggregation":"none","score_gradboost":0.2860567,"score_random_forest":0.2748628,"score_logistic_regression":0.5367893,"score_fuzzy_knn_k29":0.5899663},"geometry":{"type":"Polygon","coordinates":[[[-68.9659571,-9.1904217],[-68.9578285,-9.1904208],[-68.9578291,-9.1850105],[-68.9659577,-9.1850113],[-68.9659571,-9.1904217]]]}},{"type":"Feature","id":"AC-Y491-X668","properties":{"id":"AC-Y491-X668","grid_x":668,"grid_y":491,"centroid":[-68.9537645,-9.1877151],"aggregation":"none","score_gradboost":0.2290729,"score_random_forest":0.2139193,"score_logistic_regression":0.5571637,"score_fuzzy_knn_k29":0.5179303},"geometry":{"type":"Polygon","coordinates":[[[-68.9578285,-9.1904208],[-68.9496998,-9.1904198],[-68.9497006,-9.1850094],[-68.9578291,-9.1850105],[-68.9578285,-9.1904208]]]}},{"type":"Feature","id":"AC-Y440-X653","properties":{"id":"AC-Y440-X653","grid_x":653,"grid_y":440,"centroid":[-69.0757528,-9.4636353],"aggregation":"none","score_gradboost":0.188978,"score_random_forest":0.1237366,"score_logistic_regression":0.3923619,"score_fuzzy_knn_k29":0.2398785},"geometry":{"type":"Polygon","coordinates":[[[-69.079821,-9.4663395],[-69.0716859,-9.4663413],[-69.0716848,-9.460931],[-69.0798197,-9.4609293],[-69.079821,-9.4663395]]]}},{"type":"Feature","id":"AC-Y440-X654","properties":{"id":"AC-Y440-X654","grid_x":654,"grid_y":440,"centroid":[-69.0676179,-9.463637],"aggregation":"none","score_gradboost":0.5188358,"score_random_forest":0.3491355,"score_logistic_regression":0.3794264,"score_fuzzy_knn_k29":0.4656314},"geometry":{"type":"Polygon","coordinates":[[[-69.0716859,-9.4663413],[-69.0635509,-9.4663428],[-69.0635499,-9.4609326],[-69.0716848,-9.460931],[-69.0716859,-9.4663413]]]}},{"type":"Feature","id":"AC-Y441-X652","properties":{"id":"AC-Y441-X652","grid_x":652,"grid_y":441,"centroid":[-69.0838865,-9.4582232],"aggregation":"none","score_gradboost":0.2828394,"score_random_forest":0.1710258,"score_logistic_regression":0.3823794,"score_fuzzy_knn_k29":0.2598818},"geometry":{"type":"Polygon","coordinates":[[[-69.0879546,-9.4609273],[-69.0798197,-9.4609293],[-69.0798185,-9.455519],[-69.0879532,-9.4555171],[-69.0879546,-9.4609273]]]}},{"type":"Feature","id":"AC-Y441-X653","properties":{"id":"AC-Y441-X653","grid_x":653,"grid_y":441,"centroid":[-69.0757517,-9.458225],"aggregation":"none","score_gradboost":0.2561266,"score_random_forest":0.1573425,"score_logistic_regression":0.4125028,"score_fuzzy_knn_k29":0.246483},"geometry":{"type":"Polygon","coordinates":[[[-69.0798197,-9.4609293],[-69.0716848,-9.460931],[-69.0716837,-9.4555208],[-69.0798185,-9.455519],[-69.0798197,-9.4609293]]]}},{"type":"Feature","id":"AC-Y441-X654","properties":{"id":"AC-Y441-X654","grid_x":654,"grid_y":441,"centroid":[-69.0676168,-9.4582267],"aggregation":"none","score_gradboost":0.3819643,"score_random_forest":0.2188389,"score_logistic_regression":0.4330957,"score_fuzzy_knn_k29":0.3601445},"geometry":{"type":"Polygon","coordinates":[[[-69.0716848,-9.460931],[-69.0635499,-9.4609326],[-69.0635489,-9.4555223],[-69.0716837,-9.4555208],[-69.0716848,-9.460931]]]}},{"type":"Feature","id":"AC-Y441-X655","properties":{"id":"AC-Y441-X655","grid_x":655,"grid_y":441,"centroid":[-69.059482,-9.4582282],"aggregation":"none","score_gradboost":0.6004465,"score_random_forest":0.4132781,"score_logistic_regression":0.406228,"score_fuzzy_knn_k29":0.518769},"geometry":{"type":"Polygon","coordinates":[[[-69.0635499,-9.4609326],[-69.055415,-9.460934],[-69.0554141,-9.4555237],[-69.0635489,-9.4555223],[-69.0635499,-9.4609326]]]}},{"type":"Feature","id":"AC-Y442-X652","properties":{"id":"AC-Y442-X652","grid_x":652,"grid_y":442,"centroid":[-69.0838852,-9.4528129],"aggregation":"none","score_gradboost":0.1193246,"score_random_forest":0.0944388,"score_logistic_regression":0.4393857,"score_fuzzy_knn_k29":0.1988986},"geometry":{"type":"Polygon","coordinates":[[[-69.0879532,-9.4555171],[-69.0798185,-9.455519],[-69.0798172,-9.4501088],[-69.0879519,-9.4501068],[-69.0879532,-9.4555171]]]}},{"type":"Feature","id":"AC-Y442-X653","properties":{"id":"AC-Y442-X653","grid_x":653,"grid_y":442,"centroid":[-69.0757505,-9.4528148],"aggregation":"none","score_gradboost":0.1446968,"score_random_forest":0.1364433,"score_logistic_regression":0.3914048,"score_fuzzy_knn_k29":0.2701969},"geometry":{"type":"Polygon","coordinates":[[[-69.0798185,-9.455519],[-69.0716837,-9.4555208],[-69.0716826,-9.4501105],[-69.0798172,-9.4501088],[-69.0798185,-9.455519]]]}},{"type":"Feature","id":"AC-Y442-X654","properties":{"id":"AC-Y442-X654","grid_x":654,"grid_y":442,"centroid":[-69.0676158,-9.4528164],"aggregation":"none","score_gradboost":0.2287638,"score_random_forest":0.1845032,"score_logistic_regression":0.4118725,"score_fuzzy_knn_k29":0.0865457},"geometry":{"type":"Polygon","coordinates":[[[-69.0716837,-9.4555208],[-69.0635489,-9.4555223],[-69.0635479,-9.4501121],[-69.0716826,-9.4501105],[-69.0716837,-9.4555208]]]}},{"type":"Feature","id":"AC-Y442-X655","properties":{"id":"AC-Y442-X655","grid_x":655,"grid_y":442,"centroid":[-69.059481,-9.4528179],"aggregation":"none","score_gradboost":0.6128629,"score_random_forest":0.4484171,"score_logistic_regression":0.3755198,"score_fuzzy_knn_k29":0.6517019},"geometry":{"type":"Polygon","coordinates":[[[-69.0635489,-9.4555223],[-69.0554141,-9.4555237],[-69.0554132,-9.4501135],[-69.0635479,-9.4501121],[-69.0635489,-9.4555223]]]}},{"type":"Feature","id":"AC-Y442-X656","properties":{"id":"AC-Y442-X656","grid_x":656,"grid_y":442,"centroid":[-69.0513463,-9.4528192],"aggregation":"none","score_gradboost":0.456824,"score_random_forest":0.4514389,"score_logistic_regression":0.3792771,"score_fuzzy_knn_k29":0.6357243},"geometry":{"type":"Polygon","coordinates":[[[-69.0554141,-9.4555237],[-69.0472793,-9.4555249],[-69.0472786,-9.4501146],[-69.0554132,-9.4501135],[-69.0554141,-9.4555237]]]}},{"type":"Feature","id":"AC-Y442-X657","properties":{"id":"AC-Y442-X657","grid_x":657,"grid_y":442,"centroid":[-69.0432116,-9.4528203],"aggregation":"none","score_gradboost":0.376592,"score_random_forest":0.399632,"score_logistic_regression":0.3849679,"score_fuzzy_knn_k29":0.5895009},"geometry":{"type":"Polygon","coordinates":[[[-69.0472793,-9.4555249],[-69.0391445,-9.4555259],[-69.0391439,-9.4501156],[-69.0472786,-9.4501146],[-69.0472793,-9.4555249]]]}},{"type":"Feature","id":"AC-Y443-X652","properties":{"id":"AC-Y443-X652","grid_x":652,"grid_y":443,"centroid":[-69.0838839,-9.4474027],"aggregation":"none","score_gradboost":0.2402805,"score_random_forest":0.1514897,"score_logistic_regression":0.4045607,"score_fuzzy_knn_k29":0.2669859},"geometry":{"type":"Polygon","coordinates":[[[-69.0879519,-9.4501068],[-69.0798172,-9.4501088],[-69.079816,-9.4446985],[-69.0879505,-9.4446966],[-69.0879519,-9.4501068]]]}},{"type":"Feature","id":"AC-Y443-X653","properties":{"id":"AC-Y443-X653","grid_x":653,"grid_y":443,"centroid":[-69.0757493,-9.4474045],"aggregation":"none","score_gradboost":0.1623384,"score_random_forest":0.1278629,"score_logistic_regression":0.4232008,"score_fuzzy_knn_k29":0.1901538},"geometry":{"type":"Polygon","coordinates":[[[-69.0798172,-9.4501088],[-69.0716826,-9.4501105],[-69.0716814,-9.4447002],[-69.079816,-9.4446985],[-69.0798172,-9.4501088]]]}},{"type":"Feature","id":"AC-Y443-X654","properties":{"id":"AC-Y443-X654","grid_x":654,"grid_y":443,"centroid":[-69.0676147,-9.4474062],"aggregation":"none","score_gradboost":0.2856681,"score_random_forest":0.231763,"score_logistic_regression":0.3320295,"score_fuzzy_knn_k29":0.4550276},"geometry":{"type":"Polygon","coordinates":[[[-69.0716826,-9.4501105],[-69.0635479,-9.4501121],[-69.0635469,-9.4447018],[-69.0716814,-9.4447002],[-69.0716826,-9.4501105]]]}},{"type":"Feature","id":"AC-Y443-X655","properties":{"id":"AC-Y443-X655","grid_x":655,"grid_y":443,"centroid":[-69.0594801,-9.4474077],"aggregation":"none","score_gradboost":0.3839814,"score_random_forest":0.2052772,"score_logistic_regression":0.4481868,"score_fuzzy_knn_k29":0.3521925},"geometry":{"type":"Polygon","coordinates":[[[-69.0635479,-9.4501121],[-69.0554132,-9.4501135],[-69.0554124,-9.4447032],[-69.0635469,-9.4447018],[-69.0635479,-9.4501121]]]}},{"type":"Feature","id":"AC-Y443-X656","properties":{"id":"AC-Y443-X656","grid_x":656,"grid_y":443,"centroid":[-69.0513455,-9.4474089],"aggregation":"none","score_gradboost":0.5756122,"score_random_forest":0.3592964,"score_logistic_regression":0.3862174,"score_fuzzy_knn_k29":0.4471184},"geometry":{"type":"Polygon","coordinates":[[[-69.0554132,-9.4501135],[-69.0472786,-9.4501146],[-69.0472778,-9.4447044],[-69.0554124,-9.4447032],[-69.0554132,-9.4501135]]]}},{"type":"Feature","id":"AC-Y443-X657","properties":{"id":"AC-Y443-X657","grid_x":657,"grid_y":443,"centroid":[-69.0432109,-9.44741],"aggregation":"none","score_gradboost":0.4961308,"score_random_forest":0.3637954,"score_logistic_regression":0.4493864,"score_fuzzy_knn_k29":0.3672312},"geometry":{"type":"Polygon","coordinates":[[[-69.0472786,-9.4501146],[-69.0391439,-9.4501156],[-69.0391433,-9.4447054],[-69.0472778,-9.4447044],[-69.0472786,-9.4501146]]]}},{"type":"Feature","id":"AC-Y444-X651","properties":{"id":"AC-Y444-X651","grid_x":651,"grid_y":444,"centroid":[-69.092017,-9.4419904],"aggregation":"none","score_gradboost":0.7266365,"score_random_forest":0.511806,"score_logistic_regression":0.3421621,"score_fuzzy_knn_k29":0.6911175},"geometry":{"type":"Polygon","coordinates":[[[-69.096085,-9.4446944],[-69.0879505,-9.4446966],[-69.0879491,-9.4392863],[-69.0960835,-9.4392842],[-69.096085,-9.4446944]]]}},{"type":"Feature","id":"AC-Y444-X652","properties":{"id":"AC-Y444-X652","grid_x":652,"grid_y":444,"centroid":[-69.0838826,-9.4419924],"aggregation":"none","score_gradboost":0.2633744,"score_random_forest":0.2121906,"score_logistic_regression":0.3295125,"score_fuzzy_knn_k29":0.2584539},"geometry":{"type":"Polygon","coordinates":[[[-69.0879505,-9.4446966],[-69.079816,-9.4446985],[-69.0798147,-9.4392882],[-69.0879491,-9.4392863],[-69.0879505,-9.4446966]]]}},{"type":"Feature","id":"AC-Y444-X653","properties":{"id":"AC-Y444-X653","grid_x":653,"grid_y":444,"centroid":[-69.0757481,-9.4419943],"aggregation":"none","score_gradboost":0.1053254,"score_random_forest":0.0982322,"score_logistic_regression":0.4309849,"score_fuzzy_knn_k29":0.1505519},"geometry":{"type":"Polygon","coordinates":[[[-69.079816,-9.4446985],[-69.0716814,-9.4447002],[-69.0716803,-9.43929],[-69.0798147,-9.4392882],[-69.079816,-9.4446985]]]}},{"type":"Feature","id":"AC-Y444-X654","properties":{"id":"AC-Y444-X654","grid_x":654,"grid_y":444,"centroid":[-69.0676136,-9.4419959],"aggregation":"none","score_gradboost":0.1144495,"score_random_forest":0.0850401,"score_logistic_regression":0.4473451,"score_fuzzy_knn_k29":0.1851591},"geometry":{"type":"Polygon","coordinates":[[[-69.0716814,-9.4447002],[-69.0635469,-9.4447018],[-69.0635459,-9.4392915],[-69.0716803,-9.43929],[-69.0716814,-9.4447002]]]}},{"type":"Feature","id":"AC-Y444-X655","properties":{"id":"AC-Y444-X655","grid_x":655,"grid_y":444,"centroid":[-69.0594792,-9.4419974],"aggregation":"none","score_gradboost":0.1632632,"score_random_forest":0.1108961,"score_logistic_regression":0.4076857,"score_fuzzy_knn_k29":0.2349498},"geometry":{"type":"Polygon","coordinates":[[[-69.0635469,-9.4447018],[-69.0554124,-9.4447032],[-69.0554115,-9.4392929],[-69.0635459,-9.4392915],[-69.0635469,-9.4447018]]]}},{"type":"Feature","id":"AC-Y444-X656","properties":{"id":"AC-Y444-X656","grid_x":656,"grid_y":444,"centroid":[-69.0513447,-9.4419987],"aggregation":"none","score_gradboost":0.1842854,"score_random_forest":0.0937442,"score_logistic_regression":0.4546229,"score_fuzzy_knn_k29":0.2797664},"geometry":{"type":"Polygon","coordinates":[[[-69.0554124,-9.4447032],[-69.0472778,-9.4447044],[-69.0472771,-9.4392941],[-69.0554115,-9.4392929],[-69.0554124,-9.4447032]]]}},{"type":"Feature","id":"AC-Y444-X657","properties":{"id":"AC-Y444-X657","grid_x":657,"grid_y":444,"centroid":[-69.0432102,-9.4419998],"aggregation":"none","score_gradboost":0.53122,"score_random_forest":0.3127959,"score_logistic_regression":0.4244886,"score_fuzzy_knn_k29":0.3282569},"geometry":{"type":"Polygon","coordinates":[[[-69.0472778,-9.4447044],[-69.0391433,-9.4447054],[-69.0391427,-9.4392951],[-69.0472771,-9.4392941],[-69.0472778,-9.4447044]]]}},{"type":"Feature","id":"AC-Y444-X658","properties":{"id":"AC-Y444-X658","grid_x":658,"grid_y":444,"centroid":[-69.0350758,-9.4420007],"aggregation":"none","score_gradboost":0.3853418,"score_random_forest":0.4288392,"score_logistic_regression":0.4098831,"score_fuzzy_knn_k29":0.5364954},"geometry":{"type":"Polygon","coordinates":[[[-69.0391433,-9.4447054],[-69.0310088,-9.4447062],[-69.0310083,-9.4392959],[-69.0391427,-9.4392951],[-69.0391433,-9.4447054]]]}},{"type":"Feature","id":"AC-Y445-X651","properties":{"id":"AC-Y445-X651","grid_x":651,"grid_y":445,"centroid":[-69.0920156,-9.4365801],"aggregation":"none","score_gradboost":0.6320474,"score_random_forest":0.4567511,"score_logistic_regression":0.374823,"score_fuzzy_knn_k29":0.5436496},"geometry":{"type":"Polygon","coordinates":[[[-69.0960835,-9.4392842],[-69.0879491,-9.4392863],[-69.0879478,-9.433876],[-69.096082,-9.4338739],[-69.0960835,-9.4392842]]]}},{"type":"Feature","id":"AC-Y445-X652","properties":{"id":"AC-Y445-X652","grid_x":652,"grid_y":445,"centroid":[-69.0838813,-9.4365822],"aggregation":"none","score_gradboost":0.4904139,"score_random_forest":0.3986314,"score_logistic_regression":0.3314072,"score_fuzzy_knn_k29":0.5400247},"geometry":{"type":"Polygon","coordinates":[[[-69.0879491,-9.4392863],[-69.0798147,-9.4392882],[-69.0798135,-9.433878],[-69.0879478,-9.433876],[-69.0879491,-9.4392863]]]}},{"type":"Feature","id":"AC-Y445-X653","properties":{"id":"AC-Y445-X653","grid_x":653,"grid_y":445,"centroid":[-69.0757469,-9.436584],"aggregation":"none","score_gradboost":0.3261727,"score_random_forest":0.2152237,"score_logistic_regression":0.3754329,"score_fuzzy_knn_k29":0.2452783},"geometry":{"type":"Polygon","coordinates":[[[-69.0798147,-9.4392882],[-69.0716803,-9.43929],[-69.0716792,-9.4338797],[-69.0798135,-9.433878],[-69.0798147,-9.4392882]]]}},{"type":"Feature","id":"AC-Y445-X654","properties":{"id":"AC-Y445-X654","grid_x":654,"grid_y":445,"centroid":[-69.0676126,-9.4365857],"aggregation":"none","score_gradboost":0.0992663,"score_random_forest":0.0937111,"score_logistic_regression":0.4787385,"score_fuzzy_knn_k29":0.2551892},"geometry":{"type":"Polygon","coordinates":[[[-69.0716803,-9.43929],[-69.0635459,-9.4392915],[-69.0635449,-9.4338813],[-69.0716792,-9.4338797],[-69.0716803,-9.43929]]]}},{"type":"Feature","id":"AC-Y445-X655","properties":{"id":"AC-Y445-X655","grid_x":655,"grid_y":445,"centroid":[-69.0594783,-9.4365871],"aggregation":"none","score_gradboost":0.0992663,"score_random_forest":0.0932606,"score_logistic_regression":0.4862991,"score_fuzzy_knn_k29":0.2718718},"geometry":{"type":"Polygon","coordinates":[[[-69.0635459,-9.4392915],[-69.0554115,-9.4392929],[-69.0554107,-9.4338827],[-69.0635449,-9.4338813],[-69.0635459,-9.4392915]]]}},{"type":"Feature","id":"AC-Y445-X656","properties":{"id":"AC-Y445-X656","grid_x":656,"grid_y":445,"centroid":[-69.0513439,-9.4365884],"aggregation":"none","score_gradboost":0.1820787,"score_random_forest":0.1157432,"score_logistic_regression":0.4865159,"score_fuzzy_knn_k29":0.1574136},"geometry":{"type":"Polygon","coordinates":[[[-69.0554115,-9.4392929],[-69.0472771,-9.4392941],[-69.0472764,-9.4338838],[-69.0554107,-9.4338827],[-69.0554115,-9.4392929]]]}},{"type":"Feature","id":"AC-Y445-X657","properties":{"id":"AC-Y445-X657","grid_x":657,"grid_y":445,"centroid":[-69.0432096,-9.4365895],"aggregation":"none","score_gradboost":0.2432893,"score_random_forest":0.2950349,"score_logistic_regression":0.3643389,"score_fuzzy_knn_k29":0.474078},"geometry":{"type":"Polygon","coordinates":[[[-69.0472771,-9.4392941],[-69.0391427,-9.4392951],[-69.0391421,-9.4338848],[-69.0472764,-9.4338838],[-69.0472771,-9.4392941]]]}},{"type":"Feature","id":"AC-Y445-X658","properties":{"id":"AC-Y445-X658","grid_x":658,"grid_y":445,"centroid":[-69.0350752,-9.4365904],"aggregation":"none","score_gradboost":0.5409897,"score_random_forest":0.4183301,"score_logistic_regression":0.4409705,"score_fuzzy_knn_k29":0.3710726},"geometry":{"type":"Polygon","coordinates":[[[-69.0391427,-9.4392951],[-69.0310083,-9.4392959],[-69.0310078,-9.4338857],[-69.0391421,-9.4338848],[-69.0391427,-9.4392951]]]}},{"type":"Feature","id":"AC-Y445-X659","properties":{"id":"AC-Y445-X659","grid_x":659,"grid_y":445,"centroid":[-69.0269409,-9.4365911],"aggregation":"none","score_gradboost":0.4145254,"score_random_forest":0.3369009,"score_logistic_regression":0.4540775,"score_fuzzy_knn_k29":0.3407003},"geometry":{"type":"Polygon","coordinates":[[[-69.0310083,-9.4392959],[-69.0228739,-9.4392965],[-69.0228735,-9.4338863],[-69.0310078,-9.4338857],[-69.0310083,-9.4392959]]]}},{"type":"Feature","id":"AC-Y445-X660","properties":{"id":"AC-Y445-X660","grid_x":660,"grid_y":445,"centroid":[-69.0188065,-9.4365917],"aggregation":"none","score_gradboost":0.214121,"score_random_forest":0.2545679,"score_logistic_regression":0.4054465,"score_fuzzy_knn_k29":0.5430573},"geometry":{"type":"Polygon","coordinates":[[[-69.0228739,-9.4392965],[-69.0147395,-9.439297],[-69.0147393,-9.4338867],[-69.0228735,-9.4338863],[-69.0228739,-9.4392965]]]}},{"type":"Feature","id":"AC-Y446-X650","properties":{"id":"AC-Y446-X650","grid_x":650,"grid_y":446,"centroid":[-69.1001484,-9.4311676],"aggregation":"none","score_gradboost":0.2944802,"score_random_forest":0.4528011,"score_logistic_regression":0.3360186,"score_fuzzy_knn_k29":0.5108354},"geometry":{"type":"Polygon","coordinates":[[[-69.1042163,-9.4338716],[-69.096082,-9.4338739],[-69.0960805,-9.4284636],[-69.1042147,-9.4284613],[-69.1042163,-9.4338716]]]}},{"type":"Feature","id":"AC-Y446-X651","properties":{"id":"AC-Y446-X651","grid_x":651,"grid_y":446,"centroid":[-69.0920142,-9.4311699],"aggregation":"none","score_gradboost":0.6393486,"score_random_forest":0.5163836,"score_logistic_regression":0.3540929,"score_fuzzy_knn_k29":0.9164267},"geometry":{"type":"Polygon","coordinates":[[[-69.096082,-9.4338739],[-69.0879478,-9.433876],[-69.0879464,-9.4284658],[-69.0960805,-9.4284636],[-69.096082,-9.4338739]]]}},{"type":"Feature","id":"AC-Y446-X652","properties":{"id":"AC-Y446-X652","grid_x":652,"grid_y":446,"centroid":[-69.08388,-9.4311719],"aggregation":"none","score_gradboost":0.7655476,"score_random_forest":0.4892153,"score_logistic_regression":0.2987519,"score_fuzzy_knn_k29":0.6468256},"geometry":{"type":"Polygon","coordinates":[[[-69.0879478,-9.433876],[-69.0798135,-9.433878],[-69.0798122,-9.4284677],[-69.0879464,-9.4284658],[-69.0879478,-9.433876]]]}},{"type":"Feature","id":"AC-Y446-X653","properties":{"id":"AC-Y446-X653","grid_x":653,"grid_y":446,"centroid":[-69.0757458,-9.4311737],"aggregation":"none","score_gradboost":0.3003749,"score_random_forest":0.2399958,"score_logistic_regression":0.316528,"score_fuzzy_knn_k29":0.4583559},"geometry":{"type":"Polygon","coordinates":[[[-69.0798135,-9.433878],[-69.0716792,-9.4338797],[-69.0716781,-9.4284695],[-69.0798122,-9.4284677],[-69.0798135,-9.433878]]]}},{"type":"Feature","id":"AC-Y446-X654","properties":{"id":"AC-Y446-X654","grid_x":654,"grid_y":446,"centroid":[-69.0676115,-9.4311754],"aggregation":"none","score_gradboost":0.2835324,"score_random_forest":0.186344,"score_logistic_regression":0.3683337,"score_fuzzy_knn_k29":0.191931},"geometry":{"type":"Polygon","coordinates":[[[-69.0716792,-9.4338797],[-69.0635449,-9.4338813],[-69.0635439,-9.428471],[-69.0716781,-9.4284695],[-69.0716792,-9.4338797]]]}},{"type":"Feature","id":"AC-Y446-X655","properties":{"id":"AC-Y446-X655","grid_x":655,"grid_y":446,"centroid":[-69.0594773,-9.4311769],"aggregation":"none","score_gradboost":0.2490013,"score_random_forest":0.1450754,"score_logistic_regression":0.4117435,"score_fuzzy_knn_k29":0.2493242},"geometry":{"type":"Polygon","coordinates":[[[-69.0635449,-9.4338813],[-69.0554107,-9.4338827],[-69.0554098,-9.4284724],[-69.0635439,-9.428471],[-69.0635449,-9.4338813]]]}},{"type":"Feature","id":"AC-Y446-X656","properties":{"id":"AC-Y446-X656","grid_x":656,"grid_y":446,"centroid":[-69.0513431,-9.4311781],"aggregation":"none","score_gradboost":0.1041054,"score_random_forest":0.105237,"score_logistic_regression":0.4816076,"score_fuzzy_knn_k29":0.2336007},"geometry":{"type":"Polygon","coordinates":[[[-69.0554107,-9.4338827],[-69.0472764,-9.4338838],[-69.0472756,-9.4284736],[-69.0554098,-9.4284724],[-69.0554107,-9.4338827]]]}},{"type":"Feature","id":"AC-Y446-X657","properties":{"id":"AC-Y446-X657","grid_x":657,"grid_y":446,"centroid":[-69.0432089,-9.4311792],"aggregation":"none","score_gradboost":0.1001682,"score_random_forest":0.0891108,"score_logistic_regression":0.4846688,"score_fuzzy_knn_k29":0.0862435},"geometry":{"type":"Polygon","coordinates":[[[-69.0472764,-9.4338838],[-69.0391421,-9.4338848],[-69.0391415,-9.4284746],[-69.0472756,-9.4284736],[-69.0472764,-9.4338838]]]}},{"type":"Feature","id":"AC-Y446-X658","properties":{"id":"AC-Y446-X658","grid_x":658,"grid_y":446,"centroid":[-69.0350747,-9.4311801],"aggregation":"none","score_gradboost":0.25547,"score_random_forest":0.3406371,"score_logistic_regression":0.378663,"score_fuzzy_knn_k29":0.4475298},"geometry":{"type":"Polygon","coordinates":[[[-69.0391421,-9.4338848],[-69.0310078,-9.4338857],[-69.0310073,-9.4284754],[-69.0391415,-9.4284746],[-69.0391421,-9.4338848]]]}},{"type":"Feature","id":"AC-Y446-X659","properties":{"id":"AC-Y446-X659","grid_x":659,"grid_y":446,"centroid":[-69.0269405,-9.4311809],"aggregation":"none","score_gradboost":0.5039026,"score_random_forest":0.4213795,"score_logistic_regression":0.4142072,"score_fuzzy_knn_k29":0.4653421},"geometry":{"type":"Polygon","coordinates":[[[-69.0310078,-9.4338857],[-69.0228735,-9.4338863],[-69.0228732,-9.428476],[-69.0310073,-9.4284754],[-69.0310078,-9.4338857]]]}},{"type":"Feature","id":"AC-Y446-X660","properties":{"id":"AC-Y446-X660","grid_x":660,"grid_y":446,"centroid":[-69.0188062,-9.4311814],"aggregation":"none","score_gradboost":0.378133,"score_random_forest":0.2188926,"score_logistic_regression":0.4423887,"score_fuzzy_knn_k29":0.3886518},"geometry":{"type":"Polygon","coordinates":[[[-69.0228735,-9.4338863],[-69.0147393,-9.4338867],[-69.014739,-9.4284764],[-69.0228732,-9.428476],[-69.0228735,-9.4338863]]]}},{"type":"Feature","id":"AC-Y447-X650","properties":{"id":"AC-Y447-X650","grid_x":650,"grid_y":447,"centroid":[-69.1001468,-9.4257574],"aggregation":"none","score_gradboost":0.266228,"score_random_forest":0.2573459,"score_logistic_regression":0.4052991,"score_fuzzy_knn_k29":0.4204378},"geometry":{"type":"Polygon","coordinates":[[[-69.1042147,-9.4284613],[-69.0960805,-9.4284636],[-69.096079,-9.4230534],[-69.104213,-9.4230511],[-69.1042147,-9.4284613]]]}},{"type":"Feature","id":"AC-Y447-X651","properties":{"id":"AC-Y447-X651","grid_x":651,"grid_y":447,"centroid":[-69.0920127,-9.4257596],"aggregation":"none","score_gradboost":0.4858396,"score_random_forest":0.4032925,"score_logistic_regression":0.3162508,"score_fuzzy_knn_k29":0.6203828},"geometry":{"type":"Polygon","coordinates":[[[-69.0960805,-9.4284636],[-69.0879464,-9.4284658],[-69.087945,-9.4230555],[-69.096079,-9.4230534],[-69.0960805,-9.4284636]]]}},{"type":"Feature","id":"AC-Y447-X652","properties":{"id":"AC-Y447-X652","grid_x":652,"grid_y":447,"centroid":[-69.0838787,-9.4257616],"aggregation":"none","score_gradboost":0.6525864,"score_random_forest":0.4427499,"score_logistic_regression":0.2964433,"score_fuzzy_knn_k29":0.6630313},"geometry":{"type":"Polygon","coordinates":[[[-69.0879464,-9.4284658],[-69.0798122,-9.4284677],[-69.079811,-9.4230574],[-69.087945,-9.4230555],[-69.0879464,-9.4284658]]]}},{"type":"Feature","id":"AC-Y447-X653","properties":{"id":"AC-Y447-X653","grid_x":653,"grid_y":447,"centroid":[-69.0757446,-9.4257635],"aggregation":"none","score_gradboost":0.6357946,"score_random_forest":0.3767736,"score_logistic_regression":0.3628039,"score_fuzzy_knn_k29":0.5103851},"geometry":{"type":"Polygon","coordinates":[[[-69.0798122,-9.4284677],[-69.0716781,-9.4284695],[-69.071677,-9.4230592],[-69.079811,-9.4230574],[-69.0798122,-9.4284677]]]}},{"type":"Feature","id":"AC-Y447-X654","properties":{"id":"AC-Y447-X654","grid_x":654,"grid_y":447,"centroid":[-69.0676105,-9.4257651],"aggregation":"none","score_gradboost":0.2850961,"score_random_forest":0.2924845,"score_logistic_regression":0.3627368,"score_fuzzy_knn_k29":0.3909225},"geometry":{"type":"Polygon","coordinates":[[[-69.0716781,-9.4284695],[-69.0635439,-9.428471],[-69.0635429,-9.4230608],[-69.071677,-9.4230592],[-69.0716781,-9.4284695]]]}},{"type":"Feature","id":"AC-Y447-X655","properties":{"id":"AC-Y447-X655","grid_x":655,"grid_y":447,"centroid":[-69.0594764,-9.4257666],"aggregation":"none","score_gradboost":0.3021474,"score_random_forest":0.2155298,"score_logistic_regression":0.391055,"score_fuzzy_knn_k29":0.2229199},"geometry":{"type":"Polygon","coordinates":[[[-69.0635439,-9.428471],[-69.0554098,-9.4284724],[-69.0554089,-9.4230621],[-69.0635429,-9.4230608],[-69.0635439,-9.428471]]]}},{"type":"Feature","id":"AC-Y447-X656","properties":{"id":"AC-Y447-X656","grid_x":656,"grid_y":447,"centroid":[-69.0513423,-9.4257679],"aggregation":"none","score_gradboost":0.1680747,"score_random_forest":0.1336845,"score_logistic_regression":0.3997109,"score_fuzzy_knn_k29":0.2756761},"geometry":{"type":"Polygon","coordinates":[[[-69.0554098,-9.4284724],[-69.0472756,-9.4284736],[-69.0472749,-9.4230633],[-69.0554089,-9.4230621],[-69.0554098,-9.4284724]]]}},{"type":"Feature","id":"AC-Y447-X657","properties":{"id":"AC-Y447-X657","grid_x":657,"grid_y":447,"centroid":[-69.0432082,-9.425769],"aggregation":"none","score_gradboost":0.1041054,"score_random_forest":0.0952856,"score_logistic_regression":0.4822105,"score_fuzzy_knn_k29":0.2202244},"geometry":{"type":"Polygon","coordinates":[[[-69.0472756,-9.4284736],[-69.0391415,-9.4284746],[-69.0391409,-9.4230643],[-69.0472749,-9.4230633],[-69.0472756,-9.4284736]]]}},{"type":"Feature","id":"AC-Y448-X650","properties":{"id":"AC-Y448-X650","grid_x":650,"grid_y":448,"centroid":[-69.1001453,-9.4203471],"aggregation":"none","score_gradboost":0.2403339,"score_random_forest":0.2316834,"score_logistic_regression":0.4158178,"score_fuzzy_knn_k29":0.3887875},"geometry":{"type":"Polygon","coordinates":[[[-69.104213,-9.4230511],[-69.096079,-9.4230534],[-69.0960775,-9.4176431],[-69.1042114,-9.4176408],[-69.104213,-9.4230511]]]}},{"type":"Feature","id":"AC-Y448-X651","properties":{"id":"AC-Y448-X651","grid_x":651,"grid_y":448,"centroid":[-69.0920113,-9.4203493],"aggregation":"none","score_gradboost":0.3227441,"score_random_forest":0.4154673,"score_logistic_regression":0.3747434,"score_fuzzy_knn_k29":0.8003661},"geometry":{"type":"Polygon","coordinates":[[[-69.096079,-9.4230534],[-69.087945,-9.4230555],[-69.0879436,-9.4176452],[-69.0960775,-9.4176431],[-69.096079,-9.4230534]]]}},{"type":"Feature","id":"AC-Y448-X652","properties":{"id":"AC-Y448-X652","grid_x":652,"grid_y":448,"centroid":[-69.0838773,-9.4203514],"aggregation":"none","score_gradboost":0.6294085,"score_random_forest":0.5102809,"score_logistic_regression":0.3538445,"score_fuzzy_knn_k29":0.8122056},"geometry":{"type":"Polygon","coordinates":[[[-69.087945,-9.4230555],[-69.079811,-9.4230574],[-69.0798098,-9.4176472],[-69.0879436,-9.4176452],[-69.087945,-9.4230555]]]}},{"type":"Feature","id":"AC-Y448-X653","properties":{"id":"AC-Y448-X653","grid_x":653,"grid_y":448,"centroid":[-69.0757434,-9.4203532],"aggregation":"none","score_gradboost":0.5917024,"score_random_forest":0.4827078,"score_logistic_regression":0.3179154,"score_fuzzy_knn_k29":0.7031557},"geometry":{"type":"Polygon","coordinates":[[[-69.079811,-9.4230574],[-69.071677,-9.4230592],[-69.0716759,-9.4176489],[-69.0798098,-9.4176472],[-69.079811,-9.4230574]]]}},{"type":"Feature","id":"AC-Y448-X654","properties":{"id":"AC-Y448-X654","grid_x":654,"grid_y":448,"centroid":[-69.0676094,-9.4203549],"aggregation":"none","score_gradboost":0.6420639,"score_random_forest":0.4791151,"score_logistic_regression":0.3308226,"score_fuzzy_knn_k29":0.7083962},"geometry":{"type":"Polygon","coordinates":[[[-69.071677,-9.4230592],[-69.0635429,-9.4230608],[-69.063542,-9.4176505],[-69.0716759,-9.4176489],[-69.071677,-9.4230592]]]}},{"type":"Feature","id":"AC-Y448-X656","properties":{"id":"AC-Y448-X656","grid_x":656,"grid_y":448,"centroid":[-69.0513415,-9.4203576],"aggregation":"none","score_gradboost":0.1638914,"score_random_forest":0.1336554,"score_logistic_regression":0.4160629,"score_fuzzy_knn_k29":0.2378888},"geometry":{"type":"Polygon","coordinates":[[[-69.0554089,-9.4230621],[-69.0472749,-9.4230633],[-69.0472742,-9.417653],[-69.0554081,-9.4176519],[-69.0554089,-9.4230621]]]}},{"type":"Feature","id":"AC-Y448-X657","properties":{"id":"AC-Y448-X657","grid_x":657,"grid_y":448,"centroid":[-69.0432076,-9.4203587],"aggregation":"none","score_gradboost":0.1342909,"score_random_forest":0.1128019,"score_logistic_regression":0.4614437,"score_fuzzy_knn_k29":0.0665368},"geometry":{"type":"Polygon","coordinates":[[[-69.0472749,-9.4230633],[-69.0391409,-9.4230643],[-69.0391403,-9.417654],[-69.0472742,-9.417653],[-69.0472749,-9.4230633]]]}},{"type":"Feature","id":"AC-Y449-X649","properties":{"id":"AC-Y449-X649","grid_x":649,"grid_y":449,"centroid":[-69.1082775,-9.4149345],"aggregation":"none","score_gradboost":0.0486917,"score_random_forest":0.0423016,"score_logistic_regression":0.4358589,"score_fuzzy_knn_k29":0.1498831},"geometry":{"type":"Polygon","coordinates":[[[-69.1123453,-9.4176383],[-69.1042114,-9.4176408],[-69.1042098,-9.4122305],[-69.1123436,-9.412228],[-69.1123453,-9.4176383]]]}},{"type":"Feature","id":"AC-Y449-X650","properties":{"id":"AC-Y449-X650","grid_x":650,"grid_y":449,"centroid":[-69.1001437,-9.4149369],"aggregation":"none","score_gradboost":0.3188261,"score_random_forest":0.2794693,"score_logistic_regression":0.3710938,"score_fuzzy_knn_k29":0.4339009},"geometry":{"type":"Polygon","coordinates":[[[-69.1042114,-9.4176408],[-69.0960775,-9.4176431],[-69.096076,-9.4122329],[-69.1042098,-9.4122305],[-69.1042114,-9.4176408]]]}},{"type":"Feature","id":"AC-Y449-X651","properties":{"id":"AC-Y449-X651","grid_x":651,"grid_y":449,"centroid":[-69.0920099,-9.4149391],"aggregation":"none","score_gradboost":0.2614967,"score_random_forest":0.2799613,"score_logistic_regression":0.3196735,"score_fuzzy_knn_k29":0.4428904},"geometry":{"type":"Polygon","coordinates":[[[-69.0960775,-9.4176431],[-69.0879436,-9.4176452],[-69.0879423,-9.412235],[-69.096076,-9.4122329],[-69.0960775,-9.4176431]]]}},{"type":"Feature","id":"AC-Y449-X652","properties":{"id":"AC-Y449-X652","grid_x":652,"grid_y":449,"centroid":[-69.083876,-9.4149411],"aggregation":"none","score_gradboost":0.3128921,"score_random_forest":0.387404,"score_logistic_regression":0.3431675,"score_fuzzy_knn_k29":0.5292593},"geometry":{"type":"Polygon","coordinates":[[[-69.0879436,-9.4176452],[-69.0798098,-9.4176472],[-69.0798085,-9.4122369],[-69.0879423,-9.412235],[-69.0879436,-9.4176452]]]}},{"type":"Feature","id":"AC-Y449-X653","properties":{"id":"AC-Y449-X653","grid_x":653,"grid_y":449,"centroid":[-69.0757422,-9.4149429],"aggregation":"none","score_gradboost":0.5734145,"score_random_forest":0.4107939,"score_logistic_regression":0.3688089,"score_fuzzy_knn_k29":0.6762345},"geometry":{"type":"Polygon","coordinates":[[[-69.0798098,-9.4176472],[-69.0716759,-9.4176489],[-69.0716747,-9.4122387],[-69.0798085,-9.4122369],[-69.0798098,-9.4176472]]]}},{"type":"Feature","id":"AC-Y449-X654","properties":{"id":"AC-Y449-X654","grid_x":654,"grid_y":449,"centroid":[-69.0676084,-9.4149446],"aggregation":"none","score_gradboost":0.5731826,"score_random_forest":0.4555226,"score_logistic_regression":0.3646781,"score_fuzzy_knn_k29":0.7579044},"geometry":{"type":"Polygon","coordinates":[[[-69.0716759,-9.4176489],[-69.063542,-9.4176505],[-69.063541,-9.4122402],[-69.0716747,-9.4122387],[-69.0716759,-9.4176489]]]}},{"type":"Feature","id":"AC-Y449-X655","properties":{"id":"AC-Y449-X655","grid_x":655,"grid_y":449,"centroid":[-69.0594745,-9.4149461],"aggregation":"none","score_gradboost":0.6175089,"score_random_forest":0.4678234,"score_logistic_regression":0.3653681,"score_fuzzy_knn_k29":0.6580189},"geometry":{"type":"Polygon","coordinates":[[[-69.063542,-9.4176505],[-69.0554081,-9.4176519],[-69.0554072,-9.4122416],[-69.063541,-9.4122402],[-69.063542,-9.4176505]]]}},{"type":"Feature","id":"AC-Y450-X649","properties":{"id":"AC-Y450-X649","grid_x":649,"grid_y":450,"centroid":[-69.1082758,-9.4095242],"aggregation":"none","score_gradboost":0.0419711,"score_random_forest":0.0216327,"score_logistic_regression":0.362996,"score_fuzzy_knn_k29":0.1190077},"geometry":{"type":"Polygon","coordinates":[[[-69.1123436,-9.412228],[-69.1042098,-9.4122305],[-69.1042082,-9.4068203],[-69.1123418,-9.4068178],[-69.1123436,-9.412228]]]}},{"type":"Feature","id":"AC-Y450-X650","properties":{"id":"AC-Y450-X650","grid_x":650,"grid_y":450,"centroid":[-69.1001421,-9.4095266],"aggregation":"none","score_gradboost":0.0481766,"score_random_forest":0.0860967,"score_logistic_regression":0.386608,"score_fuzzy_knn_k29":0.3130216},"geometry":{"type":"Polygon","coordinates":[[[-69.1042098,-9.4122305],[-69.096076,-9.4122329],[-69.0960745,-9.4068226],[-69.1042082,-9.4068203],[-69.1042098,-9.4122305]]]}},{"type":"Feature","id":"AC-Y450-X651","properties":{"id":"AC-Y450-X651","grid_x":651,"grid_y":450,"centroid":[-69.0920084,-9.4095288],"aggregation":"none","score_gradboost":0.2518652,"score_random_forest":0.2603062,"score_logistic_regression":0.4114391,"score_fuzzy_knn_k29":0.3996111},"geometry":{"type":"Polygon","coordinates":[[[-69.096076,-9.4122329],[-69.0879423,-9.412235],[-69.0879409,-9.4068247],[-69.0960745,-9.4068226],[-69.096076,-9.4122329]]]}},{"type":"Feature","id":"AC-Y450-X652","properties":{"id":"AC-Y450-X652","grid_x":652,"grid_y":450,"centroid":[-69.0838747,-9.4095308],"aggregation":"none","score_gradboost":0.277731,"score_random_forest":0.2862555,"score_logistic_regression":0.3590136,"score_fuzzy_knn_k29":0.5246286},"geometry":{"type":"Polygon","coordinates":[[[-69.0879423,-9.412235],[-69.0798085,-9.4122369],[-69.0798073,-9.4068266],[-69.0879409,-9.4068247],[-69.0879423,-9.412235]]]}},{"type":"Feature","id":"AC-Y450-X653","properties":{"id":"AC-Y450-X653","grid_x":653,"grid_y":450,"centroid":[-69.075741,-9.4095327],"aggregation":"none","score_gradboost":0.2893305,"score_random_forest":0.3649051,"score_logistic_regression":0.344948,"score_fuzzy_knn_k29":0.5254556},"geometry":{"type":"Polygon","coordinates":[[[-69.0798085,-9.4122369],[-69.0716747,-9.4122387],[-69.0716736,-9.4068284],[-69.0798073,-9.4068266],[-69.0798085,-9.4122369]]]}},{"type":"Feature","id":"AC-Y451-X648","properties":{"id":"AC-Y451-X648","grid_x":648,"grid_y":451,"centroid":[-69.1164077,-9.4041113],"aggregation":"none","score_gradboost":0.0528042,"score_random_forest":0.0579223,"score_logistic_regression":0.2995867,"score_fuzzy_knn_k29":0.0369181},"geometry":{"type":"Polygon","coordinates":[[[-69.1204754,-9.4068151],[-69.1123418,-9.4068178],[-69.1123401,-9.4014075],[-69.1204736,-9.4014048],[-69.1204754,-9.4068151]]]}},{"type":"Feature","id":"AC-Y451-X649","properties":{"id":"AC-Y451-X649","grid_x":649,"grid_y":451,"centroid":[-69.1082742,-9.4041139],"aggregation":"none","score_gradboost":0.0747844,"score_random_forest":0.0233434,"score_logistic_regression":0.3601252,"score_fuzzy_knn_k29":0.0965206},"geometry":{"type":"Polygon","coordinates":[[[-69.1123418,-9.4068178],[-69.1042082,-9.4068203],[-69.1042066,-9.40141],[-69.1123401,-9.4014075],[-69.1123418,-9.4068178]]]}},{"type":"Feature","id":"AC-Y451-X650","properties":{"id":"AC-Y451-X650","grid_x":650,"grid_y":451,"centroid":[-69.1001406,-9.4041163],"aggregation":"none","score_gradboost":0.0473449,"score_random_forest":0.0281997,"score_logistic_regression":0.3794182,"score_fuzzy_knn_k29":0.1817721},"geometry":{"type":"Polygon","coordinates":[[[-69.1042082,-9.4068203],[-69.0960745,-9.4068226],[-69.0960731,-9.4014123],[-69.1042066,-9.40141],[-69.1042082,-9.4068203]]]}},{"type":"Feature","id":"AC-Y451-X651","properties":{"id":"AC-Y451-X651","grid_x":651,"grid_y":451,"centroid":[-69.092007,-9.4041185],"aggregation":"none","score_gradboost":0.1367121,"score_random_forest":0.1371765,"score_logistic_regression":0.4423719,"score_fuzzy_knn_k29":0.2891304},"geometry":{"type":"Polygon","coordinates":[[[-69.0960745,-9.4068226],[-69.0879409,-9.4068247],[-69.0879395,-9.4014144],[-69.0960731,-9.4014123],[-69.0960745,-9.4068226]]]}},{"type":"Feature","id":"AC-Y451-X652","properties":{"id":"AC-Y451-X652","grid_x":652,"grid_y":451,"centroid":[-69.0838734,-9.4041206],"aggregation":"none","score_gradboost":0.2901089,"score_random_forest":0.3021,"score_logistic_regression":0.3661538,"score_fuzzy_knn_k29":0.5880021},"geometry":{"type":"Polygon","coordinates":[[[-69.0879409,-9.4068247],[-69.0798073,-9.4068266],[-69.079806,-9.4014164],[-69.0879395,-9.4014144],[-69.0879409,-9.4068247]]]}},{"type":"Feature","id":"AC-Y452-X648","properties":{"id":"AC-Y452-X648","grid_x":648,"grid_y":452,"centroid":[-69.1164059,-9.3987011],"aggregation":"none","score_gradboost":0.0220168,"score_random_forest":0.0302851,"score_logistic_regression":0.3050172,"score_fuzzy_knn_k29":0.0345798},"geometry":{"type":"Polygon","coordinates":[[[-69.1204736,-9.4014048],[-69.1123401,-9.4014075],[-69.1123383,-9.3959972],[-69.1204717,-9.3959946],[-69.1204736,-9.4014048]]]}},{"type":"Feature","id":"AC-Y452-X649","properties":{"id":"AC-Y452-X649","grid_x":649,"grid_y":452,"centroid":[-69.1082725,-9.3987037],"aggregation":"none","score_gradboost":0.0574133,"score_random_forest":0.0309282,"score_logistic_regression":0.3311841,"score_fuzzy_knn_k29":0.0671192},"geometry":{"type":"Polygon","coordinates":[[[-69.1123401,-9.4014075],[-69.1042066,-9.40141],[-69.1042049,-9.3959997],[-69.1123383,-9.3959972],[-69.1123401,-9.4014075]]]}},{"type":"Feature","id":"AC-Y452-X650","properties":{"id":"AC-Y452-X650","grid_x":650,"grid_y":452,"centroid":[-69.100139,-9.398706],"aggregation":"none","score_gradboost":0.059217,"score_random_forest":0.0227397,"score_logistic_regression":0.4281905,"score_fuzzy_knn_k29":0.1457466},"geometry":{"type":"Polygon","coordinates":[[[-69.1042066,-9.40141],[-69.0960731,-9.4014123],[-69.0960716,-9.396002],[-69.1042049,-9.3959997],[-69.1042066,-9.40141]]]}},{"type":"Feature","id":"AC-Y453-X648","properties":{"id":"AC-Y453-X648","grid_x":648,"grid_y":453,"centroid":[-69.1164041,-9.3932908],"aggregation":"none","score_gradboost":0.0244646,"score_random_forest":0.0282751,"score_logistic_regression":0.2942884,"score_fuzzy_knn_k29":0.0313347},"geometry":{"type":"Polygon","coordinates":[[[-69.1204717,-9.3959946],[-69.1123383,-9.3959972],[-69.1123366,-9.390587],[-69.1204698,-9.3905843],[-69.1204717,-9.3959946]]]}},{"type":"Feature","id":"AC-Y468-X656","properties":{"id":"AC-Y468-X656","grid_x":656,"grid_y":468,"centroid":[-69.0513256,-9.3121519],"aggregation":"none","score_gradboost":0.0974191,"score_random_forest":0.0658886,"score_logistic_regression":0.4063392,"score_fuzzy_knn_k29":0.0222661},"geometry":{"type":"Polygon","coordinates":[[[-69.0553918,-9.3148564],[-69.0472603,-9.3148576],[-69.0472595,-9.3094473],[-69.0553909,-9.3094461],[-69.0553918,-9.3148564]]]}},{"type":"Feature","id":"AC-Y469-X656","properties":{"id":"AC-Y469-X656","grid_x":656,"grid_y":469,"centroid":[-69.0513248,-9.3067416],"aggregation":"none","score_gradboost":0.1099032,"score_random_forest":0.1004951,"score_logistic_regression":0.4599601,"score_fuzzy_knn_k29":0.0907817},"geometry":{"type":"Polygon","coordinates":[[[-69.0553909,-9.3094461],[-69.0472595,-9.3094473],[-69.0472588,-9.304037],[-69.0553901,-9.3040358],[-69.0553909,-9.3094461]]]}},{"type":"Feature","id":"AC-Y469-X657","properties":{"id":"AC-Y469-X657","grid_x":657,"grid_y":469,"centroid":[-69.0431935,-9.3067426],"aggregation":"none","score_gradboost":0.134574,"score_random_forest":0.0565327,"score_logistic_regression":0.4377396,"score_fuzzy_knn_k29":0.1431764},"geometry":{"type":"Polygon","coordinates":[[[-69.0472595,-9.3094473],[-69.0391282,-9.3094483],[-69.0391276,-9.304038],[-69.0472588,-9.304037],[-69.0472595,-9.3094473]]]}},{"type":"Feature","id":"AC-Y469-X658","properties":{"id":"AC-Y469-X658","grid_x":658,"grid_y":469,"centroid":[-69.0350622,-9.3067435],"aggregation":"none","score_gradboost":0.0795774,"score_random_forest":0.0575553,"score_logistic_regression":0.3997874,"score_fuzzy_knn_k29":0.3011733},"geometry":{"type":"Polygon","coordinates":[[[-69.0391282,-9.3094483],[-69.0309968,-9.3094491],[-69.0309963,-9.3040388],[-69.0391276,-9.304038],[-69.0391282,-9.3094483]]]}},{"type":"Feature","id":"AC-Y470-X656","properties":{"id":"AC-Y470-X656","grid_x":656,"grid_y":470,"centroid":[-69.051324,-9.3013313],"aggregation":"none","score_gradboost":0.1086367,"score_random_forest":0.0980612,"score_logistic_regression":0.4810876,"score_fuzzy_knn_k29":0.1052346},"geometry":{"type":"Polygon","coordinates":[[[-69.0553901,-9.3040358],[-69.0472588,-9.304037],[-69.0472581,-9.2986267],[-69.0553892,-9.2986255],[-69.0553901,-9.3040358]]]}},{"type":"Feature","id":"AC-Y470-X657","properties":{"id":"AC-Y470-X657","grid_x":657,"grid_y":470,"centroid":[-69.0431929,-9.3013323],"aggregation":"none","score_gradboost":0.1518997,"score_random_forest":0.0794548,"score_logistic_regression":0.451554,"score_fuzzy_knn_k29":0.1685431},"geometry":{"type":"Polygon","coordinates":[[[-69.0472588,-9.304037],[-69.0391276,-9.304038],[-69.039127,-9.2986276],[-69.0472581,-9.2986267],[-69.0472588,-9.304037]]]}},{"type":"Feature","id":"AC-Y470-X658","properties":{"id":"AC-Y470-X658","grid_x":658,"grid_y":470,"centroid":[-69.0350617,-9.3013332],"aggregation":"none","score_gradboost":0.1051743,"score_random_forest":0.1068742,"score_logistic_regression":0.4366233,"score_fuzzy_knn_k29":0.3418869},"geometry":{"type":"Polygon","coordinates":[[[-69.0391276,-9.304038],[-69.0309963,-9.3040388],[-69.0309958,-9.2986284],[-69.039127,-9.2986276],[-69.0391276,-9.304038]]]}},{"type":"Feature","id":"AC-Y470-X659","properties":{"id":"AC-Y470-X659","grid_x":659,"grid_y":470,"centroid":[-69.0269305,-9.3013339],"aggregation":"none","score_gradboost":0.2990991,"score_random_forest":0.1573142,"score_logistic_regression":0.4843008,"score_fuzzy_knn_k29":0.2984693},"geometry":{"type":"Polygon","coordinates":[[[-69.0309963,-9.3040388],[-69.022865,-9.3040394],[-69.0228647,-9.2986291],[-69.0309958,-9.2986284],[-69.0309963,-9.3040388]]]}},{"type":"Feature","id":"AC-Y471-X656","properties":{"id":"AC-Y471-X656","grid_x":656,"grid_y":471,"centroid":[-69.0513233,-9.2959209],"aggregation":"none","score_gradboost":0.1086367,"score_random_forest":0.0982491,"score_logistic_regression":0.4759402,"score_fuzzy_knn_k29":0.1044278},"geometry":{"type":"Polygon","coordinates":[[[-69.0553892,-9.2986255],[-69.0472581,-9.2986267],[-69.0472574,-9.2932164],[-69.0553884,-9.2932152],[-69.0553892,-9.2986255]]]}},{"type":"Feature","id":"AC-Y471-X657","properties":{"id":"AC-Y471-X657","grid_x":657,"grid_y":471,"centroid":[-69.0431922,-9.295922],"aggregation":"none","score_gradboost":0.1085463,"score_random_forest":0.0796706,"score_logistic_regression":0.4800678,"score_fuzzy_knn_k29":0.1944528},"geometry":{"type":"Polygon","coordinates":[[[-69.0472581,-9.2986267],[-69.039127,-9.2986276],[-69.0391264,-9.2932173],[-69.0472574,-9.2932164],[-69.0472581,-9.2986267]]]}},{"type":"Feature","id":"AC-Y471-X658","properties":{"id":"AC-Y471-X658","grid_x":658,"grid_y":471,"centroid":[-69.0350611,-9.2959229],"aggregation":"none","score_gradboost":0.2333083,"score_random_forest":0.1881106,"score_logistic_regression":0.4361043,"score_fuzzy_knn_k29":0.3943862},"geometry":{"type":"Polygon","coordinates":[[[-69.039127,-9.2986276],[-69.0309958,-9.2986284],[-69.0309953,-9.2932181],[-69.0391264,-9.2932173],[-69.039127,-9.2986276]]]}},{"type":"Feature","id":"AC-Y471-X659","properties":{"id":"AC-Y471-X659","grid_x":659,"grid_y":471,"centroid":[-69.02693,-9.2959236],"aggregation":"none","score_gradboost":0.2616196,"score_random_forest":0.2001058,"score_logistic_regression":0.4259928,"score_fuzzy_knn_k29":0.4542854},"geometry":{"type":"Polygon","coordinates":[[[-69.0309958,-9.2986284],[-69.0228647,-9.2986291],[-69.0228643,-9.2932187],[-69.0309953,-9.2932181],[-69.0309958,-9.2986284]]]}},{"type":"Feature","id":"AC-Y471-X660","properties":{"id":"AC-Y471-X660","grid_x":660,"grid_y":471,"centroid":[-69.018799,-9.2959241],"aggregation":"none","score_gradboost":0.3899922,"score_random_forest":0.1908322,"score_logistic_regression":0.4588899,"score_fuzzy_knn_k29":0.2754099},"geometry":{"type":"Polygon","coordinates":[[[-69.0228647,-9.2986291],[-69.0147336,-9.2986295],[-69.0147333,-9.2932192],[-69.0228643,-9.2932187],[-69.0228647,-9.2986291]]]}},{"type":"Feature","id":"AC-Y471-X661","properties":{"id":"AC-Y471-X661","grid_x":661,"grid_y":471,"centroid":[-69.0106679,-9.2959245],"aggregation":"none","score_gradboost":0.4486157,"score_random_forest":0.2036734,"score_logistic_regression":0.4922655,"score_fuzzy_knn_k29":0.3177012},"geometry":{"type":"Polygon","coordinates":[[[-69.0147336,-9.2986295],[-69.0066024,-9.2986297],[-69.0066023,-9.2932194],[-69.0147333,-9.2932192],[-69.0147336,-9.2986295]]]}},{"type":"Feature","id":"AC-Y472-X655","properties":{"id":"AC-Y472-X655","grid_x":655,"grid_y":472,"centroid":[-69.0594534,-9.2905094],"aggregation":"none","score_gradboost":0.0186287,"score_random_forest":0.0177251,"score_logistic_regression":0.3959244,"score_fuzzy_knn_k29":0.0286103},"geometry":{"type":"Polygon","coordinates":[[[-69.0635194,-9.2932138],[-69.0553884,-9.2932152],[-69.0553875,-9.2878049],[-69.0635184,-9.2878035],[-69.0635194,-9.2932138]]]}},{"type":"Feature","id":"AC-Y472-X656","properties":{"id":"AC-Y472-X656","grid_x":656,"grid_y":472,"centroid":[-69.0513225,-9.2905106],"aggregation":"none","score_gradboost":0.0900598,"score_random_forest":0.0669923,"score_logistic_regression":0.413872,"score_fuzzy_knn_k29":0.0496628},"geometry":{"type":"Polygon","coordinates":[[[-69.0553884,-9.2932152],[-69.0472574,-9.2932164],[-69.0472566,-9.287806],[-69.0553875,-9.2878049],[-69.0553884,-9.2932152]]]}},{"type":"Feature","id":"AC-Y472-X657","properties":{"id":"AC-Y472-X657","grid_x":657,"grid_y":472,"centroid":[-69.0431915,-9.2905117],"aggregation":"none","score_gradboost":0.1065539,"score_random_forest":0.0818384,"score_logistic_regression":0.4704382,"score_fuzzy_knn_k29":0.1813066},"geometry":{"type":"Polygon","coordinates":[[[-69.0472574,-9.2932164],[-69.0391264,-9.2932173],[-69.0391258,-9.287807],[-69.0472566,-9.287806],[-69.0472574,-9.2932164]]]}},{"type":"Feature","id":"AC-Y472-X658","properties":{"id":"AC-Y472-X658","grid_x":658,"grid_y":472,"centroid":[-69.0350606,-9.2905126],"aggregation":"none","score_gradboost":0.2426274,"score_random_forest":0.1778089,"score_logistic_regression":0.503562,"score_fuzzy_knn_k29":0.2583796},"geometry":{"type":"Polygon","coordinates":[[[-69.0391264,-9.2932173],[-69.0309953,-9.2932181],[-69.0309949,-9.2878078],[-69.0391258,-9.287807],[-69.0391264,-9.2932173]]]}},{"type":"Feature","id":"AC-Y472-X659","properties":{"id":"AC-Y472-X659","grid_x":659,"grid_y":472,"centroid":[-69.0269296,-9.2905133],"aggregation":"none","score_gradboost":0.3312008,"score_random_forest":0.1860618,"score_logistic_regression":0.4448461,"score_fuzzy_knn_k29":0.4079354},"geometry":{"type":"Polygon","coordinates":[[[-69.0309953,-9.2932181],[-69.0228643,-9.2932187],[-69.022864,-9.2878084],[-69.0309949,-9.2878078],[-69.0309953,-9.2932181]]]}},{"type":"Feature","id":"AC-Y472-X660","properties":{"id":"AC-Y472-X660","grid_x":660,"grid_y":472,"centroid":[-69.0187987,-9.2905138],"aggregation":"none","score_gradboost":0.4496541,"score_random_forest":0.2105357,"score_logistic_regression":0.4393081,"score_fuzzy_knn_k29":0.2368807},"geometry":{"type":"Polygon","coordinates":[[[-69.0228643,-9.2932187],[-69.0147333,-9.2932192],[-69.0147331,-9.2878089],[-69.022864,-9.2878084],[-69.0228643,-9.2932187]]]}},{"type":"Feature","id":"AC-Y472-X661","properties":{"id":"AC-Y472-X661","grid_x":661,"grid_y":472,"centroid":[-69.0106677,-9.2905142],"aggregation":"none","score_gradboost":0.6130779,"score_random_forest":0.3086629,"score_logistic_regression":0.4243134,"score_fuzzy_knn_k29":0.3668928},"geometry":{"type":"Polygon","coordinates":[[[-69.0147333,-9.2932192],[-69.0066023,-9.2932194],[-69.0066022,-9.2878091],[-69.0147331,-9.2878089],[-69.0147333,-9.2932192]]]}},{"type":"Feature","id":"AC-Y473-X655","properties":{"id":"AC-Y473-X655","grid_x":655,"grid_y":473,"centroid":[-69.0594525,-9.2850991],"aggregation":"none","score_gradboost":0.0189907,"score_random_forest":0.0177466,"score_logistic_regression":0.3824576,"score_fuzzy_knn_k29":0.0317078},"geometry":{"type":"Polygon","coordinates":[[[-69.0635184,-9.2878035],[-69.0553875,-9.2878049],[-69.0553867,-9.2823946],[-69.0635174,-9.2823932],[-69.0635184,-9.2878035]]]}},{"type":"Feature","id":"AC-Y473-X656","properties":{"id":"AC-Y473-X656","grid_x":656,"grid_y":473,"centroid":[-69.0513217,-9.2851003],"aggregation":"none","score_gradboost":0.0997666,"score_random_forest":0.0746776,"score_logistic_regression":0.4379567,"score_fuzzy_knn_k29":0.0624534},"geometry":{"type":"Polygon","coordinates":[[[-69.0553875,-9.2878049],[-69.0472566,-9.287806],[-69.0472559,-9.2823957],[-69.0553867,-9.2823946],[-69.0553875,-9.2878049]]]}},{"type":"Feature","id":"AC-Y473-X657","properties":{"id":"AC-Y473-X657","grid_x":657,"grid_y":473,"centroid":[-69.0431909,-9.2851014],"aggregation":"none","score_gradboost":0.0746872,"score_random_forest":0.0475925,"score_logistic_regression":0.413526,"score_fuzzy_knn_k29":0.1806132},"geometry":{"type":"Polygon","coordinates":[[[-69.0472566,-9.287806],[-69.0391258,-9.287807],[-69.0391252,-9.2823967],[-69.0472559,-9.2823957],[-69.0472566,-9.287806]]]}},{"type":"Feature","id":"AC-Y473-X658","properties":{"id":"AC-Y473-X658","grid_x":658,"grid_y":473,"centroid":[-69.03506,-9.2851023],"aggregation":"none","score_gradboost":0.2817952,"score_random_forest":0.2201695,"score_logistic_regression":0.4460415,"score_fuzzy_knn_k29":0.4039745},"geometry":{"type":"Polygon","coordinates":[[[-69.0391258,-9.287807],[-69.0309949,-9.2878078],[-69.0309944,-9.2823975],[-69.0391252,-9.2823967],[-69.0391258,-9.287807]]]}},{"type":"Feature","id":"AC-Y473-X659","properties":{"id":"AC-Y473-X659","grid_x":659,"grid_y":473,"centroid":[-69.0269292,-9.285103],"aggregation":"none","score_gradboost":0.3694123,"score_random_forest":0.3132136,"score_logistic_regression":0.3888063,"score_fuzzy_knn_k29":0.4966984},"geometry":{"type":"Polygon","coordinates":[[[-69.0309949,-9.2878078],[-69.022864,-9.2878084],[-69.0228636,-9.2823981],[-69.0309944,-9.2823975],[-69.0309949,-9.2878078]]]}},{"type":"Feature","id":"AC-Y473-X660","properties":{"id":"AC-Y473-X660","grid_x":660,"grid_y":473,"centroid":[-69.0187984,-9.2851035],"aggregation":"none","score_gradboost":0.3328441,"score_random_forest":0.1804146,"score_logistic_regression":0.5267308,"score_fuzzy_knn_k29":0.3813419},"geometry":{"type":"Polygon","coordinates":[[[-69.022864,-9.2878084],[-69.0147331,-9.2878089],[-69.0147329,-9.2823986],[-69.0228636,-9.2823981],[-69.022864,-9.2878084]]]}},{"type":"Feature","id":"AC-Y473-X661","properties":{"id":"AC-Y473-X661","grid_x":661,"grid_y":473,"centroid":[-69.0106676,-9.2851039],"aggregation":"none","score_gradboost":0.5981059,"score_random_forest":0.2468496,"score_logistic_regression":0.4343182,"score_fuzzy_knn_k29":0.367903},"geometry":{"type":"Polygon","coordinates":[[[-69.0147331,-9.2878089],[-69.0066022,-9.2878091],[-69.0066021,-9.2823988],[-69.0147329,-9.2823986],[-69.0147331,-9.2878089]]]}},{"type":"Feature","id":"AC-Y473-X662","properties":{"id":"AC-Y473-X662","grid_x":662,"grid_y":473,"centroid":[-69.0025367,-9.285104],"aggregation":"none","score_gradboost":0.1201193,"score_random_forest":0.0884944,"score_logistic_regression":0.4768829,"score_fuzzy_knn_k29":0.1174256},"geometry":{"type":"Polygon","coordinates":[[[-69.0066022,-9.2878091],[-68.9984713,-9.2878092],[-68.9984713,-9.2823989],[-69.0066021,-9.2823988],[-69.0066022,-9.2878091]]]}},{"type":"Feature","id":"AC-Y474-X655","properties":{"id":"AC-Y474-X655","grid_x":655,"grid_y":474,"centroid":[-69.0594516,-9.2796888],"aggregation":"none","score_gradboost":0.023795,"score_random_forest":0.0373951,"score_logistic_regression":0.4671006,"score_fuzzy_knn_k29":0.0942773},"geometry":{"type":"Polygon","coordinates":[[[-69.0635174,-9.2823932],[-69.0553867,-9.2823946],[-69.0553858,-9.2769843],[-69.0635165,-9.2769829],[-69.0635174,-9.2823932]]]}},{"type":"Feature","id":"AC-Y474-X656","properties":{"id":"AC-Y474-X656","grid_x":656,"grid_y":474,"centroid":[-69.0513209,-9.27969],"aggregation":"none","score_gradboost":0.0739883,"score_random_forest":0.0746776,"score_logistic_regression":0.4383833,"score_fuzzy_knn_k29":0.0619368},"geometry":{"type":"Polygon","coordinates":[[[-69.0553867,-9.2823946],[-69.0472559,-9.2823957],[-69.0472552,-9.2769854],[-69.0553858,-9.2769843],[-69.0553867,-9.2823946]]]}},{"type":"Feature","id":"AC-Y474-X657","properties":{"id":"AC-Y474-X657","grid_x":657,"grid_y":474,"centroid":[-69.0431902,-9.2796911],"aggregation":"none","score_gradboost":0.0771594,"score_random_forest":0.0583221,"score_logistic_regression":0.4333053,"score_fuzzy_knn_k29":0.1794335},"geometry":{"type":"Polygon","coordinates":[[[-69.0472559,-9.2823957],[-69.0391252,-9.2823967],[-69.0391246,-9.2769864],[-69.0472552,-9.2769854],[-69.0472559,-9.2823957]]]}},{"type":"Feature","id":"AC-Y474-X658","properties":{"id":"AC-Y474-X658","grid_x":658,"grid_y":474,"centroid":[-69.0350595,-9.279692],"aggregation":"none","score_gradboost":0.2333083,"score_random_forest":0.2051232,"score_logistic_regression":0.4374424,"score_fuzzy_knn_k29":0.4064463},"geometry":{"type":"Polygon","coordinates":[[[-69.0391252,-9.2823967],[-69.0309944,-9.2823975],[-69.0309939,-9.2769872],[-69.0391246,-9.2769864],[-69.0391252,-9.2823967]]]}},{"type":"Feature","id":"AC-Y474-X659","properties":{"id":"AC-Y474-X659","grid_x":659,"grid_y":474,"centroid":[-69.0269288,-9.2796927],"aggregation":"none","score_gradboost":0.27837,"score_random_forest":0.1887455,"score_logistic_regression":0.41318,"score_fuzzy_knn_k29":0.4877674},"geometry":{"type":"Polygon","coordinates":[[[-69.0309944,-9.2823975],[-69.0228636,-9.2823981],[-69.0228633,-9.2769878],[-69.0309939,-9.2769872],[-69.0309944,-9.2823975]]]}},{"type":"Feature","id":"AC-Y474-X660","properties":{"id":"AC-Y474-X660","grid_x":660,"grid_y":474,"centroid":[-69.0187981,-9.2796932],"aggregation":"none","score_gradboost":0.4794574,"score_random_forest":0.2797925,"score_logistic_regression":0.4174324,"score_fuzzy_knn_k29":0.4341682},"geometry":{"type":"Polygon","coordinates":[[[-69.0228636,-9.2823981],[-69.0147329,-9.2823986],[-69.0147326,-9.2769882],[-69.0228633,-9.2769878],[-69.0228636,-9.2823981]]]}},{"type":"Feature","id":"AC-Y474-X661","properties":{"id":"AC-Y474-X661","grid_x":661,"grid_y":474,"centroid":[-69.0106674,-9.2796935],"aggregation":"none","score_gradboost":0.4486157,"score_random_forest":0.2051951,"score_logistic_regression":0.4987798,"score_fuzzy_knn_k29":0.3193824},"geometry":{"type":"Polygon","coordinates":[[[-69.0147329,-9.2823986],[-69.0066021,-9.2823988],[-69.006602,-9.2769885],[-69.0147326,-9.2769882],[-69.0147329,-9.2823986]]]}},{"type":"Feature","id":"AC-Y474-X662","properties":{"id":"AC-Y474-X662","grid_x":662,"grid_y":474,"centroid":[-69.0025367,-9.2796937],"aggregation":"none","score_gradboost":0.1554144,"score_random_forest":0.101339,"score_logistic_regression":0.4603431,"score_fuzzy_knn_k29":0.2921783},"geometry":{"type":"Polygon","coordinates":[[[-69.0066021,-9.2823988],[-68.9984713,-9.2823989],[-68.9984714,-9.2769885],[-69.006602,-9.2769885],[-69.0066021,-9.2823988]]]}},{"type":"Feature","id":"AC-Y475-X655","properties":{"id":"AC-Y475-X655","grid_x":655,"grid_y":475,"centroid":[-69.0594507,-9.2742784],"aggregation":"none","score_gradboost":0.0259884,"score_random_forest":0.0104725,"score_logistic_regression":0.4208623,"score_fuzzy_knn_k29":0.0184349},"geometry":{"type":"Polygon","coordinates":[[[-69.0635165,-9.2769829],[-69.0553858,-9.2769843],[-69.055385,-9.2715739],[-69.0635155,-9.2715726],[-69.0635165,-9.2769829]]]}},{"type":"Feature","id":"AC-Y475-X656","properties":{"id":"AC-Y475-X656","grid_x":656,"grid_y":475,"centroid":[-69.0513201,-9.2742797],"aggregation":"none","score_gradboost":0.1078251,"score_random_forest":0.0793269,"score_logistic_regression":0.4408931,"score_fuzzy_knn_k29":0.1083063},"geometry":{"type":"Polygon","coordinates":[[[-69.0553858,-9.2769843],[-69.0472552,-9.2769854],[-69.0472545,-9.2715751],[-69.055385,-9.2715739],[-69.0553858,-9.2769843]]]}},{"type":"Feature","id":"AC-Y475-X657","properties":{"id":"AC-Y475-X657","grid_x":657,"grid_y":475,"centroid":[-69.0431895,-9.2742808],"aggregation":"none","score_gradboost":0.0807934,"score_random_forest":0.0529019,"score_logistic_regression":0.42661,"score_fuzzy_knn_k29":0.1725904},"geometry":{"type":"Polygon","coordinates":[[[-69.0472552,-9.2769854],[-69.0391246,-9.2769864],[-69.039124,-9.2715761],[-69.0472545,-9.2715751],[-69.0472552,-9.2769854]]]}},{"type":"Feature","id":"AC-Y475-X658","properties":{"id":"AC-Y475-X658","grid_x":658,"grid_y":475,"centroid":[-69.035059,-9.2742817],"aggregation":"none","score_gradboost":0.2817952,"score_random_forest":0.2210879,"score_logistic_regression":0.4507812,"score_fuzzy_knn_k29":0.4060158},"geometry":{"type":"Polygon","coordinates":[[[-69.0391246,-9.2769864],[-69.0309939,-9.2769872],[-69.0309934,-9.2715769],[-69.039124,-9.2715761],[-69.0391246,-9.2769864]]]}},{"type":"Feature","id":"AC-Y475-X659","properties":{"id":"AC-Y475-X659","grid_x":659,"grid_y":475,"centroid":[-69.0269284,-9.2742824],"aggregation":"none","score_gradboost":0.2779709,"score_random_forest":0.1584785,"score_logistic_regression":0.4901985,"score_fuzzy_knn_k29":0.3211853},"geometry":{"type":"Polygon","coordinates":[[[-69.0309939,-9.2769872],[-69.0228633,-9.2769878],[-69.0228629,-9.2715775],[-69.0309934,-9.2715769],[-69.0309939,-9.2769872]]]}},{"type":"Feature","id":"AC-Y475-X660","properties":{"id":"AC-Y475-X660","grid_x":660,"grid_y":475,"centroid":[-69.0187978,-9.2742829],"aggregation":"none","score_gradboost":0.3275752,"score_random_forest":0.1612712,"score_logistic_regression":0.4954085,"score_fuzzy_knn_k29":0.2823764},"geometry":{"type":"Polygon","coordinates":[[[-69.0228633,-9.2769878],[-69.0147326,-9.2769882],[-69.0147324,-9.2715779],[-69.0228629,-9.2715775],[-69.0228633,-9.2769878]]]}},{"type":"Feature","id":"AC-Y475-X661","properties":{"id":"AC-Y475-X661","grid_x":661,"grid_y":475,"centroid":[-69.0106672,-9.2742832],"aggregation":"none","score_gradboost":0.5604341,"score_random_forest":0.3103462,"score_logistic_regression":0.4229501,"score_fuzzy_knn_k29":0.3685473},"geometry":{"type":"Polygon","coordinates":[[[-69.0147326,-9.2769882],[-69.006602,-9.2769885],[-69.0066019,-9.2715782],[-69.0147324,-9.2715779],[-69.0147326,-9.2769882]]]}},{"type":"Feature","id":"AC-Y475-X662","properties":{"id":"AC-Y475-X662","grid_x":662,"grid_y":475,"centroid":[-69.0025367,-9.2742834],"aggregation":"none","score_gradboost":0.1251748,"score_random_forest":0.0946024,"score_logistic_regression":0.5096073,"score_fuzzy_knn_k29":0.3559919},"geometry":{"type":"Polygon","coordinates":[[[-69.006602,-9.2769885],[-68.9984714,-9.2769885],[-68.9984714,-9.2715782],[-69.0066019,-9.2715782],[-69.006602,-9.2769885]]]}},{"type":"Feature","id":"AC-Y476-X655","properties":{"id":"AC-Y476-X655","grid_x":655,"grid_y":476,"centroid":[-69.0594498,-9.2688681],"aggregation":"none","score_gradboost":0.049206,"score_random_forest":0.0443577,"score_logistic_regression":0.4655017,"score_fuzzy_knn_k29":0.0926926},"geometry":{"type":"Polygon","coordinates":[[[-69.0635155,-9.2715726],[-69.055385,-9.2715739],[-69.0553841,-9.2661636],[-69.0635145,-9.2661623],[-69.0635155,-9.2715726]]]}},{"type":"Feature","id":"AC-Y476-X656","properties":{"id":"AC-Y476-X656","grid_x":656,"grid_y":476,"centroid":[-69.0513193,-9.2688694],"aggregation":"none","score_gradboost":0.1834558,"score_random_forest":0.1011661,"score_logistic_regression":0.471004,"score_fuzzy_knn_k29":0.1650333},"geometry":{"type":"Polygon","coordinates":[[[-69.055385,-9.2715739],[-69.0472545,-9.2715751],[-69.0472537,-9.2661648],[-69.0553841,-9.2661636],[-69.055385,-9.2715739]]]}},{"type":"Feature","id":"AC-Y476-X657","properties":{"id":"AC-Y476-X657","grid_x":657,"grid_y":476,"centroid":[-69.0431889,-9.2688705],"aggregation":"none","score_gradboost":0.1114918,"score_random_forest":0.0740125,"score_logistic_regression":0.4915446,"score_fuzzy_knn_k29":0.2887693},"geometry":{"type":"Polygon","coordinates":[[[-69.0472545,-9.2715751],[-69.039124,-9.2715761],[-69.0391234,-9.2661658],[-69.0472537,-9.2661648],[-69.0472545,-9.2715751]]]}},{"type":"Feature","id":"AC-Y476-X658","properties":{"id":"AC-Y476-X658","grid_x":658,"grid_y":476,"centroid":[-69.0350584,-9.2688713],"aggregation":"none","score_gradboost":0.2471995,"score_random_forest":0.2495149,"score_logistic_regression":0.4289896,"score_fuzzy_knn_k29":0.433537},"geometry":{"type":"Polygon","coordinates":[[[-69.039124,-9.2715761],[-69.0309934,-9.2715769],[-69.030993,-9.2661666],[-69.0391234,-9.2661658],[-69.039124,-9.2715761]]]}},{"type":"Feature","id":"AC-Y476-X659","properties":{"id":"AC-Y476-X659","grid_x":659,"grid_y":476,"centroid":[-69.026928,-9.2688721],"aggregation":"none","score_gradboost":0.268071,"score_random_forest":0.2063143,"score_logistic_regression":0.4339308,"score_fuzzy_knn_k29":0.4193531},"geometry":{"type":"Polygon","coordinates":[[[-69.0309934,-9.2715769],[-69.0228629,-9.2715775],[-69.0228626,-9.2661672],[-69.030993,-9.2661666],[-69.0309934,-9.2715769]]]}},{"type":"Feature","id":"AC-Y476-X660","properties":{"id":"AC-Y476-X660","grid_x":660,"grid_y":476,"centroid":[-69.0187975,-9.2688726],"aggregation":"none","score_gradboost":0.4131384,"score_random_forest":0.1934781,"score_logistic_regression":0.453873,"score_fuzzy_knn_k29":0.2402918},"geometry":{"type":"Polygon","coordinates":[[[-69.0228629,-9.2715775],[-69.0147324,-9.2715779],[-69.0147322,-9.2661676],[-69.0228626,-9.2661672],[-69.0228629,-9.2715775]]]}},{"type":"Feature","id":"AC-Y476-X661","properties":{"id":"AC-Y476-X661","grid_x":661,"grid_y":476,"centroid":[-69.0106671,-9.2688729],"aggregation":"none","score_gradboost":0.507783,"score_random_forest":0.2346526,"score_logistic_regression":0.4792362,"score_fuzzy_knn_k29":0.2993498},"geometry":{"type":"Polygon","coordinates":[[[-69.0147324,-9.2715779],[-69.0066019,-9.2715782],[-69.0066018,-9.2661678],[-69.0147322,-9.2661676],[-69.0147324,-9.2715779]]]}},{"type":"Feature","id":"AC-Y476-X662","properties":{"id":"AC-Y476-X662","grid_x":662,"grid_y":476,"centroid":[-69.0025366,-9.2688731],"aggregation":"none","score_gradboost":0.1055251,"score_random_forest":0.110721,"score_logistic_regression":0.5462364,"score_fuzzy_knn_k29":0.4992756},"geometry":{"type":"Polygon","coordinates":[[[-69.0066019,-9.2715782],[-68.9984714,-9.2715782],[-68.9984714,-9.2661679],[-69.0066018,-9.2661678],[-69.0066019,-9.2715782]]]}},{"type":"Feature","id":"AC-Y477-X654","properties":{"id":"AC-Y477-X654","grid_x":654,"grid_y":477,"centroid":[-69.0675792,-9.2634564],"aggregation":"none","score_gradboost":0.0199528,"score_random_forest":0.0127655,"score_logistic_regression":0.3792389,"score_fuzzy_knn_k29":0.0287038},"geometry":{"type":"Polygon","coordinates":[[[-69.0716449,-9.2661607],[-69.0635145,-9.2661623],[-69.0635135,-9.260752],[-69.0716438,-9.2607504],[-69.0716449,-9.2661607]]]}},{"type":"Feature","id":"AC-Y477-X655","properties":{"id":"AC-Y477-X655","grid_x":655,"grid_y":477,"centroid":[-69.0594489,-9.2634578],"aggregation":"none","score_gradboost":0.0728716,"score_random_forest":0.0444391,"score_logistic_regression":0.463866,"score_fuzzy_knn_k29":0.1489544},"geometry":{"type":"Polygon","coordinates":[[[-69.0635145,-9.2661623],[-69.0553841,-9.2661636],[-69.0553833,-9.2607533],[-69.0635135,-9.260752],[-69.0635145,-9.2661623]]]}},{"type":"Feature","id":"AC-Y477-X656","properties":{"id":"AC-Y477-X656","grid_x":656,"grid_y":477,"centroid":[-69.0513185,-9.2634591],"aggregation":"none","score_gradboost":0.0746872,"score_random_forest":0.0645913,"score_logistic_regression":0.4020476,"score_fuzzy_knn_k29":0.1772095},"geometry":{"type":"Polygon","coordinates":[[[-69.0553841,-9.2661636],[-69.0472537,-9.2661648],[-69.047253,-9.2607545],[-69.0553833,-9.2607533],[-69.0553841,-9.2661636]]]}},{"type":"Feature","id":"AC-Y477-X657","properties":{"id":"AC-Y477-X657","grid_x":657,"grid_y":477,"centroid":[-69.0431882,-9.2634601],"aggregation":"none","score_gradboost":0.1318113,"score_random_forest":0.1420224,"score_logistic_regression":0.4835275,"score_fuzzy_knn_k29":0.3104596},"geometry":{"type":"Polygon","coordinates":[[[-69.0472537,-9.2661648],[-69.0391234,-9.2661658],[-69.0391228,-9.2607554],[-69.047253,-9.2607545],[-69.0472537,-9.2661648]]]}},{"type":"Feature","id":"AC-Y477-X658","properties":{"id":"AC-Y477-X658","grid_x":658,"grid_y":477,"centroid":[-69.0350579,-9.263461],"aggregation":"none","score_gradboost":0.2699552,"score_random_forest":0.1775941,"score_logistic_regression":0.4796593,"score_fuzzy_knn_k29":0.2479508},"geometry":{"type":"Polygon","coordinates":[[[-69.0391234,-9.2661658],[-69.030993,-9.2661666],[-69.0309925,-9.2607562],[-69.0391228,-9.2607554],[-69.0391234,-9.2661658]]]}},{"type":"Feature","id":"AC-Y477-X659","properties":{"id":"AC-Y477-X659","grid_x":659,"grid_y":477,"centroid":[-69.0269276,-9.2634617],"aggregation":"none","score_gradboost":0.3884562,"score_random_forest":0.1906731,"score_logistic_regression":0.4696452,"score_fuzzy_knn_k29":0.3214073},"geometry":{"type":"Polygon","coordinates":[[[-69.030993,-9.2661666],[-69.0228626,-9.2661672],[-69.0228622,-9.2607569],[-69.0309925,-9.2607562],[-69.030993,-9.2661666]]]}},{"type":"Feature","id":"AC-Y477-X660","properties":{"id":"AC-Y477-X660","grid_x":660,"grid_y":477,"centroid":[-69.0187972,-9.2634623],"aggregation":"none","score_gradboost":0.3182724,"score_random_forest":0.1951139,"score_logistic_regression":0.5083742,"score_fuzzy_knn_k29":0.318841},"geometry":{"type":"Polygon","coordinates":[[[-69.0228626,-9.2661672],[-69.0147322,-9.2661676],[-69.014732,-9.2607573],[-69.0228622,-9.2607569],[-69.0228626,-9.2661672]]]}},{"type":"Feature","id":"AC-Y477-X661","properties":{"id":"AC-Y477-X661","grid_x":661,"grid_y":477,"centroid":[-69.0106669,-9.2634626],"aggregation":"none","score_gradboost":0.2413945,"score_random_forest":0.1785229,"score_logistic_regression":0.5092017,"score_fuzzy_knn_k29":0.3836922},"geometry":{"type":"Polygon","coordinates":[[[-69.0147322,-9.2661676],[-69.0066018,-9.2661678],[-69.0066017,-9.2607575],[-69.014732,-9.2607573],[-69.0147322,-9.2661676]]]}},{"type":"Feature","id":"AC-Y477-X662","properties":{"id":"AC-Y477-X662","grid_x":662,"grid_y":477,"centroid":[-69.0025366,-9.2634627],"aggregation":"none","score_gradboost":0.1037297,"score_random_forest":0.0931293,"score_logistic_regression":0.530788,"score_fuzzy_knn_k29":0.4384972},"geometry":{"type":"Polygon","coordinates":[[[-69.0066018,-9.2661678],[-68.9984714,-9.2661679],[-68.9984714,-9.2607576],[-69.0066017,-9.2607575],[-69.0066018,-9.2661678]]]}},{"type":"Feature","id":"AC-Y477-X663","properties":{"id":"AC-Y477-X663","grid_x":663,"grid_y":477,"centroid":[-68.9944063,-9.2634627],"aggregation":"none","score_gradboost":0.1528912,"score_random_forest":0.1765372,"score_logistic_regression":0.4333275,"score_fuzzy_knn_k29":0.2377848},"geometry":{"type":"Polygon","coordinates":[[[-68.9984714,-9.2661679],[-68.990341,-9.2661678],[-68.9903412,-9.2607575],[-68.9984714,-9.2607576],[-68.9984714,-9.2661679]]]}},{"type":"Feature","id":"AC-Y478-X654","properties":{"id":"AC-Y478-X654","grid_x":654,"grid_y":478,"centroid":[-69.0675781,-9.2580461],"aggregation":"none","score_gradboost":0.0251034,"score_random_forest":0.0088314,"score_logistic_regression":0.4204016,"score_fuzzy_knn_k29":0.0187945},"geometry":{"type":"Polygon","coordinates":[[[-69.0716438,-9.2607504],[-69.0635135,-9.260752],[-69.0635126,-9.2553416],[-69.0716427,-9.2553401],[-69.0716438,-9.2607504]]]}},{"type":"Feature","id":"AC-Y478-X655","properties":{"id":"AC-Y478-X655","grid_x":655,"grid_y":478,"centroid":[-69.059448,-9.2580475],"aggregation":"none","score_gradboost":0.0757952,"score_random_forest":0.0518945,"score_logistic_regression":0.4822511,"score_fuzzy_knn_k29":0.1516981},"geometry":{"type":"Polygon","coordinates":[[[-69.0635135,-9.260752],[-69.0553833,-9.2607533],[-69.0553824,-9.255343],[-69.0635126,-9.2553416],[-69.0635135,-9.260752]]]}},{"type":"Feature","id":"AC-Y478-X656","properties":{"id":"AC-Y478-X656","grid_x":656,"grid_y":478,"centroid":[-69.0513178,-9.2580487],"aggregation":"none","score_gradboost":0.1147341,"score_random_forest":0.0907608,"score_logistic_regression":0.4819101,"score_fuzzy_knn_k29":0.2692636},"geometry":{"type":"Polygon","coordinates":[[[-69.0553833,-9.2607533],[-69.047253,-9.2607545],[-69.0472523,-9.2553441],[-69.0553824,-9.255343],[-69.0553833,-9.2607533]]]}},{"type":"Feature","id":"AC-Y478-X657","properties":{"id":"AC-Y478-X657","grid_x":657,"grid_y":478,"centroid":[-69.0431876,-9.2580498],"aggregation":"none","score_gradboost":0.2817952,"score_random_forest":0.2178986,"score_logistic_regression":0.4432813,"score_fuzzy_knn_k29":0.3860484},"geometry":{"type":"Polygon","coordinates":[[[-69.047253,-9.2607545],[-69.0391228,-9.2607554],[-69.0391222,-9.2553451],[-69.0472523,-9.2553441],[-69.047253,-9.2607545]]]}},{"type":"Feature","id":"AC-Y478-X658","properties":{"id":"AC-Y478-X658","grid_x":658,"grid_y":478,"centroid":[-69.0350574,-9.2580507],"aggregation":"none","score_gradboost":0.2712835,"score_random_forest":0.1651627,"score_logistic_regression":0.4773573,"score_fuzzy_knn_k29":0.2824932},"geometry":{"type":"Polygon","coordinates":[[[-69.0391228,-9.2607554],[-69.0309925,-9.2607562],[-69.030992,-9.2553459],[-69.0391222,-9.2553451],[-69.0391228,-9.2607554]]]}},{"type":"Feature","id":"AC-Y478-X659","properties":{"id":"AC-Y478-X659","grid_x":659,"grid_y":478,"centroid":[-69.0269272,-9.2580514],"aggregation":"none","score_gradboost":0.3869009,"score_random_forest":0.1871096,"score_logistic_regression":0.4737889,"score_fuzzy_knn_k29":0.2766881},"geometry":{"type":"Polygon","coordinates":[[[-69.0309925,-9.2607562],[-69.0228622,-9.2607569],[-69.0228619,-9.2553465],[-69.030992,-9.2553459],[-69.0309925,-9.2607562]]]}},{"type":"Feature","id":"AC-Y478-X660","properties":{"id":"AC-Y478-X660","grid_x":660,"grid_y":478,"centroid":[-69.018797,-9.2580519],"aggregation":"none","score_gradboost":0.3664288,"score_random_forest":0.192463,"score_logistic_regression":0.5123054,"score_fuzzy_knn_k29":0.34964},"geometry":{"type":"Polygon","coordinates":[[[-69.0228622,-9.2607569],[-69.014732,-9.2607573],[-69.0147317,-9.255347],[-69.0228619,-9.2553465],[-69.0228622,-9.2607569]]]}},{"type":"Feature","id":"AC-Y478-X661","properties":{"id":"AC-Y478-X661","grid_x":661,"grid_y":478,"centroid":[-69.0106668,-9.2580523],"aggregation":"none","score_gradboost":0.1467229,"score_random_forest":0.1057136,"score_logistic_regression":0.4633099,"score_fuzzy_knn_k29":0.2419166},"geometry":{"type":"Polygon","coordinates":[[[-69.014732,-9.2607573],[-69.0066017,-9.2607575],[-69.0066016,-9.2553472],[-69.0147317,-9.255347],[-69.014732,-9.2607573]]]}},{"type":"Feature","id":"AC-Y478-X662","properties":{"id":"AC-Y478-X662","grid_x":662,"grid_y":478,"centroid":[-69.0025366,-9.2580524],"aggregation":"none","score_gradboost":0.0945954,"score_random_forest":0.1137088,"score_logistic_regression":0.5461105,"score_fuzzy_knn_k29":0.5260412},"geometry":{"type":"Polygon","coordinates":[[[-69.0066017,-9.2607575],[-68.9984714,-9.2607576],[-68.9984715,-9.2553473],[-69.0066016,-9.2553472],[-69.0066017,-9.2607575]]]}},{"type":"Feature","id":"AC-Y478-X663","properties":{"id":"AC-Y478-X663","grid_x":663,"grid_y":478,"centroid":[-68.9944064,-9.2580524],"aggregation":"none","score_gradboost":0.1584578,"score_random_forest":0.1401143,"score_logistic_regression":0.4887744,"score_fuzzy_knn_k29":0.052206},"geometry":{"type":"Polygon","coordinates":[[[-68.9984714,-9.2607576],[-68.9903412,-9.2607575],[-68.9903413,-9.2553471],[-68.9984715,-9.2553473],[-68.9984714,-9.2607576]]]}},{"type":"Feature","id":"AC-Y479-X654","properties":{"id":"AC-Y479-X654","grid_x":654,"grid_y":479,"centroid":[-69.0675771,-9.2526357],"aggregation":"none","score_gradboost":0.0282424,"score_random_forest":0.0177301,"score_logistic_regression":0.3468759,"score_fuzzy_knn_k29":0.02129},"geometry":{"type":"Polygon","coordinates":[[[-69.0716427,-9.2553401],[-69.0635126,-9.2553416],[-69.0635116,-9.2499313],[-69.0716416,-9.2499298],[-69.0716427,-9.2553401]]]}},{"type":"Feature","id":"AC-Y479-X655","properties":{"id":"AC-Y479-X655","grid_x":655,"grid_y":479,"centroid":[-69.059447,-9.2526372],"aggregation":"none","score_gradboost":0.0815342,"score_random_forest":0.0726026,"score_logistic_regression":0.3640235,"score_fuzzy_knn_k29":0.127344},"geometry":{"type":"Polygon","coordinates":[[[-69.0635126,-9.2553416],[-69.0553824,-9.255343],[-69.0553816,-9.2499327],[-69.0635116,-9.2499313],[-69.0635126,-9.2553416]]]}},{"type":"Feature","id":"AC-Y479-X656","properties":{"id":"AC-Y479-X656","grid_x":656,"grid_y":479,"centroid":[-69.051317,-9.2526384],"aggregation":"none","score_gradboost":0.0891838,"score_random_forest":0.0645844,"score_logistic_regression":0.3907846,"score_fuzzy_knn_k29":0.3053807},"geometry":{"type":"Polygon","coordinates":[[[-69.0553824,-9.255343],[-69.0472523,-9.2553441],[-69.0472516,-9.2499338],[-69.0553816,-9.2499327],[-69.0553824,-9.255343]]]}},{"type":"Feature","id":"AC-Y479-X657","properties":{"id":"AC-Y479-X657","grid_x":657,"grid_y":479,"centroid":[-69.0431869,-9.2526395],"aggregation":"none","score_gradboost":0.2453413,"score_random_forest":0.1746032,"score_logistic_regression":0.4903228,"score_fuzzy_knn_k29":0.3042865},"geometry":{"type":"Polygon","coordinates":[[[-69.0472523,-9.2553441],[-69.0391222,-9.2553451],[-69.0391216,-9.2499348],[-69.0472516,-9.2499338],[-69.0472523,-9.2553441]]]}},{"type":"Feature","id":"AC-Y479-X658","properties":{"id":"AC-Y479-X658","grid_x":658,"grid_y":479,"centroid":[-69.0350568,-9.2526404],"aggregation":"none","score_gradboost":0.2767056,"score_random_forest":0.1817606,"score_logistic_regression":0.4562963,"score_fuzzy_knn_k29":0.3109128},"geometry":{"type":"Polygon","coordinates":[[[-69.0391222,-9.2553451],[-69.030992,-9.2553459],[-69.0309915,-9.2499356],[-69.0391216,-9.2499348],[-69.0391222,-9.2553451]]]}},{"type":"Feature","id":"AC-Y479-X659","properties":{"id":"AC-Y479-X659","grid_x":659,"grid_y":479,"centroid":[-69.0269267,-9.2526411],"aggregation":"none","score_gradboost":0.394992,"score_random_forest":0.187231,"score_logistic_regression":0.4422903,"score_fuzzy_knn_k29":0.1268116},"geometry":{"type":"Polygon","coordinates":[[[-69.030992,-9.2553459],[-69.0228619,-9.2553465],[-69.0228615,-9.2499362],[-69.0309915,-9.2499356],[-69.030992,-9.2553459]]]}},{"type":"Feature","id":"AC-Y479-X660","properties":{"id":"AC-Y479-X660","grid_x":660,"grid_y":479,"centroid":[-69.0187967,-9.2526416],"aggregation":"none","score_gradboost":0.4236747,"score_random_forest":0.2015901,"score_logistic_regression":0.5112737,"score_fuzzy_knn_k29":0.3797665},"geometry":{"type":"Polygon","coordinates":[[[-69.0228619,-9.2553465],[-69.0147317,-9.255347],[-69.0147315,-9.2499366],[-69.0228615,-9.2499362],[-69.0228619,-9.2553465]]]}},{"type":"Feature","id":"AC-Y479-X661","properties":{"id":"AC-Y479-X661","grid_x":661,"grid_y":479,"centroid":[-69.0106666,-9.2526419],"aggregation":"none","score_gradboost":0.0920132,"score_random_forest":0.1066435,"score_logistic_regression":0.5975167,"score_fuzzy_knn_k29":0.5199734},"geometry":{"type":"Polygon","coordinates":[[[-69.0147317,-9.255347],[-69.0066016,-9.2553472],[-69.0066015,-9.2499369],[-69.0147315,-9.2499366],[-69.0147317,-9.255347]]]}},{"type":"Feature","id":"AC-Y479-X662","properties":{"id":"AC-Y479-X662","grid_x":662,"grid_y":479,"centroid":[-69.0025365,-9.2526421],"aggregation":"none","score_gradboost":0.0992663,"score_random_forest":0.0941658,"score_logistic_regression":0.4947123,"score_fuzzy_knn_k29":0.2734571},"geometry":{"type":"Polygon","coordinates":[[[-69.0066016,-9.2553472],[-68.9984715,-9.2553473],[-68.9984715,-9.2499369],[-69.0066015,-9.2499369],[-69.0066016,-9.2553472]]]}},{"type":"Feature","id":"AC-Y479-X663","properties":{"id":"AC-Y479-X663","grid_x":663,"grid_y":479,"centroid":[-68.9944064,-9.2526421],"aggregation":"none","score_gradboost":0.1304703,"score_random_forest":0.1787533,"score_logistic_regression":0.4703407,"score_fuzzy_knn_k29":0.309515},"geometry":{"type":"Polygon","coordinates":[[[-68.9984715,-9.2553473],[-68.9903413,-9.2553471],[-68.9903415,-9.2499368],[-68.9984715,-9.2499369],[-68.9984715,-9.2553473]]]}},{"type":"Feature","id":"AC-Y480-X654","properties":{"id":"AC-Y480-X654","grid_x":654,"grid_y":480,"centroid":[-69.0675761,-9.2472254],"aggregation":"none","score_gradboost":0.0383771,"score_random_forest":0.019921,"score_logistic_regression":0.3424684,"score_fuzzy_knn_k29":0.0298149},"geometry":{"type":"Polygon","coordinates":[[[-69.0716416,-9.2499298],[-69.0635116,-9.2499313],[-69.0635106,-9.244521],[-69.0716405,-9.2445195],[-69.0716416,-9.2499298]]]}},{"type":"Feature","id":"AC-Y480-X655","properties":{"id":"AC-Y480-X655","grid_x":655,"grid_y":480,"centroid":[-69.0594461,-9.2472269],"aggregation":"none","score_gradboost":0.1331564,"score_random_forest":0.0679135,"score_logistic_regression":0.4098682,"score_fuzzy_knn_k29":0.1263411},"geometry":{"type":"Polygon","coordinates":[[[-69.0635116,-9.2499313],[-69.0553816,-9.2499327],[-69.0553807,-9.2445223],[-69.0635106,-9.244521],[-69.0635116,-9.2499313]]]}},{"type":"Feature","id":"AC-Y480-X656","properties":{"id":"AC-Y480-X656","grid_x":656,"grid_y":480,"centroid":[-69.0513162,-9.2472281],"aggregation":"none","score_gradboost":0.1010711,"score_random_forest":0.110558,"score_logistic_regression":0.4044675,"score_fuzzy_knn_k29":0.3359558},"geometry":{"type":"Polygon","coordinates":[[[-69.0553816,-9.2499327],[-69.0472516,-9.2499338],[-69.0472509,-9.2445235],[-69.0553807,-9.2445223],[-69.0553816,-9.2499327]]]}},{"type":"Feature","id":"AC-Y480-X657","properties":{"id":"AC-Y480-X657","grid_x":657,"grid_y":480,"centroid":[-69.0431862,-9.2472292],"aggregation":"none","score_gradboost":0.2570578,"score_random_forest":0.1611956,"score_logistic_regression":0.4656131,"score_fuzzy_knn_k29":0.0646354},"geometry":{"type":"Polygon","coordinates":[[[-69.0472516,-9.2499338],[-69.0391216,-9.2499348],[-69.039121,-9.2445245],[-69.0472509,-9.2445235],[-69.0472516,-9.2499338]]]}},{"type":"Feature","id":"AC-Y480-X658","properties":{"id":"AC-Y480-X658","grid_x":658,"grid_y":480,"centroid":[-69.0350563,-9.2472301],"aggregation":"none","score_gradboost":0.3183073,"score_random_forest":0.1619178,"score_logistic_regression":0.4842994,"score_fuzzy_knn_k29":0.2795284},"geometry":{"type":"Polygon","coordinates":[[[-69.0391216,-9.2499348],[-69.0309915,-9.2499356],[-69.0309911,-9.2445253],[-69.039121,-9.2445245],[-69.0391216,-9.2499348]]]}},{"type":"Feature","id":"AC-Y480-X659","properties":{"id":"AC-Y480-X659","grid_x":659,"grid_y":480,"centroid":[-69.0269263,-9.2472308],"aggregation":"none","score_gradboost":0.4142261,"score_random_forest":0.2186329,"score_logistic_regression":0.454902,"score_fuzzy_knn_k29":0.2636334},"geometry":{"type":"Polygon","coordinates":[[[-69.0309915,-9.2499356],[-69.0228615,-9.2499362],[-69.0228612,-9.2445259],[-69.0309911,-9.2445253],[-69.0309915,-9.2499356]]]}},{"type":"Feature","id":"AC-Y480-X660","properties":{"id":"AC-Y480-X660","grid_x":660,"grid_y":480,"centroid":[-69.0187964,-9.2472313],"aggregation":"none","score_gradboost":0.1674436,"score_random_forest":0.131181,"score_logistic_regression":0.4697556,"score_fuzzy_knn_k29":0.2441392},"geometry":{"type":"Polygon","coordinates":[[[-69.0228615,-9.2499362],[-69.0147315,-9.2499366],[-69.0147313,-9.2445263],[-69.0228612,-9.2445259],[-69.0228615,-9.2499362]]]}},{"type":"Feature","id":"AC-Y480-X661","properties":{"id":"AC-Y480-X661","grid_x":661,"grid_y":480,"centroid":[-69.0106664,-9.2472316],"aggregation":"none","score_gradboost":0.1719249,"score_random_forest":0.1232317,"score_logistic_regression":0.5487572,"score_fuzzy_knn_k29":0.506674},"geometry":{"type":"Polygon","coordinates":[[[-69.0147315,-9.2499366],[-69.0066015,-9.2499369],[-69.0066014,-9.2445266],[-69.0147313,-9.2445263],[-69.0147315,-9.2499366]]]}},{"type":"Feature","id":"AC-Y480-X662","properties":{"id":"AC-Y480-X662","grid_x":662,"grid_y":480,"centroid":[-69.0025365,-9.2472318],"aggregation":"none","score_gradboost":0.1719249,"score_random_forest":0.1273468,"score_logistic_regression":0.5465377,"score_fuzzy_knn_k29":0.5214174},"geometry":{"type":"Polygon","coordinates":[[[-69.0066015,-9.2499369],[-68.9984715,-9.2499369],[-68.9984715,-9.2445266],[-69.0066014,-9.2445266],[-69.0066015,-9.2499369]]]}},{"type":"Feature","id":"AC-Y480-X663","properties":{"id":"AC-Y480-X663","grid_x":663,"grid_y":480,"centroid":[-68.9944065,-9.2472317],"aggregation":"none","score_gradboost":0.2377434,"score_random_forest":0.3035417,"score_logistic_regression":0.4412611,"score_fuzzy_knn_k29":0.3175457},"geometry":{"type":"Polygon","coordinates":[[[-68.9984715,-9.2499369],[-68.9903415,-9.2499368],[-68.9903416,-9.2445265],[-68.9984715,-9.2445266],[-68.9984715,-9.2499369]]]}},{"type":"Feature","id":"AC-Y481-X654","properties":{"id":"AC-Y481-X654","grid_x":654,"grid_y":481,"centroid":[-69.0675751,-9.2418151],"aggregation":"none","score_gradboost":0.0436518,"score_random_forest":0.0255905,"score_logistic_regression":0.3785069,"score_fuzzy_knn_k29":0.0350867},"geometry":{"type":"Polygon","coordinates":[[[-69.0716405,-9.2445195],[-69.0635106,-9.244521],[-69.0635097,-9.2391107],[-69.0716394,-9.2391091],[-69.0716405,-9.2445195]]]}},{"type":"Feature","id":"AC-Y481-X655","properties":{"id":"AC-Y481-X655","grid_x":655,"grid_y":481,"centroid":[-69.0594452,-9.2418165],"aggregation":"none","score_gradboost":0.107838,"score_random_forest":0.0657979,"score_logistic_regression":0.4101189,"score_fuzzy_knn_k29":0.1343288},"geometry":{"type":"Polygon","coordinates":[[[-69.0635106,-9.244521],[-69.0553807,-9.2445223],[-69.0553799,-9.239112],[-69.0635097,-9.2391107],[-69.0635106,-9.244521]]]}},{"type":"Feature","id":"AC-Y481-X656","properties":{"id":"AC-Y481-X656","grid_x":656,"grid_y":481,"centroid":[-69.0513154,-9.2418178],"aggregation":"none","score_gradboost":0.1439763,"score_random_forest":0.1223974,"score_logistic_regression":0.4424947,"score_fuzzy_knn_k29":0.3155424},"geometry":{"type":"Polygon","coordinates":[[[-69.0553807,-9.2445223],[-69.0472509,-9.2445235],[-69.0472501,-9.2391132],[-69.0553799,-9.239112],[-69.0553807,-9.2445223]]]}},{"type":"Feature","id":"AC-Y481-X657","properties":{"id":"AC-Y481-X657","grid_x":657,"grid_y":481,"centroid":[-69.0431856,-9.2418189],"aggregation":"none","score_gradboost":0.2595508,"score_random_forest":0.1594529,"score_logistic_regression":0.4608891,"score_fuzzy_knn_k29":0.1246435},"geometry":{"type":"Polygon","coordinates":[[[-69.0472509,-9.2445235],[-69.039121,-9.2445245],[-69.0391204,-9.2391142],[-69.0472501,-9.2391132],[-69.0472509,-9.2445235]]]}},{"type":"Feature","id":"AC-Y481-X658","properties":{"id":"AC-Y481-X658","grid_x":658,"grid_y":481,"centroid":[-69.0350558,-9.2418197],"aggregation":"none","score_gradboost":0.4576918,"score_random_forest":0.1958856,"score_logistic_regression":0.4361072,"score_fuzzy_knn_k29":0.2830695},"geometry":{"type":"Polygon","coordinates":[[[-69.039121,-9.2445245],[-69.0309911,-9.2445253],[-69.0309906,-9.2391149],[-69.0391204,-9.2391142],[-69.039121,-9.2445245]]]}},{"type":"Feature","id":"AC-Y481-X659","properties":{"id":"AC-Y481-X659","grid_x":659,"grid_y":481,"centroid":[-69.0269259,-9.2418204],"aggregation":"none","score_gradboost":0.4252909,"score_random_forest":0.2085983,"score_logistic_regression":0.5076725,"score_fuzzy_knn_k29":0.3443816},"geometry":{"type":"Polygon","coordinates":[[[-69.0309911,-9.2445253],[-69.0228612,-9.2445259],[-69.0228608,-9.2391156],[-69.0309906,-9.2391149],[-69.0309911,-9.2445253]]]}},{"type":"Feature","id":"AC-Y481-X660","properties":{"id":"AC-Y481-X660","grid_x":660,"grid_y":481,"centroid":[-69.0187961,-9.241821],"aggregation":"none","score_gradboost":0.1076073,"score_random_forest":0.0993148,"score_logistic_regression":0.5117662,"score_fuzzy_knn_k29":0.3952952},"geometry":{"type":"Polygon","coordinates":[[[-69.0228612,-9.2445259],[-69.0147313,-9.2445263],[-69.0147311,-9.239116],[-69.0228608,-9.2391156],[-69.0228612,-9.2445259]]]}},{"type":"Feature","id":"AC-Y481-X661","properties":{"id":"AC-Y481-X661","grid_x":661,"grid_y":481,"centroid":[-69.0106663,-9.2418213],"aggregation":"none","score_gradboost":0.0945954,"score_random_forest":0.1132004,"score_logistic_regression":0.5221948,"score_fuzzy_knn_k29":0.4067314},"geometry":{"type":"Polygon","coordinates":[[[-69.0147313,-9.2445263],[-69.0066014,-9.2445266],[-69.0066013,-9.2391162],[-69.0147311,-9.239116],[-69.0147313,-9.2445263]]]}},{"type":"Feature","id":"AC-Y481-X662","properties":{"id":"AC-Y481-X662","grid_x":662,"grid_y":481,"centroid":[-69.0025364,-9.2418214],"aggregation":"none","score_gradboost":0.1492338,"score_random_forest":0.0974395,"score_logistic_regression":0.5158355,"score_fuzzy_knn_k29":0.3554594},"geometry":{"type":"Polygon","coordinates":[[[-69.0066014,-9.2445266],[-68.9984715,-9.2445266],[-68.9984715,-9.2391163],[-69.0066013,-9.2391162],[-69.0066014,-9.2445266]]]}},{"type":"Feature","id":"AC-Y481-X663","properties":{"id":"AC-Y481-X663","grid_x":663,"grid_y":481,"centroid":[-68.9944066,-9.2418214],"aggregation":"none","score_gradboost":0.5355844,"score_random_forest":0.3668882,"score_logistic_regression":0.3839671,"score_fuzzy_knn_k29":0.4984863},"geometry":{"type":"Polygon","coordinates":[[[-68.9984715,-9.2445266],[-68.9903416,-9.2445265],[-68.9903418,-9.2391162],[-68.9984715,-9.2391163],[-68.9984715,-9.2445266]]]}},{"type":"Feature","id":"AC-Y482-X654","properties":{"id":"AC-Y482-X654","grid_x":654,"grid_y":482,"centroid":[-69.067574,-9.2364048],"aggregation":"none","score_gradboost":0.0383771,"score_random_forest":0.0279145,"score_logistic_regression":0.3478852,"score_fuzzy_knn_k29":0.0431063},"geometry":{"type":"Polygon","coordinates":[[[-69.0716394,-9.2391091],[-69.0635097,-9.2391107],[-69.0635087,-9.2337003],[-69.0716383,-9.2336988],[-69.0716394,-9.2391091]]]}},{"type":"Feature","id":"AC-Y482-X655","properties":{"id":"AC-Y482-X655","grid_x":655,"grid_y":482,"centroid":[-69.0594443,-9.2364062],"aggregation":"none","score_gradboost":0.107838,"score_random_forest":0.0686555,"score_logistic_regression":0.420363,"score_fuzzy_knn_k29":0.1506321},"geometry":{"type":"Polygon","coordinates":[[[-69.0635097,-9.2391107],[-69.0553799,-9.239112],[-69.055379,-9.2337017],[-69.0635087,-9.2337003],[-69.0635097,-9.2391107]]]}},{"type":"Feature","id":"AC-Y482-X656","properties":{"id":"AC-Y482-X656","grid_x":656,"grid_y":482,"centroid":[-69.0513146,-9.2364075],"aggregation":"none","score_gradboost":0.1010711,"score_random_forest":0.115554,"score_logistic_regression":0.4054954,"score_fuzzy_knn_k29":0.3591298},"geometry":{"type":"Polygon","coordinates":[[[-69.0553799,-9.239112],[-69.0472501,-9.2391132],[-69.0472494,-9.2337029],[-69.055379,-9.2337017],[-69.0553799,-9.239112]]]}},{"type":"Feature","id":"AC-Y482-X657","properties":{"id":"AC-Y482-X657","grid_x":657,"grid_y":482,"centroid":[-69.0431849,-9.2364085],"aggregation":"none","score_gradboost":0.2349038,"score_random_forest":0.1894481,"score_logistic_regression":0.4188251,"score_fuzzy_knn_k29":0.4394242},"geometry":{"type":"Polygon","coordinates":[[[-69.0472501,-9.2391132],[-69.0391204,-9.2391142],[-69.0391198,-9.2337038],[-69.0472494,-9.2337029],[-69.0472501,-9.2391132]]]}},{"type":"Feature","id":"AC-Y482-X658","properties":{"id":"AC-Y482-X658","grid_x":658,"grid_y":482,"centroid":[-69.0350552,-9.2364094],"aggregation":"none","score_gradboost":0.3008152,"score_random_forest":0.1652869,"score_logistic_regression":0.4997353,"score_fuzzy_knn_k29":0.2844511},"geometry":{"type":"Polygon","coordinates":[[[-69.0391204,-9.2391142],[-69.0309906,-9.2391149],[-69.0309901,-9.2337046],[-69.0391198,-9.2337038],[-69.0391204,-9.2391142]]]}},{"type":"Feature","id":"AC-Y482-X659","properties":{"id":"AC-Y482-X659","grid_x":659,"grid_y":482,"centroid":[-69.0269255,-9.2364101],"aggregation":"none","score_gradboost":0.3465267,"score_random_forest":0.2019178,"score_logistic_regression":0.5087203,"score_fuzzy_knn_k29":0.345786},"geometry":{"type":"Polygon","coordinates":[[[-69.0309906,-9.2391149],[-69.0228608,-9.2391156],[-69.0228605,-9.2337052],[-69.0309901,-9.2337046],[-69.0309906,-9.2391149]]]}},{"type":"Feature","id":"AC-Y482-X660","properties":{"id":"AC-Y482-X660","grid_x":660,"grid_y":482,"centroid":[-69.0187958,-9.2364106],"aggregation":"none","score_gradboost":0.110341,"score_random_forest":0.1147873,"score_logistic_regression":0.5369561,"score_fuzzy_knn_k29":0.4332639},"geometry":{"type":"Polygon","coordinates":[[[-69.0228608,-9.2391156],[-69.0147311,-9.239116],[-69.0147308,-9.2337057],[-69.0228605,-9.2337052],[-69.0228608,-9.2391156]]]}},{"type":"Feature","id":"AC-Y482-X661","properties":{"id":"AC-Y482-X661","grid_x":661,"grid_y":482,"centroid":[-69.0106661,-9.236411],"aggregation":"none","score_gradboost":0.0880933,"score_random_forest":0.1112052,"score_logistic_regression":0.5666672,"score_fuzzy_knn_k29":0.5593313},"geometry":{"type":"Polygon","coordinates":[[[-69.0147311,-9.239116],[-69.0066013,-9.2391162],[-69.0066012,-9.2337059],[-69.0147308,-9.2337057],[-69.0147311,-9.239116]]]}},{"type":"Feature","id":"AC-Y482-X662","properties":{"id":"AC-Y482-X662","grid_x":662,"grid_y":482,"centroid":[-69.0025364,-9.2364111],"aggregation":"none","score_gradboost":0.1646596,"score_random_forest":0.1283341,"score_logistic_regression":0.4477977,"score_fuzzy_knn_k29":0.2963426},"geometry":{"type":"Polygon","coordinates":[[[-69.0066013,-9.2391162],[-68.9984715,-9.2391163],[-68.9984716,-9.233706],[-69.0066012,-9.2337059],[-69.0066013,-9.2391162]]]}},{"type":"Feature","id":"AC-Y482-X663","properties":{"id":"AC-Y482-X663","grid_x":663,"grid_y":482,"centroid":[-68.9944067,-9.2364111],"aggregation":"none","score_gradboost":0.6017823,"score_random_forest":0.3873533,"score_logistic_regression":0.4242074,"score_fuzzy_knn_k29":0.3918133},"geometry":{"type":"Polygon","coordinates":[[[-68.9984715,-9.2391163],[-68.9903418,-9.2391162],[-68.9903419,-9.2337058],[-68.9984716,-9.233706],[-68.9984715,-9.2391163]]]}},{"type":"Feature","id":"AC-Y482-X664","properties":{"id":"AC-Y482-X664","grid_x":664,"grid_y":482,"centroid":[-68.986277,-9.2364109],"aggregation":"none","score_gradboost":0.4593868,"score_random_forest":0.3296069,"score_logistic_regression":0.4349293,"score_fuzzy_knn_k29":0.428775},"geometry":{"type":"Polygon","coordinates":[[[-68.9903418,-9.2391162],[-68.982212,-9.2391158],[-68.9822123,-9.2337055],[-68.9903419,-9.2337058],[-68.9903418,-9.2391162]]]}},{"type":"Feature","id":"AC-Y483-X653","properties":{"id":"AC-Y483-X653","grid_x":653,"grid_y":483,"centroid":[-69.0757026,-9.2309928],"aggregation":"none","score_gradboost":0.0166784,"score_random_forest":0.0013746,"score_logistic_regression":0.4038913,"score_fuzzy_knn_k29":0.0139729},"geometry":{"type":"Polygon","coordinates":[[[-69.079768,-9.2336971],[-69.0716383,-9.2336988],[-69.0716372,-9.2282885],[-69.0797667,-9.2282868],[-69.079768,-9.2336971]]]}},{"type":"Feature","id":"AC-Y483-X654","properties":{"id":"AC-Y483-X654","grid_x":654,"grid_y":483,"centroid":[-69.067573,-9.2309944],"aggregation":"none","score_gradboost":0.0359729,"score_random_forest":0.0137525,"score_logistic_regression":0.4031436,"score_fuzzy_knn_k29":0.0377239},"geometry":{"type":"Polygon","coordinates":[[[-69.0716383,-9.2336988],[-69.0635087,-9.2337003],[-69.0635077,-9.22829],[-69.0716372,-9.2282885],[-69.0716383,-9.2336988]]]}},{"type":"Feature","id":"AC-Y483-X655","properties":{"id":"AC-Y483-X655","grid_x":655,"grid_y":483,"centroid":[-69.0594434,-9.2309959],"aggregation":"none","score_gradboost":0.1200826,"score_random_forest":0.0837091,"score_logistic_regression":0.3838919,"score_fuzzy_knn_k29":0.117062},"geometry":{"type":"Polygon","coordinates":[[[-69.0635087,-9.2337003],[-69.055379,-9.2337017],[-69.0553782,-9.2282914],[-69.0635077,-9.22829],[-69.0635087,-9.2337003]]]}},{"type":"Feature","id":"AC-Y483-X656","properties":{"id":"AC-Y483-X656","grid_x":656,"grid_y":483,"centroid":[-69.0513138,-9.2309971],"aggregation":"none","score_gradboost":0.1063745,"score_random_forest":0.1169125,"score_logistic_regression":0.4109938,"score_fuzzy_knn_k29":0.3552411},"geometry":{"type":"Polygon","coordinates":[[[-69.055379,-9.2337017],[-69.0472494,-9.2337029],[-69.0472487,-9.2282925],[-69.0553782,-9.2282914],[-69.055379,-9.2337017]]]}},{"type":"Feature","id":"AC-Y483-X657","properties":{"id":"AC-Y483-X657","grid_x":657,"grid_y":483,"centroid":[-69.0431843,-9.2309982],"aggregation":"none","score_gradboost":0.2570578,"score_random_forest":0.1420086,"score_logistic_regression":0.477127,"score_fuzzy_knn_k29":0.2034289},"geometry":{"type":"Polygon","coordinates":[[[-69.0472494,-9.2337029],[-69.0391198,-9.2337038],[-69.0391192,-9.2282935],[-69.0472487,-9.2282925],[-69.0472494,-9.2337029]]]}},{"type":"Feature","id":"AC-Y483-X658","properties":{"id":"AC-Y483-X658","grid_x":658,"grid_y":483,"centroid":[-69.0350547,-9.2309991],"aggregation":"none","score_gradboost":0.4498249,"score_random_forest":0.2603256,"score_logistic_regression":0.4047853,"score_fuzzy_knn_k29":0.5246088},"geometry":{"type":"Polygon","coordinates":[[[-69.0391198,-9.2337038],[-69.0309901,-9.2337046],[-69.0309897,-9.2282943],[-69.0391192,-9.2282935],[-69.0391198,-9.2337038]]]}},{"type":"Feature","id":"AC-Y483-X659","properties":{"id":"AC-Y483-X659","grid_x":659,"grid_y":483,"centroid":[-69.0269251,-9.2309998],"aggregation":"none","score_gradboost":0.4142151,"score_random_forest":0.2300391,"score_logistic_regression":0.4658833,"score_fuzzy_knn_k29":0.2866243},"geometry":{"type":"Polygon","coordinates":[[[-69.0309901,-9.2337046],[-69.0228605,-9.2337052],[-69.0228601,-9.2282949],[-69.0309897,-9.2282943],[-69.0309901,-9.2337046]]]}},{"type":"Feature","id":"AC-Y483-X660","properties":{"id":"AC-Y483-X660","grid_x":660,"grid_y":483,"centroid":[-69.0187955,-9.2310003],"aggregation":"none","score_gradboost":0.1076073,"score_random_forest":0.0931246,"score_logistic_regression":0.5038209,"score_fuzzy_knn_k29":0.3461683},"geometry":{"type":"Polygon","coordinates":[[[-69.0228605,-9.2337052],[-69.0147308,-9.2337057],[-69.0147306,-9.2282953],[-69.0228601,-9.2282949],[-69.0228605,-9.2337052]]]}},{"type":"Feature","id":"AC-Y483-X661","properties":{"id":"AC-Y483-X661","grid_x":661,"grid_y":483,"centroid":[-69.0106659,-9.2310006],"aggregation":"none","score_gradboost":0.0880933,"score_random_forest":0.1090421,"score_logistic_regression":0.5729414,"score_fuzzy_knn_k29":0.5844269},"geometry":{"type":"Polygon","coordinates":[[[-69.0147308,-9.2337057],[-69.0066012,-9.2337059],[-69.0066011,-9.2282956],[-69.0147306,-9.2282953],[-69.0147308,-9.2337057]]]}},{"type":"Feature","id":"AC-Y483-X662","properties":{"id":"AC-Y483-X662","grid_x":662,"grid_y":483,"centroid":[-69.0025364,-9.2310008],"aggregation":"none","score_gradboost":0.1955627,"score_random_forest":0.1463678,"score_logistic_regression":0.4448284,"score_fuzzy_knn_k29":0.32319},"geometry":{"type":"Polygon","coordinates":[[[-69.0066012,-9.2337059],[-68.9984716,-9.233706],[-68.9984716,-9.2282956],[-69.0066011,-9.2282956],[-69.0066012,-9.2337059]]]}},{"type":"Feature","id":"AC-Y483-X663","properties":{"id":"AC-Y483-X663","grid_x":663,"grid_y":483,"centroid":[-68.9944068,-9.2310007],"aggregation":"none","score_gradboost":0.3418908,"score_random_forest":0.3095712,"score_logistic_regression":0.4950854,"score_fuzzy_knn_k29":0.392154},"geometry":{"type":"Polygon","coordinates":[[[-68.9984716,-9.233706],[-68.9903419,-9.2337058],[-68.9903421,-9.2282955],[-68.9984716,-9.2282956],[-68.9984716,-9.233706]]]}},{"type":"Feature","id":"AC-Y483-X664","properties":{"id":"AC-Y483-X664","grid_x":664,"grid_y":483,"centroid":[-68.9862772,-9.2310005],"aggregation":"none","score_gradboost":0.4544677,"score_random_forest":0.3237527,"score_logistic_regression":0.4913035,"score_fuzzy_knn_k29":0.2615333},"geometry":{"type":"Polygon","coordinates":[[[-68.9903419,-9.2337058],[-68.9822123,-9.2337055],[-68.9822125,-9.2282952],[-68.9903421,-9.2282955],[-68.9903419,-9.2337058]]]}},{"type":"Feature","id":"AC-Y484-X653","properties":{"id":"AC-Y484-X653","grid_x":653,"grid_y":484,"centroid":[-69.0757014,-9.2255825],"aggregation":"none","score_gradboost":0.0201146,"score_random_forest":0.0114488,"score_logistic_regression":0.3871274,"score_fuzzy_knn_k29":0.0326886},"geometry":{"type":"Polygon","coordinates":[[[-69.0797667,-9.2282868],[-69.0716372,-9.2282885],[-69.0716361,-9.2228782],[-69.0797655,-9.2228765],[-69.0797667,-9.2282868]]]}},{"type":"Feature","id":"AC-Y484-X654","properties":{"id":"AC-Y484-X654","grid_x":654,"grid_y":484,"centroid":[-69.067572,-9.2255841],"aggregation":"none","score_gradboost":0.0353436,"score_random_forest":0.0143964,"score_logistic_regression":0.4129546,"score_fuzzy_knn_k29":0.0465123},"geometry":{"type":"Polygon","coordinates":[[[-69.0716372,-9.2282885],[-69.0635077,-9.22829],[-69.0635068,-9.2228797],[-69.0716361,-9.2228782],[-69.0716372,-9.2282885]]]}},{"type":"Feature","id":"AC-Y484-X655","properties":{"id":"AC-Y484-X655","grid_x":655,"grid_y":484,"centroid":[-69.0594425,-9.2255856],"aggregation":"none","score_gradboost":0.107838,"score_random_forest":0.069839,"score_logistic_regression":0.4122205,"score_fuzzy_knn_k29":0.1340409},"geometry":{"type":"Polygon","coordinates":[[[-69.0635077,-9.22829],[-69.0553782,-9.2282914],[-69.0553774,-9.222881],[-69.0635068,-9.2228797],[-69.0635077,-9.22829]]]}},{"type":"Feature","id":"AC-Y484-X656","properties":{"id":"AC-Y484-X656","grid_x":656,"grid_y":484,"centroid":[-69.0513131,-9.2255868],"aggregation":"none","score_gradboost":0.1439763,"score_random_forest":0.1206247,"score_logistic_regression":0.4447021,"score_fuzzy_knn_k29":0.3009429},"geometry":{"type":"Polygon","coordinates":[[[-69.0553782,-9.2282914],[-69.0472487,-9.2282925],[-69.047248,-9.2228822],[-69.0553774,-9.222881],[-69.0553782,-9.2282914]]]}},{"type":"Feature","id":"AC-Y484-X657","properties":{"id":"AC-Y484-X657","grid_x":657,"grid_y":484,"centroid":[-69.0431836,-9.2255879],"aggregation":"none","score_gradboost":0.2595508,"score_random_forest":0.1623204,"score_logistic_regression":0.4535452,"score_fuzzy_knn_k29":0.2838211},"geometry":{"type":"Polygon","coordinates":[[[-69.0472487,-9.2282925],[-69.0391192,-9.2282935],[-69.0391186,-9.2228832],[-69.047248,-9.2228822],[-69.0472487,-9.2282925]]]}},{"type":"Feature","id":"AC-Y484-X658","properties":{"id":"AC-Y484-X658","grid_x":658,"grid_y":484,"centroid":[-69.0350541,-9.2255888],"aggregation":"none","score_gradboost":0.3554454,"score_random_forest":0.1744404,"score_logistic_regression":0.4817454,"score_fuzzy_knn_k29":0.25081},"geometry":{"type":"Polygon","coordinates":[[[-69.0391192,-9.2282935],[-69.0309897,-9.2282943],[-69.0309892,-9.222884],[-69.0391186,-9.2228832],[-69.0391192,-9.2282935]]]}},{"type":"Feature","id":"AC-Y484-X659","properties":{"id":"AC-Y484-X659","grid_x":659,"grid_y":484,"centroid":[-69.0269247,-9.2255895],"aggregation":"none","score_gradboost":0.4283123,"score_random_forest":0.2181845,"score_logistic_regression":0.4809951,"score_fuzzy_knn_k29":0.2636193},"geometry":{"type":"Polygon","coordinates":[[[-69.0309897,-9.2282943],[-69.0228601,-9.2282949],[-69.0228598,-9.2228846],[-69.0309892,-9.222884],[-69.0309897,-9.2282943]]]}},{"type":"Feature","id":"AC-Y484-X660","properties":{"id":"AC-Y484-X660","grid_x":660,"grid_y":484,"centroid":[-69.0187952,-9.22559],"aggregation":"none","score_gradboost":0.110341,"score_random_forest":0.1149399,"score_logistic_regression":0.5479601,"score_fuzzy_knn_k29":0.4756278},"geometry":{"type":"Polygon","coordinates":[[[-69.0228601,-9.2282949],[-69.0147306,-9.2282953],[-69.0147304,-9.222885],[-69.0228598,-9.2228846],[-69.0228601,-9.2282949]]]}},{"type":"Feature","id":"AC-Y484-X661","properties":{"id":"AC-Y484-X661","grid_x":661,"grid_y":484,"centroid":[-69.0106658,-9.2255903],"aggregation":"none","score_gradboost":0.0880933,"score_random_forest":0.1080658,"score_logistic_regression":0.6017368,"score_fuzzy_knn_k29":0.5762241},"geometry":{"type":"Polygon","coordinates":[[[-69.0147306,-9.2282953],[-69.0066011,-9.2282956],[-69.006601,-9.2228852],[-69.0147304,-9.222885],[-69.0147306,-9.2282953]]]}},{"type":"Feature","id":"AC-Y484-X662","properties":{"id":"AC-Y484-X662","grid_x":662,"grid_y":484,"centroid":[-69.0025363,-9.2255905],"aggregation":"none","score_gradboost":0.1509576,"score_random_forest":0.1304149,"score_logistic_regression":0.4742854,"score_fuzzy_knn_k29":0.334911},"geometry":{"type":"Polygon","coordinates":[[[-69.0066011,-9.2282956],[-68.9984716,-9.2282956],[-68.9984716,-9.2228853],[-69.006601,-9.2228852],[-69.0066011,-9.2282956]]]}},{"type":"Feature","id":"AC-Y484-X663","properties":{"id":"AC-Y484-X663","grid_x":663,"grid_y":484,"centroid":[-68.9944069,-9.2255904],"aggregation":"none","score_gradboost":0.406809,"score_random_forest":0.3008276,"score_logistic_regression":0.4762445,"score_fuzzy_knn_k29":0.3778566},"geometry":{"type":"Polygon","coordinates":[[[-68.9984716,-9.2282956],[-68.9903421,-9.2282955],[-68.9903422,-9.2228852],[-68.9984716,-9.2228853],[-68.9984716,-9.2282956]]]}},{"type":"Feature","id":"AC-Y484-X664","properties":{"id":"AC-Y484-X664","grid_x":664,"grid_y":484,"centroid":[-68.9862774,-9.2255902],"aggregation":"none","score_gradboost":0.4864935,"score_random_forest":0.3295538,"score_logistic_regression":0.4635854,"score_fuzzy_knn_k29":0.3645567},"geometry":{"type":"Polygon","coordinates":[[[-68.9903421,-9.2282955],[-68.9822125,-9.2282952],[-68.9822128,-9.2228849],[-68.9903422,-9.2228852],[-68.9903421,-9.2282955]]]}},{"type":"Feature","id":"AC-Y485-X654","properties":{"id":"AC-Y485-X654","grid_x":654,"grid_y":485,"centroid":[-69.0675709,-9.2201738],"aggregation":"none","score_gradboost":0.0382523,"score_random_forest":0.0118405,"score_logistic_regression":0.4051645,"score_fuzzy_knn_k29":0.0369246},"geometry":{"type":"Polygon","coordinates":[[[-69.0716361,-9.2228782],[-69.0635068,-9.2228797],[-69.0635058,-9.2174694],[-69.071635,-9.2174678],[-69.0716361,-9.2228782]]]}},{"type":"Feature","id":"AC-Y485-X655","properties":{"id":"AC-Y485-X655","grid_x":655,"grid_y":485,"centroid":[-69.0594416,-9.2201752],"aggregation":"none","score_gradboost":0.1834558,"score_random_forest":0.101907,"score_logistic_regression":0.4702442,"score_fuzzy_knn_k29":0.1674919},"geometry":{"type":"Polygon","coordinates":[[[-69.0635068,-9.2228797],[-69.0553774,-9.222881],[-69.0553765,-9.2174707],[-69.0635058,-9.2174694],[-69.0635068,-9.2228797]]]}},{"type":"Feature","id":"AC-Y485-X656","properties":{"id":"AC-Y485-X656","grid_x":656,"grid_y":485,"centroid":[-69.0513123,-9.2201765],"aggregation":"none","score_gradboost":0.121525,"score_random_forest":0.0972186,"score_logistic_regression":0.4937512,"score_fuzzy_knn_k29":0.2657837},"geometry":{"type":"Polygon","coordinates":[[[-69.0553774,-9.222881],[-69.047248,-9.2228822],[-69.0472472,-9.2174719],[-69.0553765,-9.2174707],[-69.0553774,-9.222881]]]}},{"type":"Feature","id":"AC-Y485-X657","properties":{"id":"AC-Y485-X657","grid_x":657,"grid_y":485,"centroid":[-69.0431829,-9.2201775],"aggregation":"none","score_gradboost":0.2595508,"score_random_forest":0.171849,"score_logistic_regression":0.4640592,"score_fuzzy_knn_k29":0.1542153},"geometry":{"type":"Polygon","coordinates":[[[-69.047248,-9.2228822],[-69.0391186,-9.2228832],[-69.039118,-9.2174728],[-69.0472472,-9.2174719],[-69.047248,-9.2228822]]]}},{"type":"Feature","id":"AC-Y485-X658","properties":{"id":"AC-Y485-X658","grid_x":658,"grid_y":485,"centroid":[-69.0350536,-9.2201784],"aggregation":"none","score_gradboost":0.3668661,"score_random_forest":0.1840733,"score_logistic_regression":0.4634449,"score_fuzzy_knn_k29":0.2992196},"geometry":{"type":"Polygon","coordinates":[[[-69.0391186,-9.2228832],[-69.0309892,-9.222884],[-69.0309887,-9.2174736],[-69.039118,-9.2174728],[-69.0391186,-9.2228832]]]}},{"type":"Feature","id":"AC-Y485-X659","properties":{"id":"AC-Y485-X659","grid_x":659,"grid_y":485,"centroid":[-69.0269243,-9.2201791],"aggregation":"none","score_gradboost":0.5604341,"score_random_forest":0.3103811,"score_logistic_regression":0.4244882,"score_fuzzy_knn_k29":0.3322157},"geometry":{"type":"Polygon","coordinates":[[[-69.0309892,-9.222884],[-69.0228598,-9.2228846],[-69.0228594,-9.2174742],[-69.0309887,-9.2174736],[-69.0309892,-9.222884]]]}},{"type":"Feature","id":"AC-Y485-X660","properties":{"id":"AC-Y485-X660","grid_x":660,"grid_y":485,"centroid":[-69.0187949,-9.2201796],"aggregation":"none","score_gradboost":0.1272886,"score_random_forest":0.1140987,"score_logistic_regression":0.5297679,"score_fuzzy_knn_k29":0.4424669},"geometry":{"type":"Polygon","coordinates":[[[-69.0228598,-9.2228846],[-69.0147304,-9.222885],[-69.0147302,-9.2174747],[-69.0228594,-9.2174742],[-69.0228598,-9.2228846]]]}},{"type":"Feature","id":"AC-Y485-X661","properties":{"id":"AC-Y485-X661","grid_x":661,"grid_y":485,"centroid":[-69.0106656,-9.22018],"aggregation":"none","score_gradboost":0.0880933,"score_random_forest":0.1127174,"score_logistic_regression":0.5968932,"score_fuzzy_knn_k29":0.5709885},"geometry":{"type":"Polygon","coordinates":[[[-69.0147304,-9.222885],[-69.006601,-9.2228852],[-69.0066009,-9.2174749],[-69.0147302,-9.2174747],[-69.0147304,-9.222885]]]}},{"type":"Feature","id":"AC-Y485-X662","properties":{"id":"AC-Y485-X662","grid_x":662,"grid_y":485,"centroid":[-69.0025363,-9.2201801],"aggregation":"none","score_gradboost":0.1290011,"score_random_forest":0.1664726,"score_logistic_regression":0.4834888,"score_fuzzy_knn_k29":0.2941414},"geometry":{"type":"Polygon","coordinates":[[[-69.006601,-9.2228852],[-68.9984716,-9.2228853],[-68.9984716,-9.217475],[-69.0066009,-9.2174749],[-69.006601,-9.2228852]]]}},{"type":"Feature","id":"AC-Y485-X663","properties":{"id":"AC-Y485-X663","grid_x":663,"grid_y":485,"centroid":[-68.994407,-9.2201801],"aggregation":"none","score_gradboost":0.4961308,"score_random_forest":0.3842759,"score_logistic_regression":0.4508494,"score_fuzzy_knn_k29":0.3728788},"geometry":{"type":"Polygon","coordinates":[[[-68.9984716,-9.2228853],[-68.9903422,-9.2228852],[-68.9903424,-9.2174748],[-68.9984716,-9.217475],[-68.9984716,-9.2228853]]]}},{"type":"Feature","id":"AC-Y485-X664","properties":{"id":"AC-Y485-X664","grid_x":664,"grid_y":485,"centroid":[-68.9862776,-9.2201799],"aggregation":"none","score_gradboost":0.3091323,"score_random_forest":0.2923405,"score_logistic_regression":0.5295368,"score_fuzzy_knn_k29":0.412793},"geometry":{"type":"Polygon","coordinates":[[[-68.9903422,-9.2228852],[-68.9822128,-9.2228849],[-68.9822131,-9.2174745],[-68.9903424,-9.2174748],[-68.9903422,-9.2228852]]]}},{"type":"Feature","id":"AC-Y486-X655","properties":{"id":"AC-Y486-X655","grid_x":655,"grid_y":486,"centroid":[-69.0594407,-9.2147649],"aggregation":"none","score_gradboost":0.134574,"score_random_forest":0.0788265,"score_logistic_regression":0.4374553,"score_fuzzy_knn_k29":0.1582722},"geometry":{"type":"Polygon","coordinates":[[[-69.0635058,-9.2174694],[-69.0553765,-9.2174707],[-69.0553757,-9.2120604],[-69.0635048,-9.212059],[-69.0635058,-9.2174694]]]}},{"type":"Feature","id":"AC-Y486-X656","properties":{"id":"AC-Y486-X656","grid_x":656,"grid_y":486,"centroid":[-69.0513115,-9.2147661],"aggregation":"none","score_gradboost":0.0982276,"score_random_forest":0.1122317,"score_logistic_regression":0.3939263,"score_fuzzy_knn_k29":0.3421977},"geometry":{"type":"Polygon","coordinates":[[[-69.0553765,-9.2174707],[-69.0472472,-9.2174719],[-69.0472465,-9.2120615],[-69.0553757,-9.2120604],[-69.0553765,-9.2174707]]]}},{"type":"Feature","id":"AC-Y486-X657","properties":{"id":"AC-Y486-X657","grid_x":657,"grid_y":486,"centroid":[-69.0431823,-9.2147672],"aggregation":"none","score_gradboost":0.2145061,"score_random_forest":0.141223,"score_logistic_regression":0.5224323,"score_fuzzy_knn_k29":0.3640039},"geometry":{"type":"Polygon","coordinates":[[[-69.0472472,-9.2174719],[-69.039118,-9.2174728],[-69.0391174,-9.2120625],[-69.0472465,-9.2120615],[-69.0472472,-9.2174719]]]}},{"type":"Feature","id":"AC-Y486-X658","properties":{"id":"AC-Y486-X658","grid_x":658,"grid_y":486,"centroid":[-69.0350531,-9.2147681],"aggregation":"none","score_gradboost":0.3638488,"score_random_forest":0.1702636,"score_logistic_regression":0.4781237,"score_fuzzy_knn_k29":0.2699173},"geometry":{"type":"Polygon","coordinates":[[[-69.039118,-9.2174728],[-69.0309887,-9.2174736],[-69.0309882,-9.2120633],[-69.0391174,-9.2120625],[-69.039118,-9.2174728]]]}},{"type":"Feature","id":"AC-Y486-X659","properties":{"id":"AC-Y486-X659","grid_x":659,"grid_y":486,"centroid":[-69.0269239,-9.2147688],"aggregation":"none","score_gradboost":0.5296061,"score_random_forest":0.2262273,"score_logistic_regression":0.4389541,"score_fuzzy_knn_k29":0.3120078},"geometry":{"type":"Polygon","coordinates":[[[-69.0309887,-9.2174736],[-69.0228594,-9.2174742],[-69.0228591,-9.2120639],[-69.0309882,-9.2120633],[-69.0309887,-9.2174736]]]}},{"type":"Feature","id":"AC-Y486-X660","properties":{"id":"AC-Y486-X660","grid_x":660,"grid_y":486,"centroid":[-69.0187947,-9.2147693],"aggregation":"none","score_gradboost":0.1467229,"score_random_forest":0.1058459,"score_logistic_regression":0.452768,"score_fuzzy_knn_k29":0.2739865},"geometry":{"type":"Polygon","coordinates":[[[-69.0228594,-9.2174742],[-69.0147302,-9.2174747],[-69.0147299,-9.2120643],[-69.0228591,-9.2120639],[-69.0228594,-9.2174742]]]}},{"type":"Feature","id":"AC-Y486-X661","properties":{"id":"AC-Y486-X661","grid_x":661,"grid_y":486,"centroid":[-69.0106655,-9.2147696],"aggregation":"none","score_gradboost":0.0880933,"score_random_forest":0.11119,"score_logistic_regression":0.5687665,"score_fuzzy_knn_k29":0.5845356},"geometry":{"type":"Polygon","coordinates":[[[-69.0147302,-9.2174747],[-69.0066009,-9.2174749],[-69.0066008,-9.2120646],[-69.0147299,-9.2120643],[-69.0147302,-9.2174747]]]}},{"type":"Feature","id":"AC-Y486-X662","properties":{"id":"AC-Y486-X662","grid_x":662,"grid_y":486,"centroid":[-69.0025362,-9.2147698],"aggregation":"none","score_gradboost":0.1423554,"score_random_forest":0.1627772,"score_logistic_regression":0.4381867,"score_fuzzy_knn_k29":0.2584423},"geometry":{"type":"Polygon","coordinates":[[[-69.0066009,-9.2174749],[-68.9984716,-9.217475],[-68.9984717,-9.2120646],[-69.0066008,-9.2120646],[-69.0066009,-9.2174749]]]}},{"type":"Feature","id":"AC-Y486-X663","properties":{"id":"AC-Y486-X663","grid_x":663,"grid_y":486,"centroid":[-68.994407,-9.2147698],"aggregation":"none","score_gradboost":0.3371759,"score_random_forest":0.2615831,"score_logistic_regression":0.5549971,"score_fuzzy_knn_k29":0.5435135},"geometry":{"type":"Polygon","coordinates":[[[-68.9984716,-9.217475],[-68.9903424,-9.2174748],[-68.9903425,-9.2120645],[-68.9984717,-9.2120646],[-68.9984716,-9.217475]]]}},{"type":"Feature","id":"AC-Y486-X664","properties":{"id":"AC-Y486-X664","grid_x":664,"grid_y":486,"centroid":[-68.9862778,-9.2147695],"aggregation":"none","score_gradboost":0.3448221,"score_random_forest":0.3069895,"score_logistic_regression":0.5133668,"score_fuzzy_knn_k29":0.3603073},"geometry":{"type":"Polygon","coordinates":[[[-68.9903424,-9.2174748],[-68.9822131,-9.2174745],[-68.9822134,-9.2120642],[-68.9903425,-9.2120645],[-68.9903424,-9.2174748]]]}},{"type":"Feature","id":"AC-Y487-X656","properties":{"id":"AC-Y487-X656","grid_x":656,"grid_y":487,"centroid":[-69.0513107,-9.2093558],"aggregation":"none","score_gradboost":0.1009064,"score_random_forest":0.0766117,"score_logistic_regression":0.4135996,"score_fuzzy_knn_k29":0.3175823},"geometry":{"type":"Polygon","coordinates":[[[-69.0553757,-9.2120604],[-69.0472465,-9.2120615],[-69.0472458,-9.2066512],[-69.0553748,-9.20665],[-69.0553757,-9.2120604]]]}},{"type":"Feature","id":"AC-Y487-X657","properties":{"id":"AC-Y487-X657","grid_x":657,"grid_y":487,"centroid":[-69.0431816,-9.2093569],"aggregation":"none","score_gradboost":0.2303695,"score_random_forest":0.1603529,"score_logistic_regression":0.5039422,"score_fuzzy_knn_k29":0.324196},"geometry":{"type":"Polygon","coordinates":[[[-69.0472465,-9.2120615],[-69.0391174,-9.2120625],[-69.0391168,-9.2066522],[-69.0472458,-9.2066512],[-69.0472465,-9.2120615]]]}},{"type":"Feature","id":"AC-Y487-X658","properties":{"id":"AC-Y487-X658","grid_x":658,"grid_y":487,"centroid":[-69.0350525,-9.2093578],"aggregation":"none","score_gradboost":0.391552,"score_random_forest":0.1880464,"score_logistic_regression":0.4502715,"score_fuzzy_knn_k29":0.3369502},"geometry":{"type":"Polygon","coordinates":[[[-69.0391174,-9.2120625],[-69.0309882,-9.2120633],[-69.0309878,-9.206653],[-69.0391168,-9.2066522],[-69.0391174,-9.2120625]]]}},{"type":"Feature","id":"AC-Y487-X659","properties":{"id":"AC-Y487-X659","grid_x":659,"grid_y":487,"centroid":[-69.0269235,-9.2093585],"aggregation":"none","score_gradboost":0.3670963,"score_random_forest":0.2065586,"score_logistic_regression":0.5366921,"score_fuzzy_knn_k29":0.4148114},"geometry":{"type":"Polygon","coordinates":[[[-69.0309882,-9.2120633],[-69.0228591,-9.2120639],[-69.0228587,-9.2066536],[-69.0309878,-9.206653],[-69.0309882,-9.2120633]]]}},{"type":"Feature","id":"AC-Y487-X660","properties":{"id":"AC-Y487-X660","grid_x":660,"grid_y":487,"centroid":[-69.0187944,-9.209359],"aggregation":"none","score_gradboost":0.1438584,"score_random_forest":0.1246508,"score_logistic_regression":0.5170114,"score_fuzzy_knn_k29":0.4369682},"geometry":{"type":"Polygon","coordinates":[[[-69.0228591,-9.2120639],[-69.0147299,-9.2120643],[-69.0147297,-9.206654],[-69.0228587,-9.2066536],[-69.0228591,-9.2120639]]]}},{"type":"Feature","id":"AC-Y487-X661","properties":{"id":"AC-Y487-X661","grid_x":661,"grid_y":487,"centroid":[-69.0106653,-9.2093593],"aggregation":"none","score_gradboost":0.0852019,"score_random_forest":0.1052973,"score_logistic_regression":0.5602044,"score_fuzzy_knn_k29":0.5514403},"geometry":{"type":"Polygon","coordinates":[[[-69.0147299,-9.2120643],[-69.0066008,-9.2120646],[-69.0066007,-9.2066542],[-69.0147297,-9.206654],[-69.0147299,-9.2120643]]]}},{"type":"Feature","id":"AC-Y487-X662","properties":{"id":"AC-Y487-X662","grid_x":662,"grid_y":487,"centroid":[-69.0025362,-9.2093595],"aggregation":"none","score_gradboost":0.1602008,"score_random_forest":0.1499904,"score_logistic_regression":0.4746108,"score_fuzzy_knn_k29":0.1346786},"geometry":{"type":"Polygon","coordinates":[[[-69.0066008,-9.2120646],[-68.9984717,-9.2120646],[-68.9984717,-9.2066543],[-69.0066007,-9.2066542],[-69.0066008,-9.2120646]]]}},{"type":"Feature","id":"AC-Y487-X663","properties":{"id":"AC-Y487-X663","grid_x":663,"grid_y":487,"centroid":[-68.9944071,-9.2093594],"aggregation":"none","score_gradboost":0.355207,"score_random_forest":0.2762013,"score_logistic_regression":0.4718866,"score_fuzzy_knn_k29":0.3894215},"geometry":{"type":"Polygon","coordinates":[[[-68.9984717,-9.2120646],[-68.9903425,-9.2120645],[-68.9903427,-9.2066542],[-68.9984717,-9.2066543],[-68.9984717,-9.2120646]]]}},{"type":"Feature","id":"AC-Y487-X664","properties":{"id":"AC-Y487-X664","grid_x":664,"grid_y":487,"centroid":[-68.986278,-9.2093592],"aggregation":"none","score_gradboost":0.4280375,"score_random_forest":0.2963065,"score_logistic_regression":0.4836838,"score_fuzzy_knn_k29":0.3663069},"geometry":{"type":"Polygon","coordinates":[[[-68.9903425,-9.2120645],[-68.9822134,-9.2120642],[-68.9822136,-9.2066539],[-68.9903427,-9.2066542],[-68.9903425,-9.2120645]]]}},{"type":"Feature","id":"AC-Y487-X665","properties":{"id":"AC-Y487-X665","grid_x":665,"grid_y":487,"centroid":[-68.978149,-9.2093588],"aggregation":"none","score_gradboost":0.2797965,"score_random_forest":0.2019015,"score_logistic_regression":0.514887,"score_fuzzy_knn_k29":0.492445},"geometry":{"type":"Polygon","coordinates":[[[-68.9822134,-9.2120642],[-68.9740842,-9.2120637],[-68.9740846,-9.2066534],[-68.9822136,-9.2066539],[-68.9822134,-9.2120642]]]}},{"type":"Feature","id":"AC-Y488-X656","properties":{"id":"AC-Y488-X656","grid_x":656,"grid_y":488,"centroid":[-69.0513099,-9.2039455],"aggregation":"none","score_gradboost":0.1295335,"score_random_forest":0.0730184,"score_logistic_regression":0.4480402,"score_fuzzy_knn_k29":0.2672423},"geometry":{"type":"Polygon","coordinates":[[[-69.0553748,-9.20665],[-69.0472458,-9.2066512],[-69.0472451,-9.2012409],[-69.055374,-9.2012397],[-69.0553748,-9.20665]]]}},{"type":"Feature","id":"AC-Y488-X657","properties":{"id":"AC-Y488-X657","grid_x":657,"grid_y":488,"centroid":[-69.043181,-9.2039465],"aggregation":"none","score_gradboost":0.2471995,"score_random_forest":0.2453825,"score_logistic_regression":0.4278799,"score_fuzzy_knn_k29":0.4364633},"geometry":{"type":"Polygon","coordinates":[[[-69.0472458,-9.2066512],[-69.0391168,-9.2066522],[-69.0391162,-9.2012418],[-69.0472451,-9.2012409],[-69.0472458,-9.2066512]]]}},{"type":"Feature","id":"AC-Y488-X658","properties":{"id":"AC-Y488-X658","grid_x":658,"grid_y":488,"centroid":[-69.035052,-9.2039474],"aggregation":"none","score_gradboost":0.5205796,"score_random_forest":0.3006786,"score_logistic_regression":0.3987472,"score_fuzzy_knn_k29":0.5843959},"geometry":{"type":"Polygon","coordinates":[[[-69.0391168,-9.2066522],[-69.0309878,-9.206653],[-69.0309873,-9.2012426],[-69.0391162,-9.2012418],[-69.0391168,-9.2066522]]]}},{"type":"Feature","id":"AC-Y488-X659","properties":{"id":"AC-Y488-X659","grid_x":659,"grid_y":488,"centroid":[-69.0269231,-9.2039481],"aggregation":"none","score_gradboost":0.3188964,"score_random_forest":0.2054452,"score_logistic_regression":0.5323576,"score_fuzzy_knn_k29":0.3811783},"geometry":{"type":"Polygon","coordinates":[[[-69.0309878,-9.206653],[-69.0228587,-9.2066536],[-69.0228584,-9.2012432],[-69.0309873,-9.2012426],[-69.0309878,-9.206653]]]}},{"type":"Feature","id":"AC-Y488-X660","properties":{"id":"AC-Y488-X660","grid_x":660,"grid_y":488,"centroid":[-69.0187941,-9.2039486],"aggregation":"none","score_gradboost":0.1692655,"score_random_forest":0.1364557,"score_logistic_regression":0.4544848,"score_fuzzy_knn_k29":0.2954475},"geometry":{"type":"Polygon","coordinates":[[[-69.0228587,-9.2066536],[-69.0147297,-9.206654],[-69.0147295,-9.2012437],[-69.0228584,-9.2012432],[-69.0228587,-9.2066536]]]}},{"type":"Feature","id":"AC-Y488-X661","properties":{"id":"AC-Y488-X661","grid_x":661,"grid_y":488,"centroid":[-69.0106651,-9.203949],"aggregation":"none","score_gradboost":0.0852019,"score_random_forest":0.1041544,"score_logistic_regression":0.5555145,"score_fuzzy_knn_k29":0.5440685},"geometry":{"type":"Polygon","coordinates":[[[-69.0147297,-9.206654],[-69.0066007,-9.2066542],[-69.0066006,-9.2012439],[-69.0147295,-9.2012437],[-69.0147297,-9.206654]]]}},{"type":"Feature","id":"AC-Y488-X662","properties":{"id":"AC-Y488-X662","grid_x":662,"grid_y":488,"centroid":[-69.0025362,-9.2039491],"aggregation":"none","score_gradboost":0.0905334,"score_random_forest":0.1228079,"score_logistic_regression":0.5105,"score_fuzzy_knn_k29":0.3120383},"geometry":{"type":"Polygon","coordinates":[[[-69.0066007,-9.2066542],[-68.9984717,-9.2066543],[-68.9984717,-9.2012439],[-69.0066006,-9.2012439],[-69.0066007,-9.2066542]]]}},{"type":"Feature","id":"AC-Y488-X663","properties":{"id":"AC-Y488-X663","grid_x":663,"grid_y":488,"centroid":[-68.9944072,-9.2039491],"aggregation":"none","score_gradboost":0.3371759,"score_random_forest":0.2738537,"score_logistic_regression":0.5453164,"score_fuzzy_knn_k29":0.5353141},"geometry":{"type":"Polygon","coordinates":[[[-68.9984717,-9.2066543],[-68.9903427,-9.2066542],[-68.9903428,-9.2012438],[-68.9984717,-9.2012439],[-68.9984717,-9.2066543]]]}},{"type":"Feature","id":"AC-Y488-X664","properties":{"id":"AC-Y488-X664","grid_x":664,"grid_y":488,"centroid":[-68.9862782,-9.2039489],"aggregation":"none","score_gradboost":0.4134885,"score_random_forest":0.3386746,"score_logistic_regression":0.455161,"score_fuzzy_knn_k29":0.368095},"geometry":{"type":"Polygon","coordinates":[[[-68.9903427,-9.2066542],[-68.9822136,-9.2066539],[-68.9822139,-9.2012435],[-68.9903428,-9.2012438],[-68.9903427,-9.2066542]]]}},{"type":"Feature","id":"AC-Y488-X665","properties":{"id":"AC-Y488-X665","grid_x":665,"grid_y":488,"centroid":[-68.9781493,-9.2039485],"aggregation":"none","score_gradboost":0.2164207,"score_random_forest":0.1862998,"score_logistic_regression":0.4609862,"score_fuzzy_knn_k29":0.2855036},"geometry":{"type":"Polygon","coordinates":[[[-68.9822136,-9.2066539],[-68.9740846,-9.2066534],[-68.974085,-9.201243],[-68.9822139,-9.2012435],[-68.9822136,-9.2066539]]]}},{"type":"Feature","id":"AC-Y489-X657","properties":{"id":"AC-Y489-X657","grid_x":657,"grid_y":489,"centroid":[-69.0431803,-9.1985362],"aggregation":"none","score_gradboost":0.2916615,"score_random_forest":0.2013021,"score_logistic_regression":0.4914644,"score_fuzzy_knn_k29":0.3677851},"geometry":{"type":"Polygon","coordinates":[[[-69.0472451,-9.2012409],[-69.0391162,-9.2012418],[-69.0391156,-9.1958315],[-69.0472444,-9.1958305],[-69.0472451,-9.2012409]]]}},{"type":"Feature","id":"AC-Y489-X658","properties":{"id":"AC-Y489-X658","grid_x":658,"grid_y":489,"centroid":[-69.0350515,-9.1985371],"aggregation":"none","score_gradboost":0.2802898,"score_random_forest":0.2490934,"score_logistic_regression":0.4275666,"score_fuzzy_knn_k29":0.4155852},"geometry":{"type":"Polygon","coordinates":[[[-69.0391162,-9.2012418],[-69.0309873,-9.2012426],[-69.0309868,-9.1958323],[-69.0391156,-9.1958315],[-69.0391162,-9.2012418]]]}},{"type":"Feature","id":"AC-Y489-X659","properties":{"id":"AC-Y489-X659","grid_x":659,"grid_y":489,"centroid":[-69.0269226,-9.1985378],"aggregation":"none","score_gradboost":0.3362915,"score_random_forest":0.1943145,"score_logistic_regression":0.4939371,"score_fuzzy_knn_k29":0.2749295},"geometry":{"type":"Polygon","coordinates":[[[-69.0309873,-9.2012426],[-69.0228584,-9.2012432],[-69.0228581,-9.1958329],[-69.0309868,-9.1958323],[-69.0309873,-9.2012426]]]}},{"type":"Feature","id":"AC-Y489-X660","properties":{"id":"AC-Y489-X660","grid_x":660,"grid_y":489,"centroid":[-69.0187938,-9.1985383],"aggregation":"none","score_gradboost":0.1438584,"score_random_forest":0.1331507,"score_logistic_regression":0.5077042,"score_fuzzy_knn_k29":0.376778},"geometry":{"type":"Polygon","coordinates":[[[-69.0228584,-9.2012432],[-69.0147295,-9.2012437],[-69.0147293,-9.1958333],[-69.0228581,-9.1958329],[-69.0228584,-9.2012432]]]}},{"type":"Feature","id":"AC-Y489-X661","properties":{"id":"AC-Y489-X661","grid_x":661,"grid_y":489,"centroid":[-69.010665,-9.1985386],"aggregation":"none","score_gradboost":0.112918,"score_random_forest":0.1102101,"score_logistic_regression":0.5836998,"score_fuzzy_knn_k29":0.5592084},"geometry":{"type":"Polygon","coordinates":[[[-69.0147295,-9.2012437],[-69.0066006,-9.2012439],[-69.0066005,-9.1958336],[-69.0147293,-9.1958333],[-69.0147295,-9.2012437]]]}},{"type":"Feature","id":"AC-Y489-X662","properties":{"id":"AC-Y489-X662","grid_x":662,"grid_y":489,"centroid":[-69.0025361,-9.1985388],"aggregation":"none","score_gradboost":0.1120389,"score_random_forest":0.1067548,"score_logistic_regression":0.5662549,"score_fuzzy_knn_k29":0.5551356},"geometry":{"type":"Polygon","coordinates":[[[-69.0066006,-9.2012439],[-68.9984717,-9.2012439],[-68.9984717,-9.1958336],[-69.0066005,-9.1958336],[-69.0066006,-9.2012439]]]}},{"type":"Feature","id":"AC-Y489-X663","properties":{"id":"AC-Y489-X663","grid_x":663,"grid_y":489,"centroid":[-68.9944073,-9.1985387],"aggregation":"none","score_gradboost":0.3133414,"score_random_forest":0.262063,"score_logistic_regression":0.4704558,"score_fuzzy_knn_k29":0.3712287},"geometry":{"type":"Polygon","coordinates":[[[-68.9984717,-9.2012439],[-68.9903428,-9.2012438],[-68.9903429,-9.1958335],[-68.9984717,-9.1958336],[-68.9984717,-9.2012439]]]}},{"type":"Feature","id":"AC-Y489-X664","properties":{"id":"AC-Y489-X664","grid_x":664,"grid_y":489,"centroid":[-68.9862785,-9.1985385],"aggregation":"none","score_gradboost":0.334194,"score_random_forest":0.3140251,"score_logistic_regression":0.5003659,"score_fuzzy_knn_k29":0.4008208},"geometry":{"type":"Polygon","coordinates":[[[-68.9903428,-9.2012438],[-68.9822139,-9.2012435],[-68.9822142,-9.1958332],[-68.9903429,-9.1958335],[-68.9903428,-9.2012438]]]}},{"type":"Feature","id":"AC-Y489-X665","properties":{"id":"AC-Y489-X665","grid_x":665,"grid_y":489,"centroid":[-68.9781496,-9.1985381],"aggregation":"none","score_gradboost":0.2421026,"score_random_forest":0.1224751,"score_logistic_regression":0.5337039,"score_fuzzy_knn_k29":0.413376},"geometry":{"type":"Polygon","coordinates":[[[-68.9822139,-9.2012435],[-68.974085,-9.201243],[-68.9740854,-9.1958327],[-68.9822142,-9.1958332],[-68.9822139,-9.2012435]]]}},{"type":"Feature","id":"AC-Y490-X658","properties":{"id":"AC-Y490-X658","grid_x":658,"grid_y":490,"centroid":[-69.0350509,-9.1931267],"aggregation":"none","score_gradboost":0.2933081,"score_random_forest":0.1757262,"score_logistic_regression":0.4619682,"score_fuzzy_knn_k29":0.3403329},"geometry":{"type":"Polygon","coordinates":[[[-69.0391156,-9.1958315],[-69.0309868,-9.1958323],[-69.0309864,-9.1904219],[-69.039115,-9.1904212],[-69.0391156,-9.1958315]]]}},{"type":"Feature","id":"AC-Y490-X659","properties":{"id":"AC-Y490-X659","grid_x":659,"grid_y":490,"centroid":[-69.0269222,-9.1931274],"aggregation":"none","score_gradboost":0.4400897,"score_random_forest":0.2742279,"score_logistic_regression":0.4270558,"score_fuzzy_knn_k29":0.1899454},"geometry":{"type":"Polygon","coordinates":[[[-69.0309868,-9.1958323],[-69.0228581,-9.1958329],[-69.0228577,-9.1904225],[-69.0309864,-9.1904219],[-69.0309868,-9.1958323]]]}},{"type":"Feature","id":"AC-Y490-X660","properties":{"id":"AC-Y490-X660","grid_x":660,"grid_y":490,"centroid":[-69.0187935,-9.193128],"aggregation":"none","score_gradboost":0.2413945,"score_random_forest":0.1864409,"score_logistic_regression":0.5085064,"score_fuzzy_knn_k29":0.359445},"geometry":{"type":"Polygon","coordinates":[[[-69.0228581,-9.1958329],[-69.0147293,-9.1958333],[-69.0147291,-9.190423],[-69.0228577,-9.1904225],[-69.0228581,-9.1958329]]]}},{"type":"Feature","id":"AC-Y490-X661","properties":{"id":"AC-Y490-X661","grid_x":661,"grid_y":490,"centroid":[-69.0106648,-9.1931283],"aggregation":"none","score_gradboost":0.1351426,"score_random_forest":0.1049734,"score_logistic_regression":0.5717127,"score_fuzzy_knn_k29":0.5800705},"geometry":{"type":"Polygon","coordinates":[[[-69.0147293,-9.1958333],[-69.0066005,-9.1958336],[-69.0066004,-9.1904232],[-69.0147291,-9.190423],[-69.0147293,-9.1958333]]]}},{"type":"Feature","id":"AC-Y490-X662","properties":{"id":"AC-Y490-X662","grid_x":662,"grid_y":490,"centroid":[-69.0025361,-9.1931284],"aggregation":"none","score_gradboost":0.0909683,"score_random_forest":0.1198217,"score_logistic_regression":0.5672948,"score_fuzzy_knn_k29":0.5839912},"geometry":{"type":"Polygon","coordinates":[[[-69.0066005,-9.1958336],[-68.9984717,-9.1958336],[-68.9984717,-9.1904233],[-69.0066004,-9.1904232],[-69.0066005,-9.1958336]]]}},{"type":"Feature","id":"AC-Y490-X663","properties":{"id":"AC-Y490-X663","grid_x":663,"grid_y":490,"centroid":[-68.9944074,-9.1931284],"aggregation":"none","score_gradboost":0.1147398,"score_random_forest":0.1940079,"score_logistic_regression":0.5154665,"score_fuzzy_knn_k29":0.37553},"geometry":{"type":"Polygon","coordinates":[[[-68.9984717,-9.1958336],[-68.9903429,-9.1958335],[-68.9903431,-9.1904231],[-68.9984717,-9.1904233],[-68.9984717,-9.1958336]]]}},{"type":"Feature","id":"AC-Y490-X664","properties":{"id":"AC-Y490-X664","grid_x":664,"grid_y":490,"centroid":[-68.9862787,-9.1931282],"aggregation":"none","score_gradboost":0.4109571,"score_random_forest":0.2976821,"score_logistic_regression":0.5146695,"score_fuzzy_knn_k29":0.4598291},"geometry":{"type":"Polygon","coordinates":[[[-68.9903429,-9.1958335],[-68.9822142,-9.1958332],[-68.9822144,-9.1904228],[-68.9903431,-9.1904231],[-68.9903429,-9.1958335]]]}},{"type":"Feature","id":"AC-Y490-X665","properties":{"id":"AC-Y490-X665","grid_x":665,"grid_y":490,"centroid":[-68.9781499,-9.1931278],"aggregation":"none","score_gradboost":0.2094831,"score_random_forest":0.1159623,"score_logistic_regression":0.5582627,"score_fuzzy_knn_k29":0.4566494},"geometry":{"type":"Polygon","coordinates":[[[-68.9822142,-9.1958332],[-68.9740854,-9.1958327],[-68.9740858,-9.1904223],[-68.9822144,-9.1904228],[-68.9822142,-9.1958332]]]}},{"type":"Feature","id":"AC-Y491-X658","properties":{"id":"AC-Y491-X658","grid_x":658,"grid_y":491,"centroid":[-69.0350504,-9.1877164],"aggregation":"none","score_gradboost":0.2980932,"score_random_forest":0.2053769,"score_logistic_regression":0.4446597,"score_fuzzy_knn_k29":0.4177933},"geometry":{"type":"Polygon","coordinates":[[[-69.039115,-9.1904212],[-69.0309864,-9.1904219],[-69.0309859,-9.1850116],[-69.0391144,-9.1850108],[-69.039115,-9.1904212]]]}},{"type":"Feature","id":"AC-Y491-X659","properties":{"id":"AC-Y491-X659","grid_x":659,"grid_y":491,"centroid":[-69.0269218,-9.1877171],"aggregation":"none","score_gradboost":0.3570454,"score_random_forest":0.1695334,"score_logistic_regression":0.5066462,"score_fuzzy_knn_k29":0.3298175},"geometry":{"type":"Polygon","coordinates":[[[-69.0309864,-9.1904219],[-69.0228577,-9.1904225],[-69.0228574,-9.1850122],[-69.0309859,-9.1850116],[-69.0309864,-9.1904219]]]}},{"type":"Feature","id":"AC-Y491-X660","properties":{"id":"AC-Y491-X660","grid_x":660,"grid_y":491,"centroid":[-69.0187932,-9.1877176],"aggregation":"none","score_gradboost":0.5110351,"score_random_forest":0.2445177,"score_logistic_regression":0.4575212,"score_fuzzy_knn_k29":0.3394743},"geometry":{"type":"Polygon","coordinates":[[[-69.0228577,-9.1904225],[-69.0147291,-9.190423],[-69.0147288,-9.1850126],[-69.0228574,-9.1850122],[-69.0228577,-9.1904225]]]}},{"type":"Feature","id":"AC-Y491-X661","properties":{"id":"AC-Y491-X661","grid_x":661,"grid_y":491,"centroid":[-69.0106646,-9.1877179],"aggregation":"none","score_gradboost":0.1087975,"score_random_forest":0.087842,"score_logistic_regression":0.4913248,"score_fuzzy_knn_k29":0.2238433},"geometry":{"type":"Polygon","coordinates":[[[-69.0147291,-9.190423],[-69.0066004,-9.1904232],[-69.0066003,-9.1850129],[-69.0147288,-9.1850126],[-69.0147291,-9.190423]]]}},{"type":"Feature","id":"AC-Y491-X662","properties":{"id":"AC-Y491-X662","grid_x":662,"grid_y":491,"centroid":[-69.0025361,-9.1877181],"aggregation":"none","score_gradboost":0.0730201,"score_random_forest":0.1159473,"score_logistic_regression":0.5979005,"score_fuzzy_knn_k29":0.5787143},"geometry":{"type":"Polygon","coordinates":[[[-69.0066004,-9.1904232],[-68.9984717,-9.1904233],[-68.9984718,-9.1850129],[-69.0066003,-9.1850129],[-69.0066004,-9.1904232]]]}},{"type":"Feature","id":"AC-Y491-X663","properties":{"id":"AC-Y491-X663","grid_x":663,"grid_y":491,"centroid":[-68.9944075,-9.1877181],"aggregation":"none","score_gradboost":0.0849341,"score_random_forest":0.1554822,"score_logistic_regression":0.5439528,"score_fuzzy_knn_k29":0.4982555},"geometry":{"type":"Polygon","coordinates":[[[-68.9984717,-9.1904233],[-68.9903431,-9.1904231],[-68.9903432,-9.1850128],[-68.9984718,-9.1850129],[-68.9984717,-9.1904233]]]}},{"type":"Feature","id":"AC-Y491-X664","properties":{"id":"AC-Y491-X664","grid_x":664,"grid_y":491,"centroid":[-68.9862789,-9.1877178],"aggregation":"none","score_gradboost":0.2503686,"score_random_forest":0.2886997,"score_logistic_regression":0.49552,"score_fuzzy_knn_k29":0.4196512},"geometry":{"type":"Polygon","coordinates":[[[-68.9903431,-9.1904231],[-68.9822144,-9.1904228],[-68.9822147,-9.1850125],[-68.9903432,-9.1850128],[-68.9903431,-9.1904231]]]}},{"type":"Feature","id":"AC-Y491-X665","properties":{"id":"AC-Y491-X665","grid_x":665,"grid_y":491,"centroid":[-68.9781503,-9.1877174],"aggregation":"none","score_gradboost":0.1669034,"score_random_forest":0.1296635,"score_logistic_regression":0.554504,"score_fuzzy_knn_k29":0.3930827},"geometry":{"type":"Polygon","coordinates":[[[-68.9822144,-9.1904228],[-68.9740858,-9.1904223],[-68.9740862,-9.185012],[-68.9822147,-9.1850125],[-68.9822144,-9.1904228]]]}},{"type":"Feature","id":"AC-Y440-X645","properties":{"id":"AC-Y440-X645","grid_x":645,"grid_y":440,"centroid":[-69.1408326,-9.4636152],"aggregation":"none","score_gradboost":0.0206076,"score_random_forest":0.0264122,"score_logistic_regression":0.3116333,"score_fuzzy_knn_k29":0.0298043},"geometry":{"type":"Polygon","coordinates":[[[-69.1449012,-9.4663187],[-69.1367662,-9.4663219],[-69.136764,-9.4609117],[-69.1448989,-9.4609084],[-69.1449012,-9.4663187]]]}},{"type":"Feature","id":"AC-Y440-X646","properties":{"id":"AC-Y440-X646","grid_x":646,"grid_y":440,"centroid":[-69.1326976,-9.4636184],"aggregation":"none","score_gradboost":0.0682035,"score_random_forest":0.0544511,"score_logistic_regression":0.2987251,"score_fuzzy_knn_k29":0.0586978},"geometry":{"type":"Polygon","coordinates":[[[-69.1367662,-9.4663219],[-69.1286311,-9.466325],[-69.1286291,-9.4609148],[-69.136764,-9.4609117],[-69.1367662,-9.4663219]]]}},{"type":"Feature","id":"AC-Y440-X647","properties":{"id":"AC-Y440-X647","grid_x":647,"grid_y":440,"centroid":[-69.1245627,-9.4636214],"aggregation":"none","score_gradboost":0.0438306,"score_random_forest":0.0251534,"score_logistic_regression":0.3316279,"score_fuzzy_knn_k29":0.2303597},"geometry":{"type":"Polygon","coordinates":[[[-69.1286311,-9.466325],[-69.1204961,-9.4663279],[-69.1204942,-9.4609177],[-69.1286291,-9.4609148],[-69.1286311,-9.466325]]]}},{"type":"Feature","id":"AC-Y440-X648","properties":{"id":"AC-Y440-X648","grid_x":648,"grid_y":440,"centroid":[-69.1164277,-9.4636242],"aggregation":"none","score_gradboost":0.1748239,"score_random_forest":0.2111505,"score_logistic_regression":0.3573653,"score_fuzzy_knn_k29":0.4623115},"geometry":{"type":"Polygon","coordinates":[[[-69.1204961,-9.4663279],[-69.1123611,-9.4663306],[-69.1123593,-9.4609204],[-69.1204942,-9.4609177],[-69.1204961,-9.4663279]]]}},{"type":"Feature","id":"AC-Y440-X649","properties":{"id":"AC-Y440-X649","grid_x":649,"grid_y":440,"centroid":[-69.1082927,-9.4636268],"aggregation":"none","score_gradboost":0.2971192,"score_random_forest":0.4281768,"score_logistic_regression":0.3747448,"score_fuzzy_knn_k29":0.8325123},"geometry":{"type":"Polygon","coordinates":[[[-69.1123611,-9.4663306],[-69.1042261,-9.4663331],[-69.1042244,-9.4609229],[-69.1123593,-9.4609204],[-69.1123611,-9.4663306]]]}},{"type":"Feature","id":"AC-Y440-X650","properties":{"id":"AC-Y440-X650","grid_x":650,"grid_y":440,"centroid":[-69.1001578,-9.4636292],"aggregation":"none","score_gradboost":0.6280915,"score_random_forest":0.5528435,"score_logistic_regression":0.3256553,"score_fuzzy_knn_k29":0.7505972},"geometry":{"type":"Polygon","coordinates":[[[-69.1042261,-9.4663331],[-69.096091,-9.4663354],[-69.0960895,-9.4609252],[-69.1042244,-9.4609229],[-69.1042261,-9.4663331]]]}},{"type":"Feature","id":"AC-Y440-X651","properties":{"id":"AC-Y440-X651","grid_x":651,"grid_y":440,"centroid":[-69.0920228,-9.4636314],"aggregation":"none","score_gradboost":0.2923458,"score_random_forest":0.3022024,"score_logistic_regression":0.3827387,"score_fuzzy_knn_k29":0.2994743},"geometry":{"type":"Polygon","coordinates":[[[-69.096091,-9.4663354],[-69.087956,-9.4663376],[-69.0879546,-9.4609273],[-69.0960895,-9.4609252],[-69.096091,-9.4663354]]]}},{"type":"Feature","id":"AC-Y440-X652","properties":{"id":"AC-Y440-X652","grid_x":652,"grid_y":440,"centroid":[-69.0838878,-9.4636334],"aggregation":"none","score_gradboost":0.2422137,"score_random_forest":0.156297,"score_logistic_regression":0.3960539,"score_fuzzy_knn_k29":0.2544026},"geometry":{"type":"Polygon","coordinates":[[[-69.087956,-9.4663376],[-69.079821,-9.4663395],[-69.0798197,-9.4609293],[-69.0879546,-9.4609273],[-69.087956,-9.4663376]]]}},{"type":"Feature","id":"AC-Y441-X645","properties":{"id":"AC-Y441-X645","grid_x":645,"grid_y":441,"centroid":[-69.1408304,-9.458205],"aggregation":"none","score_gradboost":0.0192987,"score_random_forest":0.0117728,"score_logistic_regression":0.3640055,"score_fuzzy_knn_k29":0.0141287},"geometry":{"type":"Polygon","coordinates":[[[-69.1448989,-9.4609084],[-69.136764,-9.4609117],[-69.1367619,-9.4555015],[-69.1448966,-9.4554982],[-69.1448989,-9.4609084]]]}},{"type":"Feature","id":"AC-Y441-X646","properties":{"id":"AC-Y441-X646","grid_x":646,"grid_y":441,"centroid":[-69.1326955,-9.4582081],"aggregation":"none","score_gradboost":0.0628358,"score_random_forest":0.0261835,"score_logistic_regression":0.3369089,"score_fuzzy_knn_k29":0.0752238},"geometry":{"type":"Polygon","coordinates":[[[-69.136764,-9.4609117],[-69.1286291,-9.4609148],[-69.1286271,-9.4555045],[-69.1367619,-9.4555015],[-69.136764,-9.4609117]]]}},{"type":"Feature","id":"AC-Y441-X647","properties":{"id":"AC-Y441-X647","grid_x":647,"grid_y":441,"centroid":[-69.1245607,-9.4582111],"aggregation":"none","score_gradboost":0.039679,"score_random_forest":0.0479426,"score_logistic_regression":0.2985543,"score_fuzzy_knn_k29":0.1639596},"geometry":{"type":"Polygon","coordinates":[[[-69.1286291,-9.4609148],[-69.1204942,-9.4609177],[-69.1204923,-9.4555074],[-69.1286271,-9.4555045],[-69.1286291,-9.4609148]]]}},{"type":"Feature","id":"AC-Y441-X648","properties":{"id":"AC-Y441-X648","grid_x":648,"grid_y":441,"centroid":[-69.1164259,-9.4582139],"aggregation":"none","score_gradboost":0.1707861,"score_random_forest":0.2364768,"score_logistic_regression":0.32709,"score_fuzzy_knn_k29":0.4731111},"geometry":{"type":"Polygon","coordinates":[[[-69.1204942,-9.4609177],[-69.1123593,-9.4609204],[-69.1123576,-9.4555101],[-69.1204923,-9.4555074],[-69.1204942,-9.4609177]]]}},{"type":"Feature","id":"AC-Y441-X649","properties":{"id":"AC-Y441-X649","grid_x":649,"grid_y":441,"centroid":[-69.108291,-9.4582165],"aggregation":"none","score_gradboost":0.2944802,"score_random_forest":0.4711082,"score_logistic_regression":0.3349796,"score_fuzzy_knn_k29":0.5106092},"geometry":{"type":"Polygon","coordinates":[[[-69.1123593,-9.4609204],[-69.1042244,-9.4609229],[-69.1042228,-9.4555126],[-69.1123576,-9.4555101],[-69.1123593,-9.4609204]]]}},{"type":"Feature","id":"AC-Y441-X650","properties":{"id":"AC-Y441-X650","grid_x":650,"grid_y":441,"centroid":[-69.1001562,-9.4582189],"aggregation":"none","score_gradboost":0.593035,"score_random_forest":0.4834273,"score_logistic_regression":0.3089262,"score_fuzzy_knn_k29":0.7009831},"geometry":{"type":"Polygon","coordinates":[[[-69.1042244,-9.4609229],[-69.0960895,-9.4609252],[-69.096088,-9.4555149],[-69.1042228,-9.4555126],[-69.1042244,-9.4609229]]]}},{"type":"Feature","id":"AC-Y441-X651","properties":{"id":"AC-Y441-X651","grid_x":651,"grid_y":441,"centroid":[-69.0920214,-9.4582212],"aggregation":"none","score_gradboost":0.5281113,"score_random_forest":0.4154212,"score_logistic_regression":0.3511181,"score_fuzzy_knn_k29":0.4532967},"geometry":{"type":"Polygon","coordinates":[[[-69.0960895,-9.4609252],[-69.0879546,-9.4609273],[-69.0879532,-9.4555171],[-69.096088,-9.4555149],[-69.0960895,-9.4609252]]]}},{"type":"Feature","id":"AC-Y442-X645","properties":{"id":"AC-Y442-X645","grid_x":645,"grid_y":442,"centroid":[-69.1408282,-9.4527947],"aggregation":"none","score_gradboost":0.0183675,"score_random_forest":0.0084271,"score_logistic_regression":0.3507567,"score_fuzzy_knn_k29":0.0123595},"geometry":{"type":"Polygon","coordinates":[[[-69.1448966,-9.4554982],[-69.1367619,-9.4555015],[-69.1367597,-9.4500912],[-69.1448944,-9.450088],[-69.1448966,-9.4554982]]]}},{"type":"Feature","id":"AC-Y442-X646","properties":{"id":"AC-Y442-X646","grid_x":646,"grid_y":442,"centroid":[-69.1326935,-9.4527979],"aggregation":"none","score_gradboost":0.0668481,"score_random_forest":0.0342551,"score_logistic_regression":0.3198609,"score_fuzzy_knn_k29":0.0579584},"geometry":{"type":"Polygon","coordinates":[[[-69.1367619,-9.4555015],[-69.1286271,-9.4555045],[-69.1286251,-9.4500943],[-69.1367597,-9.4500912],[-69.1367619,-9.4555015]]]}},{"type":"Feature","id":"AC-Y442-X647","properties":{"id":"AC-Y442-X647","grid_x":647,"grid_y":442,"centroid":[-69.1245588,-9.4528009],"aggregation":"none","score_gradboost":0.0435124,"score_random_forest":0.0321271,"score_logistic_regression":0.319229,"score_fuzzy_knn_k29":0.1920633},"geometry":{"type":"Polygon","coordinates":[[[-69.1286271,-9.4555045],[-69.1204923,-9.4555074],[-69.1204905,-9.4500972],[-69.1286251,-9.4500943],[-69.1286271,-9.4555045]]]}},{"type":"Feature","id":"AC-Y442-X648","properties":{"id":"AC-Y442-X648","grid_x":648,"grid_y":442,"centroid":[-69.1164241,-9.4528037],"aggregation":"none","score_gradboost":0.149508,"score_random_forest":0.1906576,"score_logistic_regression":0.3102757,"score_fuzzy_knn_k29":0.4642898},"geometry":{"type":"Polygon","coordinates":[[[-69.1204923,-9.4555074],[-69.1123576,-9.4555101],[-69.1123558,-9.4500999],[-69.1204905,-9.4500972],[-69.1204923,-9.4555074]]]}},{"type":"Feature","id":"AC-Y442-X649","properties":{"id":"AC-Y442-X649","grid_x":649,"grid_y":442,"centroid":[-69.1082893,-9.4528063],"aggregation":"none","score_gradboost":0.2905195,"score_random_forest":0.4662501,"score_logistic_regression":0.3351718,"score_fuzzy_knn_k29":0.4865025},"geometry":{"type":"Polygon","coordinates":[[[-69.1123576,-9.4555101],[-69.1042228,-9.4555126],[-69.1042212,-9.4501024],[-69.1123558,-9.4500999],[-69.1123576,-9.4555101]]]}},{"type":"Feature","id":"AC-Y442-X650","properties":{"id":"AC-Y442-X650","grid_x":650,"grid_y":442,"centroid":[-69.1001546,-9.4528087],"aggregation":"none","score_gradboost":0.5234413,"score_random_forest":0.3770894,"score_logistic_regression":0.3977025,"score_fuzzy_knn_k29":0.3629733},"geometry":{"type":"Polygon","coordinates":[[[-69.1042228,-9.4555126],[-69.096088,-9.4555149],[-69.0960865,-9.4501047],[-69.1042212,-9.4501024],[-69.1042228,-9.4555126]]]}},{"type":"Feature","id":"AC-Y442-X651","properties":{"id":"AC-Y442-X651","grid_x":651,"grid_y":442,"centroid":[-69.0920199,-9.4528109],"aggregation":"none","score_gradboost":0.6565924,"score_random_forest":0.3596267,"score_logistic_regression":0.4021581,"score_fuzzy_knn_k29":0.5237881},"geometry":{"type":"Polygon","coordinates":[[[-69.096088,-9.4555149],[-69.0879532,-9.4555171],[-69.0879519,-9.4501068],[-69.0960865,-9.4501047],[-69.096088,-9.4555149]]]}},{"type":"Feature","id":"AC-Y443-X645","properties":{"id":"AC-Y443-X645","grid_x":645,"grid_y":443,"centroid":[-69.140826,-9.4473845],"aggregation":"none","score_gradboost":0.0206076,"score_random_forest":0.0123352,"score_logistic_regression":0.3206281,"score_fuzzy_knn_k29":0.0257138},"geometry":{"type":"Polygon","coordinates":[[[-69.1448944,-9.450088],[-69.1367597,-9.4500912],[-69.1367576,-9.444681],[-69.1448921,-9.4446777],[-69.1448944,-9.450088]]]}},{"type":"Feature","id":"AC-Y443-X646","properties":{"id":"AC-Y443-X646","grid_x":646,"grid_y":443,"centroid":[-69.1326914,-9.4473876],"aggregation":"none","score_gradboost":0.0485191,"score_random_forest":0.0149661,"score_logistic_regression":0.4049187,"score_fuzzy_knn_k29":0.0515015},"geometry":{"type":"Polygon","coordinates":[[[-69.1367597,-9.4500912],[-69.1286251,-9.4500943],[-69.1286231,-9.444684],[-69.1367576,-9.444681],[-69.1367597,-9.4500912]]]}},{"type":"Feature","id":"AC-Y443-X647","properties":{"id":"AC-Y443-X647","grid_x":647,"grid_y":443,"centroid":[-69.1245568,-9.4473906],"aggregation":"none","score_gradboost":0.0424169,"score_random_forest":0.0296425,"score_logistic_regression":0.3409666,"score_fuzzy_knn_k29":0.1701648},"geometry":{"type":"Polygon","coordinates":[[[-69.1286251,-9.4500943],[-69.1204905,-9.4500972],[-69.1204886,-9.4446869],[-69.1286231,-9.444684],[-69.1286251,-9.4500943]]]}},{"type":"Feature","id":"AC-Y443-X648","properties":{"id":"AC-Y443-X648","grid_x":648,"grid_y":443,"centroid":[-69.1164222,-9.4473934],"aggregation":"none","score_gradboost":0.0866667,"score_random_forest":0.0983573,"score_logistic_regression":0.2782009,"score_fuzzy_knn_k29":0.166482},"geometry":{"type":"Polygon","coordinates":[[[-69.1204905,-9.4500972],[-69.1123558,-9.4500999],[-69.1123541,-9.4446896],[-69.1204886,-9.4446869],[-69.1204905,-9.4500972]]]}},{"type":"Feature","id":"AC-Y443-X649","properties":{"id":"AC-Y443-X649","grid_x":649,"grid_y":443,"centroid":[-69.1082876,-9.447396],"aggregation":"none","score_gradboost":0.2898446,"score_random_forest":0.3728394,"score_logistic_regression":0.3137766,"score_fuzzy_knn_k29":0.4739879},"geometry":{"type":"Polygon","coordinates":[[[-69.1123558,-9.4500999],[-69.1042212,-9.4501024],[-69.1042195,-9.4446921],[-69.1123541,-9.4446896],[-69.1123558,-9.4500999]]]}},{"type":"Feature","id":"AC-Y443-X650","properties":{"id":"AC-Y443-X650","grid_x":650,"grid_y":443,"centroid":[-69.1001531,-9.4473984],"aggregation":"none","score_gradboost":0.601963,"score_random_forest":0.5073541,"score_logistic_regression":0.312984,"score_fuzzy_knn_k29":0.690148},"geometry":{"type":"Polygon","coordinates":[[[-69.1042212,-9.4501024],[-69.0960865,-9.4501047],[-69.096085,-9.4446944],[-69.1042195,-9.4446921],[-69.1042212,-9.4501024]]]}},{"type":"Feature","id":"AC-Y443-X651","properties":{"id":"AC-Y443-X651","grid_x":651,"grid_y":443,"centroid":[-69.0920185,-9.4474006],"aggregation":"none","score_gradboost":0.6893449,"score_random_forest":0.462742,"score_logistic_regression":0.3508191,"score_fuzzy_knn_k29":0.5527163},"geometry":{"type":"Polygon","coordinates":[[[-69.0960865,-9.4501047],[-69.0879519,-9.4501068],[-69.0879505,-9.4446966],[-69.096085,-9.4446944],[-69.0960865,-9.4501047]]]}},{"type":"Feature","id":"AC-Y444-X645","properties":{"id":"AC-Y444-X645","grid_x":645,"grid_y":444,"centroid":[-69.1408238,-9.4419742],"aggregation":"none","score_gradboost":0.0181381,"score_random_forest":0.0133212,"score_logistic_regression":0.3246819,"score_fuzzy_knn_k29":0.0257017},"geometry":{"type":"Polygon","coordinates":[[[-69.1448921,-9.4446777],[-69.1367576,-9.444681],[-69.1367555,-9.4392707],[-69.1448899,-9.4392675],[-69.1448921,-9.4446777]]]}},{"type":"Feature","id":"AC-Y444-X646","properties":{"id":"AC-Y444-X646","grid_x":646,"grid_y":444,"centroid":[-69.1326893,-9.4419774],"aggregation":"none","score_gradboost":0.0592527,"score_random_forest":0.0233536,"score_logistic_regression":0.3677482,"score_fuzzy_knn_k29":0.029345},"geometry":{"type":"Polygon","coordinates":[[[-69.1367576,-9.444681],[-69.1286231,-9.444684],[-69.1286211,-9.4392738],[-69.1367555,-9.4392707],[-69.1367576,-9.444681]]]}},{"type":"Feature","id":"AC-Y444-X647","properties":{"id":"AC-Y444-X647","grid_x":647,"grid_y":444,"centroid":[-69.1245549,-9.4419804],"aggregation":"none","score_gradboost":0.0401312,"score_random_forest":0.0218904,"score_logistic_regression":0.3714657,"score_fuzzy_knn_k29":0.1275155},"geometry":{"type":"Polygon","coordinates":[[[-69.1286231,-9.444684],[-69.1204886,-9.4446869],[-69.1204867,-9.4392767],[-69.1286211,-9.4392738],[-69.1286231,-9.444684]]]}},{"type":"Feature","id":"AC-Y444-X648","properties":{"id":"AC-Y444-X648","grid_x":648,"grid_y":444,"centroid":[-69.1164204,-9.4419832],"aggregation":"none","score_gradboost":0.1339908,"score_random_forest":0.1797112,"score_logistic_regression":0.3057292,"score_fuzzy_knn_k29":0.4324896},"geometry":{"type":"Polygon","coordinates":[[[-69.1204886,-9.4446869],[-69.1123541,-9.4446896],[-69.1123523,-9.4392794],[-69.1204867,-9.4392767],[-69.1204886,-9.4446869]]]}},{"type":"Feature","id":"AC-Y444-X649","properties":{"id":"AC-Y444-X649","grid_x":649,"grid_y":444,"centroid":[-69.108286,-9.4419858],"aggregation":"none","score_gradboost":0.2905195,"score_random_forest":0.4070057,"score_logistic_regression":0.3302447,"score_fuzzy_knn_k29":0.4802822},"geometry":{"type":"Polygon","coordinates":[[[-69.1123541,-9.4446896],[-69.1042195,-9.4446921],[-69.1042179,-9.4392819],[-69.1123523,-9.4392794],[-69.1123541,-9.4446896]]]}},{"type":"Feature","id":"AC-Y444-X650","properties":{"id":"AC-Y444-X650","grid_x":650,"grid_y":444,"centroid":[-69.1001515,-9.4419882],"aggregation":"none","score_gradboost":0.6330205,"score_random_forest":0.5684932,"score_logistic_regression":0.3382268,"score_fuzzy_knn_k29":0.8036419},"geometry":{"type":"Polygon","coordinates":[[[-69.1042195,-9.4446921],[-69.096085,-9.4446944],[-69.0960835,-9.4392842],[-69.1042179,-9.4392819],[-69.1042195,-9.4446921]]]}},{"type":"Feature","id":"AC-Y445-X645","properties":{"id":"AC-Y445-X645","grid_x":645,"grid_y":445,"centroid":[-69.1408216,-9.436564],"aggregation":"none","score_gradboost":0.0220168,"score_random_forest":0.0258617,"score_logistic_regression":0.2994393,"score_fuzzy_knn_k29":0.0146146},"geometry":{"type":"Polygon","coordinates":[[[-69.1448899,-9.4392675],[-69.1367555,-9.4392707],[-69.1367533,-9.4338605],[-69.1448876,-9.4338572],[-69.1448899,-9.4392675]]]}},{"type":"Feature","id":"AC-Y445-X646","properties":{"id":"AC-Y445-X646","grid_x":646,"grid_y":445,"centroid":[-69.1326873,-9.4365671],"aggregation":"none","score_gradboost":0.0401555,"score_random_forest":0.0250584,"score_logistic_regression":0.3452868,"score_fuzzy_knn_k29":0.0279355},"geometry":{"type":"Polygon","coordinates":[[[-69.1367555,-9.4392707],[-69.1286211,-9.4392738],[-69.1286191,-9.4338635],[-69.1367533,-9.4338605],[-69.1367555,-9.4392707]]]}},{"type":"Feature","id":"AC-Y445-X647","properties":{"id":"AC-Y445-X647","grid_x":647,"grid_y":445,"centroid":[-69.1245529,-9.4365701],"aggregation":"none","score_gradboost":0.0314999,"score_random_forest":0.0085917,"score_logistic_regression":0.394243,"score_fuzzy_knn_k29":0.1224801},"geometry":{"type":"Polygon","coordinates":[[[-69.1286211,-9.4392738],[-69.1204867,-9.4392767],[-69.1204848,-9.4338664],[-69.1286191,-9.4338635],[-69.1286211,-9.4392738]]]}},{"type":"Feature","id":"AC-Y445-X648","properties":{"id":"AC-Y445-X648","grid_x":648,"grid_y":445,"centroid":[-69.1164186,-9.4365729],"aggregation":"none","score_gradboost":0.0496815,"score_random_forest":0.1049036,"score_logistic_regression":0.3016679,"score_fuzzy_knn_k29":0.336601},"geometry":{"type":"Polygon","coordinates":[[[-69.1204867,-9.4392767],[-69.1123523,-9.4392794],[-69.1123506,-9.4338691],[-69.1204848,-9.4338664],[-69.1204867,-9.4392767]]]}},{"type":"Feature","id":"AC-Y445-X649","properties":{"id":"AC-Y445-X649","grid_x":649,"grid_y":445,"centroid":[-69.1082843,-9.4365755],"aggregation":"none","score_gradboost":0.2827564,"score_random_forest":0.3118727,"score_logistic_regression":0.35677,"score_fuzzy_knn_k29":0.4837053},"geometry":{"type":"Polygon","coordinates":[[[-69.1123523,-9.4392794],[-69.1042179,-9.4392819],[-69.1042163,-9.4338716],[-69.1123506,-9.4338691],[-69.1123523,-9.4392794]]]}},{"type":"Feature","id":"AC-Y445-X650","properties":{"id":"AC-Y445-X650","grid_x":650,"grid_y":445,"centroid":[-69.1001499,-9.4365779],"aggregation":"none","score_gradboost":0.4985508,"score_random_forest":0.4494544,"score_logistic_regression":0.3218152,"score_fuzzy_knn_k29":0.6271106},"geometry":{"type":"Polygon","coordinates":[[[-69.1042179,-9.4392819],[-69.0960835,-9.4392842],[-69.096082,-9.4338739],[-69.1042163,-9.4338716],[-69.1042179,-9.4392819]]]}},{"type":"Feature","id":"AC-Y446-X645","properties":{"id":"AC-Y446-X645","grid_x":645,"grid_y":446,"centroid":[-69.1408194,-9.4311537],"aggregation":"none","score_gradboost":0.0220168,"score_random_forest":0.0280655,"score_logistic_regression":0.3035519,"score_fuzzy_knn_k29":0.0131723},"geometry":{"type":"Polygon","coordinates":[[[-69.1448876,-9.4338572],[-69.1367533,-9.4338605],[-69.1367512,-9.4284502],[-69.1448853,-9.428447],[-69.1448876,-9.4338572]]]}},{"type":"Feature","id":"AC-Y446-X646","properties":{"id":"AC-Y446-X646","grid_x":646,"grid_y":446,"centroid":[-69.1326852,-9.4311569],"aggregation":"none","score_gradboost":0.0296441,"score_random_forest":0.0163255,"score_logistic_regression":0.3498398,"score_fuzzy_knn_k29":0.0237934},"geometry":{"type":"Polygon","coordinates":[[[-69.1367533,-9.4338605],[-69.1286191,-9.4338635],[-69.1286171,-9.4284533],[-69.1367512,-9.4284502],[-69.1367533,-9.4338605]]]}},{"type":"Feature","id":"AC-Y446-X647","properties":{"id":"AC-Y446-X647","grid_x":647,"grid_y":446,"centroid":[-69.124551,-9.4311599],"aggregation":"none","score_gradboost":0.0691835,"score_random_forest":0.0281447,"score_logistic_regression":0.3319218,"score_fuzzy_knn_k29":0.1171904},"geometry":{"type":"Polygon","coordinates":[[[-69.1286191,-9.4338635],[-69.1204848,-9.4338664],[-69.1204829,-9.4284561],[-69.1286171,-9.4284533],[-69.1286191,-9.4338635]]]}},{"type":"Feature","id":"AC-Y446-X648","properties":{"id":"AC-Y446-X648","grid_x":648,"grid_y":446,"centroid":[-69.1164168,-9.4311626],"aggregation":"none","score_gradboost":0.0368146,"score_random_forest":0.0114834,"score_logistic_regression":0.3988569,"score_fuzzy_knn_k29":0.2012572},"geometry":{"type":"Polygon","coordinates":[[[-69.1204848,-9.4338664],[-69.1123506,-9.4338691],[-69.1123488,-9.4284588],[-69.1204829,-9.4284561],[-69.1204848,-9.4338664]]]}},{"type":"Feature","id":"AC-Y446-X649","properties":{"id":"AC-Y446-X649","grid_x":649,"grid_y":446,"centroid":[-69.1082826,-9.4311652],"aggregation":"none","score_gradboost":0.1822144,"score_random_forest":0.2822634,"score_logistic_regression":0.3622012,"score_fuzzy_knn_k29":0.4662253},"geometry":{"type":"Polygon","coordinates":[[[-69.1123506,-9.4338691],[-69.1042163,-9.4338716],[-69.1042147,-9.4284613],[-69.1123488,-9.4284588],[-69.1123506,-9.4338691]]]}},{"type":"Feature","id":"AC-Y447-X645","properties":{"id":"AC-Y447-X645","grid_x":645,"grid_y":447,"centroid":[-69.1408172,-9.4257435],"aggregation":"none","score_gradboost":0.0197007,"score_random_forest":0.0117728,"score_logistic_regression":0.3596452,"score_fuzzy_knn_k29":0.0171585},"geometry":{"type":"Polygon","coordinates":[[[-69.1448853,-9.428447],[-69.1367512,-9.4284502],[-69.1367491,-9.4230399],[-69.1448831,-9.4230367],[-69.1448853,-9.428447]]]}},{"type":"Feature","id":"AC-Y447-X646","properties":{"id":"AC-Y447-X646","grid_x":646,"grid_y":447,"centroid":[-69.1326831,-9.4257466],"aggregation":"none","score_gradboost":0.0311288,"score_random_forest":0.0177753,"score_logistic_regression":0.3636952,"score_fuzzy_knn_k29":0.0265992},"geometry":{"type":"Polygon","coordinates":[[[-69.1367512,-9.4284502],[-69.1286171,-9.4284533],[-69.1286151,-9.423043],[-69.1367491,-9.4230399],[-69.1367512,-9.4284502]]]}},{"type":"Feature","id":"AC-Y447-X647","properties":{"id":"AC-Y447-X647","grid_x":647,"grid_y":447,"centroid":[-69.124549,-9.4257496],"aggregation":"none","score_gradboost":0.053652,"score_random_forest":0.021893,"score_logistic_regression":0.4187526,"score_fuzzy_knn_k29":0.0929762},"geometry":{"type":"Polygon","coordinates":[[[-69.1286171,-9.4284533],[-69.1204829,-9.4284561],[-69.1204811,-9.4230459],[-69.1286151,-9.423043],[-69.1286171,-9.4284533]]]}},{"type":"Feature","id":"AC-Y447-X648","properties":{"id":"AC-Y447-X648","grid_x":648,"grid_y":447,"centroid":[-69.116415,-9.4257524],"aggregation":"none","score_gradboost":0.043292,"score_random_forest":0.0228831,"score_logistic_regression":0.3723652,"score_fuzzy_knn_k29":0.1862656},"geometry":{"type":"Polygon","coordinates":[[[-69.1204829,-9.4284561],[-69.1123488,-9.4284588],[-69.1123471,-9.4230486],[-69.1204811,-9.4230459],[-69.1204829,-9.4284561]]]}},{"type":"Feature","id":"AC-Y447-X649","properties":{"id":"AC-Y447-X649","grid_x":649,"grid_y":447,"centroid":[-69.1082809,-9.425755],"aggregation":"none","score_gradboost":0.1680737,"score_random_forest":0.2171092,"score_logistic_regression":0.3414576,"score_fuzzy_knn_k29":0.4561523},"geometry":{"type":"Polygon","coordinates":[[[-69.1123488,-9.4284588],[-69.1042147,-9.4284613],[-69.104213,-9.4230511],[-69.1123471,-9.4230486],[-69.1123488,-9.4284588]]]}},{"type":"Feature","id":"AC-Y448-X645","properties":{"id":"AC-Y448-X645","grid_x":645,"grid_y":448,"centroid":[-69.140815,-9.4203332],"aggregation":"none","score_gradboost":0.016022,"score_random_forest":0.0122364,"score_logistic_regression":0.3602627,"score_fuzzy_knn_k29":0.0188771},"geometry":{"type":"Polygon","coordinates":[[[-69.1448831,-9.4230367],[-69.1367491,-9.4230399],[-69.136747,-9.4176297],[-69.1448808,-9.4176264],[-69.1448831,-9.4230367]]]}},{"type":"Feature","id":"AC-Y448-X646","properties":{"id":"AC-Y448-X646","grid_x":646,"grid_y":448,"centroid":[-69.132681,-9.4203364],"aggregation":"none","score_gradboost":0.0180172,"score_random_forest":0.0122473,"score_logistic_regression":0.3735483,"score_fuzzy_knn_k29":0.0133818},"geometry":{"type":"Polygon","coordinates":[[[-69.1367491,-9.4230399],[-69.1286151,-9.423043],[-69.1286131,-9.4176328],[-69.136747,-9.4176297],[-69.1367491,-9.4230399]]]}},{"type":"Feature","id":"AC-Y448-X647","properties":{"id":"AC-Y448-X647","grid_x":647,"grid_y":448,"centroid":[-69.1245471,-9.4203393],"aggregation":"none","score_gradboost":0.0485191,"score_random_forest":0.0141591,"score_logistic_regression":0.4010988,"score_fuzzy_knn_k29":0.0507645},"geometry":{"type":"Polygon","coordinates":[[[-69.1286151,-9.423043],[-69.1204811,-9.4230459],[-69.1204792,-9.4176356],[-69.1286131,-9.4176328],[-69.1286151,-9.423043]]]}},{"type":"Feature","id":"AC-Y448-X648","properties":{"id":"AC-Y448-X648","grid_x":648,"grid_y":448,"centroid":[-69.1164132,-9.4203421],"aggregation":"none","score_gradboost":0.0419711,"score_random_forest":0.0186047,"score_logistic_regression":0.3557494,"score_fuzzy_knn_k29":0.129157},"geometry":{"type":"Polygon","coordinates":[[[-69.1204811,-9.4230459],[-69.1123471,-9.4230486],[-69.1123453,-9.4176383],[-69.1204792,-9.4176356],[-69.1204811,-9.4230459]]]}},{"type":"Feature","id":"AC-Y448-X649","properties":{"id":"AC-Y448-X649","grid_x":649,"grid_y":448,"centroid":[-69.1082792,-9.4203447],"aggregation":"none","score_gradboost":0.0432181,"score_random_forest":0.0550297,"score_logistic_regression":0.4110585,"score_fuzzy_knn_k29":0.2325436},"geometry":{"type":"Polygon","coordinates":[[[-69.1123471,-9.4230486],[-69.104213,-9.4230511],[-69.1042114,-9.4176408],[-69.1123453,-9.4176383],[-69.1123471,-9.4230486]]]}},{"type":"Feature","id":"AC-Y449-X645","properties":{"id":"AC-Y449-X645","grid_x":645,"grid_y":449,"centroid":[-69.1408128,-9.414923],"aggregation":"none","score_gradboost":0.0179135,"score_random_forest":0.0255393,"score_logistic_regression":0.3011289,"score_fuzzy_knn_k29":0.0},"geometry":{"type":"Polygon","coordinates":[[[-69.1448808,-9.4176264],[-69.136747,-9.4176297],[-69.1367448,-9.4122194],[-69.1448786,-9.4122162],[-69.1448808,-9.4176264]]]}},{"type":"Feature","id":"AC-Y449-X646","properties":{"id":"AC-Y449-X646","grid_x":646,"grid_y":449,"centroid":[-69.132679,-9.4149261],"aggregation":"none","score_gradboost":0.020698,"score_random_forest":0.0117728,"score_logistic_regression":0.3655747,"score_fuzzy_knn_k29":0.0295171},"geometry":{"type":"Polygon","coordinates":[[[-69.136747,-9.4176297],[-69.1286131,-9.4176328],[-69.1286111,-9.4122225],[-69.1367448,-9.4122194],[-69.136747,-9.4176297]]]}},{"type":"Feature","id":"AC-Y449-X647","properties":{"id":"AC-Y449-X647","grid_x":647,"grid_y":449,"centroid":[-69.1245452,-9.4149291],"aggregation":"none","score_gradboost":0.0247221,"score_random_forest":0.0063405,"score_logistic_regression":0.3931529,"score_fuzzy_knn_k29":0.0317644},"geometry":{"type":"Polygon","coordinates":[[[-69.1286131,-9.4176328],[-69.1204792,-9.4176356],[-69.1204773,-9.4122254],[-69.1286111,-9.4122225],[-69.1286131,-9.4176328]]]}},{"type":"Feature","id":"AC-Y449-X648","properties":{"id":"AC-Y449-X648","grid_x":648,"grid_y":449,"centroid":[-69.1164113,-9.4149319],"aggregation":"none","score_gradboost":0.061791,"score_random_forest":0.0193067,"score_logistic_regression":0.3796836,"score_fuzzy_knn_k29":0.0687672},"geometry":{"type":"Polygon","coordinates":[[[-69.1204792,-9.4176356],[-69.1123453,-9.4176383],[-69.1123436,-9.412228],[-69.1204773,-9.4122254],[-69.1204792,-9.4176356]]]}},{"type":"Feature","id":"AC-Y450-X644","properties":{"id":"AC-Y450-X644","grid_x":644,"grid_y":450,"centroid":[-69.1489443,-9.4095094],"aggregation":"none","score_gradboost":0.0160735,"score_random_forest":0.0088015,"score_logistic_regression":0.2445089,"score_fuzzy_knn_k29":0.0151982},"geometry":{"type":"Polygon","coordinates":[[[-69.1530123,-9.4122128],[-69.1448786,-9.4122162],[-69.1448763,-9.4068059],[-69.1530099,-9.4068025],[-69.1530123,-9.4122128]]]}},{"type":"Feature","id":"AC-Y450-X645","properties":{"id":"AC-Y450-X645","grid_x":645,"grid_y":450,"centroid":[-69.1408106,-9.4095127],"aggregation":"none","score_gradboost":0.0156147,"score_random_forest":0.0030857,"score_logistic_regression":0.2590878,"score_fuzzy_knn_k29":0.016971},"geometry":{"type":"Polygon","coordinates":[[[-69.1448786,-9.4122162],[-69.1367448,-9.4122194],[-69.1367427,-9.4068092],[-69.1448763,-9.4068059],[-69.1448786,-9.4122162]]]}},{"type":"Feature","id":"AC-Y450-X646","properties":{"id":"AC-Y450-X646","grid_x":646,"grid_y":450,"centroid":[-69.1326769,-9.4095159],"aggregation":"none","score_gradboost":0.0197007,"score_random_forest":0.0116606,"score_logistic_regression":0.362337,"score_fuzzy_knn_k29":0.0177946},"geometry":{"type":"Polygon","coordinates":[[[-69.1367448,-9.4122194],[-69.1286111,-9.4122225],[-69.1286091,-9.4068122],[-69.1367427,-9.4068092],[-69.1367448,-9.4122194]]]}},{"type":"Feature","id":"AC-Y450-X647","properties":{"id":"AC-Y450-X647","grid_x":647,"grid_y":450,"centroid":[-69.1245432,-9.4095188],"aggregation":"none","score_gradboost":0.0190966,"score_random_forest":0.012791,"score_logistic_regression":0.3448774,"score_fuzzy_knn_k29":0.0065814},"geometry":{"type":"Polygon","coordinates":[[[-69.1286111,-9.4122225],[-69.1204773,-9.4122254],[-69.1204754,-9.4068151],[-69.1286091,-9.4068122],[-69.1286111,-9.4122225]]]}},{"type":"Feature","id":"AC-Y450-X648","properties":{"id":"AC-Y450-X648","grid_x":648,"grid_y":450,"centroid":[-69.1164095,-9.4095216],"aggregation":"none","score_gradboost":0.0701457,"score_random_forest":0.0241112,"score_logistic_regression":0.3626499,"score_fuzzy_knn_k29":0.0354287},"geometry":{"type":"Polygon","coordinates":[[[-69.1204773,-9.4122254],[-69.1123436,-9.412228],[-69.1123418,-9.4068178],[-69.1204754,-9.4068151],[-69.1204773,-9.4122254]]]}},{"type":"Feature","id":"AC-Y451-X644","properties":{"id":"AC-Y451-X644","grid_x":644,"grid_y":451,"centroid":[-69.148942,-9.4040991],"aggregation":"none","score_gradboost":0.02864,"score_random_forest":0.028457,"score_logistic_regression":0.2908984,"score_fuzzy_knn_k29":0.0311709},"geometry":{"type":"Polygon","coordinates":[[[-69.1530099,-9.4068025],[-69.1448763,-9.4068059],[-69.1448741,-9.4013957],[-69.1530076,-9.4013922],[-69.1530099,-9.4068025]]]}},{"type":"Feature","id":"AC-Y451-X645","properties":{"id":"AC-Y451-X645","grid_x":645,"grid_y":451,"centroid":[-69.1408084,-9.4041024],"aggregation":"none","score_gradboost":0.0214187,"score_random_forest":0.0147784,"score_logistic_regression":0.3369113,"score_fuzzy_knn_k29":0.0186502},"geometry":{"type":"Polygon","coordinates":[[[-69.1448763,-9.4068059],[-69.1367427,-9.4068092],[-69.1367406,-9.4013989],[-69.1448741,-9.4013957],[-69.1448763,-9.4068059]]]}},{"type":"Feature","id":"AC-Y451-X646","properties":{"id":"AC-Y451-X646","grid_x":646,"grid_y":451,"centroid":[-69.1326749,-9.4041056],"aggregation":"none","score_gradboost":0.0168305,"score_random_forest":0.0283238,"score_logistic_regression":0.2872517,"score_fuzzy_knn_k29":0.0111334},"geometry":{"type":"Polygon","coordinates":[[[-69.1367427,-9.4068092],[-69.1286091,-9.4068122],[-69.1286071,-9.401402],[-69.1367406,-9.4013989],[-69.1367427,-9.4068092]]]}},{"type":"Feature","id":"AC-Y451-X647","properties":{"id":"AC-Y451-X647","grid_x":647,"grid_y":451,"centroid":[-69.1245413,-9.4041086],"aggregation":"none","score_gradboost":0.0246059,"score_random_forest":0.0320413,"score_logistic_regression":0.2993362,"score_fuzzy_knn_k29":0.0301546},"geometry":{"type":"Polygon","coordinates":[[[-69.1286091,-9.4068122],[-69.1204754,-9.4068151],[-69.1204736,-9.4014048],[-69.1286071,-9.401402],[-69.1286091,-9.4068122]]]}},{"type":"Feature","id":"AC-Y452-X646","properties":{"id":"AC-Y452-X646","grid_x":646,"grid_y":452,"centroid":[-69.1326728,-9.3986953],"aggregation":"none","score_gradboost":0.0153958,"score_random_forest":0.0074773,"score_logistic_regression":0.2686708,"score_fuzzy_knn_k29":0.0170024},"geometry":{"type":"Polygon","coordinates":[[[-69.1367406,-9.4013989],[-69.1286071,-9.401402],[-69.1286051,-9.3959917],[-69.1367385,-9.3959886],[-69.1367406,-9.4013989]]]}},{"type":"Feature","id":"AC-Y452-X647","properties":{"id":"AC-Y452-X647","grid_x":647,"grid_y":452,"centroid":[-69.1245394,-9.3986983],"aggregation":"none","score_gradboost":0.0244646,"score_random_forest":0.0287429,"score_logistic_regression":0.2923321,"score_fuzzy_knn_k29":0.0142208},"geometry":{"type":"Polygon","coordinates":[[[-69.1286071,-9.401402],[-69.1204736,-9.4014048],[-69.1204717,-9.3959946],[-69.1286051,-9.3959917],[-69.1286071,-9.401402]]]}},{"type":"Feature","id":"AC-Y440-X642","properties":{"id":"AC-Y440-X642","grid_x":642,"grid_y":440,"centroid":[-69.1652374,-9.4636046],"aggregation":"none","score_gradboost":0.0232564,"score_random_forest":0.0260238,"score_logistic_regression":0.3093124,"score_fuzzy_knn_k29":0.0320994},"geometry":{"type":"Polygon","coordinates":[[[-69.1693062,-9.4663078],[-69.1611712,-9.4663116],[-69.1611687,-9.4609013],[-69.1693036,-9.4608975],[-69.1693062,-9.4663078]]]}},{"type":"Feature","id":"AC-Y440-X643","properties":{"id":"AC-Y440-X643","grid_x":643,"grid_y":440,"centroid":[-69.1571025,-9.4636083],"aggregation":"none","score_gradboost":0.0221749,"score_random_forest":0.0196486,"score_logistic_regression":0.360417,"score_fuzzy_knn_k29":0.0192182},"geometry":{"type":"Polygon","coordinates":[[[-69.1611712,-9.4663116],[-69.1530362,-9.4663152],[-69.1530338,-9.460905],[-69.1611687,-9.4609013],[-69.1611712,-9.4663116]]]}},{"type":"Feature","id":"AC-Y440-X644","properties":{"id":"AC-Y440-X644","grid_x":644,"grid_y":440,"centroid":[-69.1489675,-9.4636119],"aggregation":"none","score_gradboost":0.0204815,"score_random_forest":0.0137733,"score_logistic_regression":0.3420959,"score_fuzzy_knn_k29":0.0171981},"geometry":{"type":"Polygon","coordinates":[[[-69.1530362,-9.4663152],[-69.1449012,-9.4663187],[-69.1448989,-9.4609084],[-69.1530338,-9.460905],[-69.1530362,-9.4663152]]]}},{"type":"Feature","id":"AC-Y441-X642","properties":{"id":"AC-Y441-X642","grid_x":642,"grid_y":441,"centroid":[-69.1652348,-9.4581943],"aggregation":"none","score_gradboost":0.0277211,"score_random_forest":0.0255385,"score_logistic_regression":0.326322,"score_fuzzy_knn_k29":0.0300118},"geometry":{"type":"Polygon","coordinates":[[[-69.1693036,-9.4608975],[-69.1611687,-9.4609013],[-69.1611662,-9.4554911],[-69.1693009,-9.4554873],[-69.1693036,-9.4608975]]]}},{"type":"Feature","id":"AC-Y441-X643","properties":{"id":"AC-Y441-X643","grid_x":643,"grid_y":441,"centroid":[-69.1571,-9.4581981],"aggregation":"none","score_gradboost":0.025978,"score_random_forest":0.038771,"score_logistic_regression":0.2926344,"score_fuzzy_knn_k29":0.0142014},"geometry":{"type":"Polygon","coordinates":[[[-69.1611687,-9.4609013],[-69.1530338,-9.460905],[-69.1530314,-9.4554947],[-69.1611662,-9.4554911],[-69.1611687,-9.4609013]]]}},{"type":"Feature","id":"AC-Y441-X644","properties":{"id":"AC-Y441-X644","grid_x":644,"grid_y":441,"centroid":[-69.1489652,-9.4582016],"aggregation":"none","score_gradboost":0.0158217,"score_random_forest":0.0109198,"score_logistic_regression":0.3690856,"score_fuzzy_knn_k29":0.0183932},"geometry":{"type":"Polygon","coordinates":[[[-69.1530338,-9.460905],[-69.1448989,-9.4609084],[-69.1448966,-9.4554982],[-69.1530314,-9.4554947],[-69.1530338,-9.460905]]]}},{"type":"Feature","id":"AC-Y442-X643","properties":{"id":"AC-Y442-X643","grid_x":643,"grid_y":442,"centroid":[-69.1570976,-9.4527878],"aggregation":"none","score_gradboost":0.0252159,"score_random_forest":0.0259591,"score_logistic_regression":0.2889511,"score_fuzzy_knn_k29":0.0155489},"geometry":{"type":"Polygon","coordinates":[[[-69.1611662,-9.4554911],[-69.1530314,-9.4554947],[-69.153029,-9.4500845],[-69.1611636,-9.4500809],[-69.1611662,-9.4554911]]]}},{"type":"Feature","id":"AC-Y442-X644","properties":{"id":"AC-Y442-X644","grid_x":644,"grid_y":442,"centroid":[-69.1489629,-9.4527914],"aggregation":"none","score_gradboost":0.0205197,"score_random_forest":0.0404195,"score_logistic_regression":0.2923187,"score_fuzzy_knn_k29":0.0074777},"geometry":{"type":"Polygon","coordinates":[[[-69.1530314,-9.4554947],[-69.1448966,-9.4554982],[-69.1448944,-9.450088],[-69.153029,-9.4500845],[-69.1530314,-9.4554947]]]}},{"type":"Feature","id":"AC-Y443-X643","properties":{"id":"AC-Y443-X643","grid_x":643,"grid_y":443,"centroid":[-69.1570951,-9.4473776],"aggregation":"none","score_gradboost":0.0176425,"score_random_forest":0.0272678,"score_logistic_regression":0.2849868,"score_fuzzy_knn_k29":0.0159398},"geometry":{"type":"Polygon","coordinates":[[[-69.1611636,-9.4500809],[-69.153029,-9.4500845],[-69.1530266,-9.4446743],[-69.1611611,-9.4446706],[-69.1611636,-9.4500809]]]}},{"type":"Feature","id":"AC-Y443-X644","properties":{"id":"AC-Y443-X644","grid_x":644,"grid_y":443,"centroid":[-69.1489605,-9.4473811],"aggregation":"none","score_gradboost":0.0175853,"score_random_forest":0.0137529,"score_logistic_regression":0.3170054,"score_fuzzy_knn_k29":0.0068886},"geometry":{"type":"Polygon","coordinates":[[[-69.153029,-9.4500845],[-69.1448944,-9.450088],[-69.1448921,-9.4446777],[-69.1530266,-9.4446743],[-69.153029,-9.4500845]]]}},{"type":"Feature","id":"AC-Y444-X643","properties":{"id":"AC-Y444-X643","grid_x":643,"grid_y":444,"centroid":[-69.1570927,-9.4419673],"aggregation":"none","score_gradboost":0.0182249,"score_random_forest":0.0438587,"score_logistic_regression":0.27725,"score_fuzzy_knn_k29":0.0155366},"geometry":{"type":"Polygon","coordinates":[[[-69.1611611,-9.4446706],[-69.1530266,-9.4446743],[-69.1530242,-9.439264],[-69.1611586,-9.4392604],[-69.1611611,-9.4446706]]]}},{"type":"Feature","id":"AC-Y444-X644","properties":{"id":"AC-Y444-X644","grid_x":644,"grid_y":444,"centroid":[-69.1489582,-9.4419709],"aggregation":"none","score_gradboost":0.0159788,"score_random_forest":0.0096932,"score_logistic_regression":0.3383338,"score_fuzzy_knn_k29":0.0171737},"geometry":{"type":"Polygon","coordinates":[[[-69.1530266,-9.4446743],[-69.1448921,-9.4446777],[-69.1448899,-9.4392675],[-69.1530242,-9.439264],[-69.1530266,-9.4446743]]]}},{"type":"Feature","id":"AC-Y445-X643","properties":{"id":"AC-Y445-X643","grid_x":643,"grid_y":445,"centroid":[-69.1570902,-9.4365571],"aggregation":"none","score_gradboost":0.0208086,"score_random_forest":0.0245663,"score_logistic_regression":0.313181,"score_fuzzy_knn_k29":0.0174218},"geometry":{"type":"Polygon","coordinates":[[[-69.1611586,-9.4392604],[-69.1530242,-9.439264],[-69.1530219,-9.4338538],[-69.1611561,-9.4338501],[-69.1611586,-9.4392604]]]}},{"type":"Feature","id":"AC-Y445-X644","properties":{"id":"AC-Y445-X644","grid_x":644,"grid_y":445,"centroid":[-69.1489559,-9.4365606],"aggregation":"none","score_gradboost":0.0173062,"score_random_forest":0.013744,"score_logistic_regression":0.3467276,"score_fuzzy_knn_k29":0.0192045},"geometry":{"type":"Polygon","coordinates":[[[-69.1530242,-9.439264],[-69.1448899,-9.4392675],[-69.1448876,-9.4338572],[-69.1530219,-9.4338538],[-69.1530242,-9.439264]]]}},{"type":"Feature","id":"AC-Y446-X643","properties":{"id":"AC-Y446-X643","grid_x":643,"grid_y":446,"centroid":[-69.1570878,-9.4311468],"aggregation":"none","score_gradboost":0.0191768,"score_random_forest":0.022799,"score_logistic_regression":0.3257034,"score_fuzzy_knn_k29":0.0176869},"geometry":{"type":"Polygon","coordinates":[[[-69.1611561,-9.4338501],[-69.1530219,-9.4338538],[-69.1530195,-9.4284435],[-69.1611536,-9.4284399],[-69.1611561,-9.4338501]]]}},{"type":"Feature","id":"AC-Y446-X644","properties":{"id":"AC-Y446-X644","grid_x":644,"grid_y":446,"centroid":[-69.1489536,-9.4311504],"aggregation":"none","score_gradboost":0.0230051,"score_random_forest":0.0217061,"score_logistic_regression":0.3124192,"score_fuzzy_knn_k29":0.0035489},"geometry":{"type":"Polygon","coordinates":[[[-69.1530219,-9.4338538],[-69.1448876,-9.4338572],[-69.1448853,-9.428447],[-69.1530195,-9.4284435],[-69.1530219,-9.4338538]]]}},{"type":"Feature","id":"AC-Y447-X643","properties":{"id":"AC-Y447-X643","grid_x":643,"grid_y":447,"centroid":[-69.1570853,-9.4257366],"aggregation":"none","score_gradboost":0.0222042,"score_random_forest":0.0292633,"score_logistic_regression":0.2967271,"score_fuzzy_knn_k29":0.0165304},"geometry":{"type":"Polygon","coordinates":[[[-69.1611536,-9.4284399],[-69.1530195,-9.4284435],[-69.1530171,-9.4230333],[-69.1611511,-9.4230296],[-69.1611536,-9.4284399]]]}},{"type":"Feature","id":"AC-Y447-X644","properties":{"id":"AC-Y447-X644","grid_x":644,"grid_y":447,"centroid":[-69.1489512,-9.4257401],"aggregation":"none","score_gradboost":0.0214187,"score_random_forest":0.0213122,"score_logistic_regression":0.3252486,"score_fuzzy_knn_k29":0.0138185},"geometry":{"type":"Polygon","coordinates":[[[-69.1530195,-9.4284435],[-69.1448853,-9.428447],[-69.1448831,-9.4230367],[-69.1530171,-9.4230333],[-69.1530195,-9.4284435]]]}},{"type":"Feature","id":"AC-Y448-X644","properties":{"id":"AC-Y448-X644","grid_x":644,"grid_y":448,"centroid":[-69.1489489,-9.4203299],"aggregation":"none","score_gradboost":0.0201644,"score_random_forest":0.0279016,"score_logistic_regression":0.2846207,"score_fuzzy_knn_k29":0.0149004},"geometry":{"type":"Polygon","coordinates":[[[-69.1530171,-9.4230333],[-69.1448831,-9.4230367],[-69.1448808,-9.4176264],[-69.1530147,-9.417623],[-69.1530171,-9.4230333]]]}},{"type":"Feature","id":"AC-Y449-X644","properties":{"id":"AC-Y449-X644","grid_x":644,"grid_y":449,"centroid":[-69.1489466,-9.4149196],"aggregation":"none","score_gradboost":0.0198627,"score_random_forest":0.0296826,"score_logistic_regression":0.3012986,"score_fuzzy_knn_k29":0.0161879},"geometry":{"type":"Polygon","coordinates":[[[-69.1530147,-9.417623],[-69.1448808,-9.4176264],[-69.1448786,-9.4122162],[-69.1530123,-9.4122128],[-69.1530147,-9.417623]]]}},{"type":"Feature","id":"AC-Y452-X644","properties":{"id":"AC-Y452-X644","grid_x":644,"grid_y":452,"centroid":[-69.1489397,-9.3986888],"aggregation":"none","score_gradboost":0.0243725,"score_random_forest":0.0199429,"score_logistic_regression":0.3250082,"score_fuzzy_knn_k29":0.0144608},"geometry":{"type":"Polygon","coordinates":[[[-69.1530076,-9.4013922],[-69.1448741,-9.4013957],[-69.1448718,-9.3959854],[-69.1530052,-9.395982],[-69.1530076,-9.4013922]]]}},{"type":"Feature","id":"AC-Y452-X645","properties":{"id":"AC-Y452-X645","grid_x":645,"grid_y":452,"centroid":[-69.1408062,-9.3986922],"aggregation":"none","score_gradboost":0.0176425,"score_random_forest":0.0272678,"score_logistic_regression":0.2881249,"score_fuzzy_knn_k29":0.0161535},"geometry":{"type":"Polygon","coordinates":[[[-69.1448741,-9.4013957],[-69.1367406,-9.4013989],[-69.1367385,-9.3959886],[-69.1448718,-9.3959854],[-69.1448741,-9.4013957]]]}},{"type":"Feature","id":"AC-Y453-X645","properties":{"id":"AC-Y453-X645","grid_x":645,"grid_y":453,"centroid":[-69.140804,-9.3932819],"aggregation":"none","score_gradboost":0.0191768,"score_random_forest":0.0141446,"score_logistic_regression":0.339032,"score_fuzzy_knn_k29":0.0313993},"geometry":{"type":"Polygon","coordinates":[[[-69.1448718,-9.3959854],[-69.1367385,-9.3959886],[-69.1367363,-9.3905784],[-69.1448696,-9.3905751],[-69.1448718,-9.3959854]]]}},{"type":"Feature","id":"AC-Y453-X646","properties":{"id":"AC-Y453-X646","grid_x":646,"grid_y":453,"centroid":[-69.1326707,-9.3932851],"aggregation":"none","score_gradboost":0.023559,"score_random_forest":0.0214705,"score_logistic_regression":0.3262884,"score_fuzzy_knn_k29":0.0160656},"geometry":{"type":"Polygon","coordinates":[[[-69.1367385,-9.3959886],[-69.1286051,-9.3959917],[-69.1286031,-9.3905814],[-69.1367363,-9.3905784],[-69.1367385,-9.3959886]]]}},{"type":"Feature","id":"AC-Y453-X647","properties":{"id":"AC-Y453-X647","grid_x":647,"grid_y":453,"centroid":[-69.1245374,-9.393288],"aggregation":"none","score_gradboost":0.0179135,"score_random_forest":0.0292007,"score_logistic_regression":0.3098913,"score_fuzzy_knn_k29":0.0038871},"geometry":{"type":"Polygon","coordinates":[[[-69.1286051,-9.3959917],[-69.1204717,-9.3959946],[-69.1204698,-9.3905843],[-69.1286031,-9.3905814],[-69.1286051,-9.3959917]]]}},{"type":"Feature","id":"AC-Y454-X645","properties":{"id":"AC-Y454-X645","grid_x":645,"grid_y":454,"centroid":[-69.1408019,-9.3878717],"aggregation":"none","score_gradboost":0.0287037,"score_random_forest":0.0311322,"score_logistic_regression":0.3103144,"score_fuzzy_knn_k29":0.0461266},"geometry":{"type":"Polygon","coordinates":[[[-69.1448696,-9.3905751],[-69.1367363,-9.3905784],[-69.1367342,-9.3851681],[-69.1448673,-9.3851649],[-69.1448696,-9.3905751]]]}},{"type":"Feature","id":"AC-Y454-X646","properties":{"id":"AC-Y454-X646","grid_x":646,"grid_y":454,"centroid":[-69.1326687,-9.3878748],"aggregation":"none","score_gradboost":0.0206423,"score_random_forest":0.019127,"score_logistic_regression":0.349203,"score_fuzzy_knn_k29":0.034344},"geometry":{"type":"Polygon","coordinates":[[[-69.1367363,-9.3905784],[-69.1286031,-9.3905814],[-69.1286011,-9.3851712],[-69.1367342,-9.3851681],[-69.1367363,-9.3905784]]]}},{"type":"Feature","id":"AC-Y454-X647","properties":{"id":"AC-Y454-X647","grid_x":647,"grid_y":454,"centroid":[-69.1245355,-9.3878778],"aggregation":"none","score_gradboost":0.0207433,"score_random_forest":0.0082215,"score_logistic_regression":0.3367511,"score_fuzzy_knn_k29":0.0160213},"geometry":{"type":"Polygon","coordinates":[[[-69.1286031,-9.3905814],[-69.1204698,-9.3905843],[-69.120468,-9.385174],[-69.1286011,-9.3851712],[-69.1286031,-9.3905814]]]}},{"type":"Feature","id":"AC-Y454-X648","properties":{"id":"AC-Y454-X648","grid_x":648,"grid_y":454,"centroid":[-69.1164023,-9.3878805],"aggregation":"none","score_gradboost":0.0205197,"score_random_forest":0.0419247,"score_logistic_regression":0.3002584,"score_fuzzy_knn_k29":0.010897},"geometry":{"type":"Polygon","coordinates":[[[-69.1204698,-9.3905843],[-69.1123366,-9.390587],[-69.1123348,-9.3851767],[-69.120468,-9.385174],[-69.1204698,-9.3905843]]]}},{"type":"Feature","id":"AC-Y455-X645","properties":{"id":"AC-Y455-X645","grid_x":645,"grid_y":455,"centroid":[-69.1407997,-9.3824614],"aggregation":"none","score_gradboost":0.0227083,"score_random_forest":0.0271914,"score_logistic_regression":0.2910323,"score_fuzzy_knn_k29":0.0730942},"geometry":{"type":"Polygon","coordinates":[[[-69.1448673,-9.3851649],[-69.1367342,-9.3851681],[-69.1367321,-9.3797578],[-69.1448651,-9.3797546],[-69.1448673,-9.3851649]]]}},{"type":"Feature","id":"AC-Y455-X646","properties":{"id":"AC-Y455-X646","grid_x":646,"grid_y":455,"centroid":[-69.1326666,-9.3824645],"aggregation":"none","score_gradboost":0.0270056,"score_random_forest":0.0216183,"score_logistic_regression":0.3247779,"score_fuzzy_knn_k29":0.0330011},"geometry":{"type":"Polygon","coordinates":[[[-69.1367342,-9.3851681],[-69.1286011,-9.3851712],[-69.1285991,-9.3797609],[-69.1367321,-9.3797578],[-69.1367342,-9.3851681]]]}},{"type":"Feature","id":"AC-Y455-X647","properties":{"id":"AC-Y455-X647","grid_x":647,"grid_y":455,"centroid":[-69.1245336,-9.3824675],"aggregation":"none","score_gradboost":0.0203095,"score_random_forest":0.0188082,"score_logistic_regression":0.3791388,"score_fuzzy_knn_k29":0.0175765},"geometry":{"type":"Polygon","coordinates":[[[-69.1286011,-9.3851712],[-69.120468,-9.385174],[-69.1204661,-9.3797638],[-69.1285991,-9.3797609],[-69.1286011,-9.3851712]]]}},{"type":"Feature","id":"AC-Y455-X648","properties":{"id":"AC-Y455-X648","grid_x":648,"grid_y":455,"centroid":[-69.1164005,-9.3824703],"aggregation":"none","score_gradboost":0.0175853,"score_random_forest":0.0241254,"score_logistic_regression":0.323493,"score_fuzzy_knn_k29":0.0052981},"geometry":{"type":"Polygon","coordinates":[[[-69.120468,-9.385174],[-69.1123348,-9.3851767],[-69.1123331,-9.3797664],[-69.1204661,-9.3797638],[-69.120468,-9.385174]]]}},{"type":"Feature","id":"AC-Y456-X645","properties":{"id":"AC-Y456-X645","grid_x":645,"grid_y":456,"centroid":[-69.1407975,-9.3770511],"aggregation":"none","score_gradboost":0.0188548,"score_random_forest":0.0116622,"score_logistic_regression":0.3386818,"score_fuzzy_knn_k29":0.0438294},"geometry":{"type":"Polygon","coordinates":[[[-69.1448651,-9.3797546],[-69.1367321,-9.3797578],[-69.13673,-9.3743476],[-69.1448628,-9.3743443],[-69.1448651,-9.3797546]]]}},{"type":"Feature","id":"AC-Y456-X646","properties":{"id":"AC-Y456-X646","grid_x":646,"grid_y":456,"centroid":[-69.1326646,-9.3770543],"aggregation":"none","score_gradboost":0.0267268,"score_random_forest":0.0302931,"score_logistic_regression":0.305989,"score_fuzzy_knn_k29":0.0474869},"geometry":{"type":"Polygon","coordinates":[[[-69.1367321,-9.3797578],[-69.1285991,-9.3797609],[-69.1285971,-9.3743506],[-69.13673,-9.3743476],[-69.1367321,-9.3797578]]]}},{"type":"Feature","id":"AC-Y456-X647","properties":{"id":"AC-Y456-X647","grid_x":647,"grid_y":456,"centroid":[-69.1245316,-9.3770572],"aggregation":"none","score_gradboost":0.020152,"score_random_forest":0.0239068,"score_logistic_regression":0.3241761,"score_fuzzy_knn_k29":0.0345354},"geometry":{"type":"Polygon","coordinates":[[[-69.1285991,-9.3797609],[-69.1204661,-9.3797638],[-69.1204642,-9.3743535],[-69.1285971,-9.3743506],[-69.1285991,-9.3797609]]]}},{"type":"Feature","id":"AC-Y456-X648","properties":{"id":"AC-Y456-X648","grid_x":648,"grid_y":456,"centroid":[-69.1163987,-9.37706],"aggregation":"none","score_gradboost":0.018929,"score_random_forest":0.0179544,"score_logistic_regression":0.3924217,"score_fuzzy_knn_k29":0.0173892},"geometry":{"type":"Polygon","coordinates":[[[-69.1204661,-9.3797638],[-69.1123331,-9.3797664],[-69.1123314,-9.3743562],[-69.1204642,-9.3743535],[-69.1204661,-9.3797638]]]}},{"type":"Feature","id":"AC-Y456-X649","properties":{"id":"AC-Y456-X649","grid_x":649,"grid_y":456,"centroid":[-69.1082658,-9.3770626],"aggregation":"none","score_gradboost":0.0168363,"score_random_forest":0.0122364,"score_logistic_regression":0.3775212,"score_fuzzy_knn_k29":0.0199567},"geometry":{"type":"Polygon","coordinates":[[[-69.1123331,-9.3797664],[-69.1042001,-9.3797689],[-69.1041985,-9.3743586],[-69.1123314,-9.3743562],[-69.1123331,-9.3797664]]]}},{"type":"Feature","id":"AC-Y457-X646","properties":{"id":"AC-Y457-X646","grid_x":646,"grid_y":457,"centroid":[-69.1326625,-9.371644],"aggregation":"none","score_gradboost":0.0204276,"score_random_forest":0.0116893,"score_logistic_regression":0.3642972,"score_fuzzy_knn_k29":0.0189187},"geometry":{"type":"Polygon","coordinates":[[[-69.13673,-9.3743476],[-69.1285971,-9.3743506],[-69.1285951,-9.3689403],[-69.1367279,-9.3689373],[-69.13673,-9.3743476]]]}},{"type":"Feature","id":"AC-Y457-X647","properties":{"id":"AC-Y457-X647","grid_x":647,"grid_y":457,"centroid":[-69.1245297,-9.3716469],"aggregation":"none","score_gradboost":0.0263169,"score_random_forest":0.0190867,"score_logistic_regression":0.3878109,"score_fuzzy_knn_k29":0.0118675},"geometry":{"type":"Polygon","coordinates":[[[-69.1285971,-9.3743506],[-69.1204642,-9.3743535],[-69.1204624,-9.3689432],[-69.1285951,-9.3689403],[-69.1285971,-9.3743506]]]}},{"type":"Feature","id":"AC-Y457-X648","properties":{"id":"AC-Y457-X648","grid_x":648,"grid_y":457,"centroid":[-69.1163969,-9.3716497],"aggregation":"none","score_gradboost":0.0225613,"score_random_forest":0.0196486,"score_logistic_regression":0.3775502,"score_fuzzy_knn_k29":0.0361183},"geometry":{"type":"Polygon","coordinates":[[[-69.1204642,-9.3743535],[-69.1123314,-9.3743562],[-69.1123296,-9.3689459],[-69.1204624,-9.3689432],[-69.1204642,-9.3743535]]]}},{"type":"Feature","id":"AC-Y457-X649","properties":{"id":"AC-Y457-X649","grid_x":649,"grid_y":457,"centroid":[-69.1082641,-9.3716523],"aggregation":"none","score_gradboost":0.0158217,"score_random_forest":0.0109198,"score_logistic_regression":0.3810027,"score_fuzzy_knn_k29":0.0201514},"geometry":{"type":"Polygon","coordinates":[[[-69.1123314,-9.3743562],[-69.1041985,-9.3743586],[-69.1041969,-9.3689484],[-69.1123296,-9.3689459],[-69.1123314,-9.3743562]]]}},{"type":"Feature","id":"AC-Y458-X646","properties":{"id":"AC-Y458-X646","grid_x":646,"grid_y":458,"centroid":[-69.1326605,-9.3662337],"aggregation":"none","score_gradboost":0.024033,"score_random_forest":0.0302163,"score_logistic_regression":0.3090196,"score_fuzzy_knn_k29":0.062884},"geometry":{"type":"Polygon","coordinates":[[[-69.1367279,-9.3689373],[-69.1285951,-9.3689403],[-69.1285931,-9.3635301],[-69.1367257,-9.363527],[-69.1367279,-9.3689373]]]}},{"type":"Feature","id":"AC-Y458-X647","properties":{"id":"AC-Y458-X647","grid_x":647,"grid_y":458,"centroid":[-69.1245278,-9.3662367],"aggregation":"none","score_gradboost":0.0263169,"score_random_forest":0.0190867,"score_logistic_regression":0.3869366,"score_fuzzy_knn_k29":0.0223708},"geometry":{"type":"Polygon","coordinates":[[[-69.1285951,-9.3689403],[-69.1204624,-9.3689432],[-69.1204605,-9.3635329],[-69.1285931,-9.3635301],[-69.1285951,-9.3689403]]]}},{"type":"Feature","id":"AC-Y458-X648","properties":{"id":"AC-Y458-X648","grid_x":648,"grid_y":458,"centroid":[-69.1163951,-9.3662394],"aggregation":"none","score_gradboost":0.0198631,"score_random_forest":0.0158719,"score_logistic_regression":0.3498046,"score_fuzzy_knn_k29":0.0202773},"geometry":{"type":"Polygon","coordinates":[[[-69.1204624,-9.3689432],[-69.1123296,-9.3689459],[-69.1123279,-9.3635356],[-69.1204605,-9.3635329],[-69.1204624,-9.3689432]]]}},{"type":"Feature","id":"AC-Y458-X649","properties":{"id":"AC-Y458-X649","grid_x":649,"grid_y":458,"centroid":[-69.1082624,-9.366242],"aggregation":"none","score_gradboost":0.0154723,"score_random_forest":0.006122,"score_logistic_regression":0.3400083,"score_fuzzy_knn_k29":0.0152936},"geometry":{"type":"Polygon","coordinates":[[[-69.1123296,-9.3689459],[-69.1041969,-9.3689484],[-69.1041953,-9.3635381],[-69.1123279,-9.3635356],[-69.1123296,-9.3689459]]]}},{"type":"Feature","id":"AC-Y458-X650","properties":{"id":"AC-Y458-X650","grid_x":650,"grid_y":458,"centroid":[-69.1001297,-9.3662444],"aggregation":"none","score_gradboost":0.0189907,"score_random_forest":0.0084271,"score_logistic_regression":0.3610413,"score_fuzzy_knn_k29":0.025931},"geometry":{"type":"Polygon","coordinates":[[[-69.1041969,-9.3689484],[-69.0960641,-9.3689507],[-69.0960626,-9.3635404],[-69.1041953,-9.3635381],[-69.1041969,-9.3689484]]]}},{"type":"Feature","id":"AC-Y459-X646","properties":{"id":"AC-Y459-X646","grid_x":646,"grid_y":459,"centroid":[-69.1326584,-9.3608234],"aggregation":"none","score_gradboost":0.0204276,"score_random_forest":0.0171106,"score_logistic_regression":0.3735793,"score_fuzzy_knn_k29":0.0476711},"geometry":{"type":"Polygon","coordinates":[[[-69.1367257,-9.363527],[-69.1285931,-9.3635301],[-69.1285911,-9.3581198],[-69.1367236,-9.3581168],[-69.1367257,-9.363527]]]}},{"type":"Feature","id":"AC-Y459-X647","properties":{"id":"AC-Y459-X647","grid_x":647,"grid_y":459,"centroid":[-69.1245259,-9.3608264],"aggregation":"none","score_gradboost":0.0227267,"score_random_forest":0.0183664,"score_logistic_regression":0.3725594,"score_fuzzy_knn_k29":0.0102875},"geometry":{"type":"Polygon","coordinates":[[[-69.1285931,-9.3635301],[-69.1204605,-9.3635329],[-69.1204586,-9.3581226],[-69.1285911,-9.3581198],[-69.1285931,-9.3635301]]]}},{"type":"Feature","id":"AC-Y459-X648","properties":{"id":"AC-Y459-X648","grid_x":648,"grid_y":459,"centroid":[-69.1163933,-9.3608291],"aggregation":"none","score_gradboost":0.0202023,"score_random_forest":0.0190148,"score_logistic_regression":0.3760885,"score_fuzzy_knn_k29":0.0325291},"geometry":{"type":"Polygon","coordinates":[[[-69.1204605,-9.3635329],[-69.1123279,-9.3635356],[-69.1123261,-9.3581253],[-69.1204586,-9.3581226],[-69.1204605,-9.3635329]]]}},{"type":"Feature","id":"AC-Y459-X649","properties":{"id":"AC-Y459-X649","grid_x":649,"grid_y":459,"centroid":[-69.1082607,-9.3608317],"aggregation":"none","score_gradboost":0.0130827,"score_random_forest":0.0100668,"score_logistic_regression":0.416804,"score_fuzzy_knn_k29":0.0},"geometry":{"type":"Polygon","coordinates":[[[-69.1123279,-9.3635356],[-69.1041953,-9.3635381],[-69.1041936,-9.3581278],[-69.1123261,-9.3581253],[-69.1123279,-9.3635356]]]}},{"type":"Feature","id":"AC-Y459-X650","properties":{"id":"AC-Y459-X650","grid_x":650,"grid_y":459,"centroid":[-69.1001282,-9.3608341],"aggregation":"none","score_gradboost":0.015842,"score_random_forest":0.0020185,"score_logistic_regression":0.4064318,"score_fuzzy_knn_k29":0.0226839},"geometry":{"type":"Polygon","coordinates":[[[-69.1041953,-9.3635381],[-69.0960626,-9.3635404],[-69.0960611,-9.3581301],[-69.1041936,-9.3581278],[-69.1041953,-9.3635381]]]}},{"type":"Feature","id":"AC-Y460-X647","properties":{"id":"AC-Y460-X647","grid_x":647,"grid_y":460,"centroid":[-69.1245239,-9.3554161],"aggregation":"none","score_gradboost":0.0201943,"score_random_forest":0.0118921,"score_logistic_regression":0.3497496,"score_fuzzy_knn_k29":0.0201794},"geometry":{"type":"Polygon","coordinates":[[[-69.1285911,-9.3581198],[-69.1204586,-9.3581226],[-69.1204568,-9.3527124],[-69.1285891,-9.3527095],[-69.1285911,-9.3581198]]]}},{"type":"Feature","id":"AC-Y460-X648","properties":{"id":"AC-Y460-X648","grid_x":648,"grid_y":460,"centroid":[-69.1163915,-9.3554189],"aggregation":"none","score_gradboost":0.0202023,"score_random_forest":0.0190148,"score_logistic_regression":0.3757176,"score_fuzzy_knn_k29":0.0154474},"geometry":{"type":"Polygon","coordinates":[[[-69.1204586,-9.3581226],[-69.1123261,-9.3581253],[-69.1123244,-9.352715],[-69.1204568,-9.3527124],[-69.1204586,-9.3581226]]]}},{"type":"Feature","id":"AC-Y460-X649","properties":{"id":"AC-Y460-X649","grid_x":649,"grid_y":460,"centroid":[-69.1082591,-9.3554214],"aggregation":"none","score_gradboost":0.0224574,"score_random_forest":0.0121284,"score_logistic_regression":0.3568462,"score_fuzzy_knn_k29":0.0211372},"geometry":{"type":"Polygon","coordinates":[[[-69.1123261,-9.3581253],[-69.1041936,-9.3581278],[-69.104192,-9.3527175],[-69.1123244,-9.352715],[-69.1123261,-9.3581253]]]}},{"type":"Feature","id":"AC-Y460-X650","properties":{"id":"AC-Y460-X650","grid_x":650,"grid_y":460,"centroid":[-69.1001266,-9.3554238],"aggregation":"none","score_gradboost":0.0197007,"score_random_forest":0.0084271,"score_logistic_regression":0.3605186,"score_fuzzy_knn_k29":0.0175031},"geometry":{"type":"Polygon","coordinates":[[[-69.1041936,-9.3581278],[-69.0960611,-9.3581301],[-69.0960597,-9.3527198],[-69.104192,-9.3527175],[-69.1041936,-9.3581278]]]}},{"type":"Feature","id":"AC-Y460-X651","properties":{"id":"AC-Y460-X651","grid_x":651,"grid_y":460,"centroid":[-69.0919942,-9.355426],"aggregation":"none","score_gradboost":0.0255552,"score_random_forest":0.0063405,"score_logistic_regression":0.4009504,"score_fuzzy_knn_k29":0.024409},"geometry":{"type":"Polygon","coordinates":[[[-69.0960611,-9.3581301],[-69.0879286,-9.3581322],[-69.0879273,-9.3527219],[-69.0960597,-9.3527198],[-69.0960611,-9.3581301]]]}},{"type":"Feature","id":"AC-Y461-X647","properties":{"id":"AC-Y461-X647","grid_x":647,"grid_y":461,"centroid":[-69.124522,-9.3500058],"aggregation":"none","score_gradboost":0.0201943,"score_random_forest":0.0120692,"score_logistic_regression":0.349508,"score_fuzzy_knn_k29":0.024022},"geometry":{"type":"Polygon","coordinates":[[[-69.1285891,-9.3527095],[-69.1204568,-9.3527124],[-69.1204549,-9.3473021],[-69.1285872,-9.3472992],[-69.1285891,-9.3527095]]]}},{"type":"Feature","id":"AC-Y461-X648","properties":{"id":"AC-Y461-X648","grid_x":648,"grid_y":461,"centroid":[-69.1163897,-9.3500086],"aggregation":"none","score_gradboost":0.0270056,"score_random_forest":0.0216183,"score_logistic_regression":0.3270257,"score_fuzzy_knn_k29":0.0335714},"geometry":{"type":"Polygon","coordinates":[[[-69.1204568,-9.3527124],[-69.1123244,-9.352715],[-69.1123227,-9.3473048],[-69.1204549,-9.3473021],[-69.1204568,-9.3527124]]]}},{"type":"Feature","id":"AC-Y461-X649","properties":{"id":"AC-Y461-X649","grid_x":649,"grid_y":461,"centroid":[-69.1082574,-9.3500112],"aggregation":"none","score_gradboost":0.0224574,"score_random_forest":0.0194465,"score_logistic_regression":0.356834,"score_fuzzy_knn_k29":0.0209649},"geometry":{"type":"Polygon","coordinates":[[[-69.1123244,-9.352715],[-69.104192,-9.3527175],[-69.1041904,-9.3473072],[-69.1123227,-9.3473048],[-69.1123244,-9.352715]]]}},{"type":"Feature","id":"AC-Y461-X650","properties":{"id":"AC-Y461-X650","grid_x":650,"grid_y":461,"centroid":[-69.1001251,-9.3500135],"aggregation":"none","score_gradboost":0.0154723,"score_random_forest":0.0066925,"score_logistic_regression":0.3429887,"score_fuzzy_knn_k29":0.0168918},"geometry":{"type":"Polygon","coordinates":[[[-69.104192,-9.3527175],[-69.0960597,-9.3527198],[-69.0960582,-9.3473095],[-69.1041904,-9.3473072],[-69.104192,-9.3527175]]]}},{"type":"Feature","id":"AC-Y461-X651","properties":{"id":"AC-Y461-X651","grid_x":651,"grid_y":461,"centroid":[-69.0919928,-9.3500157],"aggregation":"none","score_gradboost":0.0201146,"score_random_forest":0.0104561,"score_logistic_regression":0.3781185,"score_fuzzy_knn_k29":0.0271143},"geometry":{"type":"Polygon","coordinates":[[[-69.0960597,-9.3527198],[-69.0879273,-9.3527219],[-69.0879259,-9.3473116],[-69.0960582,-9.3473095],[-69.0960597,-9.3527198]]]}},{"type":"Feature","id":"AC-Y461-X652","properties":{"id":"AC-Y461-X652","grid_x":652,"grid_y":461,"centroid":[-69.0838604,-9.3500178],"aggregation":"none","score_gradboost":0.0509912,"score_random_forest":0.0145079,"score_logistic_regression":0.4004377,"score_fuzzy_knn_k29":0.044524},"geometry":{"type":"Polygon","coordinates":[[[-69.0879273,-9.3527219],[-69.0797949,-9.3527238],[-69.0797937,-9.3473135],[-69.0879259,-9.3473116],[-69.0879273,-9.3527219]]]}},{"type":"Feature","id":"AC-Y462-X647","properties":{"id":"AC-Y462-X647","grid_x":647,"grid_y":462,"centroid":[-69.1245201,-9.3445955],"aggregation":"none","score_gradboost":0.0177794,"score_random_forest":0.0406887,"score_logistic_regression":0.2865299,"score_fuzzy_knn_k29":0.0548332},"geometry":{"type":"Polygon","coordinates":[[[-69.1285872,-9.3472992],[-69.1204549,-9.3473021],[-69.1204531,-9.3418918],[-69.1285852,-9.341889],[-69.1285872,-9.3472992]]]}},{"type":"Feature","id":"AC-Y462-X648","properties":{"id":"AC-Y462-X648","grid_x":648,"grid_y":462,"centroid":[-69.1163879,-9.3445983],"aggregation":"none","score_gradboost":0.025672,"score_random_forest":0.0519239,"score_logistic_regression":0.281973,"score_fuzzy_knn_k29":0.0585049},"geometry":{"type":"Polygon","coordinates":[[[-69.1204549,-9.3473021],[-69.1123227,-9.3473048],[-69.1123209,-9.3418945],[-69.1204531,-9.3418918],[-69.1204549,-9.3473021]]]}},{"type":"Feature","id":"AC-Y462-X649","properties":{"id":"AC-Y462-X649","grid_x":649,"grid_y":462,"centroid":[-69.1082557,-9.3446009],"aggregation":"none","score_gradboost":0.0185708,"score_random_forest":0.0219404,"score_logistic_regression":0.3351033,"score_fuzzy_knn_k29":0.0190529},"geometry":{"type":"Polygon","coordinates":[[[-69.1123227,-9.3473048],[-69.1041904,-9.3473072],[-69.1041888,-9.3418969],[-69.1123209,-9.3418945],[-69.1123227,-9.3473048]]]}},{"type":"Feature","id":"AC-Y462-X650","properties":{"id":"AC-Y462-X650","grid_x":650,"grid_y":462,"centroid":[-69.1001235,-9.3446033],"aggregation":"none","score_gradboost":0.0167583,"score_random_forest":0.012634,"score_logistic_regression":0.3563841,"score_fuzzy_knn_k29":0.0206753},"geometry":{"type":"Polygon","coordinates":[[[-69.1041904,-9.3473072],[-69.0960582,-9.3473095],[-69.0960567,-9.3418992],[-69.1041888,-9.3418969],[-69.1041904,-9.3473072]]]}},{"type":"Feature","id":"AC-Y462-X651","properties":{"id":"AC-Y462-X651","grid_x":651,"grid_y":462,"centroid":[-69.0919913,-9.3446055],"aggregation":"none","score_gradboost":0.0206025,"score_random_forest":0.0121279,"score_logistic_regression":0.3557187,"score_fuzzy_knn_k29":0.0291802},"geometry":{"type":"Polygon","coordinates":[[[-69.0960582,-9.3473095],[-69.0879259,-9.3473116],[-69.0879246,-9.3419013],[-69.0960567,-9.3418992],[-69.0960582,-9.3473095]]]}},{"type":"Feature","id":"AC-Y462-X652","properties":{"id":"AC-Y462-X652","grid_x":652,"grid_y":462,"centroid":[-69.0838591,-9.3446075],"aggregation":"none","score_gradboost":0.0305568,"score_random_forest":0.0200263,"score_logistic_regression":0.3552523,"score_fuzzy_knn_k29":0.0244702},"geometry":{"type":"Polygon","coordinates":[[[-69.0879259,-9.3473116],[-69.0797937,-9.3473135],[-69.0797924,-9.3419033],[-69.0879246,-9.3419013],[-69.0879259,-9.3473116]]]}},{"type":"Feature","id":"AC-Y463-X647","properties":{"id":"AC-Y463-X647","grid_x":647,"grid_y":463,"centroid":[-69.1245182,-9.3391853],"aggregation":"none","score_gradboost":0.0201943,"score_random_forest":0.0210652,"score_logistic_regression":0.3364542,"score_fuzzy_knn_k29":0.0688683},"geometry":{"type":"Polygon","coordinates":[[[-69.1285852,-9.341889],[-69.1204531,-9.3418918],[-69.1204512,-9.3364815],[-69.1285832,-9.3364787],[-69.1285852,-9.341889]]]}},{"type":"Feature","id":"AC-Y463-X648","properties":{"id":"AC-Y463-X648","grid_x":648,"grid_y":463,"centroid":[-69.1163861,-9.339188],"aggregation":"none","score_gradboost":0.0232208,"score_random_forest":0.0286436,"score_logistic_regression":0.3146351,"score_fuzzy_knn_k29":0.0617919},"geometry":{"type":"Polygon","coordinates":[[[-69.1204531,-9.3418918],[-69.1123209,-9.3418945],[-69.1123192,-9.3364842],[-69.1204512,-9.3364815],[-69.1204531,-9.3418918]]]}},{"type":"Feature","id":"AC-Y463-X649","properties":{"id":"AC-Y463-X649","grid_x":649,"grid_y":463,"centroid":[-69.108254,-9.3391906],"aggregation":"none","score_gradboost":0.0192284,"score_random_forest":0.0159437,"score_logistic_regression":0.3661219,"score_fuzzy_knn_k29":0.0324838},"geometry":{"type":"Polygon","coordinates":[[[-69.1123209,-9.3418945],[-69.1041888,-9.3418969],[-69.1041872,-9.3364867],[-69.1123192,-9.3364842],[-69.1123209,-9.3418945]]]}},{"type":"Feature","id":"AC-Y463-X650","properties":{"id":"AC-Y463-X650","grid_x":650,"grid_y":463,"centroid":[-69.100122,-9.339193],"aggregation":"none","score_gradboost":0.0252159,"score_random_forest":0.0276701,"score_logistic_regression":0.2969434,"score_fuzzy_knn_k29":0.0118962},"geometry":{"type":"Polygon","coordinates":[[[-69.1041888,-9.3418969],[-69.0960567,-9.3418992],[-69.0960552,-9.3364889],[-69.1041872,-9.3364867],[-69.1041888,-9.3418969]]]}},{"type":"Feature","id":"AC-Y463-X651","properties":{"id":"AC-Y463-X651","grid_x":651,"grid_y":463,"centroid":[-69.0919899,-9.3391952],"aggregation":"none","score_gradboost":0.0173604,"score_random_forest":0.0085619,"score_logistic_regression":0.3877569,"score_fuzzy_knn_k29":0.0171217},"geometry":{"type":"Polygon","coordinates":[[[-69.0960567,-9.3418992],[-69.0879246,-9.3419013],[-69.0879232,-9.336491],[-69.0960552,-9.3364889],[-69.0960567,-9.3418992]]]}},{"type":"Feature","id":"AC-Y463-X652","properties":{"id":"AC-Y463-X652","grid_x":652,"grid_y":463,"centroid":[-69.0838579,-9.3391972],"aggregation":"none","score_gradboost":0.018341,"score_random_forest":0.0080813,"score_logistic_regression":0.3474764,"score_fuzzy_knn_k29":0.0193243},"geometry":{"type":"Polygon","coordinates":[[[-69.0879246,-9.3419013],[-69.0797924,-9.3419033],[-69.0797912,-9.336493],[-69.0879232,-9.336491],[-69.0879246,-9.3419013]]]}},{"type":"Feature","id":"AC-Y463-X653","properties":{"id":"AC-Y463-X653","grid_x":653,"grid_y":463,"centroid":[-69.0757258,-9.339199],"aggregation":"none","score_gradboost":0.0603196,"score_random_forest":0.0311777,"score_logistic_regression":0.3528452,"score_fuzzy_knn_k29":0.0543679},"geometry":{"type":"Polygon","coordinates":[[[-69.0797924,-9.3419033],[-69.0716603,-9.341905],[-69.0716592,-9.3364947],[-69.0797912,-9.336493],[-69.0797924,-9.3419033]]]}},{"type":"Feature","id":"AC-Y464-X648","properties":{"id":"AC-Y464-X648","grid_x":648,"grid_y":464,"centroid":[-69.1163843,-9.3337777],"aggregation":"none","score_gradboost":0.0219107,"score_random_forest":0.0203848,"score_logistic_regression":0.3231522,"score_fuzzy_knn_k29":0.0578556},"geometry":{"type":"Polygon","coordinates":[[[-69.1204512,-9.3364815],[-69.1123192,-9.3364842],[-69.1123175,-9.3310739],[-69.1204493,-9.3310712],[-69.1204512,-9.3364815]]]}},{"type":"Feature","id":"AC-Y464-X649","properties":{"id":"AC-Y464-X649","grid_x":649,"grid_y":464,"centroid":[-69.1082524,-9.3337803],"aggregation":"none","score_gradboost":0.0229186,"score_random_forest":0.0276647,"score_logistic_regression":0.2936492,"score_fuzzy_knn_k29":0.0592373},"geometry":{"type":"Polygon","coordinates":[[[-69.1123192,-9.3364842],[-69.1041872,-9.3364867],[-69.1041856,-9.3310764],[-69.1123175,-9.3310739],[-69.1123192,-9.3364842]]]}},{"type":"Feature","id":"AC-Y464-X650","properties":{"id":"AC-Y464-X650","grid_x":650,"grid_y":464,"centroid":[-69.1001204,-9.3337827],"aggregation":"none","score_gradboost":0.0207433,"score_random_forest":0.0147784,"score_logistic_regression":0.3436626,"score_fuzzy_knn_k29":0.0196993},"geometry":{"type":"Polygon","coordinates":[[[-69.1041872,-9.3364867],[-69.0960552,-9.3364889],[-69.0960537,-9.3310787],[-69.1041856,-9.3310764],[-69.1041872,-9.3364867]]]}},{"type":"Feature","id":"AC-Y464-X651","properties":{"id":"AC-Y464-X651","grid_x":651,"grid_y":464,"centroid":[-69.0919885,-9.3337849],"aggregation":"none","score_gradboost":0.0158217,"score_random_forest":0.0109198,"score_logistic_regression":0.3799826,"score_fuzzy_knn_k29":0.0208523},"geometry":{"type":"Polygon","coordinates":[[[-69.0960552,-9.3364889],[-69.0879232,-9.336491],[-69.0879219,-9.3310808],[-69.0960537,-9.3310787],[-69.0960552,-9.3364889]]]}},{"type":"Feature","id":"AC-Y464-X652","properties":{"id":"AC-Y464-X652","grid_x":652,"grid_y":464,"centroid":[-69.0838566,-9.3337869],"aggregation":"none","score_gradboost":0.0203681,"score_random_forest":0.0084271,"score_logistic_regression":0.3627224,"score_fuzzy_knn_k29":0.0303614},"geometry":{"type":"Polygon","coordinates":[[[-69.0879232,-9.336491],[-69.0797912,-9.336493],[-69.07979,-9.3310827],[-69.0879219,-9.3310808],[-69.0879232,-9.336491]]]}},{"type":"Feature","id":"AC-Y464-X653","properties":{"id":"AC-Y464-X653","grid_x":653,"grid_y":464,"centroid":[-69.0757246,-9.3337887],"aggregation":"none","score_gradboost":0.0305568,"score_random_forest":0.021019,"score_logistic_regression":0.35953,"score_fuzzy_knn_k29":0.0215716},"geometry":{"type":"Polygon","coordinates":[[[-69.0797912,-9.336493],[-69.0716592,-9.3364947],[-69.0716581,-9.3310844],[-69.07979,-9.3310827],[-69.0797912,-9.336493]]]}},{"type":"Feature","id":"AC-Y465-X648","properties":{"id":"AC-Y465-X648","grid_x":648,"grid_y":465,"centroid":[-69.1163825,-9.3283674],"aggregation":"none","score_gradboost":0.0232208,"score_random_forest":0.0281389,"score_logistic_regression":0.3149203,"score_fuzzy_knn_k29":0.0720202},"geometry":{"type":"Polygon","coordinates":[[[-69.1204493,-9.3310712],[-69.1123175,-9.3310739],[-69.1123157,-9.3256636],[-69.1204475,-9.3256609],[-69.1204493,-9.3310712]]]}},{"type":"Feature","id":"AC-Y465-X649","properties":{"id":"AC-Y465-X649","grid_x":649,"grid_y":465,"centroid":[-69.1082507,-9.32837],"aggregation":"none","score_gradboost":0.0243725,"score_random_forest":0.0194406,"score_logistic_regression":0.331757,"score_fuzzy_knn_k29":0.0149467},"geometry":{"type":"Polygon","coordinates":[[[-69.1123175,-9.3310739],[-69.1041856,-9.3310764],[-69.104184,-9.3256661],[-69.1123157,-9.3256636],[-69.1123175,-9.3310739]]]}},{"type":"Feature","id":"AC-Y465-X650","properties":{"id":"AC-Y465-X650","grid_x":650,"grid_y":465,"centroid":[-69.1001189,-9.3283724],"aggregation":"none","score_gradboost":0.0192284,"score_random_forest":0.0190148,"score_logistic_regression":0.3719904,"score_fuzzy_knn_k29":0.0330048},"geometry":{"type":"Polygon","coordinates":[[[-69.1041856,-9.3310764],[-69.0960537,-9.3310787],[-69.0960522,-9.3256684],[-69.104184,-9.3256661],[-69.1041856,-9.3310764]]]}},{"type":"Feature","id":"AC-Y465-X651","properties":{"id":"AC-Y465-X651","grid_x":651,"grid_y":465,"centroid":[-69.0919871,-9.3283746],"aggregation":"none","score_gradboost":0.0225613,"score_random_forest":0.014032,"score_logistic_regression":0.3772718,"score_fuzzy_knn_k29":0.0215691},"geometry":{"type":"Polygon","coordinates":[[[-69.0960537,-9.3310787],[-69.0879219,-9.3310808],[-69.0879205,-9.3256705],[-69.0960522,-9.3256684],[-69.0960537,-9.3310787]]]}},{"type":"Feature","id":"AC-Y465-X652","properties":{"id":"AC-Y465-X652","grid_x":652,"grid_y":465,"centroid":[-69.0838553,-9.3283766],"aggregation":"none","score_gradboost":0.0206025,"score_random_forest":0.0131102,"score_logistic_regression":0.3603205,"score_fuzzy_knn_k29":0.0346753},"geometry":{"type":"Polygon","coordinates":[[[-69.0879219,-9.3310808],[-69.07979,-9.3310827],[-69.0797887,-9.3256724],[-69.0879205,-9.3256705],[-69.0879219,-9.3310808]]]}},{"type":"Feature","id":"AC-Y465-X653","properties":{"id":"AC-Y465-X653","grid_x":653,"grid_y":465,"centroid":[-69.0757235,-9.3283784],"aggregation":"none","score_gradboost":0.01795,"score_random_forest":0.0098613,"score_logistic_regression":0.393758,"score_fuzzy_knn_k29":0.0246735},"geometry":{"type":"Polygon","coordinates":[[[-69.07979,-9.3310827],[-69.0716581,-9.3310844],[-69.071657,-9.3256741],[-69.0797887,-9.3256724],[-69.07979,-9.3310827]]]}},{"type":"Feature","id":"AC-Y465-X654","properties":{"id":"AC-Y465-X654","grid_x":654,"grid_y":465,"centroid":[-69.0675916,-9.3283801],"aggregation":"none","score_gradboost":0.0448722,"score_random_forest":0.0272435,"score_logistic_regression":0.3842021,"score_fuzzy_knn_k29":0.0340169},"geometry":{"type":"Polygon","coordinates":[[[-69.0716581,-9.3310844],[-69.0635262,-9.3310859],[-69.0635252,-9.3256757],[-69.071657,-9.3256741],[-69.0716581,-9.3310844]]]}},{"type":"Feature","id":"AC-Y466-X648","properties":{"id":"AC-Y466-X648","grid_x":648,"grid_y":466,"centroid":[-69.1163807,-9.3229571],"aggregation":"none","score_gradboost":0.0198294,"score_random_forest":0.0186491,"score_logistic_regression":0.3591419,"score_fuzzy_knn_k29":0.0685391},"geometry":{"type":"Polygon","coordinates":[[[-69.1204475,-9.3256609],[-69.1123157,-9.3256636],[-69.112314,-9.3202533],[-69.1204456,-9.3202507],[-69.1204475,-9.3256609]]]}},{"type":"Feature","id":"AC-Y466-X649","properties":{"id":"AC-Y466-X649","grid_x":649,"grid_y":466,"centroid":[-69.108249,-9.3229597],"aggregation":"none","score_gradboost":0.0207953,"score_random_forest":0.0168767,"score_logistic_regression":0.3204438,"score_fuzzy_knn_k29":0.0743603},"geometry":{"type":"Polygon","coordinates":[[[-69.1123157,-9.3256636],[-69.104184,-9.3256661],[-69.1041824,-9.3202558],[-69.112314,-9.3202533],[-69.1123157,-9.3256636]]]}},{"type":"Feature","id":"AC-Y466-X650","properties":{"id":"AC-Y466-X650","grid_x":650,"grid_y":466,"centroid":[-69.1001174,-9.3229621],"aggregation":"none","score_gradboost":0.0241178,"score_random_forest":0.0183727,"score_logistic_regression":0.3513241,"score_fuzzy_knn_k29":0.0310528},"geometry":{"type":"Polygon","coordinates":[[[-69.104184,-9.3256661],[-69.0960522,-9.3256684],[-69.0960508,-9.3202581],[-69.1041824,-9.3202558],[-69.104184,-9.3256661]]]}},{"type":"Feature","id":"AC-Y466-X651","properties":{"id":"AC-Y466-X651","grid_x":651,"grid_y":466,"centroid":[-69.0919857,-9.3229643],"aggregation":"none","score_gradboost":0.023559,"score_random_forest":0.0219268,"score_logistic_regression":0.3347709,"score_fuzzy_knn_k29":0.032903},"geometry":{"type":"Polygon","coordinates":[[[-69.0960522,-9.3256684],[-69.0879205,-9.3256705],[-69.0879191,-9.3202602],[-69.0960508,-9.3202581],[-69.0960522,-9.3256684]]]}},{"type":"Feature","id":"AC-Y466-X652","properties":{"id":"AC-Y466-X652","grid_x":652,"grid_y":466,"centroid":[-69.083854,-9.3229663],"aggregation":"none","score_gradboost":0.0168363,"score_random_forest":0.0133464,"score_logistic_regression":0.380595,"score_fuzzy_knn_k29":0.0224001},"geometry":{"type":"Polygon","coordinates":[[[-69.0879205,-9.3256705],[-69.0797887,-9.3256724],[-69.0797875,-9.3202621],[-69.0879191,-9.3202602],[-69.0879205,-9.3256705]]]}},{"type":"Feature","id":"AC-Y466-X653","properties":{"id":"AC-Y466-X653","grid_x":653,"grid_y":466,"centroid":[-69.0757223,-9.3229681],"aggregation":"none","score_gradboost":0.0211748,"score_random_forest":0.012791,"score_logistic_regression":0.3580194,"score_fuzzy_knn_k29":0.0313517},"geometry":{"type":"Polygon","coordinates":[[[-69.0797887,-9.3256724],[-69.071657,-9.3256741],[-69.0716559,-9.3202638],[-69.0797875,-9.3202621],[-69.0797887,-9.3256724]]]}},{"type":"Feature","id":"AC-Y466-X654","properties":{"id":"AC-Y466-X654","grid_x":654,"grid_y":466,"centroid":[-69.0675906,-9.3229698],"aggregation":"none","score_gradboost":0.0306379,"score_random_forest":0.0217595,"score_logistic_regression":0.3758748,"score_fuzzy_knn_k29":0.0327096},"geometry":{"type":"Polygon","coordinates":[[[-69.071657,-9.3256741],[-69.0635252,-9.3256757],[-69.0635243,-9.3202654],[-69.0716559,-9.3202638],[-69.071657,-9.3256741]]]}},{"type":"Feature","id":"AC-Y467-X648","properties":{"id":"AC-Y467-X648","grid_x":648,"grid_y":467,"centroid":[-69.1163789,-9.3175469],"aggregation":"none","score_gradboost":0.022453,"score_random_forest":0.0111505,"score_logistic_regression":0.3473188,"score_fuzzy_knn_k29":0.0983453},"geometry":{"type":"Polygon","coordinates":[[[-69.1204456,-9.3202507],[-69.112314,-9.3202533],[-69.1123123,-9.314843],[-69.1204438,-9.3148404],[-69.1204456,-9.3202507]]]}},{"type":"Feature","id":"AC-Y467-X649","properties":{"id":"AC-Y467-X649","grid_x":649,"grid_y":467,"centroid":[-69.1082474,-9.3175494],"aggregation":"none","score_gradboost":0.0204276,"score_random_forest":0.0123969,"score_logistic_regression":0.3656754,"score_fuzzy_knn_k29":0.0296686},"geometry":{"type":"Polygon","coordinates":[[[-69.112314,-9.3202533],[-69.1041824,-9.3202558],[-69.1041808,-9.3148455],[-69.1123123,-9.314843],[-69.112314,-9.3202533]]]}},{"type":"Feature","id":"AC-Y467-X650","properties":{"id":"AC-Y467-X650","grid_x":650,"grid_y":467,"centroid":[-69.1001158,-9.3175518],"aggregation":"none","score_gradboost":0.0236246,"score_random_forest":0.0184786,"score_logistic_regression":0.3575528,"score_fuzzy_knn_k29":0.0229512},"geometry":{"type":"Polygon","coordinates":[[[-69.1041824,-9.3202558],[-69.0960508,-9.3202581],[-69.0960493,-9.3148478],[-69.1041808,-9.3148455],[-69.1041824,-9.3202558]]]}},{"type":"Feature","id":"AC-Y467-X651","properties":{"id":"AC-Y467-X651","grid_x":651,"grid_y":467,"centroid":[-69.0919843,-9.317554],"aggregation":"none","score_gradboost":0.0185708,"score_random_forest":0.0223966,"score_logistic_regression":0.3410597,"score_fuzzy_knn_k29":0.0517184},"geometry":{"type":"Polygon","coordinates":[[[-69.0960508,-9.3202581],[-69.0879191,-9.3202602],[-69.0879178,-9.3148499],[-69.0960493,-9.3148478],[-69.0960508,-9.3202581]]]}},{"type":"Feature","id":"AC-Y467-X652","properties":{"id":"AC-Y467-X652","grid_x":652,"grid_y":467,"centroid":[-69.0838527,-9.317556],"aggregation":"none","score_gradboost":0.0223258,"score_random_forest":0.0184988,"score_logistic_regression":0.3589519,"score_fuzzy_knn_k29":0.0219808},"geometry":{"type":"Polygon","coordinates":[[[-69.0879191,-9.3202602],[-69.0797875,-9.3202621],[-69.0797863,-9.3148518],[-69.0879178,-9.3148499],[-69.0879191,-9.3202602]]]}},{"type":"Feature","id":"AC-Y467-X653","properties":{"id":"AC-Y467-X653","grid_x":653,"grid_y":467,"centroid":[-69.0757211,-9.3175578],"aggregation":"none","score_gradboost":0.0163809,"score_random_forest":0.0022876,"score_logistic_regression":0.4138866,"score_fuzzy_knn_k29":0.016418},"geometry":{"type":"Polygon","coordinates":[[[-69.0797875,-9.3202621],[-69.0716559,-9.3202638],[-69.0716548,-9.3148535],[-69.0797863,-9.3148518],[-69.0797875,-9.3202621]]]}},{"type":"Feature","id":"AC-Y467-X654","properties":{"id":"AC-Y467-X654","grid_x":654,"grid_y":467,"centroid":[-69.0675896,-9.3175595],"aggregation":"none","score_gradboost":0.0166784,"score_random_forest":0.0023673,"score_logistic_regression":0.4046,"score_fuzzy_knn_k29":0.0184348},"geometry":{"type":"Polygon","coordinates":[[[-69.0716559,-9.3202638],[-69.0635243,-9.3202654],[-69.0635233,-9.3148551],[-69.0716548,-9.3148535],[-69.0716559,-9.3202638]]]}},{"type":"Feature","id":"AC-Y467-X655","properties":{"id":"AC-Y467-X655","grid_x":655,"grid_y":467,"centroid":[-69.059458,-9.3175609],"aggregation":"none","score_gradboost":0.0629583,"score_random_forest":0.0642003,"score_logistic_regression":0.3682335,"score_fuzzy_knn_k29":0.0558793},"geometry":{"type":"Polygon","coordinates":[[[-69.0635243,-9.3202654],[-69.0553926,-9.3202667],[-69.0553918,-9.3148564],[-69.0635233,-9.3148551],[-69.0635243,-9.3202654]]]}},{"type":"Feature","id":"AC-Y468-X649","properties":{"id":"AC-Y468-X649","grid_x":649,"grid_y":468,"centroid":[-69.1082457,-9.3121391],"aggregation":"none","score_gradboost":0.0206837,"score_random_forest":0.0157069,"score_logistic_regression":0.4134967,"score_fuzzy_knn_k29":0.1237536},"geometry":{"type":"Polygon","coordinates":[[[-69.1123123,-9.314843],[-69.1041808,-9.3148455],[-69.1041792,-9.3094352],[-69.1123106,-9.3094327],[-69.1123123,-9.314843]]]}},{"type":"Feature","id":"AC-Y468-X650","properties":{"id":"AC-Y468-X650","grid_x":650,"grid_y":468,"centroid":[-69.1001143,-9.3121415],"aggregation":"none","score_gradboost":0.0219107,"score_random_forest":0.0161092,"score_logistic_regression":0.3374251,"score_fuzzy_knn_k29":0.0663921},"geometry":{"type":"Polygon","coordinates":[[[-69.1041808,-9.3148455],[-69.0960493,-9.3148478],[-69.0960478,-9.3094375],[-69.1041792,-9.3094352],[-69.1041808,-9.3148455]]]}},{"type":"Feature","id":"AC-Y468-X651","properties":{"id":"AC-Y468-X651","grid_x":651,"grid_y":468,"centroid":[-69.0919828,-9.3121437],"aggregation":"none","score_gradboost":0.0288873,"score_random_forest":0.0184786,"score_logistic_regression":0.3598769,"score_fuzzy_knn_k29":0.0285442},"geometry":{"type":"Polygon","coordinates":[[[-69.0960493,-9.3148478],[-69.0879178,-9.3148499],[-69.0879164,-9.3094396],[-69.0960478,-9.3094375],[-69.0960493,-9.3148478]]]}},{"type":"Feature","id":"AC-Y468-X652","properties":{"id":"AC-Y468-X652","grid_x":652,"grid_y":468,"centroid":[-69.0838514,-9.3121457],"aggregation":"none","score_gradboost":0.0205655,"score_random_forest":0.0201248,"score_logistic_regression":0.3777693,"score_fuzzy_knn_k29":0.0375749},"geometry":{"type":"Polygon","coordinates":[[[-69.0879178,-9.3148499],[-69.0797863,-9.3148518],[-69.0797851,-9.3094415],[-69.0879164,-9.3094396],[-69.0879178,-9.3148499]]]}},{"type":"Feature","id":"AC-Y468-X653","properties":{"id":"AC-Y468-X653","grid_x":653,"grid_y":468,"centroid":[-69.07572,-9.3121475],"aggregation":"none","score_gradboost":0.0146482,"score_random_forest":0.0127109,"score_logistic_regression":0.3915846,"score_fuzzy_knn_k29":0.0216136},"geometry":{"type":"Polygon","coordinates":[[[-69.0797863,-9.3148518],[-69.0716548,-9.3148535],[-69.0716537,-9.3094432],[-69.0797851,-9.3094415],[-69.0797863,-9.3148518]]]}},{"type":"Feature","id":"AC-Y468-X654","properties":{"id":"AC-Y468-X654","grid_x":654,"grid_y":468,"centroid":[-69.0675885,-9.3121492],"aggregation":"none","score_gradboost":0.0213985,"score_random_forest":0.0127655,"score_logistic_regression":0.3826918,"score_fuzzy_knn_k29":0.0331519},"geometry":{"type":"Polygon","coordinates":[[[-69.0716548,-9.3148535],[-69.0635233,-9.3148551],[-69.0635223,-9.3094447],[-69.0716537,-9.3094432],[-69.0716548,-9.3148535]]]}},{"type":"Feature","id":"AC-Y468-X655","properties":{"id":"AC-Y468-X655","grid_x":655,"grid_y":468,"centroid":[-69.0594571,-9.3121506],"aggregation":"none","score_gradboost":0.0259884,"score_random_forest":0.0156697,"score_logistic_regression":0.4298758,"score_fuzzy_knn_k29":0.0191495},"geometry":{"type":"Polygon","coordinates":[[[-69.0635233,-9.3148551],[-69.0553918,-9.3148564],[-69.0553909,-9.3094461],[-69.0635223,-9.3094447],[-69.0635233,-9.3148551]]]}},{"type":"Feature","id":"AC-Y469-X649","properties":{"id":"AC-Y469-X649","grid_x":649,"grid_y":469,"centroid":[-69.108244,-9.3067288],"aggregation":"none","score_gradboost":0.024422,"score_random_forest":0.0115479,"score_logistic_regression":0.4153611,"score_fuzzy_knn_k29":0.0991836},"geometry":{"type":"Polygon","coordinates":[[[-69.1123106,-9.3094327],[-69.1041792,-9.3094352],[-69.1041776,-9.3040249],[-69.1123088,-9.3040224],[-69.1123106,-9.3094327]]]}},{"type":"Feature","id":"AC-Y469-X650","properties":{"id":"AC-Y469-X650","grid_x":650,"grid_y":469,"centroid":[-69.1001127,-9.3067312],"aggregation":"none","score_gradboost":0.0206837,"score_random_forest":0.0139297,"score_logistic_regression":0.4159953,"score_fuzzy_knn_k29":0.107052},"geometry":{"type":"Polygon","coordinates":[[[-69.1041792,-9.3094352],[-69.0960478,-9.3094375],[-69.0960463,-9.3040272],[-69.1041776,-9.3040249],[-69.1041792,-9.3094352]]]}},{"type":"Feature","id":"AC-Y469-X651","properties":{"id":"AC-Y469-X651","grid_x":651,"grid_y":469,"centroid":[-69.0919814,-9.3067334],"aggregation":"none","score_gradboost":0.0224677,"score_random_forest":0.0192822,"score_logistic_regression":0.3429504,"score_fuzzy_knn_k29":0.0412995},"geometry":{"type":"Polygon","coordinates":[[[-69.0960478,-9.3094375],[-69.0879164,-9.3094396],[-69.0879151,-9.3040293],[-69.0960463,-9.3040272],[-69.0960478,-9.3094375]]]}},{"type":"Feature","id":"AC-Y469-X652","properties":{"id":"AC-Y469-X652","grid_x":652,"grid_y":469,"centroid":[-69.0838501,-9.3067354],"aggregation":"none","score_gradboost":0.0192284,"score_random_forest":0.0156691,"score_logistic_regression":0.3696372,"score_fuzzy_knn_k29":0.0511467},"geometry":{"type":"Polygon","coordinates":[[[-69.0879164,-9.3094396],[-69.0797851,-9.3094415],[-69.0797838,-9.3040312],[-69.0879151,-9.3040293],[-69.0879164,-9.3094396]]]}},{"type":"Feature","id":"AC-Y469-X653","properties":{"id":"AC-Y469-X653","grid_x":653,"grid_y":469,"centroid":[-69.0757188,-9.3067372],"aggregation":"none","score_gradboost":0.0184209,"score_random_forest":0.010545,"score_logistic_regression":0.4020276,"score_fuzzy_knn_k29":0.0193814},"geometry":{"type":"Polygon","coordinates":[[[-69.0797851,-9.3094415],[-69.0716537,-9.3094432],[-69.0716526,-9.3040329],[-69.0797838,-9.3040312],[-69.0797851,-9.3094415]]]}},{"type":"Feature","id":"AC-Y469-X654","properties":{"id":"AC-Y469-X654","grid_x":654,"grid_y":469,"centroid":[-69.0675875,-9.3067389],"aggregation":"none","score_gradboost":0.0163599,"score_random_forest":0.0109198,"score_logistic_regression":0.388612,"score_fuzzy_knn_k29":0.0205329},"geometry":{"type":"Polygon","coordinates":[[[-69.0716537,-9.3094432],[-69.0635223,-9.3094447],[-69.0635213,-9.3040344],[-69.0716526,-9.3040329],[-69.0716537,-9.3094432]]]}},{"type":"Feature","id":"AC-Y469-X655","properties":{"id":"AC-Y469-X655","grid_x":655,"grid_y":469,"centroid":[-69.0594562,-9.3067403],"aggregation":"none","score_gradboost":0.0197439,"score_random_forest":0.0149166,"score_logistic_regression":0.3613405,"score_fuzzy_knn_k29":0.0211236},"geometry":{"type":"Polygon","coordinates":[[[-69.0635223,-9.3094447],[-69.0553909,-9.3094461],[-69.0553901,-9.3040358],[-69.0635213,-9.3040344],[-69.0635223,-9.3094447]]]}},{"type":"Feature","id":"AC-Y470-X649","properties":{"id":"AC-Y470-X649","grid_x":649,"grid_y":470,"centroid":[-69.1082424,-9.3013185],"aggregation":"none","score_gradboost":0.0236091,"score_random_forest":0.0154817,"score_logistic_regression":0.3661989,"score_fuzzy_knn_k29":0.0883534},"geometry":{"type":"Polygon","coordinates":[[[-69.1123088,-9.3040224],[-69.1041776,-9.3040249],[-69.104176,-9.2986146],[-69.1123071,-9.2986121],[-69.1123088,-9.3040224]]]}},{"type":"Feature","id":"AC-Y470-X650","properties":{"id":"AC-Y470-X650","grid_x":650,"grid_y":470,"centroid":[-69.1001112,-9.3013209],"aggregation":"none","score_gradboost":0.0214609,"score_random_forest":0.0169335,"score_logistic_regression":0.384206,"score_fuzzy_knn_k29":0.07976},"geometry":{"type":"Polygon","coordinates":[[[-69.1041776,-9.3040249],[-69.0960463,-9.3040272],[-69.0960449,-9.2986169],[-69.104176,-9.2986146],[-69.1041776,-9.3040249]]]}},{"type":"Feature","id":"AC-Y470-X651","properties":{"id":"AC-Y470-X651","grid_x":651,"grid_y":470,"centroid":[-69.09198,-9.3013231],"aggregation":"none","score_gradboost":0.0201943,"score_random_forest":0.0094171,"score_logistic_regression":0.3526252,"score_fuzzy_knn_k29":0.041236},"geometry":{"type":"Polygon","coordinates":[[[-69.0960463,-9.3040272],[-69.0879151,-9.3040293],[-69.0879137,-9.298619],[-69.0960449,-9.2986169],[-69.0960463,-9.3040272]]]}},{"type":"Feature","id":"AC-Y470-X652","properties":{"id":"AC-Y470-X652","grid_x":652,"grid_y":470,"centroid":[-69.0838488,-9.3013251],"aggregation":"none","score_gradboost":0.0268525,"score_random_forest":0.0173885,"score_logistic_regression":0.3528251,"score_fuzzy_knn_k29":0.0462753},"geometry":{"type":"Polygon","coordinates":[[[-69.0879151,-9.3040293],[-69.0797838,-9.3040312],[-69.0797826,-9.2986209],[-69.0879137,-9.298619],[-69.0879151,-9.3040293]]]}},{"type":"Feature","id":"AC-Y470-X653","properties":{"id":"AC-Y470-X653","grid_x":653,"grid_y":470,"centroid":[-69.0757176,-9.3013269],"aggregation":"none","score_gradboost":0.0205655,"score_random_forest":0.0159437,"score_logistic_regression":0.3764788,"score_fuzzy_knn_k29":0.0389059},"geometry":{"type":"Polygon","coordinates":[[[-69.0797838,-9.3040312],[-69.0716526,-9.3040329],[-69.0716515,-9.2986226],[-69.0797826,-9.2986209],[-69.0797838,-9.3040312]]]}},{"type":"Feature","id":"AC-Y470-X654","properties":{"id":"AC-Y470-X654","grid_x":654,"grid_y":470,"centroid":[-69.0675864,-9.3013285],"aggregation":"none","score_gradboost":0.0202856,"score_random_forest":0.0670408,"score_logistic_regression":0.4573789,"score_fuzzy_knn_k29":0.1132517},"geometry":{"type":"Polygon","coordinates":[[[-69.0716526,-9.3040329],[-69.0635213,-9.3040344],[-69.0635204,-9.2986241],[-69.0716515,-9.2986226],[-69.0716526,-9.3040329]]]}},{"type":"Feature","id":"AC-Y470-X655","properties":{"id":"AC-Y470-X655","grid_x":655,"grid_y":470,"centroid":[-69.0594552,-9.30133],"aggregation":"none","score_gradboost":0.0169637,"score_random_forest":0.0055066,"score_logistic_regression":0.4241266,"score_fuzzy_knn_k29":0.0238494},"geometry":{"type":"Polygon","coordinates":[[[-69.0635213,-9.3040344],[-69.0553901,-9.3040358],[-69.0553892,-9.2986255],[-69.0635204,-9.2986241],[-69.0635213,-9.3040344]]]}},{"type":"Feature","id":"AC-Y471-X650","properties":{"id":"AC-Y471-X650","grid_x":650,"grid_y":471,"centroid":[-69.1001097,-9.2959106],"aggregation":"none","score_gradboost":0.0241207,"score_random_forest":0.0108721,"score_logistic_regression":0.3772952,"score_fuzzy_knn_k29":0.0965311},"geometry":{"type":"Polygon","coordinates":[[[-69.104176,-9.2986146],[-69.0960449,-9.2986169],[-69.0960434,-9.2932066],[-69.1041744,-9.2932043],[-69.104176,-9.2986146]]]}},{"type":"Feature","id":"AC-Y471-X651","properties":{"id":"AC-Y471-X651","grid_x":651,"grid_y":471,"centroid":[-69.0919786,-9.2959128],"aggregation":"none","score_gradboost":0.0201943,"score_random_forest":0.010642,"score_logistic_regression":0.355727,"score_fuzzy_knn_k29":0.0581607},"geometry":{"type":"Polygon","coordinates":[[[-69.0960449,-9.2986169],[-69.0879137,-9.298619],[-69.0879124,-9.2932087],[-69.0960434,-9.2932066],[-69.0960449,-9.2986169]]]}},{"type":"Feature","id":"AC-Y471-X652","properties":{"id":"AC-Y471-X652","grid_x":652,"grid_y":471,"centroid":[-69.0838475,-9.2959148],"aggregation":"none","score_gradboost":0.0227267,"score_random_forest":0.0167365,"score_logistic_regression":0.3840023,"score_fuzzy_knn_k29":0.0430205},"geometry":{"type":"Polygon","coordinates":[[[-69.0879137,-9.298619],[-69.0797826,-9.2986209],[-69.0797814,-9.2932106],[-69.0879124,-9.2932087],[-69.0879137,-9.298619]]]}},{"type":"Feature","id":"AC-Y471-X653","properties":{"id":"AC-Y471-X653","grid_x":653,"grid_y":471,"centroid":[-69.0757165,-9.2959166],"aggregation":"none","score_gradboost":0.0165224,"score_random_forest":0.0109815,"score_logistic_regression":0.4112304,"score_fuzzy_knn_k29":0.008498},"geometry":{"type":"Polygon","coordinates":[[[-69.0797826,-9.2986209],[-69.0716515,-9.2986226],[-69.0716504,-9.2932123],[-69.0797814,-9.2932106],[-69.0797826,-9.2986209]]]}},{"type":"Feature","id":"AC-Y471-X654","properties":{"id":"AC-Y471-X654","grid_x":654,"grid_y":471,"centroid":[-69.0675854,-9.2959182],"aggregation":"none","score_gradboost":0.0145933,"score_random_forest":0.0102478,"score_logistic_regression":0.401155,"score_fuzzy_knn_k29":0.0218046},"geometry":{"type":"Polygon","coordinates":[[[-69.0716515,-9.2986226],[-69.0635204,-9.2986241],[-69.0635194,-9.2932138],[-69.0716504,-9.2932123],[-69.0716515,-9.2986226]]]}},{"type":"Feature","id":"AC-Y471-X655","properties":{"id":"AC-Y471-X655","grid_x":655,"grid_y":471,"centroid":[-69.0594543,-9.2959197],"aggregation":"none","score_gradboost":0.023795,"score_random_forest":0.037792,"score_logistic_regression":0.4718348,"score_fuzzy_knn_k29":0.1036973},"geometry":{"type":"Polygon","coordinates":[[[-69.0635204,-9.2986241],[-69.0553892,-9.2986255],[-69.0553884,-9.2932152],[-69.0635194,-9.2932138],[-69.0635204,-9.2986241]]]}},{"type":"Feature","id":"AC-Y472-X650","properties":{"id":"AC-Y472-X650","grid_x":650,"grid_y":472,"centroid":[-69.1001081,-9.2905003],"aggregation":"none","score_gradboost":0.024422,"score_random_forest":0.0196463,"score_logistic_regression":0.4311271,"score_fuzzy_knn_k29":0.1126437},"geometry":{"type":"Polygon","coordinates":[[[-69.1041744,-9.2932043],[-69.0960434,-9.2932066],[-69.0960419,-9.2877963],[-69.1041728,-9.287794],[-69.1041744,-9.2932043]]]}},{"type":"Feature","id":"AC-Y472-X651","properties":{"id":"AC-Y472-X651","grid_x":651,"grid_y":472,"centroid":[-69.0919772,-9.2905025],"aggregation":"none","score_gradboost":0.0204276,"score_random_forest":0.0138624,"score_logistic_regression":0.3802035,"score_fuzzy_knn_k29":0.066605},"geometry":{"type":"Polygon","coordinates":[[[-69.0960434,-9.2932066],[-69.0879124,-9.2932087],[-69.087911,-9.2877984],[-69.0960419,-9.2877963],[-69.0960434,-9.2932066]]]}},{"type":"Feature","id":"AC-Y472-X652","properties":{"id":"AC-Y472-X652","grid_x":652,"grid_y":472,"centroid":[-69.0838462,-9.2905045],"aggregation":"none","score_gradboost":0.0227267,"score_random_forest":0.0171044,"score_logistic_regression":0.3842602,"score_fuzzy_knn_k29":0.0438803},"geometry":{"type":"Polygon","coordinates":[[[-69.0879124,-9.2932087],[-69.0797814,-9.2932106],[-69.0797802,-9.2878003],[-69.087911,-9.2877984],[-69.0879124,-9.2932087]]]}},{"type":"Feature","id":"AC-Y472-X653","properties":{"id":"AC-Y472-X653","grid_x":653,"grid_y":472,"centroid":[-69.0757153,-9.2905063],"aggregation":"none","score_gradboost":0.0185708,"score_random_forest":0.0146009,"score_logistic_regression":0.356432,"score_fuzzy_knn_k29":0.0722114},"geometry":{"type":"Polygon","coordinates":[[[-69.0797814,-9.2932106],[-69.0716504,-9.2932123],[-69.0716493,-9.287802],[-69.0797802,-9.2878003],[-69.0797814,-9.2932106]]]}},{"type":"Feature","id":"AC-Y472-X654","properties":{"id":"AC-Y472-X654","grid_x":654,"grid_y":472,"centroid":[-69.0675844,-9.2905079],"aggregation":"none","score_gradboost":0.0141999,"score_random_forest":0.0029904,"score_logistic_regression":0.4059712,"score_fuzzy_knn_k29":0.0211067},"geometry":{"type":"Polygon","coordinates":[[[-69.0716504,-9.2932123],[-69.0635194,-9.2932138],[-69.0635184,-9.2878035],[-69.0716493,-9.287802],[-69.0716504,-9.2932123]]]}},{"type":"Feature","id":"AC-Y473-X650","properties":{"id":"AC-Y473-X650","grid_x":650,"grid_y":473,"centroid":[-69.1001066,-9.28509],"aggregation":"none","score_gradboost":0.0213115,"score_random_forest":0.0091085,"score_logistic_regression":0.4145886,"score_fuzzy_knn_k29":0.0877961},"geometry":{"type":"Polygon","coordinates":[[[-69.1041728,-9.287794],[-69.0960419,-9.2877963],[-69.0960404,-9.282386],[-69.1041712,-9.2823837],[-69.1041728,-9.287794]]]}},{"type":"Feature","id":"AC-Y473-X651","properties":{"id":"AC-Y473-X651","grid_x":651,"grid_y":473,"centroid":[-69.0919758,-9.2850922],"aggregation":"none","score_gradboost":0.0180405,"score_random_forest":0.009897,"score_logistic_regression":0.4101486,"score_fuzzy_knn_k29":0.0650088},"geometry":{"type":"Polygon","coordinates":[[[-69.0960419,-9.2877963],[-69.087911,-9.2877984],[-69.0879097,-9.282388],[-69.0960404,-9.282386],[-69.0960419,-9.2877963]]]}},{"type":"Feature","id":"AC-Y473-X652","properties":{"id":"AC-Y473-X652","grid_x":652,"grid_y":473,"centroid":[-69.083845,-9.2850942],"aggregation":"none","score_gradboost":0.0280219,"score_random_forest":0.0138394,"score_logistic_regression":0.4247308,"score_fuzzy_knn_k29":0.0991838},"geometry":{"type":"Polygon","coordinates":[[[-69.087911,-9.2877984],[-69.0797802,-9.2878003],[-69.0797789,-9.28239],[-69.0879097,-9.282388],[-69.087911,-9.2877984]]]}},{"type":"Feature","id":"AC-Y473-X653","properties":{"id":"AC-Y473-X653","grid_x":653,"grid_y":473,"centroid":[-69.0757141,-9.285096],"aggregation":"none","score_gradboost":0.0176217,"score_random_forest":0.0197351,"score_logistic_regression":0.3972379,"score_fuzzy_knn_k29":0.0318809},"geometry":{"type":"Polygon","coordinates":[[[-69.0797802,-9.2878003],[-69.0716493,-9.287802],[-69.0716482,-9.2823917],[-69.0797789,-9.28239],[-69.0797802,-9.2878003]]]}},{"type":"Feature","id":"AC-Y473-X654","properties":{"id":"AC-Y473-X654","grid_x":654,"grid_y":473,"centroid":[-69.0675833,-9.2850976],"aggregation":"none","score_gradboost":0.0165669,"score_random_forest":0.0091653,"score_logistic_regression":0.3785947,"score_fuzzy_knn_k29":0.0238996},"geometry":{"type":"Polygon","coordinates":[[[-69.0716493,-9.287802],[-69.0635184,-9.2878035],[-69.0635174,-9.2823932],[-69.0716482,-9.2823917],[-69.0716493,-9.287802]]]}},{"type":"Feature","id":"AC-Y474-X650","properties":{"id":"AC-Y474-X650","grid_x":650,"grid_y":474,"centroid":[-69.100105,-9.2796797],"aggregation":"none","score_gradboost":0.022404,"score_random_forest":0.0336082,"score_logistic_regression":0.4360589,"score_fuzzy_knn_k29":0.171186},"geometry":{"type":"Polygon","coordinates":[[[-69.1041712,-9.2823837],[-69.0960404,-9.282386],[-69.096039,-9.2769756],[-69.1041696,-9.2769734],[-69.1041712,-9.2823837]]]}},{"type":"Feature","id":"AC-Y474-X651","properties":{"id":"AC-Y474-X651","grid_x":651,"grid_y":474,"centroid":[-69.0919744,-9.2796819],"aggregation":"none","score_gradboost":0.0211624,"score_random_forest":0.010508,"score_logistic_regression":0.4218833,"score_fuzzy_knn_k29":0.0629396},"geometry":{"type":"Polygon","coordinates":[[[-69.0960404,-9.282386],[-69.0879097,-9.282388],[-69.0879083,-9.2769777],[-69.096039,-9.2769756],[-69.0960404,-9.282386]]]}},{"type":"Feature","id":"AC-Y474-X652","properties":{"id":"AC-Y474-X652","grid_x":652,"grid_y":474,"centroid":[-69.0838437,-9.2796839],"aggregation":"none","score_gradboost":0.0192284,"score_random_forest":0.0190148,"score_logistic_regression":0.3802137,"score_fuzzy_knn_k29":0.0298673},"geometry":{"type":"Polygon","coordinates":[[[-69.0879097,-9.282388],[-69.0797789,-9.28239],[-69.0797777,-9.2769796],[-69.0879083,-9.2769777],[-69.0879097,-9.282388]]]}},{"type":"Feature","id":"AC-Y474-X653","properties":{"id":"AC-Y474-X653","grid_x":653,"grid_y":474,"centroid":[-69.075713,-9.2796857],"aggregation":"none","score_gradboost":0.0175542,"score_random_forest":0.0308652,"score_logistic_regression":0.4320116,"score_fuzzy_knn_k29":0.0667914},"geometry":{"type":"Polygon","coordinates":[[[-69.0797789,-9.28239],[-69.0716482,-9.2823917],[-69.0716471,-9.2769814],[-69.0797777,-9.2769796],[-69.0797789,-9.28239]]]}},{"type":"Feature","id":"AC-Y474-X654","properties":{"id":"AC-Y474-X654","grid_x":654,"grid_y":474,"centroid":[-69.0675823,-9.2796873],"aggregation":"none","score_gradboost":0.013529,"score_random_forest":0.0044342,"score_logistic_regression":0.4231939,"score_fuzzy_knn_k29":0.0173469},"geometry":{"type":"Polygon","coordinates":[[[-69.0716482,-9.2823917],[-69.0635174,-9.2823932],[-69.0635165,-9.2769829],[-69.0716471,-9.2769814],[-69.0716482,-9.2823917]]]}},{"type":"Feature","id":"AC-Y475-X650","properties":{"id":"AC-Y475-X650","grid_x":650,"grid_y":475,"centroid":[-69.1001035,-9.2742694],"aggregation":"none","score_gradboost":0.0204276,"score_random_forest":0.0138624,"score_logistic_regression":0.3733807,"score_fuzzy_knn_k29":0.0608465},"geometry":{"type":"Polygon","coordinates":[[[-69.1041696,-9.2769734],[-69.096039,-9.2769756],[-69.0960375,-9.2715653],[-69.104168,-9.2715631],[-69.1041696,-9.2769734]]]}},{"type":"Feature","id":"AC-Y475-X651","properties":{"id":"AC-Y475-X651","grid_x":651,"grid_y":475,"centroid":[-69.091973,-9.2742716],"aggregation":"none","score_gradboost":0.0351214,"score_random_forest":0.0886976,"score_logistic_regression":0.4578067,"score_fuzzy_knn_k29":0.2714401},"geometry":{"type":"Polygon","coordinates":[[[-69.096039,-9.2769756],[-69.0879083,-9.2769777],[-69.087907,-9.2715674],[-69.0960375,-9.2715653],[-69.096039,-9.2769756]]]}},{"type":"Feature","id":"AC-Y475-X652","properties":{"id":"AC-Y475-X652","grid_x":652,"grid_y":475,"centroid":[-69.0838424,-9.2742736],"aggregation":"none","score_gradboost":0.0192284,"score_random_forest":0.0159437,"score_logistic_regression":0.3732877,"score_fuzzy_knn_k29":0.0506196},"geometry":{"type":"Polygon","coordinates":[[[-69.0879083,-9.2769777],[-69.0797777,-9.2769796],[-69.0797765,-9.2715693],[-69.087907,-9.2715674],[-69.0879083,-9.2769777]]]}},{"type":"Feature","id":"AC-Y475-X653","properties":{"id":"AC-Y475-X653","grid_x":653,"grid_y":475,"centroid":[-69.0757118,-9.2742754],"aggregation":"none","score_gradboost":0.0178975,"score_random_forest":0.0109664,"score_logistic_regression":0.3963988,"score_fuzzy_knn_k29":0.0209045},"geometry":{"type":"Polygon","coordinates":[[[-69.0797777,-9.2769796],[-69.0716471,-9.2769814],[-69.071646,-9.2715711],[-69.0797765,-9.2715693],[-69.0797777,-9.2769796]]]}},{"type":"Feature","id":"AC-Y475-X654","properties":{"id":"AC-Y475-X654","grid_x":654,"grid_y":475,"centroid":[-69.0675813,-9.274277],"aggregation":"none","score_gradboost":0.0163809,"score_random_forest":0.0020185,"score_logistic_regression":0.4201929,"score_fuzzy_knn_k29":0.0147417},"geometry":{"type":"Polygon","coordinates":[[[-69.0716471,-9.2769814],[-69.0635165,-9.2769829],[-69.0635155,-9.2715726],[-69.071646,-9.2715711],[-69.0716471,-9.2769814]]]}},{"type":"Feature","id":"AC-Y476-X650","properties":{"id":"AC-Y476-X650","grid_x":650,"grid_y":476,"centroid":[-69.100102,-9.2688591],"aggregation":"none","score_gradboost":0.031609,"score_random_forest":0.0808068,"score_logistic_regression":0.447394,"score_fuzzy_knn_k29":0.2061584},"geometry":{"type":"Polygon","coordinates":[[[-69.104168,-9.2715631],[-69.0960375,-9.2715653],[-69.096036,-9.266155],[-69.1041664,-9.2661528],[-69.104168,-9.2715631]]]}},{"type":"Feature","id":"AC-Y476-X651","properties":{"id":"AC-Y476-X651","grid_x":651,"grid_y":476,"centroid":[-69.0919715,-9.2688613],"aggregation":"none","score_gradboost":0.0280219,"score_random_forest":0.0284221,"score_logistic_regression":0.427796,"score_fuzzy_knn_k29":0.1438943},"geometry":{"type":"Polygon","coordinates":[[[-69.0960375,-9.2715653],[-69.087907,-9.2715674],[-69.0879057,-9.2661571],[-69.096036,-9.266155],[-69.0960375,-9.2715653]]]}},{"type":"Feature","id":"AC-Y476-X652","properties":{"id":"AC-Y476-X652","grid_x":652,"grid_y":476,"centroid":[-69.0838411,-9.2688632],"aggregation":"none","score_gradboost":0.0185708,"score_random_forest":0.0163282,"score_logistic_regression":0.3536883,"score_fuzzy_knn_k29":0.0208013},"geometry":{"type":"Polygon","coordinates":[[[-69.087907,-9.2715674],[-69.0797765,-9.2715693],[-69.0797753,-9.266159],[-69.0879056,-9.2661571],[-69.087907,-9.2715674]]]}},{"type":"Feature","id":"AC-Y476-X653","properties":{"id":"AC-Y476-X653","grid_x":653,"grid_y":476,"centroid":[-69.0757107,-9.2688651],"aggregation":"none","score_gradboost":0.0130827,"score_random_forest":0.0089568,"score_logistic_regression":0.4222867,"score_fuzzy_knn_k29":0.0},"geometry":{"type":"Polygon","coordinates":[[[-69.0797765,-9.2715693],[-69.071646,-9.2715711],[-69.0716449,-9.2661607],[-69.0797753,-9.266159],[-69.0797765,-9.2715693]]]}},{"type":"Feature","id":"AC-Y476-X654","properties":{"id":"AC-Y476-X654","grid_x":654,"grid_y":476,"centroid":[-69.0675802,-9.2688667],"aggregation":"none","score_gradboost":0.017347,"score_random_forest":0.0076516,"score_logistic_regression":0.4316095,"score_fuzzy_knn_k29":0.0210674},"geometry":{"type":"Polygon","coordinates":[[[-69.071646,-9.2715711],[-69.0635155,-9.2715726],[-69.0635145,-9.2661623],[-69.0716449,-9.2661607],[-69.071646,-9.2715711]]]}},{"type":"Feature","id":"AC-Y477-X650","properties":{"id":"AC-Y477-X650","grid_x":650,"grid_y":477,"centroid":[-69.1001004,-9.2634488],"aggregation":"none","score_gradboost":0.031609,"score_random_forest":0.082735,"score_logistic_regression":0.4758901,"score_fuzzy_knn_k29":0.3527865},"geometry":{"type":"Polygon","coordinates":[[[-69.1041664,-9.2661528],[-69.096036,-9.266155],[-69.0960346,-9.2607447],[-69.1041648,-9.2607424],[-69.1041664,-9.2661528]]]}},{"type":"Feature","id":"AC-Y477-X651","properties":{"id":"AC-Y477-X651","grid_x":651,"grid_y":477,"centroid":[-69.0919701,-9.2634509],"aggregation":"none","score_gradboost":0.0291179,"score_random_forest":0.0267726,"score_logistic_regression":0.3275057,"score_fuzzy_knn_k29":0.0492786},"geometry":{"type":"Polygon","coordinates":[[[-69.096036,-9.266155],[-69.0879057,-9.2661571],[-69.0879043,-9.2607468],[-69.0960346,-9.2607447],[-69.096036,-9.266155]]]}},{"type":"Feature","id":"AC-Y477-X652","properties":{"id":"AC-Y477-X652","grid_x":652,"grid_y":477,"centroid":[-69.0838398,-9.2634529],"aggregation":"none","score_gradboost":0.0214762,"score_random_forest":0.0163029,"score_logistic_regression":0.3664926,"score_fuzzy_knn_k29":0.0386292},"geometry":{"type":"Polygon","coordinates":[[[-69.0879056,-9.2661571],[-69.0797753,-9.266159],[-69.0797741,-9.2607487],[-69.0879043,-9.2607468],[-69.0879056,-9.2661571]]]}},{"type":"Feature","id":"AC-Y477-X653","properties":{"id":"AC-Y477-X653","grid_x":653,"grid_y":477,"centroid":[-69.0757095,-9.2634547],"aggregation":"none","score_gradboost":0.0167583,"score_random_forest":0.0131102,"score_logistic_regression":0.3615337,"score_fuzzy_knn_k29":0.0204225},"geometry":{"type":"Polygon","coordinates":[[[-69.0797753,-9.266159],[-69.0716449,-9.2661607],[-69.0716438,-9.2607504],[-69.0797741,-9.2607487],[-69.0797753,-9.266159]]]}},{"type":"Feature","id":"AC-Y478-X650","properties":{"id":"AC-Y478-X650","grid_x":650,"grid_y":478,"centroid":[-69.1000989,-9.2580384],"aggregation":"none","score_gradboost":0.031609,"score_random_forest":0.082239,"score_logistic_regression":0.4515786,"score_fuzzy_knn_k29":0.2352059},"geometry":{"type":"Polygon","coordinates":[[[-69.1041648,-9.2607424],[-69.0960346,-9.2607447],[-69.0960331,-9.2553344],[-69.1041632,-9.2553321],[-69.1041648,-9.2607424]]]}},{"type":"Feature","id":"AC-Y478-X651","properties":{"id":"AC-Y478-X651","grid_x":651,"grid_y":478,"centroid":[-69.0919687,-9.2580406],"aggregation":"none","score_gradboost":0.0192284,"score_random_forest":0.0190148,"score_logistic_regression":0.3758097,"score_fuzzy_knn_k29":0.0147313},"geometry":{"type":"Polygon","coordinates":[[[-69.0960346,-9.2607447],[-69.0879043,-9.2607468],[-69.087903,-9.2553365],[-69.0960331,-9.2553344],[-69.0960346,-9.2607447]]]}},{"type":"Feature","id":"AC-Y478-X652","properties":{"id":"AC-Y478-X652","grid_x":652,"grid_y":478,"centroid":[-69.0838385,-9.2580426],"aggregation":"none","score_gradboost":0.0226947,"score_random_forest":0.0299822,"score_logistic_regression":0.3139834,"score_fuzzy_knn_k29":0.012073},"geometry":{"type":"Polygon","coordinates":[[[-69.0879043,-9.2607468],[-69.0797741,-9.2607487],[-69.0797728,-9.2553384],[-69.087903,-9.2553365],[-69.0879043,-9.2607468]]]}},{"type":"Feature","id":"AC-Y478-X653","properties":{"id":"AC-Y478-X653","grid_x":653,"grid_y":478,"centroid":[-69.0757083,-9.2580444],"aggregation":"none","score_gradboost":0.0213985,"score_random_forest":0.0116606,"score_logistic_regression":0.3791177,"score_fuzzy_knn_k29":0.0355495},"geometry":{"type":"Polygon","coordinates":[[[-69.0797741,-9.2607487],[-69.0716438,-9.2607504],[-69.0716427,-9.2553401],[-69.0797728,-9.2553384],[-69.0797741,-9.2607487]]]}},{"type":"Feature","id":"AC-Y479-X651","properties":{"id":"AC-Y479-X651","grid_x":651,"grid_y":479,"centroid":[-69.0919673,-9.2526303],"aggregation":"none","score_gradboost":0.0289827,"score_random_forest":0.089361,"score_logistic_regression":0.4508055,"score_fuzzy_knn_k29":0.219332},"geometry":{"type":"Polygon","coordinates":[[[-69.0960331,-9.2553344],[-69.087903,-9.2553365],[-69.0879016,-9.2499262],[-69.0960316,-9.2499241],[-69.0960331,-9.2553344]]]}},{"type":"Feature","id":"AC-Y479-X652","properties":{"id":"AC-Y479-X652","grid_x":652,"grid_y":479,"centroid":[-69.0838373,-9.2526323],"aggregation":"none","score_gradboost":0.0207433,"score_random_forest":0.0115229,"score_logistic_regression":0.3482008,"score_fuzzy_knn_k29":0.0193114},"geometry":{"type":"Polygon","coordinates":[[[-69.087903,-9.2553365],[-69.0797728,-9.2553384],[-69.0797716,-9.2499281],[-69.0879016,-9.2499262],[-69.087903,-9.2553365]]]}},{"type":"Feature","id":"AC-Y479-X653","properties":{"id":"AC-Y479-X653","grid_x":653,"grid_y":479,"centroid":[-69.0757072,-9.2526341],"aggregation":"none","score_gradboost":0.0174676,"score_random_forest":0.0015663,"score_logistic_regression":0.3973201,"score_fuzzy_knn_k29":0.0154436},"geometry":{"type":"Polygon","coordinates":[[[-69.0797728,-9.2553384],[-69.0716427,-9.2553401],[-69.0716416,-9.2499298],[-69.0797716,-9.2499281],[-69.0797728,-9.2553384]]]}},{"type":"Feature","id":"AC-Y480-X651","properties":{"id":"AC-Y480-X651","grid_x":651,"grid_y":480,"centroid":[-69.0919659,-9.24722],"aggregation":"none","score_gradboost":0.0289827,"score_random_forest":0.0889306,"score_logistic_regression":0.4509186,"score_fuzzy_knn_k29":0.2184386},"geometry":{"type":"Polygon","coordinates":[[[-69.0960316,-9.2499241],[-69.0879016,-9.2499262],[-69.0879003,-9.2445159],[-69.0960302,-9.2445138],[-69.0960316,-9.2499241]]]}},{"type":"Feature","id":"AC-Y480-X652","properties":{"id":"AC-Y480-X652","grid_x":652,"grid_y":480,"centroid":[-69.083836,-9.247222],"aggregation":"none","score_gradboost":0.0166296,"score_random_forest":0.0046273,"score_logistic_regression":0.4074227,"score_fuzzy_knn_k29":0.0},"geometry":{"type":"Polygon","coordinates":[[[-69.0879016,-9.2499262],[-69.0797716,-9.2499281],[-69.0797704,-9.2445177],[-69.0879003,-9.2445159],[-69.0879016,-9.2499262]]]}},{"type":"Feature","id":"AC-Y480-X653","properties":{"id":"AC-Y480-X653","grid_x":653,"grid_y":480,"centroid":[-69.075706,-9.2472238],"aggregation":"none","score_gradboost":0.0203681,"score_random_forest":0.0087017,"score_logistic_regression":0.3698462,"score_fuzzy_knn_k29":0.0328988},"geometry":{"type":"Polygon","coordinates":[[[-69.0797716,-9.2499281],[-69.0716416,-9.2499298],[-69.0716405,-9.2445195],[-69.0797704,-9.2445177],[-69.0797716,-9.2499281]]]}},{"type":"Feature","id":"AC-Y481-X651","properties":{"id":"AC-Y481-X651","grid_x":651,"grid_y":481,"centroid":[-69.0919645,-9.2418097],"aggregation":"none","score_gradboost":0.0189474,"score_random_forest":0.0133089,"score_logistic_regression":0.4133094,"score_fuzzy_knn_k29":0.0053874},"geometry":{"type":"Polygon","coordinates":[[[-69.0960302,-9.2445138],[-69.0879003,-9.2445159],[-69.0878989,-9.2391055],[-69.0960287,-9.2391034],[-69.0960302,-9.2445138]]]}},{"type":"Feature","id":"AC-Y481-X652","properties":{"id":"AC-Y481-X652","grid_x":652,"grid_y":481,"centroid":[-69.0838347,-9.2418117],"aggregation":"none","score_gradboost":0.016022,"score_random_forest":0.0102753,"score_logistic_regression":0.3709669,"score_fuzzy_knn_k29":0.0226957},"geometry":{"type":"Polygon","coordinates":[[[-69.0879003,-9.2445159],[-69.0797704,-9.2445177],[-69.0797692,-9.2391074],[-69.0878989,-9.2391055],[-69.0879003,-9.2445159]]]}},{"type":"Feature","id":"AC-Y481-X653","properties":{"id":"AC-Y481-X653","grid_x":653,"grid_y":481,"centroid":[-69.0757049,-9.2418135],"aggregation":"none","score_gradboost":0.017347,"score_random_forest":0.0076516,"score_logistic_regression":0.4306267,"score_fuzzy_knn_k29":0.02695},"geometry":{"type":"Polygon","coordinates":[[[-69.0797704,-9.2445177],[-69.0716405,-9.2445195],[-69.0716394,-9.2391091],[-69.0797692,-9.2391074],[-69.0797704,-9.2445177]]]}},{"type":"Feature","id":"AC-Y482-X651","properties":{"id":"AC-Y482-X651","grid_x":651,"grid_y":482,"centroid":[-69.0919631,-9.2363994],"aggregation":"none","score_gradboost":0.0286187,"score_random_forest":0.087349,"score_logistic_regression":0.4784853,"score_fuzzy_knn_k29":0.3511967},"geometry":{"type":"Polygon","coordinates":[[[-69.0960287,-9.2391034],[-69.0878989,-9.2391055],[-69.0878976,-9.2336952],[-69.0960272,-9.2336931],[-69.0960287,-9.2391034]]]}},{"type":"Feature","id":"AC-Y482-X652","properties":{"id":"AC-Y482-X652","grid_x":652,"grid_y":482,"centroid":[-69.0838334,-9.2364013],"aggregation":"none","score_gradboost":0.0154723,"score_random_forest":0.0088883,"score_logistic_regression":0.3493188,"score_fuzzy_knn_k29":0.0190288},"geometry":{"type":"Polygon","coordinates":[[[-69.0878989,-9.2391055],[-69.0797692,-9.2391074],[-69.079768,-9.2336971],[-69.0878976,-9.2336952],[-69.0878989,-9.2391055]]]}},{"type":"Feature","id":"AC-Y482-X653","properties":{"id":"AC-Y482-X653","grid_x":653,"grid_y":482,"centroid":[-69.0757037,-9.2364031],"aggregation":"none","score_gradboost":0.0213985,"score_random_forest":0.0117728,"score_logistic_regression":0.3800208,"score_fuzzy_knn_k29":0.0325668},"geometry":{"type":"Polygon","coordinates":[[[-69.0797692,-9.2391074],[-69.0716394,-9.2391091],[-69.0716383,-9.2336988],[-69.079768,-9.2336971],[-69.0797692,-9.2391074]]]}},{"type":"Feature","id":"AC-Y483-X652","properties":{"id":"AC-Y483-X652","grid_x":652,"grid_y":483,"centroid":[-69.0838321,-9.230991],"aggregation":"none","score_gradboost":0.0178975,"score_random_forest":0.0102478,"score_logistic_regression":0.3971003,"score_fuzzy_knn_k29":0.0210666},"geometry":{"type":"Polygon","coordinates":[[[-69.0878976,-9.2336952],[-69.079768,-9.2336971],[-69.0797667,-9.2282868],[-69.0878963,-9.2282849],[-69.0878976,-9.2336952]]]}},{"type":"Feature","id":"AC-Y481-X634","properties":{"id":"AC-Y481-X634","grid_x":634,"grid_y":481,"centroid":[-69.230171,-9.2417477],"aggregation":"none","score_gradboost":0.1867361,"score_random_forest":0.2505301,"score_logistic_regression":0.2724118,"score_fuzzy_knn_k29":0.3645869},"geometry":{"type":"Polygon","coordinates":[[[-69.2342377,-9.2444502],[-69.2261078,-9.2444554],[-69.2261044,-9.2390451],[-69.2342341,-9.2390399],[-69.2342377,-9.2444502]]]}},{"type":"Feature","id":"AC-Y482-X634","properties":{"id":"AC-Y482-X634","grid_x":634,"grid_y":482,"centroid":[-69.2301675,-9.2363374],"aggregation":"none","score_gradboost":0.1804387,"score_random_forest":0.1573693,"score_logistic_regression":0.3021423,"score_fuzzy_knn_k29":0.2867187},"geometry":{"type":"Polygon","coordinates":[[[-69.2342341,-9.2390399],[-69.2261044,-9.2390451],[-69.2261009,-9.2336348],[-69.2342305,-9.2336296],[-69.2342341,-9.2390399]]]}},{"type":"Feature","id":"AC-Y483-X634","properties":{"id":"AC-Y483-X634","grid_x":634,"grid_y":483,"centroid":[-69.230164,-9.2309271],"aggregation":"none","score_gradboost":0.2351879,"score_random_forest":0.2437615,"score_logistic_regression":0.2747548,"score_fuzzy_knn_k29":0.425639},"geometry":{"type":"Polygon","coordinates":[[[-69.2342305,-9.2336296],[-69.2261009,-9.2336348],[-69.2260975,-9.2282245],[-69.2342269,-9.2282193],[-69.2342305,-9.2336296]]]}},{"type":"Feature","id":"AC-Y484-X634","properties":{"id":"AC-Y484-X634","grid_x":634,"grid_y":484,"centroid":[-69.2301605,-9.2255168],"aggregation":"none","score_gradboost":0.1718468,"score_random_forest":0.0919653,"score_logistic_regression":0.3192412,"score_fuzzy_knn_k29":0.2321069},"geometry":{"type":"Polygon","coordinates":[[[-69.2342269,-9.2282193],[-69.2260975,-9.2282245],[-69.2260941,-9.2228143],[-69.2342234,-9.2228091],[-69.2342269,-9.2282193]]]}},{"type":"Feature","id":"AC-Y484-X635","properties":{"id":"AC-Y484-X635","grid_x":635,"grid_y":484,"centroid":[-69.2220311,-9.2255219],"aggregation":"none","score_gradboost":0.1994968,"score_random_forest":0.1818708,"score_logistic_regression":0.3128264,"score_fuzzy_knn_k29":0.3077015},"geometry":{"type":"Polygon","coordinates":[[[-69.2260975,-9.2282245],[-69.217968,-9.2282296],[-69.2179647,-9.2228193],[-69.2260941,-9.2228143],[-69.2260975,-9.2282245]]]}},{"type":"Feature","id":"AC-Y485-X634","properties":{"id":"AC-Y485-X634","grid_x":634,"grid_y":485,"centroid":[-69.230157,-9.2201065],"aggregation":"none","score_gradboost":0.173094,"score_random_forest":0.1006159,"score_logistic_regression":0.3321831,"score_fuzzy_knn_k29":0.1427857},"geometry":{"type":"Polygon","coordinates":[[[-69.2342234,-9.2228091],[-69.2260941,-9.2228143],[-69.2260906,-9.217404],[-69.2342198,-9.2173988],[-69.2342234,-9.2228091]]]}},{"type":"Feature","id":"AC-Y485-X635","properties":{"id":"AC-Y485-X635","grid_x":635,"grid_y":485,"centroid":[-69.2220277,-9.2201116],"aggregation":"none","score_gradboost":0.1283782,"score_random_forest":0.1006243,"score_logistic_regression":0.3380742,"score_fuzzy_knn_k29":0.1944315},"geometry":{"type":"Polygon","coordinates":[[[-69.2260941,-9.2228143],[-69.2179647,-9.2228193],[-69.2179614,-9.217409],[-69.2260906,-9.217404],[-69.2260941,-9.2228143]]]}},{"type":"Feature","id":"AC-Y486-X634","properties":{"id":"AC-Y486-X634","grid_x":634,"grid_y":486,"centroid":[-69.2301535,-9.2146962],"aggregation":"none","score_gradboost":0.2877917,"score_random_forest":0.2921581,"score_logistic_regression":0.5857544,"score_fuzzy_knn_k29":0.2329913},"geometry":{"type":"Polygon","coordinates":[[[-69.2342198,-9.2173988],[-69.2260906,-9.217404],[-69.2260872,-9.2119937],[-69.2342162,-9.2119885],[-69.2342198,-9.2173988]]]}},{"type":"Feature","id":"AC-Y486-X635","properties":{"id":"AC-Y486-X635","grid_x":635,"grid_y":486,"centroid":[-69.2220243,-9.2147014],"aggregation":"none","score_gradboost":0.3994153,"score_random_forest":0.2263838,"score_logistic_regression":0.5318992,"score_fuzzy_knn_k29":0.2446154},"geometry":{"type":"Polygon","coordinates":[[[-69.2260906,-9.217404],[-69.2179614,-9.217409],[-69.2179581,-9.2119987],[-69.2260872,-9.2119937],[-69.2260906,-9.217404]]]}},{"type":"Feature","id":"AC-Y486-X636","properties":{"id":"AC-Y486-X636","grid_x":636,"grid_y":486,"centroid":[-69.2138952,-9.2147063],"aggregation":"none","score_gradboost":0.2155282,"score_random_forest":0.2284878,"score_logistic_regression":0.5013317,"score_fuzzy_knn_k29":0.2901197},"geometry":{"type":"Polygon","coordinates":[[[-69.2179614,-9.217409],[-69.2098322,-9.2174138],[-69.209829,-9.2120035],[-69.2179581,-9.2119987],[-69.2179614,-9.217409]]]}},{"type":"Feature","id":"AC-Y487-X634","properties":{"id":"AC-Y487-X634","grid_x":634,"grid_y":487,"centroid":[-69.23015,-9.209286],"aggregation":"none","score_gradboost":0.3992039,"score_random_forest":0.2042766,"score_logistic_regression":0.519619,"score_fuzzy_knn_k29":0.2318674},"geometry":{"type":"Polygon","coordinates":[[[-69.2342162,-9.2119885],[-69.2260872,-9.2119937],[-69.2260837,-9.2065834],[-69.2342127,-9.2065782],[-69.2342162,-9.2119885]]]}},{"type":"Feature","id":"AC-Y487-X635","properties":{"id":"AC-Y487-X635","grid_x":635,"grid_y":487,"centroid":[-69.2220209,-9.2092911],"aggregation":"none","score_gradboost":0.4151753,"score_random_forest":0.3376166,"score_logistic_regression":0.5771929,"score_fuzzy_knn_k29":0.3104633},"geometry":{"type":"Polygon","coordinates":[[[-69.2260872,-9.2119937],[-69.2179581,-9.2119987],[-69.2179548,-9.2065884],[-69.2260837,-9.2065834],[-69.2260872,-9.2119937]]]}},{"type":"Feature","id":"AC-Y487-X636","properties":{"id":"AC-Y487-X636","grid_x":636,"grid_y":487,"centroid":[-69.2138919,-9.209296],"aggregation":"none","score_gradboost":0.2643023,"score_random_forest":0.3110753,"score_logistic_regression":0.5628079,"score_fuzzy_knn_k29":0.2710854},"geometry":{"type":"Polygon","coordinates":[[[-69.2179581,-9.2119987],[-69.209829,-9.2120035],[-69.2098258,-9.2065932],[-69.2179548,-9.2065884],[-69.2179581,-9.2119987]]]}},{"type":"Feature","id":"AC-Y487-X637","properties":{"id":"AC-Y487-X637","grid_x":637,"grid_y":487,"centroid":[-69.2057629,-9.2093007],"aggregation":"none","score_gradboost":0.2475035,"score_random_forest":0.1630861,"score_logistic_regression":0.4439118,"score_fuzzy_knn_k29":0.0635878},"geometry":{"type":"Polygon","coordinates":[[[-69.209829,-9.2120035],[-69.2016999,-9.2120082],[-69.2016968,-9.2065979],[-69.2098258,-9.2065932],[-69.209829,-9.2120035]]]}},{"type":"Feature","id":"AC-Y488-X634","properties":{"id":"AC-Y488-X634","grid_x":634,"grid_y":488,"centroid":[-69.2301465,-9.2038757],"aggregation":"none","score_gradboost":0.3058159,"score_random_forest":0.3062719,"score_logistic_regression":0.5910211,"score_fuzzy_knn_k29":0.1853101},"geometry":{"type":"Polygon","coordinates":[[[-69.2342127,-9.2065782],[-69.2260837,-9.2065834],[-69.2260803,-9.2011731],[-69.2342091,-9.2011679],[-69.2342127,-9.2065782]]]}},{"type":"Feature","id":"AC-Y488-X635","properties":{"id":"AC-Y488-X635","grid_x":635,"grid_y":488,"centroid":[-69.2220176,-9.2038808],"aggregation":"none","score_gradboost":0.4220275,"score_random_forest":0.3350519,"score_logistic_regression":0.6181941,"score_fuzzy_knn_k29":0.3344462},"geometry":{"type":"Polygon","coordinates":[[[-69.2260837,-9.2065834],[-69.2179548,-9.2065884],[-69.2179515,-9.2011781],[-69.2260803,-9.2011731],[-69.2260837,-9.2065834]]]}},{"type":"Feature","id":"AC-Y488-X636","properties":{"id":"AC-Y488-X636","grid_x":636,"grid_y":488,"centroid":[-69.2138887,-9.2038857],"aggregation":"none","score_gradboost":0.4220275,"score_random_forest":0.3350357,"score_logistic_regression":0.6138624,"score_fuzzy_knn_k29":0.3286517},"geometry":{"type":"Polygon","coordinates":[[[-69.2179548,-9.2065884],[-69.2098258,-9.2065932],[-69.2098226,-9.2011829],[-69.2179515,-9.2011781],[-69.2179548,-9.2065884]]]}},{"type":"Feature","id":"AC-Y488-X637","properties":{"id":"AC-Y488-X637","grid_x":637,"grid_y":488,"centroid":[-69.2057598,-9.2038904],"aggregation":"none","score_gradboost":0.0991178,"score_random_forest":0.084392,"score_logistic_regression":0.451597,"score_fuzzy_knn_k29":0.1448397},"geometry":{"type":"Polygon","coordinates":[[[-69.2098258,-9.2065932],[-69.2016968,-9.2065979],[-69.2016938,-9.2011875],[-69.2098226,-9.2011829],[-69.2098258,-9.2065932]]]}},{"type":"Feature","id":"AC-Y488-X638","properties":{"id":"AC-Y488-X638","grid_x":638,"grid_y":488,"centroid":[-69.1976308,-9.203895],"aggregation":"none","score_gradboost":0.1304689,"score_random_forest":0.0998954,"score_logistic_regression":0.4343611,"score_fuzzy_knn_k29":0.037578},"geometry":{"type":"Polygon","coordinates":[[[-69.2016968,-9.2065979],[-69.1935679,-9.2066023],[-69.1935649,-9.201192],[-69.2016938,-9.2011875],[-69.2016968,-9.2065979]]]}},{"type":"Feature","id":"AC-Y489-X634","properties":{"id":"AC-Y489-X634","grid_x":634,"grid_y":489,"centroid":[-69.230143,-9.1984654],"aggregation":"none","score_gradboost":0.3774743,"score_random_forest":0.285231,"score_logistic_regression":0.6106867,"score_fuzzy_knn_k29":0.1524723},"geometry":{"type":"Polygon","coordinates":[[[-69.2342091,-9.2011679],[-69.2260803,-9.2011731],[-69.2260769,-9.1957628],[-69.2342056,-9.1957576],[-69.2342091,-9.2011679]]]}},{"type":"Feature","id":"AC-Y489-X635","properties":{"id":"AC-Y489-X635","grid_x":635,"grid_y":489,"centroid":[-69.2220142,-9.1984705],"aggregation":"none","score_gradboost":0.3400088,"score_random_forest":0.3216455,"score_logistic_regression":0.5951022,"score_fuzzy_knn_k29":0.2634275},"geometry":{"type":"Polygon","coordinates":[[[-69.2260803,-9.2011731],[-69.2179515,-9.2011781],[-69.2179481,-9.1957678],[-69.2260769,-9.1957628],[-69.2260803,-9.2011731]]]}},{"type":"Feature","id":"AC-Y489-X636","properties":{"id":"AC-Y489-X636","grid_x":636,"grid_y":489,"centroid":[-69.2138854,-9.1984754],"aggregation":"none","score_gradboost":0.3337769,"score_random_forest":0.2739365,"score_logistic_regression":0.6418363,"score_fuzzy_knn_k29":0.2894658},"geometry":{"type":"Polygon","coordinates":[[[-69.2179515,-9.2011781],[-69.2098226,-9.2011829],[-69.2098194,-9.1957726],[-69.2179481,-9.1957678],[-69.2179515,-9.2011781]]]}},{"type":"Feature","id":"AC-Y489-X637","properties":{"id":"AC-Y489-X637","grid_x":637,"grid_y":489,"centroid":[-69.2057566,-9.1984801],"aggregation":"none","score_gradboost":0.342356,"score_random_forest":0.201996,"score_logistic_regression":0.6579411,"score_fuzzy_knn_k29":0.0},"geometry":{"type":"Polygon","coordinates":[[[-69.2098226,-9.2011829],[-69.2016938,-9.2011875],[-69.2016907,-9.1957772],[-69.2098194,-9.1957726],[-69.2098226,-9.2011829]]]}},{"type":"Feature","id":"AC-Y489-X638","properties":{"id":"AC-Y489-X638","grid_x":638,"grid_y":489,"centroid":[-69.1976278,-9.1984846],"aggregation":"none","score_gradboost":0.3319288,"score_random_forest":0.2663864,"score_logistic_regression":0.6376799,"score_fuzzy_knn_k29":0.1819576},"geometry":{"type":"Polygon","coordinates":[[[-69.2016938,-9.2011875],[-69.1935649,-9.201192],[-69.193562,-9.1957817],[-69.2016907,-9.1957772],[-69.2016938,-9.2011875]]]}},{"type":"Feature","id":"AC-Y489-X639","properties":{"id":"AC-Y489-X639","grid_x":639,"grid_y":489,"centroid":[-69.1894991,-9.198489],"aggregation":"none","score_gradboost":0.2591736,"score_random_forest":0.2516095,"score_logistic_regression":0.6528695,"score_fuzzy_knn_k29":0.1803008},"geometry":{"type":"Polygon","coordinates":[[[-69.1935649,-9.201192],[-69.1854361,-9.2011963],[-69.1854332,-9.195786],[-69.193562,-9.1957817],[-69.1935649,-9.201192]]]}},{"type":"Feature","id":"AC-Y490-X634","properties":{"id":"AC-Y490-X634","grid_x":634,"grid_y":490,"centroid":[-69.2301395,-9.1930551],"aggregation":"none","score_gradboost":0.2601399,"score_random_forest":0.1775212,"score_logistic_regression":0.6254892,"score_fuzzy_knn_k29":0.1472293},"geometry":{"type":"Polygon","coordinates":[[[-69.2342056,-9.1957576],[-69.2260769,-9.1957628],[-69.2260734,-9.1903525],[-69.234202,-9.1903473],[-69.2342056,-9.1957576]]]}},{"type":"Feature","id":"AC-Y490-X635","properties":{"id":"AC-Y490-X635","grid_x":635,"grid_y":490,"centroid":[-69.2220108,-9.1930602],"aggregation":"none","score_gradboost":0.3464368,"score_random_forest":0.3159249,"score_logistic_regression":0.6168773,"score_fuzzy_knn_k29":0.2020117},"geometry":{"type":"Polygon","coordinates":[[[-69.2260769,-9.1957628],[-69.2179481,-9.1957678],[-69.2179448,-9.1903575],[-69.2260734,-9.1903525],[-69.2260769,-9.1957628]]]}},{"type":"Feature","id":"AC-Y490-X636","properties":{"id":"AC-Y490-X636","grid_x":636,"grid_y":490,"centroid":[-69.2138822,-9.1930651],"aggregation":"none","score_gradboost":0.2684622,"score_random_forest":0.2796401,"score_logistic_regression":0.6326192,"score_fuzzy_knn_k29":0.2288471},"geometry":{"type":"Polygon","coordinates":[[[-69.2179481,-9.1957678],[-69.2098194,-9.1957726],[-69.2098162,-9.1903623],[-69.2179448,-9.1903575],[-69.2179481,-9.1957678]]]}},{"type":"Feature","id":"AC-Y490-X638","properties":{"id":"AC-Y490-X638","grid_x":638,"grid_y":490,"centroid":[-69.1976248,-9.1930743],"aggregation":"none","score_gradboost":0.2311578,"score_random_forest":0.1676211,"score_logistic_regression":0.6604251,"score_fuzzy_knn_k29":0.0695363},"geometry":{"type":"Polygon","coordinates":[[[-69.2016907,-9.1957772],[-69.193562,-9.1957817],[-69.193559,-9.1903714],[-69.2016876,-9.1903669],[-69.2016907,-9.1957772]]]}},{"type":"Feature","id":"AC-Y490-X639","properties":{"id":"AC-Y490-X639","grid_x":639,"grid_y":490,"centroid":[-69.1894962,-9.1930787],"aggregation":"none","score_gradboost":0.2497196,"score_random_forest":0.2029694,"score_logistic_regression":0.6387838,"score_fuzzy_knn_k29":0.1486906},"geometry":{"type":"Polygon","coordinates":[[[-69.193562,-9.1957817],[-69.1854332,-9.195786],[-69.1854304,-9.1903757],[-69.193559,-9.1903714],[-69.193562,-9.1957817]]]}},{"type":"Feature","id":"AC-Y490-X640","properties":{"id":"AC-Y490-X640","grid_x":640,"grid_y":490,"centroid":[-69.1813675,-9.1930829],"aggregation":"none","score_gradboost":0.1672645,"score_random_forest":0.2480475,"score_logistic_regression":0.6777718,"score_fuzzy_knn_k29":0.130437},"geometry":{"type":"Polygon","coordinates":[[[-69.1854332,-9.195786],[-69.1773045,-9.1957901],[-69.1773018,-9.1903797],[-69.1854304,-9.1903757],[-69.1854332,-9.195786]]]}},{"type":"Feature","id":"AC-Y491-X635","properties":{"id":"AC-Y491-X635","grid_x":635,"grid_y":491,"centroid":[-69.2220074,-9.1876499],"aggregation":"none","score_gradboost":0.3253148,"score_random_forest":0.1853567,"score_logistic_regression":0.6615809,"score_fuzzy_knn_k29":0.0591157},"geometry":{"type":"Polygon","coordinates":[[[-69.2260734,-9.1903525],[-69.2179448,-9.1903575],[-69.2179415,-9.1849472],[-69.22607,-9.1849422],[-69.2260734,-9.1903525]]]}},{"type":"Feature","id":"AC-Y491-X636","properties":{"id":"AC-Y491-X636","grid_x":636,"grid_y":491,"centroid":[-69.2138789,-9.1876548],"aggregation":"none","score_gradboost":0.2341045,"score_random_forest":0.1807052,"score_logistic_regression":0.6953465,"score_fuzzy_knn_k29":0.2946054},"geometry":{"type":"Polygon","coordinates":[[[-69.2179448,-9.1903575],[-69.2098162,-9.1903623],[-69.2098131,-9.184952],[-69.2179415,-9.1849472],[-69.2179448,-9.1903575]]]}},{"type":"Feature","id":"AC-Y491-X640","properties":{"id":"AC-Y491-X640","grid_x":640,"grid_y":491,"centroid":[-69.1813648,-9.1876726],"aggregation":"none","score_gradboost":0.1078764,"score_random_forest":0.1676571,"score_logistic_regression":0.6597775,"score_fuzzy_knn_k29":0.1091417},"geometry":{"type":"Polygon","coordinates":[[[-69.1854304,-9.1903757],[-69.1773018,-9.1903797],[-69.1772991,-9.1849694],[-69.1854276,-9.1849653],[-69.1854304,-9.1903757]]]}},{"type":"Feature","id":"AC-Y491-X634","properties":{"id":"AC-Y491-X634","grid_x":634,"grid_y":491,"centroid":[-69.230136,-9.1876448],"aggregation":"none","score_gradboost":0.1139573,"score_random_forest":0.0826111,"score_logistic_regression":0.4482974,"score_fuzzy_knn_k29":0.1885172},"geometry":{"type":"Polygon","coordinates":[[[-69.234202,-9.1903473],[-69.2260734,-9.1903525],[-69.22607,-9.1849422],[-69.2341985,-9.184937],[-69.234202,-9.1903473]]]}},{"type":"Feature","id":"AC-Y491-X638","properties":{"id":"AC-Y491-X638","grid_x":638,"grid_y":491,"centroid":[-69.1976218,-9.187664],"aggregation":"none","score_gradboost":0.178954,"score_random_forest":0.1044167,"score_logistic_regression":0.4538161,"score_fuzzy_knn_k29":0.1983291},"geometry":{"type":"Polygon","coordinates":[[[-69.2016876,-9.1903669],[-69.193559,-9.1903714],[-69.1935561,-9.1849611],[-69.2016846,-9.1849566],[-69.2016876,-9.1903669]]]}},{"type":"Feature","id":"AC-Y491-X639","properties":{"id":"AC-Y491-X639","grid_x":639,"grid_y":491,"centroid":[-69.1894933,-9.1876684],"aggregation":"none","score_gradboost":0.2574388,"score_random_forest":0.1665195,"score_logistic_regression":0.6864026,"score_fuzzy_knn_k29":0.1564056},"geometry":{"type":"Polygon","coordinates":[[[-69.193559,-9.1903714],[-69.1854304,-9.1903757],[-69.1854276,-9.1849653],[-69.1935561,-9.1849611],[-69.193559,-9.1903714]]]}},{"type":"Feature","id":"AC-Y472-X634","properties":{"id":"AC-Y472-X634","grid_x":634,"grid_y":472,"centroid":[-69.2302027,-9.2904402],"aggregation":"none","score_gradboost":0.1021932,"score_random_forest":0.0490471,"score_logistic_regression":0.3307692,"score_fuzzy_knn_k29":0.0329504},"geometry":{"type":"Polygon","coordinates":[[[-69.2342699,-9.2931427],[-69.226139,-9.2931479],[-69.2261355,-9.2877376],[-69.2342664,-9.2877324],[-69.2342699,-9.2931427]]]}},{"type":"Feature","id":"AC-Y490-X637","properties":{"id":"AC-Y490-X637","grid_x":637,"grid_y":490,"centroid":[-69.2057535,-9.1930698],"aggregation":"none","score_gradboost":0.2311578,"score_random_forest":0.1760287,"score_logistic_regression":0.701647,"score_fuzzy_knn_k29":0.330535},"geometry":{"type":"Polygon","coordinates":[[[-69.2098194,-9.1957726],[-69.2016907,-9.1957772],[-69.2016876,-9.1903669],[-69.2098162,-9.1903623],[-69.2098194,-9.1957726]]]}},{"type":"Feature","id":"AC-Y491-X637","properties":{"id":"AC-Y491-X637","grid_x":637,"grid_y":491,"centroid":[-69.2057504,-9.1876595],"aggregation":"none","score_gradboost":0.2564245,"score_random_forest":0.1767675,"score_logistic_regression":0.6371281,"score_fuzzy_knn_k29":0.1573576},"geometry":{"type":"Polygon","coordinates":[[[-69.2098162,-9.1903623],[-69.2016876,-9.1903669],[-69.2016846,-9.1849566],[-69.2098131,-9.184952],[-69.2098162,-9.1903623]]]}},{"type":"Feature","id":"AC-Y440-X634","properties":{"id":"AC-Y440-X634","grid_x":634,"grid_y":440,"centroid":[-69.2303169,-9.4635679],"aggregation":"none","score_gradboost":0.0241672,"score_random_forest":0.0067878,"score_logistic_regression":0.2926953,"score_fuzzy_knn_k29":0.0315553},"geometry":{"type":"Polygon","coordinates":[[[-69.2343861,-9.4662703],[-69.2262512,-9.4662757],[-69.2262476,-9.4608654],[-69.2343825,-9.4608601],[-69.2343861,-9.4662703]]]}},{"type":"Feature","id":"AC-Y440-X635","properties":{"id":"AC-Y440-X635","grid_x":635,"grid_y":440,"centroid":[-69.2221819,-9.4635731],"aggregation":"none","score_gradboost":0.0868833,"score_random_forest":0.0276615,"score_logistic_regression":0.2453867,"score_fuzzy_knn_k29":0.0125623},"geometry":{"type":"Polygon","coordinates":[[[-69.2262512,-9.4662757],[-69.2181162,-9.4662808],[-69.2181128,-9.4608706],[-69.2262476,-9.4608654],[-69.2262512,-9.4662757]]]}},{"type":"Feature","id":"AC-Y440-X636","properties":{"id":"AC-Y440-X636","grid_x":636,"grid_y":440,"centroid":[-69.214047,-9.4635782],"aggregation":"none","score_gradboost":0.0547002,"score_random_forest":0.0242431,"score_logistic_regression":0.257947,"score_fuzzy_knn_k29":0.0},"geometry":{"type":"Polygon","coordinates":[[[-69.2181162,-9.4662808],[-69.2099812,-9.4662858],[-69.2099779,-9.4608755],[-69.2181128,-9.4608706],[-69.2181162,-9.4662808]]]}},{"type":"Feature","id":"AC-Y440-X637","properties":{"id":"AC-Y440-X637","grid_x":637,"grid_y":440,"centroid":[-69.2059121,-9.4635831],"aggregation":"none","score_gradboost":0.0260389,"score_random_forest":0.0178651,"score_logistic_regression":0.2019026,"score_fuzzy_knn_k29":0.0},"geometry":{"type":"Polygon","coordinates":[[[-69.2099812,-9.4662858],[-69.2018462,-9.4662905],[-69.2018431,-9.4608803],[-69.2099779,-9.4608755],[-69.2099812,-9.4662858]]]}},{"type":"Feature","id":"AC-Y440-X638","properties":{"id":"AC-Y440-X638","grid_x":638,"grid_y":440,"centroid":[-69.1977772,-9.4635877],"aggregation":"none","score_gradboost":0.0252185,"score_random_forest":0.0191148,"score_logistic_regression":0.2705951,"score_fuzzy_knn_k29":0.0},"geometry":{"type":"Polygon","coordinates":[[[-69.2018462,-9.4662905],[-69.1937112,-9.4662951],[-69.1937082,-9.4608849],[-69.2018431,-9.4608803],[-69.2018462,-9.4662905]]]}},{"type":"Feature","id":"AC-Y440-X639","properties":{"id":"AC-Y440-X639","grid_x":639,"grid_y":440,"centroid":[-69.1896422,-9.4635922],"aggregation":"none","score_gradboost":0.0145994,"score_random_forest":0.0083305,"score_logistic_regression":0.2233016,"score_fuzzy_knn_k29":0.0},"geometry":{"type":"Polygon","coordinates":[[[-69.1937112,-9.4662951],[-69.1855762,-9.4662995],[-69.1855733,-9.4608893],[-69.1937082,-9.4608849],[-69.1937112,-9.4662951]]]}},{"type":"Feature","id":"AC-Y440-X640","properties":{"id":"AC-Y440-X640","grid_x":640,"grid_y":440,"centroid":[-69.1815073,-9.4635965],"aggregation":"none","score_gradboost":0.0234248,"score_random_forest":0.0058117,"score_logistic_regression":0.2231278,"score_fuzzy_knn_k29":0.0},"geometry":{"type":"Polygon","coordinates":[[[-69.1855762,-9.4662995],[-69.1774412,-9.4663037],[-69.1774384,-9.4608935],[-69.1855733,-9.4608893],[-69.1855762,-9.4662995]]]}},{"type":"Feature","id":"AC-Y440-X641","properties":{"id":"AC-Y440-X641","grid_x":641,"grid_y":440,"centroid":[-69.1733724,-9.4636007],"aggregation":"none","score_gradboost":0.0135548,"score_random_forest":0.0087291,"score_logistic_regression":0.2586459,"score_fuzzy_knn_k29":0.0},"geometry":{"type":"Polygon","coordinates":[[[-69.1774412,-9.4663037],[-69.1693062,-9.4663078],[-69.1693036,-9.4608975],[-69.1774384,-9.4608935],[-69.1774412,-9.4663037]]]}},{"type":"Feature","id":"AC-Y441-X634","properties":{"id":"AC-Y441-X634","grid_x":634,"grid_y":441,"centroid":[-69.2303133,-9.4581577],"aggregation":"none","score_gradboost":0.0364386,"score_random_forest":0.0207563,"score_logistic_regression":0.2358572,"score_fuzzy_knn_k29":0.0667256},"geometry":{"type":"Polygon","coordinates":[[[-69.2343825,-9.4608601],[-69.2262476,-9.4608654],[-69.2262441,-9.4554552],[-69.2343788,-9.4554499],[-69.2343825,-9.4608601]]]}},{"type":"Feature","id":"AC-Y441-X635","properties":{"id":"AC-Y441-X635","grid_x":635,"grid_y":441,"centroid":[-69.2221785,-9.4581629],"aggregation":"none","score_gradboost":0.0376852,"score_random_forest":0.0268123,"score_logistic_regression":0.2306724,"score_fuzzy_knn_k29":0.013967},"geometry":{"type":"Polygon","coordinates":[[[-69.2262476,-9.4608654],[-69.2181128,-9.4608706],[-69.2181094,-9.4554604],[-69.2262441,-9.4554552],[-69.2262476,-9.4608654]]]}},{"type":"Feature","id":"AC-Y441-X636","properties":{"id":"AC-Y441-X636","grid_x":636,"grid_y":441,"centroid":[-69.2140437,-9.458168],"aggregation":"none","score_gradboost":0.0828685,"score_random_forest":0.0245174,"score_logistic_regression":0.2612298,"score_fuzzy_knn_k29":0.0159602},"geometry":{"type":"Polygon","coordinates":[[[-69.2181128,-9.4608706],[-69.2099779,-9.4608755],[-69.2099746,-9.4554653],[-69.2181094,-9.4554604],[-69.2181128,-9.4608706]]]}},{"type":"Feature","id":"AC-Y441-X637","properties":{"id":"AC-Y441-X637","grid_x":637,"grid_y":441,"centroid":[-69.2059089,-9.4581728],"aggregation":"none","score_gradboost":0.0462862,"score_random_forest":0.035522,"score_logistic_regression":0.2017063,"score_fuzzy_knn_k29":0.0},"geometry":{"type":"Polygon","coordinates":[[[-69.2099779,-9.4608755],[-69.2018431,-9.4608803],[-69.2018399,-9.4554701],[-69.2099746,-9.4554653],[-69.2099779,-9.4608755]]]}},{"type":"Feature","id":"AC-Y441-X638","properties":{"id":"AC-Y441-X638","grid_x":638,"grid_y":441,"centroid":[-69.1977741,-9.4581775],"aggregation":"none","score_gradboost":0.0288856,"score_random_forest":0.0234595,"score_logistic_regression":0.237573,"score_fuzzy_knn_k29":0.0},"geometry":{"type":"Polygon","coordinates":[[[-69.2018431,-9.4608803],[-69.1937082,-9.4608849],[-69.1937052,-9.4554747],[-69.2018399,-9.4554701],[-69.2018431,-9.4608803]]]}},{"type":"Feature","id":"AC-Y441-X639","properties":{"id":"AC-Y441-X639","grid_x":639,"grid_y":441,"centroid":[-69.1896393,-9.458182],"aggregation":"none","score_gradboost":0.0188366,"score_random_forest":0.0091178,"score_logistic_regression":0.220174,"score_fuzzy_knn_k29":0.0},"geometry":{"type":"Polygon","coordinates":[[[-69.1937082,-9.4608849],[-69.1855733,-9.4608893],[-69.1855704,-9.4554791],[-69.1937052,-9.4554747],[-69.1937082,-9.4608849]]]}},{"type":"Feature","id":"AC-Y441-X640","properties":{"id":"AC-Y441-X640","grid_x":640,"grid_y":441,"centroid":[-69.1815045,-9.4581863],"aggregation":"none","score_gradboost":0.0234248,"score_random_forest":0.0088367,"score_logistic_regression":0.2269514,"score_fuzzy_knn_k29":0.0},"geometry":{"type":"Polygon","coordinates":[[[-69.1855733,-9.4608893],[-69.1774384,-9.4608935],[-69.1774357,-9.4554833],[-69.1855704,-9.4554791],[-69.1855733,-9.4608893]]]}},{"type":"Feature","id":"AC-Y441-X641","properties":{"id":"AC-Y441-X641","grid_x":641,"grid_y":441,"centroid":[-69.1733697,-9.4581904],"aggregation":"none","score_gradboost":0.0193823,"score_random_forest":0.028486,"score_logistic_regression":0.2902352,"score_fuzzy_knn_k29":0.0160144},"geometry":{"type":"Polygon","coordinates":[[[-69.1774384,-9.4608935],[-69.1693036,-9.4608975],[-69.1693009,-9.4554873],[-69.1774357,-9.4554833],[-69.1774384,-9.4608935]]]}},{"type":"Feature","id":"AC-Y442-X634","properties":{"id":"AC-Y442-X634","grid_x":634,"grid_y":442,"centroid":[-69.2303097,-9.4527475],"aggregation":"none","score_gradboost":0.0909869,"score_random_forest":0.1382689,"score_logistic_regression":0.2533988,"score_fuzzy_knn_k29":0.1123689},"geometry":{"type":"Polygon","coordinates":[[[-69.2343788,-9.4554499],[-69.2262441,-9.4554552],[-69.2262406,-9.450045],[-69.2343752,-9.4500397],[-69.2343788,-9.4554499]]]}},{"type":"Feature","id":"AC-Y442-X635","properties":{"id":"AC-Y442-X635","grid_x":635,"grid_y":442,"centroid":[-69.222175,-9.4527527],"aggregation":"none","score_gradboost":0.0364386,"score_random_forest":0.022233,"score_logistic_regression":0.2549267,"score_fuzzy_knn_k29":0.0771675},"geometry":{"type":"Polygon","coordinates":[[[-69.2262441,-9.4554552],[-69.2181094,-9.4554604],[-69.218106,-9.4500501],[-69.2262406,-9.450045],[-69.2262441,-9.4554552]]]}},{"type":"Feature","id":"AC-Y442-X636","properties":{"id":"AC-Y442-X636","grid_x":636,"grid_y":442,"centroid":[-69.2140403,-9.4527578],"aggregation":"none","score_gradboost":0.0381953,"score_random_forest":0.0150317,"score_logistic_regression":0.2799049,"score_fuzzy_knn_k29":0.0470767},"geometry":{"type":"Polygon","coordinates":[[[-69.2181094,-9.4554604],[-69.2099746,-9.4554653],[-69.2099714,-9.4500551],[-69.218106,-9.4500501],[-69.2181094,-9.4554604]]]}},{"type":"Feature","id":"AC-Y442-X637","properties":{"id":"AC-Y442-X637","grid_x":637,"grid_y":442,"centroid":[-69.2059057,-9.4527626],"aggregation":"none","score_gradboost":0.0841915,"score_random_forest":0.066867,"score_logistic_regression":0.1587909,"score_fuzzy_knn_k29":0.0},"geometry":{"type":"Polygon","coordinates":[[[-69.2099746,-9.4554653],[-69.2018399,-9.4554701],[-69.2018367,-9.4500599],[-69.2099714,-9.4500551],[-69.2099746,-9.4554653]]]}},{"type":"Feature","id":"AC-Y442-X638","properties":{"id":"AC-Y442-X638","grid_x":638,"grid_y":442,"centroid":[-69.197771,-9.4527673],"aggregation":"none","score_gradboost":0.0555268,"score_random_forest":0.0429437,"score_logistic_regression":0.2043184,"score_fuzzy_knn_k29":0.0},"geometry":{"type":"Polygon","coordinates":[[[-69.2018399,-9.4554701],[-69.1937052,-9.4554747],[-69.1937021,-9.4500644],[-69.2018367,-9.4500599],[-69.2018399,-9.4554701]]]}},{"type":"Feature","id":"AC-Y442-X639","properties":{"id":"AC-Y442-X639","grid_x":639,"grid_y":442,"centroid":[-69.1896363,-9.4527718],"aggregation":"none","score_gradboost":0.0173887,"score_random_forest":0.0043197,"score_logistic_regression":0.2238488,"score_fuzzy_knn_k29":0.0},"geometry":{"type":"Polygon","coordinates":[[[-69.1937052,-9.4554747],[-69.1855704,-9.4554791],[-69.1855675,-9.4500688],[-69.1937021,-9.4500644],[-69.1937052,-9.4554747]]]}},{"type":"Feature","id":"AC-Y442-X640","properties":{"id":"AC-Y442-X640","grid_x":640,"grid_y":442,"centroid":[-69.1815016,-9.4527761],"aggregation":"none","score_gradboost":0.0124975,"score_random_forest":0.0034529,"score_logistic_regression":0.2378948,"score_fuzzy_knn_k29":0.0},"geometry":{"type":"Polygon","coordinates":[[[-69.1855704,-9.4554791],[-69.1774357,-9.4554833],[-69.1774329,-9.450073],[-69.1855675,-9.4500688],[-69.1855704,-9.4554791]]]}},{"type":"Feature","id":"AC-Y442-X641","properties":{"id":"AC-Y442-X641","grid_x":641,"grid_y":442,"centroid":[-69.1733669,-9.4527802],"aggregation":"none","score_gradboost":0.0154077,"score_random_forest":0.0057692,"score_logistic_regression":0.2527794,"score_fuzzy_knn_k29":0.0154414},"geometry":{"type":"Polygon","coordinates":[[[-69.1774357,-9.4554833],[-69.1693009,-9.4554873],[-69.1692983,-9.450077],[-69.1774329,-9.450073],[-69.1774357,-9.4554833]]]}},{"type":"Feature","id":"AC-Y442-X642","properties":{"id":"AC-Y442-X642","grid_x":642,"grid_y":442,"centroid":[-69.1652323,-9.4527841],"aggregation":"none","score_gradboost":0.0252259,"score_random_forest":0.0252005,"score_logistic_regression":0.3207338,"score_fuzzy_knn_k29":0.0159755},"geometry":{"type":"Polygon","coordinates":[[[-69.1693009,-9.4554873],[-69.1611662,-9.4554911],[-69.1611636,-9.4500809],[-69.1692983,-9.450077],[-69.1693009,-9.4554873]]]}},{"type":"Feature","id":"AC-Y443-X634","properties":{"id":"AC-Y443-X634","grid_x":634,"grid_y":443,"centroid":[-69.2303061,-9.4473372],"aggregation":"none","score_gradboost":0.0685934,"score_random_forest":0.0785731,"score_logistic_regression":0.311403,"score_fuzzy_knn_k29":0.0976386},"geometry":{"type":"Polygon","coordinates":[[[-69.2343752,-9.4500397],[-69.2262406,-9.450045],[-69.226237,-9.4446348],[-69.2343715,-9.4446295],[-69.2343752,-9.4500397]]]}},{"type":"Feature","id":"AC-Y443-X635","properties":{"id":"AC-Y443-X635","grid_x":635,"grid_y":443,"centroid":[-69.2221715,-9.4473425],"aggregation":"none","score_gradboost":0.0866975,"score_random_forest":0.1090999,"score_logistic_regression":0.2328524,"score_fuzzy_knn_k29":0.1457659},"geometry":{"type":"Polygon","coordinates":[[[-69.2262406,-9.450045],[-69.218106,-9.4500501],[-69.2181026,-9.4446399],[-69.226237,-9.4446348],[-69.2262406,-9.450045]]]}},{"type":"Feature","id":"AC-Y443-X636","properties":{"id":"AC-Y443-X636","grid_x":636,"grid_y":443,"centroid":[-69.214037,-9.4473475],"aggregation":"none","score_gradboost":0.0386539,"score_random_forest":0.0205746,"score_logistic_regression":0.2566863,"score_fuzzy_knn_k29":0.0816756},"geometry":{"type":"Polygon","coordinates":[[[-69.218106,-9.4500501],[-69.2099714,-9.4500551],[-69.2099681,-9.4446449],[-69.2181026,-9.4446399],[-69.218106,-9.4500501]]]}},{"type":"Feature","id":"AC-Y443-X637","properties":{"id":"AC-Y443-X637","grid_x":637,"grid_y":443,"centroid":[-69.2059024,-9.4473524],"aggregation":"none","score_gradboost":0.0260941,"score_random_forest":0.0083251,"score_logistic_regression":0.2015068,"score_fuzzy_knn_k29":0.0122662},"geometry":{"type":"Polygon","coordinates":[[[-69.2099714,-9.4500551],[-69.2018367,-9.4500599],[-69.2018336,-9.4446496],[-69.2099681,-9.4446449],[-69.2099714,-9.4500551]]]}},{"type":"Feature","id":"AC-Y443-X638","properties":{"id":"AC-Y443-X638","grid_x":638,"grid_y":443,"centroid":[-69.1977679,-9.4473571],"aggregation":"none","score_gradboost":0.0826344,"score_random_forest":0.080239,"score_logistic_regression":0.2274758,"score_fuzzy_knn_k29":0.0137703},"geometry":{"type":"Polygon","coordinates":[[[-69.2018367,-9.4500599],[-69.1937021,-9.4500644],[-69.1936991,-9.4446542],[-69.2018336,-9.4446496],[-69.2018367,-9.4500599]]]}},{"type":"Feature","id":"AC-Y443-X639","properties":{"id":"AC-Y443-X639","grid_x":639,"grid_y":443,"centroid":[-69.1896333,-9.4473615],"aggregation":"none","score_gradboost":0.0252218,"score_random_forest":0.0387467,"score_logistic_regression":0.2452078,"score_fuzzy_knn_k29":0.0},"geometry":{"type":"Polygon","coordinates":[[[-69.1937021,-9.4500644],[-69.1855675,-9.4500688],[-69.1855646,-9.4446586],[-69.1936991,-9.4446542],[-69.1937021,-9.4500644]]]}},{"type":"Feature","id":"AC-Y443-X640","properties":{"id":"AC-Y443-X640","grid_x":640,"grid_y":443,"centroid":[-69.1814988,-9.4473658],"aggregation":"none","score_gradboost":0.0201194,"score_random_forest":0.0084424,"score_logistic_regression":0.2115878,"score_fuzzy_knn_k29":0.0},"geometry":{"type":"Polygon","coordinates":[[[-69.1855675,-9.4500688],[-69.1774329,-9.450073],[-69.1774301,-9.4446628],[-69.1855646,-9.4446586],[-69.1855675,-9.4500688]]]}},{"type":"Feature","id":"AC-Y443-X641","properties":{"id":"AC-Y443-X641","grid_x":641,"grid_y":443,"centroid":[-69.1733642,-9.4473699],"aggregation":"none","score_gradboost":0.0220141,"score_random_forest":0.0303614,"score_logistic_regression":0.2842125,"score_fuzzy_knn_k29":0.0088098},"geometry":{"type":"Polygon","coordinates":[[[-69.1774329,-9.450073],[-69.1692983,-9.450077],[-69.1692956,-9.4446668],[-69.1774301,-9.4446628],[-69.1774329,-9.450073]]]}},{"type":"Feature","id":"AC-Y443-X642","properties":{"id":"AC-Y443-X642","grid_x":642,"grid_y":443,"centroid":[-69.1652297,-9.4473739],"aggregation":"none","score_gradboost":0.0169947,"score_random_forest":0.0290778,"score_logistic_regression":0.2811977,"score_fuzzy_knn_k29":0.0157736},"geometry":{"type":"Polygon","coordinates":[[[-69.1692983,-9.450077],[-69.1611636,-9.4500809],[-69.1611611,-9.4446706],[-69.1692956,-9.4446668],[-69.1692983,-9.450077]]]}},{"type":"Feature","id":"AC-Y444-X635","properties":{"id":"AC-Y444-X635","grid_x":635,"grid_y":444,"centroid":[-69.2221681,-9.4419323],"aggregation":"none","score_gradboost":0.1015601,"score_random_forest":0.1220956,"score_logistic_regression":0.2187537,"score_fuzzy_knn_k29":0.177208},"geometry":{"type":"Polygon","coordinates":[[[-69.226237,-9.4446348],[-69.2181026,-9.4446399],[-69.2180992,-9.4392297],[-69.2262335,-9.4392246],[-69.226237,-9.4446348]]]}},{"type":"Feature","id":"AC-Y444-X636","properties":{"id":"AC-Y444-X636","grid_x":636,"grid_y":444,"centroid":[-69.2140336,-9.4419373],"aggregation":"none","score_gradboost":0.0532815,"score_random_forest":0.0951428,"score_logistic_regression":0.2018482,"score_fuzzy_knn_k29":0.0259022},"geometry":{"type":"Polygon","coordinates":[[[-69.2181026,-9.4446399],[-69.2099681,-9.4446449],[-69.2099648,-9.4392346],[-69.2180992,-9.4392297],[-69.2181026,-9.4446399]]]}},{"type":"Feature","id":"AC-Y444-X637","properties":{"id":"AC-Y444-X637","grid_x":637,"grid_y":444,"centroid":[-69.2058992,-9.4419422],"aggregation":"none","score_gradboost":0.0204282,"score_random_forest":0.0080125,"score_logistic_regression":0.2015616,"score_fuzzy_knn_k29":0.0129317},"geometry":{"type":"Polygon","coordinates":[[[-69.2099681,-9.4446449],[-69.2018336,-9.4446496],[-69.2018305,-9.4392394],[-69.2099648,-9.4392346],[-69.2099681,-9.4446449]]]}},{"type":"Feature","id":"AC-Y444-X638","properties":{"id":"AC-Y444-X638","grid_x":638,"grid_y":444,"centroid":[-69.1977648,-9.4419468],"aggregation":"none","score_gradboost":0.0828685,"score_random_forest":0.0346776,"score_logistic_regression":0.2600119,"score_fuzzy_knn_k29":0.0189736},"geometry":{"type":"Polygon","coordinates":[[[-69.2018336,-9.4446496],[-69.1936991,-9.4446542],[-69.1936961,-9.439244],[-69.2018305,-9.4392394],[-69.2018336,-9.4446496]]]}},{"type":"Feature","id":"AC-Y444-X639","properties":{"id":"AC-Y444-X639","grid_x":639,"grid_y":444,"centroid":[-69.1896304,-9.4419513],"aggregation":"none","score_gradboost":0.0544036,"score_random_forest":0.0429722,"score_logistic_regression":0.2568457,"score_fuzzy_knn_k29":0.0},"geometry":{"type":"Polygon","coordinates":[[[-69.1936991,-9.4446542],[-69.1855646,-9.4446586],[-69.1855617,-9.4392484],[-69.1936961,-9.439244],[-69.1936991,-9.4446542]]]}},{"type":"Feature","id":"AC-Y444-X640","properties":{"id":"AC-Y444-X640","grid_x":640,"grid_y":444,"centroid":[-69.181496,-9.4419556],"aggregation":"none","score_gradboost":0.0161347,"score_random_forest":0.0043197,"score_logistic_regression":0.2290894,"score_fuzzy_knn_k29":0.0},"geometry":{"type":"Polygon","coordinates":[[[-69.1855646,-9.4446586],[-69.1774301,-9.4446628],[-69.1774274,-9.4392526],[-69.1855617,-9.4392484],[-69.1855646,-9.4446586]]]}},{"type":"Feature","id":"AC-Y444-X641","properties":{"id":"AC-Y444-X641","grid_x":641,"grid_y":444,"centroid":[-69.1733615,-9.4419597],"aggregation":"none","score_gradboost":0.019903,"score_random_forest":0.0433335,"score_logistic_regression":0.2736441,"score_fuzzy_knn_k29":0.0082449},"geometry":{"type":"Polygon","coordinates":[[[-69.1774301,-9.4446628],[-69.1692956,-9.4446668],[-69.169293,-9.4392566],[-69.1774274,-9.4392526],[-69.1774301,-9.4446628]]]}},{"type":"Feature","id":"AC-Y444-X642","properties":{"id":"AC-Y444-X642","grid_x":642,"grid_y":444,"centroid":[-69.1652271,-9.4419636],"aggregation":"none","score_gradboost":0.0179036,"score_random_forest":0.0177896,"score_logistic_regression":0.3319041,"score_fuzzy_knn_k29":0.017754},"geometry":{"type":"Polygon","coordinates":[[[-69.1692956,-9.4446668],[-69.1611611,-9.4446706],[-69.1611586,-9.4392604],[-69.169293,-9.4392566],[-69.1692956,-9.4446668]]]}},{"type":"Feature","id":"AC-Y445-X636","properties":{"id":"AC-Y445-X636","grid_x":636,"grid_y":445,"centroid":[-69.2140303,-9.4365271],"aggregation":"none","score_gradboost":0.0274494,"score_random_forest":0.014997,"score_logistic_regression":0.1865715,"score_fuzzy_knn_k29":0.0102093},"geometry":{"type":"Polygon","coordinates":[[[-69.2180992,-9.4392297],[-69.2099648,-9.4392346],[-69.2099615,-9.4338244],[-69.2180958,-9.4338195],[-69.2180992,-9.4392297]]]}},{"type":"Feature","id":"AC-Y445-X637","properties":{"id":"AC-Y445-X637","grid_x":637,"grid_y":445,"centroid":[-69.205896,-9.4365319],"aggregation":"none","score_gradboost":0.030895,"score_random_forest":0.0728477,"score_logistic_regression":0.2081487,"score_fuzzy_knn_k29":0.0162284},"geometry":{"type":"Polygon","coordinates":[[[-69.2099648,-9.4392346],[-69.2018305,-9.4392394],[-69.2018273,-9.4338292],[-69.2099615,-9.4338244],[-69.2099648,-9.4392346]]]}},{"type":"Feature","id":"AC-Y445-X638","properties":{"id":"AC-Y445-X638","grid_x":638,"grid_y":445,"centroid":[-69.1977617,-9.4365366],"aggregation":"none","score_gradboost":0.0317103,"score_random_forest":0.0269389,"score_logistic_regression":0.1812796,"score_fuzzy_knn_k29":0.0},"geometry":{"type":"Polygon","coordinates":[[[-69.2018305,-9.4392394],[-69.1936961,-9.439244],[-69.1936931,-9.4338337],[-69.2018273,-9.4338292],[-69.2018305,-9.4392394]]]}},{"type":"Feature","id":"AC-Y445-X639","properties":{"id":"AC-Y445-X639","grid_x":639,"grid_y":445,"centroid":[-69.1896274,-9.4365411],"aggregation":"none","score_gradboost":0.0653616,"score_random_forest":0.0311697,"score_logistic_regression":0.2615093,"score_fuzzy_knn_k29":0.0},"geometry":{"type":"Polygon","coordinates":[[[-69.1936961,-9.439244],[-69.1855617,-9.4392484],[-69.1855588,-9.4338381],[-69.1936931,-9.4338337],[-69.1936961,-9.439244]]]}},{"type":"Feature","id":"AC-Y445-X640","properties":{"id":"AC-Y445-X640","grid_x":640,"grid_y":445,"centroid":[-69.1814931,-9.4365454],"aggregation":"none","score_gradboost":0.0278693,"score_random_forest":0.0405663,"score_logistic_regression":0.2586932,"score_fuzzy_knn_k29":0.0},"geometry":{"type":"Polygon","coordinates":[[[-69.1855617,-9.4392484],[-69.1774274,-9.4392526],[-69.1774246,-9.4338423],[-69.1855588,-9.4338381],[-69.1855617,-9.4392484]]]}},{"type":"Feature","id":"AC-Y445-X641","properties":{"id":"AC-Y445-X641","grid_x":641,"grid_y":445,"centroid":[-69.1733588,-9.4365495],"aggregation":"none","score_gradboost":0.0195863,"score_random_forest":0.032453,"score_logistic_regression":0.2634845,"score_fuzzy_knn_k29":0.0113327},"geometry":{"type":"Polygon","coordinates":[[[-69.1774274,-9.4392526],[-69.169293,-9.4392566],[-69.1692904,-9.4338463],[-69.1774246,-9.4338423],[-69.1774274,-9.4392526]]]}},{"type":"Feature","id":"AC-Y445-X642","properties":{"id":"AC-Y445-X642","grid_x":642,"grid_y":445,"centroid":[-69.1652245,-9.4365534],"aggregation":"none","score_gradboost":0.0198791,"score_random_forest":0.0178539,"score_logistic_regression":0.3249366,"score_fuzzy_knn_k29":0.0173403},"geometry":{"type":"Polygon","coordinates":[[[-69.169293,-9.4392566],[-69.1611586,-9.4392604],[-69.1611561,-9.4338501],[-69.1692904,-9.4338463],[-69.169293,-9.4392566]]]}},{"type":"Feature","id":"AC-Y446-X638","properties":{"id":"AC-Y446-X638","grid_x":638,"grid_y":446,"centroid":[-69.1977586,-9.4311264],"aggregation":"none","score_gradboost":0.0208231,"score_random_forest":0.013718,"score_logistic_regression":0.1999672,"score_fuzzy_knn_k29":0.0077709},"geometry":{"type":"Polygon","coordinates":[[[-69.2018273,-9.4338292],[-69.1936931,-9.4338337],[-69.1936901,-9.4284235],[-69.2018242,-9.4284189],[-69.2018273,-9.4338292]]]}},{"type":"Feature","id":"AC-Y446-X639","properties":{"id":"AC-Y446-X639","grid_x":639,"grid_y":446,"centroid":[-69.1896245,-9.4311308],"aggregation":"none","score_gradboost":0.0704661,"score_random_forest":0.0594449,"score_logistic_regression":0.2371993,"score_fuzzy_knn_k29":0.0143871},"geometry":{"type":"Polygon","coordinates":[[[-69.1936931,-9.4338337],[-69.1855588,-9.4338381],[-69.1855559,-9.4284279],[-69.1936901,-9.4284235],[-69.1936931,-9.4338337]]]}},{"type":"Feature","id":"AC-Y446-X640","properties":{"id":"AC-Y446-X640","grid_x":640,"grid_y":446,"centroid":[-69.1814903,-9.4311351],"aggregation":"none","score_gradboost":0.0243529,"score_random_forest":0.0278767,"score_logistic_regression":0.2637512,"score_fuzzy_knn_k29":0.0},"geometry":{"type":"Polygon","coordinates":[[[-69.1855588,-9.4338381],[-69.1774246,-9.4338423],[-69.1774218,-9.4284321],[-69.1855559,-9.4284279],[-69.1855588,-9.4338381]]]}},{"type":"Feature","id":"AC-Y446-X641","properties":{"id":"AC-Y446-X641","grid_x":641,"grid_y":446,"centroid":[-69.1733561,-9.4311392],"aggregation":"none","score_gradboost":0.0208594,"score_random_forest":0.0113798,"score_logistic_regression":0.3044016,"score_fuzzy_knn_k29":0.0},"geometry":{"type":"Polygon","coordinates":[[[-69.1774246,-9.4338423],[-69.1692904,-9.4338463],[-69.1692877,-9.4284361],[-69.1774218,-9.4284321],[-69.1774246,-9.4338423]]]}},{"type":"Feature","id":"AC-Y446-X642","properties":{"id":"AC-Y446-X642","grid_x":642,"grid_y":446,"centroid":[-69.1652219,-9.4311431],"aggregation":"none","score_gradboost":0.0198791,"score_random_forest":0.0169136,"score_logistic_regression":0.3182696,"score_fuzzy_knn_k29":0.0157225},"geometry":{"type":"Polygon","coordinates":[[[-69.1692904,-9.4338463],[-69.1611561,-9.4338501],[-69.1611536,-9.4284399],[-69.1692877,-9.4284361],[-69.1692904,-9.4338463]]]}},{"type":"Feature","id":"AC-Y447-X639","properties":{"id":"AC-Y447-X639","grid_x":639,"grid_y":447,"centroid":[-69.1896215,-9.4257206],"aggregation":"none","score_gradboost":0.0828685,"score_random_forest":0.0349027,"score_logistic_regression":0.2716839,"score_fuzzy_knn_k29":0.0196124},"geometry":{"type":"Polygon","coordinates":[[[-69.1936901,-9.4284235],[-69.1855559,-9.4284279],[-69.1855531,-9.4230176],[-69.193687,-9.4230133],[-69.1936901,-9.4284235]]]}},{"type":"Feature","id":"AC-Y447-X640","properties":{"id":"AC-Y447-X640","grid_x":640,"grid_y":447,"centroid":[-69.1814875,-9.4257249],"aggregation":"none","score_gradboost":0.0331329,"score_random_forest":0.0155614,"score_logistic_regression":0.3048425,"score_fuzzy_knn_k29":0.0},"geometry":{"type":"Polygon","coordinates":[[[-69.1855559,-9.4284279],[-69.1774218,-9.4284321],[-69.1774191,-9.4230218],[-69.1855531,-9.4230176],[-69.1855559,-9.4284279]]]}},{"type":"Feature","id":"AC-Y447-X641","properties":{"id":"AC-Y447-X641","grid_x":641,"grid_y":447,"centroid":[-69.1733534,-9.425729],"aggregation":"none","score_gradboost":0.0208594,"score_random_forest":0.0123087,"score_logistic_regression":0.3104291,"score_fuzzy_knn_k29":0.0},"geometry":{"type":"Polygon","coordinates":[[[-69.1774218,-9.4284321],[-69.1692877,-9.4284361],[-69.1692851,-9.4230258],[-69.1774191,-9.4230218],[-69.1774218,-9.4284321]]]}},{"type":"Feature","id":"AC-Y447-X642","properties":{"id":"AC-Y447-X642","grid_x":642,"grid_y":447,"centroid":[-69.1652194,-9.4257329],"aggregation":"none","score_gradboost":0.0213834,"score_random_forest":0.0207805,"score_logistic_regression":0.3505426,"score_fuzzy_knn_k29":0.0174963},"geometry":{"type":"Polygon","coordinates":[[[-69.1692877,-9.4284361],[-69.1611536,-9.4284399],[-69.1611511,-9.4230296],[-69.1692851,-9.4230258],[-69.1692877,-9.4284361]]]}},{"type":"Feature","id":"AC-Y448-X640","properties":{"id":"AC-Y448-X640","grid_x":640,"grid_y":448,"centroid":[-69.1814846,-9.4203146],"aggregation":"none","score_gradboost":0.0217828,"score_random_forest":0.0180474,"score_logistic_regression":0.2276658,"score_fuzzy_knn_k29":0.0},"geometry":{"type":"Polygon","coordinates":[[[-69.1855531,-9.4230176],[-69.1774191,-9.4230218],[-69.1774163,-9.4176116],[-69.1855502,-9.4176074],[-69.1855531,-9.4230176]]]}},{"type":"Feature","id":"AC-Y448-X641","properties":{"id":"AC-Y448-X641","grid_x":641,"grid_y":448,"centroid":[-69.1733507,-9.4203187],"aggregation":"none","score_gradboost":0.0300218,"score_random_forest":0.0407789,"score_logistic_regression":0.26494,"score_fuzzy_knn_k29":0.0},"geometry":{"type":"Polygon","coordinates":[[[-69.1774191,-9.4230218],[-69.1692851,-9.4230258],[-69.1692824,-9.4176156],[-69.1774163,-9.4176116],[-69.1774191,-9.4230218]]]}},{"type":"Feature","id":"AC-Y448-X642","properties":{"id":"AC-Y448-X642","grid_x":642,"grid_y":448,"centroid":[-69.1652168,-9.4203226],"aggregation":"none","score_gradboost":0.0235955,"score_random_forest":0.0182013,"score_logistic_regression":0.3017963,"score_fuzzy_knn_k29":0.00961},"geometry":{"type":"Polygon","coordinates":[[[-69.1692851,-9.4230258],[-69.1611511,-9.4230296],[-69.1611486,-9.4176194],[-69.1692824,-9.4176156],[-69.1692851,-9.4230258]]]}},{"type":"Feature","id":"AC-Y448-X643","properties":{"id":"AC-Y448-X643","grid_x":643,"grid_y":448,"centroid":[-69.1570829,-9.4203263],"aggregation":"none","score_gradboost":0.0222042,"score_random_forest":0.0298965,"score_logistic_regression":0.2951735,"score_fuzzy_knn_k29":0.016544},"geometry":{"type":"Polygon","coordinates":[[[-69.1611511,-9.4230296],[-69.1530171,-9.4230333],[-69.1530147,-9.417623],[-69.1611486,-9.4176194],[-69.1611511,-9.4230296]]]}},{"type":"Feature","id":"AC-Y449-X641","properties":{"id":"AC-Y449-X641","grid_x":641,"grid_y":449,"centroid":[-69.173348,-9.4149085],"aggregation":"none","score_gradboost":0.020026,"score_random_forest":0.0156056,"score_logistic_regression":0.2946547,"score_fuzzy_knn_k29":0.0},"geometry":{"type":"Polygon","coordinates":[[[-69.1774163,-9.4176116],[-69.1692824,-9.4176156],[-69.1692798,-9.4122053],[-69.1774135,-9.4122013],[-69.1774163,-9.4176116]]]}},{"type":"Feature","id":"AC-Y449-X642","properties":{"id":"AC-Y449-X642","grid_x":642,"grid_y":449,"centroid":[-69.1652142,-9.4149124],"aggregation":"none","score_gradboost":0.0220141,"score_random_forest":0.0277883,"score_logistic_regression":0.2881319,"score_fuzzy_knn_k29":0.007259},"geometry":{"type":"Polygon","coordinates":[[[-69.1692824,-9.4176156],[-69.1611486,-9.4176194],[-69.1611461,-9.4122091],[-69.1692798,-9.4122053],[-69.1692824,-9.4176156]]]}},{"type":"Feature","id":"AC-Y449-X643","properties":{"id":"AC-Y449-X643","grid_x":643,"grid_y":449,"centroid":[-69.1570804,-9.4149161],"aggregation":"none","score_gradboost":0.0179036,"score_random_forest":0.0158036,"score_logistic_regression":0.3267611,"score_fuzzy_knn_k29":0.017107},"geometry":{"type":"Polygon","coordinates":[[[-69.1611486,-9.4176194],[-69.1530147,-9.417623],[-69.1530123,-9.4122128],[-69.1611461,-9.4122091],[-69.1611486,-9.4176194]]]}},{"type":"Feature","id":"AC-Y450-X642","properties":{"id":"AC-Y450-X642","grid_x":642,"grid_y":450,"centroid":[-69.1652117,-9.4095021],"aggregation":"none","score_gradboost":0.0208248,"score_random_forest":0.007561,"score_logistic_regression":0.2345702,"score_fuzzy_knn_k29":0.0},"geometry":{"type":"Polygon","coordinates":[[[-69.1692798,-9.4122053],[-69.1611461,-9.4122091],[-69.1611436,-9.4067989],[-69.1692772,-9.4067951],[-69.1692798,-9.4122053]]]}},{"type":"Feature","id":"AC-Y450-X643","properties":{"id":"AC-Y450-X643","grid_x":643,"grid_y":450,"centroid":[-69.157078,-9.4095058],"aggregation":"none","score_gradboost":0.0138648,"score_random_forest":0.0063543,"score_logistic_regression":0.2537271,"score_fuzzy_knn_k29":0.0139819},"geometry":{"type":"Polygon","coordinates":[[[-69.1611461,-9.4122091],[-69.1530123,-9.4122128],[-69.1530099,-9.4068025],[-69.1611436,-9.4067989],[-69.1611461,-9.4122091]]]}},{"type":"Feature","id":"AC-Y470-X638","properties":{"id":"AC-Y470-X638","grid_x":638,"grid_y":470,"centroid":[-69.1976852,-9.3012802],"aggregation":"none","score_gradboost":0.0856592,"score_random_forest":0.064089,"score_logistic_regression":0.3090616,"score_fuzzy_knn_k29":0.1055173},"geometry":{"type":"Polygon","coordinates":[[[-69.2017523,-9.3039831],[-69.1936211,-9.3039876],[-69.1936182,-9.2985773],[-69.2017492,-9.2985728],[-69.2017523,-9.3039831]]]}},{"type":"Feature","id":"AC-Y471-X638","properties":{"id":"AC-Y471-X638","grid_x":638,"grid_y":471,"centroid":[-69.1976822,-9.2958699],"aggregation":"none","score_gradboost":0.0799567,"score_random_forest":0.0654034,"score_logistic_regression":0.3358844,"score_fuzzy_knn_k29":0.06402},"geometry":{"type":"Polygon","coordinates":[[[-69.2017492,-9.2985728],[-69.1936182,-9.2985773],[-69.1936152,-9.293167],[-69.2017461,-9.2931625],[-69.2017492,-9.2985728]]]}},{"type":"Feature","id":"AC-Y471-X639","properties":{"id":"AC-Y471-X639","grid_x":639,"grid_y":471,"centroid":[-69.1895512,-9.2958743],"aggregation":"none","score_gradboost":0.0709546,"score_random_forest":0.0913535,"score_logistic_regression":0.3512407,"score_fuzzy_knn_k29":0.1258411},"geometry":{"type":"Polygon","coordinates":[[[-69.1936182,-9.2985773],[-69.1854871,-9.2985816],[-69.1854842,-9.2931713],[-69.1936152,-9.293167],[-69.1936182,-9.2985773]]]}},{"type":"Feature","id":"AC-Y471-X640","properties":{"id":"AC-Y471-X640","grid_x":640,"grid_y":471,"centroid":[-69.1814201,-9.2958785],"aggregation":"none","score_gradboost":0.0672484,"score_random_forest":0.0850767,"score_logistic_regression":0.3275215,"score_fuzzy_knn_k29":0.1194419},"geometry":{"type":"Polygon","coordinates":[[[-69.1854871,-9.2985816],[-69.177356,-9.2985857],[-69.1773533,-9.2931754],[-69.1854842,-9.2931713],[-69.1854871,-9.2985816]]]}},{"type":"Feature","id":"AC-Y472-X637","properties":{"id":"AC-Y472-X637","grid_x":637,"grid_y":472,"centroid":[-69.20581,-9.290455],"aggregation":"none","score_gradboost":0.1205754,"score_random_forest":0.1141264,"score_logistic_regression":0.2748192,"score_fuzzy_knn_k29":0.2868909},"geometry":{"type":"Polygon","coordinates":[[[-69.2098771,-9.2931578],[-69.2017461,-9.2931625],[-69.201743,-9.2877522],[-69.2098739,-9.2877475],[-69.2098771,-9.2931578]]]}},{"type":"Feature","id":"AC-Y472-X638","properties":{"id":"AC-Y472-X638","grid_x":638,"grid_y":472,"centroid":[-69.1976791,-9.2904596],"aggregation":"none","score_gradboost":0.092104,"score_random_forest":0.0958478,"score_logistic_regression":0.3603129,"score_fuzzy_knn_k29":0.0691288},"geometry":{"type":"Polygon","coordinates":[[[-69.2017461,-9.2931625],[-69.1936152,-9.293167],[-69.1936122,-9.2877567],[-69.201743,-9.2877522],[-69.2017461,-9.2931625]]]}},{"type":"Feature","id":"AC-Y472-X639","properties":{"id":"AC-Y472-X639","grid_x":639,"grid_y":472,"centroid":[-69.1895482,-9.290464],"aggregation":"none","score_gradboost":0.0854629,"score_random_forest":0.0939864,"score_logistic_regression":0.3313622,"score_fuzzy_knn_k29":0.1517402},"geometry":{"type":"Polygon","coordinates":[[[-69.1936152,-9.293167],[-69.1854842,-9.2931713],[-69.1854814,-9.287761],[-69.1936122,-9.2877567],[-69.1936152,-9.293167]]]}},{"type":"Feature","id":"AC-Y472-X640","properties":{"id":"AC-Y472-X640","grid_x":640,"grid_y":472,"centroid":[-69.1814173,-9.2904683],"aggregation":"none","score_gradboost":0.0912133,"score_random_forest":0.1147336,"score_logistic_regression":0.2644629,"score_fuzzy_knn_k29":0.0767983},"geometry":{"type":"Polygon","coordinates":[[[-69.1854842,-9.2931713],[-69.1773533,-9.2931754],[-69.1773505,-9.2877652],[-69.1854814,-9.287761],[-69.1854842,-9.2931713]]]}},{"type":"Feature","id":"AC-Y472-X641","properties":{"id":"AC-Y472-X641","grid_x":641,"grid_y":472,"centroid":[-69.1732864,-9.2904723],"aggregation":"none","score_gradboost":0.0360053,"score_random_forest":0.0150317,"score_logistic_regression":0.2700844,"score_fuzzy_knn_k29":0.0548105},"geometry":{"type":"Polygon","coordinates":[[[-69.1773533,-9.2931754],[-69.1692223,-9.2931794],[-69.1692197,-9.2877691],[-69.1773505,-9.2877652],[-69.1773533,-9.2931754]]]}},{"type":"Feature","id":"AC-Y472-X642","properties":{"id":"AC-Y472-X642","grid_x":642,"grid_y":472,"centroid":[-69.1651555,-9.2904762],"aggregation":"none","score_gradboost":0.0834921,"score_random_forest":0.02962,"score_logistic_regression":0.2531619,"score_fuzzy_knn_k29":0.0},"geometry":{"type":"Polygon","coordinates":[[[-69.1692223,-9.2931794],[-69.1610913,-9.2931832],[-69.1610888,-9.2877729],[-69.1692197,-9.2877691],[-69.1692223,-9.2931794]]]}},{"type":"Feature","id":"AC-Y473-X637","properties":{"id":"AC-Y473-X637","grid_x":637,"grid_y":473,"centroid":[-69.2058069,-9.2850448],"aggregation":"none","score_gradboost":0.1064067,"score_random_forest":0.0673313,"score_logistic_regression":0.3020872,"score_fuzzy_knn_k29":0.1649716},"geometry":{"type":"Polygon","coordinates":[[[-69.2098739,-9.2877475],[-69.201743,-9.2877522],[-69.20174,-9.2823419],[-69.2098707,-9.2823373],[-69.2098739,-9.2877475]]]}},{"type":"Feature","id":"AC-Y473-X638","properties":{"id":"AC-Y473-X638","grid_x":638,"grid_y":473,"centroid":[-69.1976761,-9.2850494],"aggregation":"none","score_gradboost":0.1319472,"score_random_forest":0.0910082,"score_logistic_regression":0.3125919,"score_fuzzy_knn_k29":0.1729762},"geometry":{"type":"Polygon","coordinates":[[[-69.201743,-9.2877522],[-69.1936122,-9.2877567],[-69.1936092,-9.2823464],[-69.20174,-9.2823419],[-69.201743,-9.2877522]]]}},{"type":"Feature","id":"AC-Y473-X639","properties":{"id":"AC-Y473-X639","grid_x":639,"grid_y":473,"centroid":[-69.1895453,-9.2850538],"aggregation":"none","score_gradboost":0.1346028,"score_random_forest":0.1564842,"score_logistic_regression":0.2628805,"score_fuzzy_knn_k29":0.2585272},"geometry":{"type":"Polygon","coordinates":[[[-69.1936122,-9.2877567],[-69.1854814,-9.287761],[-69.1854785,-9.2823508],[-69.1936092,-9.2823464],[-69.1936122,-9.2877567]]]}},{"type":"Feature","id":"AC-Y473-X640","properties":{"id":"AC-Y473-X640","grid_x":640,"grid_y":473,"centroid":[-69.1814146,-9.285058],"aggregation":"none","score_gradboost":0.0548026,"score_random_forest":0.074838,"score_logistic_regression":0.2918628,"score_fuzzy_knn_k29":0.0791506},"geometry":{"type":"Polygon","coordinates":[[[-69.1854814,-9.287761],[-69.1773505,-9.2877652],[-69.1773478,-9.2823549],[-69.1854785,-9.2823508],[-69.1854814,-9.287761]]]}},{"type":"Feature","id":"AC-Y473-X641","properties":{"id":"AC-Y473-X641","grid_x":641,"grid_y":473,"centroid":[-69.1732838,-9.285062],"aggregation":"none","score_gradboost":0.023473,"score_random_forest":0.0076023,"score_logistic_regression":0.3180371,"score_fuzzy_knn_k29":0.0717253},"geometry":{"type":"Polygon","coordinates":[[[-69.1773505,-9.2877652],[-69.1692197,-9.2877691],[-69.1692171,-9.2823588],[-69.1773478,-9.2823549],[-69.1773505,-9.2877652]]]}},{"type":"Feature","id":"AC-Y473-X642","properties":{"id":"AC-Y473-X642","grid_x":642,"grid_y":473,"centroid":[-69.165153,-9.2850659],"aggregation":"none","score_gradboost":0.0796909,"score_random_forest":0.0246966,"score_logistic_regression":0.286019,"score_fuzzy_knn_k29":0.0},"geometry":{"type":"Polygon","coordinates":[[[-69.1692197,-9.2877691],[-69.1610888,-9.2877729],[-69.1610864,-9.2823626],[-69.1692171,-9.2823588],[-69.1692197,-9.2877691]]]}},{"type":"Feature","id":"AC-Y473-X643","properties":{"id":"AC-Y473-X643","grid_x":643,"grid_y":473,"centroid":[-69.1570222,-9.2850695],"aggregation":"none","score_gradboost":0.0249727,"score_random_forest":0.0060179,"score_logistic_regression":0.3281652,"score_fuzzy_knn_k29":0.0},"geometry":{"type":"Polygon","coordinates":[[[-69.1610888,-9.2877729],[-69.152958,-9.2877764],[-69.1529556,-9.2823661],[-69.1610864,-9.2823626],[-69.1610888,-9.2877729]]]}},{"type":"Feature","id":"AC-Y474-X637","properties":{"id":"AC-Y474-X637","grid_x":637,"grid_y":474,"centroid":[-69.2058037,-9.2796345],"aggregation":"none","score_gradboost":0.167049,"score_random_forest":0.0959932,"score_logistic_regression":0.3378114,"score_fuzzy_knn_k29":0.052393},"geometry":{"type":"Polygon","coordinates":[[[-69.2098707,-9.2823373],[-69.20174,-9.2823419],[-69.2017369,-9.2769317],[-69.2098674,-9.276927],[-69.2098707,-9.2823373]]]}},{"type":"Feature","id":"AC-Y474-X638","properties":{"id":"AC-Y474-X638","grid_x":638,"grid_y":474,"centroid":[-69.1976731,-9.2796391],"aggregation":"none","score_gradboost":0.1441899,"score_random_forest":0.1367567,"score_logistic_regression":0.2935636,"score_fuzzy_knn_k29":0.2762076},"geometry":{"type":"Polygon","coordinates":[[[-69.20174,-9.2823419],[-69.1936092,-9.2823464],[-69.1936063,-9.2769362],[-69.2017369,-9.2769317],[-69.20174,-9.2823419]]]}},{"type":"Feature","id":"AC-Y474-X639","properties":{"id":"AC-Y474-X639","grid_x":639,"grid_y":474,"centroid":[-69.1895424,-9.2796435],"aggregation":"none","score_gradboost":0.1160968,"score_random_forest":0.248919,"score_logistic_regression":0.2681969,"score_fuzzy_knn_k29":0.293658},"geometry":{"type":"Polygon","coordinates":[[[-69.1936092,-9.2823464],[-69.1854785,-9.2823508],[-69.1854757,-9.2769405],[-69.1936063,-9.2769362],[-69.1936092,-9.2823464]]]}},{"type":"Feature","id":"AC-Y474-X640","properties":{"id":"AC-Y474-X640","grid_x":640,"grid_y":474,"centroid":[-69.1814118,-9.2796477],"aggregation":"none","score_gradboost":0.0643008,"score_random_forest":0.0754957,"score_logistic_regression":0.3137883,"score_fuzzy_knn_k29":0.0351522},"geometry":{"type":"Polygon","coordinates":[[[-69.1854785,-9.2823508],[-69.1773478,-9.2823549],[-69.1773451,-9.2769446],[-69.1854757,-9.2769405],[-69.1854785,-9.2823508]]]}},{"type":"Feature","id":"AC-Y474-X641","properties":{"id":"AC-Y474-X641","grid_x":641,"grid_y":474,"centroid":[-69.1732811,-9.2796517],"aggregation":"none","score_gradboost":0.0395459,"score_random_forest":0.0218336,"score_logistic_regression":0.266724,"score_fuzzy_knn_k29":0.0711572},"geometry":{"type":"Polygon","coordinates":[[[-69.1773478,-9.2823549],[-69.1692171,-9.2823588],[-69.1692145,-9.2769485],[-69.1773451,-9.2769446],[-69.1773478,-9.2823549]]]}},{"type":"Feature","id":"AC-Y474-X642","properties":{"id":"AC-Y474-X642","grid_x":642,"grid_y":474,"centroid":[-69.1651505,-9.2796556],"aggregation":"none","score_gradboost":0.0680394,"score_random_forest":0.0185703,"score_logistic_regression":0.2793246,"score_fuzzy_knn_k29":0.0270746},"geometry":{"type":"Polygon","coordinates":[[[-69.1692171,-9.2823588],[-69.1610864,-9.2823626],[-69.1610839,-9.2769523],[-69.1692145,-9.2769485],[-69.1692171,-9.2823588]]]}},{"type":"Feature","id":"AC-Y474-X643","properties":{"id":"AC-Y474-X643","grid_x":643,"grid_y":474,"centroid":[-69.1570198,-9.2796592],"aggregation":"none","score_gradboost":0.0523668,"score_random_forest":0.0260447,"score_logistic_regression":0.2614405,"score_fuzzy_knn_k29":0.0},"geometry":{"type":"Polygon","coordinates":[[[-69.1610864,-9.2823626],[-69.1529556,-9.2823661],[-69.1529533,-9.2769558],[-69.1610839,-9.2769523],[-69.1610864,-9.2823626]]]}},{"type":"Feature","id":"AC-Y474-X644","properties":{"id":"AC-Y474-X644","grid_x":644,"grid_y":474,"centroid":[-69.1488891,-9.2796627],"aggregation":"none","score_gradboost":0.0176946,"score_random_forest":0.0094921,"score_logistic_regression":0.3186099,"score_fuzzy_knn_k29":0.0},"geometry":{"type":"Polygon","coordinates":[[[-69.1529556,-9.2823661],[-69.1448249,-9.2823695],[-69.1448227,-9.2769592],[-69.1529533,-9.2769558],[-69.1529556,-9.2823661]]]}},{"type":"Feature","id":"AC-Y475-X636","properties":{"id":"AC-Y475-X636","grid_x":636,"grid_y":475,"centroid":[-69.2139311,-9.2742194],"aggregation":"none","score_gradboost":0.1174912,"score_random_forest":0.0612028,"score_logistic_regression":0.350185,"score_fuzzy_knn_k29":0.0318273},"geometry":{"type":"Polygon","coordinates":[[[-69.217998,-9.2769221],[-69.2098674,-9.276927],[-69.2098642,-9.2715167],[-69.2179947,-9.2715118],[-69.217998,-9.2769221]]]}},{"type":"Feature","id":"AC-Y475-X637","properties":{"id":"AC-Y475-X637","grid_x":637,"grid_y":475,"centroid":[-69.2058006,-9.2742242],"aggregation":"none","score_gradboost":0.1234125,"score_random_forest":0.0824954,"score_logistic_regression":0.292919,"score_fuzzy_knn_k29":0.1971411},"geometry":{"type":"Polygon","coordinates":[[[-69.2098674,-9.276927],[-69.2017369,-9.2769317],[-69.2017338,-9.2715214],[-69.2098642,-9.2715167],[-69.2098674,-9.276927]]]}},{"type":"Feature","id":"AC-Y475-X638","properties":{"id":"AC-Y475-X638","grid_x":638,"grid_y":475,"centroid":[-69.1976701,-9.2742288],"aggregation":"none","score_gradboost":0.097048,"score_random_forest":0.0655204,"score_logistic_regression":0.3500609,"score_fuzzy_knn_k29":0.0542631},"geometry":{"type":"Polygon","coordinates":[[[-69.2017369,-9.2769317],[-69.1936063,-9.2769362],[-69.1936033,-9.2715259],[-69.2017338,-9.2715214],[-69.2017369,-9.2769317]]]}},{"type":"Feature","id":"AC-Y475-X639","properties":{"id":"AC-Y475-X639","grid_x":639,"grid_y":475,"centroid":[-69.1895395,-9.2742332],"aggregation":"none","score_gradboost":0.1305889,"score_random_forest":0.1140809,"score_logistic_regression":0.3134745,"score_fuzzy_knn_k29":0.2026036},"geometry":{"type":"Polygon","coordinates":[[[-69.1936063,-9.2769362],[-69.1854757,-9.2769405],[-69.1854728,-9.2715302],[-69.1936033,-9.2715259],[-69.1936063,-9.2769362]]]}},{"type":"Feature","id":"AC-Y475-X640","properties":{"id":"AC-Y475-X640","grid_x":640,"grid_y":475,"centroid":[-69.181409,-9.2742374],"aggregation":"none","score_gradboost":0.0729925,"score_random_forest":0.0780605,"score_logistic_regression":0.314435,"score_fuzzy_knn_k29":0.122282},"geometry":{"type":"Polygon","coordinates":[[[-69.1854757,-9.2769405],[-69.1773451,-9.2769446],[-69.1773424,-9.2715343],[-69.1854728,-9.2715302],[-69.1854757,-9.2769405]]]}},{"type":"Feature","id":"AC-Y475-X641","properties":{"id":"AC-Y475-X641","grid_x":641,"grid_y":475,"centroid":[-69.1732785,-9.2742414],"aggregation":"none","score_gradboost":0.0682803,"score_random_forest":0.0875219,"score_logistic_regression":0.2992622,"score_fuzzy_knn_k29":0.0829752},"geometry":{"type":"Polygon","coordinates":[[[-69.1773451,-9.2769446],[-69.1692145,-9.2769485],[-69.1692119,-9.2715382],[-69.1773424,-9.2715343],[-69.1773451,-9.2769446]]]}},{"type":"Feature","id":"AC-Y475-X642","properties":{"id":"AC-Y475-X642","grid_x":642,"grid_y":475,"centroid":[-69.1651479,-9.2742453],"aggregation":"none","score_gradboost":0.0336724,"score_random_forest":0.0385989,"score_logistic_regression":0.3608219,"score_fuzzy_knn_k29":0.0797326},"geometry":{"type":"Polygon","coordinates":[[[-69.1692145,-9.2769485],[-69.1610839,-9.2769523],[-69.1610814,-9.271542],[-69.1692119,-9.2715382],[-69.1692145,-9.2769485]]]}},{"type":"Feature","id":"AC-Y475-X643","properties":{"id":"AC-Y475-X643","grid_x":643,"grid_y":475,"centroid":[-69.1570174,-9.2742489],"aggregation":"none","score_gradboost":0.0796909,"score_random_forest":0.0225197,"score_logistic_regression":0.3025419,"score_fuzzy_knn_k29":0.0},"geometry":{"type":"Polygon","coordinates":[[[-69.1610839,-9.2769523],[-69.1529533,-9.2769558],[-69.1529509,-9.2715455],[-69.1610814,-9.271542],[-69.1610839,-9.2769523]]]}},{"type":"Feature","id":"AC-Y475-X644","properties":{"id":"AC-Y475-X644","grid_x":644,"grid_y":475,"centroid":[-69.1488868,-9.2742524],"aggregation":"none","score_gradboost":0.0231372,"score_random_forest":0.0161115,"score_logistic_regression":0.2610413,"score_fuzzy_knn_k29":0.0},"geometry":{"type":"Polygon","coordinates":[[[-69.1529533,-9.2769558],[-69.1448227,-9.2769592],[-69.1448205,-9.2715489],[-69.1529509,-9.2715455],[-69.1529533,-9.2769558]]]}},{"type":"Feature","id":"AC-Y475-X645","properties":{"id":"AC-Y475-X645","grid_x":645,"grid_y":475,"centroid":[-69.1407563,-9.2742557],"aggregation":"none","score_gradboost":0.0162948,"score_random_forest":0.0037207,"score_logistic_regression":0.360524,"score_fuzzy_knn_k29":0.0},"geometry":{"type":"Polygon","coordinates":[[[-69.1448227,-9.2769592],[-69.1366921,-9.2769624],[-69.13669,-9.2715521],[-69.1448205,-9.2715489],[-69.1448227,-9.2769592]]]}},{"type":"Feature","id":"AC-Y476-X636","properties":{"id":"AC-Y476-X636","grid_x":636,"grid_y":476,"centroid":[-69.2139278,-9.2688092],"aggregation":"none","score_gradboost":0.0677321,"score_random_forest":0.0650565,"score_logistic_regression":0.3921059,"score_fuzzy_knn_k29":0.08596},"geometry":{"type":"Polygon","coordinates":[[[-69.2179947,-9.2715118],[-69.2098642,-9.2715167],[-69.209861,-9.2661064],[-69.2179913,-9.2661016],[-69.2179947,-9.2715118]]]}},{"type":"Feature","id":"AC-Y476-X637","properties":{"id":"AC-Y476-X637","grid_x":637,"grid_y":476,"centroid":[-69.2057974,-9.2688139],"aggregation":"none","score_gradboost":0.0932627,"score_random_forest":0.0498896,"score_logistic_regression":0.3105967,"score_fuzzy_knn_k29":0.0984049},"geometry":{"type":"Polygon","coordinates":[[[-69.2098642,-9.2715167],[-69.2017338,-9.2715214],[-69.2017307,-9.2661111],[-69.209861,-9.2661064],[-69.2098642,-9.2715167]]]}},{"type":"Feature","id":"AC-Y476-X638","properties":{"id":"AC-Y476-X638","grid_x":638,"grid_y":476,"centroid":[-69.197667,-9.2688185],"aggregation":"none","score_gradboost":0.1671407,"score_random_forest":0.0769682,"score_logistic_regression":0.3129127,"score_fuzzy_knn_k29":0.1885029},"geometry":{"type":"Polygon","coordinates":[[[-69.2017338,-9.2715214],[-69.1936033,-9.2715259],[-69.1936003,-9.2661156],[-69.2017307,-9.2661111],[-69.2017338,-9.2715214]]]}},{"type":"Feature","id":"AC-Y476-X639","properties":{"id":"AC-Y476-X639","grid_x":639,"grid_y":476,"centroid":[-69.1895366,-9.2688229],"aggregation":"none","score_gradboost":0.183303,"score_random_forest":0.1719756,"score_logistic_regression":0.2894922,"score_fuzzy_knn_k29":0.3478974},"geometry":{"type":"Polygon","coordinates":[[[-69.1936033,-9.2715259],[-69.1854728,-9.2715302],[-69.18547,-9.2661199],[-69.1936003,-9.2661156],[-69.1936033,-9.2715259]]]}},{"type":"Feature","id":"AC-Y476-X640","properties":{"id":"AC-Y476-X640","grid_x":640,"grid_y":476,"centroid":[-69.1814062,-9.2688271],"aggregation":"none","score_gradboost":0.0813672,"score_random_forest":0.1468321,"score_logistic_regression":0.3030786,"score_fuzzy_knn_k29":0.1490932},"geometry":{"type":"Polygon","coordinates":[[[-69.1854728,-9.2715302],[-69.1773424,-9.2715343],[-69.1773397,-9.266124],[-69.18547,-9.2661199],[-69.1854728,-9.2715302]]]}},{"type":"Feature","id":"AC-Y476-X641","properties":{"id":"AC-Y476-X641","grid_x":641,"grid_y":476,"centroid":[-69.1732758,-9.2688311],"aggregation":"none","score_gradboost":0.0643008,"score_random_forest":0.0780587,"score_logistic_regression":0.3132662,"score_fuzzy_knn_k29":0.1181728},"geometry":{"type":"Polygon","coordinates":[[[-69.1773424,-9.2715343],[-69.1692119,-9.2715382],[-69.1692093,-9.2661279],[-69.1773397,-9.266124],[-69.1773424,-9.2715343]]]}},{"type":"Feature","id":"AC-Y476-X642","properties":{"id":"AC-Y476-X642","grid_x":642,"grid_y":476,"centroid":[-69.1651454,-9.268835],"aggregation":"none","score_gradboost":0.0289851,"score_random_forest":0.0052937,"score_logistic_regression":0.3237305,"score_fuzzy_knn_k29":0.1088899},"geometry":{"type":"Polygon","coordinates":[[[-69.1692119,-9.2715382],[-69.1610814,-9.271542],[-69.161079,-9.2661317],[-69.1692093,-9.2661279],[-69.1692119,-9.2715382]]]}},{"type":"Feature","id":"AC-Y476-X643","properties":{"id":"AC-Y476-X643","grid_x":643,"grid_y":476,"centroid":[-69.157015,-9.2688386],"aggregation":"none","score_gradboost":0.0746212,"score_random_forest":0.0373057,"score_logistic_regression":0.2541879,"score_fuzzy_knn_k29":0.0161477},"geometry":{"type":"Polygon","coordinates":[[[-69.1610814,-9.271542],[-69.1529509,-9.2715455],[-69.1529486,-9.2661352],[-69.161079,-9.2661317],[-69.1610814,-9.271542]]]}},{"type":"Feature","id":"AC-Y476-X644","properties":{"id":"AC-Y476-X644","grid_x":644,"grid_y":476,"centroid":[-69.1488846,-9.2688421],"aggregation":"none","score_gradboost":0.0349146,"score_random_forest":0.0319765,"score_logistic_regression":0.3745473,"score_fuzzy_knn_k29":0.0015042},"geometry":{"type":"Polygon","coordinates":[[[-69.1529509,-9.2715455],[-69.1448205,-9.2715489],[-69.1448182,-9.2661386],[-69.1529486,-9.2661352],[-69.1529509,-9.2715455]]]}},{"type":"Feature","id":"AC-Y476-X645","properties":{"id":"AC-Y476-X645","grid_x":645,"grid_y":476,"centroid":[-69.1407541,-9.2688454],"aggregation":"none","score_gradboost":0.01763,"score_random_forest":0.0085313,"score_logistic_regression":0.3705848,"score_fuzzy_knn_k29":0.0},"geometry":{"type":"Polygon","coordinates":[[[-69.1448205,-9.2715489],[-69.13669,-9.2715521],[-69.1366879,-9.2661418],[-69.1448182,-9.2661386],[-69.1448205,-9.2715489]]]}},{"type":"Feature","id":"AC-Y476-X646","properties":{"id":"AC-Y476-X646","grid_x":646,"grid_y":476,"centroid":[-69.1326237,-9.2688485],"aggregation":"none","score_gradboost":0.0180685,"score_random_forest":0.0101952,"score_logistic_regression":0.3274369,"score_fuzzy_knn_k29":0.0},"geometry":{"type":"Polygon","coordinates":[[[-69.13669,-9.2715521],[-69.1285595,-9.2715551],[-69.1285575,-9.2661448],[-69.1366879,-9.2661418],[-69.13669,-9.2715521]]]}},{"type":"Feature","id":"AC-Y477-X637","properties":{"id":"AC-Y477-X637","grid_x":637,"grid_y":477,"centroid":[-69.2057943,-9.2634036],"aggregation":"none","score_gradboost":0.0797062,"score_random_forest":0.0511194,"score_logistic_regression":0.3686069,"score_fuzzy_knn_k29":0.0282283},"geometry":{"type":"Polygon","coordinates":[[[-69.209861,-9.2661064],[-69.2017307,-9.2661111],[-69.2017276,-9.2607008],[-69.2098578,-9.2606961],[-69.209861,-9.2661064]]]}},{"type":"Feature","id":"AC-Y477-X638","properties":{"id":"AC-Y477-X638","grid_x":638,"grid_y":477,"centroid":[-69.197664,-9.2634082],"aggregation":"none","score_gradboost":0.1294703,"score_random_forest":0.0979783,"score_logistic_regression":0.3744295,"score_fuzzy_knn_k29":0.0227113},"geometry":{"type":"Polygon","coordinates":[[[-69.2017307,-9.2661111],[-69.1936003,-9.2661156],[-69.1935974,-9.2607053],[-69.2017276,-9.2607008],[-69.2017307,-9.2661111]]]}},{"type":"Feature","id":"AC-Y477-X639","properties":{"id":"AC-Y477-X639","grid_x":639,"grid_y":477,"centroid":[-69.1895337,-9.2634126],"aggregation":"none","score_gradboost":0.1434963,"score_random_forest":0.0863202,"score_logistic_regression":0.3149587,"score_fuzzy_knn_k29":0.246143},"geometry":{"type":"Polygon","coordinates":[[[-69.1936003,-9.2661156],[-69.18547,-9.2661199],[-69.1854672,-9.2607096],[-69.1935974,-9.2607053],[-69.1936003,-9.2661156]]]}},{"type":"Feature","id":"AC-Y477-X640","properties":{"id":"AC-Y477-X640","grid_x":640,"grid_y":477,"centroid":[-69.1814034,-9.2634168],"aggregation":"none","score_gradboost":0.0863578,"score_random_forest":0.1194541,"score_logistic_regression":0.3257168,"score_fuzzy_knn_k29":0.218402},"geometry":{"type":"Polygon","coordinates":[[[-69.18547,-9.2661199],[-69.1773397,-9.266124],[-69.1773369,-9.2607137],[-69.1854672,-9.2607096],[-69.18547,-9.2661199]]]}},{"type":"Feature","id":"AC-Y477-X641","properties":{"id":"AC-Y477-X641","grid_x":641,"grid_y":477,"centroid":[-69.1732732,-9.2634208],"aggregation":"none","score_gradboost":0.0935011,"score_random_forest":0.089267,"score_logistic_regression":0.3813242,"score_fuzzy_knn_k29":0.1090991},"geometry":{"type":"Polygon","coordinates":[[[-69.1773397,-9.266124],[-69.1692093,-9.2661279],[-69.1692067,-9.2607176],[-69.1773369,-9.2607137],[-69.1773397,-9.266124]]]}},{"type":"Feature","id":"AC-Y477-X642","properties":{"id":"AC-Y477-X642","grid_x":642,"grid_y":477,"centroid":[-69.1651429,-9.2634247],"aggregation":"none","score_gradboost":0.0434256,"score_random_forest":0.0183687,"score_logistic_regression":0.292715,"score_fuzzy_knn_k29":0.0906104},"geometry":{"type":"Polygon","coordinates":[[[-69.1692093,-9.2661279],[-69.161079,-9.2661317],[-69.1610765,-9.2607214],[-69.1692067,-9.2607176],[-69.1692093,-9.2661279]]]}},{"type":"Feature","id":"AC-Y477-X643","properties":{"id":"AC-Y477-X643","grid_x":643,"grid_y":477,"centroid":[-69.1570126,-9.2634283],"aggregation":"none","score_gradboost":0.0376651,"score_random_forest":0.0223743,"score_logistic_regression":0.2774872,"score_fuzzy_knn_k29":0.0421931},"geometry":{"type":"Polygon","coordinates":[[[-69.161079,-9.2661317],[-69.1529486,-9.2661352],[-69.1529463,-9.2607249],[-69.1610765,-9.2607214],[-69.161079,-9.2661317]]]}},{"type":"Feature","id":"AC-Y477-X644","properties":{"id":"AC-Y477-X644","grid_x":644,"grid_y":477,"centroid":[-69.1488823,-9.2634318],"aggregation":"none","score_gradboost":0.0531728,"score_random_forest":0.0137218,"score_logistic_regression":0.327014,"score_fuzzy_knn_k29":0.0},"geometry":{"type":"Polygon","coordinates":[[[-69.1529486,-9.2661352],[-69.1448182,-9.2661386],[-69.144816,-9.2607283],[-69.1529463,-9.2607249],[-69.1529486,-9.2661352]]]}},{"type":"Feature","id":"AC-Y477-X645","properties":{"id":"AC-Y477-X645","grid_x":645,"grid_y":477,"centroid":[-69.140752,-9.2634351],"aggregation":"none","score_gradboost":0.0206124,"score_random_forest":0.0066605,"score_logistic_regression":0.3152095,"score_fuzzy_knn_k29":0.0},"geometry":{"type":"Polygon","coordinates":[[[-69.1448182,-9.2661386],[-69.1366879,-9.2661418],[-69.1366858,-9.2607315],[-69.144816,-9.2607283],[-69.1448182,-9.2661386]]]}},{"type":"Feature","id":"AC-Y477-X646","properties":{"id":"AC-Y477-X646","grid_x":646,"grid_y":477,"centroid":[-69.1326217,-9.2634382],"aggregation":"none","score_gradboost":0.0157277,"score_random_forest":0.0019203,"score_logistic_regression":0.35522,"score_fuzzy_knn_k29":0.0},"geometry":{"type":"Polygon","coordinates":[[[-69.1366879,-9.2661418],[-69.1285575,-9.2661448],[-69.1285555,-9.2607345],[-69.1366858,-9.2607315],[-69.1366879,-9.2661418]]]}},{"type":"Feature","id":"AC-Y477-X647","properties":{"id":"AC-Y477-X647","grid_x":647,"grid_y":477,"centroid":[-69.1244914,-9.2634411],"aggregation":"none","score_gradboost":0.0234008,"score_random_forest":0.0179246,"score_logistic_regression":0.3432817,"score_fuzzy_knn_k29":0.0},"geometry":{"type":"Polygon","coordinates":[[[-69.1285575,-9.2661448],[-69.1204271,-9.2661477],[-69.1204253,-9.2607374],[-69.1285555,-9.2607345],[-69.1285575,-9.2661448]]]}},{"type":"Feature","id":"AC-Y478-X637","properties":{"id":"AC-Y478-X637","grid_x":637,"grid_y":478,"centroid":[-69.2057911,-9.2579934],"aggregation":"none","score_gradboost":0.0903263,"score_random_forest":0.0734695,"score_logistic_regression":0.4197381,"score_fuzzy_knn_k29":0.1183698},"geometry":{"type":"Polygon","coordinates":[[[-69.2098578,-9.2606961],[-69.2017276,-9.2607008],[-69.2017245,-9.2552905],[-69.2098546,-9.2552859],[-69.2098578,-9.2606961]]]}},{"type":"Feature","id":"AC-Y478-X638","properties":{"id":"AC-Y478-X638","grid_x":638,"grid_y":478,"centroid":[-69.197661,-9.2579979],"aggregation":"none","score_gradboost":0.1009863,"score_random_forest":0.0562451,"score_logistic_regression":0.3226096,"score_fuzzy_knn_k29":0.108257},"geometry":{"type":"Polygon","coordinates":[[[-69.2017276,-9.2607008],[-69.1935974,-9.2607053],[-69.1935944,-9.255295],[-69.2017245,-9.2552905],[-69.2017276,-9.2607008]]]}},{"type":"Feature","id":"AC-Y478-X639","properties":{"id":"AC-Y478-X639","grid_x":639,"grid_y":478,"centroid":[-69.1895308,-9.2580023],"aggregation":"none","score_gradboost":0.1419161,"score_random_forest":0.0692229,"score_logistic_regression":0.3425875,"score_fuzzy_knn_k29":0.1184685},"geometry":{"type":"Polygon","coordinates":[[[-69.1935974,-9.2607053],[-69.1854672,-9.2607096],[-69.1854643,-9.2552993],[-69.1935944,-9.255295],[-69.1935974,-9.2607053]]]}},{"type":"Feature","id":"AC-Y478-X640","properties":{"id":"AC-Y478-X640","grid_x":640,"grid_y":478,"centroid":[-69.1814007,-9.2580065],"aggregation":"none","score_gradboost":0.0977949,"score_random_forest":0.1022175,"score_logistic_regression":0.3858893,"score_fuzzy_knn_k29":0.1137214},"geometry":{"type":"Polygon","coordinates":[[[-69.1854672,-9.2607096],[-69.1773369,-9.2607137],[-69.1773342,-9.2553034],[-69.1854643,-9.2552993],[-69.1854672,-9.2607096]]]}},{"type":"Feature","id":"AC-Y478-X641","properties":{"id":"AC-Y478-X641","grid_x":641,"grid_y":478,"centroid":[-69.1732705,-9.2580105],"aggregation":"none","score_gradboost":0.0889924,"score_random_forest":0.0761486,"score_logistic_regression":0.3428332,"score_fuzzy_knn_k29":0.183743},"geometry":{"type":"Polygon","coordinates":[[[-69.1773369,-9.2607137],[-69.1692067,-9.2607176],[-69.1692041,-9.2553073],[-69.1773342,-9.2553034],[-69.1773369,-9.2607137]]]}},{"type":"Feature","id":"AC-Y478-X642","properties":{"id":"AC-Y478-X642","grid_x":642,"grid_y":478,"centroid":[-69.1651403,-9.2580144],"aggregation":"none","score_gradboost":0.0792504,"score_random_forest":0.0888751,"score_logistic_regression":0.3351645,"score_fuzzy_knn_k29":0.1438703},"geometry":{"type":"Polygon","coordinates":[[[-69.1692067,-9.2607176],[-69.1610765,-9.2607214],[-69.161074,-9.2553111],[-69.1692041,-9.2553073],[-69.1692067,-9.2607176]]]}},{"type":"Feature","id":"AC-Y478-X643","properties":{"id":"AC-Y478-X643","grid_x":643,"grid_y":478,"centroid":[-69.1570102,-9.258018],"aggregation":"none","score_gradboost":0.0328965,"score_random_forest":0.0081544,"score_logistic_regression":0.3187603,"score_fuzzy_knn_k29":0.0626217},"geometry":{"type":"Polygon","coordinates":[[[-69.1610765,-9.2607214],[-69.1529463,-9.2607249],[-69.1529439,-9.2553146],[-69.161074,-9.2553111],[-69.1610765,-9.2607214]]]}},{"type":"Feature","id":"AC-Y478-X644","properties":{"id":"AC-Y478-X644","grid_x":644,"grid_y":478,"centroid":[-69.14888,-9.2580215],"aggregation":"none","score_gradboost":0.0807784,"score_random_forest":0.0202646,"score_logistic_regression":0.3114126,"score_fuzzy_knn_k29":0.017329},"geometry":{"type":"Polygon","coordinates":[[[-69.1529463,-9.2607249],[-69.144816,-9.2607283],[-69.1448138,-9.255318],[-69.1529439,-9.2553146],[-69.1529463,-9.2607249]]]}},{"type":"Feature","id":"AC-Y478-X645","properties":{"id":"AC-Y478-X645","grid_x":645,"grid_y":478,"centroid":[-69.1407498,-9.2580248],"aggregation":"none","score_gradboost":0.0298033,"score_random_forest":0.0143239,"score_logistic_regression":0.3295072,"score_fuzzy_knn_k29":0.0},"geometry":{"type":"Polygon","coordinates":[[[-69.144816,-9.2607283],[-69.1366858,-9.2607315],[-69.1366837,-9.2553212],[-69.1448138,-9.255318],[-69.144816,-9.2607283]]]}},{"type":"Feature","id":"AC-Y478-X646","properties":{"id":"AC-Y478-X646","grid_x":646,"grid_y":478,"centroid":[-69.1326197,-9.2580279],"aggregation":"none","score_gradboost":0.0153324,"score_random_forest":0.0048429,"score_logistic_regression":0.3661589,"score_fuzzy_knn_k29":0.0},"geometry":{"type":"Polygon","coordinates":[[[-69.1366858,-9.2607315],[-69.1285555,-9.2607345],[-69.1285536,-9.2553242],[-69.1366837,-9.2553212],[-69.1366858,-9.2607315]]]}},{"type":"Feature","id":"AC-Y478-X647","properties":{"id":"AC-Y478-X647","grid_x":647,"grid_y":478,"centroid":[-69.1244895,-9.2580308],"aggregation":"none","score_gradboost":0.0146979,"score_random_forest":0.0067331,"score_logistic_regression":0.3677511,"score_fuzzy_knn_k29":0.0},"geometry":{"type":"Polygon","coordinates":[[[-69.1285555,-9.2607345],[-69.1204253,-9.2607374],[-69.1204235,-9.255327],[-69.1285536,-9.2553242],[-69.1285555,-9.2607345]]]}},{"type":"Feature","id":"AC-Y479-X638","properties":{"id":"AC-Y479-X638","grid_x":638,"grid_y":479,"centroid":[-69.197658,-9.2525876],"aggregation":"none","score_gradboost":0.0929684,"score_random_forest":0.0328524,"score_logistic_regression":0.3292496,"score_fuzzy_knn_k29":0.0954391},"geometry":{"type":"Polygon","coordinates":[[[-69.2017245,-9.2552905],[-69.1935944,-9.255295],[-69.1935915,-9.2498847],[-69.2017214,-9.2498802],[-69.2017245,-9.2552905]]]}},{"type":"Feature","id":"AC-Y479-X639","properties":{"id":"AC-Y479-X639","grid_x":639,"grid_y":479,"centroid":[-69.1895279,-9.252592],"aggregation":"none","score_gradboost":0.2565564,"score_random_forest":0.1672163,"score_logistic_regression":0.3027097,"score_fuzzy_knn_k29":0.3458468},"geometry":{"type":"Polygon","coordinates":[[[-69.1935944,-9.255295],[-69.1854643,-9.2552993],[-69.1854615,-9.249889],[-69.1935915,-9.2498847],[-69.1935944,-9.255295]]]}},{"type":"Feature","id":"AC-Y479-X640","properties":{"id":"AC-Y479-X640","grid_x":640,"grid_y":479,"centroid":[-69.1813979,-9.2525962],"aggregation":"none","score_gradboost":0.1631824,"score_random_forest":0.1017837,"score_logistic_regression":0.3422595,"score_fuzzy_knn_k29":0.1891989},"geometry":{"type":"Polygon","coordinates":[[[-69.1854643,-9.2552993],[-69.1773342,-9.2553034],[-69.1773315,-9.2498931],[-69.1854615,-9.249889],[-69.1854643,-9.2552993]]]}},{"type":"Feature","id":"AC-Y479-X641","properties":{"id":"AC-Y479-X641","grid_x":641,"grid_y":479,"centroid":[-69.1732679,-9.2526003],"aggregation":"none","score_gradboost":0.1027052,"score_random_forest":0.1692401,"score_logistic_regression":0.3180327,"score_fuzzy_knn_k29":0.15942},"geometry":{"type":"Polygon","coordinates":[[[-69.1773342,-9.2553034],[-69.1692041,-9.2553073],[-69.1692015,-9.249897],[-69.1773315,-9.2498931],[-69.1773342,-9.2553034]]]}},{"type":"Feature","id":"AC-Y479-X642","properties":{"id":"AC-Y479-X642","grid_x":642,"grid_y":479,"centroid":[-69.1651378,-9.2526041],"aggregation":"none","score_gradboost":0.0950123,"score_random_forest":0.0986633,"score_logistic_regression":0.3488449,"score_fuzzy_knn_k29":0.1543299},"geometry":{"type":"Polygon","coordinates":[[[-69.1692041,-9.2553073],[-69.161074,-9.2553111],[-69.1610716,-9.2499008],[-69.1692015,-9.249897],[-69.1692041,-9.2553073]]]}},{"type":"Feature","id":"AC-Y479-X643","properties":{"id":"AC-Y479-X643","grid_x":643,"grid_y":479,"centroid":[-69.1570078,-9.2526077],"aggregation":"none","score_gradboost":0.0326345,"score_random_forest":0.0245902,"score_logistic_regression":0.3545591,"score_fuzzy_knn_k29":0.1346888},"geometry":{"type":"Polygon","coordinates":[[[-69.161074,-9.2553111],[-69.1529439,-9.2553146],[-69.1529416,-9.2499043],[-69.1610716,-9.2499008],[-69.161074,-9.2553111]]]}},{"type":"Feature","id":"AC-Y479-X644","properties":{"id":"AC-Y479-X644","grid_x":644,"grid_y":479,"centroid":[-69.1488777,-9.2526112],"aggregation":"none","score_gradboost":0.043342,"score_random_forest":0.0041539,"score_logistic_regression":0.3342039,"score_fuzzy_knn_k29":0.0450707},"geometry":{"type":"Polygon","coordinates":[[[-69.1529439,-9.2553146],[-69.1448138,-9.255318],[-69.1448116,-9.2499077],[-69.1529416,-9.2499043],[-69.1529439,-9.2553146]]]}},{"type":"Feature","id":"AC-Y479-X645","properties":{"id":"AC-Y479-X645","grid_x":645,"grid_y":479,"centroid":[-69.1407477,-9.2526145],"aggregation":"none","score_gradboost":0.0334603,"score_random_forest":0.0182136,"score_logistic_regression":0.3712442,"score_fuzzy_knn_k29":0.0083107},"geometry":{"type":"Polygon","coordinates":[[[-69.1448138,-9.255318],[-69.1366837,-9.2553212],[-69.1366816,-9.2499109],[-69.1448116,-9.2499077],[-69.1448138,-9.255318]]]}},{"type":"Feature","id":"AC-Y479-X646","properties":{"id":"AC-Y479-X646","grid_x":646,"grid_y":479,"centroid":[-69.1326176,-9.2526176],"aggregation":"none","score_gradboost":0.0153451,"score_random_forest":0.0116931,"score_logistic_regression":0.3506759,"score_fuzzy_knn_k29":0.0},"geometry":{"type":"Polygon","coordinates":[[[-69.1366837,-9.2553212],[-69.1285536,-9.2553242],[-69.1285516,-9.2499139],[-69.1366816,-9.2499109],[-69.1366837,-9.2553212]]]}},{"type":"Feature","id":"AC-Y479-X647","properties":{"id":"AC-Y479-X647","grid_x":647,"grid_y":479,"centroid":[-69.1244876,-9.2526205],"aggregation":"none","score_gradboost":0.0115815,"score_random_forest":0.0056231,"score_logistic_regression":0.3693211,"score_fuzzy_knn_k29":0.0},"geometry":{"type":"Polygon","coordinates":[[[-69.1285536,-9.2553242],[-69.1204235,-9.255327],[-69.1204216,-9.2499167],[-69.1285516,-9.2499139],[-69.1285536,-9.2553242]]]}},{"type":"Feature","id":"AC-Y479-X648","properties":{"id":"AC-Y479-X648","grid_x":648,"grid_y":479,"centroid":[-69.1163575,-9.2526232],"aggregation":"none","score_gradboost":0.0204612,"score_random_forest":0.0220425,"score_logistic_regression":0.3512332,"score_fuzzy_knn_k29":0.018088},"geometry":{"type":"Polygon","coordinates":[[[-69.1204235,-9.255327],[-69.1122933,-9.2553297],[-69.1122916,-9.2499194],[-69.1204216,-9.2499167],[-69.1204235,-9.255327]]]}},{"type":"Feature","id":"AC-Y480-X638","properties":{"id":"AC-Y480-X638","grid_x":638,"grid_y":480,"centroid":[-69.1976549,-9.2471773],"aggregation":"none","score_gradboost":0.1142083,"score_random_forest":0.0564026,"score_logistic_regression":0.3752629,"score_fuzzy_knn_k29":0.0442389},"geometry":{"type":"Polygon","coordinates":[[[-69.2017214,-9.2498802],[-69.1935915,-9.2498847],[-69.1935885,-9.2444744],[-69.2017183,-9.2444699],[-69.2017214,-9.2498802]]]}},{"type":"Feature","id":"AC-Y480-X639","properties":{"id":"AC-Y480-X639","grid_x":639,"grid_y":480,"centroid":[-69.189525,-9.2471817],"aggregation":"none","score_gradboost":0.1635751,"score_random_forest":0.1063584,"score_logistic_regression":0.3457411,"score_fuzzy_knn_k29":0.0846072},"geometry":{"type":"Polygon","coordinates":[[[-69.1935915,-9.2498847],[-69.1854615,-9.249889],[-69.1854587,-9.2444787],[-69.1935885,-9.2444744],[-69.1935915,-9.2498847]]]}},{"type":"Feature","id":"AC-Y480-X640","properties":{"id":"AC-Y480-X640","grid_x":640,"grid_y":480,"centroid":[-69.1813951,-9.2471859],"aggregation":"none","score_gradboost":0.1872662,"score_random_forest":0.1084868,"score_logistic_regression":0.3389625,"score_fuzzy_knn_k29":0.2223133},"geometry":{"type":"Polygon","coordinates":[[[-69.1854615,-9.249889],[-69.1773315,-9.2498931],[-69.1773288,-9.2444828],[-69.1854587,-9.2444787],[-69.1854615,-9.249889]]]}},{"type":"Feature","id":"AC-Y480-X641","properties":{"id":"AC-Y480-X641","grid_x":641,"grid_y":480,"centroid":[-69.1732652,-9.24719],"aggregation":"none","score_gradboost":0.1328889,"score_random_forest":0.1031635,"score_logistic_regression":0.3662629,"score_fuzzy_knn_k29":0.1667644},"geometry":{"type":"Polygon","coordinates":[[[-69.1773315,-9.2498931],[-69.1692015,-9.249897],[-69.169199,-9.2444867],[-69.1773288,-9.2444828],[-69.1773315,-9.2498931]]]}},{"type":"Feature","id":"AC-Y480-X642","properties":{"id":"AC-Y480-X642","grid_x":642,"grid_y":480,"centroid":[-69.1651353,-9.2471938],"aggregation":"none","score_gradboost":0.0860121,"score_random_forest":0.1137435,"score_logistic_regression":0.3197163,"score_fuzzy_knn_k29":0.0989421},"geometry":{"type":"Polygon","coordinates":[[[-69.1692015,-9.249897],[-69.1610716,-9.2499008],[-69.1610691,-9.2444905],[-69.169199,-9.2444867],[-69.1692015,-9.249897]]]}},{"type":"Feature","id":"AC-Y480-X643","properties":{"id":"AC-Y480-X643","grid_x":643,"grid_y":480,"centroid":[-69.1570054,-9.2471974],"aggregation":"none","score_gradboost":0.0753734,"score_random_forest":0.1117984,"score_logistic_regression":0.3300214,"score_fuzzy_knn_k29":0.169197},"geometry":{"type":"Polygon","coordinates":[[[-69.1610716,-9.2499008],[-69.1529416,-9.2499043],[-69.1529392,-9.244494],[-69.1610691,-9.2444905],[-69.1610716,-9.2499008]]]}},{"type":"Feature","id":"AC-Y480-X644","properties":{"id":"AC-Y480-X644","grid_x":644,"grid_y":480,"centroid":[-69.1488755,-9.2472009],"aggregation":"none","score_gradboost":0.0280646,"score_random_forest":0.0075158,"score_logistic_regression":0.3450037,"score_fuzzy_knn_k29":0.0953178},"geometry":{"type":"Polygon","coordinates":[[[-69.1529416,-9.2499043],[-69.1448116,-9.2499077],[-69.1448094,-9.2444974],[-69.1529392,-9.244494],[-69.1529416,-9.2499043]]]}},{"type":"Feature","id":"AC-Y480-X645","properties":{"id":"AC-Y480-X645","grid_x":645,"grid_y":480,"centroid":[-69.1407455,-9.2472042],"aggregation":"none","score_gradboost":0.0430453,"score_random_forest":0.0165268,"score_logistic_regression":0.3647794,"score_fuzzy_knn_k29":0.0268159},"geometry":{"type":"Polygon","coordinates":[[[-69.1448116,-9.2499077],[-69.1366816,-9.2499109],[-69.1366795,-9.2445006],[-69.1448094,-9.2444974],[-69.1448116,-9.2499077]]]}},{"type":"Feature","id":"AC-Y480-X646","properties":{"id":"AC-Y480-X646","grid_x":646,"grid_y":480,"centroid":[-69.1326156,-9.2472073],"aggregation":"none","score_gradboost":0.0196624,"score_random_forest":0.0280661,"score_logistic_regression":0.3976594,"score_fuzzy_knn_k29":0.0108442},"geometry":{"type":"Polygon","coordinates":[[[-69.1366816,-9.2499109],[-69.1285516,-9.2499139],[-69.1285497,-9.2445036],[-69.1366795,-9.2445006],[-69.1366816,-9.2499109]]]}},{"type":"Feature","id":"AC-Y480-X647","properties":{"id":"AC-Y480-X647","grid_x":647,"grid_y":480,"centroid":[-69.1244857,-9.2472102],"aggregation":"none","score_gradboost":0.0196478,"score_random_forest":0.0095985,"score_logistic_regression":0.321702,"score_fuzzy_knn_k29":0.0},"geometry":{"type":"Polygon","coordinates":[[[-69.1285516,-9.2499139],[-69.1204216,-9.2499167],[-69.1204198,-9.2445064],[-69.1285497,-9.2445036],[-69.1285516,-9.2499139]]]}},{"type":"Feature","id":"AC-Y480-X648","properties":{"id":"AC-Y480-X648","grid_x":648,"grid_y":480,"centroid":[-69.1163557,-9.2472129],"aggregation":"none","score_gradboost":0.0151282,"score_random_forest":0.013998,"score_logistic_regression":0.3654962,"score_fuzzy_knn_k29":0.0},"geometry":{"type":"Polygon","coordinates":[[[-69.1204216,-9.2499167],[-69.1122916,-9.2499194],[-69.1122899,-9.2445091],[-69.1204198,-9.2445064],[-69.1204216,-9.2499167]]]}},{"type":"Feature","id":"AC-Y480-X649","properties":{"id":"AC-Y480-X649","grid_x":649,"grid_y":480,"centroid":[-69.1082258,-9.2472155],"aggregation":"none","score_gradboost":0.0182135,"score_random_forest":0.0122832,"score_logistic_regression":0.3837342,"score_fuzzy_knn_k29":0.012882},"geometry":{"type":"Polygon","coordinates":[[[-69.1122916,-9.2499194],[-69.1041616,-9.2499218],[-69.10416,-9.2445115],[-69.1122899,-9.2445091],[-69.1122916,-9.2499194]]]}},{"type":"Feature","id":"AC-Y481-X638","properties":{"id":"AC-Y481-X638","grid_x":638,"grid_y":481,"centroid":[-69.1976519,-9.2417671],"aggregation":"none","score_gradboost":0.0709406,"score_random_forest":0.0819392,"score_logistic_regression":0.408128,"score_fuzzy_knn_k29":0.1053031},"geometry":{"type":"Polygon","coordinates":[[[-69.2017183,-9.2444699],[-69.1935885,-9.2444744],[-69.1935856,-9.2390641],[-69.2017153,-9.2390596],[-69.2017183,-9.2444699]]]}},{"type":"Feature","id":"AC-Y481-X639","properties":{"id":"AC-Y481-X639","grid_x":639,"grid_y":481,"centroid":[-69.1895221,-9.2417714],"aggregation":"none","score_gradboost":0.0947837,"score_random_forest":0.0617865,"score_logistic_regression":0.3827381,"score_fuzzy_knn_k29":0.0265689},"geometry":{"type":"Polygon","coordinates":[[[-69.1935885,-9.2444744],[-69.1854587,-9.2444787],[-69.1854558,-9.2390684],[-69.1935856,-9.2390641],[-69.1935885,-9.2444744]]]}},{"type":"Feature","id":"AC-Y481-X640","properties":{"id":"AC-Y481-X640","grid_x":640,"grid_y":481,"centroid":[-69.1813924,-9.2417756],"aggregation":"none","score_gradboost":0.1947712,"score_random_forest":0.1221798,"score_logistic_regression":0.3976186,"score_fuzzy_knn_k29":0.0238103},"geometry":{"type":"Polygon","coordinates":[[[-69.1854587,-9.2444787],[-69.1773288,-9.2444828],[-69.1773261,-9.2390725],[-69.1854558,-9.2390684],[-69.1854587,-9.2444787]]]}},{"type":"Feature","id":"AC-Y481-X641","properties":{"id":"AC-Y481-X641","grid_x":641,"grid_y":481,"centroid":[-69.1732626,-9.2417796],"aggregation":"none","score_gradboost":0.1533271,"score_random_forest":0.1119669,"score_logistic_regression":0.4180272,"score_fuzzy_knn_k29":0.0842942},"geometry":{"type":"Polygon","coordinates":[[[-69.1773288,-9.2444828],[-69.169199,-9.2444867],[-69.1691964,-9.2390764],[-69.1773261,-9.2390725],[-69.1773288,-9.2444828]]]}},{"type":"Feature","id":"AC-Y481-X642","properties":{"id":"AC-Y481-X642","grid_x":642,"grid_y":481,"centroid":[-69.1651328,-9.2417835],"aggregation":"none","score_gradboost":0.1030942,"score_random_forest":0.1170913,"score_logistic_regression":0.3831668,"score_fuzzy_knn_k29":0.1890544},"geometry":{"type":"Polygon","coordinates":[[[-69.169199,-9.2444867],[-69.1610691,-9.2444905],[-69.1610666,-9.2390802],[-69.1691964,-9.2390764],[-69.169199,-9.2444867]]]}},{"type":"Feature","id":"AC-Y481-X643","properties":{"id":"AC-Y481-X643","grid_x":643,"grid_y":481,"centroid":[-69.157003,-9.2417871],"aggregation":"none","score_gradboost":0.0765688,"score_random_forest":0.101988,"score_logistic_regression":0.4089019,"score_fuzzy_knn_k29":0.1141933},"geometry":{"type":"Polygon","coordinates":[[[-69.1610691,-9.2444905],[-69.1529392,-9.244494],[-69.1529369,-9.2390837],[-69.1610666,-9.2390802],[-69.1610691,-9.2444905]]]}},{"type":"Feature","id":"AC-Y481-X644","properties":{"id":"AC-Y481-X644","grid_x":644,"grid_y":481,"centroid":[-69.1488732,-9.2417906],"aggregation":"none","score_gradboost":0.0326231,"score_random_forest":0.0384897,"score_logistic_regression":0.3882117,"score_fuzzy_knn_k29":0.1471213},"geometry":{"type":"Polygon","coordinates":[[[-69.1529392,-9.244494],[-69.1448094,-9.2444974],[-69.1448072,-9.2390871],[-69.1529369,-9.2390837],[-69.1529392,-9.244494]]]}},{"type":"Feature","id":"AC-Y481-X645","properties":{"id":"AC-Y481-X645","grid_x":645,"grid_y":481,"centroid":[-69.1407434,-9.2417939],"aggregation":"none","score_gradboost":0.0492428,"score_random_forest":0.0209557,"score_logistic_regression":0.3801197,"score_fuzzy_knn_k29":0.0590187},"geometry":{"type":"Polygon","coordinates":[[[-69.1448094,-9.2444974],[-69.1366795,-9.2445006],[-69.1366774,-9.2390903],[-69.1448072,-9.2390871],[-69.1448094,-9.2444974]]]}},{"type":"Feature","id":"AC-Y481-X646","properties":{"id":"AC-Y481-X646","grid_x":646,"grid_y":481,"centroid":[-69.1326136,-9.241797],"aggregation":"none","score_gradboost":0.0341095,"score_random_forest":0.0161771,"score_logistic_regression":0.3705466,"score_fuzzy_knn_k29":0.0144576},"geometry":{"type":"Polygon","coordinates":[[[-69.1366795,-9.2445006],[-69.1285497,-9.2445036],[-69.1285477,-9.2390933],[-69.1366774,-9.2390903],[-69.1366795,-9.2445006]]]}},{"type":"Feature","id":"AC-Y481-X647","properties":{"id":"AC-Y481-X647","grid_x":647,"grid_y":481,"centroid":[-69.1244838,-9.2417999],"aggregation":"none","score_gradboost":0.0163605,"score_random_forest":0.0054717,"score_logistic_regression":0.3889419,"score_fuzzy_knn_k29":0.0113249},"geometry":{"type":"Polygon","coordinates":[[[-69.1285497,-9.2445036],[-69.1204198,-9.2445064],[-69.1204179,-9.2390961],[-69.1285477,-9.2390933],[-69.1285497,-9.2445036]]]}},{"type":"Feature","id":"AC-Y481-X648","properties":{"id":"AC-Y481-X648","grid_x":648,"grid_y":481,"centroid":[-69.116354,-9.2418026],"aggregation":"none","score_gradboost":0.0143115,"score_random_forest":0.0184732,"score_logistic_regression":0.4124058,"score_fuzzy_knn_k29":0.0},"geometry":{"type":"Polygon","coordinates":[[[-69.1204198,-9.2445064],[-69.1122899,-9.2445091],[-69.1122882,-9.2390987],[-69.1204179,-9.2390961],[-69.1204198,-9.2445064]]]}},{"type":"Feature","id":"AC-Y481-X649","properties":{"id":"AC-Y481-X649","grid_x":649,"grid_y":481,"centroid":[-69.1082241,-9.2418051],"aggregation":"none","score_gradboost":0.0271177,"score_random_forest":0.0731208,"score_logistic_regression":0.4265529,"score_fuzzy_knn_k29":0.019389},"geometry":{"type":"Polygon","coordinates":[[[-69.1122899,-9.2445091],[-69.10416,-9.2445115],[-69.1041584,-9.2391012],[-69.1122882,-9.2390987],[-69.1122899,-9.2445091]]]}},{"type":"Feature","id":"AC-Y481-X650","properties":{"id":"AC-Y481-X650","grid_x":650,"grid_y":481,"centroid":[-69.1000943,-9.2418075],"aggregation":"none","score_gradboost":0.0289827,"score_random_forest":0.0743269,"score_logistic_regression":0.4363041,"score_fuzzy_knn_k29":0.1102118},"geometry":{"type":"Polygon","coordinates":[[[-69.10416,-9.2445115],[-69.0960302,-9.2445138],[-69.0960287,-9.2391034],[-69.1041584,-9.2391012],[-69.10416,-9.2445115]]]}},{"type":"Feature","id":"AC-Y482-X638","properties":{"id":"AC-Y482-X638","grid_x":638,"grid_y":482,"centroid":[-69.1976489,-9.2363568],"aggregation":"none","score_gradboost":0.0760276,"score_random_forest":0.0844845,"score_logistic_regression":0.4162862,"score_fuzzy_knn_k29":0.1134613},"geometry":{"type":"Polygon","coordinates":[[[-69.2017153,-9.2390596],[-69.1935856,-9.2390641],[-69.1935826,-9.2336538],[-69.2017122,-9.2336494],[-69.2017153,-9.2390596]]]}},{"type":"Feature","id":"AC-Y482-X639","properties":{"id":"AC-Y482-X639","grid_x":639,"grid_y":482,"centroid":[-69.1895192,-9.2363611],"aggregation":"none","score_gradboost":0.1500912,"score_random_forest":0.0435247,"score_logistic_regression":0.3561962,"score_fuzzy_knn_k29":0.0609218},"geometry":{"type":"Polygon","coordinates":[[[-69.1935856,-9.2390641],[-69.1854558,-9.2390684],[-69.185453,-9.2336581],[-69.1935826,-9.2336538],[-69.1935856,-9.2390641]]]}},{"type":"Feature","id":"AC-Y482-X640","properties":{"id":"AC-Y482-X640","grid_x":640,"grid_y":482,"centroid":[-69.1813896,-9.2363653],"aggregation":"none","score_gradboost":0.2042261,"score_random_forest":0.1218747,"score_logistic_regression":0.3397765,"score_fuzzy_knn_k29":0.1764375},"geometry":{"type":"Polygon","coordinates":[[[-69.1854558,-9.2390684],[-69.1773261,-9.2390725],[-69.1773234,-9.2336622],[-69.185453,-9.2336581],[-69.1854558,-9.2390684]]]}},{"type":"Feature","id":"AC-Y482-X641","properties":{"id":"AC-Y482-X641","grid_x":641,"grid_y":482,"centroid":[-69.1732599,-9.2363693],"aggregation":"none","score_gradboost":0.260911,"score_random_forest":0.2320084,"score_logistic_regression":0.3252493,"score_fuzzy_knn_k29":0.38339},"geometry":{"type":"Polygon","coordinates":[[[-69.1773261,-9.2390725],[-69.1691964,-9.2390764],[-69.1691938,-9.2336661],[-69.1773234,-9.2336622],[-69.1773261,-9.2390725]]]}},{"type":"Feature","id":"AC-Y482-X642","properties":{"id":"AC-Y482-X642","grid_x":642,"grid_y":482,"centroid":[-69.1651303,-9.2363732],"aggregation":"none","score_gradboost":0.0989186,"score_random_forest":0.1937278,"score_logistic_regression":0.3453866,"score_fuzzy_knn_k29":0.2925329},"geometry":{"type":"Polygon","coordinates":[[[-69.1691964,-9.2390764],[-69.1610666,-9.2390802],[-69.1610642,-9.2336699],[-69.1691938,-9.2336661],[-69.1691964,-9.2390764]]]}},{"type":"Feature","id":"AC-Y482-X643","properties":{"id":"AC-Y482-X643","grid_x":643,"grid_y":482,"centroid":[-69.1570006,-9.2363768],"aggregation":"none","score_gradboost":0.0731534,"score_random_forest":0.1216341,"score_logistic_regression":0.3436213,"score_fuzzy_knn_k29":0.2083041},"geometry":{"type":"Polygon","coordinates":[[[-69.1610666,-9.2390802],[-69.1529369,-9.2390837],[-69.1529346,-9.2336734],[-69.1610642,-9.2336699],[-69.1610666,-9.2390802]]]}},{"type":"Feature","id":"AC-Y482-X644","properties":{"id":"AC-Y482-X644","grid_x":644,"grid_y":482,"centroid":[-69.1488709,-9.2363803],"aggregation":"none","score_gradboost":0.028289,"score_random_forest":0.013534,"score_logistic_regression":0.3493239,"score_fuzzy_knn_k29":0.1679018},"geometry":{"type":"Polygon","coordinates":[[[-69.1529369,-9.2390837],[-69.1448072,-9.2390871],[-69.144805,-9.2336768],[-69.1529346,-9.2336734],[-69.1529369,-9.2390837]]]}},{"type":"Feature","id":"AC-Y482-X645","properties":{"id":"AC-Y482-X645","grid_x":645,"grid_y":482,"centroid":[-69.1407412,-9.2363836],"aggregation":"none","score_gradboost":0.0378163,"score_random_forest":0.0352985,"score_logistic_regression":0.4221841,"score_fuzzy_knn_k29":0.141359},"geometry":{"type":"Polygon","coordinates":[[[-69.1448072,-9.2390871],[-69.1366774,-9.2390903],[-69.1366753,-9.23368],[-69.144805,-9.2336768],[-69.1448072,-9.2390871]]]}},{"type":"Feature","id":"AC-Y482-X646","properties":{"id":"AC-Y482-X646","grid_x":646,"grid_y":482,"centroid":[-69.1326116,-9.2363866],"aggregation":"none","score_gradboost":0.0701574,"score_random_forest":0.0408922,"score_logistic_regression":0.4080647,"score_fuzzy_knn_k29":0.0754809},"geometry":{"type":"Polygon","coordinates":[[[-69.1366774,-9.2390903],[-69.1285477,-9.2390933],[-69.1285457,-9.233683],[-69.1366753,-9.23368],[-69.1366774,-9.2390903]]]}},{"type":"Feature","id":"AC-Y482-X647","properties":{"id":"AC-Y482-X647","grid_x":647,"grid_y":482,"centroid":[-69.1244819,-9.2363896],"aggregation":"none","score_gradboost":0.0350526,"score_random_forest":0.0387366,"score_logistic_regression":0.4320289,"score_fuzzy_knn_k29":0.0346212},"geometry":{"type":"Polygon","coordinates":[[[-69.1285477,-9.2390933],[-69.1204179,-9.2390961],[-69.1204161,-9.2336858],[-69.1285457,-9.233683],[-69.1285477,-9.2390933]]]}},{"type":"Feature","id":"AC-Y482-X648","properties":{"id":"AC-Y482-X648","grid_x":648,"grid_y":482,"centroid":[-69.1163522,-9.2363923],"aggregation":"none","score_gradboost":0.0173254,"score_random_forest":0.0076516,"score_logistic_regression":0.4084942,"score_fuzzy_knn_k29":0.0146256},"geometry":{"type":"Polygon","coordinates":[[[-69.1204179,-9.2390961],[-69.1122882,-9.2390987],[-69.1122865,-9.2336884],[-69.1204161,-9.2336858],[-69.1204179,-9.2390961]]]}},{"type":"Feature","id":"AC-Y482-X649","properties":{"id":"AC-Y482-X649","grid_x":649,"grid_y":482,"centroid":[-69.1082225,-9.2363948],"aggregation":"none","score_gradboost":0.013109,"score_random_forest":0.0027987,"score_logistic_regression":0.3901215,"score_fuzzy_knn_k29":0.0181626},"geometry":{"type":"Polygon","coordinates":[[[-69.1122882,-9.2390987],[-69.1041584,-9.2391012],[-69.1041569,-9.2336909],[-69.1122865,-9.2336884],[-69.1122882,-9.2390987]]]}},{"type":"Feature","id":"AC-Y482-X650","properties":{"id":"AC-Y482-X650","grid_x":650,"grid_y":482,"centroid":[-69.1000928,-9.2363972],"aggregation":"none","score_gradboost":0.0258298,"score_random_forest":0.0836513,"score_logistic_regression":0.4810135,"score_fuzzy_knn_k29":0.3369593},"geometry":{"type":"Polygon","coordinates":[[[-69.1041584,-9.2391012],[-69.0960287,-9.2391034],[-69.0960272,-9.2336931],[-69.1041569,-9.2336909],[-69.1041584,-9.2391012]]]}},{"type":"Feature","id":"AC-Y483-X639","properties":{"id":"AC-Y483-X639","grid_x":639,"grid_y":483,"centroid":[-69.1895164,-9.2309508],"aggregation":"none","score_gradboost":0.0735816,"score_random_forest":0.0711334,"score_logistic_regression":0.4021724,"score_fuzzy_knn_k29":0.0892217},"geometry":{"type":"Polygon","coordinates":[[[-69.1935826,-9.2336538],[-69.185453,-9.2336581],[-69.1854502,-9.2282478],[-69.1935796,-9.2282435],[-69.1935826,-9.2336538]]]}},{"type":"Feature","id":"AC-Y483-X640","properties":{"id":"AC-Y483-X640","grid_x":640,"grid_y":483,"centroid":[-69.1813868,-9.230955],"aggregation":"none","score_gradboost":0.188735,"score_random_forest":0.0755605,"score_logistic_regression":0.3380634,"score_fuzzy_knn_k29":0.166585},"geometry":{"type":"Polygon","coordinates":[[[-69.185453,-9.2336581],[-69.1773234,-9.2336622],[-69.1773207,-9.2282519],[-69.1854502,-9.2282478],[-69.185453,-9.2336581]]]}},{"type":"Feature","id":"AC-Y483-X641","properties":{"id":"AC-Y483-X641","grid_x":641,"grid_y":483,"centroid":[-69.1732573,-9.230959],"aggregation":"none","score_gradboost":0.234678,"score_random_forest":0.1381223,"score_logistic_regression":0.3545786,"score_fuzzy_knn_k29":0.2316978},"geometry":{"type":"Polygon","coordinates":[[[-69.1773234,-9.2336622],[-69.1691938,-9.2336661],[-69.1691912,-9.2282558],[-69.1773207,-9.2282519],[-69.1773234,-9.2336622]]]}},{"type":"Feature","id":"AC-Y483-X642","properties":{"id":"AC-Y483-X642","grid_x":642,"grid_y":483,"centroid":[-69.1651277,-9.2309629],"aggregation":"none","score_gradboost":0.1429737,"score_random_forest":0.1216556,"score_logistic_regression":0.392714,"score_fuzzy_knn_k29":0.1817621},"geometry":{"type":"Polygon","coordinates":[[[-69.1691938,-9.2336661],[-69.1610642,-9.2336699],[-69.1610617,-9.2282596],[-69.1691912,-9.2282558],[-69.1691938,-9.2336661]]]}},{"type":"Feature","id":"AC-Y483-X643","properties":{"id":"AC-Y483-X643","grid_x":643,"grid_y":483,"centroid":[-69.1569982,-9.2309665],"aggregation":"none","score_gradboost":0.0782864,"score_random_forest":0.077041,"score_logistic_regression":0.4510217,"score_fuzzy_knn_k29":0.1586821},"geometry":{"type":"Polygon","coordinates":[[[-69.1610642,-9.2336699],[-69.1529346,-9.2336734],[-69.1529322,-9.2282631],[-69.1610617,-9.2282596],[-69.1610642,-9.2336699]]]}},{"type":"Feature","id":"AC-Y483-X644","properties":{"id":"AC-Y483-X644","grid_x":644,"grid_y":483,"centroid":[-69.1488686,-9.23097],"aggregation":"none","score_gradboost":0.1535923,"score_random_forest":0.1630481,"score_logistic_regression":0.3191167,"score_fuzzy_knn_k29":0.2549626},"geometry":{"type":"Polygon","coordinates":[[[-69.1529346,-9.2336734],[-69.144805,-9.2336768],[-69.1448028,-9.2282665],[-69.1529322,-9.2282631],[-69.1529346,-9.2336734]]]}},{"type":"Feature","id":"AC-Y483-X645","properties":{"id":"AC-Y483-X645","grid_x":645,"grid_y":483,"centroid":[-69.1407391,-9.2309732],"aggregation":"none","score_gradboost":0.0397776,"score_random_forest":0.0181232,"score_logistic_regression":0.3448773,"score_fuzzy_knn_k29":0.1596875},"geometry":{"type":"Polygon","coordinates":[[[-69.144805,-9.2336768],[-69.1366753,-9.23368],[-69.1366733,-9.2282697],[-69.1448028,-9.2282665],[-69.144805,-9.2336768]]]}},{"type":"Feature","id":"AC-Y483-X646","properties":{"id":"AC-Y483-X646","grid_x":646,"grid_y":483,"centroid":[-69.1326095,-9.2309763],"aggregation":"none","score_gradboost":0.0747968,"score_random_forest":0.0331202,"score_logistic_regression":0.399693,"score_fuzzy_knn_k29":0.1271902},"geometry":{"type":"Polygon","coordinates":[[[-69.1366753,-9.23368],[-69.1285457,-9.233683],[-69.1285438,-9.2282727],[-69.1366733,-9.2282697],[-69.1366753,-9.23368]]]}},{"type":"Feature","id":"AC-Y483-X647","properties":{"id":"AC-Y483-X647","grid_x":647,"grid_y":483,"centroid":[-69.12448,-9.2309792],"aggregation":"none","score_gradboost":0.0536414,"score_random_forest":0.0359782,"score_logistic_regression":0.4567371,"score_fuzzy_knn_k29":0.1092861},"geometry":{"type":"Polygon","coordinates":[[[-69.1285457,-9.233683],[-69.1204161,-9.2336858],[-69.1204143,-9.2282755],[-69.1285438,-9.2282727],[-69.1285457,-9.233683]]]}},{"type":"Feature","id":"AC-Y483-X648","properties":{"id":"AC-Y483-X648","grid_x":648,"grid_y":483,"centroid":[-69.1163504,-9.230982],"aggregation":"none","score_gradboost":0.0192987,"score_random_forest":0.0134432,"score_logistic_regression":0.3590262,"score_fuzzy_knn_k29":0.0137477},"geometry":{"type":"Polygon","coordinates":[[[-69.1204161,-9.2336858],[-69.1122865,-9.2336884],[-69.1122848,-9.2282781],[-69.1204143,-9.2282755],[-69.1204161,-9.2336858]]]}},{"type":"Feature","id":"AC-Y483-X649","properties":{"id":"AC-Y483-X649","grid_x":649,"grid_y":483,"centroid":[-69.1082208,-9.2309845],"aggregation":"none","score_gradboost":0.0222318,"score_random_forest":0.0253713,"score_logistic_regression":0.4289032,"score_fuzzy_knn_k29":0.0188766},"geometry":{"type":"Polygon","coordinates":[[[-69.1122865,-9.2336884],[-69.1041569,-9.2336909],[-69.1041553,-9.2282805],[-69.1122848,-9.2282781],[-69.1122865,-9.2336884]]]}},{"type":"Feature","id":"AC-Y484-X639","properties":{"id":"AC-Y484-X639","grid_x":639,"grid_y":484,"centroid":[-69.1895135,-9.2255405],"aggregation":"none","score_gradboost":0.1065676,"score_random_forest":0.0694009,"score_logistic_regression":0.3934299,"score_fuzzy_knn_k29":0.0828401},"geometry":{"type":"Polygon","coordinates":[[[-69.1935796,-9.2282435],[-69.1854502,-9.2282478],[-69.1854474,-9.2228375],[-69.1935767,-9.2228332],[-69.1935796,-9.2282435]]]}},{"type":"Feature","id":"AC-Y484-X640","properties":{"id":"AC-Y484-X640","grid_x":640,"grid_y":484,"centroid":[-69.1813841,-9.2255447],"aggregation":"none","score_gradboost":0.1331025,"score_random_forest":0.084811,"score_logistic_regression":0.4201825,"score_fuzzy_knn_k29":0.0172236},"geometry":{"type":"Polygon","coordinates":[[[-69.1854502,-9.2282478],[-69.1773207,-9.2282519],[-69.177318,-9.2228416],[-69.1854474,-9.2228375],[-69.1854502,-9.2282478]]]}},{"type":"Feature","id":"AC-Y484-X641","properties":{"id":"AC-Y484-X641","grid_x":641,"grid_y":484,"centroid":[-69.1732546,-9.2255487],"aggregation":"none","score_gradboost":0.2765805,"score_random_forest":0.1387728,"score_logistic_regression":0.3736184,"score_fuzzy_knn_k29":0.1361619},"geometry":{"type":"Polygon","coordinates":[[[-69.1773207,-9.2282519],[-69.1691912,-9.2282558],[-69.1691886,-9.2228455],[-69.177318,-9.2228416],[-69.1773207,-9.2282519]]]}},{"type":"Feature","id":"AC-Y484-X642","properties":{"id":"AC-Y484-X642","grid_x":642,"grid_y":484,"centroid":[-69.1651252,-9.2255526],"aggregation":"none","score_gradboost":0.1675022,"score_random_forest":0.134843,"score_logistic_regression":0.4455641,"score_fuzzy_knn_k29":0.098295},"geometry":{"type":"Polygon","coordinates":[[[-69.1691912,-9.2282558],[-69.1610617,-9.2282596],[-69.1610593,-9.2228492],[-69.1691886,-9.2228455],[-69.1691912,-9.2282558]]]}},{"type":"Feature","id":"AC-Y484-X643","properties":{"id":"AC-Y484-X643","grid_x":643,"grid_y":484,"centroid":[-69.1569958,-9.2255562],"aggregation":"none","score_gradboost":0.1427678,"score_random_forest":0.1300665,"score_logistic_regression":0.3857193,"score_fuzzy_knn_k29":0.2608601},"geometry":{"type":"Polygon","coordinates":[[[-69.1610617,-9.2282596],[-69.1529322,-9.2282631],[-69.1529299,-9.2228528],[-69.1610593,-9.2228492],[-69.1610617,-9.2282596]]]}},{"type":"Feature","id":"AC-Y484-X644","properties":{"id":"AC-Y484-X644","grid_x":644,"grid_y":484,"centroid":[-69.1488664,-9.2255597],"aggregation":"none","score_gradboost":0.1901195,"score_random_forest":0.2226178,"score_logistic_regression":0.2904506,"score_fuzzy_knn_k29":0.3287897},"geometry":{"type":"Polygon","coordinates":[[[-69.1529322,-9.2282631],[-69.1448028,-9.2282665],[-69.1448006,-9.2228562],[-69.1529299,-9.2228528],[-69.1529322,-9.2282631]]]}},{"type":"Feature","id":"AC-Y484-X645","properties":{"id":"AC-Y484-X645","grid_x":645,"grid_y":484,"centroid":[-69.1407369,-9.2255629],"aggregation":"none","score_gradboost":0.1013914,"score_random_forest":0.1133707,"score_logistic_regression":0.3544339,"score_fuzzy_knn_k29":0.2164379},"geometry":{"type":"Polygon","coordinates":[[[-69.1448028,-9.2282665],[-69.1366733,-9.2282697],[-69.1366712,-9.2228593],[-69.1448006,-9.2228562],[-69.1448028,-9.2282665]]]}},{"type":"Feature","id":"AC-Y484-X646","properties":{"id":"AC-Y484-X646","grid_x":646,"grid_y":484,"centroid":[-69.1326075,-9.225566],"aggregation":"none","score_gradboost":0.0323716,"score_random_forest":0.0133482,"score_logistic_regression":0.3911538,"score_fuzzy_knn_k29":0.1188461},"geometry":{"type":"Polygon","coordinates":[[[-69.1366733,-9.2282697],[-69.1285438,-9.2282727],[-69.1285418,-9.2228623],[-69.1366712,-9.2228593],[-69.1366733,-9.2282697]]]}},{"type":"Feature","id":"AC-Y484-X647","properties":{"id":"AC-Y484-X647","grid_x":647,"grid_y":484,"centroid":[-69.1244781,-9.2255689],"aggregation":"none","score_gradboost":0.0635,"score_random_forest":0.0388523,"score_logistic_regression":0.4671853,"score_fuzzy_knn_k29":0.1300767},"geometry":{"type":"Polygon","coordinates":[[[-69.1285438,-9.2282727],[-69.1204143,-9.2282755],[-69.1204124,-9.2228651],[-69.1285418,-9.2228623],[-69.1285438,-9.2282727]]]}},{"type":"Feature","id":"AC-Y484-X648","properties":{"id":"AC-Y484-X648","grid_x":648,"grid_y":484,"centroid":[-69.1163486,-9.2255716],"aggregation":"none","score_gradboost":0.0339623,"score_random_forest":0.0357348,"score_logistic_regression":0.4295475,"score_fuzzy_knn_k29":0.0304286},"geometry":{"type":"Polygon","coordinates":[[[-69.1204143,-9.2282755],[-69.1122848,-9.2282781],[-69.1122831,-9.2228678],[-69.1204124,-9.2228651],[-69.1204143,-9.2282755]]]}},{"type":"Feature","id":"AC-Y484-X649","properties":{"id":"AC-Y484-X649","grid_x":649,"grid_y":484,"centroid":[-69.1082192,-9.2255742],"aggregation":"none","score_gradboost":0.0219507,"score_random_forest":0.0299555,"score_logistic_regression":0.4592109,"score_fuzzy_knn_k29":0.0996544},"geometry":{"type":"Polygon","coordinates":[[[-69.1122848,-9.2282781],[-69.1041553,-9.2282805],[-69.1041537,-9.2228702],[-69.1122831,-9.2228678],[-69.1122848,-9.2282781]]]}},{"type":"Feature","id":"AC-Y485-X639","properties":{"id":"AC-Y485-X639","grid_x":639,"grid_y":485,"centroid":[-69.1895106,-9.2201302],"aggregation":"none","score_gradboost":0.0810518,"score_random_forest":0.0924801,"score_logistic_regression":0.4568691,"score_fuzzy_knn_k29":0.2377491},"geometry":{"type":"Polygon","coordinates":[[[-69.1935767,-9.2228332],[-69.1854474,-9.2228375],[-69.1854445,-9.2174272],[-69.1935738,-9.2174229],[-69.1935767,-9.2228332]]]}},{"type":"Feature","id":"AC-Y485-X640","properties":{"id":"AC-Y485-X640","grid_x":640,"grid_y":485,"centroid":[-69.1813813,-9.2201344],"aggregation":"none","score_gradboost":0.1072961,"score_random_forest":0.0566511,"score_logistic_regression":0.4097641,"score_fuzzy_knn_k29":0.0592023},"geometry":{"type":"Polygon","coordinates":[[[-69.1854474,-9.2228375],[-69.177318,-9.2228416],[-69.1773153,-9.2174313],[-69.1854445,-9.2174272],[-69.1854474,-9.2228375]]]}},{"type":"Feature","id":"AC-Y485-X641","properties":{"id":"AC-Y485-X641","grid_x":641,"grid_y":485,"centroid":[-69.173252,-9.2201384],"aggregation":"none","score_gradboost":0.1882581,"score_random_forest":0.130429,"score_logistic_regression":0.4302183,"score_fuzzy_knn_k29":0.0},"geometry":{"type":"Polygon","coordinates":[[[-69.177318,-9.2228416],[-69.1691886,-9.2228455],[-69.1691861,-9.2174352],[-69.1773153,-9.2174313],[-69.177318,-9.2228416]]]}},{"type":"Feature","id":"AC-Y485-X642","properties":{"id":"AC-Y485-X642","grid_x":642,"grid_y":485,"centroid":[-69.1651227,-9.2201423],"aggregation":"none","score_gradboost":0.2289201,"score_random_forest":0.144844,"score_logistic_regression":0.4085531,"score_fuzzy_knn_k29":0.0949789},"geometry":{"type":"Polygon","coordinates":[[[-69.1691886,-9.2228455],[-69.1610593,-9.2228492],[-69.1610568,-9.2174389],[-69.1691861,-9.2174352],[-69.1691886,-9.2228455]]]}},{"type":"Feature","id":"AC-Y485-X643","properties":{"id":"AC-Y485-X643","grid_x":643,"grid_y":485,"centroid":[-69.1569934,-9.2201459],"aggregation":"none","score_gradboost":0.5358255,"score_random_forest":0.3825394,"score_logistic_regression":0.319113,"score_fuzzy_knn_k29":0.531431},"geometry":{"type":"Polygon","coordinates":[[[-69.1610593,-9.2228492],[-69.1529299,-9.2228528],[-69.1529276,-9.2174425],[-69.1610568,-9.2174389],[-69.1610593,-9.2228492]]]}},{"type":"Feature","id":"AC-Y485-X644","properties":{"id":"AC-Y485-X644","grid_x":644,"grid_y":485,"centroid":[-69.1488641,-9.2201493],"aggregation":"none","score_gradboost":0.1404414,"score_random_forest":0.1203615,"score_logistic_regression":0.3997731,"score_fuzzy_knn_k29":0.2398687},"geometry":{"type":"Polygon","coordinates":[[[-69.1529299,-9.2228528],[-69.1448006,-9.2228562],[-69.1447983,-9.2174458],[-69.1529276,-9.2174425],[-69.1529299,-9.2228528]]]}},{"type":"Feature","id":"AC-Y485-X645","properties":{"id":"AC-Y485-X645","grid_x":645,"grid_y":485,"centroid":[-69.1407348,-9.2201526],"aggregation":"none","score_gradboost":0.1526764,"score_random_forest":0.2219485,"score_logistic_regression":0.2956087,"score_fuzzy_knn_k29":0.3171691},"geometry":{"type":"Polygon","coordinates":[[[-69.1448006,-9.2228562],[-69.1366712,-9.2228593],[-69.1366691,-9.217449],[-69.1447983,-9.2174458],[-69.1448006,-9.2228562]]]}},{"type":"Feature","id":"AC-Y485-X646","properties":{"id":"AC-Y485-X646","grid_x":646,"grid_y":485,"centroid":[-69.1326055,-9.2201557],"aggregation":"none","score_gradboost":0.0394494,"score_random_forest":0.0323622,"score_logistic_regression":0.3734683,"score_fuzzy_knn_k29":0.2118044},"geometry":{"type":"Polygon","coordinates":[[[-69.1366712,-9.2228593],[-69.1285418,-9.2228623],[-69.1285399,-9.217452],[-69.1366691,-9.217449],[-69.1366712,-9.2228593]]]}},{"type":"Feature","id":"AC-Y485-X647","properties":{"id":"AC-Y485-X647","grid_x":647,"grid_y":485,"centroid":[-69.1244762,-9.2201586],"aggregation":"none","score_gradboost":0.0389056,"score_random_forest":0.0278701,"score_logistic_regression":0.4539084,"score_fuzzy_knn_k29":0.156793},"geometry":{"type":"Polygon","coordinates":[[[-69.1285418,-9.2228623],[-69.1204124,-9.2228651],[-69.1204106,-9.2174548],[-69.1285399,-9.217452],[-69.1285418,-9.2228623]]]}},{"type":"Feature","id":"AC-Y485-X648","properties":{"id":"AC-Y485-X648","grid_x":648,"grid_y":485,"centroid":[-69.1163469,-9.2201613],"aggregation":"none","score_gradboost":0.0530006,"score_random_forest":0.0205439,"score_logistic_regression":0.3751666,"score_fuzzy_knn_k29":0.0253684},"geometry":{"type":"Polygon","coordinates":[[[-69.1204124,-9.2228651],[-69.1122831,-9.2228678],[-69.1122813,-9.2174575],[-69.1204106,-9.2174548],[-69.1204124,-9.2228651]]]}},{"type":"Feature","id":"AC-Y486-X639","properties":{"id":"AC-Y486-X639","grid_x":639,"grid_y":486,"centroid":[-69.1895077,-9.2147199],"aggregation":"none","score_gradboost":0.0810518,"score_random_forest":0.0878348,"score_logistic_regression":0.4658847,"score_fuzzy_knn_k29":0.250436},"geometry":{"type":"Polygon","coordinates":[[[-69.1935738,-9.2174229],[-69.1854445,-9.2174272],[-69.1854417,-9.2120169],[-69.1935708,-9.2120126],[-69.1935738,-9.2174229]]]}},{"type":"Feature","id":"AC-Y486-X640","properties":{"id":"AC-Y486-X640","grid_x":640,"grid_y":486,"centroid":[-69.1813785,-9.2147241],"aggregation":"none","score_gradboost":0.1041188,"score_random_forest":0.1032542,"score_logistic_regression":0.5448794,"score_fuzzy_knn_k29":0.5146376},"geometry":{"type":"Polygon","coordinates":[[[-69.1854445,-9.2174272],[-69.1773153,-9.2174313],[-69.1773126,-9.212021],[-69.1854417,-9.2120169],[-69.1854445,-9.2174272]]]}},{"type":"Feature","id":"AC-Y486-X641","properties":{"id":"AC-Y486-X641","grid_x":641,"grid_y":486,"centroid":[-69.1732494,-9.2147281],"aggregation":"none","score_gradboost":0.1466506,"score_random_forest":0.0849829,"score_logistic_regression":0.4262268,"score_fuzzy_knn_k29":0.0579726},"geometry":{"type":"Polygon","coordinates":[[[-69.1773153,-9.2174313],[-69.1691861,-9.2174352],[-69.1691835,-9.2120249],[-69.1773126,-9.212021],[-69.1773153,-9.2174313]]]}},{"type":"Feature","id":"AC-Y486-X642","properties":{"id":"AC-Y486-X642","grid_x":642,"grid_y":486,"centroid":[-69.1651202,-9.2147319],"aggregation":"none","score_gradboost":0.3205525,"score_random_forest":0.1840962,"score_logistic_regression":0.460968,"score_fuzzy_knn_k29":0.0901508},"geometry":{"type":"Polygon","coordinates":[[[-69.1691861,-9.2174352],[-69.1610568,-9.2174389],[-69.1610544,-9.2120286],[-69.1691835,-9.2120249],[-69.1691861,-9.2174352]]]}},{"type":"Feature","id":"AC-Y486-X643","properties":{"id":"AC-Y486-X643","grid_x":643,"grid_y":486,"centroid":[-69.156991,-9.2147356],"aggregation":"none","score_gradboost":0.351211,"score_random_forest":0.269489,"score_logistic_regression":0.3537688,"score_fuzzy_knn_k29":0.3711396},"geometry":{"type":"Polygon","coordinates":[[[-69.1610568,-9.2174389],[-69.1529276,-9.2174425],[-69.1529253,-9.2120322],[-69.1610544,-9.2120286],[-69.1610568,-9.2174389]]]}},{"type":"Feature","id":"AC-Y486-X644","properties":{"id":"AC-Y486-X644","grid_x":644,"grid_y":486,"centroid":[-69.1488618,-9.214739],"aggregation":"none","score_gradboost":0.2097085,"score_random_forest":0.1443196,"score_logistic_regression":0.3911648,"score_fuzzy_knn_k29":0.2725466},"geometry":{"type":"Polygon","coordinates":[[[-69.1529276,-9.2174425],[-69.1447983,-9.2174458],[-69.1447961,-9.2120355],[-69.1529253,-9.2120322],[-69.1529276,-9.2174425]]]}},{"type":"Feature","id":"AC-Y486-X645","properties":{"id":"AC-Y486-X645","grid_x":645,"grid_y":486,"centroid":[-69.1407327,-9.2147423],"aggregation":"none","score_gradboost":0.1231236,"score_random_forest":0.0763799,"score_logistic_regression":0.429422,"score_fuzzy_knn_k29":0.1879426},"geometry":{"type":"Polygon","coordinates":[[[-69.1447983,-9.2174458],[-69.1366691,-9.217449],[-69.136667,-9.2120387],[-69.1447961,-9.2120355],[-69.1447983,-9.2174458]]]}},{"type":"Feature","id":"AC-Y486-X646","properties":{"id":"AC-Y486-X646","grid_x":646,"grid_y":486,"centroid":[-69.1326035,-9.2147454],"aggregation":"none","score_gradboost":0.098448,"score_random_forest":0.1203988,"score_logistic_regression":0.369885,"score_fuzzy_knn_k29":0.2768991},"geometry":{"type":"Polygon","coordinates":[[[-69.1366691,-9.217449],[-69.1285399,-9.217452],[-69.1285379,-9.2120417],[-69.136667,-9.2120387],[-69.1366691,-9.217449]]]}},{"type":"Feature","id":"AC-Y486-X647","properties":{"id":"AC-Y486-X647","grid_x":647,"grid_y":486,"centroid":[-69.1244743,-9.2147483],"aggregation":"none","score_gradboost":0.0409605,"score_random_forest":0.0392693,"score_logistic_regression":0.4267863,"score_fuzzy_knn_k29":0.1480928},"geometry":{"type":"Polygon","coordinates":[[[-69.1285399,-9.217452],[-69.1204106,-9.2174548],[-69.1204088,-9.2120445],[-69.1285379,-9.2120417],[-69.1285399,-9.217452]]]}},{"type":"Feature","id":"AC-Y487-X641","properties":{"id":"AC-Y487-X641","grid_x":641,"grid_y":487,"centroid":[-69.1732467,-9.2093178],"aggregation":"none","score_gradboost":0.1071714,"score_random_forest":0.0781899,"score_logistic_regression":0.4761245,"score_fuzzy_knn_k29":0.2188639},"geometry":{"type":"Polygon","coordinates":[[[-69.1773126,-9.212021],[-69.1691835,-9.2120249],[-69.1691809,-9.2066146],[-69.1773099,-9.2066107],[-69.1773126,-9.212021]]]}},{"type":"Feature","id":"AC-Y487-X642","properties":{"id":"AC-Y487-X642","grid_x":642,"grid_y":487,"centroid":[-69.1651177,-9.2093216],"aggregation":"none","score_gradboost":0.1761435,"score_random_forest":0.1119135,"score_logistic_regression":0.4505549,"score_fuzzy_knn_k29":0.0607703},"geometry":{"type":"Polygon","coordinates":[[[-69.1691835,-9.2120249],[-69.1610544,-9.2120286],[-69.1610519,-9.2066183],[-69.1691809,-9.2066146],[-69.1691835,-9.2120249]]]}},{"type":"Feature","id":"AC-Y487-X643","properties":{"id":"AC-Y487-X643","grid_x":643,"grid_y":487,"centroid":[-69.1569886,-9.2093253],"aggregation":"none","score_gradboost":0.2864034,"score_random_forest":0.1640953,"score_logistic_regression":0.3954103,"score_fuzzy_knn_k29":0.1734796},"geometry":{"type":"Polygon","coordinates":[[[-69.1610544,-9.2120286],[-69.1529253,-9.2120322],[-69.1529229,-9.2066218],[-69.1610519,-9.2066183],[-69.1610544,-9.2120286]]]}},{"type":"Feature","id":"AC-Y444-X634","properties":{"id":"AC-Y444-X634","grid_x":634,"grid_y":444,"centroid":[-69.2303025,-9.441927],"aggregation":"none","score_gradboost":0.0731153,"score_random_forest":0.1090382,"score_logistic_regression":0.3062456,"score_fuzzy_knn_k29":0.1835429},"geometry":{"type":"Polygon","coordinates":[[[-69.2343715,-9.4446295],[-69.226237,-9.4446348],[-69.2262335,-9.4392246],[-69.2343678,-9.4392192],[-69.2343715,-9.4446295]]]}},{"type":"Feature","id":"AC-Y445-X634","properties":{"id":"AC-Y445-X634","grid_x":634,"grid_y":445,"centroid":[-69.2302989,-9.4365168],"aggregation":"none","score_gradboost":0.2610113,"score_random_forest":0.2597857,"score_logistic_regression":0.2582253,"score_fuzzy_knn_k29":0.3726125},"geometry":{"type":"Polygon","coordinates":[[[-69.2343678,-9.4392192],[-69.2262335,-9.4392246],[-69.22623,-9.4338143],[-69.2343642,-9.433809],[-69.2343678,-9.4392192]]]}},{"type":"Feature","id":"AC-Y445-X635","properties":{"id":"AC-Y445-X635","grid_x":635,"grid_y":445,"centroid":[-69.2221646,-9.436522],"aggregation":"none","score_gradboost":0.1251944,"score_random_forest":0.2749922,"score_logistic_regression":0.2352826,"score_fuzzy_knn_k29":0.3050115},"geometry":{"type":"Polygon","coordinates":[[[-69.2262335,-9.4392246],[-69.2180992,-9.4392297],[-69.2180958,-9.4338195],[-69.22623,-9.4338143],[-69.2262335,-9.4392246]]]}},{"type":"Feature","id":"AC-Y446-X634","properties":{"id":"AC-Y446-X634","grid_x":634,"grid_y":446,"centroid":[-69.2302953,-9.4311066],"aggregation":"none","score_gradboost":0.2124532,"score_random_forest":0.2438694,"score_logistic_regression":0.2090431,"score_fuzzy_knn_k29":0.2461074},"geometry":{"type":"Polygon","coordinates":[[[-69.2343642,-9.433809],[-69.22623,-9.4338143],[-69.2262264,-9.4284041],[-69.2343605,-9.4283988],[-69.2343642,-9.433809]]]}},{"type":"Feature","id":"AC-Y446-X635","properties":{"id":"AC-Y446-X635","grid_x":635,"grid_y":446,"centroid":[-69.2221611,-9.4311118],"aggregation":"none","score_gradboost":0.1301555,"score_random_forest":0.1442621,"score_logistic_regression":0.1927074,"score_fuzzy_knn_k29":0.2026535},"geometry":{"type":"Polygon","coordinates":[[[-69.22623,-9.4338143],[-69.2180958,-9.4338195],[-69.2180924,-9.4284092],[-69.2262264,-9.4284041],[-69.22623,-9.4338143]]]}},{"type":"Feature","id":"AC-Y446-X636","properties":{"id":"AC-Y446-X636","grid_x":636,"grid_y":446,"centroid":[-69.214027,-9.4311168],"aggregation":"none","score_gradboost":0.1174348,"score_random_forest":0.183838,"score_logistic_regression":0.2179688,"score_fuzzy_knn_k29":0.1710112},"geometry":{"type":"Polygon","coordinates":[[[-69.2180958,-9.4338195],[-69.2099615,-9.4338244],[-69.2099583,-9.4284142],[-69.2180924,-9.4284092],[-69.2180958,-9.4338195]]]}},{"type":"Feature","id":"AC-Y446-X637","properties":{"id":"AC-Y446-X637","grid_x":637,"grid_y":446,"centroid":[-69.2058928,-9.4311217],"aggregation":"none","score_gradboost":0.0655559,"score_random_forest":0.0617421,"score_logistic_regression":0.2119403,"score_fuzzy_knn_k29":0.0390956},"geometry":{"type":"Polygon","coordinates":[[[-69.2099615,-9.4338244],[-69.2018273,-9.4338292],[-69.2018242,-9.4284189],[-69.2099583,-9.4284142],[-69.2099615,-9.4338244]]]}},{"type":"Feature","id":"AC-Y447-X634","properties":{"id":"AC-Y447-X634","grid_x":634,"grid_y":447,"centroid":[-69.2302917,-9.4256964],"aggregation":"none","score_gradboost":0.355848,"score_random_forest":0.2851816,"score_logistic_regression":0.2283403,"score_fuzzy_knn_k29":0.3707817},"geometry":{"type":"Polygon","coordinates":[[[-69.2343605,-9.4283988],[-69.2262264,-9.4284041],[-69.2262229,-9.4229939],[-69.2343569,-9.4229886],[-69.2343605,-9.4283988]]]}},{"type":"Feature","id":"AC-Y447-X635","properties":{"id":"AC-Y447-X635","grid_x":635,"grid_y":447,"centroid":[-69.2221577,-9.4257016],"aggregation":"none","score_gradboost":0.2323498,"score_random_forest":0.2944566,"score_logistic_regression":0.2280839,"score_fuzzy_knn_k29":0.2899765},"geometry":{"type":"Polygon","coordinates":[[[-69.2262264,-9.4284041],[-69.2180924,-9.4284092],[-69.218089,-9.422999],[-69.2262229,-9.4229939],[-69.2262264,-9.4284041]]]}},{"type":"Feature","id":"AC-Y447-X636","properties":{"id":"AC-Y447-X636","grid_x":636,"grid_y":447,"centroid":[-69.2140236,-9.4257066],"aggregation":"none","score_gradboost":0.1342165,"score_random_forest":0.2921984,"score_logistic_regression":0.2462121,"score_fuzzy_knn_k29":0.3298744},"geometry":{"type":"Polygon","coordinates":[[[-69.2180924,-9.4284092],[-69.2099583,-9.4284142],[-69.209955,-9.4230039],[-69.218089,-9.422999],[-69.2180924,-9.4284092]]]}},{"type":"Feature","id":"AC-Y447-X637","properties":{"id":"AC-Y447-X637","grid_x":637,"grid_y":447,"centroid":[-69.2058896,-9.4257115],"aggregation":"none","score_gradboost":0.1051152,"score_random_forest":0.1281225,"score_logistic_regression":0.2363975,"score_fuzzy_knn_k29":0.1636949},"geometry":{"type":"Polygon","coordinates":[[[-69.2099583,-9.4284142],[-69.2018242,-9.4284189],[-69.201821,-9.4230087],[-69.209955,-9.4230039],[-69.2099583,-9.4284142]]]}},{"type":"Feature","id":"AC-Y447-X638","properties":{"id":"AC-Y447-X638","grid_x":638,"grid_y":447,"centroid":[-69.1977556,-9.4257161],"aggregation":"none","score_gradboost":0.0403157,"score_random_forest":0.0290982,"score_logistic_regression":0.2666339,"score_fuzzy_knn_k29":0.0835562},"geometry":{"type":"Polygon","coordinates":[[[-69.2018242,-9.4284189],[-69.1936901,-9.4284235],[-69.193687,-9.4230133],[-69.201821,-9.4230087],[-69.2018242,-9.4284189]]]}},{"type":"Feature","id":"AC-Y448-X634","properties":{"id":"AC-Y448-X634","grid_x":634,"grid_y":448,"centroid":[-69.2302881,-9.4202861],"aggregation":"none","score_gradboost":0.20145,"score_random_forest":0.1787035,"score_logistic_regression":0.2180118,"score_fuzzy_knn_k29":0.2727418},"geometry":{"type":"Polygon","coordinates":[[[-69.2343569,-9.4229886],[-69.2262229,-9.4229939],[-69.2262194,-9.4175836],[-69.2343532,-9.4175783],[-69.2343569,-9.4229886]]]}},{"type":"Feature","id":"AC-Y448-X635","properties":{"id":"AC-Y448-X635","grid_x":635,"grid_y":448,"centroid":[-69.2221542,-9.4202913],"aggregation":"none","score_gradboost":0.2548859,"score_random_forest":0.284686,"score_logistic_regression":0.2391399,"score_fuzzy_knn_k29":0.3941445},"geometry":{"type":"Polygon","coordinates":[[[-69.2262229,-9.4229939],[-69.218089,-9.422999],[-69.2180856,-9.4175888],[-69.2262194,-9.4175836],[-69.2262229,-9.4229939]]]}},{"type":"Feature","id":"AC-Y448-X636","properties":{"id":"AC-Y448-X636","grid_x":636,"grid_y":448,"centroid":[-69.2140203,-9.4202964],"aggregation":"none","score_gradboost":0.1904887,"score_random_forest":0.2461649,"score_logistic_regression":0.2262353,"score_fuzzy_knn_k29":0.2474212},"geometry":{"type":"Polygon","coordinates":[[[-69.218089,-9.422999],[-69.209955,-9.4230039],[-69.2099517,-9.4175937],[-69.2180856,-9.4175888],[-69.218089,-9.422999]]]}},{"type":"Feature","id":"AC-Y448-X637","properties":{"id":"AC-Y448-X637","grid_x":637,"grid_y":448,"centroid":[-69.2058864,-9.4203012],"aggregation":"none","score_gradboost":0.1313455,"score_random_forest":0.168821,"score_logistic_regression":0.2707943,"score_fuzzy_knn_k29":0.2437146},"geometry":{"type":"Polygon","coordinates":[[[-69.209955,-9.4230039],[-69.201821,-9.4230087],[-69.2018179,-9.4175985],[-69.2099517,-9.4175937],[-69.209955,-9.4230039]]]}},{"type":"Feature","id":"AC-Y448-X638","properties":{"id":"AC-Y448-X638","grid_x":638,"grid_y":448,"centroid":[-69.1977525,-9.4203059],"aggregation":"none","score_gradboost":0.0434256,"score_random_forest":0.0281139,"score_logistic_regression":0.2917763,"score_fuzzy_knn_k29":0.070857},"geometry":{"type":"Polygon","coordinates":[[[-69.201821,-9.4230087],[-69.193687,-9.4230133],[-69.193684,-9.417603],[-69.2018179,-9.4175985],[-69.201821,-9.4230087]]]}},{"type":"Feature","id":"AC-Y448-X639","properties":{"id":"AC-Y448-X639","grid_x":639,"grid_y":448,"centroid":[-69.1896186,-9.4203103],"aggregation":"none","score_gradboost":0.0764023,"score_random_forest":0.0347052,"score_logistic_regression":0.2547211,"score_fuzzy_knn_k29":0.0336743},"geometry":{"type":"Polygon","coordinates":[[[-69.193687,-9.4230133],[-69.1855531,-9.4230176],[-69.1855502,-9.4176074],[-69.193684,-9.417603],[-69.193687,-9.4230133]]]}},{"type":"Feature","id":"AC-Y449-X634","properties":{"id":"AC-Y449-X634","grid_x":634,"grid_y":449,"centroid":[-69.2302845,-9.4148759],"aggregation":"none","score_gradboost":0.151485,"score_random_forest":0.160194,"score_logistic_regression":0.2121664,"score_fuzzy_knn_k29":0.2133495},"geometry":{"type":"Polygon","coordinates":[[[-69.2343532,-9.4175783],[-69.2262194,-9.4175836],[-69.2262159,-9.4121734],[-69.2343496,-9.4121681],[-69.2343532,-9.4175783]]]}},{"type":"Feature","id":"AC-Y449-X635","properties":{"id":"AC-Y449-X635","grid_x":635,"grid_y":449,"centroid":[-69.2221508,-9.4148811],"aggregation":"none","score_gradboost":0.1888035,"score_random_forest":0.1398109,"score_logistic_regression":0.2699804,"score_fuzzy_knn_k29":0.35156},"geometry":{"type":"Polygon","coordinates":[[[-69.2262194,-9.4175836],[-69.2180856,-9.4175888],[-69.2180822,-9.4121785],[-69.2262159,-9.4121734],[-69.2262194,-9.4175836]]]}},{"type":"Feature","id":"AC-Y449-X636","properties":{"id":"AC-Y449-X636","grid_x":636,"grid_y":449,"centroid":[-69.214017,-9.4148861],"aggregation":"none","score_gradboost":0.1557604,"score_random_forest":0.2292403,"score_logistic_regression":0.2145754,"score_fuzzy_knn_k29":0.2504224},"geometry":{"type":"Polygon","coordinates":[[[-69.2180856,-9.4175888],[-69.2099517,-9.4175937],[-69.2099485,-9.4121835],[-69.2180822,-9.4121785],[-69.2180856,-9.4175888]]]}},{"type":"Feature","id":"AC-Y449-X637","properties":{"id":"AC-Y449-X637","grid_x":637,"grid_y":449,"centroid":[-69.2058832,-9.414891],"aggregation":"none","score_gradboost":0.0979751,"score_random_forest":0.1291416,"score_logistic_regression":0.2846091,"score_fuzzy_knn_k29":0.1736306},"geometry":{"type":"Polygon","coordinates":[[[-69.2099517,-9.4175937],[-69.2018179,-9.4175985],[-69.2018147,-9.4121882],[-69.2099485,-9.4121835],[-69.2099517,-9.4175937]]]}},{"type":"Feature","id":"AC-Y449-X638","properties":{"id":"AC-Y449-X638","grid_x":638,"grid_y":449,"centroid":[-69.1977494,-9.4148956],"aggregation":"none","score_gradboost":0.0438426,"score_random_forest":0.0414783,"score_logistic_regression":0.2629652,"score_fuzzy_knn_k29":0.0920029},"geometry":{"type":"Polygon","coordinates":[[[-69.2018179,-9.4175985],[-69.193684,-9.417603],[-69.193681,-9.4121928],[-69.2018147,-9.4121882],[-69.2018179,-9.4175985]]]}},{"type":"Feature","id":"AC-Y449-X639","properties":{"id":"AC-Y449-X639","grid_x":639,"grid_y":449,"centroid":[-69.1896156,-9.4149001],"aggregation":"none","score_gradboost":0.0828685,"score_random_forest":0.0273625,"score_logistic_regression":0.2758682,"score_fuzzy_knn_k29":0.0371536},"geometry":{"type":"Polygon","coordinates":[[[-69.193684,-9.417603],[-69.1855502,-9.4176074],[-69.1855473,-9.4121971],[-69.193681,-9.4121928],[-69.193684,-9.417603]]]}},{"type":"Feature","id":"AC-Y449-X640","properties":{"id":"AC-Y449-X640","grid_x":640,"grid_y":449,"centroid":[-69.1814818,-9.4149044],"aggregation":"none","score_gradboost":0.0605654,"score_random_forest":0.0434917,"score_logistic_regression":0.2546339,"score_fuzzy_knn_k29":0.0},"geometry":{"type":"Polygon","coordinates":[[[-69.1855502,-9.4176074],[-69.1774163,-9.4176116],[-69.1774135,-9.4122013],[-69.1855473,-9.4121971],[-69.1855502,-9.4176074]]]}},{"type":"Feature","id":"AC-Y450-X634","properties":{"id":"AC-Y450-X634","grid_x":634,"grid_y":450,"centroid":[-69.2302809,-9.4094657],"aggregation":"none","score_gradboost":0.2623897,"score_random_forest":0.2144347,"score_logistic_regression":0.2798959,"score_fuzzy_knn_k29":0.1830172},"geometry":{"type":"Polygon","coordinates":[[[-69.2343496,-9.4121681],[-69.2262159,-9.4121734],[-69.2262124,-9.4067632],[-69.2343459,-9.4067579],[-69.2343496,-9.4121681]]]}},{"type":"Feature","id":"AC-Y450-X635","properties":{"id":"AC-Y450-X635","grid_x":635,"grid_y":450,"centroid":[-69.2221473,-9.4094709],"aggregation":"none","score_gradboost":0.2803736,"score_random_forest":0.2215127,"score_logistic_regression":0.2538644,"score_fuzzy_knn_k29":0.4055141},"geometry":{"type":"Polygon","coordinates":[[[-69.2262159,-9.4121734],[-69.2180822,-9.4121785],[-69.2180788,-9.4067683],[-69.2262124,-9.4067632],[-69.2262159,-9.4121734]]]}},{"type":"Feature","id":"AC-Y450-X636","properties":{"id":"AC-Y450-X636","grid_x":636,"grid_y":450,"centroid":[-69.2140137,-9.4094759],"aggregation":"none","score_gradboost":0.1419521,"score_random_forest":0.1814993,"score_logistic_regression":0.2071478,"score_fuzzy_knn_k29":0.2434051},"geometry":{"type":"Polygon","coordinates":[[[-69.2180822,-9.4121785],[-69.2099485,-9.4121835],[-69.2099452,-9.4067732],[-69.2180788,-9.4067683],[-69.2180822,-9.4121785]]]}},{"type":"Feature","id":"AC-Y450-X637","properties":{"id":"AC-Y450-X637","grid_x":637,"grid_y":450,"centroid":[-69.20588,-9.4094807],"aggregation":"none","score_gradboost":0.1063763,"score_random_forest":0.1082338,"score_logistic_regression":0.228198,"score_fuzzy_knn_k29":0.1931809},"geometry":{"type":"Polygon","coordinates":[[[-69.2099485,-9.4121835],[-69.2018147,-9.4121882],[-69.2018116,-9.406778],[-69.2099452,-9.4067732],[-69.2099485,-9.4121835]]]}},{"type":"Feature","id":"AC-Y450-X638","properties":{"id":"AC-Y450-X638","grid_x":638,"grid_y":450,"centroid":[-69.1977463,-9.4094854],"aggregation":"none","score_gradboost":0.0420418,"score_random_forest":0.0435972,"score_logistic_regression":0.247078,"score_fuzzy_knn_k29":0.0877593},"geometry":{"type":"Polygon","coordinates":[[[-69.2018147,-9.4121882],[-69.193681,-9.4121928],[-69.193678,-9.4067825],[-69.2018116,-9.406778],[-69.2018147,-9.4121882]]]}},{"type":"Feature","id":"AC-Y450-X639","properties":{"id":"AC-Y450-X639","grid_x":639,"grid_y":450,"centroid":[-69.1896127,-9.4094899],"aggregation":"none","score_gradboost":0.0846909,"score_random_forest":0.0328852,"score_logistic_regression":0.2824171,"score_fuzzy_knn_k29":0.0309573},"geometry":{"type":"Polygon","coordinates":[[[-69.193681,-9.4121928],[-69.1855473,-9.4121971],[-69.1855444,-9.4067869],[-69.193678,-9.4067825],[-69.193681,-9.4121928]]]}},{"type":"Feature","id":"AC-Y450-X640","properties":{"id":"AC-Y450-X640","grid_x":640,"grid_y":450,"centroid":[-69.181479,-9.4094941],"aggregation":"none","score_gradboost":0.035083,"score_random_forest":0.0376058,"score_logistic_regression":0.2252098,"score_fuzzy_knn_k29":0.0},"geometry":{"type":"Polygon","coordinates":[[[-69.1855473,-9.4121971],[-69.1774135,-9.4122013],[-69.1774108,-9.4067911],[-69.1855444,-9.4067869],[-69.1855473,-9.4121971]]]}},{"type":"Feature","id":"AC-Y450-X641","properties":{"id":"AC-Y450-X641","grid_x":641,"grid_y":450,"centroid":[-69.1733453,-9.4094982],"aggregation":"none","score_gradboost":0.0227466,"score_random_forest":0.0151568,"score_logistic_regression":0.2892883,"score_fuzzy_knn_k29":0.0},"geometry":{"type":"Polygon","coordinates":[[[-69.1774135,-9.4122013],[-69.1692798,-9.4122053],[-69.1692772,-9.4067951],[-69.1774108,-9.4067911],[-69.1774135,-9.4122013]]]}},{"type":"Feature","id":"AC-Y451-X634","properties":{"id":"AC-Y451-X634","grid_x":634,"grid_y":451,"centroid":[-69.2302774,-9.4040554],"aggregation":"none","score_gradboost":0.151485,"score_random_forest":0.1696116,"score_logistic_regression":0.2107004,"score_fuzzy_knn_k29":0.2122145},"geometry":{"type":"Polygon","coordinates":[[[-69.2343459,-9.4067579],[-69.2262124,-9.4067632],[-69.2262089,-9.4013529],[-69.2343423,-9.4013476],[-69.2343459,-9.4067579]]]}},{"type":"Feature","id":"AC-Y451-X635","properties":{"id":"AC-Y451-X635","grid_x":635,"grid_y":451,"centroid":[-69.2221438,-9.4040606],"aggregation":"none","score_gradboost":0.2918889,"score_random_forest":0.2761365,"score_logistic_regression":0.2424825,"score_fuzzy_knn_k29":0.4105955},"geometry":{"type":"Polygon","coordinates":[[[-69.2262124,-9.4067632],[-69.2180788,-9.4067683],[-69.2180754,-9.4013581],[-69.2262089,-9.4013529],[-69.2262124,-9.4067632]]]}},{"type":"Feature","id":"AC-Y451-X636","properties":{"id":"AC-Y451-X636","grid_x":636,"grid_y":451,"centroid":[-69.2140103,-9.4040657],"aggregation":"none","score_gradboost":0.196218,"score_random_forest":0.3005549,"score_logistic_regression":0.2473744,"score_fuzzy_knn_k29":0.3237667},"geometry":{"type":"Polygon","coordinates":[[[-69.2180788,-9.4067683],[-69.2099452,-9.4067732],[-69.2099419,-9.401363],[-69.2180754,-9.4013581],[-69.2180788,-9.4067683]]]}},{"type":"Feature","id":"AC-Y451-X637","properties":{"id":"AC-Y451-X637","grid_x":637,"grid_y":451,"centroid":[-69.2058768,-9.4040705],"aggregation":"none","score_gradboost":0.1313455,"score_random_forest":0.1525734,"score_logistic_regression":0.2710526,"score_fuzzy_knn_k29":0.234934},"geometry":{"type":"Polygon","coordinates":[[[-69.2099452,-9.4067732],[-69.2018116,-9.406778],[-69.2018085,-9.4013677],[-69.2099419,-9.401363],[-69.2099452,-9.4067732]]]}},{"type":"Feature","id":"AC-Y451-X638","properties":{"id":"AC-Y451-X638","grid_x":638,"grid_y":451,"centroid":[-69.1977433,-9.4040752],"aggregation":"none","score_gradboost":0.0280433,"score_random_forest":0.0149741,"score_logistic_regression":0.312524,"score_fuzzy_knn_k29":0.1017877},"geometry":{"type":"Polygon","coordinates":[[[-69.2018116,-9.406778],[-69.193678,-9.4067825],[-69.193675,-9.4013723],[-69.2018085,-9.4013677],[-69.2018116,-9.406778]]]}},{"type":"Feature","id":"AC-Y451-X639","properties":{"id":"AC-Y451-X639","grid_x":639,"grid_y":451,"centroid":[-69.1896097,-9.4040796],"aggregation":"none","score_gradboost":0.0849031,"score_random_forest":0.0241459,"score_logistic_regression":0.2975192,"score_fuzzy_knn_k29":0.0150078},"geometry":{"type":"Polygon","coordinates":[[[-69.193678,-9.4067825],[-69.1855444,-9.4067869],[-69.1855415,-9.4013766],[-69.193675,-9.4013723],[-69.193678,-9.4067825]]]}},{"type":"Feature","id":"AC-Y451-X640","properties":{"id":"AC-Y451-X640","grid_x":640,"grid_y":451,"centroid":[-69.1814762,-9.4040839],"aggregation":"none","score_gradboost":0.0357543,"score_random_forest":0.0140613,"score_logistic_regression":0.3154226,"score_fuzzy_knn_k29":0.0},"geometry":{"type":"Polygon","coordinates":[[[-69.1855444,-9.4067869],[-69.1774108,-9.4067911],[-69.177408,-9.4013808],[-69.1855415,-9.4013766],[-69.1855444,-9.4067869]]]}},{"type":"Feature","id":"AC-Y451-X641","properties":{"id":"AC-Y451-X641","grid_x":641,"grid_y":451,"centroid":[-69.1733426,-9.404088],"aggregation":"none","score_gradboost":0.0227466,"score_random_forest":0.020694,"score_logistic_regression":0.2803513,"score_fuzzy_knn_k29":0.0},"geometry":{"type":"Polygon","coordinates":[[[-69.1774108,-9.4067911],[-69.1692772,-9.4067951],[-69.1692745,-9.4013848],[-69.177408,-9.4013808],[-69.1774108,-9.4067911]]]}},{"type":"Feature","id":"AC-Y451-X642","properties":{"id":"AC-Y451-X642","grid_x":642,"grid_y":451,"centroid":[-69.1652091,-9.4040919],"aggregation":"none","score_gradboost":0.0270454,"score_random_forest":0.0280348,"score_logistic_regression":0.285629,"score_fuzzy_knn_k29":0.0083479},"geometry":{"type":"Polygon","coordinates":[[[-69.1692772,-9.4067951],[-69.1611436,-9.4067989],[-69.1611411,-9.4013886],[-69.1692745,-9.4013848],[-69.1692772,-9.4067951]]]}},{"type":"Feature","id":"AC-Y451-X643","properties":{"id":"AC-Y451-X643","grid_x":643,"grid_y":451,"centroid":[-69.1570755,-9.4040956],"aggregation":"none","score_gradboost":0.0212409,"score_random_forest":0.0369806,"score_logistic_regression":0.2869658,"score_fuzzy_knn_k29":0.0161555},"geometry":{"type":"Polygon","coordinates":[[[-69.1611436,-9.4067989],[-69.1530099,-9.4068025],[-69.1530076,-9.4013922],[-69.1611411,-9.4013886],[-69.1611436,-9.4067989]]]}},{"type":"Feature","id":"AC-Y452-X634","properties":{"id":"AC-Y452-X634","grid_x":634,"grid_y":452,"centroid":[-69.2302738,-9.3986452],"aggregation":"none","score_gradboost":0.151485,"score_random_forest":0.1457634,"score_logistic_regression":0.215958,"score_fuzzy_knn_k29":0.2386195},"geometry":{"type":"Polygon","coordinates":[[[-69.2343423,-9.4013476],[-69.2262089,-9.4013529],[-69.2262053,-9.3959427],[-69.2343387,-9.3959374],[-69.2343423,-9.4013476]]]}},{"type":"Feature","id":"AC-Y452-X635","properties":{"id":"AC-Y452-X635","grid_x":635,"grid_y":452,"centroid":[-69.2221404,-9.3986504],"aggregation":"none","score_gradboost":0.2507008,"score_random_forest":0.213954,"score_logistic_regression":0.2556142,"score_fuzzy_knn_k29":0.4012276},"geometry":{"type":"Polygon","coordinates":[[[-69.2262089,-9.4013529],[-69.2180754,-9.4013581],[-69.218072,-9.3959478],[-69.2262053,-9.3959427],[-69.2262089,-9.4013529]]]}},{"type":"Feature","id":"AC-Y452-X636","properties":{"id":"AC-Y452-X636","grid_x":636,"grid_y":452,"centroid":[-69.214007,-9.3986554],"aggregation":"none","score_gradboost":0.1694658,"score_random_forest":0.2837702,"score_logistic_regression":0.231923,"score_fuzzy_knn_k29":0.2486364},"geometry":{"type":"Polygon","coordinates":[[[-69.2180754,-9.4013581],[-69.2099419,-9.401363],[-69.2099387,-9.3959527],[-69.218072,-9.3959478],[-69.2180754,-9.4013581]]]}},{"type":"Feature","id":"AC-Y452-X637","properties":{"id":"AC-Y452-X637","grid_x":637,"grid_y":452,"centroid":[-69.2058736,-9.3986603],"aggregation":"none","score_gradboost":0.0747174,"score_random_forest":0.0790586,"score_logistic_regression":0.2971708,"score_fuzzy_knn_k29":0.1118767},"geometry":{"type":"Polygon","coordinates":[[[-69.2099419,-9.401363],[-69.2018085,-9.4013677],[-69.2018053,-9.3959575],[-69.2099387,-9.3959527],[-69.2099419,-9.401363]]]}},{"type":"Feature","id":"AC-Y452-X638","properties":{"id":"AC-Y452-X638","grid_x":638,"grid_y":452,"centroid":[-69.1977402,-9.3986649],"aggregation":"none","score_gradboost":0.0295383,"score_random_forest":0.0281118,"score_logistic_regression":0.3320964,"score_fuzzy_knn_k29":0.1139133},"geometry":{"type":"Polygon","coordinates":[[[-69.2018085,-9.4013677],[-69.193675,-9.4013723],[-69.193672,-9.395962],[-69.2018053,-9.3959575],[-69.2018085,-9.4013677]]]}},{"type":"Feature","id":"AC-Y452-X639","properties":{"id":"AC-Y452-X639","grid_x":639,"grid_y":452,"centroid":[-69.1896068,-9.3986694],"aggregation":"none","score_gradboost":0.0828685,"score_random_forest":0.0328021,"score_logistic_regression":0.2762199,"score_fuzzy_knn_k29":0.0333223},"geometry":{"type":"Polygon","coordinates":[[[-69.193675,-9.4013723],[-69.1855415,-9.4013766],[-69.1855386,-9.3959664],[-69.193672,-9.395962],[-69.193675,-9.4013723]]]}},{"type":"Feature","id":"AC-Y452-X640","properties":{"id":"AC-Y452-X640","grid_x":640,"grid_y":452,"centroid":[-69.1814734,-9.3986736],"aggregation":"none","score_gradboost":0.0386863,"score_random_forest":0.0281125,"score_logistic_regression":0.2660661,"score_fuzzy_knn_k29":0.0},"geometry":{"type":"Polygon","coordinates":[[[-69.1855415,-9.4013766],[-69.177408,-9.4013808],[-69.1774053,-9.3959706],[-69.1855386,-9.3959664],[-69.1855415,-9.4013766]]]}},{"type":"Feature","id":"AC-Y452-X641","properties":{"id":"AC-Y452-X641","grid_x":641,"grid_y":452,"centroid":[-69.1733399,-9.3986777],"aggregation":"none","score_gradboost":0.0227466,"score_random_forest":0.0138132,"score_logistic_regression":0.2828369,"score_fuzzy_knn_k29":0.0},"geometry":{"type":"Polygon","coordinates":[[[-69.177408,-9.4013808],[-69.1692745,-9.4013848],[-69.1692719,-9.3959746],[-69.1774053,-9.3959706],[-69.177408,-9.4013808]]]}},{"type":"Feature","id":"AC-Y452-X642","properties":{"id":"AC-Y452-X642","grid_x":642,"grid_y":452,"centroid":[-69.1652065,-9.3986816],"aggregation":"none","score_gradboost":0.0246364,"score_random_forest":0.0189146,"score_logistic_regression":0.2122102,"score_fuzzy_knn_k29":0.018183},"geometry":{"type":"Polygon","coordinates":[[[-69.1692745,-9.4013848],[-69.1611411,-9.4013886],[-69.1611386,-9.3959784],[-69.1692719,-9.3959746],[-69.1692745,-9.4013848]]]}},{"type":"Feature","id":"AC-Y452-X643","properties":{"id":"AC-Y452-X643","grid_x":643,"grid_y":452,"centroid":[-69.1570731,-9.3986853],"aggregation":"none","score_gradboost":0.0135548,"score_random_forest":0.0131911,"score_logistic_regression":0.2623564,"score_fuzzy_knn_k29":0.0},"geometry":{"type":"Polygon","coordinates":[[[-69.1611411,-9.4013886],[-69.1530076,-9.4013922],[-69.1530052,-9.395982],[-69.1611386,-9.3959784],[-69.1611411,-9.4013886]]]}},{"type":"Feature","id":"AC-Y453-X634","properties":{"id":"AC-Y453-X634","grid_x":634,"grid_y":453,"centroid":[-69.2302702,-9.393235],"aggregation":"none","score_gradboost":0.1624674,"score_random_forest":0.1935811,"score_logistic_regression":0.2025964,"score_fuzzy_knn_k29":0.1305491},"geometry":{"type":"Polygon","coordinates":[[[-69.2343387,-9.3959374],[-69.2262053,-9.3959427],[-69.2262018,-9.3905325],[-69.234335,-9.3905272],[-69.2343387,-9.3959374]]]}},{"type":"Feature","id":"AC-Y453-X635","properties":{"id":"AC-Y453-X635","grid_x":635,"grid_y":453,"centroid":[-69.222137,-9.3932402],"aggregation":"none","score_gradboost":0.1441942,"score_random_forest":0.0740291,"score_logistic_regression":0.2932042,"score_fuzzy_knn_k29":0.2299545},"geometry":{"type":"Polygon","coordinates":[[[-69.2262053,-9.3959427],[-69.218072,-9.3959478],[-69.2180686,-9.3905376],[-69.2262018,-9.3905325],[-69.2262053,-9.3959427]]]}},{"type":"Feature","id":"AC-Y453-X636","properties":{"id":"AC-Y453-X636","grid_x":636,"grid_y":453,"centroid":[-69.2140037,-9.3932452],"aggregation":"none","score_gradboost":0.1303099,"score_random_forest":0.1756789,"score_logistic_regression":0.2748003,"score_fuzzy_knn_k29":0.3355619},"geometry":{"type":"Polygon","coordinates":[[[-69.218072,-9.3959478],[-69.2099387,-9.3959527],[-69.2099354,-9.3905425],[-69.2180686,-9.3905376],[-69.218072,-9.3959478]]]}},{"type":"Feature","id":"AC-Y453-X637","properties":{"id":"AC-Y453-X637","grid_x":637,"grid_y":453,"centroid":[-69.2058704,-9.39325],"aggregation":"none","score_gradboost":0.0776197,"score_random_forest":0.0798121,"score_logistic_regression":0.2999692,"score_fuzzy_knn_k29":0.09905},"geometry":{"type":"Polygon","coordinates":[[[-69.2099387,-9.3959527],[-69.2018053,-9.3959575],[-69.2018022,-9.3905472],[-69.2099354,-9.3905425],[-69.2099387,-9.3959527]]]}},{"type":"Feature","id":"AC-Y453-X638","properties":{"id":"AC-Y453-X638","grid_x":638,"grid_y":453,"centroid":[-69.1977371,-9.3932547],"aggregation":"none","score_gradboost":0.0291899,"score_random_forest":0.0218872,"score_logistic_regression":0.3264107,"score_fuzzy_knn_k29":0.111593},"geometry":{"type":"Polygon","coordinates":[[[-69.2018053,-9.3959575],[-69.193672,-9.395962],[-69.193669,-9.3905518],[-69.2018022,-9.3905472],[-69.2018053,-9.3959575]]]}},{"type":"Feature","id":"AC-Y453-X639","properties":{"id":"AC-Y453-X639","grid_x":639,"grid_y":453,"centroid":[-69.1896038,-9.3932591],"aggregation":"none","score_gradboost":0.0573058,"score_random_forest":0.0094961,"score_logistic_regression":0.323605,"score_fuzzy_knn_k29":0.0297539},"geometry":{"type":"Polygon","coordinates":[[[-69.193672,-9.395962],[-69.1855386,-9.3959664],[-69.1855358,-9.3905561],[-69.193669,-9.3905518],[-69.193672,-9.395962]]]}},{"type":"Feature","id":"AC-Y453-X640","properties":{"id":"AC-Y453-X640","grid_x":640,"grid_y":453,"centroid":[-69.1814705,-9.3932634],"aggregation":"none","score_gradboost":0.0350094,"score_random_forest":0.0140613,"score_logistic_regression":0.3124051,"score_fuzzy_knn_k29":0.0},"geometry":{"type":"Polygon","coordinates":[[[-69.1855386,-9.3959664],[-69.1774053,-9.3959706],[-69.1774025,-9.3905603],[-69.1855358,-9.3905561],[-69.1855386,-9.3959664]]]}},{"type":"Feature","id":"AC-Y453-X641","properties":{"id":"AC-Y453-X641","grid_x":641,"grid_y":453,"centroid":[-69.1733373,-9.3932675],"aggregation":"none","score_gradboost":0.0204014,"score_random_forest":0.0084149,"score_logistic_regression":0.3306829,"score_fuzzy_knn_k29":0.0},"geometry":{"type":"Polygon","coordinates":[[[-69.1774053,-9.3959706],[-69.1692719,-9.3959746],[-69.1692693,-9.3905643],[-69.1774025,-9.3905603],[-69.1774053,-9.3959706]]]}},{"type":"Feature","id":"AC-Y453-X642","properties":{"id":"AC-Y453-X642","grid_x":642,"grid_y":453,"centroid":[-69.165204,-9.3932714],"aggregation":"none","score_gradboost":0.0196999,"score_random_forest":0.0089379,"score_logistic_regression":0.2342669,"score_fuzzy_knn_k29":0.0},"geometry":{"type":"Polygon","coordinates":[[[-69.1692719,-9.3959746],[-69.1611386,-9.3959784],[-69.1611361,-9.3905681],[-69.1692693,-9.3905643],[-69.1692719,-9.3959746]]]}},{"type":"Feature","id":"AC-Y453-X643","properties":{"id":"AC-Y453-X643","grid_x":643,"grid_y":453,"centroid":[-69.1570707,-9.3932751],"aggregation":"none","score_gradboost":0.0177634,"score_random_forest":0.0290778,"score_logistic_regression":0.2756253,"score_fuzzy_knn_k29":0.01566},"geometry":{"type":"Polygon","coordinates":[[[-69.1611386,-9.3959784],[-69.1530052,-9.395982],[-69.1530028,-9.3905717],[-69.1611361,-9.3905681],[-69.1611386,-9.3959784]]]}},{"type":"Feature","id":"AC-Y453-X644","properties":{"id":"AC-Y453-X644","grid_x":644,"grid_y":453,"centroid":[-69.1489374,-9.3932786],"aggregation":"none","score_gradboost":0.0224447,"score_random_forest":0.0286135,"score_logistic_regression":0.3004803,"score_fuzzy_knn_k29":0.045809},"geometry":{"type":"Polygon","coordinates":[[[-69.1530052,-9.395982],[-69.1448718,-9.3959854],[-69.1448696,-9.3905751],[-69.1530028,-9.3905717],[-69.1530052,-9.395982]]]}},{"type":"Feature","id":"AC-Y454-X634","properties":{"id":"AC-Y454-X634","grid_x":634,"grid_y":454,"centroid":[-69.2302666,-9.3878247],"aggregation":"none","score_gradboost":0.1471248,"score_random_forest":0.1212901,"score_logistic_regression":0.2374049,"score_fuzzy_knn_k29":0.2906612},"geometry":{"type":"Polygon","coordinates":[[[-69.234335,-9.3905272],[-69.2262018,-9.3905325],[-69.2261983,-9.3851222],[-69.2343314,-9.3851169],[-69.234335,-9.3905272]]]}},{"type":"Feature","id":"AC-Y454-X635","properties":{"id":"AC-Y454-X635","grid_x":635,"grid_y":454,"centroid":[-69.2221335,-9.3878299],"aggregation":"none","score_gradboost":0.1205754,"score_random_forest":0.1175462,"score_logistic_regression":0.2833366,"score_fuzzy_knn_k29":0.2404501},"geometry":{"type":"Polygon","coordinates":[[[-69.2262018,-9.3905325],[-69.2180686,-9.3905376],[-69.2180652,-9.3851273],[-69.2261983,-9.3851222],[-69.2262018,-9.3905325]]]}},{"type":"Feature","id":"AC-Y454-X636","properties":{"id":"AC-Y454-X636","grid_x":636,"grid_y":454,"centroid":[-69.2140004,-9.3878349],"aggregation":"none","score_gradboost":0.1879398,"score_random_forest":0.2683007,"score_logistic_regression":0.2578392,"score_fuzzy_knn_k29":0.3651723},"geometry":{"type":"Polygon","coordinates":[[[-69.2180686,-9.3905376],[-69.2099354,-9.3905425],[-69.2099322,-9.3851323],[-69.2180652,-9.3851273],[-69.2180686,-9.3905376]]]}},{"type":"Feature","id":"AC-Y454-X637","properties":{"id":"AC-Y454-X637","grid_x":637,"grid_y":454,"centroid":[-69.2058672,-9.3878398],"aggregation":"none","score_gradboost":0.0666676,"score_random_forest":0.0730348,"score_logistic_regression":0.3061877,"score_fuzzy_knn_k29":0.1063051},"geometry":{"type":"Polygon","coordinates":[[[-69.2099354,-9.3905425],[-69.2018022,-9.3905472],[-69.2017991,-9.385137],[-69.2099322,-9.3851323],[-69.2099354,-9.3905425]]]}},{"type":"Feature","id":"AC-Y454-X638","properties":{"id":"AC-Y454-X638","grid_x":638,"grid_y":454,"centroid":[-69.1977341,-9.3878444],"aggregation":"none","score_gradboost":0.0297746,"score_random_forest":0.0286165,"score_logistic_regression":0.2953269,"score_fuzzy_knn_k29":0.0510245},"geometry":{"type":"Polygon","coordinates":[[[-69.2018022,-9.3905472],[-69.193669,-9.3905518],[-69.193666,-9.3851415],[-69.2017991,-9.385137],[-69.2018022,-9.3905472]]]}},{"type":"Feature","id":"AC-Y454-X639","properties":{"id":"AC-Y454-X639","grid_x":639,"grid_y":454,"centroid":[-69.1896009,-9.3878489],"aggregation":"none","score_gradboost":0.0448595,"score_random_forest":0.009984,"score_logistic_regression":0.334057,"score_fuzzy_knn_k29":0.0482753},"geometry":{"type":"Polygon","coordinates":[[[-69.193669,-9.3905518],[-69.1855358,-9.3905561],[-69.1855329,-9.3851459],[-69.193666,-9.3851415],[-69.193669,-9.3905518]]]}},{"type":"Feature","id":"AC-Y454-X640","properties":{"id":"AC-Y454-X640","grid_x":640,"grid_y":454,"centroid":[-69.1814677,-9.3878531],"aggregation":"none","score_gradboost":0.0359409,"score_random_forest":0.0146363,"score_logistic_regression":0.3570604,"score_fuzzy_knn_k29":0.0041763},"geometry":{"type":"Polygon","coordinates":[[[-69.1855358,-9.3905561],[-69.1774025,-9.3905603],[-69.1773998,-9.3851501],[-69.1855329,-9.3851459],[-69.1855358,-9.3905561]]]}},{"type":"Feature","id":"AC-Y454-X641","properties":{"id":"AC-Y454-X641","grid_x":641,"grid_y":454,"centroid":[-69.1733346,-9.3878572],"aggregation":"none","score_gradboost":0.0169506,"score_random_forest":0.0021806,"score_logistic_regression":0.3405765,"score_fuzzy_knn_k29":0.0},"geometry":{"type":"Polygon","coordinates":[[[-69.1774025,-9.3905603],[-69.1692693,-9.3905643],[-69.1692667,-9.385154],[-69.1773998,-9.3851501],[-69.1774025,-9.3905603]]]}},{"type":"Feature","id":"AC-Y454-X642","properties":{"id":"AC-Y454-X642","grid_x":642,"grid_y":454,"centroid":[-69.1652014,-9.3878611],"aggregation":"none","score_gradboost":0.0155982,"score_random_forest":0.0088367,"score_logistic_regression":0.2249084,"score_fuzzy_knn_k29":0.0},"geometry":{"type":"Polygon","coordinates":[[[-69.1692693,-9.3905643],[-69.1611361,-9.3905681],[-69.1611336,-9.3851578],[-69.1692667,-9.385154],[-69.1692693,-9.3905643]]]}},{"type":"Feature","id":"AC-Y454-X643","properties":{"id":"AC-Y454-X643","grid_x":643,"grid_y":454,"centroid":[-69.1570682,-9.3878648],"aggregation":"none","score_gradboost":0.0166857,"score_random_forest":0.0151081,"score_logistic_regression":0.2577661,"score_fuzzy_knn_k29":0.0150494},"geometry":{"type":"Polygon","coordinates":[[[-69.1611361,-9.3905681],[-69.1530028,-9.3905717],[-69.1530004,-9.3851615],[-69.1611336,-9.3851578],[-69.1611361,-9.3905681]]]}},{"type":"Feature","id":"AC-Y454-X644","properties":{"id":"AC-Y454-X644","grid_x":644,"grid_y":454,"centroid":[-69.148935,-9.3878683],"aggregation":"none","score_gradboost":0.0227623,"score_random_forest":0.0234705,"score_logistic_regression":0.3141018,"score_fuzzy_knn_k29":0.0289716},"geometry":{"type":"Polygon","coordinates":[[[-69.1530028,-9.3905717],[-69.1448696,-9.3905751],[-69.1448673,-9.3851649],[-69.1530004,-9.3851615],[-69.1530028,-9.3905717]]]}},{"type":"Feature","id":"AC-Y455-X634","properties":{"id":"AC-Y455-X634","grid_x":634,"grid_y":455,"centroid":[-69.2302631,-9.3824145],"aggregation":"none","score_gradboost":0.1471248,"score_random_forest":0.1234152,"score_logistic_regression":0.2362007,"score_fuzzy_knn_k29":0.2714928},"geometry":{"type":"Polygon","coordinates":[[[-69.2343314,-9.3851169],[-69.2261983,-9.3851222],[-69.2261948,-9.379712],[-69.2343278,-9.3797067],[-69.2343314,-9.3851169]]]}},{"type":"Feature","id":"AC-Y455-X635","properties":{"id":"AC-Y455-X635","grid_x":635,"grid_y":455,"centroid":[-69.2221301,-9.3824197],"aggregation":"none","score_gradboost":0.2099529,"score_random_forest":0.2182199,"score_logistic_regression":0.2479787,"score_fuzzy_knn_k29":0.3933786},"geometry":{"type":"Polygon","coordinates":[[[-69.2261983,-9.3851222],[-69.2180652,-9.3851273],[-69.2180619,-9.3797171],[-69.2261948,-9.379712],[-69.2261983,-9.3851222]]]}},{"type":"Feature","id":"AC-Y455-X636","properties":{"id":"AC-Y455-X636","grid_x":636,"grid_y":455,"centroid":[-69.213997,-9.3824247],"aggregation":"none","score_gradboost":0.2720319,"score_random_forest":0.2888589,"score_logistic_regression":0.2522327,"score_fuzzy_knn_k29":0.3686072},"geometry":{"type":"Polygon","coordinates":[[[-69.2180652,-9.3851273],[-69.2099322,-9.3851323],[-69.2099289,-9.379722],[-69.2180619,-9.3797171],[-69.2180652,-9.3851273]]]}},{"type":"Feature","id":"AC-Y455-X637","properties":{"id":"AC-Y455-X637","grid_x":637,"grid_y":455,"centroid":[-69.205864,-9.3824295],"aggregation":"none","score_gradboost":0.1137476,"score_random_forest":0.1645201,"score_logistic_regression":0.2641646,"score_fuzzy_knn_k29":0.2640608},"geometry":{"type":"Polygon","coordinates":[[[-69.2099322,-9.3851323],[-69.2017991,-9.385137],[-69.2017959,-9.3797267],[-69.2099289,-9.379722],[-69.2099322,-9.3851323]]]}},{"type":"Feature","id":"AC-Y455-X638","properties":{"id":"AC-Y455-X638","grid_x":638,"grid_y":455,"centroid":[-69.197731,-9.3824342],"aggregation":"none","score_gradboost":0.0996184,"score_random_forest":0.0897853,"score_logistic_regression":0.2766017,"score_fuzzy_knn_k29":0.0476957},"geometry":{"type":"Polygon","coordinates":[[[-69.2017991,-9.385137],[-69.193666,-9.3851415],[-69.193663,-9.3797313],[-69.2017959,-9.3797267],[-69.2017991,-9.385137]]]}},{"type":"Feature","id":"AC-Y455-X639","properties":{"id":"AC-Y455-X639","grid_x":639,"grid_y":455,"centroid":[-69.189598,-9.3824386],"aggregation":"none","score_gradboost":0.0347888,"score_random_forest":0.0358903,"score_logistic_regression":0.3571453,"score_fuzzy_knn_k29":0.091144},"geometry":{"type":"Polygon","coordinates":[[[-69.193666,-9.3851415],[-69.1855329,-9.3851459],[-69.18553,-9.3797356],[-69.193663,-9.3797313],[-69.193666,-9.3851415]]]}},{"type":"Feature","id":"AC-Y455-X640","properties":{"id":"AC-Y455-X640","grid_x":640,"grid_y":455,"centroid":[-69.1814649,-9.3824429],"aggregation":"none","score_gradboost":0.0674736,"score_random_forest":0.0206933,"score_logistic_regression":0.302707,"score_fuzzy_knn_k29":0.0},"geometry":{"type":"Polygon","coordinates":[[[-69.1855329,-9.3851459],[-69.1773998,-9.3851501],[-69.177397,-9.3797398],[-69.18553,-9.3797356],[-69.1855329,-9.3851459]]]}},{"type":"Feature","id":"AC-Y455-X641","properties":{"id":"AC-Y455-X641","grid_x":641,"grid_y":455,"centroid":[-69.1733319,-9.3824469],"aggregation":"none","score_gradboost":0.0215758,"score_random_forest":0.0089775,"score_logistic_regression":0.2877082,"score_fuzzy_knn_k29":0.0},"geometry":{"type":"Polygon","coordinates":[[[-69.1773998,-9.3851501],[-69.1692667,-9.385154],[-69.169264,-9.3797438],[-69.177397,-9.3797398],[-69.1773998,-9.3851501]]]}},{"type":"Feature","id":"AC-Y455-X642","properties":{"id":"AC-Y455-X642","grid_x":642,"grid_y":455,"centroid":[-69.1651988,-9.3824508],"aggregation":"none","score_gradboost":0.018168,"score_random_forest":0.0228098,"score_logistic_regression":0.2543371,"score_fuzzy_knn_k29":0.0},"geometry":{"type":"Polygon","coordinates":[[[-69.1692667,-9.385154],[-69.1611336,-9.3851578],[-69.1611311,-9.3797476],[-69.169264,-9.3797438],[-69.1692667,-9.385154]]]}},{"type":"Feature","id":"AC-Y455-X643","properties":{"id":"AC-Y455-X643","grid_x":643,"grid_y":455,"centroid":[-69.1570658,-9.3824545],"aggregation":"none","score_gradboost":0.017838,"score_random_forest":0.0067349,"score_logistic_regression":0.2444518,"score_fuzzy_knn_k29":0.0},"geometry":{"type":"Polygon","coordinates":[[[-69.1611336,-9.3851578],[-69.1530004,-9.3851615],[-69.1529981,-9.3797512],[-69.1611311,-9.3797476],[-69.1611336,-9.3851578]]]}},{"type":"Feature","id":"AC-Y455-X644","properties":{"id":"AC-Y455-X644","grid_x":644,"grid_y":455,"centroid":[-69.1489327,-9.3824581],"aggregation":"none","score_gradboost":0.0259352,"score_random_forest":0.0279584,"score_logistic_regression":0.2870194,"score_fuzzy_knn_k29":0.0606041},"geometry":{"type":"Polygon","coordinates":[[[-69.1530004,-9.3851615],[-69.1448673,-9.3851649],[-69.1448651,-9.3797546],[-69.1529981,-9.3797512],[-69.1530004,-9.3851615]]]}},{"type":"Feature","id":"AC-Y456-X634","properties":{"id":"AC-Y456-X634","grid_x":634,"grid_y":456,"centroid":[-69.2302595,-9.3770042],"aggregation":"none","score_gradboost":0.1152305,"score_random_forest":0.08043,"score_logistic_regression":0.2443894,"score_fuzzy_knn_k29":0.2061697},"geometry":{"type":"Polygon","coordinates":[[[-69.2343278,-9.3797067],[-69.2261948,-9.379712],[-69.2261913,-9.3743017],[-69.2343241,-9.3742965],[-69.2343278,-9.3797067]]]}},{"type":"Feature","id":"AC-Y456-X635","properties":{"id":"AC-Y456-X635","grid_x":635,"grid_y":456,"centroid":[-69.2221266,-9.3770094],"aggregation":"none","score_gradboost":0.1901555,"score_random_forest":0.132356,"score_logistic_regression":0.2707974,"score_fuzzy_knn_k29":0.274306},"geometry":{"type":"Polygon","coordinates":[[[-69.2261948,-9.379712],[-69.2180619,-9.3797171],[-69.2180585,-9.3743068],[-69.2261913,-9.3743017],[-69.2261948,-9.379712]]]}},{"type":"Feature","id":"AC-Y456-X636","properties":{"id":"AC-Y456-X636","grid_x":636,"grid_y":456,"centroid":[-69.2139937,-9.3770144],"aggregation":"none","score_gradboost":0.1895901,"score_random_forest":0.185832,"score_logistic_regression":0.267976,"score_fuzzy_knn_k29":0.3772618},"geometry":{"type":"Polygon","coordinates":[[[-69.2180619,-9.3797171],[-69.2099289,-9.379722],[-69.2099256,-9.3743118],[-69.2180585,-9.3743068],[-69.2180619,-9.3797171]]]}},{"type":"Feature","id":"AC-Y456-X637","properties":{"id":"AC-Y456-X637","grid_x":637,"grid_y":456,"centroid":[-69.2058608,-9.3770193],"aggregation":"none","score_gradboost":0.0766943,"score_random_forest":0.1405573,"score_logistic_regression":0.2846042,"score_fuzzy_knn_k29":0.171334},"geometry":{"type":"Polygon","coordinates":[[[-69.2099289,-9.379722],[-69.2017959,-9.3797267],[-69.2017928,-9.3743165],[-69.2099256,-9.3743118],[-69.2099289,-9.379722]]]}},{"type":"Feature","id":"AC-Y456-X638","properties":{"id":"AC-Y456-X638","grid_x":638,"grid_y":456,"centroid":[-69.1977279,-9.3770239],"aggregation":"none","score_gradboost":0.0734251,"score_random_forest":0.0781066,"score_logistic_regression":0.3398729,"score_fuzzy_knn_k29":0.1183398},"geometry":{"type":"Polygon","coordinates":[[[-69.2017959,-9.3797267],[-69.193663,-9.3797313],[-69.19366,-9.374321],[-69.2017928,-9.3743165],[-69.2017959,-9.3797267]]]}},{"type":"Feature","id":"AC-Y456-X639","properties":{"id":"AC-Y456-X639","grid_x":639,"grid_y":456,"centroid":[-69.189595,-9.3770284],"aggregation":"none","score_gradboost":0.032618,"score_random_forest":0.0268006,"score_logistic_regression":0.3455529,"score_fuzzy_knn_k29":0.0761709},"geometry":{"type":"Polygon","coordinates":[[[-69.193663,-9.3797313],[-69.18553,-9.3797356],[-69.1855271,-9.3743254],[-69.19366,-9.374321],[-69.193663,-9.3797313]]]}},{"type":"Feature","id":"AC-Y456-X640","properties":{"id":"AC-Y456-X640","grid_x":640,"grid_y":456,"centroid":[-69.1814621,-9.3770326],"aggregation":"none","score_gradboost":0.0520847,"score_random_forest":0.0162826,"score_logistic_regression":0.3167803,"score_fuzzy_knn_k29":0.0},"geometry":{"type":"Polygon","coordinates":[[[-69.18553,-9.3797356],[-69.177397,-9.3797398],[-69.1773943,-9.3743295],[-69.1855271,-9.3743254],[-69.18553,-9.3797356]]]}},{"type":"Feature","id":"AC-Y456-X641","properties":{"id":"AC-Y456-X641","grid_x":641,"grid_y":456,"centroid":[-69.1733292,-9.3770367],"aggregation":"none","score_gradboost":0.0315165,"score_random_forest":0.026215,"score_logistic_regression":0.2475052,"score_fuzzy_knn_k29":0.0},"geometry":{"type":"Polygon","coordinates":[[[-69.177397,-9.3797398],[-69.169264,-9.3797438],[-69.1692614,-9.3743335],[-69.1773943,-9.3743295],[-69.177397,-9.3797398]]]}},{"type":"Feature","id":"AC-Y456-X642","properties":{"id":"AC-Y456-X642","grid_x":642,"grid_y":456,"centroid":[-69.1651963,-9.3770406],"aggregation":"none","score_gradboost":0.0125988,"score_random_forest":0.0128265,"score_logistic_regression":0.2413494,"score_fuzzy_knn_k29":0.0},"geometry":{"type":"Polygon","coordinates":[[[-69.169264,-9.3797438],[-69.1611311,-9.3797476],[-69.1611286,-9.3743373],[-69.1692614,-9.3743335],[-69.169264,-9.3797438]]]}},{"type":"Feature","id":"AC-Y456-X643","properties":{"id":"AC-Y456-X643","grid_x":643,"grid_y":456,"centroid":[-69.1570634,-9.3770443],"aggregation":"none","score_gradboost":0.017838,"score_random_forest":0.005967,"score_logistic_regression":0.2457304,"score_fuzzy_knn_k29":0.0},"geometry":{"type":"Polygon","coordinates":[[[-69.1611311,-9.3797476],[-69.1529981,-9.3797512],[-69.1529957,-9.3743409],[-69.1611286,-9.3743373],[-69.1611311,-9.3797476]]]}},{"type":"Feature","id":"AC-Y456-X644","properties":{"id":"AC-Y456-X644","grid_x":644,"grid_y":456,"centroid":[-69.1489304,-9.3770478],"aggregation":"none","score_gradboost":0.0291056,"score_random_forest":0.020082,"score_logistic_regression":0.3425968,"score_fuzzy_knn_k29":0.0},"geometry":{"type":"Polygon","coordinates":[[[-69.1529981,-9.3797512],[-69.1448651,-9.3797546],[-69.1448628,-9.3743443],[-69.1529957,-9.3743409],[-69.1529981,-9.3797512]]]}},{"type":"Feature","id":"AC-Y457-X634","properties":{"id":"AC-Y457-X634","grid_x":634,"grid_y":457,"centroid":[-69.2302559,-9.371594],"aggregation":"none","score_gradboost":0.135258,"score_random_forest":0.081781,"score_logistic_regression":0.2487286,"score_fuzzy_knn_k29":0.156335},"geometry":{"type":"Polygon","coordinates":[[[-69.2343241,-9.3742965],[-69.2261913,-9.3743017],[-69.2261878,-9.3688915],[-69.2343205,-9.3688862],[-69.2343241,-9.3742965]]]}},{"type":"Feature","id":"AC-Y457-X635","properties":{"id":"AC-Y457-X635","grid_x":635,"grid_y":457,"centroid":[-69.2221232,-9.3715992],"aggregation":"none","score_gradboost":0.2200228,"score_random_forest":0.2032625,"score_logistic_regression":0.246289,"score_fuzzy_knn_k29":0.3419152},"geometry":{"type":"Polygon","coordinates":[[[-69.2261913,-9.3743017],[-69.2180585,-9.3743068],[-69.2180551,-9.3688966],[-69.2261878,-9.3688915],[-69.2261913,-9.3743017]]]}},{"type":"Feature","id":"AC-Y457-X636","properties":{"id":"AC-Y457-X636","grid_x":636,"grid_y":457,"centroid":[-69.2139904,-9.3716042],"aggregation":"none","score_gradboost":0.2793144,"score_random_forest":0.3282154,"score_logistic_regression":0.2332133,"score_fuzzy_knn_k29":0.3214773},"geometry":{"type":"Polygon","coordinates":[[[-69.2180585,-9.3743068],[-69.2099256,-9.3743118],[-69.2099224,-9.3689015],[-69.2180551,-9.3688966],[-69.2180585,-9.3743068]]]}},{"type":"Feature","id":"AC-Y457-X637","properties":{"id":"AC-Y457-X637","grid_x":637,"grid_y":457,"centroid":[-69.2058576,-9.371609],"aggregation":"none","score_gradboost":0.0847442,"score_random_forest":0.1064886,"score_logistic_regression":0.3148816,"score_fuzzy_knn_k29":0.1912021},"geometry":{"type":"Polygon","coordinates":[[[-69.2099256,-9.3743118],[-69.2017928,-9.3743165],[-69.2017897,-9.3689062],[-69.2099224,-9.3689015],[-69.2099256,-9.3743118]]]}},{"type":"Feature","id":"AC-Y457-X638","properties":{"id":"AC-Y457-X638","grid_x":638,"grid_y":457,"centroid":[-69.1977249,-9.3716136],"aggregation":"none","score_gradboost":0.0712176,"score_random_forest":0.0766681,"score_logistic_regression":0.3288316,"score_fuzzy_knn_k29":0.1052137},"geometry":{"type":"Polygon","coordinates":[[[-69.2017928,-9.3743165],[-69.19366,-9.374321],[-69.193657,-9.3689108],[-69.2017897,-9.3689062],[-69.2017928,-9.3743165]]]}},{"type":"Feature","id":"AC-Y457-X639","properties":{"id":"AC-Y457-X639","grid_x":639,"grid_y":457,"centroid":[-69.1895921,-9.3716181],"aggregation":"none","score_gradboost":0.0302462,"score_random_forest":0.0648259,"score_logistic_regression":0.2126696,"score_fuzzy_knn_k29":0.018146},"geometry":{"type":"Polygon","coordinates":[[[-69.19366,-9.374321],[-69.1855271,-9.3743254],[-69.1855243,-9.3689151],[-69.193657,-9.3689108],[-69.19366,-9.374321]]]}},{"type":"Feature","id":"AC-Y457-X640","properties":{"id":"AC-Y457-X640","grid_x":640,"grid_y":457,"centroid":[-69.1814593,-9.3716224],"aggregation":"none","score_gradboost":0.0873943,"score_random_forest":0.0590589,"score_logistic_regression":0.2370448,"score_fuzzy_knn_k29":0.0},"geometry":{"type":"Polygon","coordinates":[[[-69.1855271,-9.3743254],[-69.1773943,-9.3743295],[-69.1773915,-9.3689193],[-69.1855243,-9.3689151],[-69.1855271,-9.3743254]]]}},{"type":"Feature","id":"AC-Y457-X641","properties":{"id":"AC-Y457-X641","grid_x":641,"grid_y":457,"centroid":[-69.1733265,-9.3716264],"aggregation":"none","score_gradboost":0.0269945,"score_random_forest":0.0246617,"score_logistic_regression":0.2558606,"score_fuzzy_knn_k29":0.0},"geometry":{"type":"Polygon","coordinates":[[[-69.1773943,-9.3743295],[-69.1692614,-9.3743335],[-69.1692588,-9.3689233],[-69.1773915,-9.3689193],[-69.1773943,-9.3743295]]]}},{"type":"Feature","id":"AC-Y457-X642","properties":{"id":"AC-Y457-X642","grid_x":642,"grid_y":457,"centroid":[-69.1651937,-9.3716303],"aggregation":"none","score_gradboost":0.0195769,"score_random_forest":0.0295344,"score_logistic_regression":0.253035,"score_fuzzy_knn_k29":0.0},"geometry":{"type":"Polygon","coordinates":[[[-69.1692614,-9.3743335],[-69.1611286,-9.3743373],[-69.1611261,-9.3689271],[-69.1692588,-9.3689233],[-69.1692614,-9.3743335]]]}},{"type":"Feature","id":"AC-Y457-X643","properties":{"id":"AC-Y457-X643","grid_x":643,"grid_y":457,"centroid":[-69.1570609,-9.371634],"aggregation":"none","score_gradboost":0.0247897,"score_random_forest":0.0244468,"score_logistic_regression":0.2966595,"score_fuzzy_knn_k29":0.0},"geometry":{"type":"Polygon","coordinates":[[[-69.1611286,-9.3743373],[-69.1529957,-9.3743409],[-69.1529933,-9.3689307],[-69.1611261,-9.3689271],[-69.1611286,-9.3743373]]]}},{"type":"Feature","id":"AC-Y457-X644","properties":{"id":"AC-Y457-X644","grid_x":644,"grid_y":457,"centroid":[-69.1489281,-9.3716375],"aggregation":"none","score_gradboost":0.0293379,"score_random_forest":0.0224651,"score_logistic_regression":0.310304,"score_fuzzy_knn_k29":0.014863},"geometry":{"type":"Polygon","coordinates":[[[-69.1529957,-9.3743409],[-69.1448628,-9.3743443],[-69.1448606,-9.3689341],[-69.1529933,-9.3689307],[-69.1529957,-9.3743409]]]}},{"type":"Feature","id":"AC-Y457-X645","properties":{"id":"AC-Y457-X645","grid_x":645,"grid_y":457,"centroid":[-69.1407953,-9.3716408],"aggregation":"none","score_gradboost":0.0188548,"score_random_forest":0.0116065,"score_logistic_regression":0.3371585,"score_fuzzy_knn_k29":0.0432124},"geometry":{"type":"Polygon","coordinates":[[[-69.1448628,-9.3743443],[-69.13673,-9.3743476],[-69.1367279,-9.3689373],[-69.1448606,-9.3689341],[-69.1448628,-9.3743443]]]}},{"type":"Feature","id":"AC-Y458-X634","properties":{"id":"AC-Y458-X634","grid_x":634,"grid_y":458,"centroid":[-69.2302524,-9.3661838],"aggregation":"none","score_gradboost":0.2271677,"score_random_forest":0.1818602,"score_logistic_regression":0.339719,"score_fuzzy_knn_k29":0.1200192},"geometry":{"type":"Polygon","coordinates":[[[-69.2343205,-9.3688862],[-69.2261878,-9.3688915],[-69.2261843,-9.3634813],[-69.2343169,-9.363476],[-69.2343205,-9.3688862]]]}},{"type":"Feature","id":"AC-Y458-X635","properties":{"id":"AC-Y458-X635","grid_x":635,"grid_y":458,"centroid":[-69.2221197,-9.3661889],"aggregation":"none","score_gradboost":0.1406371,"score_random_forest":0.0810192,"score_logistic_regression":0.2899185,"score_fuzzy_knn_k29":0.1554421},"geometry":{"type":"Polygon","coordinates":[[[-69.2261878,-9.3688915],[-69.2180551,-9.3688966],[-69.2180517,-9.3634863],[-69.2261843,-9.3634813],[-69.2261878,-9.3688915]]]}},{"type":"Feature","id":"AC-Y458-X636","properties":{"id":"AC-Y458-X636","grid_x":636,"grid_y":458,"centroid":[-69.2139871,-9.3661939],"aggregation":"none","score_gradboost":0.090226,"score_random_forest":0.0630185,"score_logistic_regression":0.3197255,"score_fuzzy_knn_k29":0.1019729},"geometry":{"type":"Polygon","coordinates":[[[-69.2180551,-9.3688966],[-69.2099224,-9.3689015],[-69.2099192,-9.3634913],[-69.2180517,-9.3634863],[-69.2180551,-9.3688966]]]}},{"type":"Feature","id":"AC-Y458-X637","properties":{"id":"AC-Y458-X637","grid_x":637,"grid_y":458,"centroid":[-69.2058545,-9.3661988],"aggregation":"none","score_gradboost":0.0731153,"score_random_forest":0.1076385,"score_logistic_regression":0.308007,"score_fuzzy_knn_k29":0.1886838},"geometry":{"type":"Polygon","coordinates":[[[-69.2099224,-9.3689015],[-69.2017897,-9.3689062],[-69.2017866,-9.363496],[-69.2099192,-9.3634913],[-69.2099224,-9.3689015]]]}},{"type":"Feature","id":"AC-Y458-X638","properties":{"id":"AC-Y458-X638","grid_x":638,"grid_y":458,"centroid":[-69.1977218,-9.3662034],"aggregation":"none","score_gradboost":0.0736444,"score_random_forest":0.1124832,"score_logistic_regression":0.2807471,"score_fuzzy_knn_k29":0.1111775},"geometry":{"type":"Polygon","coordinates":[[[-69.2017897,-9.3689062],[-69.193657,-9.3689108],[-69.193654,-9.3635005],[-69.2017866,-9.363496],[-69.2017897,-9.3689062]]]}},{"type":"Feature","id":"AC-Y458-X639","properties":{"id":"AC-Y458-X639","grid_x":639,"grid_y":458,"centroid":[-69.1895891,-9.3662078],"aggregation":"none","score_gradboost":0.0386539,"score_random_forest":0.0200124,"score_logistic_regression":0.2550715,"score_fuzzy_knn_k29":0.0705098},"geometry":{"type":"Polygon","coordinates":[[[-69.193657,-9.3689108],[-69.1855243,-9.3689151],[-69.1855214,-9.3635049],[-69.193654,-9.3635005],[-69.193657,-9.3689108]]]}},{"type":"Feature","id":"AC-Y458-X640","properties":{"id":"AC-Y458-X640","grid_x":640,"grid_y":458,"centroid":[-69.1814565,-9.3662121],"aggregation":"none","score_gradboost":0.0796909,"score_random_forest":0.0234087,"score_logistic_regression":0.2946324,"score_fuzzy_knn_k29":0.0},"geometry":{"type":"Polygon","coordinates":[[[-69.1855243,-9.3689151],[-69.1773915,-9.3689193],[-69.1773888,-9.363509],[-69.1855214,-9.3635049],[-69.1855243,-9.3689151]]]}},{"type":"Feature","id":"AC-Y458-X641","properties":{"id":"AC-Y458-X641","grid_x":641,"grid_y":458,"centroid":[-69.1733238,-9.3662162],"aggregation":"none","score_gradboost":0.0315165,"score_random_forest":0.0347433,"score_logistic_regression":0.2425383,"score_fuzzy_knn_k29":0.0},"geometry":{"type":"Polygon","coordinates":[[[-69.1773915,-9.3689193],[-69.1692588,-9.3689233],[-69.1692562,-9.363513],[-69.1773888,-9.363509],[-69.1773915,-9.3689193]]]}},{"type":"Feature","id":"AC-Y458-X642","properties":{"id":"AC-Y458-X642","grid_x":642,"grid_y":458,"centroid":[-69.1651912,-9.36622],"aggregation":"none","score_gradboost":0.0134727,"score_random_forest":0.0046323,"score_logistic_regression":0.2263286,"score_fuzzy_knn_k29":0.0},"geometry":{"type":"Polygon","coordinates":[[[-69.1692588,-9.3689233],[-69.1611261,-9.3689271],[-69.1611236,-9.3635168],[-69.1692562,-9.363513],[-69.1692588,-9.3689233]]]}},{"type":"Feature","id":"AC-Y458-X643","properties":{"id":"AC-Y458-X643","grid_x":643,"grid_y":458,"centroid":[-69.1570585,-9.3662237],"aggregation":"none","score_gradboost":0.0247897,"score_random_forest":0.0270822,"score_logistic_regression":0.2904986,"score_fuzzy_knn_k29":0.0},"geometry":{"type":"Polygon","coordinates":[[[-69.1611261,-9.3689271],[-69.1529933,-9.3689307],[-69.152991,-9.3635204],[-69.1611236,-9.3635168],[-69.1611261,-9.3689271]]]}},{"type":"Feature","id":"AC-Y458-X644","properties":{"id":"AC-Y458-X644","grid_x":644,"grid_y":458,"centroid":[-69.1489258,-9.3662273],"aggregation":"none","score_gradboost":0.0320813,"score_random_forest":0.0270776,"score_logistic_regression":0.308127,"score_fuzzy_knn_k29":0.0153198},"geometry":{"type":"Polygon","coordinates":[[[-69.1529933,-9.3689307],[-69.1448606,-9.3689341],[-69.1448584,-9.3635238],[-69.152991,-9.3635204],[-69.1529933,-9.3689307]]]}},{"type":"Feature","id":"AC-Y458-X645","properties":{"id":"AC-Y458-X645","grid_x":645,"grid_y":458,"centroid":[-69.1407931,-9.3662306],"aggregation":"none","score_gradboost":0.0198294,"score_random_forest":0.0175954,"score_logistic_regression":0.347975,"score_fuzzy_knn_k29":0.0134561},"geometry":{"type":"Polygon","coordinates":[[[-69.1448606,-9.3689341],[-69.1367279,-9.3689373],[-69.1367257,-9.363527],[-69.1448584,-9.3635238],[-69.1448606,-9.3689341]]]}},{"type":"Feature","id":"AC-Y459-X634","properties":{"id":"AC-Y459-X634","grid_x":634,"grid_y":459,"centroid":[-69.2302488,-9.3607735],"aggregation":"none","score_gradboost":0.1590181,"score_random_forest":0.187274,"score_logistic_regression":0.3956602,"score_fuzzy_knn_k29":0.0722295},"geometry":{"type":"Polygon","coordinates":[[[-69.2343169,-9.363476],[-69.2261843,-9.3634813],[-69.2261808,-9.358071],[-69.2343133,-9.3580657],[-69.2343169,-9.363476]]]}},{"type":"Feature","id":"AC-Y459-X635","properties":{"id":"AC-Y459-X635","grid_x":635,"grid_y":459,"centroid":[-69.2221163,-9.3607787],"aggregation":"none","score_gradboost":0.115489,"score_random_forest":0.099396,"score_logistic_regression":0.2524486,"score_fuzzy_knn_k29":0.2472608},"geometry":{"type":"Polygon","coordinates":[[[-69.2261843,-9.3634813],[-69.2180517,-9.3634863],[-69.2180484,-9.3580761],[-69.2261808,-9.358071],[-69.2261843,-9.3634813]]]}},{"type":"Feature","id":"AC-Y459-X636","properties":{"id":"AC-Y459-X636","grid_x":636,"grid_y":459,"centroid":[-69.2139838,-9.3607837],"aggregation":"none","score_gradboost":0.0821439,"score_random_forest":0.059891,"score_logistic_regression":0.3248089,"score_fuzzy_knn_k29":0.0676374},"geometry":{"type":"Polygon","coordinates":[[[-69.2180517,-9.3634863],[-69.2099192,-9.3634913],[-69.2099159,-9.358081],[-69.2180484,-9.3580761],[-69.2180517,-9.3634863]]]}},{"type":"Feature","id":"AC-Y459-X637","properties":{"id":"AC-Y459-X637","grid_x":637,"grid_y":459,"centroid":[-69.2058513,-9.3607885],"aggregation":"none","score_gradboost":0.081113,"score_random_forest":0.0882843,"score_logistic_regression":0.3302486,"score_fuzzy_knn_k29":0.1366685},"geometry":{"type":"Polygon","coordinates":[[[-69.2099192,-9.3634913],[-69.2017866,-9.363496],[-69.2017834,-9.3580857],[-69.2099159,-9.358081],[-69.2099192,-9.3634913]]]}},{"type":"Feature","id":"AC-Y459-X638","properties":{"id":"AC-Y459-X638","grid_x":638,"grid_y":459,"centroid":[-69.1977187,-9.3607931],"aggregation":"none","score_gradboost":0.0938668,"score_random_forest":0.1530069,"score_logistic_regression":0.2444787,"score_fuzzy_knn_k29":0.2163552},"geometry":{"type":"Polygon","coordinates":[[[-69.2017866,-9.363496],[-69.193654,-9.3635005],[-69.193651,-9.3580902],[-69.2017834,-9.3580857],[-69.2017866,-9.363496]]]}},{"type":"Feature","id":"AC-Y459-X639","properties":{"id":"AC-Y459-X639","grid_x":639,"grid_y":459,"centroid":[-69.1895862,-9.3607976],"aggregation":"none","score_gradboost":0.0396499,"score_random_forest":0.0180597,"score_logistic_regression":0.2792221,"score_fuzzy_knn_k29":0.0568393},"geometry":{"type":"Polygon","coordinates":[[[-69.193654,-9.3635005],[-69.1855214,-9.3635049],[-69.1855185,-9.3580946],[-69.193651,-9.3580902],[-69.193654,-9.3635005]]]}},{"type":"Feature","id":"AC-Y459-X640","properties":{"id":"AC-Y459-X640","grid_x":640,"grid_y":459,"centroid":[-69.1814537,-9.3608018],"aggregation":"none","score_gradboost":0.0551147,"score_random_forest":0.0166758,"score_logistic_regression":0.3087969,"score_fuzzy_knn_k29":0.0112861},"geometry":{"type":"Polygon","coordinates":[[[-69.1855214,-9.3635049],[-69.1773888,-9.363509],[-69.177386,-9.3580988],[-69.1855185,-9.3580946],[-69.1855214,-9.3635049]]]}},{"type":"Feature","id":"AC-Y459-X641","properties":{"id":"AC-Y459-X641","grid_x":641,"grid_y":459,"centroid":[-69.1733211,-9.3608059],"aggregation":"none","score_gradboost":0.0269945,"score_random_forest":0.03161,"score_logistic_regression":0.2516532,"score_fuzzy_knn_k29":0.0},"geometry":{"type":"Polygon","coordinates":[[[-69.1773888,-9.363509],[-69.1692562,-9.363513],[-69.1692536,-9.3581027],[-69.177386,-9.3580988],[-69.1773888,-9.363509]]]}},{"type":"Feature","id":"AC-Y459-X642","properties":{"id":"AC-Y459-X642","grid_x":642,"grid_y":459,"centroid":[-69.1651886,-9.3608098],"aggregation":"none","score_gradboost":0.0252218,"score_random_forest":0.0291586,"score_logistic_regression":0.2492692,"score_fuzzy_knn_k29":0.0},"geometry":{"type":"Polygon","coordinates":[[[-69.1692562,-9.363513],[-69.1611236,-9.3635168],[-69.1611211,-9.3581065],[-69.1692536,-9.3581027],[-69.1692562,-9.363513]]]}},{"type":"Feature","id":"AC-Y459-X643","properties":{"id":"AC-Y459-X643","grid_x":643,"grid_y":459,"centroid":[-69.1570561,-9.3608135],"aggregation":"none","score_gradboost":0.0278817,"score_random_forest":0.0277877,"score_logistic_regression":0.2650973,"score_fuzzy_knn_k29":0.0132292},"geometry":{"type":"Polygon","coordinates":[[[-69.1611236,-9.3635168],[-69.152991,-9.3635204],[-69.1529886,-9.3581101],[-69.1611211,-9.3581065],[-69.1611236,-9.3635168]]]}},{"type":"Feature","id":"AC-Y459-X644","properties":{"id":"AC-Y459-X644","grid_x":644,"grid_y":459,"centroid":[-69.1489235,-9.360817],"aggregation":"none","score_gradboost":0.0283417,"score_random_forest":0.0323102,"score_logistic_regression":0.2736192,"score_fuzzy_knn_k29":0.0153192},"geometry":{"type":"Polygon","coordinates":[[[-69.152991,-9.3635204],[-69.1448584,-9.3635238],[-69.1448561,-9.3581135],[-69.1529886,-9.3581101],[-69.152991,-9.3635204]]]}},{"type":"Feature","id":"AC-Y459-X645","properties":{"id":"AC-Y459-X645","grid_x":645,"grid_y":459,"centroid":[-69.140791,-9.3608203],"aggregation":"none","score_gradboost":0.0198167,"score_random_forest":0.013607,"score_logistic_regression":0.3527081,"score_fuzzy_knn_k29":0.007372},"geometry":{"type":"Polygon","coordinates":[[[-69.1448584,-9.3635238],[-69.1367257,-9.363527],[-69.1367236,-9.3581168],[-69.1448561,-9.3581135],[-69.1448584,-9.3635238]]]}},{"type":"Feature","id":"AC-Y460-X634","properties":{"id":"AC-Y460-X634","grid_x":634,"grid_y":460,"centroid":[-69.2302453,-9.3553633],"aggregation":"none","score_gradboost":0.0994531,"score_random_forest":0.1580386,"score_logistic_regression":0.4061228,"score_fuzzy_knn_k29":0.1039601},"geometry":{"type":"Polygon","coordinates":[[[-69.2343133,-9.3580657],[-69.2261808,-9.358071],[-69.2261773,-9.3526608],[-69.2343096,-9.3526555],[-69.2343133,-9.3580657]]]}},{"type":"Feature","id":"AC-Y460-X635","properties":{"id":"AC-Y460-X635","grid_x":635,"grid_y":460,"centroid":[-69.2221129,-9.3553684],"aggregation":"none","score_gradboost":0.1013377,"score_random_forest":0.0830052,"score_logistic_regression":0.257787,"score_fuzzy_knn_k29":0.2107653},"geometry":{"type":"Polygon","coordinates":[[[-69.2261808,-9.358071],[-69.2180484,-9.3580761],[-69.218045,-9.3526658],[-69.2261773,-9.3526608],[-69.2261808,-9.358071]]]}},{"type":"Feature","id":"AC-Y460-X636","properties":{"id":"AC-Y460-X636","grid_x":636,"grid_y":460,"centroid":[-69.2139805,-9.3553734],"aggregation":"none","score_gradboost":0.0821439,"score_random_forest":0.0624593,"score_logistic_regression":0.3226373,"score_fuzzy_knn_k29":0.0712392},"geometry":{"type":"Polygon","coordinates":[[[-69.2180484,-9.3580761],[-69.2099159,-9.358081],[-69.2099127,-9.3526707],[-69.218045,-9.3526658],[-69.2180484,-9.3580761]]]}},{"type":"Feature","id":"AC-Y460-X637","properties":{"id":"AC-Y460-X637","grid_x":637,"grid_y":460,"centroid":[-69.2058481,-9.3553783],"aggregation":"none","score_gradboost":0.0762379,"score_random_forest":0.0893089,"score_logistic_regression":0.3323767,"score_fuzzy_knn_k29":0.1152482},"geometry":{"type":"Polygon","coordinates":[[[-69.2099159,-9.358081],[-69.2017834,-9.3580857],[-69.2017803,-9.3526755],[-69.2099127,-9.3526707],[-69.2099159,-9.358081]]]}},{"type":"Feature","id":"AC-Y460-X638","properties":{"id":"AC-Y460-X638","grid_x":638,"grid_y":460,"centroid":[-69.1977157,-9.3553829],"aggregation":"none","score_gradboost":0.0817429,"score_random_forest":0.0834285,"score_logistic_regression":0.2122562,"score_fuzzy_knn_k29":0.0896545},"geometry":{"type":"Polygon","coordinates":[[[-69.2017834,-9.3580857],[-69.193651,-9.3580902],[-69.193648,-9.35268],[-69.2017803,-9.3526755],[-69.2017834,-9.3580857]]]}},{"type":"Feature","id":"AC-Y460-X639","properties":{"id":"AC-Y460-X639","grid_x":639,"grid_y":460,"centroid":[-69.1895833,-9.3553873],"aggregation":"none","score_gradboost":0.0266842,"score_random_forest":0.0049164,"score_logistic_regression":0.3057037,"score_fuzzy_knn_k29":0.0721598},"geometry":{"type":"Polygon","coordinates":[[[-69.193651,-9.3580902],[-69.1855185,-9.3580946],[-69.1855156,-9.3526843],[-69.193648,-9.35268],[-69.193651,-9.3580902]]]}},{"type":"Feature","id":"AC-Y460-X640","properties":{"id":"AC-Y460-X640","grid_x":640,"grid_y":460,"centroid":[-69.1814509,-9.3553916],"aggregation":"none","score_gradboost":0.0849031,"score_random_forest":0.0190354,"score_logistic_regression":0.282437,"score_fuzzy_knn_k29":0.0130914},"geometry":{"type":"Polygon","coordinates":[[[-69.1855185,-9.3580946],[-69.177386,-9.3580988],[-69.1773833,-9.3526885],[-69.1855156,-9.3526843],[-69.1855185,-9.3580946]]]}},{"type":"Feature","id":"AC-Y460-X641","properties":{"id":"AC-Y460-X641","grid_x":641,"grid_y":460,"centroid":[-69.1733185,-9.3553956],"aggregation":"none","score_gradboost":0.0341258,"score_random_forest":0.0271207,"score_logistic_regression":0.2717431,"score_fuzzy_knn_k29":0.0},"geometry":{"type":"Polygon","coordinates":[[[-69.177386,-9.3580988],[-69.1692536,-9.3581027],[-69.1692509,-9.3526925],[-69.1773833,-9.3526885],[-69.177386,-9.3580988]]]}},{"type":"Feature","id":"AC-Y460-X642","properties":{"id":"AC-Y460-X642","grid_x":642,"grid_y":460,"centroid":[-69.165186,-9.3553995],"aggregation":"none","score_gradboost":0.0315165,"score_random_forest":0.0271506,"score_logistic_regression":0.2502995,"score_fuzzy_knn_k29":0.0},"geometry":{"type":"Polygon","coordinates":[[[-69.1692536,-9.3581027],[-69.1611211,-9.3581065],[-69.1611186,-9.3526962],[-69.1692509,-9.3526925],[-69.1692536,-9.3581027]]]}},{"type":"Feature","id":"AC-Y460-X643","properties":{"id":"AC-Y460-X643","grid_x":643,"grid_y":460,"centroid":[-69.1570536,-9.3554032],"aggregation":"none","score_gradboost":0.0202547,"score_random_forest":0.0042208,"score_logistic_regression":0.2330054,"score_fuzzy_knn_k29":0.0},"geometry":{"type":"Polygon","coordinates":[[[-69.1611211,-9.3581065],[-69.1529886,-9.3581101],[-69.1529862,-9.3526998],[-69.1611186,-9.3526962],[-69.1611211,-9.3581065]]]}},{"type":"Feature","id":"AC-Y460-X644","properties":{"id":"AC-Y460-X644","grid_x":644,"grid_y":460,"centroid":[-69.1489212,-9.3554067],"aggregation":"none","score_gradboost":0.0204834,"score_random_forest":0.0178112,"score_logistic_regression":0.3219682,"score_fuzzy_knn_k29":0.0165293},"geometry":{"type":"Polygon","coordinates":[[[-69.1529886,-9.3581101],[-69.1448561,-9.3581135],[-69.1448539,-9.3527033],[-69.1529862,-9.3526998],[-69.1529886,-9.3581101]]]}},{"type":"Feature","id":"AC-Y460-X645","properties":{"id":"AC-Y460-X645","grid_x":645,"grid_y":460,"centroid":[-69.1407888,-9.35541],"aggregation":"none","score_gradboost":0.0219257,"score_random_forest":0.0153478,"score_logistic_regression":0.3307984,"score_fuzzy_knn_k29":0.0},"geometry":{"type":"Polygon","coordinates":[[[-69.1448561,-9.3581135],[-69.1367236,-9.3581168],[-69.1367215,-9.3527065],[-69.1448539,-9.3527033],[-69.1448561,-9.3581135]]]}},{"type":"Feature","id":"AC-Y460-X646","properties":{"id":"AC-Y460-X646","grid_x":646,"grid_y":460,"centroid":[-69.1326564,-9.3554132],"aggregation":"none","score_gradboost":0.0188548,"score_random_forest":0.0123567,"score_logistic_regression":0.3398752,"score_fuzzy_knn_k29":0.0601206},"geometry":{"type":"Polygon","coordinates":[[[-69.1367236,-9.3581168],[-69.1285911,-9.3581198],[-69.1285891,-9.3527095],[-69.1367215,-9.3527065],[-69.1367236,-9.3581168]]]}},{"type":"Feature","id":"AC-Y461-X634","properties":{"id":"AC-Y461-X634","grid_x":634,"grid_y":461,"centroid":[-69.2302417,-9.349953],"aggregation":"none","score_gradboost":0.0812245,"score_random_forest":0.0697168,"score_logistic_regression":0.367165,"score_fuzzy_knn_k29":0.0322636},"geometry":{"type":"Polygon","coordinates":[[[-69.2343096,-9.3526555],[-69.2261773,-9.3526608],[-69.2261738,-9.3472505],[-69.234306,-9.3472452],[-69.2343096,-9.3526555]]]}},{"type":"Feature","id":"AC-Y461-X635","properties":{"id":"AC-Y461-X635","grid_x":635,"grid_y":461,"centroid":[-69.2221094,-9.3499582],"aggregation":"none","score_gradboost":0.0937056,"score_random_forest":0.0455026,"score_logistic_regression":0.2869247,"score_fuzzy_knn_k29":0.1098376},"geometry":{"type":"Polygon","coordinates":[[[-69.2261773,-9.3526608],[-69.218045,-9.3526658],[-69.2180416,-9.3472556],[-69.2261738,-9.3472505],[-69.2261773,-9.3526608]]]}},{"type":"Feature","id":"AC-Y461-X636","properties":{"id":"AC-Y461-X636","grid_x":636,"grid_y":461,"centroid":[-69.2139772,-9.3499632],"aggregation":"none","score_gradboost":0.0973663,"score_random_forest":0.1214712,"score_logistic_regression":0.2681819,"score_fuzzy_knn_k29":0.3131742},"geometry":{"type":"Polygon","coordinates":[[[-69.218045,-9.3526658],[-69.2099127,-9.3526707],[-69.2099094,-9.3472605],[-69.2180416,-9.3472556],[-69.218045,-9.3526658]]]}},{"type":"Feature","id":"AC-Y461-X637","properties":{"id":"AC-Y461-X637","grid_x":637,"grid_y":461,"centroid":[-69.2058449,-9.349968],"aggregation":"none","score_gradboost":0.1019433,"score_random_forest":0.0949211,"score_logistic_regression":0.3385398,"score_fuzzy_knn_k29":0.1026626},"geometry":{"type":"Polygon","coordinates":[[[-69.2099127,-9.3526707],[-69.2017803,-9.3526755],[-69.2017772,-9.3472652],[-69.2099094,-9.3472605],[-69.2099127,-9.3526707]]]}},{"type":"Feature","id":"AC-Y461-X638","properties":{"id":"AC-Y461-X638","grid_x":638,"grid_y":461,"centroid":[-69.1977126,-9.3499726],"aggregation":"none","score_gradboost":0.1263966,"score_random_forest":0.1807946,"score_logistic_regression":0.2511613,"score_fuzzy_knn_k29":0.2468143},"geometry":{"type":"Polygon","coordinates":[[[-69.2017803,-9.3526755],[-69.193648,-9.35268],[-69.193645,-9.3472697],[-69.2017772,-9.3472652],[-69.2017803,-9.3526755]]]}},{"type":"Feature","id":"AC-Y461-X639","properties":{"id":"AC-Y461-X639","grid_x":639,"grid_y":461,"centroid":[-69.1895804,-9.3499771],"aggregation":"none","score_gradboost":0.0416411,"score_random_forest":0.0282211,"score_logistic_regression":0.2746141,"score_fuzzy_knn_k29":0.0538167},"geometry":{"type":"Polygon","coordinates":[[[-69.193648,-9.35268],[-69.1855156,-9.3526843],[-69.1855128,-9.3472741],[-69.193645,-9.3472697],[-69.193648,-9.35268]]]}},{"type":"Feature","id":"AC-Y461-X640","properties":{"id":"AC-Y461-X640","grid_x":640,"grid_y":461,"centroid":[-69.1814481,-9.3499813],"aggregation":"none","score_gradboost":0.0849031,"score_random_forest":0.0217368,"score_logistic_regression":0.2914184,"score_fuzzy_knn_k29":0.0232593},"geometry":{"type":"Polygon","coordinates":[[[-69.1855156,-9.3526843],[-69.1773833,-9.3526885],[-69.1773806,-9.3472782],[-69.1855128,-9.3472741],[-69.1855156,-9.3526843]]]}},{"type":"Feature","id":"AC-Y461-X641","properties":{"id":"AC-Y461-X641","grid_x":641,"grid_y":461,"centroid":[-69.1733158,-9.3499854],"aggregation":"none","score_gradboost":0.0481557,"score_random_forest":0.0340442,"score_logistic_regression":0.2540657,"score_fuzzy_knn_k29":0.0},"geometry":{"type":"Polygon","coordinates":[[[-69.1773833,-9.3526885],[-69.1692509,-9.3526925],[-69.1692483,-9.3472822],[-69.1773806,-9.3472782],[-69.1773833,-9.3526885]]]}},{"type":"Feature","id":"AC-Y461-X642","properties":{"id":"AC-Y461-X642","grid_x":642,"grid_y":461,"centroid":[-69.1651835,-9.3499892],"aggregation":"none","score_gradboost":0.0217376,"score_random_forest":0.0066605,"score_logistic_regression":0.308852,"score_fuzzy_knn_k29":0.0},"geometry":{"type":"Polygon","coordinates":[[[-69.1692509,-9.3526925],[-69.1611186,-9.3526962],[-69.1611161,-9.347286],[-69.1692483,-9.3472822],[-69.1692509,-9.3526925]]]}},{"type":"Feature","id":"AC-Y461-X643","properties":{"id":"AC-Y461-X643","grid_x":643,"grid_y":461,"centroid":[-69.1570512,-9.3499929],"aggregation":"none","score_gradboost":0.0170614,"score_random_forest":0.0504453,"score_logistic_regression":0.2433423,"score_fuzzy_knn_k29":0.0},"geometry":{"type":"Polygon","coordinates":[[[-69.1611186,-9.3526962],[-69.1529862,-9.3526998],[-69.1529839,-9.3472896],[-69.1611161,-9.347286],[-69.1611186,-9.3526962]]]}},{"type":"Feature","id":"AC-Y461-X644","properties":{"id":"AC-Y461-X644","grid_x":644,"grid_y":461,"centroid":[-69.1489189,-9.3499964],"aggregation":"none","score_gradboost":0.0187979,"score_random_forest":0.0042993,"score_logistic_regression":0.2436016,"score_fuzzy_knn_k29":0.0},"geometry":{"type":"Polygon","coordinates":[[[-69.1529862,-9.3526998],[-69.1448539,-9.3527033],[-69.1448516,-9.347293],[-69.1529839,-9.3472896],[-69.1529862,-9.3526998]]]}},{"type":"Feature","id":"AC-Y461-X645","properties":{"id":"AC-Y461-X645","grid_x":645,"grid_y":461,"centroid":[-69.1407866,-9.3499997],"aggregation":"none","score_gradboost":0.0250267,"score_random_forest":0.0320835,"score_logistic_regression":0.2775857,"score_fuzzy_knn_k29":0.0300683},"geometry":{"type":"Polygon","coordinates":[[[-69.1448539,-9.3527033],[-69.1367215,-9.3527065],[-69.1367194,-9.3472962],[-69.1448516,-9.347293],[-69.1448539,-9.3527033]]]}},{"type":"Feature","id":"AC-Y461-X646","properties":{"id":"AC-Y461-X646","grid_x":646,"grid_y":461,"centroid":[-69.1326543,-9.3500029],"aggregation":"none","score_gradboost":0.0218786,"score_random_forest":0.0285366,"score_logistic_regression":0.2899197,"score_fuzzy_knn_k29":0.0625306},"geometry":{"type":"Polygon","coordinates":[[[-69.1367215,-9.3527065],[-69.1285891,-9.3527095],[-69.1285872,-9.3472992],[-69.1367194,-9.3472962],[-69.1367215,-9.3527065]]]}},{"type":"Feature","id":"AC-Y462-X634","properties":{"id":"AC-Y462-X634","grid_x":634,"grid_y":462,"centroid":[-69.2302381,-9.3445428],"aggregation":"none","score_gradboost":0.0665985,"score_random_forest":0.0771611,"score_logistic_regression":0.3719142,"score_fuzzy_knn_k29":0.085404},"geometry":{"type":"Polygon","coordinates":[[[-69.234306,-9.3472452],[-69.2261738,-9.3472505],[-69.2261703,-9.3418402],[-69.2343024,-9.341835],[-69.234306,-9.3472452]]]}},{"type":"Feature","id":"AC-Y462-X635","properties":{"id":"AC-Y462-X635","grid_x":635,"grid_y":462,"centroid":[-69.222106,-9.3445479],"aggregation":"none","score_gradboost":0.0842386,"score_random_forest":0.0416383,"score_logistic_regression":0.3039661,"score_fuzzy_knn_k29":0.0598925},"geometry":{"type":"Polygon","coordinates":[[[-69.2261738,-9.3472505],[-69.2180416,-9.3472556],[-69.2180383,-9.3418453],[-69.2261703,-9.3418402],[-69.2261738,-9.3472505]]]}},{"type":"Feature","id":"AC-Y462-X636","properties":{"id":"AC-Y462-X636","grid_x":636,"grid_y":462,"centroid":[-69.2139739,-9.3445529],"aggregation":"none","score_gradboost":0.1064067,"score_random_forest":0.0683534,"score_logistic_regression":0.2963882,"score_fuzzy_knn_k29":0.1634155},"geometry":{"type":"Polygon","coordinates":[[[-69.2180416,-9.3472556],[-69.2099094,-9.3472605],[-69.2099062,-9.3418502],[-69.2180383,-9.3418453],[-69.2180416,-9.3472556]]]}},{"type":"Feature","id":"AC-Y462-X637","properties":{"id":"AC-Y462-X637","grid_x":637,"grid_y":462,"centroid":[-69.2058417,-9.3445577],"aggregation":"none","score_gradboost":0.0796151,"score_random_forest":0.0892052,"score_logistic_regression":0.3614527,"score_fuzzy_knn_k29":0.0828547},"geometry":{"type":"Polygon","coordinates":[[[-69.2099094,-9.3472605],[-69.2017772,-9.3472652],[-69.2017741,-9.3418549],[-69.2099062,-9.3418502],[-69.2099094,-9.3472605]]]}},{"type":"Feature","id":"AC-Y462-X638","properties":{"id":"AC-Y462-X638","grid_x":638,"grid_y":462,"centroid":[-69.1977096,-9.3445624],"aggregation":"none","score_gradboost":0.0728654,"score_random_forest":0.091742,"score_logistic_regression":0.278598,"score_fuzzy_knn_k29":0.150681},"geometry":{"type":"Polygon","coordinates":[[[-69.2017772,-9.3472652],[-69.193645,-9.3472697],[-69.193642,-9.3418595],[-69.2017741,-9.3418549],[-69.2017772,-9.3472652]]]}},{"type":"Feature","id":"AC-Y462-X639","properties":{"id":"AC-Y462-X639","grid_x":639,"grid_y":462,"centroid":[-69.1895774,-9.3445668],"aggregation":"none","score_gradboost":0.0396403,"score_random_forest":0.073669,"score_logistic_regression":0.2459491,"score_fuzzy_knn_k29":0.0891575},"geometry":{"type":"Polygon","coordinates":[[[-69.193645,-9.3472697],[-69.1855128,-9.3472741],[-69.1855099,-9.3418638],[-69.193642,-9.3418595],[-69.193645,-9.3472697]]]}},{"type":"Feature","id":"AC-Y462-X640","properties":{"id":"AC-Y462-X640","grid_x":640,"grid_y":462,"centroid":[-69.1814453,-9.344571],"aggregation":"none","score_gradboost":0.0376651,"score_random_forest":0.0192985,"score_logistic_regression":0.2613235,"score_fuzzy_knn_k29":0.0372964},"geometry":{"type":"Polygon","coordinates":[[[-69.1855128,-9.3472741],[-69.1773806,-9.3472782],[-69.1773778,-9.341868],[-69.1855099,-9.3418638],[-69.1855128,-9.3472741]]]}},{"type":"Feature","id":"AC-Y462-X641","properties":{"id":"AC-Y462-X641","grid_x":641,"grid_y":462,"centroid":[-69.1733131,-9.3445751],"aggregation":"none","score_gradboost":0.0794788,"score_random_forest":0.0297917,"score_logistic_regression":0.2574091,"score_fuzzy_knn_k29":0.0},"geometry":{"type":"Polygon","coordinates":[[[-69.1773806,-9.3472782],[-69.1692483,-9.3472822],[-69.1692457,-9.3418719],[-69.1773778,-9.341868],[-69.1773806,-9.3472782]]]}},{"type":"Feature","id":"AC-Y462-X642","properties":{"id":"AC-Y462-X642","grid_x":642,"grid_y":462,"centroid":[-69.1651809,-9.344579],"aggregation":"none","score_gradboost":0.0231372,"score_random_forest":0.0161115,"score_logistic_regression":0.2612559,"score_fuzzy_knn_k29":0.0},"geometry":{"type":"Polygon","coordinates":[[[-69.1692483,-9.3472822],[-69.1611161,-9.347286],[-69.1611136,-9.3418757],[-69.1692457,-9.3418719],[-69.1692483,-9.3472822]]]}},{"type":"Feature","id":"AC-Y462-X643","properties":{"id":"AC-Y462-X643","grid_x":643,"grid_y":462,"centroid":[-69.1570488,-9.3445827],"aggregation":"none","score_gradboost":0.0252218,"score_random_forest":0.0208547,"score_logistic_regression":0.2468404,"score_fuzzy_knn_k29":0.0},"geometry":{"type":"Polygon","coordinates":[[[-69.1611161,-9.347286],[-69.1529839,-9.3472896],[-69.1529815,-9.3418793],[-69.1611136,-9.3418757],[-69.1611161,-9.347286]]]}},{"type":"Feature","id":"AC-Y462-X644","properties":{"id":"AC-Y462-X644","grid_x":644,"grid_y":462,"centroid":[-69.1489166,-9.3445862],"aggregation":"none","score_gradboost":0.023771,"score_random_forest":0.0457326,"score_logistic_regression":0.2545427,"score_fuzzy_knn_k29":0.0},"geometry":{"type":"Polygon","coordinates":[[[-69.1529839,-9.3472896],[-69.1448516,-9.347293],[-69.1448494,-9.3418827],[-69.1529815,-9.3418793],[-69.1529839,-9.3472896]]]}},{"type":"Feature","id":"AC-Y462-X645","properties":{"id":"AC-Y462-X645","grid_x":645,"grid_y":462,"centroid":[-69.1407844,-9.3445895],"aggregation":"none","score_gradboost":0.017838,"score_random_forest":0.0067644,"score_logistic_regression":0.2513937,"score_fuzzy_knn_k29":0.0},"geometry":{"type":"Polygon","coordinates":[[[-69.1448516,-9.347293],[-69.1367194,-9.3472962],[-69.1367173,-9.3418859],[-69.1448494,-9.3418827],[-69.1448516,-9.347293]]]}},{"type":"Feature","id":"AC-Y462-X646","properties":{"id":"AC-Y462-X646","grid_x":646,"grid_y":462,"centroid":[-69.1326523,-9.3445926],"aggregation":"none","score_gradboost":0.0204597,"score_random_forest":0.0183521,"score_logistic_regression":0.3231918,"score_fuzzy_knn_k29":0.0379718},"geometry":{"type":"Polygon","coordinates":[[[-69.1367194,-9.3472962],[-69.1285872,-9.3472992],[-69.1285852,-9.341889],[-69.1367173,-9.3418859],[-69.1367194,-9.3472962]]]}},{"type":"Feature","id":"AC-Y463-X634","properties":{"id":"AC-Y463-X634","grid_x":634,"grid_y":463,"centroid":[-69.2302346,-9.3391325],"aggregation":"none","score_gradboost":0.0662001,"score_random_forest":0.0679267,"score_logistic_regression":0.3361825,"score_fuzzy_knn_k29":0.040379},"geometry":{"type":"Polygon","coordinates":[[[-69.2343024,-9.341835],[-69.2261703,-9.3418402],[-69.2261668,-9.33643],[-69.2342988,-9.3364247],[-69.2343024,-9.341835]]]}},{"type":"Feature","id":"AC-Y463-X635","properties":{"id":"AC-Y463-X635","grid_x":635,"grid_y":463,"centroid":[-69.2221026,-9.3391377],"aggregation":"none","score_gradboost":0.0820519,"score_random_forest":0.0348423,"score_logistic_regression":0.2688551,"score_fuzzy_knn_k29":0.1044808},"geometry":{"type":"Polygon","coordinates":[[[-69.2261703,-9.3418402],[-69.2180383,-9.3418453],[-69.2180349,-9.3364351],[-69.2261668,-9.33643],[-69.2261703,-9.3418402]]]}},{"type":"Feature","id":"AC-Y463-X636","properties":{"id":"AC-Y463-X636","grid_x":636,"grid_y":463,"centroid":[-69.2139706,-9.3391427],"aggregation":"none","score_gradboost":0.1728434,"score_random_forest":0.156102,"score_logistic_regression":0.2624068,"score_fuzzy_knn_k29":0.2784348},"geometry":{"type":"Polygon","coordinates":[[[-69.2180383,-9.3418453],[-69.2099062,-9.3418502],[-69.2099029,-9.33644],[-69.2180349,-9.3364351],[-69.2180383,-9.3418453]]]}},{"type":"Feature","id":"AC-Y463-X637","properties":{"id":"AC-Y463-X637","grid_x":637,"grid_y":463,"centroid":[-69.2058385,-9.3391475],"aggregation":"none","score_gradboost":0.1060872,"score_random_forest":0.1135791,"score_logistic_regression":0.2907861,"score_fuzzy_knn_k29":0.2295818},"geometry":{"type":"Polygon","coordinates":[[[-69.2099062,-9.3418502],[-69.2017741,-9.3418549],[-69.201771,-9.3364447],[-69.2099029,-9.33644],[-69.2099062,-9.3418502]]]}},{"type":"Feature","id":"AC-Y463-X638","properties":{"id":"AC-Y463-X638","grid_x":638,"grid_y":463,"centroid":[-69.1977065,-9.3391521],"aggregation":"none","score_gradboost":0.0957754,"score_random_forest":0.1504618,"score_logistic_regression":0.2724145,"score_fuzzy_knn_k29":0.2086786},"geometry":{"type":"Polygon","coordinates":[[[-69.2017741,-9.3418549],[-69.193642,-9.3418595],[-69.193639,-9.3364492],[-69.201771,-9.3364447],[-69.2017741,-9.3418549]]]}},{"type":"Feature","id":"AC-Y463-X639","properties":{"id":"AC-Y463-X639","grid_x":639,"grid_y":463,"centroid":[-69.1895745,-9.3391565],"aggregation":"none","score_gradboost":0.0569789,"score_random_forest":0.0721409,"score_logistic_regression":0.3083247,"score_fuzzy_knn_k29":0.0776845},"geometry":{"type":"Polygon","coordinates":[[[-69.193642,-9.3418595],[-69.1855099,-9.3418638],[-69.1855071,-9.3364535],[-69.193639,-9.3364492],[-69.193642,-9.3418595]]]}},{"type":"Feature","id":"AC-Y463-X640","properties":{"id":"AC-Y463-X640","grid_x":640,"grid_y":463,"centroid":[-69.1814425,-9.3391608],"aggregation":"none","score_gradboost":0.0355956,"score_random_forest":0.0141993,"score_logistic_regression":0.2877497,"score_fuzzy_knn_k29":0.0677073},"geometry":{"type":"Polygon","coordinates":[[[-69.1855099,-9.3418638],[-69.1773778,-9.341868],[-69.1773751,-9.3364577],[-69.1855071,-9.3364535],[-69.1855099,-9.3418638]]]}},{"type":"Feature","id":"AC-Y463-X641","properties":{"id":"AC-Y463-X641","grid_x":641,"grid_y":463,"centroid":[-69.1733104,-9.3391648],"aggregation":"none","score_gradboost":0.0828685,"score_random_forest":0.0277388,"score_logistic_regression":0.2722395,"score_fuzzy_knn_k29":0.0159886},"geometry":{"type":"Polygon","coordinates":[[[-69.1773778,-9.341868],[-69.1692457,-9.3418719],[-69.1692431,-9.3364616],[-69.1773751,-9.3364577],[-69.1773778,-9.341868]]]}},{"type":"Feature","id":"AC-Y463-X642","properties":{"id":"AC-Y463-X642","grid_x":642,"grid_y":463,"centroid":[-69.1651784,-9.3391687],"aggregation":"none","score_gradboost":0.0350094,"score_random_forest":0.0140264,"score_logistic_regression":0.3002843,"score_fuzzy_knn_k29":0.0},"geometry":{"type":"Polygon","coordinates":[[[-69.1692457,-9.3418719],[-69.1611136,-9.3418757],[-69.1611111,-9.3364654],[-69.1692431,-9.3364616],[-69.1692457,-9.3418719]]]}},{"type":"Feature","id":"AC-Y463-X643","properties":{"id":"AC-Y463-X643","grid_x":643,"grid_y":463,"centroid":[-69.1570464,-9.3391724],"aggregation":"none","score_gradboost":0.0315165,"score_random_forest":0.026215,"score_logistic_regression":0.2505764,"score_fuzzy_knn_k29":0.0},"geometry":{"type":"Polygon","coordinates":[[[-69.1611136,-9.3418757],[-69.1529815,-9.3418793],[-69.1529792,-9.336469],[-69.1611111,-9.3364654],[-69.1611136,-9.3418757]]]}},{"type":"Feature","id":"AC-Y463-X644","properties":{"id":"AC-Y463-X644","grid_x":644,"grid_y":463,"centroid":[-69.1489143,-9.3391759],"aggregation":"none","score_gradboost":0.0278817,"score_random_forest":0.0267405,"score_logistic_regression":0.262236,"score_fuzzy_knn_k29":0.0},"geometry":{"type":"Polygon","coordinates":[[[-69.1529815,-9.3418793],[-69.1448494,-9.3418827],[-69.1448472,-9.3364724],[-69.1529792,-9.336469],[-69.1529815,-9.3418793]]]}},{"type":"Feature","id":"AC-Y463-X645","properties":{"id":"AC-Y463-X645","grid_x":645,"grid_y":463,"centroid":[-69.1407823,-9.3391792],"aggregation":"none","score_gradboost":0.0238268,"score_random_forest":0.0303249,"score_logistic_regression":0.2900072,"score_fuzzy_knn_k29":0.0161629},"geometry":{"type":"Polygon","coordinates":[[[-69.1448494,-9.3418827],[-69.1367173,-9.3418859],[-69.1367152,-9.3364756],[-69.1448472,-9.3364724],[-69.1448494,-9.3418827]]]}},{"type":"Feature","id":"AC-Y463-X646","properties":{"id":"AC-Y463-X646","grid_x":646,"grid_y":463,"centroid":[-69.1326502,-9.3391823],"aggregation":"none","score_gradboost":0.022661,"score_random_forest":0.0239316,"score_logistic_regression":0.2987821,"score_fuzzy_knn_k29":0.0453651},"geometry":{"type":"Polygon","coordinates":[[[-69.1367173,-9.3418859],[-69.1285852,-9.341889],[-69.1285832,-9.3364787],[-69.1367152,-9.3364756],[-69.1367173,-9.3418859]]]}},{"type":"Feature","id":"AC-Y464-X634","properties":{"id":"AC-Y464-X634","grid_x":634,"grid_y":464,"centroid":[-69.230231,-9.3337223],"aggregation":"none","score_gradboost":0.1047569,"score_random_forest":0.0806258,"score_logistic_regression":0.344422,"score_fuzzy_knn_k29":0.025292},"geometry":{"type":"Polygon","coordinates":[[[-69.2342988,-9.3364247],[-69.2261668,-9.33643],[-69.2261634,-9.3310197],[-69.2342952,-9.3310145],[-69.2342988,-9.3364247]]]}},{"type":"Feature","id":"AC-Y464-X635","properties":{"id":"AC-Y464-X635","grid_x":635,"grid_y":464,"centroid":[-69.2220992,-9.3337274],"aggregation":"none","score_gradboost":0.0751544,"score_random_forest":0.041044,"score_logistic_regression":0.3065101,"score_fuzzy_knn_k29":0.0534803},"geometry":{"type":"Polygon","coordinates":[[[-69.2261668,-9.33643],[-69.2180349,-9.3364351],[-69.2180315,-9.3310248],[-69.2261634,-9.3310197],[-69.2261668,-9.33643]]]}},{"type":"Feature","id":"AC-Y464-X636","properties":{"id":"AC-Y464-X636","grid_x":636,"grid_y":464,"centroid":[-69.2139673,-9.3337324],"aggregation":"none","score_gradboost":0.1457962,"score_random_forest":0.0991087,"score_logistic_regression":0.346249,"score_fuzzy_knn_k29":0.0337465},"geometry":{"type":"Polygon","coordinates":[[[-69.2180349,-9.3364351],[-69.2099029,-9.33644],[-69.2098997,-9.3310297],[-69.2180315,-9.3310248],[-69.2180349,-9.3364351]]]}},{"type":"Feature","id":"AC-Y464-X637","properties":{"id":"AC-Y464-X637","grid_x":637,"grid_y":464,"centroid":[-69.2058354,-9.3337372],"aggregation":"none","score_gradboost":0.0846994,"score_random_forest":0.0811086,"score_logistic_regression":0.3463223,"score_fuzzy_knn_k29":0.0616556},"geometry":{"type":"Polygon","coordinates":[[[-69.2099029,-9.33644],[-69.201771,-9.3364447],[-69.2017679,-9.3310344],[-69.2098997,-9.3310297],[-69.2099029,-9.33644]]]}},{"type":"Feature","id":"AC-Y464-X638","properties":{"id":"AC-Y464-X638","grid_x":638,"grid_y":464,"centroid":[-69.1977035,-9.3337418],"aggregation":"none","score_gradboost":0.0755875,"score_random_forest":0.1393199,"score_logistic_regression":0.2957831,"score_fuzzy_knn_k29":0.1849043},"geometry":{"type":"Polygon","coordinates":[[[-69.201771,-9.3364447],[-69.193639,-9.3364492],[-69.193636,-9.3310389],[-69.2017679,-9.3310344],[-69.201771,-9.3364447]]]}},{"type":"Feature","id":"AC-Y464-X639","properties":{"id":"AC-Y464-X639","grid_x":639,"grid_y":464,"centroid":[-69.1895716,-9.3337463],"aggregation":"none","score_gradboost":0.0795648,"score_random_forest":0.0896528,"score_logistic_regression":0.3243496,"score_fuzzy_knn_k29":0.1319621},"geometry":{"type":"Polygon","coordinates":[[[-69.193639,-9.3364492],[-69.1855071,-9.3364535],[-69.1855042,-9.3310433],[-69.193636,-9.3310389],[-69.193639,-9.3364492]]]}},{"type":"Feature","id":"AC-Y464-X640","properties":{"id":"AC-Y464-X640","grid_x":640,"grid_y":464,"centroid":[-69.1814397,-9.3337505],"aggregation":"none","score_gradboost":0.0322804,"score_random_forest":0.0296306,"score_logistic_regression":0.2874568,"score_fuzzy_knn_k29":0.0472348},"geometry":{"type":"Polygon","coordinates":[[[-69.1855071,-9.3364535],[-69.1773751,-9.3364577],[-69.1773723,-9.3310474],[-69.1855042,-9.3310433],[-69.1855071,-9.3364535]]]}},{"type":"Feature","id":"AC-Y464-X641","properties":{"id":"AC-Y464-X641","grid_x":641,"grid_y":464,"centroid":[-69.1733078,-9.3337545],"aggregation":"none","score_gradboost":0.0448595,"score_random_forest":0.0092441,"score_logistic_regression":0.3291567,"score_fuzzy_knn_k29":0.0337366},"geometry":{"type":"Polygon","coordinates":[[[-69.1773751,-9.3364577],[-69.1692431,-9.3364616],[-69.1692405,-9.3310514],[-69.1773723,-9.3310474],[-69.1773751,-9.3364577]]]}},{"type":"Feature","id":"AC-Y464-X642","properties":{"id":"AC-Y464-X642","grid_x":642,"grid_y":464,"centroid":[-69.1651758,-9.3337584],"aggregation":"none","score_gradboost":0.0345808,"score_random_forest":0.0073512,"score_logistic_regression":0.3255065,"score_fuzzy_knn_k29":0.0},"geometry":{"type":"Polygon","coordinates":[[[-69.1692431,-9.3364616],[-69.1611111,-9.3364654],[-69.1611086,-9.3310551],[-69.1692405,-9.3310514],[-69.1692431,-9.3364616]]]}},{"type":"Feature","id":"AC-Y464-X643","properties":{"id":"AC-Y464-X643","grid_x":643,"grid_y":464,"centroid":[-69.1570439,-9.3337621],"aggregation":"none","score_gradboost":0.0301508,"score_random_forest":0.0268906,"score_logistic_regression":0.2545963,"score_fuzzy_knn_k29":0.0},"geometry":{"type":"Polygon","coordinates":[[[-69.1611111,-9.3364654],[-69.1529792,-9.336469],[-69.1529768,-9.3310587],[-69.1611086,-9.3310551],[-69.1611111,-9.3364654]]]}},{"type":"Feature","id":"AC-Y464-X644","properties":{"id":"AC-Y464-X644","grid_x":644,"grid_y":464,"centroid":[-69.148912,-9.3337656],"aggregation":"none","score_gradboost":0.0199447,"score_random_forest":0.0217575,"score_logistic_regression":0.2819342,"score_fuzzy_knn_k29":0.0},"geometry":{"type":"Polygon","coordinates":[[[-69.1529792,-9.336469],[-69.1448472,-9.3364724],[-69.1448449,-9.3310621],[-69.1529768,-9.3310587],[-69.1529792,-9.336469]]]}},{"type":"Feature","id":"AC-Y464-X645","properties":{"id":"AC-Y464-X645","grid_x":645,"grid_y":464,"centroid":[-69.1407801,-9.3337689],"aggregation":"none","score_gradboost":0.0204834,"score_random_forest":0.0181287,"score_logistic_regression":0.3151805,"score_fuzzy_knn_k29":0.0166631},"geometry":{"type":"Polygon","coordinates":[[[-69.1448472,-9.3364724],[-69.1367152,-9.3364756],[-69.1367131,-9.3310654],[-69.1448449,-9.3310621],[-69.1448472,-9.3364724]]]}},{"type":"Feature","id":"AC-Y464-X646","properties":{"id":"AC-Y464-X646","grid_x":646,"grid_y":464,"centroid":[-69.1326482,-9.333772],"aggregation":"none","score_gradboost":0.0237856,"score_random_forest":0.0224651,"score_logistic_regression":0.3118087,"score_fuzzy_knn_k29":0.0},"geometry":{"type":"Polygon","coordinates":[[[-69.1367152,-9.3364756],[-69.1285832,-9.3364787],[-69.1285812,-9.3310684],[-69.1367131,-9.3310654],[-69.1367152,-9.3364756]]]}},{"type":"Feature","id":"AC-Y464-X647","properties":{"id":"AC-Y464-X647","grid_x":647,"grid_y":464,"centroid":[-69.1245162,-9.333775],"aggregation":"none","score_gradboost":0.0204597,"score_random_forest":0.0203586,"score_logistic_regression":0.3252301,"score_fuzzy_knn_k29":0.0733069},"geometry":{"type":"Polygon","coordinates":[[[-69.1285832,-9.3364787],[-69.1204512,-9.3364815],[-69.1204493,-9.3310712],[-69.1285812,-9.3310684],[-69.1285832,-9.3364787]]]}},{"type":"Feature","id":"AC-Y465-X634","properties":{"id":"AC-Y465-X634","grid_x":634,"grid_y":465,"centroid":[-69.2302275,-9.328312],"aggregation":"none","score_gradboost":0.0854332,"score_random_forest":0.0826279,"score_logistic_regression":0.3467336,"score_fuzzy_knn_k29":0.0274048},"geometry":{"type":"Polygon","coordinates":[[[-69.2342952,-9.3310145],[-69.2261634,-9.3310197],[-69.2261599,-9.3256095],[-69.2342916,-9.3256042],[-69.2342952,-9.3310145]]]}},{"type":"Feature","id":"AC-Y465-X635","properties":{"id":"AC-Y465-X635","grid_x":635,"grid_y":465,"centroid":[-69.2220957,-9.3283172],"aggregation":"none","score_gradboost":0.1105375,"score_random_forest":0.051689,"score_logistic_regression":0.3045114,"score_fuzzy_knn_k29":0.0545795},"geometry":{"type":"Polygon","coordinates":[[[-69.2261634,-9.3310197],[-69.2180315,-9.3310248],[-69.2180282,-9.3256146],[-69.2261599,-9.3256095],[-69.2261634,-9.3310197]]]}},{"type":"Feature","id":"AC-Y465-X636","properties":{"id":"AC-Y465-X636","grid_x":636,"grid_y":465,"centroid":[-69.213964,-9.3283221],"aggregation":"none","score_gradboost":0.1555109,"score_random_forest":0.172563,"score_logistic_regression":0.2385522,"score_fuzzy_knn_k29":0.2867635},"geometry":{"type":"Polygon","coordinates":[[[-69.2180315,-9.3310248],[-69.2098997,-9.3310297],[-69.2098965,-9.3256194],[-69.2180282,-9.3256146],[-69.2180315,-9.3310248]]]}},{"type":"Feature","id":"AC-Y465-X637","properties":{"id":"AC-Y465-X637","grid_x":637,"grid_y":465,"centroid":[-69.2058322,-9.3283269],"aggregation":"none","score_gradboost":0.1811356,"score_random_forest":0.2814709,"score_logistic_regression":0.2318257,"score_fuzzy_knn_k29":0.3767334},"geometry":{"type":"Polygon","coordinates":[[[-69.2098997,-9.3310297],[-69.2017679,-9.3310344],[-69.2017648,-9.3256241],[-69.2098965,-9.3256194],[-69.2098997,-9.3310297]]]}},{"type":"Feature","id":"AC-Y465-X638","properties":{"id":"AC-Y465-X638","grid_x":638,"grid_y":465,"centroid":[-69.1977004,-9.3283316],"aggregation":"none","score_gradboost":0.158144,"score_random_forest":0.2467432,"score_logistic_regression":0.2599665,"score_fuzzy_knn_k29":0.3633263},"geometry":{"type":"Polygon","coordinates":[[[-69.2017679,-9.3310344],[-69.193636,-9.3310389],[-69.1936331,-9.3256287],[-69.2017648,-9.3256241],[-69.2017679,-9.3310344]]]}},{"type":"Feature","id":"AC-Y465-X639","properties":{"id":"AC-Y465-X639","grid_x":639,"grid_y":465,"centroid":[-69.1895687,-9.328336],"aggregation":"none","score_gradboost":0.1111241,"score_random_forest":0.1995971,"score_logistic_regression":0.2418671,"score_fuzzy_knn_k29":0.2755724},"geometry":{"type":"Polygon","coordinates":[[[-69.193636,-9.3310389],[-69.1855042,-9.3310433],[-69.1855013,-9.325633],[-69.193633,-9.3256287],[-69.193636,-9.3310389]]]}},{"type":"Feature","id":"AC-Y465-X640","properties":{"id":"AC-Y465-X640","grid_x":640,"grid_y":465,"centroid":[-69.1814369,-9.3283402],"aggregation":"none","score_gradboost":0.0912133,"score_random_forest":0.1153946,"score_logistic_regression":0.2718879,"score_fuzzy_knn_k29":0.0474681},"geometry":{"type":"Polygon","coordinates":[[[-69.1855042,-9.3310433],[-69.1773723,-9.3310474],[-69.1773696,-9.3256371],[-69.1855013,-9.325633],[-69.1855042,-9.3310433]]]}},{"type":"Feature","id":"AC-Y465-X641","properties":{"id":"AC-Y465-X641","grid_x":641,"grid_y":465,"centroid":[-69.1733051,-9.3283443],"aggregation":"none","score_gradboost":0.0372344,"score_random_forest":0.0200124,"score_logistic_regression":0.2574395,"score_fuzzy_knn_k29":0.0412696},"geometry":{"type":"Polygon","coordinates":[[[-69.1773723,-9.3310474],[-69.1692405,-9.3310514],[-69.1692379,-9.3256411],[-69.1773696,-9.3256371],[-69.1773723,-9.3310474]]]}},{"type":"Feature","id":"AC-Y465-X642","properties":{"id":"AC-Y465-X642","grid_x":642,"grid_y":465,"centroid":[-69.1651733,-9.3283481],"aggregation":"none","score_gradboost":0.073592,"score_random_forest":0.0267583,"score_logistic_regression":0.273297,"score_fuzzy_knn_k29":0.0},"geometry":{"type":"Polygon","coordinates":[[[-69.1692405,-9.3310514],[-69.1611086,-9.3310551],[-69.1611062,-9.3256449],[-69.1692379,-9.3256411],[-69.1692405,-9.3310514]]]}},{"type":"Feature","id":"AC-Y465-X643","properties":{"id":"AC-Y465-X643","grid_x":643,"grid_y":465,"centroid":[-69.1570415,-9.3283518],"aggregation":"none","score_gradboost":0.0227304,"score_random_forest":0.0143366,"score_logistic_regression":0.2937953,"score_fuzzy_knn_k29":0.0},"geometry":{"type":"Polygon","coordinates":[[[-69.1611086,-9.3310551],[-69.1529768,-9.3310587],[-69.1529744,-9.3256485],[-69.1611062,-9.3256449],[-69.1611086,-9.3310551]]]}},{"type":"Feature","id":"AC-Y465-X644","properties":{"id":"AC-Y465-X644","grid_x":644,"grid_y":465,"centroid":[-69.1489097,-9.3283553],"aggregation":"none","score_gradboost":0.0213575,"score_random_forest":0.0233442,"score_logistic_regression":0.26723,"score_fuzzy_knn_k29":0.0},"geometry":{"type":"Polygon","coordinates":[[[-69.1529768,-9.3310587],[-69.1448449,-9.3310621],[-69.1448427,-9.3256519],[-69.1529744,-9.3256485],[-69.1529768,-9.3310587]]]}},{"type":"Feature","id":"AC-Y465-X645","properties":{"id":"AC-Y465-X645","grid_x":645,"grid_y":465,"centroid":[-69.1407779,-9.3283586],"aggregation":"none","score_gradboost":0.0217797,"score_random_forest":0.023606,"score_logistic_regression":0.2874585,"score_fuzzy_knn_k29":0.0147789},"geometry":{"type":"Polygon","coordinates":[[[-69.1448449,-9.3310621],[-69.1367131,-9.3310654],[-69.136711,-9.3256551],[-69.1448427,-9.3256519],[-69.1448449,-9.3310621]]]}},{"type":"Feature","id":"AC-Y465-X646","properties":{"id":"AC-Y465-X646","grid_x":646,"grid_y":465,"centroid":[-69.1326461,-9.3283617],"aggregation":"none","score_gradboost":0.0371593,"score_random_forest":0.0299344,"score_logistic_regression":0.280373,"score_fuzzy_knn_k29":0.0447365},"geometry":{"type":"Polygon","coordinates":[[[-69.1367131,-9.3310654],[-69.1285812,-9.3310684],[-69.1285792,-9.3256581],[-69.136711,-9.3256551],[-69.1367131,-9.3310654]]]}},{"type":"Feature","id":"AC-Y465-X647","properties":{"id":"AC-Y465-X647","grid_x":647,"grid_y":465,"centroid":[-69.1245143,-9.3283647],"aggregation":"none","score_gradboost":0.0198167,"score_random_forest":0.014832,"score_logistic_regression":0.3566758,"score_fuzzy_knn_k29":0.0195224},"geometry":{"type":"Polygon","coordinates":[[[-69.1285812,-9.3310684],[-69.1204493,-9.3310712],[-69.1204475,-9.3256609],[-69.1285792,-9.3256581],[-69.1285812,-9.3310684]]]}},{"type":"Feature","id":"AC-Y466-X634","properties":{"id":"AC-Y466-X634","grid_x":634,"grid_y":466,"centroid":[-69.2302239,-9.3229017],"aggregation":"none","score_gradboost":0.1093185,"score_random_forest":0.0648696,"score_logistic_regression":0.3167685,"score_fuzzy_knn_k29":0.0351094},"geometry":{"type":"Polygon","coordinates":[[[-69.2342916,-9.3256042],[-69.2261599,-9.3256095],[-69.2261564,-9.3201992],[-69.234288,-9.320194],[-69.2342916,-9.3256042]]]}},{"type":"Feature","id":"AC-Y466-X635","properties":{"id":"AC-Y466-X635","grid_x":635,"grid_y":466,"centroid":[-69.2220923,-9.3229069],"aggregation":"none","score_gradboost":0.0662001,"score_random_forest":0.0844927,"score_logistic_regression":0.3411066,"score_fuzzy_knn_k29":0.0341492},"geometry":{"type":"Polygon","coordinates":[[[-69.2261599,-9.3256095],[-69.2180282,-9.3256146],[-69.2180248,-9.3202043],[-69.2261564,-9.3201992],[-69.2261599,-9.3256095]]]}},{"type":"Feature","id":"AC-Y466-X636","properties":{"id":"AC-Y466-X636","grid_x":636,"grid_y":466,"centroid":[-69.2139607,-9.3229119],"aggregation":"none","score_gradboost":0.0917351,"score_random_forest":0.0617532,"score_logistic_regression":0.2604781,"score_fuzzy_knn_k29":0.1461965},"geometry":{"type":"Polygon","coordinates":[[[-69.2180282,-9.3256146],[-69.2098965,-9.3256194],[-69.2098932,-9.3202092],[-69.2180248,-9.3202043],[-69.2180282,-9.3256146]]]}},{"type":"Feature","id":"AC-Y466-X637","properties":{"id":"AC-Y466-X637","grid_x":637,"grid_y":466,"centroid":[-69.205829,-9.3229167],"aggregation":"none","score_gradboost":0.2137595,"score_random_forest":0.1663359,"score_logistic_regression":0.2558598,"score_fuzzy_knn_k29":0.2947413},"geometry":{"type":"Polygon","coordinates":[[[-69.2098965,-9.3256194],[-69.2017648,-9.3256241],[-69.2017617,-9.3202139],[-69.2098932,-9.3202092],[-69.2098965,-9.3256194]]]}},{"type":"Feature","id":"AC-Y466-X638","properties":{"id":"AC-Y466-X638","grid_x":638,"grid_y":466,"centroid":[-69.1976974,-9.3229213],"aggregation":"none","score_gradboost":0.1507127,"score_random_forest":0.2278196,"score_logistic_regression":0.2597114,"score_fuzzy_knn_k29":0.3854748},"geometry":{"type":"Polygon","coordinates":[[[-69.2017648,-9.3256241],[-69.1936331,-9.3256287],[-69.1936301,-9.3202184],[-69.2017617,-9.3202139],[-69.2017648,-9.3256241]]]}},{"type":"Feature","id":"AC-Y466-X639","properties":{"id":"AC-Y466-X639","grid_x":639,"grid_y":466,"centroid":[-69.1895657,-9.3229257],"aggregation":"none","score_gradboost":0.0755875,"score_random_forest":0.1464612,"score_logistic_regression":0.2872611,"score_fuzzy_knn_k29":0.1798978},"geometry":{"type":"Polygon","coordinates":[[[-69.193633,-9.3256287],[-69.1855013,-9.325633],[-69.1854985,-9.3202227],[-69.1936301,-9.3202184],[-69.193633,-9.3256287]]]}},{"type":"Feature","id":"AC-Y466-X640","properties":{"id":"AC-Y466-X640","grid_x":640,"grid_y":466,"centroid":[-69.1814341,-9.3229299],"aggregation":"none","score_gradboost":0.0715409,"score_random_forest":0.0993337,"score_logistic_regression":0.2801949,"score_fuzzy_knn_k29":0.0785489},"geometry":{"type":"Polygon","coordinates":[[[-69.1855013,-9.325633],[-69.1773696,-9.3256371],[-69.1773669,-9.3202269],[-69.1854985,-9.3202227],[-69.1855013,-9.325633]]]}},{"type":"Feature","id":"AC-Y466-X641","properties":{"id":"AC-Y466-X641","grid_x":641,"grid_y":466,"centroid":[-69.1733024,-9.322934],"aggregation":"none","score_gradboost":0.0249204,"score_random_forest":0.0067952,"score_logistic_regression":0.3176199,"score_fuzzy_knn_k29":0.0728552},"geometry":{"type":"Polygon","coordinates":[[[-69.1773696,-9.3256371],[-69.1692379,-9.3256411],[-69.1692353,-9.3202308],[-69.1773669,-9.3202269],[-69.1773696,-9.3256371]]]}},{"type":"Feature","id":"AC-Y466-X642","properties":{"id":"AC-Y466-X642","grid_x":642,"grid_y":466,"centroid":[-69.1651708,-9.3229379],"aggregation":"none","score_gradboost":0.0801616,"score_random_forest":0.0552468,"score_logistic_regression":0.2235543,"score_fuzzy_knn_k29":0.0136448},"geometry":{"type":"Polygon","coordinates":[[[-69.1692379,-9.3256411],[-69.1611062,-9.3256449],[-69.1611037,-9.3202346],[-69.1692353,-9.3202308],[-69.1692379,-9.3256411]]]}},{"type":"Feature","id":"AC-Y466-X643","properties":{"id":"AC-Y466-X643","grid_x":643,"grid_y":466,"centroid":[-69.1570391,-9.3229415],"aggregation":"none","score_gradboost":0.0288856,"score_random_forest":0.0336496,"score_logistic_regression":0.2381021,"score_fuzzy_knn_k29":0.0},"geometry":{"type":"Polygon","coordinates":[[[-69.1611062,-9.3256449],[-69.1529744,-9.3256485],[-69.1529721,-9.3202382],[-69.1611037,-9.3202346],[-69.1611062,-9.3256449]]]}},{"type":"Feature","id":"AC-Y466-X644","properties":{"id":"AC-Y466-X644","grid_x":644,"grid_y":466,"centroid":[-69.1489074,-9.322945],"aggregation":"none","score_gradboost":0.0231766,"score_random_forest":0.0440536,"score_logistic_regression":0.2424296,"score_fuzzy_knn_k29":0.0},"geometry":{"type":"Polygon","coordinates":[[[-69.1529744,-9.3256485],[-69.1448427,-9.3256519],[-69.1448405,-9.3202416],[-69.1529721,-9.3202382],[-69.1529744,-9.3256485]]]}},{"type":"Feature","id":"AC-Y466-X645","properties":{"id":"AC-Y466-X645","grid_x":645,"grid_y":466,"centroid":[-69.1407758,-9.3229483],"aggregation":"none","score_gradboost":0.0256031,"score_random_forest":0.044883,"score_logistic_regression":0.2540602,"score_fuzzy_knn_k29":0.0},"geometry":{"type":"Polygon","coordinates":[[[-69.1448427,-9.3256519],[-69.136711,-9.3256551],[-69.1367089,-9.3202448],[-69.1448405,-9.3202416],[-69.1448427,-9.3256519]]]}},{"type":"Feature","id":"AC-Y466-X646","properties":{"id":"AC-Y466-X646","grid_x":646,"grid_y":466,"centroid":[-69.1326441,-9.3229515],"aggregation":"none","score_gradboost":0.0318279,"score_random_forest":0.0172262,"score_logistic_regression":0.3350716,"score_fuzzy_knn_k29":0.0},"geometry":{"type":"Polygon","coordinates":[[[-69.136711,-9.3256551],[-69.1285792,-9.3256581],[-69.1285772,-9.3202478],[-69.1367089,-9.3202448],[-69.136711,-9.3256551]]]}},{"type":"Feature","id":"AC-Y466-X647","properties":{"id":"AC-Y466-X647","grid_x":647,"grid_y":466,"centroid":[-69.1245124,-9.3229544],"aggregation":"none","score_gradboost":0.0198167,"score_random_forest":0.0141375,"score_logistic_regression":0.3534188,"score_fuzzy_knn_k29":0.0097934},"geometry":{"type":"Polygon","coordinates":[[[-69.1285792,-9.3256581],[-69.1204475,-9.3256609],[-69.1204456,-9.3202507],[-69.1285772,-9.3202478],[-69.1285792,-9.3256581]]]}},{"type":"Feature","id":"AC-Y467-X634","properties":{"id":"AC-Y467-X634","grid_x":634,"grid_y":467,"centroid":[-69.2302204,-9.3174915],"aggregation":"none","score_gradboost":0.0767067,"score_random_forest":0.0582464,"score_logistic_regression":0.3184432,"score_fuzzy_knn_k29":0.0306758},"geometry":{"type":"Polygon","coordinates":[[[-69.234288,-9.320194],[-69.2261564,-9.3201992],[-69.2261529,-9.314789],[-69.2342843,-9.3147837],[-69.234288,-9.320194]]]}},{"type":"Feature","id":"AC-Y467-X635","properties":{"id":"AC-Y467-X635","grid_x":635,"grid_y":467,"centroid":[-69.2220889,-9.3174966],"aggregation":"none","score_gradboost":0.0662001,"score_random_forest":0.0701985,"score_logistic_regression":0.335737,"score_fuzzy_knn_k29":0.0408723},"geometry":{"type":"Polygon","coordinates":[[[-69.2261564,-9.3201992],[-69.2180248,-9.3202043],[-69.2180215,-9.314794],[-69.2261529,-9.314789],[-69.2261564,-9.3201992]]]}},{"type":"Feature","id":"AC-Y467-X636","properties":{"id":"AC-Y467-X636","grid_x":636,"grid_y":467,"centroid":[-69.2139574,-9.3175016],"aggregation":"none","score_gradboost":0.1256917,"score_random_forest":0.0650813,"score_logistic_regression":0.2667291,"score_fuzzy_knn_k29":0.0993367},"geometry":{"type":"Polygon","coordinates":[[[-69.2180248,-9.3202043],[-69.2098932,-9.3202092],[-69.20989,-9.3147989],[-69.2180215,-9.314794],[-69.2180248,-9.3202043]]]}},{"type":"Feature","id":"AC-Y467-X637","properties":{"id":"AC-Y467-X637","grid_x":637,"grid_y":467,"centroid":[-69.2058259,-9.3175064],"aggregation":"none","score_gradboost":0.1451943,"score_random_forest":0.1352321,"score_logistic_regression":0.2594143,"score_fuzzy_knn_k29":0.2398555},"geometry":{"type":"Polygon","coordinates":[[[-69.2098932,-9.3202092],[-69.2017617,-9.3202139],[-69.2017585,-9.3148036],[-69.20989,-9.3147989],[-69.2098932,-9.3202092]]]}},{"type":"Feature","id":"AC-Y467-X638","properties":{"id":"AC-Y467-X638","grid_x":638,"grid_y":467,"centroid":[-69.1976943,-9.317511],"aggregation":"none","score_gradboost":0.0909748,"score_random_forest":0.0744605,"score_logistic_regression":0.2911857,"score_fuzzy_knn_k29":0.2258285},"geometry":{"type":"Polygon","coordinates":[[[-69.2017617,-9.3202139],[-69.1936301,-9.3202184],[-69.1936271,-9.3148081],[-69.2017585,-9.3148036],[-69.2017617,-9.3202139]]]}},{"type":"Feature","id":"AC-Y467-X639","properties":{"id":"AC-Y467-X639","grid_x":639,"grid_y":467,"centroid":[-69.1895628,-9.3175154],"aggregation":"none","score_gradboost":0.081113,"score_random_forest":0.0871238,"score_logistic_regression":0.3295204,"score_fuzzy_knn_k29":0.1373669},"geometry":{"type":"Polygon","coordinates":[[[-69.1936301,-9.3202184],[-69.1854985,-9.3202227],[-69.1854956,-9.3148124],[-69.1936271,-9.3148081],[-69.1936301,-9.3202184]]]}},{"type":"Feature","id":"AC-Y467-X640","properties":{"id":"AC-Y467-X640","grid_x":640,"grid_y":467,"centroid":[-69.1814313,-9.3175197],"aggregation":"none","score_gradboost":0.0672484,"score_random_forest":0.080187,"score_logistic_regression":0.3392391,"score_fuzzy_knn_k29":0.1207243},"geometry":{"type":"Polygon","coordinates":[[[-69.1854985,-9.3202227],[-69.1773669,-9.3202269],[-69.1773642,-9.3148166],[-69.1854956,-9.3148124],[-69.1854985,-9.3202227]]]}},{"type":"Feature","id":"AC-Y467-X641","properties":{"id":"AC-Y467-X641","grid_x":641,"grid_y":467,"centroid":[-69.1732998,-9.3175237],"aggregation":"none","score_gradboost":0.0256671,"score_random_forest":0.0119452,"score_logistic_regression":0.3231207,"score_fuzzy_knn_k29":0.0922607},"geometry":{"type":"Polygon","coordinates":[[[-69.1773669,-9.3202269],[-69.1692353,-9.3202308],[-69.1692327,-9.3148205],[-69.1773642,-9.3148166],[-69.1773669,-9.3202269]]]}},{"type":"Feature","id":"AC-Y467-X642","properties":{"id":"AC-Y467-X642","grid_x":642,"grid_y":467,"centroid":[-69.1651682,-9.3175276],"aggregation":"none","score_gradboost":0.0801616,"score_random_forest":0.0629323,"score_logistic_regression":0.2212656,"score_fuzzy_knn_k29":0.0141419},"geometry":{"type":"Polygon","coordinates":[[[-69.1692353,-9.3202308],[-69.1611037,-9.3202346],[-69.1611012,-9.3148243],[-69.1692327,-9.3148205],[-69.1692353,-9.3202308]]]}},{"type":"Feature","id":"AC-Y467-X643","properties":{"id":"AC-Y467-X643","grid_x":643,"grid_y":467,"centroid":[-69.1570367,-9.3175313],"aggregation":"none","score_gradboost":0.0217376,"score_random_forest":0.009885,"score_logistic_regression":0.3083296,"score_fuzzy_knn_k29":0.0},"geometry":{"type":"Polygon","coordinates":[[[-69.1611037,-9.3202346],[-69.1529721,-9.3202382],[-69.1529697,-9.3148279],[-69.1611012,-9.3148243],[-69.1611037,-9.3202346]]]}},{"type":"Feature","id":"AC-Y467-X644","properties":{"id":"AC-Y467-X644","grid_x":644,"grid_y":467,"centroid":[-69.1489051,-9.3175347],"aggregation":"none","score_gradboost":0.0219843,"score_random_forest":0.0239158,"score_logistic_regression":0.2618022,"score_fuzzy_knn_k29":0.0},"geometry":{"type":"Polygon","coordinates":[[[-69.1529721,-9.3202382],[-69.1448405,-9.3202416],[-69.1448382,-9.3148313],[-69.1529697,-9.3148279],[-69.1529721,-9.3202382]]]}},{"type":"Feature","id":"AC-Y467-X645","properties":{"id":"AC-Y467-X645","grid_x":645,"grid_y":467,"centroid":[-69.1407736,-9.3175381],"aggregation":"none","score_gradboost":0.0244978,"score_random_forest":0.0220268,"score_logistic_regression":0.2817444,"score_fuzzy_knn_k29":0.0},"geometry":{"type":"Polygon","coordinates":[[[-69.1448405,-9.3202416],[-69.1367089,-9.3202448],[-69.1367068,-9.3148345],[-69.1448382,-9.3148313],[-69.1448405,-9.3202416]]]}},{"type":"Feature","id":"AC-Y467-X646","properties":{"id":"AC-Y467-X646","grid_x":646,"grid_y":467,"centroid":[-69.132642,-9.3175412],"aggregation":"none","score_gradboost":0.0232895,"score_random_forest":0.0140056,"score_logistic_regression":0.3718867,"score_fuzzy_knn_k29":0.0},"geometry":{"type":"Polygon","coordinates":[[[-69.1367089,-9.3202448],[-69.1285772,-9.3202478],[-69.1285753,-9.3148375],[-69.1367068,-9.3148345],[-69.1367089,-9.3202448]]]}},{"type":"Feature","id":"AC-Y467-X647","properties":{"id":"AC-Y467-X647","grid_x":647,"grid_y":467,"centroid":[-69.1245105,-9.3175441],"aggregation":"none","score_gradboost":0.0155361,"score_random_forest":0.0185493,"score_logistic_regression":0.3779436,"score_fuzzy_knn_k29":0.0212363},"geometry":{"type":"Polygon","coordinates":[[[-69.1285772,-9.3202478],[-69.1204456,-9.3202507],[-69.1204438,-9.3148404],[-69.1285753,-9.3148375],[-69.1285772,-9.3202478]]]}},{"type":"Feature","id":"AC-Y468-X634","properties":{"id":"AC-Y468-X634","grid_x":634,"grid_y":468,"centroid":[-69.2302169,-9.3120812],"aggregation":"none","score_gradboost":0.1389503,"score_random_forest":0.1101632,"score_logistic_regression":0.2598252,"score_fuzzy_knn_k29":0.1096727},"geometry":{"type":"Polygon","coordinates":[[[-69.2342843,-9.3147837],[-69.2261529,-9.314789],[-69.2261494,-9.3093787],[-69.2342807,-9.3093734],[-69.2342843,-9.3147837]]]}},{"type":"Feature","id":"AC-Y468-X635","properties":{"id":"AC-Y468-X635","grid_x":635,"grid_y":468,"centroid":[-69.2220855,-9.3120864],"aggregation":"none","score_gradboost":0.0709024,"score_random_forest":0.0494251,"score_logistic_regression":0.3333863,"score_fuzzy_knn_k29":0.0159443},"geometry":{"type":"Polygon","coordinates":[[[-69.2261529,-9.314789],[-69.2180215,-9.314794],[-69.2180181,-9.3093838],[-69.2261494,-9.3093787],[-69.2261529,-9.314789]]]}},{"type":"Feature","id":"AC-Y468-X636","properties":{"id":"AC-Y468-X636","grid_x":636,"grid_y":468,"centroid":[-69.2139541,-9.3120914],"aggregation":"none","score_gradboost":0.0904718,"score_random_forest":0.0534393,"score_logistic_regression":0.3026217,"score_fuzzy_knn_k29":0.0612459},"geometry":{"type":"Polygon","coordinates":[[[-69.2180215,-9.314794],[-69.20989,-9.3147989],[-69.2098868,-9.3093886],[-69.2180181,-9.3093838],[-69.2180215,-9.314794]]]}},{"type":"Feature","id":"AC-Y468-X637","properties":{"id":"AC-Y468-X637","grid_x":637,"grid_y":468,"centroid":[-69.2058227,-9.3120961],"aggregation":"none","score_gradboost":0.0937056,"score_random_forest":0.0455026,"score_logistic_regression":0.2876311,"score_fuzzy_knn_k29":0.1102048},"geometry":{"type":"Polygon","coordinates":[[[-69.20989,-9.3147989],[-69.2017585,-9.3148036],[-69.2017554,-9.3093933],[-69.2098868,-9.3093886],[-69.20989,-9.3147989]]]}},{"type":"Feature","id":"AC-Y468-X638","properties":{"id":"AC-Y468-X638","grid_x":638,"grid_y":468,"centroid":[-69.1976913,-9.3121007],"aggregation":"none","score_gradboost":0.1729227,"score_random_forest":0.2248112,"score_logistic_regression":0.2469335,"score_fuzzy_knn_k29":0.3979288},"geometry":{"type":"Polygon","coordinates":[[[-69.2017585,-9.3148036],[-69.1936271,-9.3148081],[-69.1936241,-9.3093978],[-69.2017554,-9.3093933],[-69.2017585,-9.3148036]]]}},{"type":"Feature","id":"AC-Y468-X639","properties":{"id":"AC-Y468-X639","grid_x":639,"grid_y":468,"centroid":[-69.1895599,-9.3121052],"aggregation":"none","score_gradboost":0.0909528,"score_random_forest":0.2145212,"score_logistic_regression":0.2662474,"score_fuzzy_knn_k29":0.2939435},"geometry":{"type":"Polygon","coordinates":[[[-69.1936271,-9.3148081],[-69.1854956,-9.3148124],[-69.1854928,-9.3094022],[-69.1936241,-9.3093978],[-69.1936271,-9.3148081]]]}},{"type":"Feature","id":"AC-Y468-X640","properties":{"id":"AC-Y468-X640","grid_x":640,"grid_y":468,"centroid":[-69.1814285,-9.3121094],"aggregation":"none","score_gradboost":0.0586813,"score_random_forest":0.0792723,"score_logistic_regression":0.3026581,"score_fuzzy_knn_k29":0.0},"geometry":{"type":"Polygon","coordinates":[[[-69.1854956,-9.3148124],[-69.1773642,-9.3148166],[-69.1773614,-9.3094063],[-69.1854928,-9.3094022],[-69.1854956,-9.3148124]]]}},{"type":"Feature","id":"AC-Y468-X641","properties":{"id":"AC-Y468-X641","grid_x":641,"grid_y":468,"centroid":[-69.1732971,-9.3121134],"aggregation":"none","score_gradboost":0.0373797,"score_random_forest":0.0167485,"score_logistic_regression":0.2795982,"score_fuzzy_knn_k29":0.0535272},"geometry":{"type":"Polygon","coordinates":[[[-69.1773642,-9.3148166],[-69.1692327,-9.3148205],[-69.1692301,-9.3094102],[-69.1773614,-9.3094063],[-69.1773642,-9.3148166]]]}},{"type":"Feature","id":"AC-Y468-X642","properties":{"id":"AC-Y468-X642","grid_x":642,"grid_y":468,"centroid":[-69.1651657,-9.3121173],"aggregation":"none","score_gradboost":0.0828685,"score_random_forest":0.0292243,"score_logistic_regression":0.2689054,"score_fuzzy_knn_k29":0.0153341},"geometry":{"type":"Polygon","coordinates":[[[-69.1692327,-9.3148205],[-69.1611012,-9.3148243],[-69.1610987,-9.309414],[-69.1692301,-9.3094102],[-69.1692327,-9.3148205]]]}},{"type":"Feature","id":"AC-Y468-X643","properties":{"id":"AC-Y468-X643","grid_x":643,"grid_y":468,"centroid":[-69.1570343,-9.312121],"aggregation":"none","score_gradboost":0.0254221,"score_random_forest":0.0071636,"score_logistic_regression":0.3221641,"score_fuzzy_knn_k29":0.0},"geometry":{"type":"Polygon","coordinates":[[[-69.1611012,-9.3148243],[-69.1529697,-9.3148279],[-69.1529674,-9.3094176],[-69.1610987,-9.309414],[-69.1611012,-9.3148243]]]}},{"type":"Feature","id":"AC-Y468-X644","properties":{"id":"AC-Y468-X644","grid_x":644,"grid_y":468,"centroid":[-69.1489028,-9.3121245],"aggregation":"none","score_gradboost":0.0252185,"score_random_forest":0.0198766,"score_logistic_regression":0.27055,"score_fuzzy_knn_k29":0.0},"geometry":{"type":"Polygon","coordinates":[[[-69.1529697,-9.3148279],[-69.1448382,-9.3148313],[-69.144836,-9.309421],[-69.1529674,-9.3094176],[-69.1529697,-9.3148279]]]}},{"type":"Feature","id":"AC-Y468-X645","properties":{"id":"AC-Y468-X645","grid_x":645,"grid_y":468,"centroid":[-69.1407714,-9.3121278],"aggregation":"none","score_gradboost":0.0242023,"score_random_forest":0.0145363,"score_logistic_regression":0.3243362,"score_fuzzy_knn_k29":0.0},"geometry":{"type":"Polygon","coordinates":[[[-69.1448382,-9.3148313],[-69.1367068,-9.3148345],[-69.1367047,-9.3094242],[-69.144836,-9.309421],[-69.1448382,-9.3148313]]]}},{"type":"Feature","id":"AC-Y468-X646","properties":{"id":"AC-Y468-X646","grid_x":646,"grid_y":468,"centroid":[-69.13264,-9.3121309],"aggregation":"none","score_gradboost":0.0265862,"score_random_forest":0.0216703,"score_logistic_regression":0.3215246,"score_fuzzy_knn_k29":0.0142337},"geometry":{"type":"Polygon","coordinates":[[[-69.1367068,-9.3148345],[-69.1285753,-9.3148375],[-69.1285733,-9.3094272],[-69.1367047,-9.3094242],[-69.1367068,-9.3148345]]]}},{"type":"Feature","id":"AC-Y468-X647","properties":{"id":"AC-Y468-X647","grid_x":647,"grid_y":468,"centroid":[-69.1245086,-9.3121338],"aggregation":"none","score_gradboost":0.0207237,"score_random_forest":0.0186676,"score_logistic_regression":0.3444761,"score_fuzzy_knn_k29":0.0018556},"geometry":{"type":"Polygon","coordinates":[[[-69.1285753,-9.3148375],[-69.1204438,-9.3148404],[-69.1204419,-9.3094301],[-69.1285733,-9.3094272],[-69.1285753,-9.3148375]]]}},{"type":"Feature","id":"AC-Y468-X648","properties":{"id":"AC-Y468-X648","grid_x":648,"grid_y":468,"centroid":[-69.1163771,-9.3121366],"aggregation":"none","score_gradboost":0.0243566,"score_random_forest":0.0179389,"score_logistic_regression":0.3285656,"score_fuzzy_knn_k29":0.1046033},"geometry":{"type":"Polygon","coordinates":[[[-69.1204438,-9.3148404],[-69.1123123,-9.314843],[-69.1123106,-9.3094327],[-69.1204419,-9.3094301],[-69.1204438,-9.3148404]]]}},{"type":"Feature","id":"AC-Y469-X634","properties":{"id":"AC-Y469-X634","grid_x":634,"grid_y":469,"centroid":[-69.2302133,-9.306671],"aggregation":"none","score_gradboost":0.1115734,"score_random_forest":0.1020878,"score_logistic_regression":0.3086131,"score_fuzzy_knn_k29":0.0469828},"geometry":{"type":"Polygon","coordinates":[[[-69.2342807,-9.3093734],[-69.2261494,-9.3093787],[-69.2261459,-9.3039684],[-69.2342771,-9.3039632],[-69.2342807,-9.3093734]]]}},{"type":"Feature","id":"AC-Y469-X635","properties":{"id":"AC-Y469-X635","grid_x":635,"grid_y":469,"centroid":[-69.2220821,-9.3066761],"aggregation":"none","score_gradboost":0.0728003,"score_random_forest":0.0391507,"score_logistic_regression":0.3038615,"score_fuzzy_knn_k29":0.0498073},"geometry":{"type":"Polygon","coordinates":[[[-69.2261494,-9.3093787],[-69.2180181,-9.3093838],[-69.2180148,-9.3039735],[-69.226146,-9.3039684],[-69.2261494,-9.3093787]]]}},{"type":"Feature","id":"AC-Y469-X636","properties":{"id":"AC-Y469-X636","grid_x":636,"grid_y":469,"centroid":[-69.2139508,-9.3066811],"aggregation":"none","score_gradboost":0.073236,"score_random_forest":0.0328199,"score_logistic_regression":0.2800962,"score_fuzzy_knn_k29":0.0784029},"geometry":{"type":"Polygon","coordinates":[[[-69.2180181,-9.3093838],[-69.2098868,-9.3093886],[-69.2098835,-9.3039784],[-69.2180148,-9.3039735],[-69.2180181,-9.3093838]]]}},{"type":"Feature","id":"AC-Y469-X637","properties":{"id":"AC-Y469-X637","grid_x":637,"grid_y":469,"centroid":[-69.2058195,-9.3066859],"aggregation":"none","score_gradboost":0.1013377,"score_random_forest":0.078088,"score_logistic_regression":0.2582564,"score_fuzzy_knn_k29":0.19708},"geometry":{"type":"Polygon","coordinates":[[[-69.2098868,-9.3093886],[-69.2017554,-9.3093933],[-69.2017523,-9.3039831],[-69.2098835,-9.3039784],[-69.2098868,-9.3093886]]]}},{"type":"Feature","id":"AC-Y469-X638","properties":{"id":"AC-Y469-X638","grid_x":638,"grid_y":469,"centroid":[-69.1976883,-9.3066905],"aggregation":"none","score_gradboost":0.0909748,"score_random_forest":0.0764165,"score_logistic_regression":0.2861383,"score_fuzzy_knn_k29":0.2245906},"geometry":{"type":"Polygon","coordinates":[[[-69.2017554,-9.3093933],[-69.1936241,-9.3093978],[-69.1936211,-9.3039876],[-69.2017523,-9.3039831],[-69.2017554,-9.3093933]]]}},{"type":"Feature","id":"AC-Y469-X639","properties":{"id":"AC-Y469-X639","grid_x":639,"grid_y":469,"centroid":[-69.189557,-9.3066949],"aggregation":"none","score_gradboost":0.0755193,"score_random_forest":0.0979544,"score_logistic_regression":0.324151,"score_fuzzy_knn_k29":0.11787},"geometry":{"type":"Polygon","coordinates":[[[-69.1936241,-9.3093978],[-69.1854928,-9.3094022],[-69.1854899,-9.3039919],[-69.1936211,-9.3039876],[-69.1936241,-9.3093978]]]}},{"type":"Feature","id":"AC-Y469-X640","properties":{"id":"AC-Y469-X640","grid_x":640,"grid_y":469,"centroid":[-69.1814257,-9.3066991],"aggregation":"none","score_gradboost":0.0586813,"score_random_forest":0.085517,"score_logistic_regression":0.2921211,"score_fuzzy_knn_k29":0.0506983},"geometry":{"type":"Polygon","coordinates":[[[-69.1854928,-9.3094022],[-69.1773614,-9.3094063],[-69.1773587,-9.303996],[-69.1854899,-9.3039919],[-69.1854928,-9.3094022]]]}},{"type":"Feature","id":"AC-Y469-X641","properties":{"id":"AC-Y469-X641","grid_x":641,"grid_y":469,"centroid":[-69.1732944,-9.3067032],"aggregation":"none","score_gradboost":0.0261679,"score_random_forest":0.0119452,"score_logistic_regression":0.3177373,"score_fuzzy_knn_k29":0.0925903},"geometry":{"type":"Polygon","coordinates":[[[-69.1773614,-9.3094063],[-69.1692301,-9.3094102],[-69.1692275,-9.304],[-69.1773587,-9.303996],[-69.1773614,-9.3094063]]]}},{"type":"Feature","id":"AC-Y469-X642","properties":{"id":"AC-Y469-X642","grid_x":642,"grid_y":469,"centroid":[-69.1651631,-9.306707],"aggregation":"none","score_gradboost":0.0846909,"score_random_forest":0.0295178,"score_logistic_regression":0.2704192,"score_fuzzy_knn_k29":0.0148468},"geometry":{"type":"Polygon","coordinates":[[[-69.1692301,-9.3094102],[-69.1610987,-9.309414],[-69.1610963,-9.3040037],[-69.1692275,-9.304],[-69.1692301,-9.3094102]]]}},{"type":"Feature","id":"AC-Y469-X643","properties":{"id":"AC-Y469-X643","grid_x":643,"grid_y":469,"centroid":[-69.1570318,-9.3067107],"aggregation":"none","score_gradboost":0.0254221,"score_random_forest":0.0074736,"score_logistic_regression":0.3196647,"score_fuzzy_knn_k29":0.0},"geometry":{"type":"Polygon","coordinates":[[[-69.1610987,-9.309414],[-69.1529674,-9.3094176],[-69.152965,-9.3040073],[-69.1610963,-9.3040037],[-69.1610987,-9.309414]]]}},{"type":"Feature","id":"AC-Y469-X644","properties":{"id":"AC-Y469-X644","grid_x":644,"grid_y":469,"centroid":[-69.1489006,-9.3067142],"aggregation":"none","score_gradboost":0.0165908,"score_random_forest":0.0029176,"score_logistic_regression":0.3339146,"score_fuzzy_knn_k29":0.0},"geometry":{"type":"Polygon","coordinates":[[[-69.1529674,-9.3094176],[-69.144836,-9.309421],[-69.1448338,-9.3040107],[-69.152965,-9.3040073],[-69.1529674,-9.3094176]]]}},{"type":"Feature","id":"AC-Y469-X645","properties":{"id":"AC-Y469-X645","grid_x":645,"grid_y":469,"centroid":[-69.1407693,-9.3067175],"aggregation":"none","score_gradboost":0.0252145,"score_random_forest":0.0209606,"score_logistic_regression":0.2777821,"score_fuzzy_knn_k29":0.0},"geometry":{"type":"Polygon","coordinates":[[[-69.144836,-9.309421],[-69.1367047,-9.3094242],[-69.1367026,-9.3040139],[-69.1448338,-9.3040107],[-69.144836,-9.309421]]]}},{"type":"Feature","id":"AC-Y469-X646","properties":{"id":"AC-Y469-X646","grid_x":646,"grid_y":469,"centroid":[-69.132638,-9.3067206],"aggregation":"none","score_gradboost":0.025146,"score_random_forest":0.0176815,"score_logistic_regression":0.3498957,"score_fuzzy_knn_k29":0.0},"geometry":{"type":"Polygon","coordinates":[[[-69.1367047,-9.3094242],[-69.1285733,-9.3094272],[-69.1285713,-9.3040169],[-69.1367026,-9.3040139],[-69.1367047,-9.3094242]]]}},{"type":"Feature","id":"AC-Y469-X647","properties":{"id":"AC-Y469-X647","grid_x":647,"grid_y":469,"centroid":[-69.1245067,-9.3067235],"aggregation":"none","score_gradboost":0.0198167,"score_random_forest":0.0130193,"score_logistic_regression":0.3469089,"score_fuzzy_knn_k29":0.0},"geometry":{"type":"Polygon","coordinates":[[[-69.1285733,-9.3094272],[-69.1204419,-9.3094301],[-69.1204401,-9.3040198],[-69.1285713,-9.3040169],[-69.1285733,-9.3094272]]]}},{"type":"Feature","id":"AC-Y469-X648","properties":{"id":"AC-Y469-X648","grid_x":648,"grid_y":469,"centroid":[-69.1163753,-9.3067263],"aggregation":"none","score_gradboost":0.0185129,"score_random_forest":0.0104561,"score_logistic_regression":0.3934871,"score_fuzzy_knn_k29":0.088609},"geometry":{"type":"Polygon","coordinates":[[[-69.1204419,-9.3094301],[-69.1123106,-9.3094327],[-69.1123088,-9.3040224],[-69.1204401,-9.3040198],[-69.1204419,-9.3094301]]]}},{"type":"Feature","id":"AC-Y470-X634","properties":{"id":"AC-Y470-X634","grid_x":634,"grid_y":470,"centroid":[-69.2302098,-9.3012607],"aggregation":"none","score_gradboost":0.0831628,"score_random_forest":0.0370895,"score_logistic_regression":0.2967994,"score_fuzzy_knn_k29":0.0576883},"geometry":{"type":"Polygon","coordinates":[[[-69.2342771,-9.3039632],[-69.2261459,-9.3039684],[-69.2261425,-9.2985582],[-69.2342735,-9.2985529],[-69.2342771,-9.3039632]]]}},{"type":"Feature","id":"AC-Y470-X635","properties":{"id":"AC-Y470-X635","grid_x":635,"grid_y":470,"centroid":[-69.2220786,-9.3012658],"aggregation":"none","score_gradboost":0.0854332,"score_random_forest":0.0770093,"score_logistic_regression":0.3333939,"score_fuzzy_knn_k29":0.0394895},"geometry":{"type":"Polygon","coordinates":[[[-69.226146,-9.3039684],[-69.2180148,-9.3039735],[-69.2180114,-9.2985632],[-69.2261425,-9.2985582],[-69.226146,-9.3039684]]]}},{"type":"Feature","id":"AC-Y470-X636","properties":{"id":"AC-Y470-X636","grid_x":636,"grid_y":470,"centroid":[-69.2139475,-9.3012708],"aggregation":"none","score_gradboost":0.1058531,"score_random_forest":0.0588235,"score_logistic_regression":0.3298284,"score_fuzzy_knn_k29":0.0395566},"geometry":{"type":"Polygon","coordinates":[[[-69.2180148,-9.3039735],[-69.2098835,-9.3039784],[-69.2098803,-9.2985681],[-69.2180114,-9.2985632],[-69.2180148,-9.3039735]]]}},{"type":"Feature","id":"AC-Y470-X637","properties":{"id":"AC-Y470-X637","grid_x":637,"grid_y":470,"centroid":[-69.2058164,-9.3012756],"aggregation":"none","score_gradboost":0.1013377,"score_random_forest":0.089589,"score_logistic_regression":0.2557199,"score_fuzzy_knn_k29":0.2104903},"geometry":{"type":"Polygon","coordinates":[[[-69.2098835,-9.3039784],[-69.2017523,-9.3039831],[-69.2017492,-9.2985728],[-69.2098803,-9.2985681],[-69.2098835,-9.3039784]]]}},{"type":"Feature","id":"AC-Y470-X639","properties":{"id":"AC-Y470-X639","grid_x":639,"grid_y":470,"centroid":[-69.1895541,-9.3012846],"aggregation":"none","score_gradboost":0.0723871,"score_random_forest":0.0919673,"score_logistic_regression":0.3395244,"score_fuzzy_knn_k29":0.1063806},"geometry":{"type":"Polygon","coordinates":[[[-69.1936211,-9.3039876],[-69.1854899,-9.3039919],[-69.1854871,-9.2985816],[-69.1936182,-9.2985773],[-69.1936211,-9.3039876]]]}},{"type":"Feature","id":"AC-Y470-X640","properties":{"id":"AC-Y470-X640","grid_x":640,"grid_y":470,"centroid":[-69.1814229,-9.3012888],"aggregation":"none","score_gradboost":0.0641877,"score_random_forest":0.091483,"score_logistic_regression":0.278448,"score_fuzzy_knn_k29":0.1140464},"geometry":{"type":"Polygon","coordinates":[[[-69.1854899,-9.3039919],[-69.1773587,-9.303996],[-69.177356,-9.2985857],[-69.1854871,-9.2985816],[-69.1854899,-9.3039919]]]}},{"type":"Feature","id":"AC-Y470-X641","properties":{"id":"AC-Y470-X641","grid_x":641,"grid_y":470,"centroid":[-69.1732918,-9.3012929],"aggregation":"none","score_gradboost":0.0364386,"score_random_forest":0.0238446,"score_logistic_regression":0.2527785,"score_fuzzy_knn_k29":0.0716268},"geometry":{"type":"Polygon","coordinates":[[[-69.1773587,-9.303996],[-69.1692275,-9.304],[-69.1692249,-9.2985897],[-69.177356,-9.2985857],[-69.1773587,-9.303996]]]}},{"type":"Feature","id":"AC-Y470-X642","properties":{"id":"AC-Y470-X642","grid_x":642,"grid_y":470,"centroid":[-69.1651606,-9.3012967],"aggregation":"none","score_gradboost":0.0573058,"score_random_forest":0.0120637,"score_logistic_regression":0.304401,"score_fuzzy_knn_k29":0.0},"geometry":{"type":"Polygon","coordinates":[[[-69.1692275,-9.304],[-69.1610963,-9.3040037],[-69.1610938,-9.2985934],[-69.1692249,-9.2985897],[-69.1692275,-9.304]]]}},{"type":"Feature","id":"AC-Y470-X643","properties":{"id":"AC-Y470-X643","grid_x":643,"grid_y":470,"centroid":[-69.1570294,-9.3013004],"aggregation":"none","score_gradboost":0.0365858,"score_random_forest":0.0188062,"score_logistic_regression":0.2855717,"score_fuzzy_knn_k29":0.0},"geometry":{"type":"Polygon","coordinates":[[[-69.1610963,-9.3040037],[-69.152965,-9.3040073],[-69.1529627,-9.298597],[-69.1610938,-9.2985934],[-69.1610963,-9.3040037]]]}},{"type":"Feature","id":"AC-Y470-X644","properties":{"id":"AC-Y470-X644","grid_x":644,"grid_y":470,"centroid":[-69.1488983,-9.3013039],"aggregation":"none","score_gradboost":0.0217376,"score_random_forest":0.0116598,"score_logistic_regression":0.3112353,"score_fuzzy_knn_k29":0.0},"geometry":{"type":"Polygon","coordinates":[[[-69.152965,-9.3040073],[-69.1448338,-9.3040107],[-69.1448316,-9.2986004],[-69.1529627,-9.298597],[-69.152965,-9.3040073]]]}},{"type":"Feature","id":"AC-Y470-X645","properties":{"id":"AC-Y470-X645","grid_x":645,"grid_y":470,"centroid":[-69.1407671,-9.3013072],"aggregation":"none","score_gradboost":0.0324772,"score_random_forest":0.0273399,"score_logistic_regression":0.2573847,"score_fuzzy_knn_k29":0.0},"geometry":{"type":"Polygon","coordinates":[[[-69.1448338,-9.3040107],[-69.1367026,-9.3040139],[-69.1367005,-9.2986036],[-69.1448316,-9.2986004],[-69.1448338,-9.3040107]]]}},{"type":"Feature","id":"AC-Y470-X646","properties":{"id":"AC-Y470-X646","grid_x":646,"grid_y":470,"centroid":[-69.1326359,-9.3013103],"aggregation":"none","score_gradboost":0.0332567,"score_random_forest":0.0316945,"score_logistic_regression":0.2854055,"score_fuzzy_knn_k29":0.0},"geometry":{"type":"Polygon","coordinates":[[[-69.1367026,-9.3040139],[-69.1285713,-9.3040169],[-69.1285693,-9.2986066],[-69.1367005,-9.2986036],[-69.1367026,-9.3040139]]]}},{"type":"Feature","id":"AC-Y470-X647","properties":{"id":"AC-Y470-X647","grid_x":647,"grid_y":470,"centroid":[-69.1245047,-9.3013132],"aggregation":"none","score_gradboost":0.0241472,"score_random_forest":0.0229977,"score_logistic_regression":0.2946119,"score_fuzzy_knn_k29":0.0443861},"geometry":{"type":"Polygon","coordinates":[[[-69.1285713,-9.3040169],[-69.1204401,-9.3040198],[-69.1204382,-9.2986095],[-69.1285693,-9.2986066],[-69.1285713,-9.3040169]]]}},{"type":"Feature","id":"AC-Y470-X648","properties":{"id":"AC-Y470-X648","grid_x":648,"grid_y":470,"centroid":[-69.1163736,-9.301316],"aggregation":"none","score_gradboost":0.0192125,"score_random_forest":0.0159081,"score_logistic_regression":0.3823658,"score_fuzzy_knn_k29":0.0750861},"geometry":{"type":"Polygon","coordinates":[[[-69.1204401,-9.3040198],[-69.1123088,-9.3040224],[-69.1123071,-9.2986121],[-69.1204382,-9.2986095],[-69.1204401,-9.3040198]]]}},{"type":"Feature","id":"AC-Y471-X634","properties":{"id":"AC-Y471-X634","grid_x":634,"grid_y":471,"centroid":[-69.2302062,-9.2958504],"aggregation":"none","score_gradboost":0.1284648,"score_random_forest":0.0591763,"score_logistic_regression":0.266282,"score_fuzzy_knn_k29":0.0936669},"geometry":{"type":"Polygon","coordinates":[[[-69.2342735,-9.2985529],[-69.2261425,-9.2985582],[-69.226139,-9.2931479],[-69.2342699,-9.2931427],[-69.2342735,-9.2985529]]]}},{"type":"Feature","id":"AC-Y471-X635","properties":{"id":"AC-Y471-X635","grid_x":635,"grid_y":471,"centroid":[-69.2220752,-9.2958556],"aggregation":"none","score_gradboost":0.0835,"score_random_forest":0.069423,"score_logistic_regression":0.3330546,"score_fuzzy_knn_k29":0.0416736},"geometry":{"type":"Polygon","coordinates":[[[-69.2261425,-9.2985582],[-69.2180114,-9.2985632],[-69.2180081,-9.2931529],[-69.226139,-9.2931479],[-69.2261425,-9.2985582]]]}},{"type":"Feature","id":"AC-Y471-X636","properties":{"id":"AC-Y471-X636","grid_x":636,"grid_y":471,"centroid":[-69.2139442,-9.2958605],"aggregation":"none","score_gradboost":0.077436,"score_random_forest":0.045562,"score_logistic_regression":0.3120948,"score_fuzzy_knn_k29":0.0492673},"geometry":{"type":"Polygon","coordinates":[[[-69.2180114,-9.2985632],[-69.2098803,-9.2985681],[-69.2098771,-9.2931578],[-69.2180081,-9.2931529],[-69.2180114,-9.2985632]]]}},{"type":"Feature","id":"AC-Y471-X637","properties":{"id":"AC-Y471-X637","grid_x":637,"grid_y":471,"centroid":[-69.2058132,-9.2958653],"aggregation":"none","score_gradboost":0.1844918,"score_random_forest":0.0957279,"score_logistic_regression":0.2804985,"score_fuzzy_knn_k29":0.1806418},"geometry":{"type":"Polygon","coordinates":[[[-69.2098803,-9.2985681],[-69.2017492,-9.2985728],[-69.2017461,-9.2931625],[-69.2098771,-9.2931578],[-69.2098803,-9.2985681]]]}},{"type":"Feature","id":"AC-Y471-X641","properties":{"id":"AC-Y471-X641","grid_x":641,"grid_y":471,"centroid":[-69.1732891,-9.2958826],"aggregation":"none","score_gradboost":0.0241774,"score_random_forest":0.0055603,"score_logistic_regression":0.3023461,"score_fuzzy_knn_k29":0.0566952},"geometry":{"type":"Polygon","coordinates":[[[-69.177356,-9.2985857],[-69.1692249,-9.2985897],[-69.1692223,-9.2931794],[-69.1773533,-9.2931754],[-69.177356,-9.2985857]]]}},{"type":"Feature","id":"AC-Y471-X642","properties":{"id":"AC-Y471-X642","grid_x":642,"grid_y":471,"centroid":[-69.1651581,-9.2958864],"aggregation":"none","score_gradboost":0.0834921,"score_random_forest":0.0246694,"score_logistic_regression":0.2604184,"score_fuzzy_knn_k29":0.0},"geometry":{"type":"Polygon","coordinates":[[[-69.1692249,-9.2985897],[-69.1610938,-9.2985934],[-69.1610913,-9.2931832],[-69.1692223,-9.2931794],[-69.1692249,-9.2985897]]]}},{"type":"Feature","id":"AC-Y471-X643","properties":{"id":"AC-Y471-X643","grid_x":643,"grid_y":471,"centroid":[-69.157027,-9.2958901],"aggregation":"none","score_gradboost":0.0227304,"score_random_forest":0.0140668,"score_logistic_regression":0.2806696,"score_fuzzy_knn_k29":0.0},"geometry":{"type":"Polygon","coordinates":[[[-69.1610938,-9.2985934],[-69.1529627,-9.298597],[-69.1529603,-9.2931867],[-69.1610913,-9.2931832],[-69.1610938,-9.2985934]]]}},{"type":"Feature","id":"AC-Y471-X644","properties":{"id":"AC-Y471-X644","grid_x":644,"grid_y":471,"centroid":[-69.148896,-9.2958936],"aggregation":"none","score_gradboost":0.0176854,"score_random_forest":0.0114681,"score_logistic_regression":0.3100916,"score_fuzzy_knn_k29":0.0},"geometry":{"type":"Polygon","coordinates":[[[-69.1529627,-9.298597],[-69.1448316,-9.2986004],[-69.1448293,-9.2931901],[-69.1529603,-9.2931867],[-69.1529627,-9.298597]]]}},{"type":"Feature","id":"AC-Y471-X645","properties":{"id":"AC-Y471-X645","grid_x":645,"grid_y":471,"centroid":[-69.1407649,-9.2958969],"aggregation":"none","score_gradboost":0.0247721,"score_random_forest":0.0202627,"score_logistic_regression":0.3071678,"score_fuzzy_knn_k29":0.0},"geometry":{"type":"Polygon","coordinates":[[[-69.1448316,-9.2986004],[-69.1367005,-9.2986036],[-69.1366984,-9.2931933],[-69.1448293,-9.2931901],[-69.1448316,-9.2986004]]]}},{"type":"Feature","id":"AC-Y471-X646","properties":{"id":"AC-Y471-X646","grid_x":646,"grid_y":471,"centroid":[-69.1326339,-9.2959],"aggregation":"none","score_gradboost":0.0318583,"score_random_forest":0.0274678,"score_logistic_regression":0.3042427,"score_fuzzy_knn_k29":0.0145792},"geometry":{"type":"Polygon","coordinates":[[[-69.1367005,-9.2986036],[-69.1285693,-9.2986066],[-69.1285674,-9.2931963],[-69.1366984,-9.2931933],[-69.1367005,-9.2986036]]]}},{"type":"Feature","id":"AC-Y471-X647","properties":{"id":"AC-Y471-X647","grid_x":647,"grid_y":471,"centroid":[-69.1245028,-9.2959029],"aggregation":"none","score_gradboost":0.0249909,"score_random_forest":0.0262189,"score_logistic_regression":0.2890827,"score_fuzzy_knn_k29":0.0444893},"geometry":{"type":"Polygon","coordinates":[[[-69.1285693,-9.2986066],[-69.1204382,-9.2986095],[-69.1204364,-9.2931992],[-69.1285674,-9.2931963],[-69.1285693,-9.2986066]]]}},{"type":"Feature","id":"AC-Y471-X648","properties":{"id":"AC-Y471-X648","grid_x":648,"grid_y":471,"centroid":[-69.1163718,-9.2959057],"aggregation":"none","score_gradboost":0.0192125,"score_random_forest":0.0189372,"score_logistic_regression":0.3797566,"score_fuzzy_knn_k29":0.0732675},"geometry":{"type":"Polygon","coordinates":[[[-69.1204382,-9.2986095],[-69.1123071,-9.2986121],[-69.1123054,-9.2932018],[-69.1204364,-9.2931992],[-69.1204382,-9.2986095]]]}},{"type":"Feature","id":"AC-Y471-X649","properties":{"id":"AC-Y471-X649","grid_x":649,"grid_y":471,"centroid":[-69.1082407,-9.2959082],"aggregation":"none","score_gradboost":0.0136393,"score_random_forest":0.0109899,"score_logistic_regression":0.4034018,"score_fuzzy_knn_k29":0.0922268},"geometry":{"type":"Polygon","coordinates":[[[-69.1123071,-9.2986121],[-69.104176,-9.2986146],[-69.1041744,-9.2932043],[-69.1123054,-9.2932018],[-69.1123071,-9.2986121]]]}},{"type":"Feature","id":"AC-Y472-X635","properties":{"id":"AC-Y472-X635","grid_x":635,"grid_y":472,"centroid":[-69.2220718,-9.2904453],"aggregation":"none","score_gradboost":0.0674759,"score_random_forest":0.0713079,"score_logistic_regression":0.3794649,"score_fuzzy_knn_k29":0.0884345},"geometry":{"type":"Polygon","coordinates":[[[-69.226139,-9.2931479],[-69.2180081,-9.2931529],[-69.2180047,-9.2877427],[-69.2261355,-9.2877376],[-69.226139,-9.2931479]]]}},{"type":"Feature","id":"AC-Y472-X636","properties":{"id":"AC-Y472-X636","grid_x":636,"grid_y":472,"centroid":[-69.2139409,-9.2904503],"aggregation":"none","score_gradboost":0.091887,"score_random_forest":0.0482285,"score_logistic_regression":0.2720961,"score_fuzzy_knn_k29":0.1358926},"geometry":{"type":"Polygon","coordinates":[[[-69.2180081,-9.2931529],[-69.2098771,-9.2931578],[-69.2098739,-9.2877475],[-69.2180047,-9.2877427],[-69.2180081,-9.2931529]]]}},{"type":"Feature","id":"AC-Y472-X643","properties":{"id":"AC-Y472-X643","grid_x":643,"grid_y":472,"centroid":[-69.1570246,-9.2904798],"aggregation":"none","score_gradboost":0.0217376,"score_random_forest":0.0119913,"score_logistic_regression":0.2959172,"score_fuzzy_knn_k29":0.0},"geometry":{"type":"Polygon","coordinates":[[[-69.1610913,-9.2931832],[-69.1529603,-9.2931867],[-69.152958,-9.2877764],[-69.1610888,-9.2877729],[-69.1610913,-9.2931832]]]}},{"type":"Feature","id":"AC-Y472-X644","properties":{"id":"AC-Y472-X644","grid_x":644,"grid_y":472,"centroid":[-69.1488937,-9.2904833],"aggregation":"none","score_gradboost":0.0134848,"score_random_forest":0.0020401,"score_logistic_regression":0.333763,"score_fuzzy_knn_k29":0.0},"geometry":{"type":"Polygon","coordinates":[[[-69.1529603,-9.2931867],[-69.1448293,-9.2931901],[-69.1448271,-9.2877798],[-69.152958,-9.2877764],[-69.1529603,-9.2931867]]]}},{"type":"Feature","id":"AC-Y472-X645","properties":{"id":"AC-Y472-X645","grid_x":645,"grid_y":472,"centroid":[-69.1407628,-9.2904866],"aggregation":"none","score_gradboost":0.0236922,"score_random_forest":0.0146894,"score_logistic_regression":0.3173253,"score_fuzzy_knn_k29":0.0},"geometry":{"type":"Polygon","coordinates":[[[-69.1448293,-9.2931901],[-69.1366984,-9.2931933],[-69.1366963,-9.287783],[-69.1448271,-9.2877798],[-69.1448293,-9.2931901]]]}},{"type":"Feature","id":"AC-Y472-X646","properties":{"id":"AC-Y472-X646","grid_x":646,"grid_y":472,"centroid":[-69.1326318,-9.2904897],"aggregation":"none","score_gradboost":0.0220678,"score_random_forest":0.0172408,"score_logistic_regression":0.3099565,"score_fuzzy_knn_k29":0.0},"geometry":{"type":"Polygon","coordinates":[[[-69.1366984,-9.2931933],[-69.1285674,-9.2931963],[-69.1285654,-9.287786],[-69.1366963,-9.287783],[-69.1366984,-9.2931933]]]}},{"type":"Feature","id":"AC-Y472-X647","properties":{"id":"AC-Y472-X647","grid_x":647,"grid_y":472,"centroid":[-69.1245009,-9.2904926],"aggregation":"none","score_gradboost":0.0213818,"score_random_forest":0.0180008,"score_logistic_regression":0.3110744,"score_fuzzy_knn_k29":0.0122949},"geometry":{"type":"Polygon","coordinates":[[[-69.1285674,-9.2931963],[-69.1204364,-9.2931992],[-69.1204345,-9.2877889],[-69.1285654,-9.287786],[-69.1285674,-9.2931963]]]}},{"type":"Feature","id":"AC-Y472-X648","properties":{"id":"AC-Y472-X648","grid_x":648,"grid_y":472,"centroid":[-69.11637,-9.2904954],"aggregation":"none","score_gradboost":0.0198167,"score_random_forest":0.017697,"score_logistic_regression":0.3590783,"score_fuzzy_knn_k29":0.0540008},"geometry":{"type":"Polygon","coordinates":[[[-69.1204364,-9.2931992],[-69.1123054,-9.2932018],[-69.1123037,-9.2877915],[-69.1204345,-9.2877889],[-69.1204364,-9.2931992]]]}},{"type":"Feature","id":"AC-Y472-X649","properties":{"id":"AC-Y472-X649","grid_x":649,"grid_y":472,"centroid":[-69.1082391,-9.2904979],"aggregation":"none","score_gradboost":0.0185129,"score_random_forest":0.0109521,"score_logistic_regression":0.4004951,"score_fuzzy_knn_k29":0.0785562},"geometry":{"type":"Polygon","coordinates":[[[-69.1123054,-9.2932018],[-69.1041744,-9.2932043],[-69.1041728,-9.287794],[-69.1123037,-9.2877915],[-69.1123054,-9.2932018]]]}},{"type":"Feature","id":"AC-Y473-X635","properties":{"id":"AC-Y473-X635","grid_x":635,"grid_y":473,"centroid":[-69.2220684,-9.285035],"aggregation":"none","score_gradboost":0.0670726,"score_random_forest":0.0586901,"score_logistic_regression":0.3444175,"score_fuzzy_knn_k29":0.0351142},"geometry":{"type":"Polygon","coordinates":[[[-69.2261355,-9.2877376],[-69.2180047,-9.2877427],[-69.2180014,-9.2823324],[-69.2261321,-9.2823274],[-69.2261355,-9.2877376]]]}},{"type":"Feature","id":"AC-Y473-X636","properties":{"id":"AC-Y473-X636","grid_x":636,"grid_y":473,"centroid":[-69.2139377,-9.28504],"aggregation":"none","score_gradboost":0.0777062,"score_random_forest":0.0537457,"score_logistic_regression":0.3378576,"score_fuzzy_knn_k29":0.0334382},"geometry":{"type":"Polygon","coordinates":[[[-69.2180047,-9.2877427],[-69.2098739,-9.2877475],[-69.2098707,-9.2823373],[-69.2180014,-9.2823324],[-69.2180047,-9.2877427]]]}},{"type":"Feature","id":"AC-Y473-X644","properties":{"id":"AC-Y473-X644","grid_x":644,"grid_y":473,"centroid":[-69.1488914,-9.285073],"aggregation":"none","score_gradboost":0.0222089,"score_random_forest":0.0155864,"score_logistic_regression":0.274046,"score_fuzzy_knn_k29":0.0},"geometry":{"type":"Polygon","coordinates":[[[-69.152958,-9.2877764],[-69.1448271,-9.2877798],[-69.1448249,-9.2823695],[-69.1529556,-9.2823661],[-69.152958,-9.2877764]]]}},{"type":"Feature","id":"AC-Y473-X645","properties":{"id":"AC-Y473-X645","grid_x":645,"grid_y":473,"centroid":[-69.1407606,-9.2850763],"aggregation":"none","score_gradboost":0.0180705,"score_random_forest":0.0135707,"score_logistic_regression":0.2907399,"score_fuzzy_knn_k29":0.0},"geometry":{"type":"Polygon","coordinates":[[[-69.1448271,-9.2877798],[-69.1366963,-9.287783],[-69.1366942,-9.2823727],[-69.1448249,-9.2823695],[-69.1448271,-9.2877798]]]}},{"type":"Feature","id":"AC-Y473-X646","properties":{"id":"AC-Y473-X646","grid_x":646,"grid_y":473,"centroid":[-69.1326298,-9.2850794],"aggregation":"none","score_gradboost":0.0178178,"score_random_forest":0.0152338,"score_logistic_regression":0.3509677,"score_fuzzy_knn_k29":0.0},"geometry":{"type":"Polygon","coordinates":[[[-69.1366963,-9.287783],[-69.1285654,-9.287786],[-69.1285634,-9.2823757],[-69.1366942,-9.2823727],[-69.1366963,-9.287783]]]}},{"type":"Feature","id":"AC-Y473-X647","properties":{"id":"AC-Y473-X647","grid_x":647,"grid_y":473,"centroid":[-69.124499,-9.2850823],"aggregation":"none","score_gradboost":0.0172944,"score_random_forest":0.0098219,"score_logistic_regression":0.3738074,"score_fuzzy_knn_k29":0.0},"geometry":{"type":"Polygon","coordinates":[[[-69.1285654,-9.287786],[-69.1204345,-9.2877889],[-69.1204327,-9.2823786],[-69.1285634,-9.2823757],[-69.1285654,-9.287786]]]}},{"type":"Feature","id":"AC-Y473-X648","properties":{"id":"AC-Y473-X648","grid_x":648,"grid_y":473,"centroid":[-69.1163682,-9.2850851],"aggregation":"none","score_gradboost":0.0178191,"score_random_forest":0.0245905,"score_logistic_regression":0.4064138,"score_fuzzy_knn_k29":0.063377},"geometry":{"type":"Polygon","coordinates":[[[-69.1204345,-9.2877889],[-69.1123037,-9.2877915],[-69.1123019,-9.2823812],[-69.1204327,-9.2823786],[-69.1204345,-9.2877889]]]}},{"type":"Feature","id":"AC-Y473-X649","properties":{"id":"AC-Y473-X649","grid_x":649,"grid_y":473,"centroid":[-69.1082374,-9.2850876],"aggregation":"none","score_gradboost":0.0185129,"score_random_forest":0.0109521,"score_logistic_regression":0.3976755,"score_fuzzy_knn_k29":0.0893453},"geometry":{"type":"Polygon","coordinates":[[[-69.1123037,-9.2877915],[-69.1041728,-9.287794],[-69.1041712,-9.2823837],[-69.1123019,-9.2823812],[-69.1123037,-9.2877915]]]}},{"type":"Feature","id":"AC-Y474-X636","properties":{"id":"AC-Y474-X636","grid_x":636,"grid_y":474,"centroid":[-69.2139344,-9.2796297],"aggregation":"none","score_gradboost":0.0718321,"score_random_forest":0.0458335,"score_logistic_regression":0.3568335,"score_fuzzy_knn_k29":0.0261222},"geometry":{"type":"Polygon","coordinates":[[[-69.2180014,-9.2823324],[-69.2098707,-9.2823373],[-69.2098674,-9.276927],[-69.217998,-9.2769221],[-69.2180014,-9.2823324]]]}},{"type":"Feature","id":"AC-Y474-X645","properties":{"id":"AC-Y474-X645","grid_x":645,"grid_y":474,"centroid":[-69.1407585,-9.279666],"aggregation":"none","score_gradboost":0.0180705,"score_random_forest":0.0112476,"score_logistic_regression":0.2930075,"score_fuzzy_knn_k29":0.0},"geometry":{"type":"Polygon","coordinates":[[[-69.1448249,-9.2823695],[-69.1366942,-9.2823727],[-69.1366921,-9.2769624],[-69.1448227,-9.2769592],[-69.1448249,-9.2823695]]]}},{"type":"Feature","id":"AC-Y474-X646","properties":{"id":"AC-Y474-X646","grid_x":646,"grid_y":474,"centroid":[-69.1326278,-9.2796691],"aggregation":"none","score_gradboost":0.0184461,"score_random_forest":0.0215763,"score_logistic_regression":0.3749282,"score_fuzzy_knn_k29":0.0},"geometry":{"type":"Polygon","coordinates":[[[-69.1366942,-9.2823727],[-69.1285634,-9.2823757],[-69.1285615,-9.2769654],[-69.1366921,-9.2769624],[-69.1366942,-9.2823727]]]}},{"type":"Feature","id":"AC-Y474-X647","properties":{"id":"AC-Y474-X647","grid_x":647,"grid_y":474,"centroid":[-69.1244971,-9.279672],"aggregation":"none","score_gradboost":0.0288299,"score_random_forest":0.0227284,"score_logistic_regression":0.305739,"score_fuzzy_knn_k29":0.0154632},"geometry":{"type":"Polygon","coordinates":[[[-69.1285634,-9.2823757],[-69.1204327,-9.2823786],[-69.1204308,-9.2769683],[-69.1285615,-9.2769654],[-69.1285634,-9.2823757]]]}},{"type":"Feature","id":"AC-Y474-X648","properties":{"id":"AC-Y474-X648","grid_x":648,"grid_y":474,"centroid":[-69.1163664,-9.2796748],"aggregation":"none","score_gradboost":0.0155361,"score_random_forest":0.0101933,"score_logistic_regression":0.3849321,"score_fuzzy_knn_k29":0.0023193},"geometry":{"type":"Polygon","coordinates":[[[-69.1204327,-9.2823786],[-69.1123019,-9.2823812],[-69.1123002,-9.2769709],[-69.1204308,-9.2769683],[-69.1204327,-9.2823786]]]}},{"type":"Feature","id":"AC-Y474-X649","properties":{"id":"AC-Y474-X649","grid_x":649,"grid_y":474,"centroid":[-69.1082357,-9.2796773],"aggregation":"none","score_gradboost":0.0189608,"score_random_forest":0.0188512,"score_logistic_regression":0.3720294,"score_fuzzy_knn_k29":0.073326},"geometry":{"type":"Polygon","coordinates":[[[-69.1123019,-9.2823812],[-69.1041712,-9.2823837],[-69.1041696,-9.2769734],[-69.1123002,-9.2769709],[-69.1123019,-9.2823812]]]}},{"type":"Feature","id":"AC-Y475-X646","properties":{"id":"AC-Y475-X646","grid_x":646,"grid_y":475,"centroid":[-69.1326257,-9.2742588],"aggregation":"none","score_gradboost":0.0184461,"score_random_forest":0.0089983,"score_logistic_regression":0.3722579,"score_fuzzy_knn_k29":0.0},"geometry":{"type":"Polygon","coordinates":[[[-69.1366921,-9.2769624],[-69.1285615,-9.2769654],[-69.1285595,-9.2715551],[-69.13669,-9.2715521],[-69.1366921,-9.2769624]]]}},{"type":"Feature","id":"AC-Y475-X647","properties":{"id":"AC-Y475-X647","grid_x":647,"grid_y":475,"centroid":[-69.1244952,-9.2742617],"aggregation":"none","score_gradboost":0.0204834,"score_random_forest":0.0181287,"score_logistic_regression":0.3158185,"score_fuzzy_knn_k29":0.0164312},"geometry":{"type":"Polygon","coordinates":[[[-69.1285615,-9.2769654],[-69.1204308,-9.2769683],[-69.120429,-9.271558],[-69.1285595,-9.2715551],[-69.1285615,-9.2769654]]]}},{"type":"Feature","id":"AC-Y475-X648","properties":{"id":"AC-Y475-X648","grid_x":648,"grid_y":475,"centroid":[-69.1163646,-9.2742645],"aggregation":"none","score_gradboost":0.0220486,"score_random_forest":0.0202842,"score_logistic_regression":0.3596942,"score_fuzzy_knn_k29":0.0},"geometry":{"type":"Polygon","coordinates":[[[-69.1204308,-9.2769683],[-69.1123002,-9.2769709],[-69.1122985,-9.2715606],[-69.120429,-9.271558],[-69.1204308,-9.2769683]]]}},{"type":"Feature","id":"AC-Y475-X649","properties":{"id":"AC-Y475-X649","grid_x":649,"grid_y":475,"centroid":[-69.1082341,-9.274267],"aggregation":"none","score_gradboost":0.0155361,"score_random_forest":0.0134459,"score_logistic_regression":0.3923356,"score_fuzzy_knn_k29":0.061447},"geometry":{"type":"Polygon","coordinates":[[[-69.1123002,-9.2769709],[-69.1041696,-9.2769734],[-69.104168,-9.2715631],[-69.1122985,-9.2715606],[-69.1123002,-9.2769709]]]}},{"type":"Feature","id":"AC-Y476-X647","properties":{"id":"AC-Y476-X647","grid_x":647,"grid_y":476,"centroid":[-69.1244933,-9.2688514],"aggregation":"none","score_gradboost":0.0206422,"score_random_forest":0.01787,"score_logistic_regression":0.3485896,"score_fuzzy_knn_k29":0.0},"geometry":{"type":"Polygon","coordinates":[[[-69.1285595,-9.2715551],[-69.120429,-9.271558],[-69.1204271,-9.2661477],[-69.1285575,-9.2661448],[-69.1285595,-9.2715551]]]}},{"type":"Feature","id":"AC-Y476-X648","properties":{"id":"AC-Y476-X648","grid_x":648,"grid_y":476,"centroid":[-69.1163629,-9.2688542],"aggregation":"none","score_gradboost":0.0278422,"score_random_forest":0.0202842,"score_logistic_regression":0.3538348,"score_fuzzy_knn_k29":0.0},"geometry":{"type":"Polygon","coordinates":[[[-69.120429,-9.271558],[-69.1122985,-9.2715606],[-69.1122968,-9.2661503],[-69.1204271,-9.2661477],[-69.120429,-9.271558]]]}},{"type":"Feature","id":"AC-Y476-X649","properties":{"id":"AC-Y476-X649","grid_x":649,"grid_y":476,"centroid":[-69.1082324,-9.2688567],"aggregation":"none","score_gradboost":0.0266602,"score_random_forest":0.0710853,"score_logistic_regression":0.4333169,"score_fuzzy_knn_k29":0.1761799},"geometry":{"type":"Polygon","coordinates":[[[-69.1122985,-9.2715606],[-69.104168,-9.2715631],[-69.1041664,-9.2661528],[-69.1122968,-9.2661503],[-69.1122985,-9.2715606]]]}},{"type":"Feature","id":"AC-Y477-X648","properties":{"id":"AC-Y477-X648","grid_x":648,"grid_y":477,"centroid":[-69.1163611,-9.2634438],"aggregation":"none","score_gradboost":0.0201434,"score_random_forest":0.0207304,"score_logistic_regression":0.339441,"score_fuzzy_knn_k29":0.0152296},"geometry":{"type":"Polygon","coordinates":[[[-69.1204271,-9.2661477],[-69.1122968,-9.2661503],[-69.1122951,-9.26074],[-69.1204253,-9.2607374],[-69.1204271,-9.2661477]]]}},{"type":"Feature","id":"AC-Y477-X649","properties":{"id":"AC-Y477-X649","grid_x":649,"grid_y":477,"centroid":[-69.1082308,-9.2634464],"aggregation":"none","score_gradboost":0.0211624,"score_random_forest":0.0224425,"score_logistic_regression":0.4123178,"score_fuzzy_knn_k29":0.0494596},"geometry":{"type":"Polygon","coordinates":[[[-69.1122968,-9.2661503],[-69.1041664,-9.2661528],[-69.1041648,-9.2607424],[-69.1122951,-9.26074],[-69.1122968,-9.2661503]]]}},{"type":"Feature","id":"AC-Y478-X648","properties":{"id":"AC-Y478-X648","grid_x":648,"grid_y":478,"centroid":[-69.1163593,-9.2580335],"aggregation":"none","score_gradboost":0.0201434,"score_random_forest":0.0210447,"score_logistic_regression":0.3331318,"score_fuzzy_knn_k29":0.0173321},"geometry":{"type":"Polygon","coordinates":[[[-69.1204253,-9.2607374],[-69.1122951,-9.26074],[-69.1122933,-9.2553297],[-69.1204235,-9.255327],[-69.1204253,-9.2607374]]]}},{"type":"Feature","id":"AC-Y478-X649","properties":{"id":"AC-Y478-X649","grid_x":649,"grid_y":478,"centroid":[-69.1082291,-9.2580361],"aggregation":"none","score_gradboost":0.0289272,"score_random_forest":0.016178,"score_logistic_regression":0.4047698,"score_fuzzy_knn_k29":0.0323074},"geometry":{"type":"Polygon","coordinates":[[[-69.1122951,-9.26074],[-69.1041648,-9.2607424],[-69.1041632,-9.2553321],[-69.1122933,-9.2553297],[-69.1122951,-9.26074]]]}},{"type":"Feature","id":"AC-Y479-X649","properties":{"id":"AC-Y479-X649","grid_x":649,"grid_y":479,"centroid":[-69.1082275,-9.2526258],"aggregation":"none","score_gradboost":0.0299181,"score_random_forest":0.0940305,"score_logistic_regression":0.4445518,"score_fuzzy_knn_k29":0.2053327},"geometry":{"type":"Polygon","coordinates":[[[-69.1122933,-9.2553297],[-69.1041632,-9.2553321],[-69.1041616,-9.2499218],[-69.1122916,-9.2499194],[-69.1122933,-9.2553297]]]}},{"type":"Feature","id":"AC-Y479-X650","properties":{"id":"AC-Y479-X650","grid_x":650,"grid_y":479,"centroid":[-69.1000974,-9.2526281],"aggregation":"none","score_gradboost":0.0200765,"score_random_forest":0.0099144,"score_logistic_regression":0.4062929,"score_fuzzy_knn_k29":0.03952},"geometry":{"type":"Polygon","coordinates":[[[-69.1041632,-9.2553321],[-69.0960331,-9.2553344],[-69.0960316,-9.2499241],[-69.1041616,-9.2499218],[-69.1041632,-9.2553321]]]}},{"type":"Feature","id":"AC-Y480-X650","properties":{"id":"AC-Y480-X650","grid_x":650,"grid_y":480,"centroid":[-69.1000959,-9.2472178],"aggregation":"none","score_gradboost":0.0370537,"score_random_forest":0.0888542,"score_logistic_regression":0.4748182,"score_fuzzy_knn_k29":0.3793384},"geometry":{"type":"Polygon","coordinates":[[[-69.1041616,-9.2499218],[-69.0960316,-9.2499241],[-69.0960302,-9.2445138],[-69.10416,-9.2445115],[-69.1041616,-9.2499218]]]}},{"type":"Feature","id":"AC-Y487-X644","properties":{"id":"AC-Y487-X644","grid_x":644,"grid_y":487,"centroid":[-69.1488596,-9.2093287],"aggregation":"none","score_gradboost":0.2304133,"score_random_forest":0.1456597,"score_logistic_regression":0.4387669,"score_fuzzy_knn_k29":0.1397309},"geometry":{"type":"Polygon","coordinates":[[[-69.1529253,-9.2120322],[-69.1447961,-9.2120355],[-69.1447939,-9.2066252],[-69.1529229,-9.2066218],[-69.1529253,-9.2120322]]]}},{"type":"Feature","id":"AC-Y487-X645","properties":{"id":"AC-Y487-X645","grid_x":645,"grid_y":487,"centroid":[-69.1407305,-9.209332],"aggregation":"none","score_gradboost":0.121465,"score_random_forest":0.115558,"score_logistic_regression":0.4492606,"score_fuzzy_knn_k29":0.1965662},"geometry":{"type":"Polygon","coordinates":[[[-69.1447961,-9.2120355],[-69.136667,-9.2120387],[-69.1366649,-9.2066284],[-69.1447939,-9.2066252],[-69.1447961,-9.2120355]]]}},{"type":"Feature","id":"AC-Y487-X646","properties":{"id":"AC-Y487-X646","grid_x":646,"grid_y":487,"centroid":[-69.1326015,-9.2093351],"aggregation":"none","score_gradboost":0.101438,"score_random_forest":0.1262581,"score_logistic_regression":0.3849205,"score_fuzzy_knn_k29":0.3169089},"geometry":{"type":"Polygon","coordinates":[[[-69.136667,-9.2120387],[-69.1285379,-9.2120417],[-69.1285359,-9.2066314],[-69.1366649,-9.2066284],[-69.136667,-9.2120387]]]}},{"type":"Feature","id":"AC-Y488-X641","properties":{"id":"AC-Y488-X641","grid_x":641,"grid_y":488,"centroid":[-69.1732441,-9.2039075],"aggregation":"none","score_gradboost":0.1184836,"score_random_forest":0.0963235,"score_logistic_regression":0.495326,"score_fuzzy_knn_k29":0.335571},"geometry":{"type":"Polygon","coordinates":[[[-69.1773099,-9.2066107],[-69.1691809,-9.2066146],[-69.1691783,-9.2012043],[-69.1773072,-9.2012004],[-69.1773099,-9.2066107]]]}},{"type":"Feature","id":"AC-Y488-X642","properties":{"id":"AC-Y488-X642","grid_x":642,"grid_y":488,"centroid":[-69.1651152,-9.2039113],"aggregation":"none","score_gradboost":0.1030478,"score_random_forest":0.0902,"score_logistic_regression":0.4606614,"score_fuzzy_knn_k29":0.1670632},"geometry":{"type":"Polygon","coordinates":[[[-69.1691809,-9.2066146],[-69.1610519,-9.2066183],[-69.1610495,-9.201208],[-69.1691783,-9.2012043],[-69.1691809,-9.2066146]]]}},{"type":"Feature","id":"AC-Y488-X643","properties":{"id":"AC-Y488-X643","grid_x":643,"grid_y":488,"centroid":[-69.1569862,-9.2039149],"aggregation":"none","score_gradboost":0.2981618,"score_random_forest":0.1643863,"score_logistic_regression":0.3955427,"score_fuzzy_knn_k29":0.1571182},"geometry":{"type":"Polygon","coordinates":[[[-69.1610519,-9.2066183],[-69.1529229,-9.2066218],[-69.1529206,-9.2012115],[-69.1610495,-9.201208],[-69.1610519,-9.2066183]]]}},{"type":"Feature","id":"AC-Y488-X644","properties":{"id":"AC-Y488-X644","grid_x":644,"grid_y":488,"centroid":[-69.1488573,-9.2039184],"aggregation":"none","score_gradboost":0.2496123,"score_random_forest":0.1745679,"score_logistic_regression":0.3920579,"score_fuzzy_knn_k29":0.2302923},"geometry":{"type":"Polygon","coordinates":[[[-69.1529229,-9.2066218],[-69.1447939,-9.2066252],[-69.1447917,-9.2012149],[-69.1529206,-9.2012115],[-69.1529229,-9.2066218]]]}},{"type":"Feature","id":"AC-Y488-X645","properties":{"id":"AC-Y488-X645","grid_x":645,"grid_y":488,"centroid":[-69.1407284,-9.2039217],"aggregation":"none","score_gradboost":0.1649151,"score_random_forest":0.1336451,"score_logistic_regression":0.4795217,"score_fuzzy_knn_k29":0.223575},"geometry":{"type":"Polygon","coordinates":[[[-69.1447939,-9.2066252],[-69.1366649,-9.2066284],[-69.1366629,-9.2012181],[-69.1447917,-9.2012149],[-69.1447939,-9.2066252]]]}},{"type":"Feature","id":"AC-Y489-X642","properties":{"id":"AC-Y489-X642","grid_x":642,"grid_y":489,"centroid":[-69.1651127,-9.198501],"aggregation":"none","score_gradboost":0.0922478,"score_random_forest":0.0892402,"score_logistic_regression":0.4800187,"score_fuzzy_knn_k29":0.2535925},"geometry":{"type":"Polygon","coordinates":[[[-69.1691783,-9.2012043],[-69.1610495,-9.201208],[-69.161047,-9.1957977],[-69.1691758,-9.195794],[-69.1691783,-9.2012043]]]}},{"type":"Feature","id":"AC-Y489-X643","properties":{"id":"AC-Y489-X643","grid_x":643,"grid_y":489,"centroid":[-69.1569839,-9.1985046],"aggregation":"none","score_gradboost":0.1343825,"score_random_forest":0.0764055,"score_logistic_regression":0.3865145,"score_fuzzy_knn_k29":0.1991019},"geometry":{"type":"Polygon","coordinates":[[[-69.1610495,-9.201208],[-69.1529206,-9.2012115],[-69.1529183,-9.1958012],[-69.161047,-9.1957977],[-69.1610495,-9.201208]]]}},{"type":"Feature","id":"AC-Y489-X644","properties":{"id":"AC-Y489-X644","grid_x":644,"grid_y":489,"centroid":[-69.148855,-9.1985081],"aggregation":"none","score_gradboost":0.3368228,"score_random_forest":0.1810762,"score_logistic_regression":0.4260443,"score_fuzzy_knn_k29":0.1020764},"geometry":{"type":"Polygon","coordinates":[[[-69.1529206,-9.2012115],[-69.1447917,-9.2012149],[-69.1447895,-9.1958046],[-69.1529183,-9.1958012],[-69.1529206,-9.2012115]]]}},{"type":"Feature","id":"AC-Y490-X642","properties":{"id":"AC-Y490-X642","grid_x":642,"grid_y":490,"centroid":[-69.1651102,-9.1930907],"aggregation":"none","score_gradboost":0.0740677,"score_random_forest":0.0897298,"score_logistic_regression":0.5319915,"score_fuzzy_knn_k29":0.4436972},"geometry":{"type":"Polygon","coordinates":[[[-69.1691758,-9.195794],[-69.161047,-9.1957977],[-69.1610446,-9.1903874],[-69.1691732,-9.1903836],[-69.1691758,-9.195794]]]}},{"type":"Feature","id":"AC-Y490-X643","properties":{"id":"AC-Y490-X643","grid_x":643,"grid_y":490,"centroid":[-69.1569815,-9.1930943],"aggregation":"none","score_gradboost":0.1428861,"score_random_forest":0.075493,"score_logistic_regression":0.453783,"score_fuzzy_knn_k29":0.1373923},"geometry":{"type":"Polygon","coordinates":[[[-69.161047,-9.1957977],[-69.1529183,-9.1958012],[-69.152916,-9.1903909],[-69.1610446,-9.1903874],[-69.161047,-9.1957977]]]}},{"type":"Feature","id":"AC-Y491-X643","properties":{"id":"AC-Y491-X643","grid_x":643,"grid_y":491,"centroid":[-69.1569791,-9.187684],"aggregation":"none","score_gradboost":0.1453981,"score_random_forest":0.1012538,"score_logistic_regression":0.4818533,"score_fuzzy_knn_k29":0.2336211},"geometry":{"type":"Polygon","coordinates":[[[-69.1610446,-9.1903874],[-69.152916,-9.1903909],[-69.1529136,-9.1849806],[-69.1610421,-9.184977],[-69.1610446,-9.1903874]]]}},{"type":"Feature","id":"AC-Y473-X634","properties":{"id":"AC-Y473-X634","grid_x":634,"grid_y":473,"centroid":[-69.2301992,-9.2850299],"aggregation":"none","score_gradboost":0.0832819,"score_random_forest":0.029717,"score_logistic_regression":0.2944102,"score_fuzzy_knn_k29":0.0721721},"geometry":{"type":"Polygon","coordinates":[[[-69.2342664,-9.2877324],[-69.2261355,-9.2877376],[-69.2261321,-9.2823274],[-69.2342628,-9.2823221],[-69.2342664,-9.2877324]]]}},{"type":"Feature","id":"AC-Y474-X634","properties":{"id":"AC-Y474-X634","grid_x":634,"grid_y":474,"centroid":[-69.2301956,-9.2796196],"aggregation":"none","score_gradboost":0.0756008,"score_random_forest":0.047367,"score_logistic_regression":0.327382,"score_fuzzy_knn_k29":0.0378652},"geometry":{"type":"Polygon","coordinates":[[[-69.2342628,-9.2823221],[-69.2261321,-9.2823274],[-69.2261286,-9.2769171],[-69.2342592,-9.2769118],[-69.2342628,-9.2823221]]]}},{"type":"Feature","id":"AC-Y474-X635","properties":{"id":"AC-Y474-X635","grid_x":635,"grid_y":474,"centroid":[-69.222065,-9.2796248],"aggregation":"none","score_gradboost":0.0670726,"score_random_forest":0.0786395,"score_logistic_regression":0.3603992,"score_fuzzy_knn_k29":0.0377948},"geometry":{"type":"Polygon","coordinates":[[[-69.2261321,-9.2823274],[-69.2180014,-9.2823324],[-69.217998,-9.2769221],[-69.2261286,-9.2769171],[-69.2261321,-9.2823274]]]}},{"type":"Feature","id":"AC-Y475-X634","properties":{"id":"AC-Y475-X634","grid_x":634,"grid_y":475,"centroid":[-69.2301921,-9.2742094],"aggregation":"none","score_gradboost":0.0851524,"score_random_forest":0.0606247,"score_logistic_regression":0.3336972,"score_fuzzy_knn_k29":0.0365038},"geometry":{"type":"Polygon","coordinates":[[[-69.2342592,-9.2769118],[-69.2261286,-9.2769171],[-69.2261251,-9.2715068],[-69.2342556,-9.2715016],[-69.2342592,-9.2769118]]]}},{"type":"Feature","id":"AC-Y475-X635","properties":{"id":"AC-Y475-X635","grid_x":635,"grid_y":475,"centroid":[-69.2220616,-9.2742145],"aggregation":"none","score_gradboost":0.1096043,"score_random_forest":0.0588235,"score_logistic_regression":0.3449264,"score_fuzzy_knn_k29":0.033827},"geometry":{"type":"Polygon","coordinates":[[[-69.2261286,-9.2769171],[-69.217998,-9.2769221],[-69.2179947,-9.2715118],[-69.2261251,-9.2715068],[-69.2261286,-9.2769171]]]}},{"type":"Feature","id":"AC-Y476-X634","properties":{"id":"AC-Y476-X634","grid_x":634,"grid_y":476,"centroid":[-69.2301886,-9.2687991],"aggregation":"none","score_gradboost":0.1490591,"score_random_forest":0.07892,"score_logistic_regression":0.2938238,"score_fuzzy_knn_k29":0.1583136},"geometry":{"type":"Polygon","coordinates":[[[-69.2342556,-9.2715016],[-69.2261251,-9.2715068],[-69.2261217,-9.2660965],[-69.234252,-9.2660913],[-69.2342556,-9.2715016]]]}},{"type":"Feature","id":"AC-Y476-X635","properties":{"id":"AC-Y476-X635","grid_x":635,"grid_y":476,"centroid":[-69.2220582,-9.2688042],"aggregation":"none","score_gradboost":0.0803164,"score_random_forest":0.0652652,"score_logistic_regression":0.3688377,"score_fuzzy_knn_k29":0.0276562},"geometry":{"type":"Polygon","coordinates":[[[-69.2261251,-9.2715068],[-69.2179947,-9.2715118],[-69.2179913,-9.2661016],[-69.2261217,-9.2660965],[-69.2261251,-9.2715068]]]}},{"type":"Feature","id":"AC-Y477-X634","properties":{"id":"AC-Y477-X634","grid_x":634,"grid_y":477,"centroid":[-69.2301851,-9.2633888],"aggregation":"none","score_gradboost":0.1508545,"score_random_forest":0.0850729,"score_logistic_regression":0.2876722,"score_fuzzy_knn_k29":0.2265141},"geometry":{"type":"Polygon","coordinates":[[[-69.234252,-9.2660913],[-69.2261217,-9.2660965],[-69.2261182,-9.2606862],[-69.2342484,-9.260681],[-69.234252,-9.2660913]]]}},{"type":"Feature","id":"AC-Y477-X635","properties":{"id":"AC-Y477-X635","grid_x":635,"grid_y":477,"centroid":[-69.2220548,-9.2633939],"aggregation":"none","score_gradboost":0.0825645,"score_random_forest":0.0636964,"score_logistic_regression":0.3665193,"score_fuzzy_knn_k29":0.0255225},"geometry":{"type":"Polygon","coordinates":[[[-69.2261217,-9.2660965],[-69.2179913,-9.2661016],[-69.217988,-9.2606913],[-69.2261182,-9.2606862],[-69.2261217,-9.2660965]]]}},{"type":"Feature","id":"AC-Y477-X636","properties":{"id":"AC-Y477-X636","grid_x":636,"grid_y":477,"centroid":[-69.2139245,-9.2633989],"aggregation":"none","score_gradboost":0.0714077,"score_random_forest":0.0599425,"score_logistic_regression":0.3646793,"score_fuzzy_knn_k29":0.0380665},"geometry":{"type":"Polygon","coordinates":[[[-69.2179913,-9.2661016],[-69.209861,-9.2661064],[-69.2098578,-9.2606961],[-69.217988,-9.2606913],[-69.2179913,-9.2661016]]]}},{"type":"Feature","id":"AC-Y478-X634","properties":{"id":"AC-Y478-X634","grid_x":634,"grid_y":478,"centroid":[-69.2301816,-9.2579785],"aggregation":"none","score_gradboost":0.1143947,"score_random_forest":0.0662562,"score_logistic_regression":0.3058046,"score_fuzzy_knn_k29":0.1788939},"geometry":{"type":"Polygon","coordinates":[[[-69.2342484,-9.260681],[-69.2261182,-9.2606863],[-69.2261148,-9.255276],[-69.2342448,-9.2552708],[-69.2342484,-9.260681]]]}},{"type":"Feature","id":"AC-Y478-X635","properties":{"id":"AC-Y478-X635","grid_x":635,"grid_y":478,"centroid":[-69.2220514,-9.2579837],"aggregation":"none","score_gradboost":0.1676981,"score_random_forest":0.1061551,"score_logistic_regression":0.2957328,"score_fuzzy_knn_k29":0.2011271},"geometry":{"type":"Polygon","coordinates":[[[-69.2261182,-9.2606863],[-69.217988,-9.2606913],[-69.2179847,-9.255281],[-69.2261148,-9.255276],[-69.2261182,-9.2606863]]]}},{"type":"Feature","id":"AC-Y478-X636","properties":{"id":"AC-Y478-X636","grid_x":636,"grid_y":478,"centroid":[-69.2139213,-9.2579886],"aggregation":"none","score_gradboost":0.1174912,"score_random_forest":0.0885888,"score_logistic_regression":0.3844243,"score_fuzzy_knn_k29":0.0334358},"geometry":{"type":"Polygon","coordinates":[[[-69.217988,-9.2606913],[-69.2098578,-9.2606961],[-69.2098546,-9.2552859],[-69.2179847,-9.255281],[-69.217988,-9.2606913]]]}},{"type":"Feature","id":"AC-Y479-X634","properties":{"id":"AC-Y479-X634","grid_x":634,"grid_y":479,"centroid":[-69.230178,-9.2525682],"aggregation":"none","score_gradboost":0.1281494,"score_random_forest":0.0826083,"score_logistic_regression":0.3242228,"score_fuzzy_knn_k29":0.1136699},"geometry":{"type":"Polygon","coordinates":[[[-69.2342448,-9.2552708],[-69.2261148,-9.255276],[-69.2261113,-9.2498657],[-69.2342412,-9.2498605],[-69.2342448,-9.2552708]]]}},{"type":"Feature","id":"AC-Y479-X635","properties":{"id":"AC-Y479-X635","grid_x":635,"grid_y":479,"centroid":[-69.222048,-9.2525734],"aggregation":"none","score_gradboost":0.1861295,"score_random_forest":0.0976084,"score_logistic_regression":0.3394292,"score_fuzzy_knn_k29":0.0771203},"geometry":{"type":"Polygon","coordinates":[[[-69.2261148,-9.255276],[-69.2179847,-9.255281],[-69.2179813,-9.2498707],[-69.2261113,-9.2498657],[-69.2261148,-9.255276]]]}},{"type":"Feature","id":"AC-Y479-X636","properties":{"id":"AC-Y479-X636","grid_x":636,"grid_y":479,"centroid":[-69.213918,-9.2525783],"aggregation":"none","score_gradboost":0.1245493,"score_random_forest":0.045451,"score_logistic_regression":0.3086601,"score_fuzzy_knn_k29":0.1455334},"geometry":{"type":"Polygon","coordinates":[[[-69.2179847,-9.255281],[-69.2098546,-9.2552859],[-69.2098514,-9.2498756],[-69.2179813,-9.2498707],[-69.2179847,-9.255281]]]}},{"type":"Feature","id":"AC-Y479-X637","properties":{"id":"AC-Y479-X637","grid_x":637,"grid_y":479,"centroid":[-69.205788,-9.2525831],"aggregation":"none","score_gradboost":0.0727362,"score_random_forest":0.0781771,"score_logistic_regression":0.3993145,"score_fuzzy_knn_k29":0.0891425},"geometry":{"type":"Polygon","coordinates":[[[-69.2098546,-9.2552859],[-69.2017245,-9.2552905],[-69.2017214,-9.2498802],[-69.2098514,-9.2498756],[-69.2098546,-9.2552859]]]}},{"type":"Feature","id":"AC-Y480-X634","properties":{"id":"AC-Y480-X634","grid_x":634,"grid_y":480,"centroid":[-69.2301745,-9.247158],"aggregation":"none","score_gradboost":0.1155739,"score_random_forest":0.1525956,"score_logistic_regression":0.2810139,"score_fuzzy_knn_k29":0.3380378},"geometry":{"type":"Polygon","coordinates":[[[-69.2342412,-9.2498605],[-69.2261113,-9.2498657],[-69.2261078,-9.2444554],[-69.2342377,-9.2444502],[-69.2342412,-9.2498605]]]}},{"type":"Feature","id":"AC-Y480-X635","properties":{"id":"AC-Y480-X635","grid_x":635,"grid_y":480,"centroid":[-69.2220446,-9.2471631],"aggregation":"none","score_gradboost":0.1015526,"score_random_forest":0.0757892,"score_logistic_regression":0.387155,"score_fuzzy_knn_k29":0.0381012},"geometry":{"type":"Polygon","coordinates":[[[-69.2261113,-9.2498657],[-69.2179813,-9.2498707],[-69.217978,-9.2444604],[-69.2261078,-9.2444554],[-69.2261113,-9.2498657]]]}},{"type":"Feature","id":"AC-Y480-X636","properties":{"id":"AC-Y480-X636","grid_x":636,"grid_y":480,"centroid":[-69.2139147,-9.247168],"aggregation":"none","score_gradboost":0.0951205,"score_random_forest":0.0744329,"score_logistic_regression":0.3885251,"score_fuzzy_knn_k29":0.0255058},"geometry":{"type":"Polygon","coordinates":[[[-69.2179813,-9.2498707],[-69.2098514,-9.2498756],[-69.2098482,-9.2444653],[-69.217978,-9.2444604],[-69.2179813,-9.2498707]]]}},{"type":"Feature","id":"AC-Y480-X637","properties":{"id":"AC-Y480-X637","grid_x":637,"grid_y":480,"centroid":[-69.2057848,-9.2471728],"aggregation":"none","score_gradboost":0.0677321,"score_random_forest":0.0668887,"score_logistic_regression":0.4129778,"score_fuzzy_knn_k29":0.1126871},"geometry":{"type":"Polygon","coordinates":[[[-69.2098514,-9.2498756],[-69.2017214,-9.2498802],[-69.2017183,-9.2444699],[-69.2098482,-9.2444653],[-69.2098514,-9.2498756]]]}},{"type":"Feature","id":"AC-Y481-X635","properties":{"id":"AC-Y481-X635","grid_x":635,"grid_y":481,"centroid":[-69.2220412,-9.2417528],"aggregation":"none","score_gradboost":0.1582115,"score_random_forest":0.128586,"score_logistic_regression":0.2960896,"score_fuzzy_knn_k29":0.3505809},"geometry":{"type":"Polygon","coordinates":[[[-69.2261078,-9.2444554],[-69.217978,-9.2444604],[-69.2179747,-9.2390501],[-69.2261044,-9.2390451],[-69.2261078,-9.2444554]]]}},{"type":"Feature","id":"AC-Y481-X636","properties":{"id":"AC-Y481-X636","grid_x":636,"grid_y":481,"centroid":[-69.2139115,-9.2417577],"aggregation":"none","score_gradboost":0.1472232,"score_random_forest":0.0952258,"score_logistic_regression":0.3269685,"score_fuzzy_knn_k29":0.1242477},"geometry":{"type":"Polygon","coordinates":[[[-69.217978,-9.2444604],[-69.2098482,-9.2444653],[-69.209845,-9.239055],[-69.2179747,-9.2390501],[-69.217978,-9.2444604]]]}},{"type":"Feature","id":"AC-Y481-X637","properties":{"id":"AC-Y481-X637","grid_x":637,"grid_y":481,"centroid":[-69.2057817,-9.2417625],"aggregation":"none","score_gradboost":0.1022919,"score_random_forest":0.0707888,"score_logistic_regression":0.420539,"score_fuzzy_knn_k29":0.1001661},"geometry":{"type":"Polygon","coordinates":[[[-69.2098482,-9.2444653],[-69.2017183,-9.2444699],[-69.2017153,-9.2390596],[-69.209845,-9.239055],[-69.2098482,-9.2444653]]]}},{"type":"Feature","id":"AC-Y482-X635","properties":{"id":"AC-Y482-X635","grid_x":635,"grid_y":482,"centroid":[-69.2220378,-9.2363425],"aggregation":"none","score_gradboost":0.1755275,"score_random_forest":0.1401332,"score_logistic_regression":0.3055179,"score_fuzzy_knn_k29":0.3062171},"geometry":{"type":"Polygon","coordinates":[[[-69.2261044,-9.2390451],[-69.2179747,-9.2390501],[-69.2179714,-9.2336399],[-69.2261009,-9.2336348],[-69.2261044,-9.2390451]]]}},{"type":"Feature","id":"AC-Y482-X636","properties":{"id":"AC-Y482-X636","grid_x":636,"grid_y":482,"centroid":[-69.2139082,-9.2363474],"aggregation":"none","score_gradboost":0.2063302,"score_random_forest":0.1111332,"score_logistic_regression":0.3466504,"score_fuzzy_knn_k29":0.1042177},"geometry":{"type":"Polygon","coordinates":[[[-69.2179747,-9.2390501],[-69.209845,-9.239055],[-69.2098418,-9.2336447],[-69.2179714,-9.2336399],[-69.2179747,-9.2390501]]]}},{"type":"Feature","id":"AC-Y482-X637","properties":{"id":"AC-Y482-X637","grid_x":637,"grid_y":482,"centroid":[-69.2057786,-9.2363522],"aggregation":"none","score_gradboost":0.0897087,"score_random_forest":0.0550157,"score_logistic_regression":0.3576289,"score_fuzzy_knn_k29":0.0224365},"geometry":{"type":"Polygon","coordinates":[[[-69.209845,-9.239055],[-69.2017153,-9.2390596],[-69.2017122,-9.2336494],[-69.2098418,-9.2336447],[-69.209845,-9.239055]]]}},{"type":"Feature","id":"AC-Y483-X635","properties":{"id":"AC-Y483-X635","grid_x":635,"grid_y":483,"centroid":[-69.2220345,-9.2309322],"aggregation":"none","score_gradboost":0.1238721,"score_random_forest":0.1061946,"score_logistic_regression":0.324343,"score_fuzzy_knn_k29":0.2221888},"geometry":{"type":"Polygon","coordinates":[[[-69.2261009,-9.2336348],[-69.2179714,-9.2336399],[-69.217968,-9.2282296],[-69.2260975,-9.2282245],[-69.2261009,-9.2336348]]]}},{"type":"Feature","id":"AC-Y483-X636","properties":{"id":"AC-Y483-X636","grid_x":636,"grid_y":483,"centroid":[-69.2139049,-9.2309372],"aggregation":"none","score_gradboost":0.1787093,"score_random_forest":0.0916268,"score_logistic_regression":0.3303856,"score_fuzzy_knn_k29":0.2175934},"geometry":{"type":"Polygon","coordinates":[[[-69.2179714,-9.2336399],[-69.2098418,-9.2336447],[-69.2098386,-9.2282344],[-69.217968,-9.2282296],[-69.2179714,-9.2336399]]]}},{"type":"Feature","id":"AC-Y483-X637","properties":{"id":"AC-Y483-X637","grid_x":637,"grid_y":483,"centroid":[-69.2057754,-9.2309419],"aggregation":"none","score_gradboost":0.0820309,"score_random_forest":0.0653238,"score_logistic_regression":0.3906062,"score_fuzzy_knn_k29":0.0272336},"geometry":{"type":"Polygon","coordinates":[[[-69.2098418,-9.2336447],[-69.2017122,-9.2336494],[-69.2017091,-9.2282391],[-69.2098386,-9.2282344],[-69.2098418,-9.2336447]]]}},{"type":"Feature","id":"AC-Y483-X638","properties":{"id":"AC-Y483-X638","grid_x":638,"grid_y":483,"centroid":[-69.1976459,-9.2309465],"aggregation":"none","score_gradboost":0.1181993,"score_random_forest":0.0846961,"score_logistic_regression":0.456162,"score_fuzzy_knn_k29":0.1841915},"geometry":{"type":"Polygon","coordinates":[[[-69.2017122,-9.2336494],[-69.1935826,-9.2336538],[-69.1935796,-9.2282435],[-69.2017091,-9.2282391],[-69.2017122,-9.2336494]]]}},{"type":"Feature","id":"AC-Y484-X636","properties":{"id":"AC-Y484-X636","grid_x":636,"grid_y":484,"centroid":[-69.2139017,-9.2255269],"aggregation":"none","score_gradboost":0.1559727,"score_random_forest":0.1024273,"score_logistic_regression":0.3362901,"score_fuzzy_knn_k29":0.2167011},"geometry":{"type":"Polygon","coordinates":[[[-69.217968,-9.2282296],[-69.2098386,-9.2282344],[-69.2098354,-9.2228241],[-69.2179647,-9.2228193],[-69.217968,-9.2282296]]]}},{"type":"Feature","id":"AC-Y484-X637","properties":{"id":"AC-Y484-X637","grid_x":637,"grid_y":484,"centroid":[-69.2057723,-9.2255316],"aggregation":"none","score_gradboost":0.2405673,"score_random_forest":0.1058378,"score_logistic_regression":0.3484703,"score_fuzzy_knn_k29":0.1146556},"geometry":{"type":"Polygon","coordinates":[[[-69.2098386,-9.2282344],[-69.2017091,-9.2282391],[-69.201706,-9.2228288],[-69.2098354,-9.2228241],[-69.2098386,-9.2282344]]]}},{"type":"Feature","id":"AC-Y484-X638","properties":{"id":"AC-Y484-X638","grid_x":638,"grid_y":484,"centroid":[-69.1976429,-9.2255362],"aggregation":"none","score_gradboost":0.0899058,"score_random_forest":0.0572438,"score_logistic_regression":0.4052213,"score_fuzzy_knn_k29":0.0654329},"geometry":{"type":"Polygon","coordinates":[[[-69.2017091,-9.2282391],[-69.1935796,-9.2282435],[-69.1935767,-9.2228332],[-69.201706,-9.2228288],[-69.2017091,-9.2282391]]]}},{"type":"Feature","id":"AC-Y485-X636","properties":{"id":"AC-Y485-X636","grid_x":636,"grid_y":485,"centroid":[-69.2138984,-9.2201166],"aggregation":"none","score_gradboost":0.1770542,"score_random_forest":0.105053,"score_logistic_regression":0.3551718,"score_fuzzy_knn_k29":0.1478043},"geometry":{"type":"Polygon","coordinates":[[[-69.2179647,-9.2228193],[-69.2098354,-9.2228241],[-69.2098322,-9.2174138],[-69.2179614,-9.217409],[-69.2179647,-9.2228193]]]}},{"type":"Feature","id":"AC-Y485-X637","properties":{"id":"AC-Y485-X637","grid_x":637,"grid_y":485,"centroid":[-69.2057691,-9.2201213],"aggregation":"none","score_gradboost":0.1986272,"score_random_forest":0.1122184,"score_logistic_regression":0.3884348,"score_fuzzy_knn_k29":0.0},"geometry":{"type":"Polygon","coordinates":[[[-69.2098354,-9.2228241],[-69.201706,-9.2228288],[-69.201703,-9.2174185],[-69.2098322,-9.2174138],[-69.2098354,-9.2228241]]]}},{"type":"Feature","id":"AC-Y485-X638","properties":{"id":"AC-Y485-X638","grid_x":638,"grid_y":485,"centroid":[-69.1976399,-9.2201259],"aggregation":"none","score_gradboost":0.1312483,"score_random_forest":0.0859713,"score_logistic_regression":0.4181061,"score_fuzzy_knn_k29":0.0743029},"geometry":{"type":"Polygon","coordinates":[[[-69.201706,-9.2228288],[-69.1935767,-9.2228332],[-69.1935738,-9.2174229],[-69.201703,-9.2174185],[-69.201706,-9.2228288]]]}},{"type":"Feature","id":"AC-Y486-X637","properties":{"id":"AC-Y486-X637","grid_x":637,"grid_y":486,"centroid":[-69.205766,-9.214711],"aggregation":"none","score_gradboost":0.3008375,"score_random_forest":0.1953699,"score_logistic_regression":0.3228716,"score_fuzzy_knn_k29":0.3569149},"geometry":{"type":"Polygon","coordinates":[[[-69.2098322,-9.2174138],[-69.201703,-9.2174185],[-69.2016999,-9.2120082],[-69.209829,-9.2120035],[-69.2098322,-9.2174138]]]}},{"type":"Feature","id":"AC-Y486-X638","properties":{"id":"AC-Y486-X638","grid_x":638,"grid_y":486,"centroid":[-69.1976369,-9.2147156],"aggregation":"none","score_gradboost":0.1321266,"score_random_forest":0.063482,"score_logistic_regression":0.377995,"score_fuzzy_knn_k29":0.0449037},"geometry":{"type":"Polygon","coordinates":[[[-69.201703,-9.2174185],[-69.1935738,-9.2174229],[-69.1935708,-9.2120126],[-69.2016999,-9.2120082],[-69.201703,-9.2174185]]]}},{"type":"Feature","id":"AC-Y487-X638","properties":{"id":"AC-Y487-X638","grid_x":638,"grid_y":487,"centroid":[-69.1976339,-9.2093053],"aggregation":"none","score_gradboost":0.1688598,"score_random_forest":0.0760652,"score_logistic_regression":0.346871,"score_fuzzy_knn_k29":0.1498247},"geometry":{"type":"Polygon","coordinates":[[[-69.2016999,-9.2120082],[-69.1935708,-9.2120126],[-69.1935679,-9.2066023],[-69.2016968,-9.2065979],[-69.2016999,-9.2120082]]]}},{"type":"Feature","id":"AC-Y487-X639","properties":{"id":"AC-Y487-X639","grid_x":639,"grid_y":487,"centroid":[-69.1895048,-9.2093096],"aggregation":"none","score_gradboost":0.1585767,"score_random_forest":0.0819169,"score_logistic_regression":0.4157221,"score_fuzzy_knn_k29":0.0835006},"geometry":{"type":"Polygon","coordinates":[[[-69.1935708,-9.2120126],[-69.1854417,-9.2120169],[-69.1854389,-9.2066066],[-69.1935679,-9.2066023],[-69.1935708,-9.2120126]]]}},{"type":"Feature","id":"AC-Y487-X640","properties":{"id":"AC-Y487-X640","grid_x":640,"grid_y":487,"centroid":[-69.1813758,-9.2093138],"aggregation":"none","score_gradboost":0.092563,"score_random_forest":0.0878827,"score_logistic_regression":0.475947,"score_fuzzy_knn_k29":0.2577157},"geometry":{"type":"Polygon","coordinates":[[[-69.1854417,-9.2120169],[-69.1773126,-9.212021],[-69.1773099,-9.2066107],[-69.1854389,-9.2066066],[-69.1854417,-9.2120169]]]}},{"type":"Feature","id":"AC-Y488-X639","properties":{"id":"AC-Y488-X639","grid_x":639,"grid_y":488,"centroid":[-69.1895019,-9.2038993],"aggregation":"none","score_gradboost":0.1502092,"score_random_forest":0.0977562,"score_logistic_regression":0.448008,"score_fuzzy_knn_k29":0.1043021},"geometry":{"type":"Polygon","coordinates":[[[-69.1935679,-9.2066023],[-69.1854389,-9.2066066],[-69.1854361,-9.2011963],[-69.1935649,-9.201192],[-69.1935679,-9.2066023]]]}},{"type":"Feature","id":"AC-Y488-X640","properties":{"id":"AC-Y488-X640","grid_x":640,"grid_y":488,"centroid":[-69.181373,-9.2039035],"aggregation":"none","score_gradboost":0.1031282,"score_random_forest":0.0696898,"score_logistic_regression":0.403378,"score_fuzzy_knn_k29":0.1209355},"geometry":{"type":"Polygon","coordinates":[[[-69.1854389,-9.2066066],[-69.1773099,-9.2066107],[-69.1773072,-9.2012004],[-69.1854361,-9.2011963],[-69.1854389,-9.2066066]]]}},{"type":"Feature","id":"AC-Y489-X640","properties":{"id":"AC-Y489-X640","grid_x":640,"grid_y":489,"centroid":[-69.1813703,-9.1984932],"aggregation":"none","score_gradboost":0.2650242,"score_random_forest":0.253665,"score_logistic_regression":0.6877022,"score_fuzzy_knn_k29":0.1892176},"geometry":{"type":"Polygon","coordinates":[[[-69.1854361,-9.2011963],[-69.1773072,-9.2012004],[-69.1773045,-9.1957901],[-69.1854332,-9.195786],[-69.1854361,-9.2011963]]]}},{"type":"Feature","id":"AC-Y489-X641","properties":{"id":"AC-Y489-X641","grid_x":641,"grid_y":489,"centroid":[-69.1732415,-9.1984972],"aggregation":"none","score_gradboost":0.1229639,"score_random_forest":0.0926231,"score_logistic_regression":0.4710919,"score_fuzzy_knn_k29":0.2331978},"geometry":{"type":"Polygon","coordinates":[[[-69.1773072,-9.2012004],[-69.1691783,-9.2012043],[-69.1691758,-9.195794],[-69.1773045,-9.1957901],[-69.1773072,-9.2012004]]]}},{"type":"Feature","id":"AC-Y490-X641","properties":{"id":"AC-Y490-X641","grid_x":641,"grid_y":490,"centroid":[-69.1732388,-9.1930869],"aggregation":"none","score_gradboost":0.1445957,"score_random_forest":0.1033964,"score_logistic_regression":0.4658994,"score_fuzzy_knn_k29":0.2212658},"geometry":{"type":"Polygon","coordinates":[[[-69.1773045,-9.1957901],[-69.1691758,-9.195794],[-69.1691732,-9.1903836],[-69.1773018,-9.1903797],[-69.1773045,-9.1957901]]]}},{"type":"Feature","id":"AC-Y491-X641","properties":{"id":"AC-Y491-X641","grid_x":641,"grid_y":491,"centroid":[-69.1732362,-9.1876765],"aggregation":"none","score_gradboost":0.1631763,"score_random_forest":0.2486137,"score_logistic_regression":0.6683319,"score_fuzzy_knn_k29":0.1225604},"geometry":{"type":"Polygon","coordinates":[[[-69.1773018,-9.1903797],[-69.1691732,-9.1903836],[-69.1691706,-9.1849733],[-69.1772991,-9.1849694],[-69.1773018,-9.1903797]]]}},{"type":"Feature","id":"AC-Y491-X642","properties":{"id":"AC-Y491-X642","grid_x":642,"grid_y":491,"centroid":[-69.1651076,-9.1876804],"aggregation":"none","score_gradboost":0.1231094,"score_random_forest":0.1735341,"score_logistic_regression":0.6835916,"score_fuzzy_knn_k29":0.109293},"geometry":{"type":"Polygon","coordinates":[[[-69.1691732,-9.1903836],[-69.1610446,-9.1903874],[-69.1610421,-9.184977],[-69.1691706,-9.1849733],[-69.1691732,-9.1903836]]]}}]}