{"type":"FeatureCollection","features":[{"type":"Feature","id":"AC-Y351-X332","properties":{"id":"AC-Y351-X332","grid_x":332,"grid_y":351,"centroid":[-71.6898966,-9.9343401],"aggregation":"none","score_gradboost":0.0071953,"score_random_forest":0.0040334,"score_logistic_regression":0.0002169,"score_fuzzy_knn_k29":0.0},"geometry":{"type":"Polygon","coordinates":[[[-71.6939873,-9.9370094],[-71.68585,-9.9370749],[-71.6858059,-9.9316707],[-71.6939431,-9.9316053],[-71.6939873,-9.9370094]]]}},{"type":"Feature","id":"AC-Y351-X333","properties":{"id":"AC-Y351-X333","grid_x":333,"grid_y":351,"centroid":[-71.6817592,-9.9344054],"aggregation":"none","score_gradboost":0.0070789,"score_random_forest":0.0026318,"score_logistic_regression":0.0002634,"score_fuzzy_knn_k29":0.0},"geometry":{"type":"Polygon","coordinates":[[[-71.68585,-9.9370749],[-71.6777125,-9.9371401],[-71.6776686,-9.9317359],[-71.6858059,-9.9316707],[-71.68585,-9.9370749]]]}},{"type":"Feature","id":"AC-Y351-X334","properties":{"id":"AC-Y351-X334","grid_x":334,"grid_y":351,"centroid":[-71.6736219,-9.9344705],"aggregation":"none","score_gradboost":0.0070789,"score_random_forest":0.0026318,"score_logistic_regression":0.0003049,"score_fuzzy_knn_k29":0.0},"geometry":{"type":"Polygon","coordinates":[[[-71.6777125,-9.9371401],[-71.6695751,-9.9372051],[-71.6695312,-9.9318009],[-71.6776686,-9.9317359],[-71.6777125,-9.9371401]]]}},{"type":"Feature","id":"AC-Y352-X332","properties":{"id":"AC-Y352-X332","grid_x":332,"grid_y":352,"centroid":[-71.6898524,-9.928936],"aggregation":"none","score_gradboost":0.0060759,"score_random_forest":0.0033028,"score_logistic_regression":0.0002564,"score_fuzzy_knn_k29":0.0},"geometry":{"type":"Polygon","coordinates":[[[-71.6939431,-9.9316053],[-71.6858059,-9.9316707],[-71.6857618,-9.9262666],[-71.6938989,-9.9262013],[-71.6939431,-9.9316053]]]}},{"type":"Feature","id":"AC-Y352-X333","properties":{"id":"AC-Y352-X333","grid_x":333,"grid_y":352,"centroid":[-71.6817152,-9.9290013],"aggregation":"none","score_gradboost":0.0060759,"score_random_forest":0.0003313,"score_logistic_regression":0.000209,"score_fuzzy_knn_k29":0.0},"geometry":{"type":"Polygon","coordinates":[[[-71.6858059,-9.9316707],[-71.6776686,-9.9317359],[-71.6776246,-9.9263317],[-71.6857618,-9.9262666],[-71.6858059,-9.9316707]]]}},{"type":"Feature","id":"AC-Y352-X334","properties":{"id":"AC-Y352-X334","grid_x":334,"grid_y":352,"centroid":[-71.673578,-9.9290663],"aggregation":"none","score_gradboost":0.0060759,"score_random_forest":0.007211,"score_logistic_regression":0.000317,"score_fuzzy_knn_k29":0.0},"geometry":{"type":"Polygon","coordinates":[[[-71.6776686,-9.9317359],[-71.6695312,-9.9318009],[-71.6694874,-9.9263967],[-71.6776246,-9.9263317],[-71.6776686,-9.9317359]]]}},{"type":"Feature","id":"AC-Y353-X332","properties":{"id":"AC-Y353-X332","grid_x":332,"grid_y":353,"centroid":[-71.6898083,-9.9235319],"aggregation":"none","score_gradboost":0.0062638,"score_random_forest":0.0050363,"score_logistic_regression":0.000235,"score_fuzzy_knn_k29":0.0},"geometry":{"type":"Polygon","coordinates":[[[-71.6938989,-9.9262013],[-71.6857618,-9.9262666],[-71.6857177,-9.9208625],[-71.6938547,-9.9207972],[-71.6938989,-9.9262013]]]}},{"type":"Feature","id":"AC-Y353-X333","properties":{"id":"AC-Y353-X333","grid_x":333,"grid_y":353,"centroid":[-71.6816712,-9.9235971],"aggregation":"none","score_gradboost":0.0062638,"score_random_forest":0.0043056,"score_logistic_regression":0.0002023,"score_fuzzy_knn_k29":0.0},"geometry":{"type":"Polygon","coordinates":[[[-71.6857618,-9.9262666],[-71.6776246,-9.9263317],[-71.6775807,-9.9209276],[-71.6857177,-9.9208625],[-71.6857618,-9.9262666]]]}},{"type":"Feature","id":"AC-Y353-X334","properties":{"id":"AC-Y353-X334","grid_x":334,"grid_y":353,"centroid":[-71.6735341,-9.9236621],"aggregation":"none","score_gradboost":0.0062638,"score_random_forest":0.0079766,"score_logistic_regression":0.0002093,"score_fuzzy_knn_k29":0.0},"geometry":{"type":"Polygon","coordinates":[[[-71.6776246,-9.9263317],[-71.6694874,-9.9263967],[-71.6694436,-9.9209925],[-71.6775807,-9.9209276],[-71.6776246,-9.9263317]]]}},{"type":"Feature","id":"AC-Y353-X335","properties":{"id":"AC-Y353-X335","grid_x":335,"grid_y":353,"centroid":[-71.6653969,-9.923727],"aggregation":"none","score_gradboost":0.0060759,"score_random_forest":0.0012823,"score_logistic_regression":0.0002287,"score_fuzzy_knn_k29":0.0},"geometry":{"type":"Polygon","coordinates":[[[-71.6694874,-9.9263967],[-71.6613501,-9.9264614],[-71.6613065,-9.9210572],[-71.6694436,-9.9209925],[-71.6694874,-9.9263967]]]}},{"type":"Feature","id":"AC-Y354-X331","properties":{"id":"AC-Y354-X331","grid_x":331,"grid_y":354,"centroid":[-71.697901,-9.9180624],"aggregation":"none","score_gradboost":0.0062638,"score_random_forest":0.0093152,"score_logistic_regression":0.0003308,"score_fuzzy_knn_k29":0.0},"geometry":{"type":"Polygon","coordinates":[[[-71.7019916,-9.9207317],[-71.6938547,-9.9207972],[-71.6938105,-9.9153931],[-71.7019473,-9.9153276],[-71.7019916,-9.9207317]]]}},{"type":"Feature","id":"AC-Y354-X332","properties":{"id":"AC-Y354-X332","grid_x":332,"grid_y":354,"centroid":[-71.6897641,-9.9181278],"aggregation":"none","score_gradboost":0.0060159,"score_random_forest":0.0072345,"score_logistic_regression":0.0002594,"score_fuzzy_knn_k29":0.0},"geometry":{"type":"Polygon","coordinates":[[[-71.6938547,-9.9207972],[-71.6857177,-9.9208625],[-71.6856737,-9.9154583],[-71.6938105,-9.9153931],[-71.6938547,-9.9207972]]]}},{"type":"Feature","id":"AC-Y354-X333","properties":{"id":"AC-Y354-X333","grid_x":333,"grid_y":354,"centroid":[-71.6816272,-9.918193],"aggregation":"none","score_gradboost":0.0060159,"score_random_forest":0.0006594,"score_logistic_regression":0.0002563,"score_fuzzy_knn_k29":0.0},"geometry":{"type":"Polygon","coordinates":[[[-71.6857177,-9.9208625],[-71.6775807,-9.9209276],[-71.6775368,-9.9155234],[-71.6856737,-9.9154583],[-71.6857177,-9.9208625]]]}},{"type":"Feature","id":"AC-Y354-X334","properties":{"id":"AC-Y354-X334","grid_x":334,"grid_y":354,"centroid":[-71.6734902,-9.9182579],"aggregation":"none","score_gradboost":0.0060159,"score_random_forest":0.0060342,"score_logistic_regression":0.0002658,"score_fuzzy_knn_k29":0.0},"geometry":{"type":"Polygon","coordinates":[[[-71.6775807,-9.9209276],[-71.6694436,-9.9209925],[-71.6693998,-9.9155883],[-71.6775368,-9.9155234],[-71.6775807,-9.9209276]]]}},{"type":"Feature","id":"AC-Y354-X335","properties":{"id":"AC-Y354-X335","grid_x":335,"grid_y":354,"centroid":[-71.6653532,-9.9183227],"aggregation":"none","score_gradboost":0.0062638,"score_random_forest":0.0058683,"score_logistic_regression":0.0002495,"score_fuzzy_knn_k29":0.0},"geometry":{"type":"Polygon","coordinates":[[[-71.6694436,-9.9209925],[-71.6613065,-9.9210572],[-71.6612628,-9.9156529],[-71.6693998,-9.9155883],[-71.6694436,-9.9209925]]]}},{"type":"Feature","id":"AC-Y355-X331","properties":{"id":"AC-Y355-X331","grid_x":331,"grid_y":355,"centroid":[-71.6978568,-9.9126583],"aggregation":"none","score_gradboost":0.0060159,"score_random_forest":0.0,"score_logistic_regression":0.0003487,"score_fuzzy_knn_k29":0.0},"geometry":{"type":"Polygon","coordinates":[[[-71.7019473,-9.9153276],[-71.6938105,-9.9153931],[-71.6937664,-9.909989],[-71.701903,-9.9099235],[-71.7019473,-9.9153276]]]}},{"type":"Feature","id":"AC-Y355-X332","properties":{"id":"AC-Y355-X332","grid_x":332,"grid_y":355,"centroid":[-71.6897201,-9.9127237],"aggregation":"none","score_gradboost":0.0060159,"score_random_forest":0.0006594,"score_logistic_regression":0.0002043,"score_fuzzy_knn_k29":0.0},"geometry":{"type":"Polygon","coordinates":[[[-71.6938105,-9.9153931],[-71.6856737,-9.9154583],[-71.6856297,-9.9100542],[-71.6937664,-9.909989],[-71.6938105,-9.9153931]]]}},{"type":"Feature","id":"AC-Y355-X333","properties":{"id":"AC-Y355-X333","grid_x":333,"grid_y":355,"centroid":[-71.6815833,-9.9127888],"aggregation":"none","score_gradboost":0.0060159,"score_random_forest":0.0002398,"score_logistic_regression":0.0003439,"score_fuzzy_knn_k29":0.0},"geometry":{"type":"Polygon","coordinates":[[[-71.6856737,-9.9154583],[-71.6775368,-9.9155234],[-71.6774929,-9.9101192],[-71.6856297,-9.9100542],[-71.6856737,-9.9154583]]]}},{"type":"Feature","id":"AC-Y355-X334","properties":{"id":"AC-Y355-X334","grid_x":334,"grid_y":355,"centroid":[-71.6734464,-9.9128538],"aggregation":"none","score_gradboost":0.0060159,"score_random_forest":0.0013167,"score_logistic_regression":0.0003481,"score_fuzzy_knn_k29":0.0},"geometry":{"type":"Polygon","coordinates":[[[-71.6775368,-9.9155234],[-71.6693998,-9.9155883],[-71.6693561,-9.910184],[-71.6774929,-9.9101192],[-71.6775368,-9.9155234]]]}},{"type":"Feature","id":"AC-Y355-X335","properties":{"id":"AC-Y355-X335","grid_x":335,"grid_y":355,"centroid":[-71.6653095,-9.9129185],"aggregation":"none","score_gradboost":0.0062638,"score_random_forest":0.0124537,"score_logistic_regression":0.0001944,"score_fuzzy_knn_k29":0.0},"geometry":{"type":"Polygon","coordinates":[[[-71.6693998,-9.9155883],[-71.6612628,-9.9156529],[-71.6612192,-9.9102487],[-71.6693561,-9.910184],[-71.6693998,-9.9155883]]]}},{"type":"Feature","id":"AC-Y355-X336","properties":{"id":"AC-Y355-X336","grid_x":336,"grid_y":355,"centroid":[-71.6571725,-9.9129831],"aggregation":"none","score_gradboost":0.0060759,"score_random_forest":0.0035905,"score_logistic_regression":0.0002897,"score_fuzzy_knn_k29":0.0},"geometry":{"type":"Polygon","coordinates":[[[-71.6612628,-9.9156529],[-71.6531258,-9.9157174],[-71.6530823,-9.9103131],[-71.6612192,-9.9102487],[-71.6612628,-9.9156529]]]}},{"type":"Feature","id":"AC-Y356-X330","properties":{"id":"AC-Y356-X330","grid_x":330,"grid_y":356,"centroid":[-71.7059491,-9.9071887],"aggregation":"none","score_gradboost":0.0060159,"score_random_forest":0.0004891,"score_logistic_regression":0.0003703,"score_fuzzy_knn_k29":0.0},"geometry":{"type":"Polygon","coordinates":[[[-71.7100396,-9.9098579],[-71.701903,-9.9099235],[-71.7018588,-9.9045195],[-71.7099952,-9.9044539],[-71.7100396,-9.9098579]]]}},{"type":"Feature","id":"AC-Y356-X331","properties":{"id":"AC-Y356-X331","grid_x":331,"grid_y":356,"centroid":[-71.6978126,-9.9072542],"aggregation":"none","score_gradboost":0.0060159,"score_random_forest":0.0002398,"score_logistic_regression":0.0003576,"score_fuzzy_knn_k29":0.0},"geometry":{"type":"Polygon","coordinates":[[[-71.701903,-9.9099235],[-71.6937664,-9.909989],[-71.6937222,-9.9045848],[-71.7018588,-9.9045195],[-71.701903,-9.9099235]]]}},{"type":"Feature","id":"AC-Y356-X332","properties":{"id":"AC-Y356-X332","grid_x":332,"grid_y":356,"centroid":[-71.689676,-9.9073195],"aggregation":"none","score_gradboost":0.0060159,"score_random_forest":0.0007711,"score_logistic_regression":0.0003028,"score_fuzzy_knn_k29":0.0},"geometry":{"type":"Polygon","coordinates":[[[-71.6937664,-9.909989],[-71.6856297,-9.9100542],[-71.6855857,-9.90465],[-71.6937222,-9.9045848],[-71.6937664,-9.909989]]]}},{"type":"Feature","id":"AC-Y356-X333","properties":{"id":"AC-Y356-X333","grid_x":333,"grid_y":356,"centroid":[-71.6815393,-9.9073846],"aggregation":"none","score_gradboost":0.0060159,"score_random_forest":0.0,"score_logistic_regression":0.0003158,"score_fuzzy_knn_k29":0.0},"geometry":{"type":"Polygon","coordinates":[[[-71.6856297,-9.9100542],[-71.6774929,-9.9101192],[-71.677449,-9.904715],[-71.6855857,-9.90465],[-71.6856297,-9.9100542]]]}},{"type":"Feature","id":"AC-Y356-X334","properties":{"id":"AC-Y356-X334","grid_x":334,"grid_y":356,"centroid":[-71.6734026,-9.9074496],"aggregation":"none","score_gradboost":0.0060159,"score_random_forest":0.0076636,"score_logistic_regression":0.000327,"score_fuzzy_knn_k29":0.0},"geometry":{"type":"Polygon","coordinates":[[[-71.6774929,-9.9101192],[-71.6693561,-9.910184],[-71.6693124,-9.9047798],[-71.677449,-9.904715],[-71.6774929,-9.9101192]]]}},{"type":"Feature","id":"AC-Y356-X335","properties":{"id":"AC-Y356-X335","grid_x":335,"grid_y":356,"centroid":[-71.6652658,-9.9075143],"aggregation":"none","score_gradboost":0.0062638,"score_random_forest":0.0068294,"score_logistic_regression":0.0002612,"score_fuzzy_knn_k29":0.0},"geometry":{"type":"Polygon","coordinates":[[[-71.6693561,-9.910184],[-71.6612192,-9.9102487],[-71.6611756,-9.9048444],[-71.6693124,-9.9047798],[-71.6693561,-9.910184]]]}},{"type":"Feature","id":"AC-Y356-X336","properties":{"id":"AC-Y356-X336","grid_x":336,"grid_y":356,"centroid":[-71.657129,-9.9075788],"aggregation":"none","score_gradboost":0.0060759,"score_random_forest":0.0011062,"score_logistic_regression":0.0003178,"score_fuzzy_knn_k29":0.0},"geometry":{"type":"Polygon","coordinates":[[[-71.6612192,-9.9102487],[-71.6530823,-9.9103131],[-71.6530388,-9.9049088],[-71.6611756,-9.9048444],[-71.6612192,-9.9102487]]]}},{"type":"Feature","id":"AC-Y357-X330","properties":{"id":"AC-Y357-X330","grid_x":330,"grid_y":357,"centroid":[-71.7059048,-9.9017847],"aggregation":"none","score_gradboost":0.0060159,"score_random_forest":0.0002398,"score_logistic_regression":0.0003576,"score_fuzzy_knn_k29":0.0},"geometry":{"type":"Polygon","coordinates":[[[-71.7099952,-9.9044539],[-71.7018588,-9.9045195],[-71.7018145,-9.8991154],[-71.7099509,-9.8990498],[-71.7099952,-9.9044539]]]}},{"type":"Feature","id":"AC-Y357-X331","properties":{"id":"AC-Y357-X331","grid_x":331,"grid_y":357,"centroid":[-71.6977684,-9.9018501],"aggregation":"none","score_gradboost":0.0060159,"score_random_forest":0.0002398,"score_logistic_regression":0.0002562,"score_fuzzy_knn_k29":0.0},"geometry":{"type":"Polygon","coordinates":[[[-71.7018588,-9.9045195],[-71.6937222,-9.9045848],[-71.6936781,-9.8991807],[-71.7018145,-9.8991154],[-71.7018588,-9.9045195]]]}},{"type":"Feature","id":"AC-Y357-X332","properties":{"id":"AC-Y357-X332","grid_x":332,"grid_y":357,"centroid":[-71.6896319,-9.9019154],"aggregation":"none","score_gradboost":0.0075249,"score_random_forest":0.0,"score_logistic_regression":0.0004266,"score_fuzzy_knn_k29":0.0},"geometry":{"type":"Polygon","coordinates":[[[-71.6937222,-9.9045848],[-71.6855857,-9.90465],[-71.6855417,-9.8992459],[-71.6936781,-9.8991807],[-71.6937222,-9.9045848]]]}},{"type":"Feature","id":"AC-Y357-X333","properties":{"id":"AC-Y357-X333","grid_x":333,"grid_y":357,"centroid":[-71.6814954,-9.9019805],"aggregation":"none","score_gradboost":0.0060159,"score_random_forest":0.0,"score_logistic_regression":0.0003034,"score_fuzzy_knn_k29":0.0},"geometry":{"type":"Polygon","coordinates":[[[-71.6855857,-9.90465],[-71.677449,-9.904715],[-71.6774052,-9.8993109],[-71.6855417,-9.8992459],[-71.6855857,-9.90465]]]}},{"type":"Feature","id":"AC-Y357-X334","properties":{"id":"AC-Y357-X334","grid_x":334,"grid_y":357,"centroid":[-71.6733588,-9.9020454],"aggregation":"none","score_gradboost":0.0060159,"score_random_forest":0.0002398,"score_logistic_regression":0.0003397,"score_fuzzy_knn_k29":0.0},"geometry":{"type":"Polygon","coordinates":[[[-71.677449,-9.904715],[-71.6693124,-9.9047798],[-71.6692687,-9.8993756],[-71.6774052,-9.8993109],[-71.677449,-9.904715]]]}},{"type":"Feature","id":"AC-Y357-X335","properties":{"id":"AC-Y357-X335","grid_x":335,"grid_y":357,"centroid":[-71.6652222,-9.90211],"aggregation":"none","score_gradboost":0.0060159,"score_random_forest":0.0008667,"score_logistic_regression":0.0002776,"score_fuzzy_knn_k29":0.0},"geometry":{"type":"Polygon","coordinates":[[[-71.6693124,-9.9047798],[-71.6611756,-9.9048444],[-71.6611321,-9.8994402],[-71.6692687,-9.8993756],[-71.6693124,-9.9047798]]]}},{"type":"Feature","id":"AC-Y357-X336","properties":{"id":"AC-Y357-X336","grid_x":336,"grid_y":357,"centroid":[-71.6570855,-9.9021745],"aggregation":"none","score_gradboost":0.0062638,"score_random_forest":0.0012861,"score_logistic_regression":0.0002214,"score_fuzzy_knn_k29":0.0},"geometry":{"type":"Polygon","coordinates":[[[-71.6611756,-9.9048444],[-71.6530388,-9.9049088],[-71.6529954,-9.8995046],[-71.6611321,-9.8994402],[-71.6611756,-9.9048444]]]}},{"type":"Feature","id":"AC-Y357-X337","properties":{"id":"AC-Y357-X337","grid_x":337,"grid_y":357,"centroid":[-71.6489487,-9.9022388],"aggregation":"none","score_gradboost":0.0061915,"score_random_forest":0.0028034,"score_logistic_regression":0.0002859,"score_fuzzy_knn_k29":0.0},"geometry":{"type":"Polygon","coordinates":[[[-71.6530388,-9.9049088],[-71.644902,-9.9049731],[-71.6448587,-9.8995687],[-71.6529954,-9.8995046],[-71.6530388,-9.9049088]]]}},{"type":"Feature","id":"AC-Y358-X330","properties":{"id":"AC-Y358-X330","grid_x":330,"grid_y":358,"centroid":[-71.7058606,-9.8963806],"aggregation":"none","score_gradboost":0.0060159,"score_random_forest":0.0002398,"score_logistic_regression":0.0003634,"score_fuzzy_knn_k29":0.0},"geometry":{"type":"Polygon","coordinates":[[[-71.7099509,-9.8990498],[-71.7018145,-9.8991154],[-71.7017703,-9.8937113],[-71.7099065,-9.8936458],[-71.7099509,-9.8990498]]]}},{"type":"Feature","id":"AC-Y358-X331","properties":{"id":"AC-Y358-X331","grid_x":331,"grid_y":358,"centroid":[-71.6977243,-9.896446],"aggregation":"none","score_gradboost":0.0060159,"score_random_forest":0.0002398,"score_logistic_regression":0.000351,"score_fuzzy_knn_k29":0.0},"geometry":{"type":"Polygon","coordinates":[[[-71.7018145,-9.8991154],[-71.6936781,-9.8991807],[-71.6936341,-9.8937766],[-71.7017703,-9.8937113],[-71.7018145,-9.8991154]]]}},{"type":"Feature","id":"AC-Y358-X332","properties":{"id":"AC-Y358-X332","grid_x":332,"grid_y":358,"centroid":[-71.6895879,-9.8965113],"aggregation":"none","score_gradboost":0.0060159,"score_random_forest":0.0021432,"score_logistic_regression":0.0003971,"score_fuzzy_knn_k29":0.0},"geometry":{"type":"Polygon","coordinates":[[[-71.6936781,-9.8991807],[-71.6855417,-9.8992459],[-71.6854978,-9.8938418],[-71.6936341,-9.8937766],[-71.6936781,-9.8991807]]]}},{"type":"Feature","id":"AC-Y358-X333","properties":{"id":"AC-Y358-X333","grid_x":333,"grid_y":358,"centroid":[-71.6814515,-9.8965763],"aggregation":"none","score_gradboost":0.0060159,"score_random_forest":0.0016147,"score_logistic_regression":0.0003022,"score_fuzzy_knn_k29":0.0},"geometry":{"type":"Polygon","coordinates":[[[-71.6855417,-9.8992459],[-71.6774052,-9.8993109],[-71.6773614,-9.8939067],[-71.6854978,-9.8938418],[-71.6855417,-9.8992459]]]}},{"type":"Feature","id":"AC-Y358-X334","properties":{"id":"AC-Y358-X334","grid_x":334,"grid_y":358,"centroid":[-71.6733151,-9.8966412],"aggregation":"none","score_gradboost":0.0060159,"score_random_forest":0.0002398,"score_logistic_regression":0.000318,"score_fuzzy_knn_k29":0.0},"geometry":{"type":"Polygon","coordinates":[[[-71.6774052,-9.8993109],[-71.6692687,-9.8993756],[-71.669225,-9.8939714],[-71.6773614,-9.8939067],[-71.6774052,-9.8993109]]]}},{"type":"Feature","id":"AC-Y358-X335","properties":{"id":"AC-Y358-X335","grid_x":335,"grid_y":358,"centroid":[-71.6651786,-9.8967058],"aggregation":"none","score_gradboost":0.0060159,"score_random_forest":0.0,"score_logistic_regression":0.0003091,"score_fuzzy_knn_k29":0.0},"geometry":{"type":"Polygon","coordinates":[[[-71.6692687,-9.8993756],[-71.6611321,-9.8994402],[-71.6610885,-9.8940359],[-71.669225,-9.8939714],[-71.6692687,-9.8993756]]]}},{"type":"Feature","id":"AC-Y358-X336","properties":{"id":"AC-Y358-X336","grid_x":336,"grid_y":358,"centroid":[-71.657042,-9.8967703],"aggregation":"none","score_gradboost":0.0062638,"score_random_forest":0.0061423,"score_logistic_regression":0.0003464,"score_fuzzy_knn_k29":0.0},"geometry":{"type":"Polygon","coordinates":[[[-71.6611321,-9.8994402],[-71.6529954,-9.8995046],[-71.652952,-9.8941003],[-71.6610885,-9.8940359],[-71.6611321,-9.8994402]]]}},{"type":"Feature","id":"AC-Y358-X337","properties":{"id":"AC-Y358-X337","grid_x":337,"grid_y":358,"centroid":[-71.6489054,-9.8968345],"aggregation":"none","score_gradboost":0.0061295,"score_random_forest":0.0003789,"score_logistic_regression":0.0003373,"score_fuzzy_knn_k29":0.0},"geometry":{"type":"Polygon","coordinates":[[[-71.6529954,-9.8995046],[-71.6448587,-9.8995687],[-71.6448154,-9.8941644],[-71.652952,-9.8941003],[-71.6529954,-9.8995046]]]}},{"type":"Feature","id":"AC-Y359-X330","properties":{"id":"AC-Y359-X330","grid_x":330,"grid_y":359,"centroid":[-71.7058163,-9.8909766],"aggregation":"none","score_gradboost":0.0060159,"score_random_forest":0.0010018,"score_logistic_regression":0.0003038,"score_fuzzy_knn_k29":0.0},"geometry":{"type":"Polygon","coordinates":[[[-71.7099065,-9.8936458],[-71.7017703,-9.8937113],[-71.7017261,-9.8883072],[-71.7098622,-9.8882418],[-71.7099065,-9.8936458]]]}},{"type":"Feature","id":"AC-Y359-X331","properties":{"id":"AC-Y359-X331","grid_x":331,"grid_y":359,"centroid":[-71.6976801,-9.891042],"aggregation":"none","score_gradboost":0.0075249,"score_random_forest":0.0035398,"score_logistic_regression":0.000511,"score_fuzzy_knn_k29":0.0},"geometry":{"type":"Polygon","coordinates":[[[-71.7017703,-9.8937113],[-71.6936341,-9.8937766],[-71.69359,-9.8883725],[-71.7017261,-9.8883072],[-71.7017703,-9.8937113]]]}},{"type":"Feature","id":"AC-Y359-X332","properties":{"id":"AC-Y359-X332","grid_x":332,"grid_y":359,"centroid":[-71.6895439,-9.8911072],"aggregation":"none","score_gradboost":0.0060159,"score_random_forest":0.0002398,"score_logistic_regression":0.0003813,"score_fuzzy_knn_k29":0.0},"geometry":{"type":"Polygon","coordinates":[[[-71.6936341,-9.8937766],[-71.6854978,-9.8938418],[-71.6854539,-9.8884376],[-71.69359,-9.8883725],[-71.6936341,-9.8937766]]]}},{"type":"Feature","id":"AC-Y359-X333","properties":{"id":"AC-Y359-X333","grid_x":333,"grid_y":359,"centroid":[-71.6814077,-9.8911722],"aggregation":"none","score_gradboost":0.0060159,"score_random_forest":0.0002398,"score_logistic_regression":0.0003355,"score_fuzzy_knn_k29":0.0},"geometry":{"type":"Polygon","coordinates":[[[-71.6854978,-9.8938418],[-71.6773614,-9.8939067],[-71.6773176,-9.8885025],[-71.6854539,-9.8884376],[-71.6854978,-9.8938418]]]}},{"type":"Feature","id":"AC-Y359-X334","properties":{"id":"AC-Y359-X334","grid_x":334,"grid_y":359,"centroid":[-71.6732713,-9.891237],"aggregation":"none","score_gradboost":0.0075249,"score_random_forest":0.0043692,"score_logistic_regression":0.0004835,"score_fuzzy_knn_k29":0.0},"geometry":{"type":"Polygon","coordinates":[[[-71.6773614,-9.8939067],[-71.669225,-9.8939714],[-71.6691813,-9.8885672],[-71.6773176,-9.8885025],[-71.6773614,-9.8939067]]]}},{"type":"Feature","id":"AC-Y359-X335","properties":{"id":"AC-Y359-X335","grid_x":335,"grid_y":359,"centroid":[-71.665135,-9.8913016],"aggregation":"none","score_gradboost":0.0060159,"score_random_forest":0.0009855,"score_logistic_regression":0.0003597,"score_fuzzy_knn_k29":0.0},"geometry":{"type":"Polygon","coordinates":[[[-71.669225,-9.8939714],[-71.6610885,-9.8940359],[-71.661045,-9.8886317],[-71.6691813,-9.8885672],[-71.669225,-9.8939714]]]}},{"type":"Feature","id":"AC-Y359-X336","properties":{"id":"AC-Y359-X336","grid_x":336,"grid_y":359,"centroid":[-71.6569985,-9.891366],"aggregation":"none","score_gradboost":0.0062638,"score_random_forest":0.0063256,"score_logistic_regression":0.0002754,"score_fuzzy_knn_k29":0.0},"geometry":{"type":"Polygon","coordinates":[[[-71.6610885,-9.8940359],[-71.652952,-9.8941003],[-71.6529086,-9.888696],[-71.661045,-9.8886317],[-71.6610885,-9.8940359]]]}},{"type":"Feature","id":"AC-Y359-X337","properties":{"id":"AC-Y359-X337","grid_x":337,"grid_y":359,"centroid":[-71.648862,-9.8914302],"aggregation":"none","score_gradboost":0.0060759,"score_random_forest":0.0061518,"score_logistic_regression":0.0003564,"score_fuzzy_knn_k29":0.0},"geometry":{"type":"Polygon","coordinates":[[[-71.652952,-9.8941003],[-71.6448154,-9.8941644],[-71.6447721,-9.8887601],[-71.6529086,-9.888696],[-71.652952,-9.8941003]]]}},{"type":"Feature","id":"AC-Y360-X330","properties":{"id":"AC-Y360-X330","grid_x":330,"grid_y":360,"centroid":[-71.7057721,-9.8855725],"aggregation":"none","score_gradboost":0.0075249,"score_random_forest":0.0007711,"score_logistic_regression":0.0004715,"score_fuzzy_knn_k29":0.0},"geometry":{"type":"Polygon","coordinates":[[[-71.7098622,-9.8882418],[-71.7017261,-9.8883072],[-71.701682,-9.8829032],[-71.7098179,-9.8828377],[-71.7098622,-9.8882418]]]}},{"type":"Feature","id":"AC-Y360-X331","properties":{"id":"AC-Y360-X331","grid_x":331,"grid_y":360,"centroid":[-71.697636,-9.8856379],"aggregation":"none","score_gradboost":0.0060159,"score_random_forest":0.0020466,"score_logistic_regression":0.0003144,"score_fuzzy_knn_k29":0.0},"geometry":{"type":"Polygon","coordinates":[[[-71.7017261,-9.8883072],[-71.69359,-9.8883725],[-71.693546,-9.8829684],[-71.701682,-9.8829032],[-71.7017261,-9.8883072]]]}},{"type":"Feature","id":"AC-Y360-X332","properties":{"id":"AC-Y360-X332","grid_x":332,"grid_y":360,"centroid":[-71.6895,-9.885703],"aggregation":"none","score_gradboost":0.0075249,"score_random_forest":0.0035398,"score_logistic_regression":0.0005049,"score_fuzzy_knn_k29":0.0},"geometry":{"type":"Polygon","coordinates":[[[-71.69359,-9.8883725],[-71.6854539,-9.8884376],[-71.68541,-9.8830335],[-71.693546,-9.8829684],[-71.69359,-9.8883725]]]}},{"type":"Feature","id":"AC-Y360-X333","properties":{"id":"AC-Y360-X333","grid_x":333,"grid_y":360,"centroid":[-71.6813638,-9.885768],"aggregation":"none","score_gradboost":0.0075249,"score_random_forest":0.0014928,"score_logistic_regression":0.000535,"score_fuzzy_knn_k29":0.0},"geometry":{"type":"Polygon","coordinates":[[[-71.6854539,-9.8884376],[-71.6773176,-9.8885025],[-71.6772739,-9.8830983],[-71.68541,-9.8830335],[-71.6854539,-9.8884376]]]}},{"type":"Feature","id":"AC-Y360-X334","properties":{"id":"AC-Y360-X334","grid_x":334,"grid_y":360,"centroid":[-71.6732276,-9.8858328],"aggregation":"none","score_gradboost":0.0075249,"score_random_forest":0.0035414,"score_logistic_regression":0.0004443,"score_fuzzy_knn_k29":0.0},"geometry":{"type":"Polygon","coordinates":[[[-71.6773176,-9.8885025],[-71.6691813,-9.8885672],[-71.6691377,-9.883163],[-71.6772739,-9.8830983],[-71.6773176,-9.8885025]]]}},{"type":"Feature","id":"AC-Y360-X335","properties":{"id":"AC-Y360-X335","grid_x":335,"grid_y":360,"centroid":[-71.6650914,-9.8858973],"aggregation":"none","score_gradboost":0.0060159,"score_random_forest":0.0021432,"score_logistic_regression":0.0003722,"score_fuzzy_knn_k29":0.0},"geometry":{"type":"Polygon","coordinates":[[[-71.6691813,-9.8885672],[-71.661045,-9.8886317],[-71.6610015,-9.8832274],[-71.6691377,-9.883163],[-71.6691813,-9.8885672]]]}},{"type":"Feature","id":"AC-Y360-X336","properties":{"id":"AC-Y360-X336","grid_x":336,"grid_y":360,"centroid":[-71.6569551,-9.8859617],"aggregation":"none","score_gradboost":0.0062638,"score_random_forest":0.0046419,"score_logistic_regression":0.0001994,"score_fuzzy_knn_k29":0.0},"geometry":{"type":"Polygon","coordinates":[[[-71.661045,-9.8886317],[-71.6529086,-9.888696],[-71.6528652,-9.8832917],[-71.6610015,-9.8832274],[-71.661045,-9.8886317]]]}},{"type":"Feature","id":"AC-Y360-X337","properties":{"id":"AC-Y360-X337","grid_x":337,"grid_y":360,"centroid":[-71.6488187,-9.8860259],"aggregation":"none","score_gradboost":0.0061295,"score_random_forest":0.0003789,"score_logistic_regression":0.0002848,"score_fuzzy_knn_k29":0.0},"geometry":{"type":"Polygon","coordinates":[[[-71.6529086,-9.888696],[-71.6447721,-9.8887601],[-71.6447289,-9.8833558],[-71.6528652,-9.8832917],[-71.6529086,-9.888696]]]}},{"type":"Feature","id":"AC-Y361-X330","properties":{"id":"AC-Y361-X330","grid_x":330,"grid_y":361,"centroid":[-71.7057279,-9.8801684],"aggregation":"none","score_gradboost":0.0075249,"score_random_forest":0.0075789,"score_logistic_regression":0.0005137,"score_fuzzy_knn_k29":0.0},"geometry":{"type":"Polygon","coordinates":[[[-71.7098179,-9.8828377],[-71.701682,-9.8829032],[-71.7016379,-9.8774991],[-71.7097737,-9.8774337],[-71.7098179,-9.8828377]]]}},{"type":"Feature","id":"AC-Y361-X331","properties":{"id":"AC-Y361-X331","grid_x":331,"grid_y":361,"centroid":[-71.697592,-9.8802338],"aggregation":"none","score_gradboost":0.0060159,"score_random_forest":0.0004891,"score_logistic_regression":0.0003582,"score_fuzzy_knn_k29":0.0},"geometry":{"type":"Polygon","coordinates":[[[-71.701682,-9.8829032],[-71.693546,-9.8829684],[-71.693502,-9.8775643],[-71.7016379,-9.8774991],[-71.701682,-9.8829032]]]}},{"type":"Feature","id":"AC-Y361-X332","properties":{"id":"AC-Y361-X332","grid_x":332,"grid_y":361,"centroid":[-71.689456,-9.8802989],"aggregation":"none","score_gradboost":0.0075249,"score_random_forest":0.0030583,"score_logistic_regression":0.00052,"score_fuzzy_knn_k29":0.0},"geometry":{"type":"Polygon","coordinates":[[[-71.693546,-9.8829684],[-71.68541,-9.8830335],[-71.6853661,-9.8776293],[-71.693502,-9.8775643],[-71.693546,-9.8829684]]]}},{"type":"Feature","id":"AC-Y361-X333","properties":{"id":"AC-Y361-X333","grid_x":333,"grid_y":361,"centroid":[-71.68132,-9.8803638],"aggregation":"none","score_gradboost":0.0075249,"score_random_forest":0.0019266,"score_logistic_regression":0.0004602,"score_fuzzy_knn_k29":0.0},"geometry":{"type":"Polygon","coordinates":[[[-71.68541,-9.8830335],[-71.6772739,-9.8830983],[-71.6772301,-9.8776941],[-71.6853661,-9.8776293],[-71.68541,-9.8830335]]]}},{"type":"Feature","id":"AC-Y361-X334","properties":{"id":"AC-Y361-X334","grid_x":334,"grid_y":361,"centroid":[-71.673184,-9.8804286],"aggregation":"none","score_gradboost":0.0060159,"score_random_forest":0.0011292,"score_logistic_regression":0.000403,"score_fuzzy_knn_k29":0.0},"geometry":{"type":"Polygon","coordinates":[[[-71.6772739,-9.8830983],[-71.6691377,-9.883163],[-71.6690941,-9.8777587],[-71.6772301,-9.8776941],[-71.6772739,-9.8830983]]]}},{"type":"Feature","id":"AC-Y361-X335","properties":{"id":"AC-Y361-X335","grid_x":335,"grid_y":361,"centroid":[-71.6650479,-9.8804931],"aggregation":"none","score_gradboost":0.0060159,"score_random_forest":0.0040058,"score_logistic_regression":0.0003274,"score_fuzzy_knn_k29":0.0},"geometry":{"type":"Polygon","coordinates":[[[-71.6691377,-9.883163],[-71.6610015,-9.8832274],[-71.660958,-9.8778232],[-71.6690941,-9.8777587],[-71.6691377,-9.883163]]]}},{"type":"Feature","id":"AC-Y361-X336","properties":{"id":"AC-Y361-X336","grid_x":336,"grid_y":361,"centroid":[-71.6569117,-9.8805574],"aggregation":"none","score_gradboost":0.0062638,"score_random_forest":0.0079839,"score_logistic_regression":0.0002789,"score_fuzzy_knn_k29":0.0},"geometry":{"type":"Polygon","coordinates":[[[-71.6610015,-9.8832274],[-71.6528652,-9.8832917],[-71.6528219,-9.8778874],[-71.660958,-9.8778232],[-71.6610015,-9.8832274]]]}},{"type":"Feature","id":"AC-Y361-X337","properties":{"id":"AC-Y361-X337","grid_x":337,"grid_y":361,"centroid":[-71.6487755,-9.8806216],"aggregation":"none","score_gradboost":0.0061915,"score_random_forest":0.002061,"score_logistic_regression":0.00034,"score_fuzzy_knn_k29":0.0},"geometry":{"type":"Polygon","coordinates":[[[-71.6528652,-9.8832917],[-71.6447289,-9.8833558],[-71.6446857,-9.8779514],[-71.6528219,-9.8778874],[-71.6528652,-9.8832917]]]}},{"type":"Feature","id":"AC-Y362-X330","properties":{"id":"AC-Y362-X330","grid_x":330,"grid_y":362,"centroid":[-71.7056837,-9.8747644],"aggregation":"none","score_gradboost":0.0062638,"score_random_forest":0.0119515,"score_logistic_regression":0.0004579,"score_fuzzy_knn_k29":0.0},"geometry":{"type":"Polygon","coordinates":[[[-71.7097737,-9.8774337],[-71.7016379,-9.8774991],[-71.7015938,-9.872095],[-71.7097294,-9.8720296],[-71.7097737,-9.8774337]]]}},{"type":"Feature","id":"AC-Y362-X331","properties":{"id":"AC-Y362-X331","grid_x":331,"grid_y":362,"centroid":[-71.6975479,-9.8748297],"aggregation":"none","score_gradboost":0.0075249,"score_random_forest":0.0070657,"score_logistic_regression":0.000493,"score_fuzzy_knn_k29":0.0},"geometry":{"type":"Polygon","coordinates":[[[-71.7016379,-9.8774991],[-71.693502,-9.8775643],[-71.693458,-9.8721602],[-71.7015938,-9.872095],[-71.7016379,-9.8774991]]]}},{"type":"Feature","id":"AC-Y362-X332","properties":{"id":"AC-Y362-X332","grid_x":332,"grid_y":362,"centroid":[-71.6894121,-9.8748948],"aggregation":"none","score_gradboost":0.0075249,"score_random_forest":0.0004792,"score_logistic_regression":0.0005787,"score_fuzzy_knn_k29":0.0},"geometry":{"type":"Polygon","coordinates":[[[-71.693502,-9.8775643],[-71.6853661,-9.8776293],[-71.6853223,-9.8722252],[-71.693458,-9.8721602],[-71.693502,-9.8775643]]]}},{"type":"Feature","id":"AC-Y362-X333","properties":{"id":"AC-Y362-X333","grid_x":333,"grid_y":362,"centroid":[-71.6812762,-9.8749597],"aggregation":"none","score_gradboost":0.0060159,"score_random_forest":0.0020466,"score_logistic_regression":0.0003907,"score_fuzzy_knn_k29":0.0},"geometry":{"type":"Polygon","coordinates":[[[-71.6853661,-9.8776293],[-71.6772301,-9.8776941],[-71.6771864,-9.8722899],[-71.6853223,-9.8722252],[-71.6853661,-9.8776293]]]}},{"type":"Feature","id":"AC-Y362-X334","properties":{"id":"AC-Y362-X334","grid_x":334,"grid_y":362,"centroid":[-71.6731403,-9.8750244],"aggregation":"none","score_gradboost":0.0075249,"score_random_forest":0.0056645,"score_logistic_regression":0.0004566,"score_fuzzy_knn_k29":0.0},"geometry":{"type":"Polygon","coordinates":[[[-71.6772301,-9.8776941],[-71.6690941,-9.8777587],[-71.6690505,-9.8723545],[-71.6771864,-9.8722899],[-71.6772301,-9.8776941]]]}},{"type":"Feature","id":"AC-Y362-X335","properties":{"id":"AC-Y362-X335","grid_x":335,"grid_y":362,"centroid":[-71.6650043,-9.8750889],"aggregation":"none","score_gradboost":0.0062638,"score_random_forest":0.0061423,"score_logistic_regression":0.0003838,"score_fuzzy_knn_k29":0.0},"geometry":{"type":"Polygon","coordinates":[[[-71.6690941,-9.8777587],[-71.660958,-9.8778232],[-71.6609146,-9.8724189],[-71.6690505,-9.8723545],[-71.6690941,-9.8777587]]]}},{"type":"Feature","id":"AC-Y362-X336","properties":{"id":"AC-Y362-X336","grid_x":336,"grid_y":362,"centroid":[-71.6568683,-9.8751532],"aggregation":"none","score_gradboost":0.0060759,"score_random_forest":0.0185234,"score_logistic_regression":0.0003446,"score_fuzzy_knn_k29":0.0},"geometry":{"type":"Polygon","coordinates":[[[-71.660958,-9.8778232],[-71.6528219,-9.8778874],[-71.6527786,-9.8724831],[-71.6609146,-9.8724189],[-71.660958,-9.8778232]]]}},{"type":"Feature","id":"AC-Y362-X337","properties":{"id":"AC-Y362-X337","grid_x":337,"grid_y":362,"centroid":[-71.6487322,-9.8752173],"aggregation":"none","score_gradboost":0.0071953,"score_random_forest":0.0040334,"score_logistic_regression":0.0003634,"score_fuzzy_knn_k29":0.0},"geometry":{"type":"Polygon","coordinates":[[[-71.6528219,-9.8778874],[-71.6446857,-9.8779514],[-71.6446425,-9.8725471],[-71.6527786,-9.8724831],[-71.6528219,-9.8778874]]]}},{"type":"Feature","id":"AC-Y363-X330","properties":{"id":"AC-Y363-X330","grid_x":330,"grid_y":363,"centroid":[-71.7056395,-9.8693603],"aggregation":"none","score_gradboost":0.0075249,"score_random_forest":0.0073789,"score_logistic_regression":0.0005324,"score_fuzzy_knn_k29":0.0},"geometry":{"type":"Polygon","coordinates":[[[-71.7097294,-9.8720296],[-71.7015938,-9.872095],[-71.7015497,-9.8666909],[-71.7096852,-9.8666256],[-71.7097294,-9.8720296]]]}},{"type":"Feature","id":"AC-Y363-X331","properties":{"id":"AC-Y363-X331","grid_x":331,"grid_y":363,"centroid":[-71.6975039,-9.8694256],"aggregation":"none","score_gradboost":0.0060159,"score_random_forest":0.0076636,"score_logistic_regression":0.0004009,"score_fuzzy_knn_k29":0.0},"geometry":{"type":"Polygon","coordinates":[[[-71.7015938,-9.872095],[-71.693458,-9.8721602],[-71.6934141,-9.8667561],[-71.7015497,-9.8666909],[-71.7015938,-9.872095]]]}},{"type":"Feature","id":"AC-Y363-X332","properties":{"id":"AC-Y363-X332","grid_x":332,"grid_y":363,"centroid":[-71.6893682,-9.8694906],"aggregation":"none","score_gradboost":0.0060159,"score_random_forest":0.0016246,"score_logistic_regression":0.000439,"score_fuzzy_knn_k29":0.0},"geometry":{"type":"Polygon","coordinates":[[[-71.693458,-9.8721602],[-71.6853223,-9.8722252],[-71.6852785,-9.866821],[-71.6934141,-9.8667561],[-71.693458,-9.8721602]]]}},{"type":"Feature","id":"AC-Y363-X333","properties":{"id":"AC-Y363-X333","grid_x":333,"grid_y":363,"centroid":[-71.6812325,-9.8695555],"aggregation":"none","score_gradboost":0.0060159,"score_random_forest":0.0095949,"score_logistic_regression":0.0004069,"score_fuzzy_knn_k29":0.0},"geometry":{"type":"Polygon","coordinates":[[[-71.6853223,-9.8722252],[-71.6771864,-9.8722899],[-71.6771428,-9.8668857],[-71.6852785,-9.866821],[-71.6853223,-9.8722252]]]}},{"type":"Feature","id":"AC-Y363-X334","properties":{"id":"AC-Y363-X334","grid_x":334,"grid_y":363,"centroid":[-71.6730967,-9.8696202],"aggregation":"none","score_gradboost":0.0060159,"score_random_forest":0.0036316,"score_logistic_regression":0.0003622,"score_fuzzy_knn_k29":0.0},"geometry":{"type":"Polygon","coordinates":[[[-71.6771864,-9.8722899],[-71.6690505,-9.8723545],[-71.669007,-9.8669503],[-71.6771428,-9.8668857],[-71.6771864,-9.8722899]]]}},{"type":"Feature","id":"AC-Y363-X335","properties":{"id":"AC-Y363-X335","grid_x":335,"grid_y":363,"centroid":[-71.6649608,-9.8696846],"aggregation":"none","score_gradboost":0.0078345,"score_random_forest":0.0079873,"score_logistic_regression":0.0004475,"score_fuzzy_knn_k29":0.0},"geometry":{"type":"Polygon","coordinates":[[[-71.6690505,-9.8723545],[-71.6609146,-9.8724189],[-71.6608712,-9.8670146],[-71.669007,-9.8669503],[-71.6690505,-9.8723545]]]}},{"type":"Feature","id":"AC-Y363-X336","properties":{"id":"AC-Y363-X336","grid_x":336,"grid_y":363,"centroid":[-71.6568249,-9.8697489],"aggregation":"none","score_gradboost":0.0061915,"score_random_forest":0.0023846,"score_logistic_regression":0.00035,"score_fuzzy_knn_k29":0.0},"geometry":{"type":"Polygon","coordinates":[[[-71.6609146,-9.8724189],[-71.6527786,-9.8724831],[-71.6527353,-9.8670788],[-71.6608712,-9.8670146],[-71.6609146,-9.8724189]]]}},{"type":"Feature","id":"AC-Y363-X337","properties":{"id":"AC-Y363-X337","grid_x":337,"grid_y":363,"centroid":[-71.648689,-9.869813],"aggregation":"none","score_gradboost":0.0071953,"score_random_forest":0.0013696,"score_logistic_regression":0.0003148,"score_fuzzy_knn_k29":0.0},"geometry":{"type":"Polygon","coordinates":[[[-71.6527786,-9.8724831],[-71.6446425,-9.8725471],[-71.6445994,-9.8671428],[-71.6527353,-9.8670788],[-71.6527786,-9.8724831]]]}},{"type":"Feature","id":"AC-Y364-X329","properties":{"id":"AC-Y364-X329","grid_x":329,"grid_y":364,"centroid":[-71.7137308,-9.8638908],"aggregation":"none","score_gradboost":0.0062638,"score_random_forest":0.013177,"score_logistic_regression":0.000484,"score_fuzzy_knn_k29":0.0},"geometry":{"type":"Polygon","coordinates":[[[-71.7178207,-9.8665601],[-71.7096852,-9.8666256],[-71.709641,-9.8612216],[-71.7177764,-9.8611561],[-71.7178207,-9.8665601]]]}},{"type":"Feature","id":"AC-Y364-X330","properties":{"id":"AC-Y364-X330","grid_x":330,"grid_y":364,"centroid":[-71.7055954,-9.8639563],"aggregation":"none","score_gradboost":0.0075249,"score_random_forest":0.0059271,"score_logistic_regression":0.0005208,"score_fuzzy_knn_k29":0.0},"geometry":{"type":"Polygon","coordinates":[[[-71.7096852,-9.8666256],[-71.7015497,-9.8666909],[-71.7015056,-9.8612868],[-71.709641,-9.8612216],[-71.7096852,-9.8666256]]]}},{"type":"Feature","id":"AC-Y364-X331","properties":{"id":"AC-Y364-X331","grid_x":331,"grid_y":364,"centroid":[-71.6974599,-9.8640215],"aggregation":"none","score_gradboost":0.0075249,"score_random_forest":0.0,"score_logistic_regression":0.0006036,"score_fuzzy_knn_k29":0.0},"geometry":{"type":"Polygon","coordinates":[[[-71.7015497,-9.8666909],[-71.6934141,-9.8667561],[-71.6933702,-9.8613519],[-71.7015056,-9.8612868],[-71.7015497,-9.8666909]]]}},{"type":"Feature","id":"AC-Y364-X332","properties":{"id":"AC-Y364-X332","grid_x":332,"grid_y":364,"centroid":[-71.6893244,-9.8640865],"aggregation":"none","score_gradboost":0.0060159,"score_random_forest":0.0008894,"score_logistic_regression":0.0004301,"score_fuzzy_knn_k29":0.0},"geometry":{"type":"Polygon","coordinates":[[[-71.6934141,-9.8667561],[-71.6852785,-9.866821],[-71.6852347,-9.8614169],[-71.6933702,-9.8613519],[-71.6934141,-9.8667561]]]}},{"type":"Feature","id":"AC-Y364-X333","properties":{"id":"AC-Y364-X333","grid_x":333,"grid_y":364,"centroid":[-71.6811888,-9.8641513],"aggregation":"none","score_gradboost":0.0075249,"score_random_forest":0.005803,"score_logistic_regression":0.0005249,"score_fuzzy_knn_k29":0.0},"geometry":{"type":"Polygon","coordinates":[[[-71.6852785,-9.866821],[-71.6771428,-9.8668857],[-71.6770991,-9.8614816],[-71.6852347,-9.8614169],[-71.6852785,-9.866821]]]}},{"type":"Feature","id":"AC-Y364-X334","properties":{"id":"AC-Y364-X334","grid_x":334,"grid_y":364,"centroid":[-71.6730531,-9.8642159],"aggregation":"none","score_gradboost":0.0062638,"score_random_forest":0.0108931,"score_logistic_regression":0.0004472,"score_fuzzy_knn_k29":0.0},"geometry":{"type":"Polygon","coordinates":[[[-71.6771428,-9.8668857],[-71.669007,-9.8669503],[-71.6689635,-9.8615461],[-71.6770991,-9.8614816],[-71.6771428,-9.8668857]]]}},{"type":"Feature","id":"AC-Y364-X335","properties":{"id":"AC-Y364-X335","grid_x":335,"grid_y":364,"centroid":[-71.6649174,-9.8642804],"aggregation":"none","score_gradboost":0.0060759,"score_random_forest":0.007211,"score_logistic_regression":0.0004096,"score_fuzzy_knn_k29":0.0},"geometry":{"type":"Polygon","coordinates":[[[-71.669007,-9.8669503],[-71.6608712,-9.8670146],[-71.6608278,-9.8616104],[-71.6689635,-9.8615461],[-71.669007,-9.8669503]]]}},{"type":"Feature","id":"AC-Y364-X336","properties":{"id":"AC-Y364-X336","grid_x":336,"grid_y":364,"centroid":[-71.6567816,-9.8643446],"aggregation":"none","score_gradboost":0.0071953,"score_random_forest":0.0073736,"score_logistic_regression":0.0004206,"score_fuzzy_knn_k29":0.0},"geometry":{"type":"Polygon","coordinates":[[[-71.6608712,-9.8670146],[-71.6527353,-9.8670788],[-71.6526921,-9.8616745],[-71.6608278,-9.8616104],[-71.6608712,-9.8670146]]]}},{"type":"Feature","id":"AC-Y364-X337","properties":{"id":"AC-Y364-X337","grid_x":337,"grid_y":364,"centroid":[-71.6486458,-9.8644086],"aggregation":"none","score_gradboost":0.0071953,"score_random_forest":0.0002731,"score_logistic_regression":0.0002772,"score_fuzzy_knn_k29":0.0},"geometry":{"type":"Polygon","coordinates":[[[-71.6527353,-9.8670788],[-71.6445994,-9.8671428],[-71.6445563,-9.8617384],[-71.6526921,-9.8616745],[-71.6527353,-9.8670788]]]}},{"type":"Feature","id":"AC-Y365-X329","properties":{"id":"AC-Y365-X329","grid_x":329,"grid_y":365,"centroid":[-71.7136866,-9.8584868],"aggregation":"none","score_gradboost":0.0075249,"score_random_forest":0.0042201,"score_logistic_regression":0.0006156,"score_fuzzy_knn_k29":0.0},"geometry":{"type":"Polygon","coordinates":[[[-71.7177764,-9.8611561],[-71.709641,-9.8612216],[-71.7095969,-9.8558175],[-71.7177321,-9.8557521],[-71.7177764,-9.8611561]]]}},{"type":"Feature","id":"AC-Y365-X330","properties":{"id":"AC-Y365-X330","grid_x":330,"grid_y":365,"centroid":[-71.7055513,-9.8585522],"aggregation":"none","score_gradboost":0.0075249,"score_random_forest":0.0013324,"score_logistic_regression":0.0006809,"score_fuzzy_knn_k29":0.0},"geometry":{"type":"Polygon","coordinates":[[[-71.709641,-9.8612216],[-71.7015056,-9.8612868],[-71.7014616,-9.8558828],[-71.7095969,-9.8558175],[-71.709641,-9.8612216]]]}},{"type":"Feature","id":"AC-Y365-X331","properties":{"id":"AC-Y365-X331","grid_x":331,"grid_y":365,"centroid":[-71.6974159,-9.8586174],"aggregation":"none","score_gradboost":0.0075249,"score_random_forest":0.0046073,"score_logistic_regression":0.0004979,"score_fuzzy_knn_k29":0.0},"geometry":{"type":"Polygon","coordinates":[[[-71.7015056,-9.8612868],[-71.6933702,-9.8613519],[-71.6933263,-9.8559478],[-71.7014616,-9.8558828],[-71.7015056,-9.8612868]]]}},{"type":"Feature","id":"AC-Y365-X332","properties":{"id":"AC-Y365-X332","grid_x":332,"grid_y":365,"centroid":[-71.6892805,-9.8586824],"aggregation":"none","score_gradboost":0.0075249,"score_random_forest":0.002286,"score_logistic_regression":0.0006341,"score_fuzzy_knn_k29":0.0},"geometry":{"type":"Polygon","coordinates":[[[-71.6933702,-9.8613519],[-71.6852347,-9.8614169],[-71.6851909,-9.8560127],[-71.6933263,-9.8559478],[-71.6933702,-9.8613519]]]}},{"type":"Feature","id":"AC-Y365-X333","properties":{"id":"AC-Y365-X333","grid_x":333,"grid_y":365,"centroid":[-71.681145,-9.8587471],"aggregation":"none","score_gradboost":0.0075249,"score_random_forest":0.0042201,"score_logistic_regression":0.0005434,"score_fuzzy_knn_k29":0.0},"geometry":{"type":"Polygon","coordinates":[[[-71.6852347,-9.8614169],[-71.6770991,-9.8614816],[-71.6770555,-9.8560774],[-71.6851909,-9.8560127],[-71.6852347,-9.8614169]]]}},{"type":"Feature","id":"AC-Y365-X334","properties":{"id":"AC-Y365-X334","grid_x":334,"grid_y":365,"centroid":[-71.6730095,-9.8588117],"aggregation":"none","score_gradboost":0.0078345,"score_random_forest":0.0105806,"score_logistic_regression":0.0004725,"score_fuzzy_knn_k29":0.0},"geometry":{"type":"Polygon","coordinates":[[[-71.6770991,-9.8614816],[-71.6689635,-9.8615461],[-71.66892,-9.8561418],[-71.6770555,-9.8560774],[-71.6770991,-9.8614816]]]}},{"type":"Feature","id":"AC-Y365-X335","properties":{"id":"AC-Y365-X335","grid_x":335,"grid_y":365,"centroid":[-71.6648739,-9.8588761],"aggregation":"none","score_gradboost":0.0061295,"score_random_forest":0.0007557,"score_logistic_regression":0.0003596,"score_fuzzy_knn_k29":0.0},"geometry":{"type":"Polygon","coordinates":[[[-71.6689635,-9.8615461],[-71.6608278,-9.8616104],[-71.6607844,-9.8562061],[-71.66892,-9.8561418],[-71.6689635,-9.8615461]]]}},{"type":"Feature","id":"AC-Y365-X336","properties":{"id":"AC-Y365-X336","grid_x":336,"grid_y":365,"centroid":[-71.6567383,-9.8589403],"aggregation":"none","score_gradboost":0.0071953,"score_random_forest":0.0002731,"score_logistic_regression":0.0003906,"score_fuzzy_knn_k29":0.0},"geometry":{"type":"Polygon","coordinates":[[[-71.6608278,-9.8616104],[-71.6526921,-9.8616745],[-71.6526488,-9.8562702],[-71.6607844,-9.8562061],[-71.6608278,-9.8616104]]]}},{"type":"Feature","id":"AC-Y365-X337","properties":{"id":"AC-Y365-X337","grid_x":337,"grid_y":365,"centroid":[-71.6486026,-9.8590043],"aggregation":"none","score_gradboost":0.0071953,"score_random_forest":0.009922,"score_logistic_regression":0.0003333,"score_fuzzy_knn_k29":0.0},"geometry":{"type":"Polygon","coordinates":[[[-71.6526921,-9.8616745],[-71.6445563,-9.8617384],[-71.6445132,-9.8563341],[-71.6526488,-9.8562702],[-71.6526921,-9.8616745]]]}},{"type":"Feature","id":"AC-Y366-X329","properties":{"id":"AC-Y366-X329","grid_x":329,"grid_y":366,"centroid":[-71.7136424,-9.8530828],"aggregation":"none","score_gradboost":0.0075249,"score_random_forest":0.0009234,"score_logistic_regression":0.0006705,"score_fuzzy_knn_k29":0.0},"geometry":{"type":"Polygon","coordinates":[[[-71.7177321,-9.8557521],[-71.7095969,-9.8558175],[-71.7095527,-9.8504135],[-71.7176878,-9.850348],[-71.7177321,-9.8557521]]]}},{"type":"Feature","id":"AC-Y366-X330","properties":{"id":"AC-Y366-X330","grid_x":330,"grid_y":366,"centroid":[-71.7055072,-9.8531481],"aggregation":"none","score_gradboost":0.0075249,"score_random_forest":0.0018759,"score_logistic_regression":0.0005971,"score_fuzzy_knn_k29":0.0},"geometry":{"type":"Polygon","coordinates":[[[-71.7095969,-9.8558175],[-71.7014616,-9.8558828],[-71.7014176,-9.8504787],[-71.7095527,-9.8504135],[-71.7095969,-9.8558175]]]}},{"type":"Feature","id":"AC-Y366-X331","properties":{"id":"AC-Y366-X331","grid_x":331,"grid_y":366,"centroid":[-71.697372,-9.8532133],"aggregation":"none","score_gradboost":0.0075249,"score_random_forest":0.0004792,"score_logistic_regression":0.0007156,"score_fuzzy_knn_k29":0.0},"geometry":{"type":"Polygon","coordinates":[[[-71.7014616,-9.8558828],[-71.6933263,-9.8559478],[-71.6932824,-9.8505437],[-71.7014176,-9.8504787],[-71.7014616,-9.8558828]]]}},{"type":"Feature","id":"AC-Y366-X332","properties":{"id":"AC-Y366-X332","grid_x":332,"grid_y":366,"centroid":[-71.6892367,-9.8532782],"aggregation":"none","score_gradboost":0.0075249,"score_random_forest":0.0107834,"score_logistic_regression":0.0004904,"score_fuzzy_knn_k29":0.0},"geometry":{"type":"Polygon","coordinates":[[[-71.6933263,-9.8559478],[-71.6851909,-9.8560127],[-71.6851472,-9.8506085],[-71.6932824,-9.8505437],[-71.6933263,-9.8559478]]]}},{"type":"Feature","id":"AC-Y366-X333","properties":{"id":"AC-Y366-X333","grid_x":333,"grid_y":366,"centroid":[-71.6811014,-9.853343],"aggregation":"none","score_gradboost":0.0060159,"score_random_forest":0.0060342,"score_logistic_regression":0.0003731,"score_fuzzy_knn_k29":0.0},"geometry":{"type":"Polygon","coordinates":[[[-71.6851909,-9.8560127],[-71.6770555,-9.8560774],[-71.6770119,-9.8506732],[-71.6851472,-9.8506085],[-71.6851909,-9.8560127]]]}},{"type":"Feature","id":"AC-Y366-X334","properties":{"id":"AC-Y366-X334","grid_x":334,"grid_y":366,"centroid":[-71.672966,-9.8534075],"aggregation":"none","score_gradboost":0.0060759,"score_random_forest":0.0058426,"score_logistic_regression":0.0004423,"score_fuzzy_knn_k29":0.0},"geometry":{"type":"Polygon","coordinates":[[[-71.6770555,-9.8560774],[-71.66892,-9.8561418],[-71.6688765,-9.8507376],[-71.6770119,-9.8506732],[-71.6770555,-9.8560774]]]}},{"type":"Feature","id":"AC-Y366-X335","properties":{"id":"AC-Y366-X335","grid_x":335,"grid_y":366,"centroid":[-71.6648305,-9.8534719],"aggregation":"none","score_gradboost":0.0088522,"score_random_forest":0.0022731,"score_logistic_regression":0.0005636,"score_fuzzy_knn_k29":0.0},"geometry":{"type":"Polygon","coordinates":[[[-71.66892,-9.8561418],[-71.6607844,-9.8562061],[-71.6607411,-9.8508019],[-71.6688765,-9.8507376],[-71.66892,-9.8561418]]]}},{"type":"Feature","id":"AC-Y366-X336","properties":{"id":"AC-Y366-X336","grid_x":336,"grid_y":366,"centroid":[-71.656695,-9.853536],"aggregation":"none","score_gradboost":0.0071953,"score_random_forest":0.0002731,"score_logistic_regression":0.0004008,"score_fuzzy_knn_k29":0.0},"geometry":{"type":"Polygon","coordinates":[[[-71.6607844,-9.8562061],[-71.6526488,-9.8562702],[-71.6526056,-9.8508659],[-71.6607411,-9.8508019],[-71.6607844,-9.8562061]]]}},{"type":"Feature","id":"AC-Y366-X337","properties":{"id":"AC-Y366-X337","grid_x":337,"grid_y":366,"centroid":[-71.6485594,-9.8536],"aggregation":"none","score_gradboost":0.0061266,"score_random_forest":0.0,"score_logistic_regression":0.0002925,"score_fuzzy_knn_k29":0.0},"geometry":{"type":"Polygon","coordinates":[[[-71.6526488,-9.8562702],[-71.6445132,-9.8563341],[-71.6444701,-9.8509298],[-71.6526056,-9.8508659],[-71.6526488,-9.8562702]]]}},{"type":"Feature","id":"AC-Y367-X329","properties":{"id":"AC-Y367-X329","grid_x":329,"grid_y":367,"centroid":[-71.7135982,-9.8476788],"aggregation":"none","score_gradboost":0.0075249,"score_random_forest":0.0035414,"score_logistic_regression":0.0005605,"score_fuzzy_knn_k29":0.0},"geometry":{"type":"Polygon","coordinates":[[[-71.7176878,-9.850348],[-71.7095527,-9.8504135],[-71.7095086,-9.8450094],[-71.7176436,-9.844944],[-71.7176878,-9.850348]]]}},{"type":"Feature","id":"AC-Y367-X330","properties":{"id":"AC-Y367-X330","grid_x":330,"grid_y":367,"centroid":[-71.7054632,-9.8477441],"aggregation":"none","score_gradboost":0.0060159,"score_random_forest":0.0008894,"score_logistic_regression":0.0004759,"score_fuzzy_knn_k29":0.0},"geometry":{"type":"Polygon","coordinates":[[[-71.7095527,-9.8504135],[-71.7014176,-9.8504787],[-71.7013736,-9.8450746],[-71.7095086,-9.8450094],[-71.7095527,-9.8504135]]]}},{"type":"Feature","id":"AC-Y367-X331","properties":{"id":"AC-Y367-X331","grid_x":331,"grid_y":367,"centroid":[-71.6973281,-9.8478092],"aggregation":"none","score_gradboost":0.0060159,"score_random_forest":0.0024503,"score_logistic_regression":0.0004833,"score_fuzzy_knn_k29":0.0},"geometry":{"type":"Polygon","coordinates":[[[-71.7014176,-9.8504787],[-71.6932824,-9.8505437],[-71.6932386,-9.8451396],[-71.7013736,-9.8450746],[-71.7014176,-9.8504787]]]}},{"type":"Feature","id":"AC-Y367-X332","properties":{"id":"AC-Y367-X332","grid_x":332,"grid_y":367,"centroid":[-71.6891929,-9.8478741],"aggregation":"none","score_gradboost":0.0060159,"score_random_forest":0.0006041,"score_logistic_regression":0.0004388,"score_fuzzy_knn_k29":0.0},"geometry":{"type":"Polygon","coordinates":[[[-71.6932824,-9.8505437],[-71.6851472,-9.8506085],[-71.6851035,-9.8452044],[-71.6932386,-9.8451396],[-71.6932824,-9.8505437]]]}},{"type":"Feature","id":"AC-Y367-X333","properties":{"id":"AC-Y367-X333","grid_x":333,"grid_y":367,"centroid":[-71.6810577,-9.8479388],"aggregation":"none","score_gradboost":0.0078345,"score_random_forest":0.01292,"score_logistic_regression":0.0005163,"score_fuzzy_knn_k29":0.0},"geometry":{"type":"Polygon","coordinates":[[[-71.6851472,-9.8506085],[-71.6770119,-9.8506732],[-71.6769683,-9.845269],[-71.6851035,-9.8452044],[-71.6851472,-9.8506085]]]}},{"type":"Feature","id":"AC-Y367-X334","properties":{"id":"AC-Y367-X334","grid_x":334,"grid_y":367,"centroid":[-71.6729224,-9.8480033],"aggregation":"none","score_gradboost":0.0060759,"score_random_forest":0.0201895,"score_logistic_regression":0.0003873,"score_fuzzy_knn_k29":0.0},"geometry":{"type":"Polygon","coordinates":[[[-71.6770119,-9.8506732],[-71.6688765,-9.8507376],[-71.6688331,-9.8453334],[-71.6769683,-9.845269],[-71.6770119,-9.8506732]]]}},{"type":"Feature","id":"AC-Y367-X335","properties":{"id":"AC-Y367-X335","grid_x":335,"grid_y":367,"centroid":[-71.6647871,-9.8480676],"aggregation":"none","score_gradboost":0.0089974,"score_random_forest":0.019078,"score_logistic_regression":0.0006268,"score_fuzzy_knn_k29":0.0},"geometry":{"type":"Polygon","coordinates":[[[-71.6688765,-9.8507376],[-71.6607411,-9.8508019],[-71.6606978,-9.8453976],[-71.6688331,-9.8453334],[-71.6688765,-9.8507376]]]}},{"type":"Feature","id":"AC-Y367-X336","properties":{"id":"AC-Y367-X336","grid_x":336,"grid_y":367,"centroid":[-71.6566517,-9.8481318],"aggregation":"none","score_gradboost":0.0071953,"score_random_forest":0.0030025,"score_logistic_regression":0.0004213,"score_fuzzy_knn_k29":0.0},"geometry":{"type":"Polygon","coordinates":[[[-71.6607411,-9.8508019],[-71.6526056,-9.8508659],[-71.6525624,-9.8454616],[-71.6606978,-9.8453976],[-71.6607411,-9.8508019]]]}},{"type":"Feature","id":"AC-Y367-X337","properties":{"id":"AC-Y367-X337","grid_x":337,"grid_y":367,"centroid":[-71.6485163,-9.8481957],"aggregation":"none","score_gradboost":0.0061266,"score_random_forest":0.0,"score_logistic_regression":0.0003085,"score_fuzzy_knn_k29":0.0},"geometry":{"type":"Polygon","coordinates":[[[-71.6526056,-9.8508659],[-71.6444701,-9.8509298],[-71.644427,-9.8455254],[-71.6525624,-9.8454616],[-71.6526056,-9.8508659]]]}},{"type":"Feature","id":"AC-Y368-X329","properties":{"id":"AC-Y368-X329","grid_x":329,"grid_y":368,"centroid":[-71.713554,-9.8422747],"aggregation":"none","score_gradboost":0.0075249,"score_random_forest":0.0028037,"score_logistic_regression":0.0008338,"score_fuzzy_knn_k29":0.0},"geometry":{"type":"Polygon","coordinates":[[[-71.7176436,-9.844944],[-71.7095086,-9.8450094],[-71.7094646,-9.8396054],[-71.7175994,-9.83954],[-71.7176436,-9.844944]]]}},{"type":"Feature","id":"AC-Y368-X330","properties":{"id":"AC-Y368-X330","grid_x":330,"grid_y":368,"centroid":[-71.7054191,-9.84234],"aggregation":"none","score_gradboost":0.0075249,"score_random_forest":0.0028005,"score_logistic_regression":0.0005396,"score_fuzzy_knn_k29":0.0},"geometry":{"type":"Polygon","coordinates":[[[-71.7095086,-9.8450094],[-71.7013736,-9.8450746],[-71.7013297,-9.8396705],[-71.7094646,-9.8396054],[-71.7095086,-9.8450094]]]}},{"type":"Feature","id":"AC-Y368-X331","properties":{"id":"AC-Y368-X331","grid_x":331,"grid_y":368,"centroid":[-71.6972842,-9.8424051],"aggregation":"none","score_gradboost":0.0075249,"score_random_forest":0.0025993,"score_logistic_regression":0.0005671,"score_fuzzy_knn_k29":0.0},"geometry":{"type":"Polygon","coordinates":[[[-71.7013736,-9.8450746],[-71.6932386,-9.8451396],[-71.6931948,-9.8397355],[-71.7013297,-9.8396705],[-71.7013736,-9.8450746]]]}},{"type":"Feature","id":"AC-Y368-X332","properties":{"id":"AC-Y368-X332","grid_x":332,"grid_y":368,"centroid":[-71.6891491,-9.8424699],"aggregation":"none","score_gradboost":0.0062638,"score_random_forest":0.0137411,"score_logistic_regression":0.0004656,"score_fuzzy_knn_k29":0.0},"geometry":{"type":"Polygon","coordinates":[[[-71.6932386,-9.8451396],[-71.6851035,-9.8452044],[-71.6850598,-9.8398002],[-71.6931948,-9.8397355],[-71.6932386,-9.8451396]]]}},{"type":"Feature","id":"AC-Y368-X333","properties":{"id":"AC-Y368-X333","grid_x":333,"grid_y":368,"centroid":[-71.6810141,-9.8425346],"aggregation":"none","score_gradboost":0.0062638,"score_random_forest":0.0018311,"score_logistic_regression":0.0003473,"score_fuzzy_knn_k29":0.0},"geometry":{"type":"Polygon","coordinates":[[[-71.6851035,-9.8452044],[-71.6769683,-9.845269],[-71.6769247,-9.8398648],[-71.6850598,-9.8398002],[-71.6851035,-9.8452044]]]}},{"type":"Feature","id":"AC-Y368-X334","properties":{"id":"AC-Y368-X334","grid_x":334,"grid_y":368,"centroid":[-71.6728789,-9.8425991],"aggregation":"none","score_gradboost":0.0061295,"score_random_forest":0.0003789,"score_logistic_regression":0.0003922,"score_fuzzy_knn_k29":0.0},"geometry":{"type":"Polygon","coordinates":[[[-71.6769683,-9.845269],[-71.6688331,-9.8453334],[-71.6687896,-9.8399291],[-71.6769247,-9.8398648],[-71.6769683,-9.845269]]]}},{"type":"Feature","id":"AC-Y368-X335","properties":{"id":"AC-Y368-X335","grid_x":335,"grid_y":368,"centroid":[-71.6647437,-9.8426634],"aggregation":"none","score_gradboost":0.0071953,"score_random_forest":0.0013696,"score_logistic_regression":0.0004568,"score_fuzzy_knn_k29":0.0},"geometry":{"type":"Polygon","coordinates":[[[-71.6688331,-9.8453334],[-71.6606978,-9.8453976],[-71.6606545,-9.8399933],[-71.6687896,-9.8399291],[-71.6688331,-9.8453334]]]}},{"type":"Feature","id":"AC-Y368-X336","properties":{"id":"AC-Y368-X336","grid_x":336,"grid_y":368,"centroid":[-71.6566085,-9.8427275],"aggregation":"none","score_gradboost":0.0089974,"score_random_forest":0.0103286,"score_logistic_regression":0.0005036,"score_fuzzy_knn_k29":0.0},"geometry":{"type":"Polygon","coordinates":[[[-71.6606978,-9.8453976],[-71.6525624,-9.8454616],[-71.6525193,-9.8400573],[-71.6606545,-9.8399933],[-71.6606978,-9.8453976]]]}},{"type":"Feature","id":"AC-Y368-X337","properties":{"id":"AC-Y368-X337","grid_x":337,"grid_y":368,"centroid":[-71.6484732,-9.8427914],"aggregation":"none","score_gradboost":0.0061266,"score_random_forest":0.0,"score_logistic_regression":0.0003632,"score_fuzzy_knn_k29":0.0},"geometry":{"type":"Polygon","coordinates":[[[-71.6525624,-9.8454616],[-71.644427,-9.8455254],[-71.644384,-9.8401211],[-71.6525193,-9.8400573],[-71.6525624,-9.8454616]]]}},{"type":"Feature","id":"AC-Y368-X338","properties":{"id":"AC-Y368-X338","grid_x":338,"grid_y":368,"centroid":[-71.6403378,-9.8428551],"aggregation":"none","score_gradboost":0.0061266,"score_random_forest":0.0039105,"score_logistic_regression":0.0004623,"score_fuzzy_knn_k29":0.0},"geometry":{"type":"Polygon","coordinates":[[[-71.644427,-9.8455254],[-71.6362916,-9.845589],[-71.6362487,-9.8401847],[-71.644384,-9.8401211],[-71.644427,-9.8455254]]]}},{"type":"Feature","id":"AC-Y369-X329","properties":{"id":"AC-Y369-X329","grid_x":329,"grid_y":369,"centroid":[-71.7135099,-9.8368707],"aggregation":"none","score_gradboost":0.0075249,"score_random_forest":0.0004792,"score_logistic_regression":0.0007927,"score_fuzzy_knn_k29":0.0},"geometry":{"type":"Polygon","coordinates":[[[-71.7175994,-9.83954],[-71.7094646,-9.8396054],[-71.7094205,-9.8342013],[-71.7175552,-9.834136],[-71.7175994,-9.83954]]]}},{"type":"Feature","id":"AC-Y369-X330","properties":{"id":"AC-Y369-X330","grid_x":330,"grid_y":369,"centroid":[-71.7053751,-9.8369359],"aggregation":"none","score_gradboost":0.0060159,"score_random_forest":0.0013167,"score_logistic_regression":0.0004007,"score_fuzzy_knn_k29":0.0},"geometry":{"type":"Polygon","coordinates":[[[-71.7094646,-9.8396054],[-71.7013297,-9.8396705],[-71.7012858,-9.8342664],[-71.7094205,-9.8342013],[-71.7094646,-9.8396054]]]}},{"type":"Feature","id":"AC-Y369-X331","properties":{"id":"AC-Y369-X331","grid_x":331,"grid_y":369,"centroid":[-71.6972403,-9.8370009],"aggregation":"none","score_gradboost":0.0062638,"score_random_forest":0.0084891,"score_logistic_regression":0.0004793,"score_fuzzy_knn_k29":0.0},"geometry":{"type":"Polygon","coordinates":[[[-71.7013297,-9.8396705],[-71.6931948,-9.8397355],[-71.693151,-9.8343313],[-71.7012858,-9.8342664],[-71.7013297,-9.8396705]]]}},{"type":"Feature","id":"AC-Y369-X332","properties":{"id":"AC-Y369-X332","grid_x":332,"grid_y":369,"centroid":[-71.6891054,-9.8370658],"aggregation":"none","score_gradboost":0.0062638,"score_random_forest":0.0098604,"score_logistic_regression":0.0005016,"score_fuzzy_knn_k29":0.0},"geometry":{"type":"Polygon","coordinates":[[[-71.6931948,-9.8397355],[-71.6850598,-9.8398002],[-71.6850161,-9.834396],[-71.693151,-9.8343313],[-71.6931948,-9.8397355]]]}},{"type":"Feature","id":"AC-Y369-X333","properties":{"id":"AC-Y369-X333","grid_x":333,"grid_y":369,"centroid":[-71.6809705,-9.8371304],"aggregation":"none","score_gradboost":0.0060759,"score_random_forest":0.0015625,"score_logistic_regression":0.0004559,"score_fuzzy_knn_k29":0.0},"geometry":{"type":"Polygon","coordinates":[[[-71.6850598,-9.8398002],[-71.6769247,-9.8398648],[-71.6768812,-9.8344606],[-71.6850161,-9.834396],[-71.6850598,-9.8398002]]]}},{"type":"Feature","id":"AC-Y369-X334","properties":{"id":"AC-Y369-X334","grid_x":334,"grid_y":369,"centroid":[-71.6728355,-9.8371949],"aggregation":"none","score_gradboost":0.0089974,"score_random_forest":0.0125677,"score_logistic_regression":0.0005918,"score_fuzzy_knn_k29":0.0},"geometry":{"type":"Polygon","coordinates":[[[-71.6769247,-9.8398648],[-71.6687896,-9.8399291],[-71.6687462,-9.8345249],[-71.6768812,-9.8344606],[-71.6769247,-9.8398648]]]}},{"type":"Feature","id":"AC-Y369-X335","properties":{"id":"AC-Y369-X335","grid_x":335,"grid_y":369,"centroid":[-71.6647004,-9.8372591],"aggregation":"none","score_gradboost":0.0089974,"score_random_forest":0.0165764,"score_logistic_regression":0.0005561,"score_fuzzy_knn_k29":0.0},"geometry":{"type":"Polygon","coordinates":[[[-71.6687896,-9.8399291],[-71.6606545,-9.8399933],[-71.6606112,-9.834589],[-71.6687462,-9.8345249],[-71.6687896,-9.8399291]]]}},{"type":"Feature","id":"AC-Y369-X336","properties":{"id":"AC-Y369-X336","grid_x":336,"grid_y":369,"centroid":[-71.6565653,-9.8373232],"aggregation":"none","score_gradboost":0.0075853,"score_random_forest":0.0022762,"score_logistic_regression":0.0005235,"score_fuzzy_knn_k29":0.0},"geometry":{"type":"Polygon","coordinates":[[[-71.6606545,-9.8399933],[-71.6525193,-9.8400573],[-71.6524762,-9.834653],[-71.6606112,-9.834589],[-71.6606545,-9.8399933]]]}},{"type":"Feature","id":"AC-Y369-X337","properties":{"id":"AC-Y369-X337","grid_x":337,"grid_y":369,"centroid":[-71.6484301,-9.837387],"aggregation":"none","score_gradboost":0.0061266,"score_random_forest":0.0,"score_logistic_regression":0.0004406,"score_fuzzy_knn_k29":0.0},"geometry":{"type":"Polygon","coordinates":[[[-71.6525193,-9.8400573],[-71.644384,-9.8401211],[-71.644341,-9.8347167],[-71.6524762,-9.834653],[-71.6525193,-9.8400573]]]}},{"type":"Feature","id":"AC-Y369-X338","properties":{"id":"AC-Y369-X338","grid_x":338,"grid_y":369,"centroid":[-71.6402949,-9.8374507],"aggregation":"none","score_gradboost":0.0061266,"score_random_forest":0.0014659,"score_logistic_regression":0.0004464,"score_fuzzy_knn_k29":0.0},"geometry":{"type":"Polygon","coordinates":[[[-71.644384,-9.8401211],[-71.6362487,-9.8401847],[-71.6362058,-9.8347803],[-71.644341,-9.8347167],[-71.644384,-9.8401211]]]}},{"type":"Feature","id":"AC-Y370-X329","properties":{"id":"AC-Y370-X329","grid_x":329,"grid_y":370,"centroid":[-71.7134658,-9.8314666],"aggregation":"none","score_gradboost":0.0075249,"score_random_forest":0.0083502,"score_logistic_regression":0.0005747,"score_fuzzy_knn_k29":0.0},"geometry":{"type":"Polygon","coordinates":[[[-71.7175552,-9.834136],[-71.7094205,-9.8342013],[-71.7093765,-9.8287972],[-71.717511,-9.828732],[-71.7175552,-9.834136]]]}},{"type":"Feature","id":"AC-Y370-X330","properties":{"id":"AC-Y370-X330","grid_x":330,"grid_y":370,"centroid":[-71.7053312,-9.8315318],"aggregation":"none","score_gradboost":0.0075249,"score_random_forest":0.0077888,"score_logistic_regression":0.0006616,"score_fuzzy_knn_k29":0.0},"geometry":{"type":"Polygon","coordinates":[[[-71.7094205,-9.8342013],[-71.7012858,-9.8342664],[-71.7012419,-9.8288623],[-71.7093765,-9.8287972],[-71.7094205,-9.8342013]]]}},{"type":"Feature","id":"AC-Y370-X331","properties":{"id":"AC-Y370-X331","grid_x":331,"grid_y":370,"centroid":[-71.6971965,-9.8315968],"aggregation":"none","score_gradboost":0.0062638,"score_random_forest":0.0137372,"score_logistic_regression":0.0004655,"score_fuzzy_knn_k29":0.0},"geometry":{"type":"Polygon","coordinates":[[[-71.7012858,-9.8342664],[-71.693151,-9.8343313],[-71.6931072,-9.8289272],[-71.7012419,-9.8288623],[-71.7012858,-9.8342664]]]}},{"type":"Feature","id":"AC-Y370-X332","properties":{"id":"AC-Y370-X332","grid_x":332,"grid_y":370,"centroid":[-71.6890617,-9.8316616],"aggregation":"none","score_gradboost":0.0075998,"score_random_forest":0.0078738,"score_logistic_regression":0.0006884,"score_fuzzy_knn_k29":0.0},"geometry":{"type":"Polygon","coordinates":[[[-71.693151,-9.8343313],[-71.6850161,-9.834396],[-71.6849725,-9.8289919],[-71.6931072,-9.8289272],[-71.693151,-9.8343313]]]}},{"type":"Feature","id":"AC-Y370-X333","properties":{"id":"AC-Y370-X333","grid_x":333,"grid_y":370,"centroid":[-71.6809269,-9.8317262],"aggregation":"none","score_gradboost":0.0070789,"score_random_forest":0.0026318,"score_logistic_regression":0.0004505,"score_fuzzy_knn_k29":0.0},"geometry":{"type":"Polygon","coordinates":[[[-71.6850161,-9.834396],[-71.6768812,-9.8344606],[-71.6768377,-9.8290564],[-71.6849725,-9.8289919],[-71.6850161,-9.834396]]]}},{"type":"Feature","id":"AC-Y370-X334","properties":{"id":"AC-Y370-X334","grid_x":334,"grid_y":370,"centroid":[-71.672792,-9.8317907],"aggregation":"none","score_gradboost":0.0071953,"score_random_forest":0.0002731,"score_logistic_regression":0.0003658,"score_fuzzy_knn_k29":0.0},"geometry":{"type":"Polygon","coordinates":[[[-71.6768812,-9.8344606],[-71.6687462,-9.8345249],[-71.6687029,-9.8291207],[-71.6768377,-9.8290564],[-71.6768812,-9.8344606]]]}},{"type":"Feature","id":"AC-Y370-X335","properties":{"id":"AC-Y370-X335","grid_x":335,"grid_y":370,"centroid":[-71.6646571,-9.8318549],"aggregation":"none","score_gradboost":0.0089974,"score_random_forest":0.0115665,"score_logistic_regression":0.0005637,"score_fuzzy_knn_k29":0.0},"geometry":{"type":"Polygon","coordinates":[[[-71.6687462,-9.8345249],[-71.6606112,-9.834589],[-71.660568,-9.8291848],[-71.6687029,-9.8291207],[-71.6687462,-9.8345249]]]}},{"type":"Feature","id":"AC-Y370-X336","properties":{"id":"AC-Y370-X336","grid_x":336,"grid_y":370,"centroid":[-71.6565221,-9.8319189],"aggregation":"none","score_gradboost":0.0061266,"score_random_forest":0.0,"score_logistic_regression":0.0004406,"score_fuzzy_knn_k29":0.0},"geometry":{"type":"Polygon","coordinates":[[[-71.6606112,-9.834589],[-71.6524762,-9.834653],[-71.652433,-9.8292487],[-71.660568,-9.8291848],[-71.6606112,-9.834589]]]}},{"type":"Feature","id":"AC-Y370-X337","properties":{"id":"AC-Y370-X337","grid_x":337,"grid_y":370,"centroid":[-71.6483871,-9.8319827],"aggregation":"none","score_gradboost":0.0061266,"score_random_forest":0.0,"score_logistic_regression":0.0003809,"score_fuzzy_knn_k29":0.0},"geometry":{"type":"Polygon","coordinates":[[[-71.6524762,-9.834653],[-71.644341,-9.8347167],[-71.644298,-9.8293124],[-71.652433,-9.8292487],[-71.6524762,-9.834653]]]}},{"type":"Feature","id":"AC-Y370-X338","properties":{"id":"AC-Y370-X338","grid_x":338,"grid_y":370,"centroid":[-71.640252,-9.8320463],"aggregation":"none","score_gradboost":0.0061266,"score_random_forest":0.0007573,"score_logistic_regression":0.0004137,"score_fuzzy_knn_k29":0.0},"geometry":{"type":"Polygon","coordinates":[[[-71.644341,-9.8347167],[-71.6362058,-9.8347803],[-71.636163,-9.8293759],[-71.644298,-9.8293124],[-71.644341,-9.8347167]]]}},{"type":"Feature","id":"AC-Y371-X329","properties":{"id":"AC-Y371-X329","grid_x":329,"grid_y":371,"centroid":[-71.7134217,-9.8260626],"aggregation":"none","score_gradboost":0.0075249,"score_random_forest":0.0098099,"score_logistic_regression":0.0006795,"score_fuzzy_knn_k29":0.0},"geometry":{"type":"Polygon","coordinates":[[[-71.717511,-9.828732],[-71.7093765,-9.8287972],[-71.7093325,-9.8233932],[-71.7174669,-9.8233279],[-71.717511,-9.828732]]]}},{"type":"Feature","id":"AC-Y371-X330","properties":{"id":"AC-Y371-X330","grid_x":330,"grid_y":371,"centroid":[-71.7052872,-9.8261278],"aggregation":"none","score_gradboost":0.0078345,"score_random_forest":0.0129077,"score_logistic_regression":0.0006101,"score_fuzzy_knn_k29":0.0},"geometry":{"type":"Polygon","coordinates":[[[-71.7093765,-9.8287972],[-71.7012419,-9.8288623],[-71.701198,-9.8234582],[-71.7093325,-9.8233932],[-71.7093765,-9.8287972]]]}},{"type":"Feature","id":"AC-Y371-X331","properties":{"id":"AC-Y371-X331","grid_x":331,"grid_y":371,"centroid":[-71.6971526,-9.8261927],"aggregation":"none","score_gradboost":0.0060759,"score_random_forest":0.0160639,"score_logistic_regression":0.0004664,"score_fuzzy_knn_k29":0.0},"geometry":{"type":"Polygon","coordinates":[[[-71.7012419,-9.8288623],[-71.6931072,-9.8289272],[-71.6930635,-9.8235231],[-71.701198,-9.8234582],[-71.7012419,-9.8288623]]]}},{"type":"Feature","id":"AC-Y371-X332","properties":{"id":"AC-Y371-X332","grid_x":332,"grid_y":371,"centroid":[-71.689018,-9.8262575],"aggregation":"none","score_gradboost":0.0080226,"score_random_forest":0.0,"score_logistic_regression":0.0008402,"score_fuzzy_knn_k29":0.0},"geometry":{"type":"Polygon","coordinates":[[[-71.6931072,-9.8289272],[-71.6849725,-9.8289919],[-71.6849289,-9.8235877],[-71.6930635,-9.8235231],[-71.6931072,-9.8289272]]]}},{"type":"Feature","id":"AC-Y371-X333","properties":{"id":"AC-Y371-X333","grid_x":333,"grid_y":371,"centroid":[-71.6808833,-9.8263221],"aggregation":"none","score_gradboost":0.0071953,"score_random_forest":0.0002731,"score_logistic_regression":0.0005208,"score_fuzzy_knn_k29":0.0},"geometry":{"type":"Polygon","coordinates":[[[-71.6849725,-9.8289919],[-71.6768377,-9.8290564],[-71.6767942,-9.8236522],[-71.6849289,-9.8235877],[-71.6849725,-9.8289919]]]}},{"type":"Feature","id":"AC-Y371-X334","properties":{"id":"AC-Y371-X334","grid_x":334,"grid_y":371,"centroid":[-71.6727486,-9.8263864],"aggregation":"none","score_gradboost":0.0089974,"score_random_forest":0.0029741,"score_logistic_regression":0.0007779,"score_fuzzy_knn_k29":0.0},"geometry":{"type":"Polygon","coordinates":[[[-71.6768377,-9.8290564],[-71.6687029,-9.8291207],[-71.6686595,-9.8237164],[-71.6767942,-9.8236522],[-71.6768377,-9.8290564]]]}},{"type":"Feature","id":"AC-Y371-X335","properties":{"id":"AC-Y371-X335","grid_x":335,"grid_y":371,"centroid":[-71.6646138,-9.8264506],"aggregation":"none","score_gradboost":0.0075853,"score_random_forest":0.0,"score_logistic_regression":0.0007386,"score_fuzzy_knn_k29":0.0},"geometry":{"type":"Polygon","coordinates":[[[-71.6687029,-9.8291207],[-71.660568,-9.8291848],[-71.6605248,-9.8237805],[-71.6686595,-9.8237164],[-71.6687029,-9.8291207]]]}},{"type":"Feature","id":"AC-Y371-X336","properties":{"id":"AC-Y371-X336","grid_x":336,"grid_y":371,"centroid":[-71.6564789,-9.8265146],"aggregation":"none","score_gradboost":0.0075853,"score_random_forest":0.0013132,"score_logistic_regression":0.0006366,"score_fuzzy_knn_k29":0.0},"geometry":{"type":"Polygon","coordinates":[[[-71.660568,-9.8291848],[-71.652433,-9.8292487],[-71.65239,-9.8238444],[-71.6605248,-9.8237805],[-71.660568,-9.8291848]]]}},{"type":"Feature","id":"AC-Y371-X337","properties":{"id":"AC-Y371-X337","grid_x":337,"grid_y":371,"centroid":[-71.648344,-9.8265784],"aggregation":"none","score_gradboost":0.0061266,"score_random_forest":0.0035085,"score_logistic_regression":0.0004079,"score_fuzzy_knn_k29":0.0},"geometry":{"type":"Polygon","coordinates":[[[-71.652433,-9.8292487],[-71.644298,-9.8293124],[-71.6442551,-9.823908],[-71.65239,-9.8238444],[-71.652433,-9.8292487]]]}},{"type":"Feature","id":"AC-Y371-X338","properties":{"id":"AC-Y371-X338","grid_x":338,"grid_y":371,"centroid":[-71.6402091,-9.826642],"aggregation":"none","score_gradboost":0.0061577,"score_random_forest":0.0,"score_logistic_regression":0.0004684,"score_fuzzy_knn_k29":0.0},"geometry":{"type":"Polygon","coordinates":[[[-71.644298,-9.8293124],[-71.636163,-9.8293759],[-71.6361202,-9.8239715],[-71.6442551,-9.823908],[-71.644298,-9.8293124]]]}},{"type":"Feature","id":"AC-Y372-X329","properties":{"id":"AC-Y372-X329","grid_x":329,"grid_y":372,"centroid":[-71.7133777,-9.8206586],"aggregation":"none","score_gradboost":0.0078345,"score_random_forest":0.0052092,"score_logistic_regression":0.0009946,"score_fuzzy_knn_k29":0.0},"geometry":{"type":"Polygon","coordinates":[[[-71.7174669,-9.8233279],[-71.7093325,-9.8233932],[-71.7092885,-9.8179891],[-71.7174228,-9.8179239],[-71.7174669,-9.8233279]]]}},{"type":"Feature","id":"AC-Y372-X330","properties":{"id":"AC-Y372-X330","grid_x":330,"grid_y":372,"centroid":[-71.7052433,-9.8207237],"aggregation":"none","score_gradboost":0.0075998,"score_random_forest":0.0098955,"score_logistic_regression":0.0009369,"score_fuzzy_knn_k29":0.0},"geometry":{"type":"Polygon","coordinates":[[[-71.7093325,-9.8233932],[-71.701198,-9.8234582],[-71.7011541,-9.8180541],[-71.7092885,-9.8179891],[-71.7093325,-9.8233932]]]}},{"type":"Feature","id":"AC-Y372-X331","properties":{"id":"AC-Y372-X331","grid_x":331,"grid_y":372,"centroid":[-71.6971088,-9.8207886],"aggregation":"none","score_gradboost":0.0088522,"score_random_forest":0.0060787,"score_logistic_regression":0.000677,"score_fuzzy_knn_k29":0.0},"geometry":{"type":"Polygon","coordinates":[[[-71.701198,-9.8234582],[-71.6930635,-9.8235231],[-71.6930197,-9.8181189],[-71.7011541,-9.8180541],[-71.701198,-9.8234582]]]}},{"type":"Feature","id":"AC-Y372-X332","properties":{"id":"AC-Y372-X332","grid_x":332,"grid_y":372,"centroid":[-71.6889743,-9.8208533],"aggregation":"none","score_gradboost":0.0089974,"score_random_forest":0.0219086,"score_logistic_regression":0.0005813,"score_fuzzy_knn_k29":0.0},"geometry":{"type":"Polygon","coordinates":[[[-71.6930635,-9.8235231],[-71.6849289,-9.8235877],[-71.6848853,-9.8181835],[-71.6930197,-9.8181189],[-71.6930635,-9.8235231]]]}},{"type":"Feature","id":"AC-Y372-X333","properties":{"id":"AC-Y372-X333","grid_x":333,"grid_y":372,"centroid":[-71.6808398,-9.8209179],"aggregation":"none","score_gradboost":0.0089974,"score_random_forest":0.010273,"score_logistic_regression":0.0006562,"score_fuzzy_knn_k29":0.0},"geometry":{"type":"Polygon","coordinates":[[[-71.6849289,-9.8235877],[-71.6767942,-9.8236522],[-71.6767508,-9.818248],[-71.6848853,-9.8181835],[-71.6849289,-9.8235877]]]}},{"type":"Feature","id":"AC-Y372-X334","properties":{"id":"AC-Y372-X334","grid_x":334,"grid_y":372,"centroid":[-71.6727052,-9.8209822],"aggregation":"none","score_gradboost":0.0075853,"score_random_forest":0.0,"score_logistic_regression":0.0007686,"score_fuzzy_knn_k29":0.0},"geometry":{"type":"Polygon","coordinates":[[[-71.6767942,-9.8236522],[-71.6686595,-9.8237164],[-71.6686162,-9.8183122],[-71.6767508,-9.818248],[-71.6767942,-9.8236522]]]}},{"type":"Feature","id":"AC-Y372-X335","properties":{"id":"AC-Y372-X335","grid_x":335,"grid_y":372,"centroid":[-71.6645705,-9.8210463],"aggregation":"none","score_gradboost":0.0061266,"score_random_forest":0.0,"score_logistic_regression":0.0004764,"score_fuzzy_knn_k29":0.0},"geometry":{"type":"Polygon","coordinates":[[[-71.6686595,-9.8237164],[-71.6605248,-9.8237805],[-71.6604816,-9.8183762],[-71.6686162,-9.8183122],[-71.6686595,-9.8237164]]]}},{"type":"Feature","id":"AC-Y372-X336","properties":{"id":"AC-Y372-X336","grid_x":336,"grid_y":372,"centroid":[-71.6564358,-9.8211103],"aggregation":"none","score_gradboost":0.0075853,"score_random_forest":0.0042073,"score_logistic_regression":0.0007547,"score_fuzzy_knn_k29":0.0},"geometry":{"type":"Polygon","coordinates":[[[-71.6605248,-9.8237805],[-71.65239,-9.8238444],[-71.6523469,-9.81844],[-71.6604816,-9.8183762],[-71.6605248,-9.8237805]]]}},{"type":"Feature","id":"AC-Y372-X337","properties":{"id":"AC-Y372-X337","grid_x":337,"grid_y":372,"centroid":[-71.648301,-9.8211741],"aggregation":"none","score_gradboost":0.0061266,"score_random_forest":0.0067163,"score_logistic_regression":0.000526,"score_fuzzy_knn_k29":0.0},"geometry":{"type":"Polygon","coordinates":[[[-71.65239,-9.8238444],[-71.6442551,-9.823908],[-71.6442122,-9.8185037],[-71.6523469,-9.81844],[-71.65239,-9.8238444]]]}},{"type":"Feature","id":"AC-Y373-X329","properties":{"id":"AC-Y373-X329","grid_x":329,"grid_y":373,"centroid":[-71.7133336,-9.8152545],"aggregation":"none","score_gradboost":0.0078345,"score_random_forest":0.0017624,"score_logistic_regression":0.0010365,"score_fuzzy_knn_k29":0.0},"geometry":{"type":"Polygon","coordinates":[[[-71.7174228,-9.8179239],[-71.7092885,-9.8179891],[-71.7092445,-9.8125851],[-71.7173787,-9.8125199],[-71.7174228,-9.8179239]]]}},{"type":"Feature","id":"AC-Y365-X328","properties":{"id":"AC-Y365-X328","grid_x":328,"grid_y":365,"centroid":[-71.7218218,-9.8584213],"aggregation":"none","score_gradboost":0.0062638,"score_random_forest":0.0081681,"score_logistic_regression":0.0004787,"score_fuzzy_knn_k29":0.0},"geometry":{"type":"Polygon","coordinates":[[[-71.7259117,-9.8610904],[-71.7177764,-9.8611561],[-71.7177321,-9.8557521],[-71.7258672,-9.8556864],[-71.7259117,-9.8610904]]]}},{"type":"Feature","id":"AC-Y366-X328","properties":{"id":"AC-Y366-X328","grid_x":328,"grid_y":366,"centroid":[-71.7217775,-9.8530173],"aggregation":"none","score_gradboost":0.0075249,"score_random_forest":0.0030377,"score_logistic_regression":0.0005495,"score_fuzzy_knn_k29":0.0},"geometry":{"type":"Polygon","coordinates":[[[-71.7258672,-9.8556864],[-71.7177321,-9.8557521],[-71.7176878,-9.850348],[-71.7258228,-9.8502824],[-71.7258672,-9.8556864]]]}},{"type":"Feature","id":"AC-Y367-X327","properties":{"id":"AC-Y367-X327","grid_x":327,"grid_y":367,"centroid":[-71.7298681,-9.8475476],"aggregation":"none","score_gradboost":0.0060159,"score_random_forest":0.0031463,"score_logistic_regression":0.0005271,"score_fuzzy_knn_k29":0.0},"geometry":{"type":"Polygon","coordinates":[[[-71.7339578,-9.8502166],[-71.7258228,-9.8502824],[-71.7257785,-9.8448784],[-71.7339133,-9.8448127],[-71.7339578,-9.8502166]]]}},{"type":"Feature","id":"AC-Y367-X328","properties":{"id":"AC-Y367-X328","grid_x":328,"grid_y":367,"centroid":[-71.7217332,-9.8476133],"aggregation":"none","score_gradboost":0.0075249,"score_random_forest":0.0013211,"score_logistic_regression":0.000749,"score_fuzzy_knn_k29":0.0},"geometry":{"type":"Polygon","coordinates":[[[-71.7258228,-9.8502824],[-71.7176878,-9.850348],[-71.7176436,-9.844944],[-71.7257785,-9.8448784],[-71.7258228,-9.8502824]]]}},{"type":"Feature","id":"AC-Y368-X325","properties":{"id":"AC-Y368-X325","grid_x":325,"grid_y":368,"centroid":[-71.7460931,-9.8420117],"aggregation":"none","score_gradboost":0.0060159,"score_random_forest":0.0013167,"score_logistic_regression":0.0004928,"score_fuzzy_knn_k29":0.0},"geometry":{"type":"Polygon","coordinates":[[[-71.7501828,-9.8446805],[-71.7420481,-9.8447467],[-71.7420035,-9.8393428],[-71.7501381,-9.8392767],[-71.7501828,-9.8446805]]]}},{"type":"Feature","id":"AC-Y368-X326","properties":{"id":"AC-Y368-X326","grid_x":326,"grid_y":368,"centroid":[-71.7379584,-9.8420778],"aggregation":"none","score_gradboost":0.0075249,"score_random_forest":0.0077982,"score_logistic_regression":0.0008061,"score_fuzzy_knn_k29":0.0},"geometry":{"type":"Polygon","coordinates":[[[-71.7420481,-9.8447467],[-71.7339133,-9.8448127],[-71.7338688,-9.8394087],[-71.7420035,-9.8393428],[-71.7420481,-9.8447467]]]}},{"type":"Feature","id":"AC-Y368-X327","properties":{"id":"AC-Y368-X327","grid_x":327,"grid_y":368,"centroid":[-71.7298237,-9.8421436],"aggregation":"none","score_gradboost":0.0075249,"score_random_forest":0.0029939,"score_logistic_regression":0.0007443,"score_fuzzy_knn_k29":0.0},"geometry":{"type":"Polygon","coordinates":[[[-71.7339133,-9.8448127],[-71.7257785,-9.8448784],[-71.7257341,-9.8394745],[-71.7338688,-9.8394087],[-71.7339133,-9.8448127]]]}},{"type":"Feature","id":"AC-Y368-X328","properties":{"id":"AC-Y368-X328","grid_x":328,"grid_y":368,"centroid":[-71.7216889,-9.8422093],"aggregation":"none","score_gradboost":0.0075249,"score_random_forest":0.0009968,"score_logistic_regression":0.0009646,"score_fuzzy_knn_k29":0.0},"geometry":{"type":"Polygon","coordinates":[[[-71.7257785,-9.8448784],[-71.7176436,-9.844944],[-71.7175994,-9.83954],[-71.7257341,-9.8394745],[-71.7257785,-9.8448784]]]}},{"type":"Feature","id":"AC-Y369-X325","properties":{"id":"AC-Y369-X325","grid_x":325,"grid_y":369,"centroid":[-71.7460484,-9.8366078],"aggregation":"none","score_gradboost":0.0075249,"score_random_forest":0.0,"score_logistic_regression":0.0007804,"score_fuzzy_knn_k29":0.0},"geometry":{"type":"Polygon","coordinates":[[[-71.7501381,-9.8392767],[-71.7420035,-9.8393428],[-71.7419589,-9.8339389],[-71.7500933,-9.8338728],[-71.7501381,-9.8392767]]]}},{"type":"Feature","id":"AC-Y369-X326","properties":{"id":"AC-Y369-X326","grid_x":326,"grid_y":369,"centroid":[-71.7379139,-9.8366738],"aggregation":"none","score_gradboost":0.0075249,"score_random_forest":0.0012635,"score_logistic_regression":0.0009573,"score_fuzzy_knn_k29":0.0},"geometry":{"type":"Polygon","coordinates":[[[-71.7420035,-9.8393428],[-71.7338688,-9.8394087],[-71.7338244,-9.8340048],[-71.7419589,-9.8339389],[-71.7420035,-9.8393428]]]}},{"type":"Feature","id":"AC-Y369-X327","properties":{"id":"AC-Y369-X327","grid_x":327,"grid_y":369,"centroid":[-71.7297793,-9.8367396],"aggregation":"none","score_gradboost":0.0075249,"score_random_forest":0.0025551,"score_logistic_regression":0.0008132,"score_fuzzy_knn_k29":0.0},"geometry":{"type":"Polygon","coordinates":[[[-71.7338688,-9.8394087],[-71.7257341,-9.8394745],[-71.7256898,-9.8340705],[-71.7338244,-9.8340048],[-71.7338688,-9.8394087]]]}},{"type":"Feature","id":"AC-Y369-X328","properties":{"id":"AC-Y369-X328","grid_x":328,"grid_y":369,"centroid":[-71.7216446,-9.8368053],"aggregation":"none","score_gradboost":0.0075249,"score_random_forest":0.0004792,"score_logistic_regression":0.0007894,"score_fuzzy_knn_k29":0.0},"geometry":{"type":"Polygon","coordinates":[[[-71.7257341,-9.8394745],[-71.7175994,-9.83954],[-71.7175552,-9.834136],[-71.7256898,-9.8340705],[-71.7257341,-9.8394745]]]}},{"type":"Feature","id":"AC-Y370-X325","properties":{"id":"AC-Y370-X325","grid_x":325,"grid_y":370,"centroid":[-71.7460038,-9.8312039],"aggregation":"none","score_gradboost":0.0075249,"score_random_forest":0.0007711,"score_logistic_regression":0.0010796,"score_fuzzy_knn_k29":0.0},"geometry":{"type":"Polygon","coordinates":[[[-71.7500933,-9.8338728],[-71.7419589,-9.8339389],[-71.7419143,-9.828535],[-71.7500487,-9.8284689],[-71.7500933,-9.8338728]]]}},{"type":"Feature","id":"AC-Y370-X326","properties":{"id":"AC-Y370-X326","grid_x":326,"grid_y":370,"centroid":[-71.7378694,-9.8312699],"aggregation":"none","score_gradboost":0.0075249,"score_random_forest":0.0009056,"score_logistic_regression":0.0008275,"score_fuzzy_knn_k29":0.0},"geometry":{"type":"Polygon","coordinates":[[[-71.7419589,-9.8339389],[-71.7338244,-9.8340048],[-71.73378,-9.8286008],[-71.7419143,-9.828535],[-71.7419589,-9.8339389]]]}},{"type":"Feature","id":"AC-Y370-X327","properties":{"id":"AC-Y370-X327","grid_x":327,"grid_y":370,"centroid":[-71.7297349,-9.8313357],"aggregation":"none","score_gradboost":0.0075249,"score_random_forest":0.0004792,"score_logistic_regression":0.0007744,"score_fuzzy_knn_k29":0.0},"geometry":{"type":"Polygon","coordinates":[[[-71.7338244,-9.8340048],[-71.7256898,-9.8340705],[-71.7256455,-9.8286665],[-71.7337799,-9.8286008],[-71.7338244,-9.8340048]]]}},{"type":"Feature","id":"AC-Y370-X328","properties":{"id":"AC-Y370-X328","grid_x":328,"grid_y":370,"centroid":[-71.7216004,-9.8314013],"aggregation":"none","score_gradboost":0.0075249,"score_random_forest":0.0018068,"score_logistic_regression":0.000869,"score_fuzzy_knn_k29":0.0},"geometry":{"type":"Polygon","coordinates":[[[-71.7256898,-9.8340705],[-71.7175552,-9.834136],[-71.717511,-9.828732],[-71.7256455,-9.8286665],[-71.7256898,-9.8340705]]]}},{"type":"Feature","id":"AC-Y371-X325","properties":{"id":"AC-Y371-X325","grid_x":325,"grid_y":371,"centroid":[-71.7459592,-9.8258],"aggregation":"none","score_gradboost":0.0075249,"score_random_forest":0.0002493,"score_logistic_regression":0.0009862,"score_fuzzy_knn_k29":0.0},"geometry":{"type":"Polygon","coordinates":[[[-71.7500487,-9.8284689],[-71.7419143,-9.828535],[-71.7418698,-9.8231311],[-71.750004,-9.8230651],[-71.7500487,-9.8284689]]]}},{"type":"Feature","id":"AC-Y371-X326","properties":{"id":"AC-Y371-X326","grid_x":326,"grid_y":371,"centroid":[-71.7378249,-9.825866],"aggregation":"none","score_gradboost":0.0089765,"score_random_forest":0.003348,"score_logistic_regression":0.0011263,"score_fuzzy_knn_k29":0.0},"geometry":{"type":"Polygon","coordinates":[[[-71.7419143,-9.828535],[-71.73378,-9.8286008],[-71.7337355,-9.8231969],[-71.7418698,-9.8231311],[-71.7419143,-9.828535]]]}},{"type":"Feature","id":"AC-Y371-X327","properties":{"id":"AC-Y371-X327","grid_x":327,"grid_y":371,"centroid":[-71.7296906,-9.8259317],"aggregation":"none","score_gradboost":0.0075249,"score_random_forest":0.0024896,"score_logistic_regression":0.0009368,"score_fuzzy_knn_k29":0.0},"geometry":{"type":"Polygon","coordinates":[[[-71.7337799,-9.8286008],[-71.7256455,-9.8286665],[-71.7256012,-9.8232625],[-71.7337355,-9.8231969],[-71.7337799,-9.8286008]]]}},{"type":"Feature","id":"AC-Y371-X328","properties":{"id":"AC-Y371-X328","grid_x":328,"grid_y":371,"centroid":[-71.7215562,-9.8259973],"aggregation":"none","score_gradboost":0.0075249,"score_random_forest":0.0098589,"score_logistic_regression":0.0007011,"score_fuzzy_knn_k29":0.0},"geometry":{"type":"Polygon","coordinates":[[[-71.7256455,-9.8286665],[-71.717511,-9.828732],[-71.7174669,-9.8233279],[-71.7256012,-9.8232625],[-71.7256455,-9.8286665]]]}},{"type":"Feature","id":"AC-Y372-X325","properties":{"id":"AC-Y372-X325","grid_x":325,"grid_y":372,"centroid":[-71.7459146,-9.8203961],"aggregation":"none","score_gradboost":0.0075249,"score_random_forest":0.0004792,"score_logistic_regression":0.000876,"score_fuzzy_knn_k29":0.0},"geometry":{"type":"Polygon","coordinates":[[[-71.750004,-9.8230651],[-71.7418698,-9.8231311],[-71.7418253,-9.8177272],[-71.7499593,-9.8176612],[-71.750004,-9.8230651]]]}},{"type":"Feature","id":"AC-Y372-X326","properties":{"id":"AC-Y372-X326","grid_x":326,"grid_y":372,"centroid":[-71.7377805,-9.820462],"aggregation":"none","score_gradboost":0.0075249,"score_random_forest":0.0004792,"score_logistic_regression":0.0009041,"score_fuzzy_knn_k29":0.0},"geometry":{"type":"Polygon","coordinates":[[[-71.7418698,-9.8231311],[-71.7337355,-9.8231969],[-71.7336912,-9.8177929],[-71.7418253,-9.8177272],[-71.7418698,-9.8231311]]]}},{"type":"Feature","id":"AC-Y372-X327","properties":{"id":"AC-Y372-X327","grid_x":327,"grid_y":372,"centroid":[-71.7296462,-9.8205277],"aggregation":"none","score_gradboost":0.0075249,"score_random_forest":0.0,"score_logistic_regression":0.0009271,"score_fuzzy_knn_k29":0.0},"geometry":{"type":"Polygon","coordinates":[[[-71.7337355,-9.8231969],[-71.7256012,-9.8232625],[-71.725557,-9.8178585],[-71.7336912,-9.8177929],[-71.7337355,-9.8231969]]]}},{"type":"Feature","id":"AC-Y372-X328","properties":{"id":"AC-Y372-X328","grid_x":328,"grid_y":372,"centroid":[-71.721512,-9.8205932],"aggregation":"none","score_gradboost":0.0075249,"score_random_forest":0.0,"score_logistic_regression":0.0009048,"score_fuzzy_knn_k29":0.0},"geometry":{"type":"Polygon","coordinates":[[[-71.7256012,-9.8232625],[-71.7174669,-9.8233279],[-71.7174228,-9.8179239],[-71.725557,-9.8178585],[-71.7256012,-9.8232625]]]}},{"type":"Feature","id":"AC-Y373-X325","properties":{"id":"AC-Y373-X325","grid_x":325,"grid_y":373,"centroid":[-71.7458701,-9.8149922],"aggregation":"none","score_gradboost":0.0075249,"score_random_forest":0.0023234,"score_logistic_regression":0.0011643,"score_fuzzy_knn_k29":0.0},"geometry":{"type":"Polygon","coordinates":[[[-71.7499593,-9.8176612],[-71.7418253,-9.8177272],[-71.7417808,-9.8123232],[-71.7499147,-9.8122573],[-71.7499593,-9.8176612]]]}},{"type":"Feature","id":"AC-Y373-X326","properties":{"id":"AC-Y373-X326","grid_x":326,"grid_y":373,"centroid":[-71.737736,-9.8150581],"aggregation":"none","score_gradboost":0.0089765,"score_random_forest":0.0061011,"score_logistic_regression":0.0011974,"score_fuzzy_knn_k29":0.0},"geometry":{"type":"Polygon","coordinates":[[[-71.7418253,-9.8177272],[-71.7336912,-9.8177929],[-71.7336468,-9.812389],[-71.7417808,-9.8123232],[-71.7418253,-9.8177272]]]}},{"type":"Feature","id":"AC-Y373-X327","properties":{"id":"AC-Y373-X327","grid_x":327,"grid_y":373,"centroid":[-71.7296019,-9.8151238],"aggregation":"none","score_gradboost":0.0060159,"score_random_forest":0.0022062,"score_logistic_regression":0.0005972,"score_fuzzy_knn_k29":0.0},"geometry":{"type":"Polygon","coordinates":[[[-71.7336912,-9.8177929],[-71.725557,-9.8178585],[-71.7255128,-9.8124545],[-71.7336468,-9.812389],[-71.7336912,-9.8177929]]]}},{"type":"Feature","id":"AC-Y373-X328","properties":{"id":"AC-Y373-X328","grid_x":328,"grid_y":373,"centroid":[-71.7214678,-9.8151892],"aggregation":"none","score_gradboost":0.0075249,"score_random_forest":0.0046287,"score_logistic_regression":0.0008682,"score_fuzzy_knn_k29":0.0},"geometry":{"type":"Polygon","coordinates":[[[-71.725557,-9.8178585],[-71.7174228,-9.8179239],[-71.7173787,-9.8125199],[-71.7255128,-9.8124545],[-71.725557,-9.8178585]]]}},{"type":"Feature","id":"AC-Y374-X325","properties":{"id":"AC-Y374-X325","grid_x":325,"grid_y":374,"centroid":[-71.7458255,-9.8095883],"aggregation":"none","score_gradboost":0.0083886,"score_random_forest":0.0256278,"score_logistic_regression":0.0016084,"score_fuzzy_knn_k29":0.0},"geometry":{"type":"Polygon","coordinates":[[[-71.7499147,-9.8122573],[-71.7417808,-9.8123232],[-71.7417364,-9.8069193],[-71.7498701,-9.8068534],[-71.7499147,-9.8122573]]]}},{"type":"Feature","id":"AC-Y374-X326","properties":{"id":"AC-Y374-X326","grid_x":326,"grid_y":374,"centroid":[-71.7376916,-9.8096542],"aggregation":"none","score_gradboost":0.0075249,"score_random_forest":0.0013745,"score_logistic_regression":0.000643,"score_fuzzy_knn_k29":0.0},"geometry":{"type":"Polygon","coordinates":[[[-71.7417808,-9.8123232],[-71.7336468,-9.812389],[-71.7336025,-9.806985],[-71.7417364,-9.8069193],[-71.7417808,-9.8123232]]]}},{"type":"Feature","id":"AC-Y340-X352","properties":{"id":"AC-Y340-X352","grid_x":352,"grid_y":340,"centroid":[-71.5275976,-9.9950614],"aggregation":"none","score_gradboost":0.0060759,"score_random_forest":0.0008375,"score_logistic_regression":9.41e-05,"score_fuzzy_knn_k29":0.0},"geometry":{"type":"Polygon","coordinates":[[[-71.5316884,-9.9977328],[-71.5235485,-9.9977946],[-71.5235068,-9.9923898],[-71.5316466,-9.992328],[-71.5316884,-9.9977328]]]}},{"type":"Feature","id":"AC-Y340-X353","properties":{"id":"AC-Y340-X353","grid_x":353,"grid_y":340,"centroid":[-71.5194577,-9.9951231],"aggregation":"none","score_gradboost":0.0066917,"score_random_forest":0.0106156,"score_logistic_regression":7.71e-05,"score_fuzzy_knn_k29":0.0},"geometry":{"type":"Polygon","coordinates":[[[-71.5235485,-9.9977946],[-71.5154085,-9.9978563],[-71.5153669,-9.9924514],[-71.5235068,-9.9923898],[-71.5235485,-9.9977946]]]}},{"type":"Feature","id":"AC-Y340-X354","properties":{"id":"AC-Y340-X354","grid_x":354,"grid_y":340,"centroid":[-71.5113177,-9.9951846],"aggregation":"none","score_gradboost":0.0066917,"score_random_forest":0.0031185,"score_logistic_regression":8.77e-05,"score_fuzzy_knn_k29":0.0},"geometry":{"type":"Polygon","coordinates":[[[-71.5154085,-9.9978563],[-71.5072685,-9.9979177],[-71.507227,-9.9925129],[-71.5153669,-9.9924514],[-71.5154085,-9.9978563]]]}},{"type":"Feature","id":"AC-Y340-X355","properties":{"id":"AC-Y340-X355","grid_x":355,"grid_y":340,"centroid":[-71.5031777,-9.9952459],"aggregation":"none","score_gradboost":0.0066917,"score_random_forest":0.0037635,"score_logistic_regression":5.33e-05,"score_fuzzy_knn_k29":0.0},"geometry":{"type":"Polygon","coordinates":[[[-71.5072685,-9.9979177],[-71.4991284,-9.997979],[-71.4990871,-9.9925741],[-71.507227,-9.9925129],[-71.5072685,-9.9979177]]]}},{"type":"Feature","id":"AC-Y340-X356","properties":{"id":"AC-Y340-X356","grid_x":356,"grid_y":340,"centroid":[-71.4950377,-9.9953071],"aggregation":"none","score_gradboost":0.0066917,"score_random_forest":0.0030664,"score_logistic_regression":6.36e-05,"score_fuzzy_knn_k29":0.0},"geometry":{"type":"Polygon","coordinates":[[[-71.4991284,-9.997979],[-71.4909882,-9.99804],[-71.4909471,-9.9926351],[-71.4990871,-9.9925741],[-71.4991284,-9.997979]]]}},{"type":"Feature","id":"AC-Y340-X357","properties":{"id":"AC-Y340-X357","grid_x":357,"grid_y":340,"centroid":[-71.4868976,-9.995368],"aggregation":"none","score_gradboost":0.0066917,"score_random_forest":0.0031185,"score_logistic_regression":5.83e-05,"score_fuzzy_knn_k29":0.0},"geometry":{"type":"Polygon","coordinates":[[[-71.4909882,-9.99804],[-71.482848,-9.9981009],[-71.482807,-9.9926959],[-71.4909471,-9.9926351],[-71.4909882,-9.99804]]]}},{"type":"Feature","id":"AC-Y340-X358","properties":{"id":"AC-Y340-X358","grid_x":358,"grid_y":340,"centroid":[-71.4787574,-9.9954287],"aggregation":"none","score_gradboost":0.0060159,"score_random_forest":0.0076636,"score_logistic_regression":0.0001279,"score_fuzzy_knn_k29":0.0},"geometry":{"type":"Polygon","coordinates":[[[-71.482848,-9.9981009],[-71.4747078,-9.9981615],[-71.4746669,-9.9927565],[-71.482807,-9.9926959],[-71.482848,-9.9981009]]]}},{"type":"Feature","id":"AC-Y341-X352","properties":{"id":"AC-Y341-X352","grid_x":352,"grid_y":341,"centroid":[-71.5275558,-9.9896566],"aggregation":"none","score_gradboost":0.0060759,"score_random_forest":0.0042555,"score_logistic_regression":9.74e-05,"score_fuzzy_knn_k29":0.0},"geometry":{"type":"Polygon","coordinates":[[[-71.5316466,-9.992328],[-71.5235068,-9.9923898],[-71.5234651,-9.986985],[-71.5316048,-9.9869233],[-71.5316466,-9.992328]]]}},{"type":"Feature","id":"AC-Y341-X353","properties":{"id":"AC-Y341-X353","grid_x":353,"grid_y":341,"centroid":[-71.519416,-9.9897183],"aggregation":"none","score_gradboost":0.0069672,"score_random_forest":0.0195959,"score_logistic_regression":8.12e-05,"score_fuzzy_knn_k29":0.0},"geometry":{"type":"Polygon","coordinates":[[[-71.5235068,-9.9923898],[-71.5153669,-9.9924514],[-71.5153254,-9.9870466],[-71.5234651,-9.986985],[-71.5235068,-9.9923898]]]}},{"type":"Feature","id":"AC-Y341-X354","properties":{"id":"AC-Y341-X354","grid_x":354,"grid_y":341,"centroid":[-71.5112762,-9.9897797],"aggregation":"none","score_gradboost":0.0083688,"score_random_forest":0.012157,"score_logistic_regression":0.0001202,"score_fuzzy_knn_k29":0.0},"geometry":{"type":"Polygon","coordinates":[[[-71.5153669,-9.9924514],[-71.507227,-9.9925128],[-71.5071856,-9.987108],[-71.5153254,-9.9870466],[-71.5153669,-9.9924514]]]}},{"type":"Feature","id":"AC-Y341-X355","properties":{"id":"AC-Y341-X355","grid_x":355,"grid_y":341,"centroid":[-71.5031364,-9.989841],"aggregation":"none","score_gradboost":0.0066917,"score_random_forest":0.0012308,"score_logistic_regression":5.89e-05,"score_fuzzy_knn_k29":0.0},"geometry":{"type":"Polygon","coordinates":[[[-71.507227,-9.9925128],[-71.4990871,-9.9925741],[-71.4990458,-9.9871691],[-71.5071856,-9.987108],[-71.507227,-9.9925128]]]}},{"type":"Feature","id":"AC-Y341-X356","properties":{"id":"AC-Y341-X356","grid_x":356,"grid_y":341,"centroid":[-71.4949965,-9.9899021],"aggregation":"none","score_gradboost":0.0066917,"score_random_forest":0.0030664,"score_logistic_regression":7.14e-05,"score_fuzzy_knn_k29":0.0},"geometry":{"type":"Polygon","coordinates":[[[-71.4990871,-9.9925741],[-71.4909471,-9.9926351],[-71.4909059,-9.9872301],[-71.4990458,-9.9871691],[-71.4990871,-9.9925741]]]}},{"type":"Feature","id":"AC-Y341-X357","properties":{"id":"AC-Y341-X357","grid_x":357,"grid_y":341,"centroid":[-71.4868565,-9.989963],"aggregation":"none","score_gradboost":0.0066917,"score_random_forest":0.0146376,"score_logistic_regression":9e-05,"score_fuzzy_knn_k29":0.0},"geometry":{"type":"Polygon","coordinates":[[[-71.4909471,-9.9926351],[-71.482807,-9.9926959],[-71.482766,-9.9872909],[-71.4909059,-9.9872301],[-71.4909471,-9.9926351]]]}},{"type":"Feature","id":"AC-Y341-X358","properties":{"id":"AC-Y341-X358","grid_x":358,"grid_y":341,"centroid":[-71.4787165,-9.9900237],"aggregation":"none","score_gradboost":0.0060159,"score_random_forest":0.0,"score_logistic_regression":0.0001316,"score_fuzzy_knn_k29":0.0},"geometry":{"type":"Polygon","coordinates":[[[-71.482807,-9.9926959],[-71.4746669,-9.9927565],[-71.474626,-9.9873515],[-71.482766,-9.9872909],[-71.482807,-9.9926959]]]}},{"type":"Feature","id":"AC-Y342-X353","properties":{"id":"AC-Y342-X353","grid_x":353,"grid_y":342,"centroid":[-71.5193744,-9.9843134],"aggregation":"none","score_gradboost":0.0069672,"score_random_forest":0.0314875,"score_logistic_regression":0.0001159,"score_fuzzy_knn_k29":0.0},"geometry":{"type":"Polygon","coordinates":[[[-71.5234651,-9.986985],[-71.5153254,-9.9870466],[-71.5152839,-9.9816417],[-71.5234234,-9.9815802],[-71.5234651,-9.986985]]]}},{"type":"Feature","id":"AC-Y342-X354","properties":{"id":"AC-Y342-X354","grid_x":354,"grid_y":342,"centroid":[-71.5112348,-9.9843749],"aggregation":"none","score_gradboost":0.0066917,"score_random_forest":0.0342459,"score_logistic_regression":7.45e-05,"score_fuzzy_knn_k29":0.0},"geometry":{"type":"Polygon","coordinates":[[[-71.5153254,-9.9870466],[-71.5071856,-9.987108],[-71.5071442,-9.9817031],[-71.5152839,-9.9816417],[-71.5153254,-9.9870466]]]}},{"type":"Feature","id":"AC-Y342-X355","properties":{"id":"AC-Y342-X355","grid_x":355,"grid_y":342,"centroid":[-71.503095,-9.9844361],"aggregation":"none","score_gradboost":0.0066917,"score_random_forest":0.0023594,"score_logistic_regression":9.18e-05,"score_fuzzy_knn_k29":0.0},"geometry":{"type":"Polygon","coordinates":[[[-71.5071856,-9.987108],[-71.4990458,-9.9871691],[-71.4990045,-9.9817642],[-71.5071442,-9.9817031],[-71.5071856,-9.987108]]]}},{"type":"Feature","id":"AC-Y342-X356","properties":{"id":"AC-Y342-X356","grid_x":356,"grid_y":342,"centroid":[-71.4949553,-9.9844972],"aggregation":"none","score_gradboost":0.0066917,"score_random_forest":0.0023594,"score_logistic_regression":6.13e-05,"score_fuzzy_knn_k29":0.0},"geometry":{"type":"Polygon","coordinates":[[[-71.4990458,-9.9871691],[-71.4909059,-9.9872301],[-71.4908648,-9.9818252],[-71.4990045,-9.9817642],[-71.4990458,-9.9871691]]]}},{"type":"Feature","id":"AC-Y342-X357","properties":{"id":"AC-Y342-X357","grid_x":357,"grid_y":342,"centroid":[-71.4868154,-9.984558],"aggregation":"none","score_gradboost":0.0060159,"score_random_forest":0.0002398,"score_logistic_regression":0.0001292,"score_fuzzy_knn_k29":0.0},"geometry":{"type":"Polygon","coordinates":[[[-71.4909059,-9.9872301],[-71.482766,-9.9872909],[-71.482725,-9.9818859],[-71.4908648,-9.9818252],[-71.4909059,-9.9872301]]]}},{"type":"Feature","id":"AC-Y342-X358","properties":{"id":"AC-Y342-X358","grid_x":358,"grid_y":342,"centroid":[-71.4786755,-9.9846187],"aggregation":"none","score_gradboost":0.0060159,"score_random_forest":0.0,"score_logistic_regression":0.0001309,"score_fuzzy_knn_k29":0.0},"geometry":{"type":"Polygon","coordinates":[[[-71.482766,-9.9872909],[-71.474626,-9.9873515],[-71.4745851,-9.9819465],[-71.482725,-9.9818859],[-71.482766,-9.9872909]]]}},{"type":"Feature","id":"AC-Y343-X353","properties":{"id":"AC-Y343-X353","grid_x":353,"grid_y":343,"centroid":[-71.5193329,-9.9789086],"aggregation":"none","score_gradboost":0.0060759,"score_random_forest":0.0022736,"score_logistic_regression":0.0001052,"score_fuzzy_knn_k29":0.0},"geometry":{"type":"Polygon","coordinates":[[[-71.5234234,-9.9815802],[-71.5152839,-9.9816417],[-71.5152423,-9.9762369],[-71.5233818,-9.9761754],[-71.5234234,-9.9815802]]]}},{"type":"Feature","id":"AC-Y343-X354","properties":{"id":"AC-Y343-X354","grid_x":354,"grid_y":343,"centroid":[-71.5111933,-9.97897],"aggregation":"none","score_gradboost":0.0069672,"score_random_forest":0.0301586,"score_logistic_regression":0.0001048,"score_fuzzy_knn_k29":0.0},"geometry":{"type":"Polygon","coordinates":[[[-71.5152839,-9.9816417],[-71.5071442,-9.9817031],[-71.5071028,-9.9762982],[-71.5152423,-9.9762369],[-71.5152839,-9.9816417]]]}},{"type":"Feature","id":"AC-Y343-X355","properties":{"id":"AC-Y343-X355","grid_x":355,"grid_y":343,"centroid":[-71.5030537,-9.9790312],"aggregation":"none","score_gradboost":0.0069672,"score_random_forest":0.0281549,"score_logistic_regression":8.61e-05,"score_fuzzy_knn_k29":0.0},"geometry":{"type":"Polygon","coordinates":[[[-71.5071442,-9.9817031],[-71.4990045,-9.9817642],[-71.4989633,-9.9763593],[-71.5071028,-9.9762982],[-71.5071442,-9.9817031]]]}},{"type":"Feature","id":"AC-Y343-X356","properties":{"id":"AC-Y343-X356","grid_x":356,"grid_y":343,"centroid":[-71.4949141,-9.9790923],"aggregation":"none","score_gradboost":0.0060159,"score_random_forest":0.0008667,"score_logistic_regression":0.0001219,"score_fuzzy_knn_k29":0.0},"geometry":{"type":"Polygon","coordinates":[[[-71.4990045,-9.9817642],[-71.4908648,-9.9818252],[-71.4908237,-9.9764202],[-71.4989633,-9.9763593],[-71.4990045,-9.9817642]]]}},{"type":"Feature","id":"AC-Y343-X357","properties":{"id":"AC-Y343-X357","grid_x":357,"grid_y":343,"centroid":[-71.4867744,-9.9791531],"aggregation":"none","score_gradboost":0.0060159,"score_random_forest":0.0013167,"score_logistic_regression":0.000103,"score_fuzzy_knn_k29":0.0},"geometry":{"type":"Polygon","coordinates":[[[-71.4908648,-9.9818252],[-71.482725,-9.9818859],[-71.482684,-9.9764809],[-71.4908237,-9.9764202],[-71.4908648,-9.9818252]]]}},{"type":"Feature","id":"AC-Y343-X358","properties":{"id":"AC-Y343-X358","grid_x":358,"grid_y":343,"centroid":[-71.4786346,-9.9792137],"aggregation":"none","score_gradboost":0.0060159,"score_random_forest":0.0,"score_logistic_regression":0.000126,"score_fuzzy_knn_k29":0.0},"geometry":{"type":"Polygon","coordinates":[[[-71.482725,-9.9818859],[-71.4745851,-9.9819465],[-71.4745443,-9.9765414],[-71.482684,-9.9764809],[-71.482725,-9.9818859]]]}},{"type":"Feature","id":"AC-Y344-X354","properties":{"id":"AC-Y344-X354","grid_x":354,"grid_y":344,"centroid":[-71.5111519,-9.9735651],"aggregation":"none","score_gradboost":0.0060759,"score_random_forest":0.0103956,"score_logistic_regression":0.0001212,"score_fuzzy_knn_k29":0.0},"geometry":{"type":"Polygon","coordinates":[[[-71.5152423,-9.9762369],[-71.5071028,-9.9762982],[-71.5070615,-9.9708933],[-71.5152009,-9.970832],[-71.5152423,-9.9762369]]]}},{"type":"Feature","id":"AC-Y344-X355","properties":{"id":"AC-Y344-X355","grid_x":355,"grid_y":344,"centroid":[-71.5030124,-9.9736263],"aggregation":"none","score_gradboost":0.0062638,"score_random_forest":0.0046132,"score_logistic_regression":0.0001622,"score_fuzzy_knn_k29":0.0},"geometry":{"type":"Polygon","coordinates":[[[-71.5071028,-9.9762982],[-71.4989633,-9.9763593],[-71.4989221,-9.9709544],[-71.5070615,-9.9708933],[-71.5071028,-9.9762982]]]}},{"type":"Feature","id":"AC-Y344-X356","properties":{"id":"AC-Y344-X356","grid_x":356,"grid_y":344,"centroid":[-71.4948729,-9.9736873],"aggregation":"none","score_gradboost":0.0062638,"score_random_forest":0.0053837,"score_logistic_regression":0.000126,"score_fuzzy_knn_k29":0.0},"geometry":{"type":"Polygon","coordinates":[[[-71.4989633,-9.9763593],[-71.4908237,-9.9764202],[-71.4907826,-9.9710153],[-71.4989221,-9.9709544],[-71.4989633,-9.9763593]]]}},{"type":"Feature","id":"AC-Y344-X357","properties":{"id":"AC-Y344-X357","grid_x":357,"grid_y":344,"centroid":[-71.4867334,-9.9737481],"aggregation":"none","score_gradboost":0.0060159,"score_random_forest":0.0,"score_logistic_regression":0.0001117,"score_fuzzy_knn_k29":0.0},"geometry":{"type":"Polygon","coordinates":[[[-71.4908237,-9.9764202],[-71.482684,-9.9764809],[-71.4826431,-9.9710759],[-71.4907826,-9.9710153],[-71.4908237,-9.9764202]]]}},{"type":"Feature","id":"AC-Y344-X358","properties":{"id":"AC-Y344-X358","grid_x":358,"grid_y":344,"centroid":[-71.4785937,-9.9738087],"aggregation":"none","score_gradboost":0.0060159,"score_random_forest":0.0076636,"score_logistic_regression":0.0001146,"score_fuzzy_knn_k29":0.0},"geometry":{"type":"Polygon","coordinates":[[[-71.482684,-9.9764809],[-71.4745443,-9.9765414],[-71.4745035,-9.9711364],[-71.4826431,-9.9710759],[-71.482684,-9.9764809]]]}},{"type":"Feature","id":"AC-Y345-X354","properties":{"id":"AC-Y345-X354","grid_x":354,"grid_y":345,"centroid":[-71.5111105,-9.9681603],"aggregation":"none","score_gradboost":0.0088522,"score_random_forest":0.0035854,"score_logistic_regression":0.0002066,"score_fuzzy_knn_k29":0.0},"geometry":{"type":"Polygon","coordinates":[[[-71.5152009,-9.970832],[-71.5070615,-9.9708933],[-71.5070202,-9.9654884],[-71.5151594,-9.9654272],[-71.5152009,-9.970832]]]}},{"type":"Feature","id":"AC-Y345-X355","properties":{"id":"AC-Y345-X355","grid_x":355,"grid_y":345,"centroid":[-71.5029712,-9.9682214],"aggregation":"none","score_gradboost":0.0076667,"score_random_forest":0.0102422,"score_logistic_regression":0.0002138,"score_fuzzy_knn_k29":0.0},"geometry":{"type":"Polygon","coordinates":[[[-71.5070615,-9.9708933],[-71.4989221,-9.9709544],[-71.4988809,-9.9655495],[-71.5070202,-9.9654884],[-71.5070615,-9.9708933]]]}},{"type":"Feature","id":"AC-Y345-X356","properties":{"id":"AC-Y345-X356","grid_x":356,"grid_y":345,"centroid":[-71.4948318,-9.9682824],"aggregation":"none","score_gradboost":0.0060759,"score_random_forest":0.0005216,"score_logistic_regression":0.0001434,"score_fuzzy_knn_k29":0.0},"geometry":{"type":"Polygon","coordinates":[[[-71.4989221,-9.9709544],[-71.4907826,-9.9710153],[-71.4907415,-9.9656103],[-71.4988809,-9.9655495],[-71.4989221,-9.9709544]]]}},{"type":"Feature","id":"AC-Y345-X357","properties":{"id":"AC-Y345-X357","grid_x":357,"grid_y":345,"centroid":[-71.4866924,-9.9683431],"aggregation":"none","score_gradboost":0.0062638,"score_random_forest":0.0141978,"score_logistic_regression":0.0001762,"score_fuzzy_knn_k29":0.0},"geometry":{"type":"Polygon","coordinates":[[[-71.4907826,-9.9710153],[-71.4826431,-9.9710759],[-71.4826022,-9.9656709],[-71.4907415,-9.9656103],[-71.4907826,-9.9710153]]]}},{"type":"Feature","id":"AC-Y345-X358","properties":{"id":"AC-Y345-X358","grid_x":358,"grid_y":345,"centroid":[-71.4785529,-9.9684037],"aggregation":"none","score_gradboost":0.0060159,"score_random_forest":0.0008667,"score_logistic_regression":0.0001169,"score_fuzzy_knn_k29":0.0},"geometry":{"type":"Polygon","coordinates":[[[-71.4826431,-9.9710759],[-71.4745035,-9.9711364],[-71.4744627,-9.9657314],[-71.4826022,-9.9656709],[-71.4826431,-9.9710759]]]}},{"type":"Feature","id":"AC-Y346-X355","properties":{"id":"AC-Y346-X355","grid_x":355,"grid_y":346,"centroid":[-71.5029299,-9.9628165],"aggregation":"none","score_gradboost":0.0071953,"score_random_forest":0.0073736,"score_logistic_regression":0.0001736,"score_fuzzy_knn_k29":0.0},"geometry":{"type":"Polygon","coordinates":[[[-71.5070202,-9.9654884],[-71.4988809,-9.9655495],[-71.4988397,-9.9601445],[-71.5069789,-9.9600835],[-71.5070202,-9.9654884]]]}},{"type":"Feature","id":"AC-Y346-X356","properties":{"id":"AC-Y346-X356","grid_x":356,"grid_y":346,"centroid":[-71.4947907,-9.9628774],"aggregation":"none","score_gradboost":0.0060759,"score_random_forest":0.0066984,"score_logistic_regression":0.0001434,"score_fuzzy_knn_k29":0.0},"geometry":{"type":"Polygon","coordinates":[[[-71.4988809,-9.9655495],[-71.4907415,-9.9656103],[-71.4907005,-9.9602053],[-71.4988397,-9.9601445],[-71.4988809,-9.9655495]]]}},{"type":"Feature","id":"AC-Y346-X357","properties":{"id":"AC-Y346-X357","grid_x":357,"grid_y":346,"centroid":[-71.4866514,-9.9629382],"aggregation":"none","score_gradboost":0.0062638,"score_random_forest":0.0018311,"score_logistic_regression":0.0001187,"score_fuzzy_knn_k29":0.0},"geometry":{"type":"Polygon","coordinates":[[[-71.4907415,-9.9656103],[-71.4826022,-9.9656709],[-71.4825613,-9.960266],[-71.4907005,-9.9602053],[-71.4907415,-9.9656103]]]}},{"type":"Feature","id":"AC-Y346-X358","properties":{"id":"AC-Y346-X358","grid_x":358,"grid_y":346,"centroid":[-71.478512,-9.9629987],"aggregation":"none","score_gradboost":0.0062638,"score_random_forest":0.004678,"score_logistic_regression":0.000143,"score_fuzzy_knn_k29":0.0},"geometry":{"type":"Polygon","coordinates":[[[-71.4826022,-9.9656709],[-71.4744627,-9.9657314],[-71.474422,-9.9603264],[-71.4825613,-9.960266],[-71.4826022,-9.9656709]]]}},{"type":"Feature","id":"AC-Y347-X356","properties":{"id":"AC-Y347-X356","grid_x":356,"grid_y":347,"centroid":[-71.4947496,-9.9574725],"aggregation":"none","score_gradboost":0.0089974,"score_random_forest":0.0140666,"score_logistic_regression":0.000223,"score_fuzzy_knn_k29":0.0},"geometry":{"type":"Polygon","coordinates":[[[-71.4988397,-9.9601445],[-71.4907005,-9.9602053],[-71.4906595,-9.9548004],[-71.4987986,-9.9547396],[-71.4988397,-9.9601445]]]}},{"type":"Feature","id":"AC-Y347-X357","properties":{"id":"AC-Y347-X357","grid_x":357,"grid_y":347,"centroid":[-71.4866104,-9.9575332],"aggregation":"none","score_gradboost":0.0061295,"score_random_forest":0.0005466,"score_logistic_regression":0.0001584,"score_fuzzy_knn_k29":0.0},"geometry":{"type":"Polygon","coordinates":[[[-71.4907005,-9.9602053],[-71.4825613,-9.960266],[-71.4825204,-9.954861],[-71.4906595,-9.9548004],[-71.4907005,-9.9602053]]]}},{"type":"Feature","id":"AC-Y347-X358","properties":{"id":"AC-Y347-X358","grid_x":358,"grid_y":347,"centroid":[-71.4784712,-9.9575937],"aggregation":"none","score_gradboost":0.0060759,"score_random_forest":0.0,"score_logistic_regression":0.0001798,"score_fuzzy_knn_k29":0.0},"geometry":{"type":"Polygon","coordinates":[[[-71.4825613,-9.960266],[-71.474422,-9.9603264],[-71.4743812,-9.9549213],[-71.4825204,-9.954861],[-71.4825613,-9.960266]]]}},{"type":"Feature","id":"AC-Y348-X356","properties":{"id":"AC-Y348-X356","grid_x":356,"grid_y":348,"centroid":[-71.4947085,-9.9520676],"aggregation":"none","score_gradboost":0.0071953,"score_random_forest":0.0002731,"score_logistic_regression":0.0001524,"score_fuzzy_knn_k29":0.0},"geometry":{"type":"Polygon","coordinates":[[[-71.4987986,-9.9547396],[-71.4906595,-9.9548004],[-71.4906185,-9.9493954],[-71.4987575,-9.9493347],[-71.4987986,-9.9547396]]]}},{"type":"Feature","id":"AC-Y348-X357","properties":{"id":"AC-Y348-X357","grid_x":357,"grid_y":348,"centroid":[-71.4865695,-9.9521282],"aggregation":"none","score_gradboost":0.0071953,"score_random_forest":0.0073736,"score_logistic_regression":0.0001784,"score_fuzzy_knn_k29":0.0},"geometry":{"type":"Polygon","coordinates":[[[-71.4906595,-9.9548004],[-71.4825204,-9.954861],[-71.4824795,-9.949456],[-71.4906185,-9.9493954],[-71.4906595,-9.9548004]]]}},{"type":"Feature","id":"AC-Y348-X358","properties":{"id":"AC-Y348-X358","grid_x":358,"grid_y":348,"centroid":[-71.4784304,-9.9521887],"aggregation":"none","score_gradboost":0.0061295,"score_random_forest":0.0003789,"score_logistic_regression":0.0001779,"score_fuzzy_knn_k29":0.0},"geometry":{"type":"Polygon","coordinates":[[[-71.4825204,-9.954861],[-71.4743812,-9.9549213],[-71.4743405,-9.9495163],[-71.4824795,-9.949456],[-71.4825204,-9.954861]]]}},{"type":"Feature","id":"AC-Y349-X356","properties":{"id":"AC-Y349-X356","grid_x":356,"grid_y":349,"centroid":[-71.4946675,-9.9466626],"aggregation":"none","score_gradboost":0.0071953,"score_random_forest":0.0019077,"score_logistic_regression":0.0001597,"score_fuzzy_knn_k29":0.0},"geometry":{"type":"Polygon","coordinates":[[[-71.4987575,-9.9493347],[-71.4906185,-9.9493954],[-71.4905776,-9.9439905],[-71.4987164,-9.9439298],[-71.4987575,-9.9493347]]]}},{"type":"Feature","id":"AC-Y349-X357","properties":{"id":"AC-Y349-X357","grid_x":357,"grid_y":349,"centroid":[-71.4865286,-9.9467232],"aggregation":"none","score_gradboost":0.0089974,"score_random_forest":0.0078941,"score_logistic_regression":0.0002341,"score_fuzzy_knn_k29":0.0},"geometry":{"type":"Polygon","coordinates":[[[-71.4906185,-9.9493954],[-71.4824795,-9.949456],[-71.4824387,-9.944051],[-71.4905776,-9.9439905],[-71.4906185,-9.9493954]]]}},{"type":"Feature","id":"AC-Y349-X358","properties":{"id":"AC-Y349-X358","grid_x":358,"grid_y":349,"centroid":[-71.4783896,-9.9467837],"aggregation":"none","score_gradboost":0.0089974,"score_random_forest":0.0147289,"score_logistic_regression":0.0002059,"score_fuzzy_knn_k29":0.0},"geometry":{"type":"Polygon","coordinates":[[[-71.4824795,-9.949456],[-71.4743405,-9.9495163],[-71.4742998,-9.9441113],[-71.4824387,-9.944051],[-71.4824795,-9.949456]]]}},{"type":"Feature","id":"AC-Y350-X357","properties":{"id":"AC-Y350-X357","grid_x":357,"grid_y":350,"centroid":[-71.4864877,-9.9413182],"aggregation":"none","score_gradboost":0.0071953,"score_random_forest":0.0032749,"score_logistic_regression":0.0001601,"score_fuzzy_knn_k29":0.0},"geometry":{"type":"Polygon","coordinates":[[[-71.4905776,-9.9439905],[-71.4824387,-9.944051],[-71.4823979,-9.938646],[-71.4905366,-9.9385855],[-71.4905776,-9.9439905]]]}},{"type":"Feature","id":"AC-Y350-X358","properties":{"id":"AC-Y350-X358","grid_x":358,"grid_y":350,"centroid":[-71.4783489,-9.9413786],"aggregation":"none","score_gradboost":0.0071953,"score_random_forest":0.0002731,"score_logistic_regression":0.0001954,"score_fuzzy_knn_k29":0.0},"geometry":{"type":"Polygon","coordinates":[[[-71.4824387,-9.944051],[-71.4742998,-9.9441113],[-71.4742591,-9.9387062],[-71.4823979,-9.938646],[-71.4824387,-9.944051]]]}},{"type":"Feature","id":"AC-Y372-X338","properties":{"id":"AC-Y372-X338","grid_x":338,"grid_y":372,"centroid":[-71.6401662,-9.8212376],"aggregation":"none","score_gradboost":0.0061577,"score_random_forest":0.0,"score_logistic_regression":0.0004433,"score_fuzzy_knn_k29":0.0},"geometry":{"type":"Polygon","coordinates":[[[-71.6442551,-9.823908],[-71.6361202,-9.8239715],[-71.6360774,-9.8185671],[-71.6442122,-9.8185037],[-71.6442551,-9.823908]]]}},{"type":"Feature","id":"AC-Y373-X330","properties":{"id":"AC-Y373-X330","grid_x":330,"grid_y":373,"centroid":[-71.7051994,-9.8153196],"aggregation":"none","score_gradboost":0.0076667,"score_random_forest":0.0006557,"score_logistic_regression":0.000973,"score_fuzzy_knn_k29":0.0},"geometry":{"type":"Polygon","coordinates":[[[-71.7092885,-9.8179891],[-71.7011541,-9.8180541],[-71.7011103,-9.81265],[-71.7092445,-9.8125851],[-71.7092885,-9.8179891]]]}},{"type":"Feature","id":"AC-Y373-X331","properties":{"id":"AC-Y373-X331","grid_x":331,"grid_y":373,"centroid":[-71.6970651,-9.8153845],"aggregation":"none","score_gradboost":0.0088522,"score_random_forest":0.0067247,"score_logistic_regression":0.0007387,"score_fuzzy_knn_k29":0.0},"geometry":{"type":"Polygon","coordinates":[[[-71.7011541,-9.8180541],[-71.6930197,-9.8181189],[-71.692976,-9.8127148],[-71.7011103,-9.81265],[-71.7011541,-9.8180541]]]}},{"type":"Feature","id":"AC-Y373-X332","properties":{"id":"AC-Y373-X332","grid_x":332,"grid_y":373,"centroid":[-71.6889307,-9.8154492],"aggregation":"none","score_gradboost":0.0071953,"score_random_forest":0.0195978,"score_logistic_regression":0.000518,"score_fuzzy_knn_k29":0.0},"geometry":{"type":"Polygon","coordinates":[[[-71.6930197,-9.8181189],[-71.6848853,-9.8181835],[-71.6848417,-9.8127794],[-71.6929761,-9.8127148],[-71.6930197,-9.8181189]]]}},{"type":"Feature","id":"AC-Y373-X333","properties":{"id":"AC-Y373-X333","grid_x":333,"grid_y":373,"centroid":[-71.6807963,-9.8155137],"aggregation":"none","score_gradboost":0.0089974,"score_random_forest":0.0170377,"score_logistic_regression":0.0007425,"score_fuzzy_knn_k29":0.0},"geometry":{"type":"Polygon","coordinates":[[[-71.6848853,-9.8181835],[-71.6767508,-9.818248],[-71.6767073,-9.8128437],[-71.6848417,-9.8127794],[-71.6848853,-9.8181835]]]}},{"type":"Feature","id":"AC-Y373-X334","properties":{"id":"AC-Y373-X334","grid_x":334,"grid_y":373,"centroid":[-71.6726618,-9.815578],"aggregation":"none","score_gradboost":0.0075853,"score_random_forest":0.0008923,"score_logistic_regression":0.0005719,"score_fuzzy_knn_k29":0.0},"geometry":{"type":"Polygon","coordinates":[[[-71.6767508,-9.818248],[-71.6686162,-9.8183122],[-71.6685729,-9.8129079],[-71.6767073,-9.8128437],[-71.6767508,-9.818248]]]}},{"type":"Feature","id":"AC-Y373-X335","properties":{"id":"AC-Y373-X335","grid_x":335,"grid_y":373,"centroid":[-71.6645273,-9.8156421],"aggregation":"none","score_gradboost":0.0061266,"score_random_forest":0.0003694,"score_logistic_regression":0.0004603,"score_fuzzy_knn_k29":0.0},"geometry":{"type":"Polygon","coordinates":[[[-71.6686162,-9.8183122],[-71.6604816,-9.8183762],[-71.6604384,-9.8129719],[-71.6685729,-9.8129079],[-71.6686162,-9.8183122]]]}},{"type":"Feature","id":"AC-Y373-X336","properties":{"id":"AC-Y373-X336","grid_x":336,"grid_y":373,"centroid":[-71.6563927,-9.815706],"aggregation":"none","score_gradboost":0.0061266,"score_random_forest":0.005089,"score_logistic_regression":0.0005533,"score_fuzzy_knn_k29":0.0},"geometry":{"type":"Polygon","coordinates":[[[-71.6604816,-9.8183762],[-71.6523469,-9.81844],[-71.6523039,-9.8130357],[-71.6604384,-9.8129719],[-71.6604816,-9.8183762]]]}},{"type":"Feature","id":"AC-Y373-X337","properties":{"id":"AC-Y373-X337","grid_x":337,"grid_y":373,"centroid":[-71.6482581,-9.8157697],"aggregation":"none","score_gradboost":0.0061266,"score_random_forest":0.0035085,"score_logistic_regression":0.0004434,"score_fuzzy_knn_k29":0.0},"geometry":{"type":"Polygon","coordinates":[[[-71.6523469,-9.81844],[-71.6442122,-9.8185037],[-71.6441693,-9.8130993],[-71.6523039,-9.8130357],[-71.6523469,-9.81844]]]}},{"type":"Feature","id":"AC-Y373-X338","properties":{"id":"AC-Y373-X338","grid_x":338,"grid_y":373,"centroid":[-71.6401234,-9.8158332],"aggregation":"none","score_gradboost":0.0061266,"score_random_forest":0.0010413,"score_logistic_regression":0.0004944,"score_fuzzy_knn_k29":0.0},"geometry":{"type":"Polygon","coordinates":[[[-71.6442122,-9.8185037],[-71.6360774,-9.8185671],[-71.6360346,-9.8131627],[-71.6441693,-9.8130993],[-71.6442122,-9.8185037]]]}},{"type":"Feature","id":"AC-Y373-X339","properties":{"id":"AC-Y373-X339","grid_x":339,"grid_y":373,"centroid":[-71.6319886,-9.8158966],"aggregation":"none","score_gradboost":0.0075317,"score_random_forest":0.0003272,"score_logistic_regression":0.0007141,"score_fuzzy_knn_k29":0.0},"geometry":{"type":"Polygon","coordinates":[[[-71.6360774,-9.8185671],[-71.6279425,-9.8186304],[-71.6278999,-9.8132259],[-71.6360346,-9.8131627],[-71.6360774,-9.8185671]]]}},{"type":"Feature","id":"AC-Y374-X329","properties":{"id":"AC-Y374-X329","grid_x":329,"grid_y":374,"centroid":[-71.7132896,-9.8098505],"aggregation":"none","score_gradboost":0.0078345,"score_random_forest":0.001432,"score_logistic_regression":0.0008925,"score_fuzzy_knn_k29":0.0},"geometry":{"type":"Polygon","coordinates":[[[-71.7173787,-9.8125199],[-71.7092445,-9.8125851],[-71.7092006,-9.807181],[-71.7173346,-9.8071159],[-71.7173787,-9.8125199]]]}},{"type":"Feature","id":"AC-Y374-X330","properties":{"id":"AC-Y374-X330","grid_x":330,"grid_y":374,"centroid":[-71.7051555,-9.8099155],"aggregation":"none","score_gradboost":0.0062638,"score_random_forest":0.0028896,"score_logistic_regression":0.0005567,"score_fuzzy_knn_k29":0.0},"geometry":{"type":"Polygon","coordinates":[[[-71.7092445,-9.8125851],[-71.7011103,-9.81265],[-71.7010665,-9.8072459],[-71.7092006,-9.807181],[-71.7092445,-9.8125851]]]}},{"type":"Feature","id":"AC-Y374-X331","properties":{"id":"AC-Y374-X331","grid_x":331,"grid_y":374,"centroid":[-71.6970213,-9.8099804],"aggregation":"none","score_gradboost":0.0075998,"score_random_forest":0.0235023,"score_logistic_regression":0.0006758,"score_fuzzy_knn_k29":0.0},"geometry":{"type":"Polygon","coordinates":[[[-71.7011103,-9.81265],[-71.692976,-9.8127148],[-71.6929324,-9.8073107],[-71.7010665,-9.8072459],[-71.7011103,-9.81265]]]}},{"type":"Feature","id":"AC-Y374-X332","properties":{"id":"AC-Y374-X332","grid_x":332,"grid_y":374,"centroid":[-71.6888871,-9.810045],"aggregation":"none","score_gradboost":0.0077442,"score_random_forest":0.0017092,"score_logistic_regression":0.0009797,"score_fuzzy_knn_k29":0.0},"geometry":{"type":"Polygon","coordinates":[[[-71.6929761,-9.8127148],[-71.6848417,-9.8127794],[-71.6847982,-9.8073752],[-71.6929324,-9.8073107],[-71.6929761,-9.8127148]]]}},{"type":"Feature","id":"AC-Y374-X333","properties":{"id":"AC-Y374-X333","grid_x":333,"grid_y":374,"centroid":[-71.6807528,-9.8101095],"aggregation":"none","score_gradboost":0.0071953,"score_random_forest":0.0002731,"score_logistic_regression":0.0005596,"score_fuzzy_knn_k29":0.0},"geometry":{"type":"Polygon","coordinates":[[[-71.6848417,-9.8127794],[-71.6767073,-9.8128437],[-71.6766639,-9.8074395],[-71.6847982,-9.8073752],[-71.6848417,-9.8127794]]]}},{"type":"Feature","id":"AC-Y374-X334","properties":{"id":"AC-Y374-X334","grid_x":334,"grid_y":374,"centroid":[-71.6726185,-9.8101738],"aggregation":"none","score_gradboost":0.0081543,"score_random_forest":0.0039029,"score_logistic_regression":0.0008902,"score_fuzzy_knn_k29":0.0},"geometry":{"type":"Polygon","coordinates":[[[-71.6767073,-9.8128437],[-71.6685729,-9.8129079],[-71.6685296,-9.8075037],[-71.6766639,-9.8074395],[-71.6767073,-9.8128437]]]}},{"type":"Feature","id":"AC-Y374-X335","properties":{"id":"AC-Y374-X335","grid_x":335,"grid_y":374,"centroid":[-71.6644841,-9.8102378],"aggregation":"none","score_gradboost":0.0075853,"score_random_forest":0.000552,"score_logistic_regression":0.0008754,"score_fuzzy_knn_k29":0.0},"geometry":{"type":"Polygon","coordinates":[[[-71.6685729,-9.8129079],[-71.6604384,-9.8129719],[-71.6603953,-9.8075676],[-71.6685296,-9.8075037],[-71.6685729,-9.8129079]]]}},{"type":"Feature","id":"AC-Y374-X336","properties":{"id":"AC-Y374-X336","grid_x":336,"grid_y":374,"centroid":[-71.6563496,-9.8103017],"aggregation":"none","score_gradboost":0.0061266,"score_random_forest":0.0009938,"score_logistic_regression":0.0004912,"score_fuzzy_knn_k29":0.0},"geometry":{"type":"Polygon","coordinates":[[[-71.6604384,-9.8129719],[-71.6523039,-9.8130357],[-71.6522609,-9.8076314],[-71.6603953,-9.8075676],[-71.6604384,-9.8129719]]]}},{"type":"Feature","id":"AC-Y374-X337","properties":{"id":"AC-Y374-X337","grid_x":337,"grid_y":374,"centroid":[-71.6482151,-9.8103654],"aggregation":"none","score_gradboost":0.0061266,"score_random_forest":0.0,"score_logistic_regression":0.0004873,"score_fuzzy_knn_k29":0.0},"geometry":{"type":"Polygon","coordinates":[[[-71.6523039,-9.8130357],[-71.6441693,-9.8130993],[-71.6441264,-9.807695],[-71.6522609,-9.8076314],[-71.6523039,-9.8130357]]]}},{"type":"Feature","id":"AC-Y374-X338","properties":{"id":"AC-Y374-X338","grid_x":338,"grid_y":374,"centroid":[-71.6400805,-9.8104289],"aggregation":"none","score_gradboost":0.0075853,"score_random_forest":0.0041057,"score_logistic_regression":0.0005674,"score_fuzzy_knn_k29":0.0},"geometry":{"type":"Polygon","coordinates":[[[-71.6441693,-9.8130993],[-71.6360346,-9.8131627],[-71.6359919,-9.8077583],[-71.6441264,-9.807695],[-71.6441693,-9.8130993]]]}},{"type":"Feature","id":"AC-Y374-X339","properties":{"id":"AC-Y374-X339","grid_x":339,"grid_y":374,"centroid":[-71.6319459,-9.8104922],"aggregation":"none","score_gradboost":0.0076691,"score_random_forest":0.0095416,"score_logistic_regression":0.0006004,"score_fuzzy_knn_k29":0.0},"geometry":{"type":"Polygon","coordinates":[[[-71.6360346,-9.8131627],[-71.6278999,-9.8132259],[-71.6278573,-9.8078215],[-71.6359919,-9.8077583],[-71.6360346,-9.8131627]]]}},{"type":"Feature","id":"AC-Y374-X340","properties":{"id":"AC-Y374-X340","grid_x":340,"grid_y":374,"centroid":[-71.6238112,-9.8105553],"aggregation":"none","score_gradboost":0.0075317,"score_random_forest":0.0039272,"score_logistic_regression":0.0005609,"score_fuzzy_knn_k29":0.0},"geometry":{"type":"Polygon","coordinates":[[[-71.6278999,-9.8132259],[-71.6197651,-9.813289],[-71.6197226,-9.8078845],[-71.6278573,-9.8078215],[-71.6278999,-9.8132259]]]}},{"type":"Feature","id":"AC-Y375-X329","properties":{"id":"AC-Y375-X329","grid_x":329,"grid_y":375,"centroid":[-71.7132456,-9.8044464],"aggregation":"none","score_gradboost":0.0075249,"score_random_forest":0.0116995,"score_logistic_regression":0.0007296,"score_fuzzy_knn_k29":0.0},"geometry":{"type":"Polygon","coordinates":[[[-71.7173346,-9.8071159],[-71.7092006,-9.807181],[-71.7091567,-9.8017769],[-71.7172906,-9.8017118],[-71.7173346,-9.8071159]]]}},{"type":"Feature","id":"AC-Y375-X330","properties":{"id":"AC-Y375-X330","grid_x":330,"grid_y":375,"centroid":[-71.7051116,-9.8045114],"aggregation":"none","score_gradboost":0.0075249,"score_random_forest":0.0037863,"score_logistic_regression":0.0009363,"score_fuzzy_knn_k29":0.0},"geometry":{"type":"Polygon","coordinates":[[[-71.7092006,-9.807181],[-71.7010665,-9.8072459],[-71.7010227,-9.8018418],[-71.7091567,-9.8017769],[-71.7092006,-9.807181]]]}},{"type":"Feature","id":"AC-Y375-X331","properties":{"id":"AC-Y375-X331","grid_x":331,"grid_y":375,"centroid":[-71.6969776,-9.8045762],"aggregation":"none","score_gradboost":0.0078345,"score_random_forest":0.0029194,"score_logistic_regression":0.0009206,"score_fuzzy_knn_k29":0.0},"geometry":{"type":"Polygon","coordinates":[[[-71.7010665,-9.8072459],[-71.6929324,-9.8073107],[-71.6928887,-9.8019065],[-71.7010227,-9.8018418],[-71.7010665,-9.8072459]]]}},{"type":"Feature","id":"AC-Y375-X332","properties":{"id":"AC-Y375-X332","grid_x":332,"grid_y":375,"centroid":[-71.6888435,-9.8046409],"aggregation":"none","score_gradboost":0.0075998,"score_random_forest":0.003689,"score_logistic_regression":0.0008503,"score_fuzzy_knn_k29":0.0},"geometry":{"type":"Polygon","coordinates":[[[-71.6929324,-9.8073107],[-71.6847982,-9.8073752],[-71.6847547,-9.801971],[-71.6928887,-9.8019065],[-71.6929324,-9.8073107]]]}},{"type":"Feature","id":"AC-Y375-X333","properties":{"id":"AC-Y375-X333","grid_x":333,"grid_y":375,"centroid":[-71.6807093,-9.8047053],"aggregation":"none","score_gradboost":0.0081543,"score_random_forest":0.0032306,"score_logistic_regression":0.0008711,"score_fuzzy_knn_k29":0.0},"geometry":{"type":"Polygon","coordinates":[[[-71.6847982,-9.8073752],[-71.6766639,-9.8074395],[-71.6766206,-9.8020353],[-71.6847547,-9.801971],[-71.6847982,-9.8073752]]]}},{"type":"Feature","id":"AC-Y375-X334","properties":{"id":"AC-Y375-X334","grid_x":334,"grid_y":375,"centroid":[-71.6725751,-9.8047695],"aggregation":"none","score_gradboost":0.0105547,"score_random_forest":0.0048184,"score_logistic_regression":0.0010751,"score_fuzzy_knn_k29":0.0},"geometry":{"type":"Polygon","coordinates":[[[-71.6766639,-9.8074395],[-71.6685296,-9.8075037],[-71.6684864,-9.8020994],[-71.6766206,-9.8020353],[-71.6766639,-9.8074395]]]}},{"type":"Feature","id":"AC-Y375-X335","properties":{"id":"AC-Y375-X335","grid_x":335,"grid_y":375,"centroid":[-71.6644409,-9.8048336],"aggregation":"none","score_gradboost":0.0075853,"score_random_forest":0.0,"score_logistic_regression":0.0006951,"score_fuzzy_knn_k29":0.0},"geometry":{"type":"Polygon","coordinates":[[[-71.6685296,-9.8075037],[-71.6603953,-9.8075676],[-71.6603522,-9.8021634],[-71.6684864,-9.8020994],[-71.6685296,-9.8075037]]]}},{"type":"Feature","id":"AC-Y375-X336","properties":{"id":"AC-Y375-X336","grid_x":336,"grid_y":375,"centroid":[-71.6563065,-9.8048974],"aggregation":"none","score_gradboost":0.0075853,"score_random_forest":0.0006698,"score_logistic_regression":0.0007267,"score_fuzzy_knn_k29":0.0},"geometry":{"type":"Polygon","coordinates":[[[-71.6603953,-9.8075676],[-71.6522609,-9.8076314],[-71.6522179,-9.8022271],[-71.6603522,-9.8021634],[-71.6603953,-9.8075676]]]}},{"type":"Feature","id":"AC-Y375-X337","properties":{"id":"AC-Y375-X337","grid_x":337,"grid_y":375,"centroid":[-71.6481722,-9.804961],"aggregation":"none","score_gradboost":0.0075853,"score_random_forest":0.0,"score_logistic_regression":0.0006349,"score_fuzzy_knn_k29":0.0},"geometry":{"type":"Polygon","coordinates":[[[-71.6522609,-9.8076314],[-71.6441264,-9.807695],[-71.6440835,-9.8022906],[-71.6522179,-9.8022271],[-71.6522609,-9.8076314]]]}},{"type":"Feature","id":"AC-Y375-X338","properties":{"id":"AC-Y375-X338","grid_x":338,"grid_y":375,"centroid":[-71.6400377,-9.8050245],"aggregation":"none","score_gradboost":0.0075853,"score_random_forest":0.0006812,"score_logistic_regression":0.0006701,"score_fuzzy_knn_k29":0.0},"geometry":{"type":"Polygon","coordinates":[[[-71.6441264,-9.807695],[-71.6359919,-9.8077583],[-71.6359491,-9.802354],[-71.6440835,-9.8022906],[-71.6441264,-9.807695]]]}},{"type":"Feature","id":"AC-Y375-X339","properties":{"id":"AC-Y375-X339","grid_x":339,"grid_y":375,"centroid":[-71.6319032,-9.8050878],"aggregation":"none","score_gradboost":0.0075853,"score_random_forest":0.0,"score_logistic_regression":0.0008418,"score_fuzzy_knn_k29":0.0},"geometry":{"type":"Polygon","coordinates":[[[-71.6359919,-9.8077583],[-71.6278573,-9.8078215],[-71.6278147,-9.8024171],[-71.6359491,-9.802354],[-71.6359919,-9.8077583]]]}},{"type":"Feature","id":"AC-Y375-X340","properties":{"id":"AC-Y375-X340","grid_x":340,"grid_y":375,"centroid":[-71.6237687,-9.8051508],"aggregation":"none","score_gradboost":0.0061266,"score_random_forest":0.0071854,"score_logistic_regression":0.00044,"score_fuzzy_knn_k29":0.0},"geometry":{"type":"Polygon","coordinates":[[[-71.6278573,-9.8078215],[-71.6197226,-9.8078845],[-71.6196802,-9.80248],[-71.6278147,-9.8024171],[-71.6278573,-9.8078215]]]}},{"type":"Feature","id":"AC-Y375-X341","properties":{"id":"AC-Y375-X341","grid_x":341,"grid_y":375,"centroid":[-71.6156341,-9.8052137],"aggregation":"none","score_gradboost":0.0061577,"score_random_forest":0.0,"score_logistic_regression":0.0003528,"score_fuzzy_knn_k29":0.0},"geometry":{"type":"Polygon","coordinates":[[[-71.6197226,-9.8078845],[-71.611588,-9.8079473],[-71.6115456,-9.8025428],[-71.6196802,-9.80248],[-71.6197226,-9.8078845]]]}},{"type":"Feature","id":"AC-Y376-X329","properties":{"id":"AC-Y376-X329","grid_x":329,"grid_y":376,"centroid":[-71.7132017,-9.7990424],"aggregation":"none","score_gradboost":0.0097418,"score_random_forest":0.0053466,"score_logistic_regression":0.0012641,"score_fuzzy_knn_k29":0.0},"geometry":{"type":"Polygon","coordinates":[[[-71.7172906,-9.8017118],[-71.7091567,-9.8017769],[-71.7091128,-9.7963728],[-71.7172466,-9.7963078],[-71.7172906,-9.8017118]]]}},{"type":"Feature","id":"AC-Y376-X330","properties":{"id":"AC-Y376-X330","grid_x":330,"grid_y":376,"centroid":[-71.7050678,-9.7991073],"aggregation":"none","score_gradboost":0.0075249,"score_random_forest":0.0007711,"score_logistic_regression":0.0009723,"score_fuzzy_knn_k29":0.0},"geometry":{"type":"Polygon","coordinates":[[[-71.7091567,-9.8017769],[-71.7010227,-9.8018418],[-71.700979,-9.7964377],[-71.7091128,-9.7963728],[-71.7091567,-9.8017769]]]}},{"type":"Feature","id":"AC-Y376-X331","properties":{"id":"AC-Y376-X331","grid_x":331,"grid_y":376,"centroid":[-71.6969339,-9.7991721],"aggregation":"none","score_gradboost":0.0075249,"score_random_forest":0.0026095,"score_logistic_regression":0.0010446,"score_fuzzy_knn_k29":0.0},"geometry":{"type":"Polygon","coordinates":[[[-71.7010227,-9.8018418],[-71.6928887,-9.8019065],[-71.6928451,-9.7965024],[-71.700979,-9.7964377],[-71.7010227,-9.8018418]]]}},{"type":"Feature","id":"AC-Y376-X332","properties":{"id":"AC-Y376-X332","grid_x":332,"grid_y":376,"centroid":[-71.6887999,-9.7992367],"aggregation":"none","score_gradboost":0.0062638,"score_random_forest":0.0025869,"score_logistic_regression":0.0005729,"score_fuzzy_knn_k29":0.0},"geometry":{"type":"Polygon","coordinates":[[[-71.6928887,-9.8019065],[-71.6847547,-9.801971],[-71.6847112,-9.7965668],[-71.6928451,-9.7965024],[-71.6928887,-9.8019065]]]}},{"type":"Feature","id":"AC-Y376-X333","properties":{"id":"AC-Y376-X333","grid_x":333,"grid_y":376,"centroid":[-71.6806659,-9.7993011],"aggregation":"none","score_gradboost":0.0100251,"score_random_forest":0.0029575,"score_logistic_regression":0.0010982,"score_fuzzy_knn_k29":0.0},"geometry":{"type":"Polygon","coordinates":[[[-71.6847547,-9.801971],[-71.6766206,-9.8020353],[-71.6765772,-9.7966311],[-71.6847112,-9.7965668],[-71.6847547,-9.801971]]]}},{"type":"Feature","id":"AC-Y376-X334","properties":{"id":"AC-Y376-X334","grid_x":334,"grid_y":376,"centroid":[-71.6725318,-9.7993653],"aggregation":"none","score_gradboost":0.0081543,"score_random_forest":0.0,"score_logistic_regression":0.0009257,"score_fuzzy_knn_k29":0.0},"geometry":{"type":"Polygon","coordinates":[[[-71.6766206,-9.8020353],[-71.6684864,-9.8020994],[-71.6684432,-9.7966952],[-71.6765772,-9.7966311],[-71.6766206,-9.8020353]]]}},{"type":"Feature","id":"AC-Y376-X335","properties":{"id":"AC-Y376-X335","grid_x":335,"grid_y":376,"centroid":[-71.6643977,-9.7994293],"aggregation":"none","score_gradboost":0.0089974,"score_random_forest":0.0078941,"score_logistic_regression":0.0006529,"score_fuzzy_knn_k29":0.0},"geometry":{"type":"Polygon","coordinates":[[[-71.6684864,-9.8020994],[-71.6603522,-9.8021634],[-71.6603091,-9.7967591],[-71.6684432,-9.7966952],[-71.6684864,-9.8020994]]]}},{"type":"Feature","id":"AC-Y376-X336","properties":{"id":"AC-Y376-X336","grid_x":336,"grid_y":376,"centroid":[-71.6562635,-9.7994931],"aggregation":"none","score_gradboost":0.0071953,"score_random_forest":0.0047533,"score_logistic_regression":0.0004788,"score_fuzzy_knn_k29":0.0},"geometry":{"type":"Polygon","coordinates":[[[-71.6603522,-9.8021634],[-71.6522179,-9.8022271],[-71.6521749,-9.7968228],[-71.6603091,-9.7967591],[-71.6603522,-9.8021634]]]}},{"type":"Feature","id":"AC-Y376-X337","properties":{"id":"AC-Y376-X337","grid_x":337,"grid_y":376,"centroid":[-71.6481293,-9.7995567],"aggregation":"none","score_gradboost":0.0089974,"score_random_forest":0.0091163,"score_logistic_regression":0.0007492,"score_fuzzy_knn_k29":0.0},"geometry":{"type":"Polygon","coordinates":[[[-71.6522179,-9.8022271],[-71.6440835,-9.8022906],[-71.6440407,-9.7968863],[-71.6521749,-9.7968228],[-71.6522179,-9.8022271]]]}},{"type":"Feature","id":"AC-Y376-X338","properties":{"id":"AC-Y376-X338","grid_x":338,"grid_y":376,"centroid":[-71.639995,-9.7996201],"aggregation":"none","score_gradboost":0.0075853,"score_random_forest":0.0006812,"score_logistic_regression":0.0006677,"score_fuzzy_knn_k29":0.0},"geometry":{"type":"Polygon","coordinates":[[[-71.6440835,-9.8022906],[-71.6359491,-9.802354],[-71.6359064,-9.7969496],[-71.6440407,-9.7968863],[-71.6440835,-9.8022906]]]}},{"type":"Feature","id":"AC-Y376-X339","properties":{"id":"AC-Y376-X339","grid_x":339,"grid_y":376,"centroid":[-71.6318606,-9.7996833],"aggregation":"none","score_gradboost":0.0075853,"score_random_forest":0.000552,"score_logistic_regression":0.0008283,"score_fuzzy_knn_k29":0.0},"geometry":{"type":"Polygon","coordinates":[[[-71.6359491,-9.802354],[-71.6278147,-9.8024171],[-71.6277721,-9.7970127],[-71.6359064,-9.7969496],[-71.6359491,-9.802354]]]}},{"type":"Feature","id":"AC-Y376-X340","properties":{"id":"AC-Y376-X340","grid_x":340,"grid_y":376,"centroid":[-71.6237262,-9.7997464],"aggregation":"none","score_gradboost":0.0075853,"score_random_forest":0.0042073,"score_logistic_regression":0.0008211,"score_fuzzy_knn_k29":0.0},"geometry":{"type":"Polygon","coordinates":[[[-71.6278147,-9.8024171],[-71.6196802,-9.80248],[-71.6196378,-9.7970756],[-71.6277721,-9.7970127],[-71.6278147,-9.8024171]]]}},{"type":"Feature","id":"AC-Y376-X341","properties":{"id":"AC-Y376-X341","grid_x":341,"grid_y":376,"centroid":[-71.6155917,-9.7998092],"aggregation":"none","score_gradboost":0.0061266,"score_random_forest":0.0021922,"score_logistic_regression":0.0005035,"score_fuzzy_knn_k29":0.0},"geometry":{"type":"Polygon","coordinates":[[[-71.6196802,-9.80248],[-71.6115456,-9.8025428],[-71.6115033,-9.7971383],[-71.6196378,-9.7970756],[-71.6196802,-9.80248]]]}},{"type":"Feature","id":"AC-Y377-X329","properties":{"id":"AC-Y377-X329","grid_x":329,"grid_y":377,"centroid":[-71.7131577,-9.7936383],"aggregation":"none","score_gradboost":0.0100051,"score_random_forest":0.0213132,"score_logistic_regression":0.0016275,"score_fuzzy_knn_k29":0.0},"geometry":{"type":"Polygon","coordinates":[[[-71.7172466,-9.7963078],[-71.7091128,-9.7963728],[-71.709069,-9.7909688],[-71.7172026,-9.7909038],[-71.7172466,-9.7963078]]]}},{"type":"Feature","id":"AC-Y377-X330","properties":{"id":"AC-Y377-X330","grid_x":330,"grid_y":377,"centroid":[-71.705024,-9.7937033],"aggregation":"none","score_gradboost":0.0075249,"score_random_forest":0.0013749,"score_logistic_regression":0.0009147,"score_fuzzy_knn_k29":0.0},"geometry":{"type":"Polygon","coordinates":[[[-71.7091128,-9.7963728],[-71.700979,-9.7964377],[-71.7009353,-9.7910336],[-71.709069,-9.7909688],[-71.7091128,-9.7963728]]]}},{"type":"Feature","id":"AC-Y377-X331","properties":{"id":"AC-Y377-X331","grid_x":331,"grid_y":377,"centroid":[-71.6968902,-9.793768],"aggregation":"none","score_gradboost":0.0075249,"score_random_forest":0.0020704,"score_logistic_regression":0.0009889,"score_fuzzy_knn_k29":0.0},"geometry":{"type":"Polygon","coordinates":[[[-71.700979,-9.7964377],[-71.6928451,-9.7965024],[-71.6928015,-9.7910982],[-71.7009353,-9.7910336],[-71.700979,-9.7964377]]]}},{"type":"Feature","id":"AC-Y377-X332","properties":{"id":"AC-Y377-X332","grid_x":332,"grid_y":377,"centroid":[-71.6887564,-9.7938325],"aggregation":"none","score_gradboost":0.0078345,"score_random_forest":0.0024929,"score_logistic_regression":0.0010753,"score_fuzzy_knn_k29":0.0},"geometry":{"type":"Polygon","coordinates":[[[-71.6928451,-9.7965024],[-71.6847112,-9.7965668],[-71.6846677,-9.7911627],[-71.6928015,-9.7910982],[-71.6928451,-9.7965024]]]}},{"type":"Feature","id":"AC-Y377-X333","properties":{"id":"AC-Y377-X333","grid_x":333,"grid_y":377,"centroid":[-71.6806225,-9.7938969],"aggregation":"none","score_gradboost":0.0076667,"score_random_forest":0.0006557,"score_logistic_regression":0.0008817,"score_fuzzy_knn_k29":0.0},"geometry":{"type":"Polygon","coordinates":[[[-71.6847112,-9.7965668],[-71.6765772,-9.7966311],[-71.6765339,-9.7912269],[-71.6846677,-9.7911627],[-71.6847112,-9.7965668]]]}},{"type":"Feature","id":"AC-Y377-X334","properties":{"id":"AC-Y377-X334","grid_x":334,"grid_y":377,"centroid":[-71.6724886,-9.7939611],"aggregation":"none","score_gradboost":0.0071953,"score_random_forest":0.0211505,"score_logistic_regression":0.0005422,"score_fuzzy_knn_k29":0.0},"geometry":{"type":"Polygon","coordinates":[[[-71.6765772,-9.7966311],[-71.6684432,-9.7966952],[-71.6684,-9.7912909],[-71.6765339,-9.7912269],[-71.6765772,-9.7966311]]]}},{"type":"Feature","id":"AC-Y377-X335","properties":{"id":"AC-Y377-X335","grid_x":335,"grid_y":377,"centroid":[-71.6643546,-9.794025],"aggregation":"none","score_gradboost":0.0089974,"score_random_forest":0.0093637,"score_logistic_regression":0.000748,"score_fuzzy_knn_k29":0.0},"geometry":{"type":"Polygon","coordinates":[[[-71.6684432,-9.7966952],[-71.6603091,-9.7967591],[-71.660266,-9.7913548],[-71.6684,-9.7912909],[-71.6684432,-9.7966952]]]}},{"type":"Feature","id":"AC-Y377-X336","properties":{"id":"AC-Y377-X336","grid_x":336,"grid_y":377,"centroid":[-71.6562205,-9.7940888],"aggregation":"none","score_gradboost":0.0089974,"score_random_forest":0.0210512,"score_logistic_regression":0.0007499,"score_fuzzy_knn_k29":0.0},"geometry":{"type":"Polygon","coordinates":[[[-71.6603091,-9.7967591],[-71.6521749,-9.7968228],[-71.652132,-9.7914184],[-71.660266,-9.7913548],[-71.6603091,-9.7967591]]]}},{"type":"Feature","id":"AC-Y377-X337","properties":{"id":"AC-Y377-X337","grid_x":337,"grid_y":377,"centroid":[-71.6480864,-9.7941524],"aggregation":"none","score_gradboost":0.0089974,"score_random_forest":0.0039665,"score_logistic_regression":0.0005381,"score_fuzzy_knn_k29":0.0},"geometry":{"type":"Polygon","coordinates":[[[-71.6521749,-9.7968228],[-71.6440407,-9.7968863],[-71.6439979,-9.7914819],[-71.652132,-9.7914184],[-71.6521749,-9.7968228]]]}},{"type":"Feature","id":"AC-Y377-X338","properties":{"id":"AC-Y377-X338","grid_x":338,"grid_y":377,"centroid":[-71.6399522,-9.7942157],"aggregation":"none","score_gradboost":0.0089974,"score_random_forest":0.0059079,"score_logistic_regression":0.0007047,"score_fuzzy_knn_k29":0.0},"geometry":{"type":"Polygon","coordinates":[[[-71.6440407,-9.7968863],[-71.6359064,-9.7969496],[-71.6358638,-9.7915452],[-71.6439979,-9.7914819],[-71.6440407,-9.7968863]]]}},{"type":"Feature","id":"AC-Y377-X339","properties":{"id":"AC-Y377-X339","grid_x":339,"grid_y":377,"centroid":[-71.631818,-9.7942789],"aggregation":"none","score_gradboost":0.0075853,"score_random_forest":0.0006803,"score_logistic_regression":0.0008756,"score_fuzzy_knn_k29":0.0},"geometry":{"type":"Polygon","coordinates":[[[-71.6359064,-9.7969496],[-71.6277721,-9.7970127],[-71.6277296,-9.7916082],[-71.6358638,-9.7915452],[-71.6359064,-9.7969496]]]}},{"type":"Feature","id":"AC-Y377-X340","properties":{"id":"AC-Y377-X340","grid_x":340,"grid_y":377,"centroid":[-71.6236837,-9.7943419],"aggregation":"none","score_gradboost":0.0061266,"score_random_forest":0.0013132,"score_logistic_regression":0.0004998,"score_fuzzy_knn_k29":0.0},"geometry":{"type":"Polygon","coordinates":[[[-71.6277721,-9.7970127],[-71.6196378,-9.7970756],[-71.6195953,-9.7916711],[-71.6277296,-9.7916082],[-71.6277721,-9.7970127]]]}},{"type":"Feature","id":"AC-Y377-X341","properties":{"id":"AC-Y377-X341","grid_x":341,"grid_y":377,"centroid":[-71.6155494,-9.7944047],"aggregation":"none","score_gradboost":0.0076691,"score_random_forest":0.0039797,"score_logistic_regression":0.0006064,"score_fuzzy_knn_k29":0.0},"geometry":{"type":"Polygon","coordinates":[[[-71.6196378,-9.7970756],[-71.6115033,-9.7971383],[-71.611461,-9.7917338],[-71.6195953,-9.7916711],[-71.6196378,-9.7970756]]]}},{"type":"Feature","id":"AC-Y377-X342","properties":{"id":"AC-Y377-X342","grid_x":342,"grid_y":377,"centroid":[-71.607415,-9.7944673],"aggregation":"none","score_gradboost":0.0061577,"score_random_forest":0.0,"score_logistic_regression":0.0004176,"score_fuzzy_knn_k29":0.0},"geometry":{"type":"Polygon","coordinates":[[[-71.6115033,-9.7971383],[-71.6033688,-9.7972008],[-71.6033267,-9.7917963],[-71.611461,-9.7917338],[-71.6115033,-9.7971383]]]}},{"type":"Feature","id":"AC-Y378-X329","properties":{"id":"AC-Y378-X329","grid_x":329,"grid_y":378,"centroid":[-71.7131138,-9.7882343],"aggregation":"none","score_gradboost":0.0100051,"score_random_forest":0.0218675,"score_logistic_regression":0.0016816,"score_fuzzy_knn_k29":0.0},"geometry":{"type":"Polygon","coordinates":[[[-71.7172026,-9.7909038],[-71.709069,-9.7909688],[-71.7090251,-9.7855647],[-71.7171586,-9.7854997],[-71.7172026,-9.7909038]]]}},{"type":"Feature","id":"AC-Y378-X330","properties":{"id":"AC-Y378-X330","grid_x":330,"grid_y":378,"centroid":[-71.7049802,-9.7882992],"aggregation":"none","score_gradboost":0.0154706,"score_random_forest":0.0325194,"score_logistic_regression":0.0021157,"score_fuzzy_knn_k29":0.0111254},"geometry":{"type":"Polygon","coordinates":[[[-71.709069,-9.7909688],[-71.7009353,-9.7910336],[-71.7008916,-9.7856295],[-71.7090251,-9.7855647],[-71.709069,-9.7909688]]]}},{"type":"Feature","id":"AC-Y378-X331","properties":{"id":"AC-Y378-X331","grid_x":331,"grid_y":378,"centroid":[-71.6968466,-9.7883639],"aggregation":"none","score_gradboost":0.0075249,"score_random_forest":0.0010831,"score_logistic_regression":0.0008641,"score_fuzzy_knn_k29":0.0},"geometry":{"type":"Polygon","coordinates":[[[-71.7009353,-9.7910336],[-71.6928015,-9.7910982],[-71.692758,-9.7856941],[-71.7008916,-9.7856295],[-71.7009353,-9.7910336]]]}},{"type":"Feature","id":"AC-Y378-X332","properties":{"id":"AC-Y378-X332","grid_x":332,"grid_y":378,"centroid":[-71.6887129,-9.7884284],"aggregation":"none","score_gradboost":0.0078345,"score_random_forest":0.0072276,"score_logistic_regression":0.0007509,"score_fuzzy_knn_k29":0.0},"geometry":{"type":"Polygon","coordinates":[[[-71.6928015,-9.7910982],[-71.6846677,-9.7911627],[-71.6846243,-9.7857585],[-71.692758,-9.7856941],[-71.6928015,-9.7910982]]]}},{"type":"Feature","id":"AC-Y378-X333","properties":{"id":"AC-Y378-X333","grid_x":333,"grid_y":378,"centroid":[-71.6805791,-9.7884927],"aggregation":"none","score_gradboost":0.0075998,"score_random_forest":0.0056006,"score_logistic_regression":0.0007005,"score_fuzzy_knn_k29":0.0},"geometry":{"type":"Polygon","coordinates":[[[-71.6846677,-9.7911627],[-71.6765339,-9.7912269],[-71.6764906,-9.7858227],[-71.6846243,-9.7857585],[-71.6846677,-9.7911627]]]}},{"type":"Feature","id":"AC-Y378-X334","properties":{"id":"AC-Y378-X334","grid_x":334,"grid_y":378,"centroid":[-71.6724453,-9.7885568],"aggregation":"none","score_gradboost":0.0077442,"score_random_forest":0.0062618,"score_logistic_regression":0.0006043,"score_fuzzy_knn_k29":0.0},"geometry":{"type":"Polygon","coordinates":[[[-71.6765339,-9.7912269],[-71.6684,-9.7912909],[-71.6683568,-9.7858867],[-71.6764906,-9.7858227],[-71.6765339,-9.7912269]]]}},{"type":"Feature","id":"AC-Y378-X335","properties":{"id":"AC-Y378-X335","grid_x":335,"grid_y":378,"centroid":[-71.6643114,-9.7886207],"aggregation":"none","score_gradboost":0.0076667,"score_random_forest":0.0026268,"score_logistic_regression":0.000787,"score_fuzzy_knn_k29":0.0},"geometry":{"type":"Polygon","coordinates":[[[-71.6684,-9.7912909],[-71.660266,-9.7913548],[-71.660223,-9.7859505],[-71.6683568,-9.7858867],[-71.6684,-9.7912909]]]}},{"type":"Feature","id":"AC-Y378-X336","properties":{"id":"AC-Y378-X336","grid_x":336,"grid_y":378,"centroid":[-71.6561775,-9.7886845],"aggregation":"none","score_gradboost":0.0076667,"score_random_forest":0.0056171,"score_logistic_regression":0.0008353,"score_fuzzy_knn_k29":0.0},"geometry":{"type":"Polygon","coordinates":[[[-71.660266,-9.7913548],[-71.652132,-9.7914184],[-71.6520891,-9.7860141],[-71.660223,-9.7859505],[-71.660266,-9.7913548]]]}},{"type":"Feature","id":"AC-Y378-X337","properties":{"id":"AC-Y378-X337","grid_x":337,"grid_y":378,"centroid":[-71.6480435,-9.788748],"aggregation":"none","score_gradboost":0.0089974,"score_random_forest":0.0079426,"score_logistic_regression":0.0006725,"score_fuzzy_knn_k29":0.0},"geometry":{"type":"Polygon","coordinates":[[[-71.652132,-9.7914184],[-71.6439979,-9.7914819],[-71.6439551,-9.7860775],[-71.6520891,-9.7860141],[-71.652132,-9.7914184]]]}},{"type":"Feature","id":"AC-Y378-X338","properties":{"id":"AC-Y378-X338","grid_x":338,"grid_y":378,"centroid":[-71.6399095,-9.7888114],"aggregation":"none","score_gradboost":0.0081543,"score_random_forest":0.0,"score_logistic_regression":0.0007768,"score_fuzzy_knn_k29":0.0},"geometry":{"type":"Polygon","coordinates":[[[-71.6439979,-9.7914819],[-71.6358638,-9.7915452],[-71.6358211,-9.7861408],[-71.6439551,-9.7860775],[-71.6439979,-9.7914819]]]}},{"type":"Feature","id":"AC-Y378-X339","properties":{"id":"AC-Y378-X339","grid_x":339,"grid_y":378,"centroid":[-71.6317754,-9.7888745],"aggregation":"none","score_gradboost":0.0081543,"score_random_forest":0.0032398,"score_logistic_regression":0.0009006,"score_fuzzy_knn_k29":0.0},"geometry":{"type":"Polygon","coordinates":[[[-71.6358638,-9.7915452],[-71.6277296,-9.7916082],[-71.6276871,-9.7862038],[-71.6358211,-9.7861408],[-71.6358638,-9.7915452]]]}},{"type":"Feature","id":"AC-Y378-X340","properties":{"id":"AC-Y378-X340","grid_x":340,"grid_y":378,"centroid":[-71.6236412,-9.7889375],"aggregation":"none","score_gradboost":0.0075853,"score_random_forest":0.0,"score_logistic_regression":0.0007137,"score_fuzzy_knn_k29":0.0},"geometry":{"type":"Polygon","coordinates":[[[-71.6277296,-9.7916082],[-71.6195953,-9.7916711],[-71.619553,-9.7862666],[-71.6276871,-9.7862038],[-71.6277296,-9.7916082]]]}},{"type":"Feature","id":"AC-Y378-X341","properties":{"id":"AC-Y378-X341","grid_x":341,"grid_y":378,"centroid":[-71.615507,-9.7890002],"aggregation":"none","score_gradboost":0.0075853,"score_random_forest":0.002496,"score_logistic_regression":0.000774,"score_fuzzy_knn_k29":0.0},"geometry":{"type":"Polygon","coordinates":[[[-71.6195953,-9.7916711],[-71.611461,-9.7917338],[-71.6114188,-9.7863293],[-71.619553,-9.7862666],[-71.6195953,-9.7916711]]]}},{"type":"Feature","id":"AC-Y378-X342","properties":{"id":"AC-Y378-X342","grid_x":342,"grid_y":378,"centroid":[-71.6073728,-9.7890628],"aggregation":"none","score_gradboost":0.0074938,"score_random_forest":0.0039217,"score_logistic_regression":0.000549,"score_fuzzy_knn_k29":0.0},"geometry":{"type":"Polygon","coordinates":[[[-71.611461,-9.7917338],[-71.6033267,-9.7917963],[-71.6032846,-9.7863917],[-71.6114188,-9.7863293],[-71.611461,-9.7917338]]]}},{"type":"Feature","id":"AC-Y379-X329","properties":{"id":"AC-Y379-X329","grid_x":329,"grid_y":379,"centroid":[-71.71307,-9.7828302],"aggregation":"none","score_gradboost":0.0100051,"score_random_forest":0.0259809,"score_logistic_regression":0.0017387,"score_fuzzy_knn_k29":0.0},"geometry":{"type":"Polygon","coordinates":[[[-71.7171586,-9.7854997],[-71.7090251,-9.7855647],[-71.7089813,-9.7801606],[-71.7171147,-9.7800957],[-71.7171586,-9.7854997]]]}},{"type":"Feature","id":"AC-Y379-X330","properties":{"id":"AC-Y379-X330","grid_x":330,"grid_y":379,"centroid":[-71.7049365,-9.7828951],"aggregation":"none","score_gradboost":0.0083886,"score_random_forest":0.0238813,"score_logistic_regression":0.0014466,"score_fuzzy_knn_k29":0.0},"geometry":{"type":"Polygon","coordinates":[[[-71.7090251,-9.7855647],[-71.7008916,-9.7856295],[-71.7008479,-9.7802254],[-71.7089813,-9.7801606],[-71.7090251,-9.7855647]]]}},{"type":"Feature","id":"AC-Y379-X331","properties":{"id":"AC-Y379-X331","grid_x":331,"grid_y":379,"centroid":[-71.696803,-9.7829597],"aggregation":"none","score_gradboost":0.0083886,"score_random_forest":0.0502969,"score_logistic_regression":0.0009862,"score_fuzzy_knn_k29":0.0},"geometry":{"type":"Polygon","coordinates":[[[-71.7008916,-9.7856295],[-71.692758,-9.7856941],[-71.6927144,-9.7802899],[-71.7008479,-9.7802254],[-71.7008916,-9.7856295]]]}},{"type":"Feature","id":"AC-Y379-X332","properties":{"id":"AC-Y379-X332","grid_x":332,"grid_y":379,"centroid":[-71.6886694,-9.7830242],"aggregation":"none","score_gradboost":0.0078345,"score_random_forest":0.0049725,"score_logistic_regression":0.000731,"score_fuzzy_knn_k29":0.0},"geometry":{"type":"Polygon","coordinates":[[[-71.692758,-9.7856941],[-71.6846243,-9.7857585],[-71.6845809,-9.7803543],[-71.6927144,-9.7802899],[-71.692758,-9.7856941]]]}},{"type":"Feature","id":"AC-Y379-X333","properties":{"id":"AC-Y379-X333","grid_x":333,"grid_y":379,"centroid":[-71.6805358,-9.7830885],"aggregation":"none","score_gradboost":0.0075998,"score_random_forest":0.0058024,"score_logistic_regression":0.0010462,"score_fuzzy_knn_k29":0.0},"geometry":{"type":"Polygon","coordinates":[[[-71.6846243,-9.7857585],[-71.6764906,-9.7858227],[-71.6764473,-9.7804185],[-71.6845809,-9.7803543],[-71.6846243,-9.7857585]]]}},{"type":"Feature","id":"AC-Y379-X334","properties":{"id":"AC-Y379-X334","grid_x":334,"grid_y":379,"centroid":[-71.6724021,-9.7831526],"aggregation":"none","score_gradboost":0.0060759,"score_random_forest":0.0,"score_logistic_regression":0.0004862,"score_fuzzy_knn_k29":0.0},"geometry":{"type":"Polygon","coordinates":[[[-71.6764906,-9.7858227],[-71.6683568,-9.7858867],[-71.6683137,-9.7804824],[-71.6764473,-9.7804185],[-71.6764906,-9.7858227]]]}},{"type":"Feature","id":"AC-Y379-X335","properties":{"id":"AC-Y379-X335","grid_x":335,"grid_y":379,"centroid":[-71.6642683,-9.7832165],"aggregation":"none","score_gradboost":0.0078345,"score_random_forest":0.0009163,"score_logistic_regression":0.0006885,"score_fuzzy_knn_k29":0.0},"geometry":{"type":"Polygon","coordinates":[[[-71.6683568,-9.7858867],[-71.660223,-9.7859505],[-71.6601799,-9.7805462],[-71.6683137,-9.7804824],[-71.6683568,-9.7858867]]]}},{"type":"Feature","id":"AC-Y379-X336","properties":{"id":"AC-Y379-X336","grid_x":336,"grid_y":379,"centroid":[-71.6561345,-9.7832802],"aggregation":"none","score_gradboost":0.0075998,"score_random_forest":0.0020561,"score_logistic_regression":0.0005995,"score_fuzzy_knn_k29":0.0},"geometry":{"type":"Polygon","coordinates":[[[-71.660223,-9.7859505],[-71.6520891,-9.7860141],[-71.6520462,-9.7806098],[-71.6601799,-9.7805462],[-71.660223,-9.7859505]]]}},{"type":"Feature","id":"AC-Y379-X337","properties":{"id":"AC-Y379-X337","grid_x":337,"grid_y":379,"centroid":[-71.6480007,-9.7833437],"aggregation":"none","score_gradboost":0.0075998,"score_random_forest":0.0036301,"score_logistic_regression":0.000903,"score_fuzzy_knn_k29":0.0},"geometry":{"type":"Polygon","coordinates":[[[-71.6520891,-9.7860141],[-71.6439551,-9.7860775],[-71.6439124,-9.7806732],[-71.6520462,-9.7806098],[-71.6520891,-9.7860141]]]}},{"type":"Feature","id":"AC-Y379-X338","properties":{"id":"AC-Y379-X338","grid_x":338,"grid_y":379,"centroid":[-71.6398668,-9.783407],"aggregation":"none","score_gradboost":0.0081543,"score_random_forest":0.0046415,"score_logistic_regression":0.0009466,"score_fuzzy_knn_k29":0.0},"geometry":{"type":"Polygon","coordinates":[[[-71.6439551,-9.7860775],[-71.6358211,-9.7861408],[-71.6357785,-9.7807364],[-71.6439124,-9.7806732],[-71.6439551,-9.7860775]]]}},{"type":"Feature","id":"AC-Y379-X339","properties":{"id":"AC-Y379-X339","grid_x":339,"grid_y":379,"centroid":[-71.6317328,-9.7834701],"aggregation":"none","score_gradboost":0.0081543,"score_random_forest":0.0,"score_logistic_regression":0.0009146,"score_fuzzy_knn_k29":0.0},"geometry":{"type":"Polygon","coordinates":[[[-71.6358211,-9.7861408],[-71.6276871,-9.7862038],[-71.6276446,-9.7807994],[-71.6357785,-9.7807364],[-71.6358211,-9.7861408]]]}},{"type":"Feature","id":"AC-Y379-X340","properties":{"id":"AC-Y379-X340","grid_x":340,"grid_y":379,"centroid":[-71.6235988,-9.783533],"aggregation":"none","score_gradboost":0.0075853,"score_random_forest":0.0006812,"score_logistic_regression":0.0006572,"score_fuzzy_knn_k29":0.0},"geometry":{"type":"Polygon","coordinates":[[[-71.6276871,-9.7862038],[-71.619553,-9.7862666],[-71.6195106,-9.7808622],[-71.6276446,-9.7807994],[-71.6276871,-9.7862038]]]}},{"type":"Feature","id":"AC-Y379-X341","properties":{"id":"AC-Y379-X341","grid_x":341,"grid_y":379,"centroid":[-71.6154647,-9.7835957],"aggregation":"none","score_gradboost":0.0075853,"score_random_forest":0.0002447,"score_logistic_regression":0.0006841,"score_fuzzy_knn_k29":0.0},"geometry":{"type":"Polygon","coordinates":[[[-71.619553,-9.7862666],[-71.6114188,-9.7863293],[-71.6113766,-9.7809248],[-71.6195106,-9.7808622],[-71.619553,-9.7862666]]]}},{"type":"Feature","id":"AC-Y379-X342","properties":{"id":"AC-Y379-X342","grid_x":342,"grid_y":379,"centroid":[-71.6073306,-9.7836583],"aggregation":"none","score_gradboost":0.0061266,"score_random_forest":0.0017093,"score_logistic_regression":0.0004589,"score_fuzzy_knn_k29":0.0},"geometry":{"type":"Polygon","coordinates":[[[-71.6114188,-9.7863293],[-71.6032846,-9.7863917],[-71.6032425,-9.7809872],[-71.6113766,-9.7809248],[-71.6114188,-9.7863293]]]}},{"type":"Feature","id":"AC-Y379-X343","properties":{"id":"AC-Y379-X343","grid_x":343,"grid_y":379,"centroid":[-71.5991964,-9.7837206],"aggregation":"none","score_gradboost":0.0075317,"score_random_forest":0.0071819,"score_logistic_regression":0.0005672,"score_fuzzy_knn_k29":0.0},"geometry":{"type":"Polygon","coordinates":[[[-71.6032846,-9.7863917],[-71.5951503,-9.786454],[-71.5951083,-9.7810494],[-71.6032425,-9.7809872],[-71.6032846,-9.7863917]]]}},{"type":"Feature","id":"AC-Y380-X329","properties":{"id":"AC-Y380-X329","grid_x":329,"grid_y":380,"centroid":[-71.7130261,-9.7774262],"aggregation":"none","score_gradboost":0.013114,"score_random_forest":0.0227884,"score_logistic_regression":0.0024394,"score_fuzzy_knn_k29":0.0245772},"geometry":{"type":"Polygon","coordinates":[[[-71.7171147,-9.7800957],[-71.7089813,-9.7801606],[-71.7089376,-9.7747566],[-71.7170708,-9.7746916],[-71.7171147,-9.7800957]]]}},{"type":"Feature","id":"AC-Y380-X330","properties":{"id":"AC-Y380-X330","grid_x":330,"grid_y":380,"centroid":[-71.7048928,-9.777491],"aggregation":"none","score_gradboost":0.0100051,"score_random_forest":0.0260942,"score_logistic_regression":0.0016398,"score_fuzzy_knn_k29":0.0},"geometry":{"type":"Polygon","coordinates":[[[-71.7089813,-9.7801606],[-71.7008479,-9.7802254],[-71.7008043,-9.7748213],[-71.7089376,-9.7747566],[-71.7089813,-9.7801606]]]}},{"type":"Feature","id":"AC-Y380-X331","properties":{"id":"AC-Y380-X331","grid_x":331,"grid_y":380,"centroid":[-71.6967594,-9.7775556],"aggregation":"none","score_gradboost":0.0108572,"score_random_forest":0.0276983,"score_logistic_regression":0.0018514,"score_fuzzy_knn_k29":0.0},"geometry":{"type":"Polygon","coordinates":[[[-71.7008479,-9.7802254],[-71.6927144,-9.7802899],[-71.6926709,-9.7748858],[-71.7008043,-9.7748213],[-71.7008479,-9.7802254]]]}},{"type":"Feature","id":"AC-Y380-X332","properties":{"id":"AC-Y380-X332","grid_x":332,"grid_y":380,"centroid":[-71.6886259,-9.7776201],"aggregation":"none","score_gradboost":0.0083886,"score_random_forest":0.0382168,"score_logistic_regression":0.0013005,"score_fuzzy_knn_k29":0.0},"geometry":{"type":"Polygon","coordinates":[[[-71.6927144,-9.7802899],[-71.6845809,-9.7803543],[-71.6845375,-9.7749501],[-71.6926709,-9.7748858],[-71.6927144,-9.7802899]]]}},{"type":"Feature","id":"AC-Y380-X333","properties":{"id":"AC-Y380-X333","grid_x":333,"grid_y":380,"centroid":[-71.6804924,-9.7776843],"aggregation":"none","score_gradboost":0.0078345,"score_random_forest":0.00042,"score_logistic_regression":0.0010717,"score_fuzzy_knn_k29":0.0},"geometry":{"type":"Polygon","coordinates":[[[-71.6845809,-9.7803543],[-71.6764473,-9.7804185],[-71.676404,-9.7750142],[-71.6845375,-9.7749501],[-71.6845809,-9.7803543]]]}},{"type":"Feature","id":"AC-Y380-X334","properties":{"id":"AC-Y380-X334","grid_x":334,"grid_y":380,"centroid":[-71.6723589,-9.7777483],"aggregation":"none","score_gradboost":0.0078345,"score_random_forest":0.00244,"score_logistic_regression":0.0009842,"score_fuzzy_knn_k29":0.0},"geometry":{"type":"Polygon","coordinates":[[[-71.6764473,-9.7804185],[-71.6683137,-9.7804824],[-71.6682705,-9.7750782],[-71.676404,-9.7750142],[-71.6764473,-9.7804185]]]}},{"type":"Feature","id":"AC-Y380-X335","properties":{"id":"AC-Y380-X335","grid_x":335,"grid_y":380,"centroid":[-71.6642253,-9.7778122],"aggregation":"none","score_gradboost":0.0075249,"score_random_forest":0.0082063,"score_logistic_regression":0.0009218,"score_fuzzy_knn_k29":0.0},"geometry":{"type":"Polygon","coordinates":[[[-71.6683137,-9.7804824],[-71.6601799,-9.7805462],[-71.660137,-9.7751419],[-71.6682705,-9.7750782],[-71.6683137,-9.7804824]]]}},{"type":"Feature","id":"AC-Y380-X336","properties":{"id":"AC-Y380-X336","grid_x":336,"grid_y":380,"centroid":[-71.6560916,-9.7778759],"aggregation":"none","score_gradboost":0.0078345,"score_random_forest":0.005086,"score_logistic_regression":0.0009941,"score_fuzzy_knn_k29":0.0},"geometry":{"type":"Polygon","coordinates":[[[-71.6601799,-9.7805462],[-71.6520462,-9.7806098],[-71.6520033,-9.7752055],[-71.660137,-9.7751419],[-71.6601799,-9.7805462]]]}},{"type":"Feature","id":"AC-Y380-X337","properties":{"id":"AC-Y380-X337","grid_x":337,"grid_y":380,"centroid":[-71.6479579,-9.7779393],"aggregation":"none","score_gradboost":0.0078345,"score_random_forest":0.0008013,"score_logistic_regression":0.0007389,"score_fuzzy_knn_k29":0.0},"geometry":{"type":"Polygon","coordinates":[[[-71.6520462,-9.7806098],[-71.6439124,-9.7806732],[-71.6438696,-9.7752688],[-71.6520033,-9.7752055],[-71.6520462,-9.7806098]]]}},{"type":"Feature","id":"AC-Y380-X338","properties":{"id":"AC-Y380-X338","grid_x":338,"grid_y":380,"centroid":[-71.6398241,-9.7780026],"aggregation":"none","score_gradboost":0.009925,"score_random_forest":0.0064446,"score_logistic_regression":0.0010763,"score_fuzzy_knn_k29":0.0},"geometry":{"type":"Polygon","coordinates":[[[-71.6439124,-9.7806732],[-71.6357785,-9.7807364],[-71.6357359,-9.775332],[-71.6438696,-9.7752688],[-71.6439124,-9.7806732]]]}},{"type":"Feature","id":"AC-Y380-X339","properties":{"id":"AC-Y380-X339","grid_x":339,"grid_y":380,"centroid":[-71.6316903,-9.7780657],"aggregation":"none","score_gradboost":0.0089974,"score_random_forest":0.0026895,"score_logistic_regression":0.0005273,"score_fuzzy_knn_k29":0.0},"geometry":{"type":"Polygon","coordinates":[[[-71.6357785,-9.7807364],[-71.6276446,-9.7807994],[-71.6276021,-9.7753949],[-71.6357359,-9.775332],[-71.6357785,-9.7807364]]]}},{"type":"Feature","id":"AC-Y380-X340","properties":{"id":"AC-Y380-X340","grid_x":340,"grid_y":380,"centroid":[-71.6235564,-9.7781286],"aggregation":"none","score_gradboost":0.0089974,"score_random_forest":0.0135247,"score_logistic_regression":0.0007292,"score_fuzzy_knn_k29":0.0},"geometry":{"type":"Polygon","coordinates":[[[-71.6276446,-9.7807994],[-71.6195106,-9.7808622],[-71.6194683,-9.7754577],[-71.6276021,-9.7753949],[-71.6276446,-9.7807994]]]}},{"type":"Feature","id":"AC-Y380-X341","properties":{"id":"AC-Y380-X341","grid_x":341,"grid_y":380,"centroid":[-71.6154224,-9.7781913],"aggregation":"none","score_gradboost":0.0075853,"score_random_forest":0.0020783,"score_logistic_regression":0.000632,"score_fuzzy_knn_k29":0.0},"geometry":{"type":"Polygon","coordinates":[[[-71.6195106,-9.7808622],[-71.6113766,-9.7809248],[-71.6113344,-9.7755203],[-71.6194683,-9.7754577],[-71.6195106,-9.7808622]]]}},{"type":"Feature","id":"AC-Y380-X342","properties":{"id":"AC-Y380-X342","grid_x":342,"grid_y":380,"centroid":[-71.6072885,-9.7782538],"aggregation":"none","score_gradboost":0.0061266,"score_random_forest":0.0035085,"score_logistic_regression":0.0004125,"score_fuzzy_knn_k29":0.0},"geometry":{"type":"Polygon","coordinates":[[[-71.6113766,-9.7809248],[-71.6032425,-9.7809872],[-71.6032004,-9.7755827],[-71.6113344,-9.7755203],[-71.6113766,-9.7809248]]]}},{"type":"Feature","id":"AC-Y380-X343","properties":{"id":"AC-Y380-X343","grid_x":343,"grid_y":380,"centroid":[-71.5991544,-9.7783161],"aggregation":"none","score_gradboost":0.0061577,"score_random_forest":0.0,"score_logistic_regression":0.0004889,"score_fuzzy_knn_k29":0.0},"geometry":{"type":"Polygon","coordinates":[[[-71.6032425,-9.7809872],[-71.5951083,-9.7810494],[-71.5950664,-9.7756448],[-71.6032004,-9.7755827],[-71.6032425,-9.7809872]]]}},{"type":"Feature","id":"AC-Y381-X330","properties":{"id":"AC-Y381-X330","grid_x":330,"grid_y":381,"centroid":[-71.7048491,-9.7720869],"aggregation":"none","score_gradboost":0.0100051,"score_random_forest":0.0157244,"score_logistic_regression":0.0019742,"score_fuzzy_knn_k29":0.0102191},"geometry":{"type":"Polygon","coordinates":[[[-71.7089376,-9.7747566],[-71.7008043,-9.7748213],[-71.7007606,-9.7694171],[-71.7088938,-9.7693525],[-71.7089376,-9.7747566]]]}},{"type":"Feature","id":"AC-Y381-X331","properties":{"id":"AC-Y381-X331","grid_x":331,"grid_y":381,"centroid":[-71.6967158,-9.7721515],"aggregation":"none","score_gradboost":0.0108572,"score_random_forest":0.0168447,"score_logistic_regression":0.0019696,"score_fuzzy_knn_k29":0.0130958},"geometry":{"type":"Polygon","coordinates":[[[-71.7008043,-9.7748213],[-71.6926709,-9.7748858],[-71.6926274,-9.7694816],[-71.7007606,-9.7694171],[-71.7008043,-9.7748213]]]}},{"type":"Feature","id":"AC-Y381-X332","properties":{"id":"AC-Y381-X332","grid_x":332,"grid_y":381,"centroid":[-71.6885825,-9.7722159],"aggregation":"none","score_gradboost":0.0108572,"score_random_forest":0.0255798,"score_logistic_regression":0.0017912,"score_fuzzy_knn_k29":0.0},"geometry":{"type":"Polygon","coordinates":[[[-71.6926709,-9.7748858],[-71.6845375,-9.7749501],[-71.6844942,-9.7695459],[-71.6926274,-9.7694816],[-71.6926709,-9.7748858]]]}},{"type":"Feature","id":"AC-Y381-X333","properties":{"id":"AC-Y381-X333","grid_x":333,"grid_y":381,"centroid":[-71.6804491,-9.7722801],"aggregation":"none","score_gradboost":0.0107161,"score_random_forest":0.0031573,"score_logistic_regression":0.0014395,"score_fuzzy_knn_k29":0.0},"geometry":{"type":"Polygon","coordinates":[[[-71.6845375,-9.7749501],[-71.676404,-9.7750142],[-71.6763608,-9.76961],[-71.6844942,-9.7695459],[-71.6845375,-9.7749501]]]}},{"type":"Feature","id":"AC-Y381-X334","properties":{"id":"AC-Y381-X334","grid_x":334,"grid_y":381,"centroid":[-71.6723157,-9.7723441],"aggregation":"none","score_gradboost":0.0075249,"score_random_forest":0.0008667,"score_logistic_regression":0.0010388,"score_fuzzy_knn_k29":0.0},"geometry":{"type":"Polygon","coordinates":[[[-71.676404,-9.7750142],[-71.6682705,-9.7750782],[-71.6682274,-9.7696739],[-71.6763608,-9.76961],[-71.676404,-9.7750142]]]}},{"type":"Feature","id":"AC-Y381-X335","properties":{"id":"AC-Y381-X335","grid_x":335,"grid_y":381,"centroid":[-71.6641822,-9.7724079],"aggregation":"none","score_gradboost":0.0060159,"score_random_forest":0.0013167,"score_logistic_regression":0.0004636,"score_fuzzy_knn_k29":0.0},"geometry":{"type":"Polygon","coordinates":[[[-71.6682705,-9.7750782],[-71.660137,-9.7751419],[-71.660094,-9.7697376],[-71.6682274,-9.7696739],[-71.6682705,-9.7750782]]]}},{"type":"Feature","id":"AC-Y381-X336","properties":{"id":"AC-Y381-X336","grid_x":336,"grid_y":381,"centroid":[-71.6560487,-9.7724715],"aggregation":"none","score_gradboost":0.0075249,"score_random_forest":0.0006041,"score_logistic_regression":0.0008001,"score_fuzzy_knn_k29":0.0},"geometry":{"type":"Polygon","coordinates":[[[-71.660137,-9.7751419],[-71.6520033,-9.7752055],[-71.6519605,-9.7698011],[-71.660094,-9.7697376],[-71.660137,-9.7751419]]]}},{"type":"Feature","id":"AC-Y381-X337","properties":{"id":"AC-Y381-X337","grid_x":337,"grid_y":381,"centroid":[-71.6479151,-9.772535],"aggregation":"none","score_gradboost":0.0078345,"score_random_forest":0.0092419,"score_logistic_regression":0.0006321,"score_fuzzy_knn_k29":0.0},"geometry":{"type":"Polygon","coordinates":[[[-71.6520033,-9.7752055],[-71.6438696,-9.7752688],[-71.6438269,-9.7698644],[-71.6519605,-9.7698011],[-71.6520033,-9.7752055]]]}},{"type":"Feature","id":"AC-Y381-X338","properties":{"id":"AC-Y381-X338","grid_x":338,"grid_y":381,"centroid":[-71.6397815,-9.7725982],"aggregation":"none","score_gradboost":0.0075998,"score_random_forest":0.0098955,"score_logistic_regression":0.0008244,"score_fuzzy_knn_k29":0.0},"geometry":{"type":"Polygon","coordinates":[[[-71.6438696,-9.7752688],[-71.6357359,-9.775332],[-71.6356933,-9.7699276],[-71.6438269,-9.7698644],[-71.6438696,-9.7752688]]]}},{"type":"Feature","id":"AC-Y381-X339","properties":{"id":"AC-Y381-X339","grid_x":339,"grid_y":381,"centroid":[-71.6316478,-9.7726613],"aggregation":"none","score_gradboost":0.0071953,"score_random_forest":0.0073736,"score_logistic_regression":0.0004666,"score_fuzzy_knn_k29":0.0},"geometry":{"type":"Polygon","coordinates":[[[-71.6357359,-9.775332],[-71.6276021,-9.7753949],[-71.6275597,-9.7699905],[-71.6356933,-9.7699276],[-71.6357359,-9.775332]]]}},{"type":"Feature","id":"AC-Y381-X340","properties":{"id":"AC-Y381-X340","grid_x":340,"grid_y":381,"centroid":[-71.623514,-9.7727241],"aggregation":"none","score_gradboost":0.0089974,"score_random_forest":0.0075968,"score_logistic_regression":0.0006371,"score_fuzzy_knn_k29":0.0},"geometry":{"type":"Polygon","coordinates":[[[-71.6276021,-9.7753949],[-71.6194683,-9.7754577],[-71.619426,-9.7700532],[-71.6275597,-9.7699905],[-71.6276021,-9.7753949]]]}},{"type":"Feature","id":"AC-Y381-X341","properties":{"id":"AC-Y381-X341","grid_x":341,"grid_y":381,"centroid":[-71.6153802,-9.7727868],"aggregation":"none","score_gradboost":0.0075853,"score_random_forest":0.0008923,"score_logistic_regression":0.0005372,"score_fuzzy_knn_k29":0.0},"geometry":{"type":"Polygon","coordinates":[[[-71.6194683,-9.7754577],[-71.6113344,-9.7755203],[-71.6112922,-9.7701158],[-71.619426,-9.7700532],[-71.6194683,-9.7754577]]]}},{"type":"Feature","id":"AC-Y381-X342","properties":{"id":"AC-Y381-X342","grid_x":342,"grid_y":381,"centroid":[-71.6072463,-9.7728492],"aggregation":"none","score_gradboost":0.0061266,"score_random_forest":0.0133011,"score_logistic_regression":0.0004341,"score_fuzzy_knn_k29":0.0},"geometry":{"type":"Polygon","coordinates":[[[-71.6113344,-9.7755203],[-71.6032004,-9.7755827],[-71.6031584,-9.7701781],[-71.6112922,-9.7701158],[-71.6113344,-9.7755203]]]}},{"type":"Feature","id":"AC-Y382-X330","properties":{"id":"AC-Y382-X330","grid_x":330,"grid_y":382,"centroid":[-71.7048054,-9.7666828],"aggregation":"none","score_gradboost":0.0100051,"score_random_forest":0.0213116,"score_logistic_regression":0.0018789,"score_fuzzy_knn_k29":0.0},"geometry":{"type":"Polygon","coordinates":[[[-71.7088938,-9.7693525],[-71.7007606,-9.7694171],[-71.700717,-9.764013],[-71.7088501,-9.7639484],[-71.7088938,-9.7693525]]]}},{"type":"Feature","id":"AC-Y382-X331","properties":{"id":"AC-Y382-X331","grid_x":331,"grid_y":382,"centroid":[-71.6966723,-9.7667473],"aggregation":"none","score_gradboost":0.0083886,"score_random_forest":0.023338,"score_logistic_regression":0.0015355,"score_fuzzy_knn_k29":0.0},"geometry":{"type":"Polygon","coordinates":[[[-71.7007606,-9.7694171],[-71.6926274,-9.7694816],[-71.692584,-9.7640775],[-71.700717,-9.764013],[-71.7007606,-9.7694171]]]}},{"type":"Feature","id":"AC-Y382-X332","properties":{"id":"AC-Y382-X332","grid_x":332,"grid_y":382,"centroid":[-71.6885391,-9.7668117],"aggregation":"none","score_gradboost":0.0100051,"score_random_forest":0.0197484,"score_logistic_regression":0.0017805,"score_fuzzy_knn_k29":0.0},"geometry":{"type":"Polygon","coordinates":[[[-71.6926274,-9.7694816],[-71.6844942,-9.7695459],[-71.6844508,-9.7641417],[-71.692584,-9.7640775],[-71.6926274,-9.7694816]]]}},{"type":"Feature","id":"AC-Y382-X333","properties":{"id":"AC-Y382-X333","grid_x":333,"grid_y":382,"centroid":[-71.6804059,-9.7668759],"aggregation":"none","score_gradboost":0.0108572,"score_random_forest":0.0205145,"score_logistic_regression":0.0018889,"score_fuzzy_knn_k29":0.0128769},"geometry":{"type":"Polygon","coordinates":[[[-71.6844942,-9.7695459],[-71.6763608,-9.76961],[-71.6763176,-9.7642058],[-71.6844508,-9.7641417],[-71.6844942,-9.7695459]]]}},{"type":"Feature","id":"AC-Y382-X334","properties":{"id":"AC-Y382-X334","grid_x":334,"grid_y":382,"centroid":[-71.6722726,-9.7669399],"aggregation":"none","score_gradboost":0.0083886,"score_random_forest":0.0426335,"score_logistic_regression":0.0011185,"score_fuzzy_knn_k29":0.0},"geometry":{"type":"Polygon","coordinates":[[[-71.6763608,-9.76961],[-71.6682274,-9.7696739],[-71.6681844,-9.7642696],[-71.6763176,-9.7642058],[-71.6763608,-9.76961]]]}},{"type":"Feature","id":"AC-Y382-X335","properties":{"id":"AC-Y382-X335","grid_x":335,"grid_y":382,"centroid":[-71.6641392,-9.7670036],"aggregation":"none","score_gradboost":0.0089765,"score_random_forest":0.0041509,"score_logistic_regression":0.001095,"score_fuzzy_knn_k29":0.0},"geometry":{"type":"Polygon","coordinates":[[[-71.6682274,-9.7696739],[-71.660094,-9.7697376],[-71.6600511,-9.7643333],[-71.6681844,-9.7642696],[-71.6682274,-9.7696739]]]}},{"type":"Feature","id":"AC-Y382-X336","properties":{"id":"AC-Y382-X336","grid_x":336,"grid_y":382,"centroid":[-71.6560058,-9.7670672],"aggregation":"none","score_gradboost":0.0097418,"score_random_forest":0.0139266,"score_logistic_regression":0.0010311,"score_fuzzy_knn_k29":0.0},"geometry":{"type":"Polygon","coordinates":[[[-71.660094,-9.7697376],[-71.6519605,-9.7698011],[-71.6519177,-9.7643968],[-71.6600511,-9.7643333],[-71.660094,-9.7697376]]]}},{"type":"Feature","id":"AC-Y382-X337","properties":{"id":"AC-Y382-X337","grid_x":337,"grid_y":382,"centroid":[-71.6478723,-9.7671306],"aggregation":"none","score_gradboost":0.0075249,"score_random_forest":0.0026095,"score_logistic_regression":0.000917,"score_fuzzy_knn_k29":0.0},"geometry":{"type":"Polygon","coordinates":[[[-71.6519605,-9.7698011],[-71.6438269,-9.7698644],[-71.6437843,-9.7644601],[-71.6519177,-9.7643968],[-71.6519605,-9.7698011]]]}},{"type":"Feature","id":"AC-Y382-X338","properties":{"id":"AC-Y382-X338","grid_x":338,"grid_y":382,"centroid":[-71.6397388,-9.7671938],"aggregation":"none","score_gradboost":0.0075998,"score_random_forest":0.0034685,"score_logistic_regression":0.0006248,"score_fuzzy_knn_k29":0.0},"geometry":{"type":"Polygon","coordinates":[[[-71.6438269,-9.7698644],[-71.6356933,-9.7699276],[-71.6356508,-9.7645232],[-71.6437843,-9.7644601],[-71.6438269,-9.7698644]]]}},{"type":"Feature","id":"AC-Y382-X339","properties":{"id":"AC-Y382-X339","grid_x":339,"grid_y":382,"centroid":[-71.6316053,-9.7672568],"aggregation":"none","score_gradboost":0.0089974,"score_random_forest":0.0210451,"score_logistic_regression":0.0006073,"score_fuzzy_knn_k29":0.0},"geometry":{"type":"Polygon","coordinates":[[[-71.6356933,-9.7699276],[-71.6275597,-9.7699905],[-71.6275173,-9.7645861],[-71.6356508,-9.7645232],[-71.6356933,-9.7699276]]]}},{"type":"Feature","id":"AC-Y382-X340","properties":{"id":"AC-Y382-X340","grid_x":340,"grid_y":382,"centroid":[-71.6234716,-9.7673197],"aggregation":"none","score_gradboost":0.0089974,"score_random_forest":0.0106274,"score_logistic_regression":0.0006614,"score_fuzzy_knn_k29":0.0},"geometry":{"type":"Polygon","coordinates":[[[-71.6275597,-9.7699905],[-71.619426,-9.7700532],[-71.6193837,-9.7646488],[-71.6275173,-9.7645861],[-71.6275597,-9.7699905]]]}},{"type":"Feature","id":"AC-Y382-X341","properties":{"id":"AC-Y382-X341","grid_x":341,"grid_y":382,"centroid":[-71.615338,-9.7673823],"aggregation":"none","score_gradboost":0.0075853,"score_random_forest":0.0,"score_logistic_regression":0.0006524,"score_fuzzy_knn_k29":0.0},"geometry":{"type":"Polygon","coordinates":[[[-71.619426,-9.7700532],[-71.6112922,-9.7701158],[-71.61125,-9.7647113],[-71.6193837,-9.7646488],[-71.619426,-9.7700532]]]}},{"type":"Feature","id":"AC-Y383-X330","properties":{"id":"AC-Y383-X330","grid_x":330,"grid_y":383,"centroid":[-71.7047618,-9.7612787],"aggregation":"none","score_gradboost":0.0100051,"score_random_forest":0.0251469,"score_logistic_regression":0.0017402,"score_fuzzy_knn_k29":0.0},"geometry":{"type":"Polygon","coordinates":[[[-71.7088501,-9.7639484],[-71.700717,-9.764013],[-71.7006735,-9.7586089],[-71.7088064,-9.7585443],[-71.7088501,-9.7639484]]]}},{"type":"Feature","id":"AC-Y383-X331","properties":{"id":"AC-Y383-X331","grid_x":331,"grid_y":383,"centroid":[-71.6966288,-9.7613432],"aggregation":"none","score_gradboost":0.0100051,"score_random_forest":0.0144444,"score_logistic_regression":0.0020647,"score_fuzzy_knn_k29":0.0089597},"geometry":{"type":"Polygon","coordinates":[[[-71.700717,-9.764013],[-71.692584,-9.7640775],[-71.6925405,-9.7586733],[-71.7006735,-9.7586089],[-71.700717,-9.764013]]]}},{"type":"Feature","id":"AC-Y383-X332","properties":{"id":"AC-Y383-X332","grid_x":332,"grid_y":383,"centroid":[-71.6884957,-9.7614075],"aggregation":"none","score_gradboost":0.0100051,"score_random_forest":0.0148774,"score_logistic_regression":0.001927,"score_fuzzy_knn_k29":0.0094481},"geometry":{"type":"Polygon","coordinates":[[[-71.692584,-9.7640775],[-71.6844508,-9.7641417],[-71.6844075,-9.7587375],[-71.6925405,-9.7586733],[-71.692584,-9.7640775]]]}},{"type":"Feature","id":"AC-Y383-X333","properties":{"id":"AC-Y383-X333","grid_x":333,"grid_y":383,"centroid":[-71.6803626,-9.7614717],"aggregation":"none","score_gradboost":0.0100051,"score_random_forest":0.0161516,"score_logistic_regression":0.0019042,"score_fuzzy_knn_k29":0.0081747},"geometry":{"type":"Polygon","coordinates":[[[-71.6844508,-9.7641417],[-71.6763176,-9.7642058],[-71.6762744,-9.7588016],[-71.6844075,-9.7587375],[-71.6844508,-9.7641417]]]}},{"type":"Feature","id":"AC-Y383-X334","properties":{"id":"AC-Y383-X334","grid_x":334,"grid_y":383,"centroid":[-71.6722294,-9.7615356],"aggregation":"none","score_gradboost":0.0100051,"score_random_forest":0.0207311,"score_logistic_regression":0.0018374,"score_fuzzy_knn_k29":0.0102715},"geometry":{"type":"Polygon","coordinates":[[[-71.6763176,-9.7642058],[-71.6681844,-9.7642696],[-71.6681413,-9.7588654],[-71.6762744,-9.7588016],[-71.6763176,-9.7642058]]]}},{"type":"Feature","id":"AC-Y383-X335","properties":{"id":"AC-Y383-X335","grid_x":335,"grid_y":383,"centroid":[-71.6640962,-9.7615994],"aggregation":"none","score_gradboost":0.0154706,"score_random_forest":0.0326936,"score_logistic_regression":0.0019752,"score_fuzzy_knn_k29":0.0084229},"geometry":{"type":"Polygon","coordinates":[[[-71.6681844,-9.7642696],[-71.6600511,-9.7643333],[-71.6600081,-9.758929],[-71.6681413,-9.7588654],[-71.6681844,-9.7642696]]]}},{"type":"Feature","id":"AC-Y383-X336","properties":{"id":"AC-Y383-X336","grid_x":336,"grid_y":383,"centroid":[-71.6559629,-9.7616629],"aggregation":"none","score_gradboost":0.009875,"score_random_forest":0.0092059,"score_logistic_regression":0.0012997,"score_fuzzy_knn_k29":0.0},"geometry":{"type":"Polygon","coordinates":[[[-71.6600511,-9.7643333],[-71.6519177,-9.7643968],[-71.6518749,-9.7589925],[-71.6600081,-9.758929],[-71.6600511,-9.7643333]]]}},{"type":"Feature","id":"AC-Y383-X337","properties":{"id":"AC-Y383-X337","grid_x":337,"grid_y":383,"centroid":[-71.6478296,-9.7617263],"aggregation":"none","score_gradboost":0.0075249,"score_random_forest":0.003546,"score_logistic_regression":0.0009935,"score_fuzzy_knn_k29":0.0},"geometry":{"type":"Polygon","coordinates":[[[-71.6519177,-9.7643968],[-71.6437843,-9.7644601],[-71.6437416,-9.7590557],[-71.6518749,-9.7589925],[-71.6519177,-9.7643968]]]}},{"type":"Feature","id":"AC-Y383-X338","properties":{"id":"AC-Y383-X338","grid_x":338,"grid_y":383,"centroid":[-71.6396962,-9.7617894],"aggregation":"none","score_gradboost":0.0078345,"score_random_forest":0.0117,"score_logistic_regression":0.0005882,"score_fuzzy_knn_k29":0.0},"geometry":{"type":"Polygon","coordinates":[[[-71.6437843,-9.7644601],[-71.6356508,-9.7645232],[-71.6356083,-9.7591188],[-71.6437416,-9.7590557],[-71.6437843,-9.7644601]]]}},{"type":"Feature","id":"AC-Y383-X339","properties":{"id":"AC-Y383-X339","grid_x":339,"grid_y":383,"centroid":[-71.6315628,-9.7618524],"aggregation":"none","score_gradboost":0.0088522,"score_random_forest":0.0015154,"score_logistic_regression":0.0007493,"score_fuzzy_knn_k29":0.0},"geometry":{"type":"Polygon","coordinates":[[[-71.6356508,-9.7645232],[-71.6275173,-9.7645861],[-71.6274749,-9.7591816],[-71.6356083,-9.7591188],[-71.6356508,-9.7645232]]]}},{"type":"Feature","id":"AC-Y383-X340","properties":{"id":"AC-Y383-X340","grid_x":340,"grid_y":383,"centroid":[-71.6234293,-9.7619152],"aggregation":"none","score_gradboost":0.0089974,"score_random_forest":0.0021093,"score_logistic_regression":0.0007714,"score_fuzzy_knn_k29":0.0},"geometry":{"type":"Polygon","coordinates":[[[-71.6275173,-9.7645861],[-71.6193837,-9.7646488],[-71.6193414,-9.7592443],[-71.6274749,-9.7591816],[-71.6275173,-9.7645861]]]}},{"type":"Feature","id":"AC-Y384-X330","properties":{"id":"AC-Y384-X330","grid_x":330,"grid_y":384,"centroid":[-71.7047181,-9.7558746],"aggregation":"none","score_gradboost":0.0108572,"score_random_forest":0.0265426,"score_logistic_regression":0.0019199,"score_fuzzy_knn_k29":0.0},"geometry":{"type":"Polygon","coordinates":[[[-71.7088064,-9.7585443],[-71.7006735,-9.7586089],[-71.7006299,-9.7532048],[-71.7087627,-9.7531402],[-71.7088064,-9.7585443]]]}},{"type":"Feature","id":"AC-Y384-X331","properties":{"id":"AC-Y384-X331","grid_x":331,"grid_y":384,"centroid":[-71.6965853,-9.7559391],"aggregation":"none","score_gradboost":0.0075249,"score_random_forest":0.0013749,"score_logistic_regression":0.0010265,"score_fuzzy_knn_k29":0.0},"geometry":{"type":"Polygon","coordinates":[[[-71.7006735,-9.7586089],[-71.6925405,-9.7586733],[-71.6924971,-9.7532692],[-71.7006299,-9.7532048],[-71.7006735,-9.7586089]]]}},{"type":"Feature","id":"AC-Y384-X332","properties":{"id":"AC-Y384-X332","grid_x":332,"grid_y":384,"centroid":[-71.6884523,-9.7560034],"aggregation":"none","score_gradboost":0.0083886,"score_random_forest":0.0239083,"score_logistic_regression":0.0015966,"score_fuzzy_knn_k29":0.0},"geometry":{"type":"Polygon","coordinates":[[[-71.6925405,-9.7586733],[-71.6844075,-9.7587375],[-71.6843642,-9.7533333],[-71.6924971,-9.7532692],[-71.6925405,-9.7586733]]]}},{"type":"Feature","id":"AC-Y384-X333","properties":{"id":"AC-Y384-X333","grid_x":333,"grid_y":384,"centroid":[-71.6803194,-9.7560675],"aggregation":"none","score_gradboost":0.0100051,"score_random_forest":0.0197484,"score_logistic_regression":0.0017775,"score_fuzzy_knn_k29":0.0},"geometry":{"type":"Polygon","coordinates":[[[-71.6844075,-9.7587375],[-71.6762744,-9.7588016],[-71.6762313,-9.7533973],[-71.6843642,-9.7533333],[-71.6844075,-9.7587375]]]}},{"type":"Feature","id":"AC-Y384-X334","properties":{"id":"AC-Y384-X334","grid_x":334,"grid_y":384,"centroid":[-71.6721863,-9.7561314],"aggregation":"none","score_gradboost":0.0100051,"score_random_forest":0.0137194,"score_logistic_regression":0.0018651,"score_fuzzy_knn_k29":0.0061067},"geometry":{"type":"Polygon","coordinates":[[[-71.6762744,-9.7588016],[-71.6681413,-9.7588654],[-71.6680983,-9.7534611],[-71.6762313,-9.7533973],[-71.6762744,-9.7588016]]]}},{"type":"Feature","id":"AC-Y384-X335","properties":{"id":"AC-Y384-X335","grid_x":335,"grid_y":384,"centroid":[-71.6640533,-9.7561951],"aggregation":"none","score_gradboost":0.0154706,"score_random_forest":0.0285599,"score_logistic_regression":0.0020247,"score_fuzzy_knn_k29":0.0109184},"geometry":{"type":"Polygon","coordinates":[[[-71.6681413,-9.7588654],[-71.6600081,-9.758929],[-71.6599652,-9.7535247],[-71.6680983,-9.7534611],[-71.6681413,-9.7588654]]]}},{"type":"Feature","id":"AC-Y384-X336","properties":{"id":"AC-Y384-X336","grid_x":336,"grid_y":384,"centroid":[-71.6559201,-9.7562586],"aggregation":"none","score_gradboost":0.0083886,"score_random_forest":0.0345141,"score_logistic_regression":0.0011846,"score_fuzzy_knn_k29":0.0},"geometry":{"type":"Polygon","coordinates":[[[-71.6600081,-9.758929],[-71.6518749,-9.7589925],[-71.6518321,-9.7535881],[-71.6599652,-9.7535247],[-71.6600081,-9.758929]]]}},{"type":"Feature","id":"AC-Y384-X337","properties":{"id":"AC-Y384-X337","grid_x":337,"grid_y":384,"centroid":[-71.6477869,-9.7563219],"aggregation":"none","score_gradboost":0.0075249,"score_random_forest":0.0045009,"score_logistic_regression":0.0007601,"score_fuzzy_knn_k29":0.0},"geometry":{"type":"Polygon","coordinates":[[[-71.6518749,-9.7589925],[-71.6437416,-9.7590557],[-71.643699,-9.7536513],[-71.6518321,-9.7535881],[-71.6518749,-9.7589925]]]}},{"type":"Feature","id":"AC-Y384-X338","properties":{"id":"AC-Y384-X338","grid_x":338,"grid_y":384,"centroid":[-71.6396537,-9.7563851],"aggregation":"none","score_gradboost":0.0060759,"score_random_forest":0.0,"score_logistic_regression":0.0004966,"score_fuzzy_knn_k29":0.0},"geometry":{"type":"Polygon","coordinates":[[[-71.6437416,-9.7590557],[-71.6356083,-9.7591188],[-71.6355658,-9.7537143],[-71.643699,-9.7536513],[-71.6437416,-9.7590557]]]}},{"type":"Feature","id":"AC-Y384-X339","properties":{"id":"AC-Y384-X339","grid_x":339,"grid_y":384,"centroid":[-71.6315203,-9.756448],"aggregation":"none","score_gradboost":0.0088522,"score_random_forest":0.0210451,"score_logistic_regression":0.0006234,"score_fuzzy_knn_k29":0.0},"geometry":{"type":"Polygon","coordinates":[[[-71.6356083,-9.7591188],[-71.6274749,-9.7591816],[-71.6274325,-9.7537772],[-71.6355658,-9.7537143],[-71.6356083,-9.7591188]]]}},{"type":"Feature","id":"AC-Y384-X340","properties":{"id":"AC-Y384-X340","grid_x":340,"grid_y":384,"centroid":[-71.623387,-9.7565107],"aggregation":"none","score_gradboost":0.0081543,"score_random_forest":0.0054188,"score_logistic_regression":0.0008167,"score_fuzzy_knn_k29":0.0},"geometry":{"type":"Polygon","coordinates":[[[-71.6274749,-9.7591816],[-71.6193414,-9.7592443],[-71.6192992,-9.7538398],[-71.6274325,-9.7537772],[-71.6274749,-9.7591816]]]}},{"type":"Feature","id":"AC-Y385-X330","properties":{"id":"AC-Y385-X330","grid_x":330,"grid_y":385,"centroid":[-71.7046745,-9.7504705],"aggregation":"none","score_gradboost":0.0107161,"score_random_forest":0.0117242,"score_logistic_regression":0.0016417,"score_fuzzy_knn_k29":0.0},"geometry":{"type":"Polygon","coordinates":[[[-71.7087627,-9.7531402],[-71.7006299,-9.7532048],[-71.7005864,-9.7478007],[-71.7087191,-9.7477361],[-71.7087627,-9.7531402]]]}},{"type":"Feature","id":"AC-Y385-X331","properties":{"id":"AC-Y385-X331","grid_x":331,"grid_y":385,"centroid":[-71.6965418,-9.7505349],"aggregation":"none","score_gradboost":0.0097418,"score_random_forest":0.0100294,"score_logistic_regression":0.0012416,"score_fuzzy_knn_k29":0.0},"geometry":{"type":"Polygon","coordinates":[[[-71.7006299,-9.7532048],[-71.6924971,-9.7532692],[-71.6924537,-9.747865],[-71.7005864,-9.7478007],[-71.7006299,-9.7532048]]]}},{"type":"Feature","id":"AC-Y385-X332","properties":{"id":"AC-Y385-X332","grid_x":332,"grid_y":385,"centroid":[-71.688409,-9.7505992],"aggregation":"none","score_gradboost":0.0097418,"score_random_forest":0.0131704,"score_logistic_regression":0.0012384,"score_fuzzy_knn_k29":0.0},"geometry":{"type":"Polygon","coordinates":[[[-71.6924971,-9.7532692],[-71.6843642,-9.7533333],[-71.684321,-9.7479291],[-71.6924537,-9.747865],[-71.6924971,-9.7532692]]]}},{"type":"Feature","id":"AC-Y385-X333","properties":{"id":"AC-Y385-X333","grid_x":333,"grid_y":385,"centroid":[-71.6802762,-9.7506633],"aggregation":"none","score_gradboost":0.0108572,"score_random_forest":0.0299417,"score_logistic_regression":0.0018627,"score_fuzzy_knn_k29":0.0},"geometry":{"type":"Polygon","coordinates":[[[-71.6843642,-9.7533333],[-71.6762313,-9.7533973],[-71.6761882,-9.7479931],[-71.684321,-9.7479291],[-71.6843642,-9.7533333]]]}},{"type":"Feature","id":"AC-Y385-X334","properties":{"id":"AC-Y385-X334","grid_x":334,"grid_y":385,"centroid":[-71.6721433,-9.7507271],"aggregation":"none","score_gradboost":0.0108572,"score_random_forest":0.0264107,"score_logistic_regression":0.0019018,"score_fuzzy_knn_k29":0.0121592},"geometry":{"type":"Polygon","coordinates":[[[-71.6762313,-9.7533973],[-71.6680983,-9.7534611],[-71.6680553,-9.7480568],[-71.6761882,-9.7479931],[-71.6762313,-9.7533973]]]}},{"type":"Feature","id":"AC-Y385-X335","properties":{"id":"AC-Y385-X335","grid_x":335,"grid_y":385,"centroid":[-71.6640103,-9.7507908],"aggregation":"none","score_gradboost":0.013114,"score_random_forest":0.0218255,"score_logistic_regression":0.0021105,"score_fuzzy_knn_k29":0.0157645},"geometry":{"type":"Polygon","coordinates":[[[-71.6680983,-9.7534611],[-71.6599652,-9.7535247],[-71.6599224,-9.7481204],[-71.6680553,-9.7480568],[-71.6680983,-9.7534611]]]}},{"type":"Feature","id":"AC-Y385-X336","properties":{"id":"AC-Y385-X336","grid_x":336,"grid_y":385,"centroid":[-71.6558773,-9.7508543],"aggregation":"none","score_gradboost":0.0108572,"score_random_forest":0.0216184,"score_logistic_regression":0.0017757,"score_fuzzy_knn_k29":0.0},"geometry":{"type":"Polygon","coordinates":[[[-71.6599652,-9.7535247],[-71.6518321,-9.7535881],[-71.6517894,-9.7481838],[-71.6599224,-9.7481204],[-71.6599652,-9.7535247]]]}},{"type":"Feature","id":"AC-Y385-X337","properties":{"id":"AC-Y385-X337","grid_x":337,"grid_y":385,"centroid":[-71.6477442,-9.7509176],"aggregation":"none","score_gradboost":0.0097418,"score_random_forest":0.0089875,"score_logistic_regression":0.0010764,"score_fuzzy_knn_k29":0.0},"geometry":{"type":"Polygon","coordinates":[[[-71.6518321,-9.7535881],[-71.643699,-9.7536513],[-71.6436564,-9.748247],[-71.6517894,-9.7481838],[-71.6518321,-9.7535881]]]}},{"type":"Feature","id":"AC-Y385-X338","properties":{"id":"AC-Y385-X338","grid_x":338,"grid_y":385,"centroid":[-71.6396111,-9.7509807],"aggregation":"none","score_gradboost":0.0075998,"score_random_forest":0.0002768,"score_logistic_regression":0.0008885,"score_fuzzy_knn_k29":0.0},"geometry":{"type":"Polygon","coordinates":[[[-71.643699,-9.7536513],[-71.6355658,-9.7537143],[-71.6355233,-9.7483099],[-71.6436564,-9.748247],[-71.643699,-9.7536513]]]}},{"type":"Feature","id":"AC-Y385-X339","properties":{"id":"AC-Y385-X339","grid_x":339,"grid_y":385,"centroid":[-71.6314779,-9.7510436],"aggregation":"none","score_gradboost":0.0088522,"score_random_forest":0.007126,"score_logistic_regression":0.000578,"score_fuzzy_knn_k29":0.0},"geometry":{"type":"Polygon","coordinates":[[[-71.6355658,-9.7537143],[-71.6274325,-9.7537772],[-71.6273902,-9.7483727],[-71.6355233,-9.7483099],[-71.6355658,-9.7537143]]]}},{"type":"Feature","id":"AC-Y386-X334","properties":{"id":"AC-Y386-X334","grid_x":334,"grid_y":386,"centroid":[-71.6721002,-9.7453229],"aggregation":"none","score_gradboost":0.0108572,"score_random_forest":0.031547,"score_logistic_regression":0.0018706,"score_fuzzy_knn_k29":0.0},"geometry":{"type":"Polygon","coordinates":[[[-71.6761882,-9.7479931],[-71.6680553,-9.7480568],[-71.6680123,-9.7426526],[-71.6761451,-9.7425889],[-71.6761882,-9.7479931]]]}},{"type":"Feature","id":"AC-Y386-X335","properties":{"id":"AC-Y386-X335","grid_x":335,"grid_y":386,"centroid":[-71.6639674,-9.7453865],"aggregation":"none","score_gradboost":0.0100051,"score_random_forest":0.0171282,"score_logistic_regression":0.0018993,"score_fuzzy_knn_k29":0.0066951},"geometry":{"type":"Polygon","coordinates":[[[-71.6680553,-9.7480568],[-71.6599224,-9.7481204],[-71.6598795,-9.7427161],[-71.6680123,-9.7426526],[-71.6680553,-9.7480568]]]}},{"type":"Feature","id":"AC-Y386-X336","properties":{"id":"AC-Y386-X336","grid_x":336,"grid_y":386,"centroid":[-71.6558345,-9.74545],"aggregation":"none","score_gradboost":0.0100051,"score_random_forest":0.0231865,"score_logistic_regression":0.0017889,"score_fuzzy_knn_k29":0.0},"geometry":{"type":"Polygon","coordinates":[[[-71.6599224,-9.7481204],[-71.6517894,-9.7481838],[-71.6517467,-9.7427794],[-71.6598795,-9.7427161],[-71.6599224,-9.7481204]]]}},{"type":"Feature","id":"AC-Y386-X337","properties":{"id":"AC-Y386-X337","grid_x":337,"grid_y":386,"centroid":[-71.6477016,-9.7455132],"aggregation":"none","score_gradboost":0.0083886,"score_random_forest":0.0309946,"score_logistic_regression":0.0014319,"score_fuzzy_knn_k29":0.0},"geometry":{"type":"Polygon","coordinates":[[[-71.6517894,-9.7481838],[-71.6436564,-9.748247],[-71.6436138,-9.7428426],[-71.6517467,-9.7427794],[-71.6517894,-9.7481838]]]}},{"type":"Feature","id":"AC-Y386-X338","properties":{"id":"AC-Y386-X338","grid_x":338,"grid_y":386,"centroid":[-71.6395686,-9.7455763],"aggregation":"none","score_gradboost":0.0078345,"score_random_forest":0.003525,"score_logistic_regression":0.000998,"score_fuzzy_knn_k29":0.0},"geometry":{"type":"Polygon","coordinates":[[[-71.6436564,-9.748247],[-71.6355233,-9.7483099],[-71.6354808,-9.7429055],[-71.6436138,-9.7428426],[-71.6436564,-9.748247]]]}},{"type":"Feature","id":"AC-Y386-X339","properties":{"id":"AC-Y386-X339","grid_x":339,"grid_y":386,"centroid":[-71.6314355,-9.7456391],"aggregation":"none","score_gradboost":0.0076667,"score_random_forest":0.0014492,"score_logistic_regression":0.000573,"score_fuzzy_knn_k29":0.0},"geometry":{"type":"Polygon","coordinates":[[[-71.6355233,-9.7483099],[-71.6273902,-9.7483727],[-71.6273478,-9.7429683],[-71.6354808,-9.7429055],[-71.6355233,-9.7483099]]]}},{"type":"Feature","id":"AC-Y374-X327","properties":{"id":"AC-Y374-X327","grid_x":327,"grid_y":374,"centroid":[-71.7295577,-9.8097198],"aggregation":"none","score_gradboost":0.0097418,"score_random_forest":0.0083637,"score_logistic_regression":0.0013376,"score_fuzzy_knn_k29":0.0},"geometry":{"type":"Polygon","coordinates":[[[-71.7336468,-9.812389],[-71.7255128,-9.8124545],[-71.7254686,-9.8070505],[-71.7336025,-9.806985],[-71.7336468,-9.812389]]]}},{"type":"Feature","id":"AC-Y374-X328","properties":{"id":"AC-Y374-X328","grid_x":328,"grid_y":374,"centroid":[-71.7214237,-9.8097852],"aggregation":"none","score_gradboost":0.0075249,"score_random_forest":0.0008667,"score_logistic_regression":0.0010088,"score_fuzzy_knn_k29":0.0},"geometry":{"type":"Polygon","coordinates":[[[-71.7255128,-9.8124545],[-71.7173787,-9.8125199],[-71.7173346,-9.8071159],[-71.7254686,-9.8070505],[-71.7255128,-9.8124545]]]}},{"type":"Feature","id":"AC-Y375-X325","properties":{"id":"AC-Y375-X325","grid_x":325,"grid_y":375,"centroid":[-71.745781,-9.8041844],"aggregation":"none","score_gradboost":0.0100051,"score_random_forest":0.0231788,"score_logistic_regression":0.0018353,"score_fuzzy_knn_k29":0.0},"geometry":{"type":"Polygon","coordinates":[[[-71.7498701,-9.8068534],[-71.7417364,-9.8069193],[-71.7416919,-9.8015154],[-71.7498256,-9.8014495],[-71.7498701,-9.8068534]]]}},{"type":"Feature","id":"AC-Y375-X326","properties":{"id":"AC-Y375-X326","grid_x":326,"grid_y":375,"centroid":[-71.7376473,-9.8042502],"aggregation":"none","score_gradboost":0.0075249,"score_random_forest":0.0013266,"score_logistic_regression":0.0011844,"score_fuzzy_knn_k29":0.0},"geometry":{"type":"Polygon","coordinates":[[[-71.7417364,-9.8069193],[-71.7336025,-9.806985],[-71.7335582,-9.8015811],[-71.7416919,-9.8015154],[-71.7417364,-9.8069193]]]}},{"type":"Feature","id":"AC-Y375-X327","properties":{"id":"AC-Y375-X327","grid_x":327,"grid_y":375,"centroid":[-71.7295134,-9.8043158],"aggregation":"none","score_gradboost":0.0083886,"score_random_forest":0.0234058,"score_logistic_regression":0.0015386,"score_fuzzy_knn_k29":0.0},"geometry":{"type":"Polygon","coordinates":[[[-71.7336025,-9.806985],[-71.7254686,-9.8070505],[-71.7254244,-9.8016465],[-71.7335582,-9.8015811],[-71.7336025,-9.806985]]]}},{"type":"Feature","id":"AC-Y375-X328","properties":{"id":"AC-Y375-X328","grid_x":328,"grid_y":375,"centroid":[-71.7213796,-9.8043812],"aggregation":"none","score_gradboost":0.0108572,"score_random_forest":0.0272843,"score_logistic_regression":0.0017347,"score_fuzzy_knn_k29":0.0},"geometry":{"type":"Polygon","coordinates":[[[-71.7254686,-9.8070505],[-71.7173346,-9.8071159],[-71.7172906,-9.8017118],[-71.7254244,-9.8016465],[-71.7254686,-9.8070505]]]}},{"type":"Feature","id":"AC-Y376-X325","properties":{"id":"AC-Y376-X325","grid_x":325,"grid_y":376,"centroid":[-71.7457365,-9.7987805],"aggregation":"none","score_gradboost":0.0100051,"score_random_forest":0.0186377,"score_logistic_regression":0.0018864,"score_fuzzy_knn_k29":0.0},"geometry":{"type":"Polygon","coordinates":[[[-71.7498256,-9.8014495],[-71.7416919,-9.8015154],[-71.7416475,-9.7961115],[-71.7497811,-9.7960456],[-71.7498256,-9.8014495]]]}},{"type":"Feature","id":"AC-Y376-X326","properties":{"id":"AC-Y376-X326","grid_x":326,"grid_y":376,"centroid":[-71.7376029,-9.7988463],"aggregation":"none","score_gradboost":0.0100051,"score_random_forest":0.0269282,"score_logistic_regression":0.001807,"score_fuzzy_knn_k29":0.0},"geometry":{"type":"Polygon","coordinates":[[[-71.7416919,-9.8015154],[-71.7335582,-9.8015811],[-71.7335139,-9.7961771],[-71.7416475,-9.7961115],[-71.7416919,-9.8015154]]]}},{"type":"Feature","id":"AC-Y376-X327","properties":{"id":"AC-Y376-X327","grid_x":327,"grid_y":376,"centroid":[-71.7294692,-9.7989118],"aggregation":"none","score_gradboost":0.0100051,"score_random_forest":0.0199099,"score_logistic_regression":0.0017406,"score_fuzzy_knn_k29":0.0},"geometry":{"type":"Polygon","coordinates":[[[-71.7335582,-9.8015811],[-71.7254244,-9.8016465],[-71.7253803,-9.7962426],[-71.7335139,-9.7961771],[-71.7335582,-9.8015811]]]}},{"type":"Feature","id":"AC-Y376-X328","properties":{"id":"AC-Y376-X328","grid_x":328,"grid_y":376,"centroid":[-71.7213355,-9.7989772],"aggregation":"none","score_gradboost":0.0100051,"score_random_forest":0.0255166,"score_logistic_regression":0.0017075,"score_fuzzy_knn_k29":0.0},"geometry":{"type":"Polygon","coordinates":[[[-71.7254244,-9.8016465],[-71.7172906,-9.8017118],[-71.7172466,-9.7963078],[-71.7253803,-9.7962426],[-71.7254244,-9.8016465]]]}},{"type":"Feature","id":"AC-Y377-X325","properties":{"id":"AC-Y377-X325","grid_x":325,"grid_y":377,"centroid":[-71.7456921,-9.7933766],"aggregation":"none","score_gradboost":0.0100051,"score_random_forest":0.0250618,"score_logistic_regression":0.0017855,"score_fuzzy_knn_k29":0.0},"geometry":{"type":"Polygon","coordinates":[[[-71.7497811,-9.7960456],[-71.7416475,-9.7961115],[-71.7416031,-9.7907076],[-71.7497365,-9.7906418],[-71.7497811,-9.7960456]]]}},{"type":"Feature","id":"AC-Y377-X326","properties":{"id":"AC-Y377-X326","grid_x":326,"grid_y":377,"centroid":[-71.7375586,-9.7934423],"aggregation":"none","score_gradboost":0.0100051,"score_random_forest":0.0199099,"score_logistic_regression":0.0017908,"score_fuzzy_knn_k29":0.0},"geometry":{"type":"Polygon","coordinates":[[[-71.7416475,-9.7961115],[-71.7335139,-9.7961771],[-71.7334697,-9.7907732],[-71.7416031,-9.7907076],[-71.7416475,-9.7961115]]]}},{"type":"Feature","id":"AC-Y377-X327","properties":{"id":"AC-Y377-X327","grid_x":327,"grid_y":377,"centroid":[-71.729425,-9.7935079],"aggregation":"none","score_gradboost":0.0083886,"score_random_forest":0.0233055,"score_logistic_regression":0.0015737,"score_fuzzy_knn_k29":0.0},"geometry":{"type":"Polygon","coordinates":[[[-71.7335139,-9.7961771],[-71.7253803,-9.7962426],[-71.7253362,-9.7908386],[-71.7334697,-9.7907732],[-71.7335139,-9.7961771]]]}},{"type":"Feature","id":"AC-Y377-X328","properties":{"id":"AC-Y377-X328","grid_x":328,"grid_y":377,"centroid":[-71.7212914,-9.7935732],"aggregation":"none","score_gradboost":0.0100051,"score_random_forest":0.0177908,"score_logistic_regression":0.0017905,"score_fuzzy_knn_k29":0.0},"geometry":{"type":"Polygon","coordinates":[[[-71.7253803,-9.7962426],[-71.7172466,-9.7963078],[-71.7172026,-9.7909038],[-71.7253362,-9.7908386],[-71.7253803,-9.7962426]]]}},{"type":"Feature","id":"AC-Y378-X325","properties":{"id":"AC-Y378-X325","grid_x":325,"grid_y":378,"centroid":[-71.7456476,-9.7879727],"aggregation":"none","score_gradboost":0.0083886,"score_random_forest":0.0300713,"score_logistic_regression":0.0017618,"score_fuzzy_knn_k29":0.0},"geometry":{"type":"Polygon","coordinates":[[[-71.7497365,-9.7906418],[-71.7416031,-9.7907076],[-71.7415588,-9.7853036],[-71.7496921,-9.7852379],[-71.7497365,-9.7906418]]]}},{"type":"Feature","id":"AC-Y378-X326","properties":{"id":"AC-Y378-X326","grid_x":326,"grid_y":378,"centroid":[-71.7375143,-9.7880384],"aggregation":"none","score_gradboost":0.0100051,"score_random_forest":0.0218675,"score_logistic_regression":0.0018298,"score_fuzzy_knn_k29":0.0},"geometry":{"type":"Polygon","coordinates":[[[-71.7416031,-9.7907076],[-71.7334697,-9.7907732],[-71.7334255,-9.7853692],[-71.7415588,-9.7853036],[-71.7416031,-9.7907076]]]}},{"type":"Feature","id":"AC-Y378-X327","properties":{"id":"AC-Y378-X327","grid_x":327,"grid_y":378,"centroid":[-71.7293809,-9.7881039],"aggregation":"none","score_gradboost":0.0083886,"score_random_forest":0.0286449,"score_logistic_regression":0.0016053,"score_fuzzy_knn_k29":0.0},"geometry":{"type":"Polygon","coordinates":[[[-71.7334697,-9.7907732],[-71.7253362,-9.7908386],[-71.7252921,-9.7854346],[-71.7334255,-9.7853692],[-71.7334697,-9.7907732]]]}},{"type":"Feature","id":"AC-Y378-X328","properties":{"id":"AC-Y378-X328","grid_x":328,"grid_y":378,"centroid":[-71.7212474,-9.7881692],"aggregation":"none","score_gradboost":0.0100051,"score_random_forest":0.024875,"score_logistic_regression":0.0016747,"score_fuzzy_knn_k29":0.0},"geometry":{"type":"Polygon","coordinates":[[[-71.7253362,-9.7908386],[-71.7172026,-9.7909038],[-71.7171586,-9.7854997],[-71.7252921,-9.7854346],[-71.7253362,-9.7908386]]]}},{"type":"Feature","id":"AC-Y379-X325","properties":{"id":"AC-Y379-X325","grid_x":325,"grid_y":379,"centroid":[-71.7456032,-9.7825688],"aggregation":"none","score_gradboost":0.0075249,"score_random_forest":0.0058066,"score_logistic_regression":0.000773,"score_fuzzy_knn_k29":0.0},"geometry":{"type":"Polygon","coordinates":[[[-71.7496921,-9.7852379],[-71.7415588,-9.7853036],[-71.7415145,-9.7798997],[-71.7496476,-9.779834],[-71.7496921,-9.7852379]]]}},{"type":"Feature","id":"AC-Y379-X326","properties":{"id":"AC-Y379-X326","grid_x":326,"grid_y":379,"centroid":[-71.73747,-9.7826345],"aggregation":"none","score_gradboost":0.0075249,"score_random_forest":0.0029939,"score_logistic_regression":0.0010869,"score_fuzzy_knn_k29":0.0},"geometry":{"type":"Polygon","coordinates":[[[-71.7415588,-9.7853036],[-71.7334255,-9.7853692],[-71.7333813,-9.7799652],[-71.7415145,-9.7798997],[-71.7415588,-9.7853036]]]}},{"type":"Feature","id":"AC-Y379-X327","properties":{"id":"AC-Y379-X327","grid_x":327,"grid_y":379,"centroid":[-71.7293367,-9.7826999],"aggregation":"none","score_gradboost":0.0075249,"score_random_forest":0.0043528,"score_logistic_regression":0.0008118,"score_fuzzy_knn_k29":0.0},"geometry":{"type":"Polygon","coordinates":[[[-71.7334255,-9.7853692],[-71.7252921,-9.7854346],[-71.725248,-9.7800306],[-71.7333813,-9.7799652],[-71.7334255,-9.7853692]]]}},{"type":"Feature","id":"AC-Y379-X328","properties":{"id":"AC-Y379-X328","grid_x":328,"grid_y":379,"centroid":[-71.7212034,-9.7827652],"aggregation":"none","score_gradboost":0.0108572,"score_random_forest":0.0308495,"score_logistic_regression":0.0018248,"score_fuzzy_knn_k29":0.0},"geometry":{"type":"Polygon","coordinates":[[[-71.7252921,-9.7854346],[-71.7171586,-9.7854997],[-71.7171147,-9.7800957],[-71.725248,-9.7800306],[-71.7252921,-9.7854346]]]}},{"type":"Feature","id":"AC-Y380-X325","properties":{"id":"AC-Y380-X325","grid_x":325,"grid_y":380,"centroid":[-71.7455589,-9.7771649],"aggregation":"none","score_gradboost":0.0078345,"score_random_forest":0.0006968,"score_logistic_regression":0.0011529,"score_fuzzy_knn_k29":0.0},"geometry":{"type":"Polygon","coordinates":[[[-71.7496476,-9.779834],[-71.7415145,-9.7798997],[-71.7414702,-9.7744958],[-71.7496032,-9.7744301],[-71.7496476,-9.779834]]]}},{"type":"Feature","id":"AC-Y380-X326","properties":{"id":"AC-Y380-X326","grid_x":326,"grid_y":380,"centroid":[-71.7374258,-9.7772305],"aggregation":"none","score_gradboost":0.0075249,"score_random_forest":0.007615,"score_logistic_regression":0.0007782,"score_fuzzy_knn_k29":0.0},"geometry":{"type":"Polygon","coordinates":[[[-71.7415145,-9.7798997],[-71.7333813,-9.7799652],[-71.7333371,-9.7745613],[-71.7414702,-9.7744958],[-71.7415145,-9.7798997]]]}},{"type":"Feature","id":"AC-Y380-X327","properties":{"id":"AC-Y380-X327","grid_x":327,"grid_y":380,"centroid":[-71.7292926,-9.7772959],"aggregation":"none","score_gradboost":0.0078345,"score_random_forest":0.0122938,"score_logistic_regression":0.0007704,"score_fuzzy_knn_k29":0.0},"geometry":{"type":"Polygon","coordinates":[[[-71.7333813,-9.7799652],[-71.725248,-9.7800306],[-71.725204,-9.7746265],[-71.7333371,-9.7745613],[-71.7333813,-9.7799652]]]}},{"type":"Feature","id":"AC-Y380-X328","properties":{"id":"AC-Y380-X328","grid_x":328,"grid_y":380,"centroid":[-71.7211594,-9.7773611],"aggregation":"none","score_gradboost":0.0108572,"score_random_forest":0.0272843,"score_logistic_regression":0.0018926,"score_fuzzy_knn_k29":0.0},"geometry":{"type":"Polygon","coordinates":[[[-71.725248,-9.7800306],[-71.7171147,-9.7800957],[-71.7170708,-9.7746916],[-71.725204,-9.7746265],[-71.725248,-9.7800306]]]}},{"type":"Feature","id":"AC-Y381-X325","properties":{"id":"AC-Y381-X325","grid_x":325,"grid_y":381,"centroid":[-71.7455145,-9.771761],"aggregation":"none","score_gradboost":0.0075998,"score_random_forest":0.0015723,"score_logistic_regression":0.0009492,"score_fuzzy_knn_k29":0.0},"geometry":{"type":"Polygon","coordinates":[[[-71.7496032,-9.7744301],[-71.7414702,-9.7744958],[-71.7414259,-9.7690918],[-71.7495588,-9.7690262],[-71.7496032,-9.7744301]]]}},{"type":"Feature","id":"AC-Y381-X326","properties":{"id":"AC-Y381-X326","grid_x":326,"grid_y":381,"centroid":[-71.7373815,-9.7718266],"aggregation":"none","score_gradboost":0.0078345,"score_random_forest":0.0062534,"score_logistic_regression":0.001055,"score_fuzzy_knn_k29":0.0},"geometry":{"type":"Polygon","coordinates":[[[-71.7414702,-9.7744958],[-71.7333371,-9.7745613],[-71.733293,-9.7691573],[-71.7414259,-9.7690918],[-71.7414702,-9.7744958]]]}},{"type":"Feature","id":"AC-Y381-X327","properties":{"id":"AC-Y381-X327","grid_x":327,"grid_y":381,"centroid":[-71.7292485,-9.7718919],"aggregation":"none","score_gradboost":0.0101417,"score_random_forest":0.0020487,"score_logistic_regression":0.0013305,"score_fuzzy_knn_k29":0.0},"geometry":{"type":"Polygon","coordinates":[[[-71.7333371,-9.7745613],[-71.725204,-9.7746265],[-71.72516,-9.7692225],[-71.733293,-9.7691573],[-71.7333371,-9.7745613]]]}},{"type":"Feature","id":"AC-Y381-X328","properties":{"id":"AC-Y381-X328","grid_x":328,"grid_y":381,"centroid":[-71.7211154,-9.7719571],"aggregation":"none","score_gradboost":0.0075249,"score_random_forest":0.0010375,"score_logistic_regression":0.0011222,"score_fuzzy_knn_k29":0.0},"geometry":{"type":"Polygon","coordinates":[[[-71.725204,-9.7746265],[-71.7170708,-9.7746916],[-71.7170269,-9.7692876],[-71.72516,-9.7692225],[-71.725204,-9.7746265]]]}},{"type":"Feature","id":"AC-Y381-X329","properties":{"id":"AC-Y381-X329","grid_x":329,"grid_y":381,"centroid":[-71.7129823,-9.7720221],"aggregation":"none","score_gradboost":0.0100051,"score_random_forest":0.0207452,"score_logistic_regression":0.0019078,"score_fuzzy_knn_k29":0.0},"geometry":{"type":"Polygon","coordinates":[[[-71.7170708,-9.7746916],[-71.7089376,-9.7747566],[-71.7088938,-9.7693525],[-71.7170269,-9.7692876],[-71.7170708,-9.7746916]]]}},{"type":"Feature","id":"AC-Y382-X325","properties":{"id":"AC-Y382-X325","grid_x":325,"grid_y":382,"centroid":[-71.7454702,-9.7663571],"aggregation":"none","score_gradboost":0.0077442,"score_random_forest":0.0023846,"score_logistic_regression":0.001249,"score_fuzzy_knn_k29":0.0},"geometry":{"type":"Polygon","coordinates":[[[-71.7495588,-9.7690262],[-71.7414259,-9.7690918],[-71.7413816,-9.7636879],[-71.7495144,-9.7636223],[-71.7495588,-9.7690262]]]}},{"type":"Feature","id":"AC-Y382-X326","properties":{"id":"AC-Y382-X326","grid_x":326,"grid_y":382,"centroid":[-71.7373373,-9.7664226],"aggregation":"none","score_gradboost":0.0075998,"score_random_forest":0.0096192,"score_logistic_regression":0.0010469,"score_fuzzy_knn_k29":0.0},"geometry":{"type":"Polygon","coordinates":[[[-71.7414259,-9.7690918],[-71.733293,-9.7691573],[-71.7332488,-9.7637533],[-71.7413816,-9.7636879],[-71.7414259,-9.7690918]]]}},{"type":"Feature","id":"AC-Y382-X327","properties":{"id":"AC-Y382-X327","grid_x":327,"grid_y":382,"centroid":[-71.7292044,-9.7664879],"aggregation":"none","score_gradboost":0.0078345,"score_random_forest":0.008345,"score_logistic_regression":0.0008048,"score_fuzzy_knn_k29":0.0},"geometry":{"type":"Polygon","coordinates":[[[-71.733293,-9.7691573],[-71.72516,-9.7692225],[-71.725116,-9.7638185],[-71.7332488,-9.7637533],[-71.733293,-9.7691573]]]}},{"type":"Feature","id":"AC-Y382-X328","properties":{"id":"AC-Y382-X328","grid_x":328,"grid_y":382,"centroid":[-71.7210715,-9.7665531],"aggregation":"none","score_gradboost":0.0075249,"score_random_forest":0.002777,"score_logistic_regression":0.0012359,"score_fuzzy_knn_k29":0.0},"geometry":{"type":"Polygon","coordinates":[[[-71.72516,-9.7692225],[-71.7170269,-9.7692876],[-71.7169831,-9.7638836],[-71.725116,-9.7638185],[-71.72516,-9.7692225]]]}},{"type":"Feature","id":"AC-Y382-X329","properties":{"id":"AC-Y382-X329","grid_x":329,"grid_y":382,"centroid":[-71.7129385,-9.766618],"aggregation":"none","score_gradboost":0.0108572,"score_random_forest":0.0236869,"score_logistic_regression":0.002026,"score_fuzzy_knn_k29":0.0},"geometry":{"type":"Polygon","coordinates":[[[-71.7170269,-9.7692876],[-71.7088938,-9.7693525],[-71.7088501,-9.7639484],[-71.7169831,-9.7638836],[-71.7170269,-9.7692876]]]}},{"type":"Feature","id":"AC-Y383-X325","properties":{"id":"AC-Y383-X325","grid_x":325,"grid_y":383,"centroid":[-71.7454259,-9.7609532],"aggregation":"none","score_gradboost":0.0089974,"score_random_forest":0.0344226,"score_logistic_regression":0.0009591,"score_fuzzy_knn_k29":0.0},"geometry":{"type":"Polygon","coordinates":[[[-71.7495144,-9.7636223],[-71.7413816,-9.7636879],[-71.7413374,-9.758284],[-71.74947,-9.7582184],[-71.7495144,-9.7636223]]]}},{"type":"Feature","id":"AC-Y383-X326","properties":{"id":"AC-Y383-X326","grid_x":326,"grid_y":383,"centroid":[-71.7372932,-9.7610187],"aggregation":"none","score_gradboost":0.0088522,"score_random_forest":0.0023653,"score_logistic_regression":0.0010931,"score_fuzzy_knn_k29":0.0},"geometry":{"type":"Polygon","coordinates":[[[-71.7413816,-9.7636879],[-71.7332488,-9.7637533],[-71.7332047,-9.7583493],[-71.7413374,-9.758284],[-71.7413816,-9.7636879]]]}},{"type":"Feature","id":"AC-Y383-X327","properties":{"id":"AC-Y383-X327","grid_x":327,"grid_y":383,"centroid":[-71.7291604,-9.761084],"aggregation":"none","score_gradboost":0.0075998,"score_random_forest":0.002472,"score_logistic_regression":0.0011283,"score_fuzzy_knn_k29":0.0},"geometry":{"type":"Polygon","coordinates":[[[-71.7332488,-9.7637533],[-71.725116,-9.7638185],[-71.725072,-9.7584145],[-71.7332047,-9.7583493],[-71.7332488,-9.7637533]]]}},{"type":"Feature","id":"AC-Y383-X328","properties":{"id":"AC-Y383-X328","grid_x":328,"grid_y":383,"centroid":[-71.7210276,-9.7611491],"aggregation":"none","score_gradboost":0.0078345,"score_random_forest":0.0052092,"score_logistic_regression":0.0012907,"score_fuzzy_knn_k29":0.0},"geometry":{"type":"Polygon","coordinates":[[[-71.725116,-9.7638185],[-71.7169831,-9.7638836],[-71.7169392,-9.7584795],[-71.725072,-9.7584145],[-71.725116,-9.7638185]]]}},{"type":"Feature","id":"AC-Y383-X329","properties":{"id":"AC-Y383-X329","grid_x":329,"grid_y":383,"centroid":[-71.7128947,-9.761214],"aggregation":"none","score_gradboost":0.0108572,"score_random_forest":0.0288642,"score_logistic_regression":0.0019474,"score_fuzzy_knn_k29":0.0},"geometry":{"type":"Polygon","coordinates":[[[-71.7169831,-9.7638836],[-71.7088501,-9.7639484],[-71.7088064,-9.7585443],[-71.7169392,-9.7584795],[-71.7169831,-9.7638836]]]}},{"type":"Feature","id":"AC-Y384-X325","properties":{"id":"AC-Y384-X325","grid_x":325,"grid_y":384,"centroid":[-71.7453816,-9.7555492],"aggregation":"none","score_gradboost":0.0089974,"score_random_forest":0.0174206,"score_logistic_regression":0.0010958,"score_fuzzy_knn_k29":0.0},"geometry":{"type":"Polygon","coordinates":[[[-71.74947,-9.7582184],[-71.7413374,-9.758284],[-71.7412932,-9.75288],[-71.7494257,-9.7528145],[-71.74947,-9.7582184]]]}},{"type":"Feature","id":"AC-Y384-X326","properties":{"id":"AC-Y384-X326","grid_x":326,"grid_y":384,"centroid":[-71.737249,-9.7556147],"aggregation":"none","score_gradboost":0.0089974,"score_random_forest":0.0337862,"score_logistic_regression":0.0008939,"score_fuzzy_knn_k29":0.0},"geometry":{"type":"Polygon","coordinates":[[[-71.7413374,-9.758284],[-71.7332047,-9.7583493],[-71.7331607,-9.7529454],[-71.7412932,-9.75288],[-71.7413374,-9.758284]]]}},{"type":"Feature","id":"AC-Y384-X327","properties":{"id":"AC-Y384-X327","grid_x":327,"grid_y":384,"centroid":[-71.7291164,-9.75568],"aggregation":"none","score_gradboost":0.0076667,"score_random_forest":0.0088751,"score_logistic_regression":0.0008616,"score_fuzzy_knn_k29":0.0},"geometry":{"type":"Polygon","coordinates":[[[-71.7332047,-9.7583493],[-71.725072,-9.7584145],[-71.7250281,-9.7530105],[-71.7331607,-9.7529454],[-71.7332047,-9.7583493]]]}},{"type":"Feature","id":"AC-Y384-X328","properties":{"id":"AC-Y384-X328","grid_x":328,"grid_y":384,"centroid":[-71.7209837,-9.755745],"aggregation":"none","score_gradboost":0.0075998,"score_random_forest":0.0,"score_logistic_regression":0.0009747,"score_fuzzy_knn_k29":0.0},"geometry":{"type":"Polygon","coordinates":[[[-71.725072,-9.7584145],[-71.7169392,-9.7584795],[-71.7168954,-9.7530755],[-71.7250281,-9.7530105],[-71.725072,-9.7584145]]]}},{"type":"Feature","id":"AC-Y384-X329","properties":{"id":"AC-Y384-X329","grid_x":329,"grid_y":384,"centroid":[-71.7128509,-9.7558099],"aggregation":"none","score_gradboost":0.0108572,"score_random_forest":0.0311831,"score_logistic_regression":0.0022329,"score_fuzzy_knn_k29":0.0134688},"geometry":{"type":"Polygon","coordinates":[[[-71.7169392,-9.7584795],[-71.7088064,-9.7585443],[-71.7087627,-9.7531402],[-71.7168954,-9.7530755],[-71.7169392,-9.7584795]]]}},{"type":"Feature","id":"AC-Y385-X325","properties":{"id":"AC-Y385-X325","grid_x":325,"grid_y":385,"centroid":[-71.7453373,-9.7501453],"aggregation":"none","score_gradboost":0.0075853,"score_random_forest":0.0002562,"score_logistic_regression":0.0010839,"score_fuzzy_knn_k29":0.0},"geometry":{"type":"Polygon","coordinates":[[[-71.7494257,-9.7528145],[-71.7412932,-9.75288],[-71.741249,-9.7474761],[-71.7493814,-9.7474106],[-71.7494257,-9.7528145]]]}},{"type":"Feature","id":"AC-Y385-X326","properties":{"id":"AC-Y385-X326","grid_x":326,"grid_y":385,"centroid":[-71.7372049,-9.7502107],"aggregation":"none","score_gradboost":0.0071953,"score_random_forest":0.0002731,"score_logistic_regression":0.0008203,"score_fuzzy_knn_k29":0.0},"geometry":{"type":"Polygon","coordinates":[[[-71.7412932,-9.75288],[-71.7331607,-9.7529454],[-71.7331166,-9.7475414],[-71.741249,-9.7474761],[-71.7412932,-9.75288]]]}},{"type":"Feature","id":"AC-Y385-X327","properties":{"id":"AC-Y385-X327","grid_x":327,"grid_y":385,"centroid":[-71.7290724,-9.750276],"aggregation":"none","score_gradboost":0.0081543,"score_random_forest":0.0052953,"score_logistic_regression":0.0013392,"score_fuzzy_knn_k29":0.0},"geometry":{"type":"Polygon","coordinates":[[[-71.7331607,-9.7529454],[-71.7250281,-9.7530105],[-71.7249842,-9.7476065],[-71.7331166,-9.7475414],[-71.7331607,-9.7529454]]]}},{"type":"Feature","id":"AC-Y385-X328","properties":{"id":"AC-Y385-X328","grid_x":328,"grid_y":385,"centroid":[-71.7209398,-9.750341],"aggregation":"none","score_gradboost":0.0075998,"score_random_forest":0.003291,"score_logistic_regression":0.0010749,"score_fuzzy_knn_k29":0.0},"geometry":{"type":"Polygon","coordinates":[[[-71.7250281,-9.7530105],[-71.7168954,-9.7530755],[-71.7168516,-9.7476714],[-71.7249842,-9.7476065],[-71.7250281,-9.7530105]]]}},{"type":"Feature","id":"AC-Y385-X329","properties":{"id":"AC-Y385-X329","grid_x":329,"grid_y":385,"centroid":[-71.7128072,-9.7504058],"aggregation":"none","score_gradboost":0.0078345,"score_random_forest":0.0030493,"score_logistic_regression":0.0013162,"score_fuzzy_knn_k29":0.0},"geometry":{"type":"Polygon","coordinates":[[[-71.7168954,-9.7530755],[-71.7087627,-9.7531402],[-71.7087191,-9.7477361],[-71.7168516,-9.7476714],[-71.7168954,-9.7530755]]]}},{"type":"Feature","id":"AC-Y339-X331","properties":{"id":"AC-Y339-X331","grid_x":331,"grid_y":339,"centroid":[-71.6985674,-9.9991234],"aggregation":"none","score_gradboost":0.0071953,"score_random_forest":0.0022858,"score_logistic_regression":0.0003294,"score_fuzzy_knn_k29":0.0},"geometry":{"type":"Polygon","coordinates":[[[-71.7026592,-10.0017924],[-71.6945203,-10.0018584],[-71.6944757,-9.9964543],[-71.7026145,-9.9963883],[-71.7026592,-10.0017924]]]}},{"type":"Feature","id":"AC-Y339-X332","properties":{"id":"AC-Y339-X332","grid_x":332,"grid_y":339,"centroid":[-71.6904286,-9.9991893],"aggregation":"none","score_gradboost":0.0071953,"score_random_forest":0.0002731,"score_logistic_regression":0.0002623,"score_fuzzy_knn_k29":0.0},"geometry":{"type":"Polygon","coordinates":[[[-71.6945203,-10.0018584],[-71.6863813,-10.0019243],[-71.6863369,-9.9965202],[-71.6944757,-9.9964543],[-71.6945203,-10.0018584]]]}},{"type":"Feature","id":"AC-Y340-X331","properties":{"id":"AC-Y340-X331","grid_x":331,"grid_y":340,"centroid":[-71.6985228,-9.9937193],"aggregation":"none","score_gradboost":0.0071953,"score_random_forest":0.0002731,"score_logistic_regression":0.0003439,"score_fuzzy_knn_k29":0.0},"geometry":{"type":"Polygon","coordinates":[[[-71.7026145,-9.9963883],[-71.6944757,-9.9964543],[-71.6944312,-9.9910503],[-71.7025699,-9.9909843],[-71.7026145,-9.9963883]]]}},{"type":"Feature","id":"AC-Y340-X332","properties":{"id":"AC-Y340-X332","grid_x":332,"grid_y":340,"centroid":[-71.6903841,-9.9937852],"aggregation":"none","score_gradboost":0.0070789,"score_random_forest":0.0026318,"score_logistic_regression":0.0002339,"score_fuzzy_knn_k29":0.0},"geometry":{"type":"Polygon","coordinates":[[[-71.6944757,-9.9964543],[-71.6863369,-9.9965202],[-71.6862925,-9.991116],[-71.6944312,-9.9910503],[-71.6944757,-9.9964543]]]}},{"type":"Feature","id":"AC-Y340-X333","properties":{"id":"AC-Y340-X333","grid_x":333,"grid_y":340,"centroid":[-71.6822453,-9.9938509],"aggregation":"none","score_gradboost":0.0060759,"score_random_forest":0.0061518,"score_logistic_regression":0.000259,"score_fuzzy_knn_k29":0.0},"geometry":{"type":"Polygon","coordinates":[[[-71.6863369,-9.9965202],[-71.678198,-9.9965858],[-71.6781537,-9.9911816],[-71.6862925,-9.991116],[-71.6863369,-9.9965202]]]}},{"type":"Feature","id":"AC-Y341-X331","properties":{"id":"AC-Y341-X331","grid_x":331,"grid_y":341,"centroid":[-71.6984783,-9.9883153],"aggregation":"none","score_gradboost":0.0071953,"score_random_forest":0.0040334,"score_logistic_regression":0.0001896,"score_fuzzy_knn_k29":0.0},"geometry":{"type":"Polygon","coordinates":[[[-71.7025699,-9.9909843],[-71.6944312,-9.9910503],[-71.6943867,-9.9856462],[-71.7025252,-9.9855803],[-71.7025699,-9.9909843]]]}},{"type":"Feature","id":"AC-Y341-X332","properties":{"id":"AC-Y341-X332","grid_x":332,"grid_y":341,"centroid":[-71.6903396,-9.9883811],"aggregation":"none","score_gradboost":0.0060759,"score_random_forest":0.0015625,"score_logistic_regression":0.0002119,"score_fuzzy_knn_k29":0.0},"geometry":{"type":"Polygon","coordinates":[[[-71.6944312,-9.9910503],[-71.6862925,-9.991116],[-71.6862481,-9.9857119],[-71.6943867,-9.9856462],[-71.6944312,-9.9910503]]]}},{"type":"Feature","id":"AC-Y341-X333","properties":{"id":"AC-Y341-X333","grid_x":333,"grid_y":341,"centroid":[-71.682201,-9.9884468],"aggregation":"none","score_gradboost":0.0062638,"score_random_forest":0.0012861,"score_logistic_regression":0.0002089,"score_fuzzy_knn_k29":0.0},"geometry":{"type":"Polygon","coordinates":[[[-71.6862925,-9.991116],[-71.6781537,-9.9911816],[-71.6781095,-9.9857775],[-71.6862481,-9.9857119],[-71.6862925,-9.991116]]]}},{"type":"Feature","id":"AC-Y342-X331","properties":{"id":"AC-Y342-X331","grid_x":331,"grid_y":342,"centroid":[-71.6984337,-9.9829112],"aggregation":"none","score_gradboost":0.0061295,"score_random_forest":0.0003789,"score_logistic_regression":0.0001769,"score_fuzzy_knn_k29":0.0},"geometry":{"type":"Polygon","coordinates":[[[-71.7025252,-9.9855803],[-71.6943867,-9.9856462],[-71.6943422,-9.9802421],[-71.7024806,-9.9801762],[-71.7025252,-9.9855803]]]}},{"type":"Feature","id":"AC-Y342-X332","properties":{"id":"AC-Y342-X332","grid_x":332,"grid_y":342,"centroid":[-71.6902952,-9.982977],"aggregation":"none","score_gradboost":0.0062638,"score_random_forest":0.0012861,"score_logistic_regression":0.000209,"score_fuzzy_knn_k29":0.0},"geometry":{"type":"Polygon","coordinates":[[[-71.6943867,-9.9856462],[-71.6862481,-9.9857119],[-71.6862038,-9.9803078],[-71.6943422,-9.9802421],[-71.6943867,-9.9856462]]]}},{"type":"Feature","id":"AC-Y342-X333","properties":{"id":"AC-Y342-X333","grid_x":333,"grid_y":342,"centroid":[-71.6821567,-9.9830427],"aggregation":"none","score_gradboost":0.0062638,"score_random_forest":0.0068294,"score_logistic_regression":0.0001462,"score_fuzzy_knn_k29":0.0},"geometry":{"type":"Polygon","coordinates":[[[-71.6862481,-9.9857119],[-71.6781095,-9.9857775],[-71.6780653,-9.9803733],[-71.6862038,-9.9803078],[-71.6862481,-9.9857119]]]}},{"type":"Feature","id":"AC-Y342-X334","properties":{"id":"AC-Y342-X334","grid_x":334,"grid_y":342,"centroid":[-71.6740181,-9.9831081],"aggregation":"none","score_gradboost":0.0060159,"score_random_forest":0.0008667,"score_logistic_regression":0.0001821,"score_fuzzy_knn_k29":0.0},"geometry":{"type":"Polygon","coordinates":[[[-71.6781095,-9.9857775],[-71.6699708,-9.9858428],[-71.6699267,-9.9804386],[-71.6780653,-9.9803733],[-71.6781095,-9.9857775]]]}},{"type":"Feature","id":"AC-Y343-X331","properties":{"id":"AC-Y343-X331","grid_x":331,"grid_y":343,"centroid":[-71.6983892,-9.9775072],"aggregation":"none","score_gradboost":0.0060759,"score_random_forest":0.0012823,"score_logistic_regression":0.000202,"score_fuzzy_knn_k29":0.0},"geometry":{"type":"Polygon","coordinates":[[[-71.7024806,-9.9801762],[-71.6943422,-9.9802421],[-71.6942978,-9.974838],[-71.702436,-9.9747722],[-71.7024806,-9.9801762]]]}},{"type":"Feature","id":"AC-Y343-X332","properties":{"id":"AC-Y343-X332","grid_x":332,"grid_y":343,"centroid":[-71.6902508,-9.977573],"aggregation":"none","score_gradboost":0.0062638,"score_random_forest":0.0089428,"score_logistic_regression":0.0002377,"score_fuzzy_knn_k29":0.0},"geometry":{"type":"Polygon","coordinates":[[[-71.6943422,-9.9802421],[-71.6862038,-9.9803078],[-71.6861595,-9.9749037],[-71.6942978,-9.974838],[-71.6943422,-9.9802421]]]}},{"type":"Feature","id":"AC-Y343-X333","properties":{"id":"AC-Y343-X333","grid_x":333,"grid_y":343,"centroid":[-71.6821124,-9.9776385],"aggregation":"none","score_gradboost":0.0060159,"score_random_forest":0.0006041,"score_logistic_regression":0.0002087,"score_fuzzy_knn_k29":0.0},"geometry":{"type":"Polygon","coordinates":[[[-71.6862038,-9.9803078],[-71.6780653,-9.9803733],[-71.6780211,-9.9749692],[-71.6861595,-9.9749037],[-71.6862038,-9.9803078]]]}},{"type":"Feature","id":"AC-Y343-X334","properties":{"id":"AC-Y343-X334","grid_x":334,"grid_y":343,"centroid":[-71.673974,-9.9777039],"aggregation":"none","score_gradboost":0.0060159,"score_random_forest":0.0076636,"score_logistic_regression":0.0001947,"score_fuzzy_knn_k29":0.0},"geometry":{"type":"Polygon","coordinates":[[[-71.6780653,-9.9803733],[-71.6699267,-9.9804386],[-71.6698827,-9.9750344],[-71.6780211,-9.9749692],[-71.6780653,-9.9803733]]]}},{"type":"Feature","id":"AC-Y344-X331","properties":{"id":"AC-Y344-X331","grid_x":331,"grid_y":344,"centroid":[-71.6983447,-9.9721031],"aggregation":"none","score_gradboost":0.0062638,"score_random_forest":0.0018311,"score_logistic_regression":0.0002186,"score_fuzzy_knn_k29":0.0},"geometry":{"type":"Polygon","coordinates":[[[-71.702436,-9.9747722],[-71.6942978,-9.974838],[-71.6942534,-9.969434],[-71.7023915,-9.9693681],[-71.702436,-9.9747722]]]}},{"type":"Feature","id":"AC-Y344-X332","properties":{"id":"AC-Y344-X332","grid_x":332,"grid_y":344,"centroid":[-71.6902065,-9.9721689],"aggregation":"none","score_gradboost":0.0060159,"score_random_forest":0.0008667,"score_logistic_regression":0.0001452,"score_fuzzy_knn_k29":0.0},"geometry":{"type":"Polygon","coordinates":[[[-71.6942978,-9.974838],[-71.6861595,-9.9749037],[-71.6861152,-9.9694996],[-71.6942534,-9.969434],[-71.6942978,-9.974838]]]}},{"type":"Feature","id":"AC-Y344-X333","properties":{"id":"AC-Y344-X333","grid_x":333,"grid_y":344,"centroid":[-71.6820682,-9.9722344],"aggregation":"none","score_gradboost":0.0060159,"score_random_forest":0.0010018,"score_logistic_regression":0.0001527,"score_fuzzy_knn_k29":0.0},"geometry":{"type":"Polygon","coordinates":[[[-71.6861595,-9.9749037],[-71.6780211,-9.9749692],[-71.677977,-9.969565],[-71.6861152,-9.9694996],[-71.6861595,-9.9749037]]]}},{"type":"Feature","id":"AC-Y344-X334","properties":{"id":"AC-Y344-X334","grid_x":334,"grid_y":344,"centroid":[-71.6739299,-9.9722997],"aggregation":"none","score_gradboost":0.0060159,"score_random_forest":0.0,"score_logistic_regression":0.0002204,"score_fuzzy_knn_k29":0.0},"geometry":{"type":"Polygon","coordinates":[[[-71.6780211,-9.9749692],[-71.6698827,-9.9750344],[-71.6698387,-9.9696303],[-71.677977,-9.969565],[-71.6780211,-9.9749692]]]}},{"type":"Feature","id":"AC-Y344-X335","properties":{"id":"AC-Y344-X335","grid_x":335,"grid_y":344,"centroid":[-71.6657915,-9.9723649],"aggregation":"none","score_gradboost":0.0060159,"score_random_forest":0.0,"score_logistic_regression":0.000192,"score_fuzzy_knn_k29":0.0},"geometry":{"type":"Polygon","coordinates":[[[-71.6698827,-9.9750344],[-71.6617442,-9.9750995],[-71.6617003,-9.9696953],[-71.6698387,-9.9696303],[-71.6698827,-9.9750344]]]}},{"type":"Feature","id":"AC-Y345-X331","properties":{"id":"AC-Y345-X331","grid_x":331,"grid_y":345,"centroid":[-71.6983002,-9.966699],"aggregation":"none","score_gradboost":0.0062638,"score_random_forest":0.0050363,"score_logistic_regression":0.0002184,"score_fuzzy_knn_k29":0.0},"geometry":{"type":"Polygon","coordinates":[[[-71.7023915,-9.9693681],[-71.6942534,-9.969434],[-71.694209,-9.9640299],[-71.7023469,-9.9639641],[-71.7023915,-9.9693681]]]}},{"type":"Feature","id":"AC-Y345-X332","properties":{"id":"AC-Y345-X332","grid_x":332,"grid_y":345,"centroid":[-71.6901621,-9.9667648],"aggregation":"none","score_gradboost":0.0060159,"score_random_forest":0.0012635,"score_logistic_regression":0.000195,"score_fuzzy_knn_k29":0.0},"geometry":{"type":"Polygon","coordinates":[[[-71.6942534,-9.969434],[-71.6861152,-9.9694996],[-71.6860709,-9.9640955],[-71.694209,-9.9640299],[-71.6942534,-9.969434]]]}},{"type":"Feature","id":"AC-Y345-X333","properties":{"id":"AC-Y345-X333","grid_x":333,"grid_y":345,"centroid":[-71.682024,-9.9668303],"aggregation":"none","score_gradboost":0.0060159,"score_random_forest":0.0002398,"score_logistic_regression":0.0002093,"score_fuzzy_knn_k29":0.0},"geometry":{"type":"Polygon","coordinates":[[[-71.6861152,-9.9694996],[-71.677977,-9.969565],[-71.6779328,-9.9641609],[-71.6860709,-9.9640955],[-71.6861152,-9.9694996]]]}},{"type":"Feature","id":"AC-Y345-X334","properties":{"id":"AC-Y345-X334","grid_x":334,"grid_y":345,"centroid":[-71.6738858,-9.9668956],"aggregation":"none","score_gradboost":0.0060159,"score_random_forest":0.0020466,"score_logistic_regression":0.000165,"score_fuzzy_knn_k29":0.0},"geometry":{"type":"Polygon","coordinates":[[[-71.677977,-9.969565],[-71.6698387,-9.9696303],[-71.6697947,-9.9642261],[-71.6779328,-9.9641609],[-71.677977,-9.969565]]]}},{"type":"Feature","id":"AC-Y345-X335","properties":{"id":"AC-Y345-X335","grid_x":335,"grid_y":345,"centroid":[-71.6657475,-9.9669607],"aggregation":"none","score_gradboost":0.0060159,"score_random_forest":0.0002398,"score_logistic_regression":0.000137,"score_fuzzy_knn_k29":0.0},"geometry":{"type":"Polygon","coordinates":[[[-71.6698387,-9.9696303],[-71.6617003,-9.9696953],[-71.6616565,-9.9642911],[-71.6697947,-9.9642261],[-71.6698387,-9.9696303]]]}},{"type":"Feature","id":"AC-Y346-X331","properties":{"id":"AC-Y346-X331","grid_x":331,"grid_y":346,"centroid":[-71.6982557,-9.961295],"aggregation":"none","score_gradboost":0.0062638,"score_random_forest":0.0012861,"score_logistic_regression":0.0001931,"score_fuzzy_knn_k29":0.0},"geometry":{"type":"Polygon","coordinates":[[[-71.7023469,-9.9639641],[-71.694209,-9.9640299],[-71.6941646,-9.9586258],[-71.7023024,-9.95856],[-71.7023469,-9.9639641]]]}},{"type":"Feature","id":"AC-Y346-X332","properties":{"id":"AC-Y346-X332","grid_x":332,"grid_y":346,"centroid":[-71.6901178,-9.9613607],"aggregation":"none","score_gradboost":0.0060159,"score_random_forest":0.0008667,"score_logistic_regression":0.0001563,"score_fuzzy_knn_k29":0.0},"geometry":{"type":"Polygon","coordinates":[[[-71.694209,-9.9640299],[-71.6860709,-9.9640955],[-71.6860267,-9.9586914],[-71.6941646,-9.9586258],[-71.694209,-9.9640299]]]}},{"type":"Feature","id":"AC-Y346-X333","properties":{"id":"AC-Y346-X333","grid_x":333,"grid_y":346,"centroid":[-71.6819798,-9.9614261],"aggregation":"none","score_gradboost":0.0060159,"score_random_forest":0.0006662,"score_logistic_regression":0.0001367,"score_fuzzy_knn_k29":0.0},"geometry":{"type":"Polygon","coordinates":[[[-71.6860709,-9.9640955],[-71.6779328,-9.9641609],[-71.6778887,-9.9587567],[-71.6860267,-9.9586914],[-71.6860709,-9.9640955]]]}},{"type":"Feature","id":"AC-Y346-X334","properties":{"id":"AC-Y346-X334","grid_x":334,"grid_y":346,"centroid":[-71.6738417,-9.9614914],"aggregation":"none","score_gradboost":0.0060159,"score_random_forest":0.0004891,"score_logistic_regression":0.0001804,"score_fuzzy_knn_k29":0.0},"geometry":{"type":"Polygon","coordinates":[[[-71.6779328,-9.9641609],[-71.6697947,-9.9642261],[-71.6697507,-9.9588219],[-71.6778887,-9.9587567],[-71.6779328,-9.9641609]]]}},{"type":"Feature","id":"AC-Y346-X335","properties":{"id":"AC-Y346-X335","grid_x":335,"grid_y":346,"centroid":[-71.6657036,-9.9615565],"aggregation":"none","score_gradboost":0.0060159,"score_random_forest":0.0002398,"score_logistic_regression":0.0002283,"score_fuzzy_knn_k29":0.0},"geometry":{"type":"Polygon","coordinates":[[[-71.6697947,-9.9642261],[-71.6616565,-9.9642911],[-71.6616126,-9.9588868],[-71.6697507,-9.9588219],[-71.6697947,-9.9642261]]]}},{"type":"Feature","id":"AC-Y347-X331","properties":{"id":"AC-Y347-X331","grid_x":331,"grid_y":347,"centroid":[-71.6982113,-9.9558909],"aggregation":"none","score_gradboost":0.0060759,"score_random_forest":0.0011062,"score_logistic_regression":0.0001621,"score_fuzzy_knn_k29":0.0},"geometry":{"type":"Polygon","coordinates":[[[-71.7023024,-9.95856],[-71.6941646,-9.9586258],[-71.6941202,-9.9532217],[-71.702258,-9.953156],[-71.7023024,-9.95856]]]}},{"type":"Feature","id":"AC-Y347-X332","properties":{"id":"AC-Y347-X332","grid_x":332,"grid_y":347,"centroid":[-71.6900735,-9.9559565],"aggregation":"none","score_gradboost":0.0062638,"score_random_forest":0.009584,"score_logistic_regression":0.0001498,"score_fuzzy_knn_k29":0.0},"geometry":{"type":"Polygon","coordinates":[[[-71.6941646,-9.9586258],[-71.6860267,-9.9586914],[-71.6859825,-9.9532872],[-71.6941202,-9.9532217],[-71.6941646,-9.9586258]]]}},{"type":"Feature","id":"AC-Y347-X333","properties":{"id":"AC-Y347-X333","grid_x":333,"grid_y":347,"centroid":[-71.6819356,-9.956022],"aggregation":"none","score_gradboost":0.0060159,"score_random_forest":0.0006594,"score_logistic_regression":0.0002107,"score_fuzzy_knn_k29":0.0},"geometry":{"type":"Polygon","coordinates":[[[-71.6860267,-9.9586914],[-71.6778887,-9.9587567],[-71.6778446,-9.9533526],[-71.6859825,-9.9532872],[-71.6860267,-9.9586914]]]}},{"type":"Feature","id":"AC-Y347-X334","properties":{"id":"AC-Y347-X334","grid_x":334,"grid_y":347,"centroid":[-71.6737977,-9.9560872],"aggregation":"none","score_gradboost":0.0060159,"score_random_forest":0.0008667,"score_logistic_regression":0.0001403,"score_fuzzy_knn_k29":0.0},"geometry":{"type":"Polygon","coordinates":[[[-71.6778887,-9.9587567],[-71.6697507,-9.9588219],[-71.6697068,-9.9534177],[-71.6778446,-9.9533526],[-71.6778887,-9.9587567]]]}},{"type":"Feature","id":"AC-Y347-X335","properties":{"id":"AC-Y347-X335","grid_x":335,"grid_y":347,"centroid":[-71.6656597,-9.9561523],"aggregation":"none","score_gradboost":0.0060159,"score_random_forest":0.0007711,"score_logistic_regression":0.0002419,"score_fuzzy_knn_k29":0.0},"geometry":{"type":"Polygon","coordinates":[[[-71.6697507,-9.9588219],[-71.6616126,-9.9588868],[-71.6615688,-9.9534826],[-71.6697068,-9.9534177],[-71.6697507,-9.9588219]]]}},{"type":"Feature","id":"AC-Y347-X336","properties":{"id":"AC-Y347-X336","grid_x":336,"grid_y":347,"centroid":[-71.6575217,-9.9562171],"aggregation":"none","score_gradboost":0.0060159,"score_random_forest":0.0002398,"score_logistic_regression":0.0002268,"score_fuzzy_knn_k29":0.0},"geometry":{"type":"Polygon","coordinates":[[[-71.6616126,-9.9588868],[-71.6534745,-9.9589516],[-71.6534308,-9.9535473],[-71.6615688,-9.9534826],[-71.6616126,-9.9588868]]]}},{"type":"Feature","id":"AC-Y348-X331","properties":{"id":"AC-Y348-X331","grid_x":331,"grid_y":348,"centroid":[-71.6981669,-9.9504868],"aggregation":"none","score_gradboost":0.0061295,"score_random_forest":0.0003789,"score_logistic_regression":0.0001789,"score_fuzzy_knn_k29":0.0},"geometry":{"type":"Polygon","coordinates":[[[-71.702258,-9.953156],[-71.6941202,-9.9532217],[-71.6940759,-9.9478176],[-71.7022135,-9.9477519],[-71.702258,-9.953156]]]}},{"type":"Feature","id":"AC-Y348-X332","properties":{"id":"AC-Y348-X332","grid_x":332,"grid_y":348,"centroid":[-71.6900292,-9.9505524],"aggregation":"none","score_gradboost":0.0062638,"score_random_forest":0.0012861,"score_logistic_regression":0.000144,"score_fuzzy_knn_k29":0.0},"geometry":{"type":"Polygon","coordinates":[[[-71.6941202,-9.9532217],[-71.6859825,-9.9532872],[-71.6859383,-9.9478831],[-71.6940759,-9.9478176],[-71.6941202,-9.9532217]]]}},{"type":"Feature","id":"AC-Y348-X333","properties":{"id":"AC-Y348-X333","grid_x":333,"grid_y":348,"centroid":[-71.6818915,-9.9506178],"aggregation":"none","score_gradboost":0.0062638,"score_random_forest":0.0063256,"score_logistic_regression":0.0002378,"score_fuzzy_knn_k29":0.0},"geometry":{"type":"Polygon","coordinates":[[[-71.6859825,-9.9532872],[-71.6778446,-9.9533526],[-71.6778006,-9.9479484],[-71.6859383,-9.9478831],[-71.6859825,-9.9532872]]]}},{"type":"Feature","id":"AC-Y348-X334","properties":{"id":"AC-Y348-X334","grid_x":334,"grid_y":348,"centroid":[-71.6737537,-9.950683],"aggregation":"none","score_gradboost":0.0062638,"score_random_forest":0.0053837,"score_logistic_regression":0.0001823,"score_fuzzy_knn_k29":0.0},"geometry":{"type":"Polygon","coordinates":[[[-71.6778446,-9.9533526],[-71.6697068,-9.9534177],[-71.6696628,-9.9480135],[-71.6778006,-9.9479484],[-71.6778446,-9.9533526]]]}},{"type":"Feature","id":"AC-Y348-X335","properties":{"id":"AC-Y348-X335","grid_x":335,"grid_y":348,"centroid":[-71.6656159,-9.9507481],"aggregation":"none","score_gradboost":0.0060159,"score_random_forest":0.0051843,"score_logistic_regression":0.0001494,"score_fuzzy_knn_k29":0.0},"geometry":{"type":"Polygon","coordinates":[[[-71.6697068,-9.9534177],[-71.6615688,-9.9534826],[-71.661525,-9.9480784],[-71.6696628,-9.9480135],[-71.6697068,-9.9534177]]]}},{"type":"Feature","id":"AC-Y348-X336","properties":{"id":"AC-Y348-X336","grid_x":336,"grid_y":348,"centroid":[-71.657478,-9.9508129],"aggregation":"none","score_gradboost":0.0060159,"score_random_forest":0.005465,"score_logistic_regression":0.0002339,"score_fuzzy_knn_k29":0.0},"geometry":{"type":"Polygon","coordinates":[[[-71.6615688,-9.9534826],[-71.6534308,-9.9535473],[-71.6533872,-9.9481431],[-71.661525,-9.9480784],[-71.6615688,-9.9534826]]]}},{"type":"Feature","id":"AC-Y348-X337","properties":{"id":"AC-Y348-X337","grid_x":337,"grid_y":348,"centroid":[-71.64934,-9.9508775],"aggregation":"none","score_gradboost":0.0060159,"score_random_forest":0.0,"score_logistic_regression":0.0002718,"score_fuzzy_knn_k29":0.0},"geometry":{"type":"Polygon","coordinates":[[[-71.6534308,-9.9535473],[-71.6452928,-9.9536119],[-71.6452493,-9.9482076],[-71.6533872,-9.9481431],[-71.6534308,-9.9535473]]]}},{"type":"Feature","id":"AC-Y349-X331","properties":{"id":"AC-Y349-X331","grid_x":331,"grid_y":349,"centroid":[-71.6981225,-9.9450828],"aggregation":"none","score_gradboost":0.0071953,"score_random_forest":0.0034818,"score_logistic_regression":0.0002008,"score_fuzzy_knn_k29":0.0},"geometry":{"type":"Polygon","coordinates":[[[-71.7022135,-9.9477519],[-71.6940759,-9.9478176],[-71.6940316,-9.9424135],[-71.7021691,-9.9423479],[-71.7022135,-9.9477519]]]}},{"type":"Feature","id":"AC-Y349-X332","properties":{"id":"AC-Y349-X332","grid_x":332,"grid_y":349,"centroid":[-71.689985,-9.9451483],"aggregation":"none","score_gradboost":0.0060759,"score_random_forest":0.0015625,"score_logistic_regression":0.0001621,"score_fuzzy_knn_k29":0.0},"geometry":{"type":"Polygon","coordinates":[[[-71.6940759,-9.9478176],[-71.6859383,-9.9478831],[-71.6858941,-9.942479],[-71.6940316,-9.9424135],[-71.6940759,-9.9478176]]]}},{"type":"Feature","id":"AC-Y349-X333","properties":{"id":"AC-Y349-X333","grid_x":333,"grid_y":349,"centroid":[-71.6818474,-9.9452137],"aggregation":"none","score_gradboost":0.0060759,"score_random_forest":0.0011062,"score_logistic_regression":0.0002722,"score_fuzzy_knn_k29":0.0},"geometry":{"type":"Polygon","coordinates":[[[-71.6859383,-9.9478831],[-71.6778006,-9.9479484],[-71.6777566,-9.9425442],[-71.6858941,-9.942479],[-71.6859383,-9.9478831]]]}},{"type":"Feature","id":"AC-Y349-X334","properties":{"id":"AC-Y349-X334","grid_x":334,"grid_y":349,"centroid":[-71.6737097,-9.9452789],"aggregation":"none","score_gradboost":0.0060759,"score_random_forest":0.0127274,"score_logistic_regression":0.0002933,"score_fuzzy_knn_k29":0.0},"geometry":{"type":"Polygon","coordinates":[[[-71.6778006,-9.9479484],[-71.6696628,-9.9480135],[-71.6696189,-9.9426093],[-71.6777566,-9.9425442],[-71.6778006,-9.9479484]]]}},{"type":"Feature","id":"AC-Y349-X335","properties":{"id":"AC-Y349-X335","grid_x":335,"grid_y":349,"centroid":[-71.665572,-9.9453438],"aggregation":"none","score_gradboost":0.0062638,"score_random_forest":0.0077957,"score_logistic_regression":0.0002161,"score_fuzzy_knn_k29":0.0},"geometry":{"type":"Polygon","coordinates":[[[-71.6696628,-9.9480135],[-71.661525,-9.9480784],[-71.6614813,-9.9426741],[-71.6696189,-9.9426093],[-71.6696628,-9.9480135]]]}},{"type":"Feature","id":"AC-Y349-X336","properties":{"id":"AC-Y349-X336","grid_x":336,"grid_y":349,"centroid":[-71.6574343,-9.9454086],"aggregation":"none","score_gradboost":0.0060159,"score_random_forest":0.0006041,"score_logistic_regression":0.0001465,"score_fuzzy_knn_k29":0.0},"geometry":{"type":"Polygon","coordinates":[[[-71.661525,-9.9480784],[-71.6533872,-9.9481431],[-71.6533435,-9.9427388],[-71.6614813,-9.9426741],[-71.661525,-9.9480784]]]}},{"type":"Feature","id":"AC-Y349-X337","properties":{"id":"AC-Y349-X337","grid_x":337,"grid_y":349,"centroid":[-71.6492964,-9.9454732],"aggregation":"none","score_gradboost":0.0060159,"score_random_forest":0.0016119,"score_logistic_regression":0.0002895,"score_fuzzy_knn_k29":0.0},"geometry":{"type":"Polygon","coordinates":[[[-71.6533872,-9.9481431],[-71.6452493,-9.9482076],[-71.6452058,-9.9428033],[-71.6533435,-9.9427388],[-71.6533872,-9.9481431]]]}},{"type":"Feature","id":"AC-Y350-X332","properties":{"id":"AC-Y350-X332","grid_x":332,"grid_y":350,"centroid":[-71.6899408,-9.9397442],"aggregation":"none","score_gradboost":0.0071953,"score_random_forest":0.0040334,"score_logistic_regression":0.0002229,"score_fuzzy_knn_k29":0.0},"geometry":{"type":"Polygon","coordinates":[[[-71.6940316,-9.9424135],[-71.6858941,-9.942479],[-71.68585,-9.9370749],[-71.6939873,-9.9370094],[-71.6940316,-9.9424135]]]}},{"type":"Feature","id":"AC-Y350-X333","properties":{"id":"AC-Y350-X333","grid_x":333,"grid_y":350,"centroid":[-71.6818033,-9.9398096],"aggregation":"none","score_gradboost":0.0070789,"score_random_forest":0.0026318,"score_logistic_regression":0.0002007,"score_fuzzy_knn_k29":0.0},"geometry":{"type":"Polygon","coordinates":[[[-71.6858941,-9.942479],[-71.6777566,-9.9425442],[-71.6777125,-9.9371401],[-71.68585,-9.9370749],[-71.6858941,-9.942479]]]}},{"type":"Feature","id":"AC-Y350-X334","properties":{"id":"AC-Y350-X334","grid_x":334,"grid_y":350,"centroid":[-71.6736658,-9.9398747],"aggregation":"none","score_gradboost":0.0061295,"score_random_forest":0.0007557,"score_logistic_regression":0.0002812,"score_fuzzy_knn_k29":0.0},"geometry":{"type":"Polygon","coordinates":[[[-71.6777566,-9.9425442],[-71.6696189,-9.9426093],[-71.6695751,-9.9372051],[-71.6777125,-9.9371401],[-71.6777566,-9.9425442]]]}},{"type":"Feature","id":"AC-Y350-X335","properties":{"id":"AC-Y350-X335","grid_x":335,"grid_y":350,"centroid":[-71.6655282,-9.9399396],"aggregation":"none","score_gradboost":0.0062638,"score_random_forest":0.0012861,"score_logistic_regression":0.0001722,"score_fuzzy_knn_k29":0.0},"geometry":{"type":"Polygon","coordinates":[[[-71.6696189,-9.9426093],[-71.6614813,-9.9426741],[-71.6614375,-9.9372699],[-71.6695751,-9.9372051],[-71.6696189,-9.9426093]]]}},{"type":"Feature","id":"AC-Y350-X336","properties":{"id":"AC-Y350-X336","grid_x":336,"grid_y":350,"centroid":[-71.6573906,-9.9400044],"aggregation":"none","score_gradboost":0.0060159,"score_random_forest":0.0008667,"score_logistic_regression":0.0002323,"score_fuzzy_knn_k29":0.0},"geometry":{"type":"Polygon","coordinates":[[[-71.6614813,-9.9426741],[-71.6533435,-9.9427388],[-71.6532999,-9.9373345],[-71.6614375,-9.9372699],[-71.6614813,-9.9426741]]]}},{"type":"Feature","id":"AC-Y350-X337","properties":{"id":"AC-Y350-X337","grid_x":337,"grid_y":350,"centroid":[-71.6492529,-9.9400689],"aggregation":"none","score_gradboost":0.0060159,"score_random_forest":0.0016147,"score_logistic_regression":0.0002801,"score_fuzzy_knn_k29":0.0},"geometry":{"type":"Polygon","coordinates":[[[-71.6533435,-9.9427388],[-71.6452058,-9.9428033],[-71.6451623,-9.9373989],[-71.6532999,-9.9373345],[-71.6533435,-9.9427388]]]}},{"type":"Feature","id":"AC-Y351-X335","properties":{"id":"AC-Y351-X335","grid_x":335,"grid_y":351,"centroid":[-71.6654844,-9.9345354],"aggregation":"none","score_gradboost":0.0060759,"score_random_forest":0.0,"score_logistic_regression":0.0002548,"score_fuzzy_knn_k29":0.0},"geometry":{"type":"Polygon","coordinates":[[[-71.6695751,-9.9372051],[-71.6614375,-9.9372699],[-71.6613938,-9.9318657],[-71.6695312,-9.9318009],[-71.6695751,-9.9372051]]]}},{"type":"Feature","id":"AC-Y351-X336","properties":{"id":"AC-Y351-X336","grid_x":336,"grid_y":351,"centroid":[-71.6573469,-9.9346001],"aggregation":"none","score_gradboost":0.0060159,"score_random_forest":0.0096617,"score_logistic_regression":0.0003301,"score_fuzzy_knn_k29":0.0},"geometry":{"type":"Polygon","coordinates":[[[-71.6614375,-9.9372699],[-71.6532999,-9.9373345],[-71.6532564,-9.9319302],[-71.6613938,-9.9318657],[-71.6614375,-9.9372699]]]}},{"type":"Feature","id":"AC-Y351-X337","properties":{"id":"AC-Y351-X337","grid_x":337,"grid_y":351,"centroid":[-71.6492094,-9.9346646],"aggregation":"none","score_gradboost":0.0075249,"score_random_forest":0.0096017,"score_logistic_regression":0.0003733,"score_fuzzy_knn_k29":0.0},"geometry":{"type":"Polygon","coordinates":[[[-71.6532999,-9.9373345],[-71.6451623,-9.9373989],[-71.6451188,-9.9319946],[-71.6532564,-9.9319302],[-71.6532999,-9.9373345]]]}},{"type":"Feature","id":"AC-Y351-X338","properties":{"id":"AC-Y351-X338","grid_x":338,"grid_y":351,"centroid":[-71.6410717,-9.9347289],"aggregation":"none","score_gradboost":0.0060159,"score_random_forest":0.0016119,"score_logistic_regression":0.0002919,"score_fuzzy_knn_k29":0.0},"geometry":{"type":"Polygon","coordinates":[[[-71.6451623,-9.9373989],[-71.6370246,-9.9374632],[-71.6369813,-9.9320588],[-71.6451188,-9.9319946],[-71.6451623,-9.9373989]]]}},{"type":"Feature","id":"AC-Y352-X335","properties":{"id":"AC-Y352-X335","grid_x":335,"grid_y":352,"centroid":[-71.6654406,-9.9291312],"aggregation":"none","score_gradboost":0.0075998,"score_random_forest":0.0038963,"score_logistic_regression":0.0003835,"score_fuzzy_knn_k29":0.0},"geometry":{"type":"Polygon","coordinates":[[[-71.6695312,-9.9318009],[-71.6613938,-9.9318657],[-71.6613501,-9.9264614],[-71.6694874,-9.9263967],[-71.6695312,-9.9318009]]]}},{"type":"Feature","id":"AC-Y352-X336","properties":{"id":"AC-Y352-X336","grid_x":336,"grid_y":352,"centroid":[-71.6573033,-9.9291958],"aggregation":"none","score_gradboost":0.0062638,"score_random_forest":0.0085979,"score_logistic_regression":0.0002189,"score_fuzzy_knn_k29":0.0},"geometry":{"type":"Polygon","coordinates":[[[-71.6613938,-9.9318657],[-71.6532564,-9.9319302],[-71.6532128,-9.926526],[-71.6613501,-9.9264614],[-71.6613938,-9.9318657]]]}},{"type":"Feature","id":"AC-Y352-X337","properties":{"id":"AC-Y352-X337","grid_x":337,"grid_y":352,"centroid":[-71.6491659,-9.9292603],"aggregation":"none","score_gradboost":0.0060159,"score_random_forest":0.0040902,"score_logistic_regression":0.0002619,"score_fuzzy_knn_k29":0.0},"geometry":{"type":"Polygon","coordinates":[[[-71.6532564,-9.9319302],[-71.6451188,-9.9319946],[-71.6450754,-9.9265903],[-71.6532128,-9.926526],[-71.6532564,-9.9319302]]]}},{"type":"Feature","id":"AC-Y352-X338","properties":{"id":"AC-Y352-X338","grid_x":338,"grid_y":352,"centroid":[-71.6410284,-9.9293246],"aggregation":"none","score_gradboost":0.0060159,"score_random_forest":0.0016119,"score_logistic_regression":0.0002982,"score_fuzzy_knn_k29":0.0},"geometry":{"type":"Polygon","coordinates":[[[-71.6451188,-9.9319946],[-71.6369813,-9.9320588],[-71.636938,-9.9266545],[-71.6450754,-9.9265903],[-71.6451188,-9.9319946]]]}},{"type":"Feature","id":"AC-Y352-X339","properties":{"id":"AC-Y352-X339","grid_x":339,"grid_y":352,"centroid":[-71.6328908,-9.9293887],"aggregation":"none","score_gradboost":0.0075249,"score_random_forest":0.0084291,"score_logistic_regression":0.0003529,"score_fuzzy_knn_k29":0.0},"geometry":{"type":"Polygon","coordinates":[[[-71.6369813,-9.9320588],[-71.6288436,-9.9321228],[-71.6288005,-9.9267184],[-71.636938,-9.9266545],[-71.6369813,-9.9320588]]]}},{"type":"Feature","id":"AC-Y353-X336","properties":{"id":"AC-Y353-X336","grid_x":336,"grid_y":353,"centroid":[-71.6572597,-9.9237916],"aggregation":"none","score_gradboost":0.0060759,"score_random_forest":0.0012823,"score_logistic_regression":0.0002015,"score_fuzzy_knn_k29":0.0},"geometry":{"type":"Polygon","coordinates":[[[-71.6613501,-9.9264614],[-71.6532128,-9.926526],[-71.6531693,-9.9211217],[-71.6613065,-9.9210572],[-71.6613501,-9.9264614]]]}},{"type":"Feature","id":"AC-Y353-X337","properties":{"id":"AC-Y353-X337","grid_x":337,"grid_y":353,"centroid":[-71.6491224,-9.923856],"aggregation":"none","score_gradboost":0.0062638,"score_random_forest":0.0096172,"score_logistic_regression":0.0002329,"score_fuzzy_knn_k29":0.0},"geometry":{"type":"Polygon","coordinates":[[[-71.6532128,-9.926526],[-71.6450754,-9.9265903],[-71.645032,-9.921186],[-71.6531693,-9.9211217],[-71.6532128,-9.926526]]]}},{"type":"Feature","id":"AC-Y353-X338","properties":{"id":"AC-Y353-X338","grid_x":338,"grid_y":353,"centroid":[-71.640985,-9.9239203],"aggregation":"none","score_gradboost":0.0060159,"score_random_forest":0.0007711,"score_logistic_regression":0.0002786,"score_fuzzy_knn_k29":0.0},"geometry":{"type":"Polygon","coordinates":[[[-71.6450754,-9.9265903],[-71.636938,-9.9266545],[-71.6368947,-9.9212501],[-71.645032,-9.921186],[-71.6450754,-9.9265903]]]}},{"type":"Feature","id":"AC-Y353-X339","properties":{"id":"AC-Y353-X339","grid_x":339,"grid_y":353,"centroid":[-71.6328476,-9.9239843],"aggregation":"none","score_gradboost":0.0066917,"score_random_forest":0.0026057,"score_logistic_regression":0.0001265,"score_fuzzy_knn_k29":0.0},"geometry":{"type":"Polygon","coordinates":[[[-71.636938,-9.9266545],[-71.6288005,-9.9267184],[-71.6287574,-9.921314],[-71.6368947,-9.9212501],[-71.636938,-9.9266545]]]}},{"type":"Feature","id":"AC-Y354-X336","properties":{"id":"AC-Y354-X336","grid_x":336,"grid_y":354,"centroid":[-71.6572161,-9.9183873],"aggregation":"none","score_gradboost":0.0060759,"score_random_forest":0.0028811,"score_logistic_regression":0.0001818,"score_fuzzy_knn_k29":0.0},"geometry":{"type":"Polygon","coordinates":[[[-71.6613065,-9.9210572],[-71.6531693,-9.9211217],[-71.6531258,-9.9157174],[-71.6612628,-9.9156529],[-71.6613065,-9.9210572]]]}},{"type":"Feature","id":"AC-Y354-X337","properties":{"id":"AC-Y354-X337","grid_x":337,"grid_y":354,"centroid":[-71.6490789,-9.9184517],"aggregation":"none","score_gradboost":0.0062638,"score_random_forest":0.0058683,"score_logistic_regression":0.0002051,"score_fuzzy_knn_k29":0.0},"geometry":{"type":"Polygon","coordinates":[[[-71.6531693,-9.9211217],[-71.645032,-9.921186],[-71.6449886,-9.9157817],[-71.6531258,-9.9157174],[-71.6531693,-9.9211217]]]}},{"type":"Feature","id":"AC-Y354-X338","properties":{"id":"AC-Y354-X338","grid_x":338,"grid_y":354,"centroid":[-71.6409417,-9.9185159],"aggregation":"none","score_gradboost":0.0060159,"score_random_forest":0.0049569,"score_logistic_regression":0.0002741,"score_fuzzy_knn_k29":0.0},"geometry":{"type":"Polygon","coordinates":[[[-71.645032,-9.921186],[-71.6368947,-9.9212501],[-71.6368515,-9.9158458],[-71.6449886,-9.9157817],[-71.645032,-9.921186]]]}},{"type":"Feature","id":"AC-Y354-X339","properties":{"id":"AC-Y354-X339","grid_x":339,"grid_y":354,"centroid":[-71.6328044,-9.9185799],"aggregation":"none","score_gradboost":0.0066917,"score_random_forest":0.0012308,"score_logistic_regression":0.0001815,"score_fuzzy_knn_k29":0.0},"geometry":{"type":"Polygon","coordinates":[[[-71.6368947,-9.9212501],[-71.6287574,-9.921314],[-71.6287142,-9.9159097],[-71.6368515,-9.9158458],[-71.6368947,-9.9212501]]]}},{"type":"Feature","id":"AC-Y355-X337","properties":{"id":"AC-Y355-X337","grid_x":337,"grid_y":355,"centroid":[-71.6490355,-9.9130474],"aggregation":"none","score_gradboost":0.0060759,"score_random_forest":0.0012823,"score_logistic_regression":0.0002329,"score_fuzzy_knn_k29":0.0},"geometry":{"type":"Polygon","coordinates":[[[-71.6531258,-9.9157174],[-71.6449886,-9.9157817],[-71.6449453,-9.9103774],[-71.6530823,-9.9103131],[-71.6531258,-9.9157174]]]}},{"type":"Feature","id":"AC-Y355-X338","properties":{"id":"AC-Y355-X338","grid_x":338,"grid_y":355,"centroid":[-71.6408984,-9.9131116],"aggregation":"none","score_gradboost":0.0062638,"score_random_forest":0.0096172,"score_logistic_regression":0.0002403,"score_fuzzy_knn_k29":0.0},"geometry":{"type":"Polygon","coordinates":[[[-71.6449886,-9.9157817],[-71.6368515,-9.9158458],[-71.6368083,-9.9104414],[-71.6449453,-9.9103774],[-71.6449886,-9.9157817]]]}},{"type":"Feature","id":"AC-Y355-X339","properties":{"id":"AC-Y355-X339","grid_x":339,"grid_y":355,"centroid":[-71.6327613,-9.9131756],"aggregation":"none","score_gradboost":0.0066917,"score_random_forest":0.0036762,"score_logistic_regression":0.0001309,"score_fuzzy_knn_k29":0.0},"geometry":{"type":"Polygon","coordinates":[[[-71.6368515,-9.9158458],[-71.6287142,-9.9159097],[-71.6286712,-9.9105053],[-71.6368083,-9.9104414],[-71.6368515,-9.9158458]]]}},{"type":"Feature","id":"AC-Y355-X340","properties":{"id":"AC-Y355-X340","grid_x":340,"grid_y":355,"centroid":[-71.6246241,-9.9132393],"aggregation":"none","score_gradboost":0.0083688,"score_random_forest":0.0094892,"score_logistic_regression":0.0002008,"score_fuzzy_knn_k29":0.0},"geometry":{"type":"Polygon","coordinates":[[[-71.6287142,-9.9159097],[-71.620577,-9.9159734],[-71.620534,-9.9105689],[-71.6286712,-9.9105053],[-71.6287142,-9.9159097]]]}},{"type":"Feature","id":"AC-Y356-X337","properties":{"id":"AC-Y356-X337","grid_x":337,"grid_y":356,"centroid":[-71.6489921,-9.9076431],"aggregation":"none","score_gradboost":0.0060759,"score_random_forest":0.0066984,"score_logistic_regression":0.0003128,"score_fuzzy_knn_k29":0.0},"geometry":{"type":"Polygon","coordinates":[[[-71.6530823,-9.9103131],[-71.6449453,-9.9103774],[-71.644902,-9.9049731],[-71.6530388,-9.9049088],[-71.6530823,-9.9103131]]]}},{"type":"Feature","id":"AC-Y356-X338","properties":{"id":"AC-Y356-X338","grid_x":338,"grid_y":356,"centroid":[-71.6408551,-9.9077073],"aggregation":"none","score_gradboost":0.0062638,"score_random_forest":0.0089703,"score_logistic_regression":0.0002689,"score_fuzzy_knn_k29":0.0},"geometry":{"type":"Polygon","coordinates":[[[-71.6449453,-9.9103774],[-71.6368083,-9.9104414],[-71.6367651,-9.9050371],[-71.644902,-9.9049731],[-71.6449453,-9.9103774]]]}},{"type":"Feature","id":"AC-Y356-X339","properties":{"id":"AC-Y356-X339","grid_x":339,"grid_y":356,"centroid":[-71.6327181,-9.9077712],"aggregation":"none","score_gradboost":0.0066917,"score_random_forest":0.0123625,"score_logistic_regression":0.0002113,"score_fuzzy_knn_k29":0.0},"geometry":{"type":"Polygon","coordinates":[[[-71.6368083,-9.9104414],[-71.6286712,-9.9105053],[-71.6286281,-9.9051009],[-71.6367651,-9.9050371],[-71.6368083,-9.9104414]]]}},{"type":"Feature","id":"AC-Y356-X340","properties":{"id":"AC-Y356-X340","grid_x":340,"grid_y":356,"centroid":[-71.6245811,-9.9078349],"aggregation":"none","score_gradboost":0.0083688,"score_random_forest":0.0091358,"score_logistic_regression":0.0002222,"score_fuzzy_knn_k29":0.0},"geometry":{"type":"Polygon","coordinates":[[[-71.6286712,-9.9105053],[-71.620534,-9.9105689],[-71.6204911,-9.9051645],[-71.6286281,-9.9051009],[-71.6286712,-9.9105053]]]}},{"type":"Feature","id":"AC-Y357-X338","properties":{"id":"AC-Y357-X338","grid_x":338,"grid_y":357,"centroid":[-71.6408119,-9.9023029],"aggregation":"none","score_gradboost":0.0060759,"score_random_forest":0.0005216,"score_logistic_regression":0.0003318,"score_fuzzy_knn_k29":0.0},"geometry":{"type":"Polygon","coordinates":[[[-71.644902,-9.9049731],[-71.6367651,-9.9050371],[-71.6367219,-9.8996327],[-71.6448587,-9.8995687],[-71.644902,-9.9049731]]]}},{"type":"Feature","id":"AC-Y357-X339","properties":{"id":"AC-Y357-X339","grid_x":339,"grid_y":357,"centroid":[-71.632675,-9.9023668],"aggregation":"none","score_gradboost":0.0075249,"score_random_forest":0.0108309,"score_logistic_regression":0.0003584,"score_fuzzy_knn_k29":0.0},"geometry":{"type":"Polygon","coordinates":[[[-71.6367651,-9.9050371],[-71.6286281,-9.9051009],[-71.6285851,-9.8996965],[-71.6367219,-9.8996327],[-71.6367651,-9.9050371]]]}},{"type":"Feature","id":"AC-Y357-X340","properties":{"id":"AC-Y357-X340","grid_x":340,"grid_y":357,"centroid":[-71.6245381,-9.9024305],"aggregation":"none","score_gradboost":0.0066917,"score_random_forest":0.0036762,"score_logistic_regression":0.0001719,"score_fuzzy_knn_k29":0.0},"geometry":{"type":"Polygon","coordinates":[[[-71.6286281,-9.9051009],[-71.6204911,-9.9051645],[-71.6204482,-9.8997601],[-71.6285851,-9.8996965],[-71.6286281,-9.9051009]]]}},{"type":"Feature","id":"AC-Y357-X341","properties":{"id":"AC-Y357-X341","grid_x":341,"grid_y":357,"centroid":[-71.6164011,-9.902494],"aggregation":"none","score_gradboost":0.0083688,"score_random_forest":0.0097807,"score_logistic_regression":0.0002159,"score_fuzzy_knn_k29":0.0},"geometry":{"type":"Polygon","coordinates":[[[-71.6204911,-9.9051645],[-71.612354,-9.9052279],[-71.6123112,-9.8998235],[-71.6204482,-9.8997601],[-71.6204911,-9.9051645]]]}},{"type":"Feature","id":"AC-Y358-X338","properties":{"id":"AC-Y358-X338","grid_x":338,"grid_y":358,"centroid":[-71.6407687,-9.8968986],"aggregation":"none","score_gradboost":0.0060759,"score_random_forest":0.0009007,"score_logistic_regression":0.0002718,"score_fuzzy_knn_k29":0.0},"geometry":{"type":"Polygon","coordinates":[[[-71.6448587,-9.8995687],[-71.6367219,-9.8996327],[-71.6366788,-9.8942284],[-71.6448154,-9.8941644],[-71.6448587,-9.8995687]]]}},{"type":"Feature","id":"AC-Y358-X339","properties":{"id":"AC-Y358-X339","grid_x":339,"grid_y":358,"centroid":[-71.632632,-9.8969624],"aggregation":"none","score_gradboost":0.0062638,"score_random_forest":0.0079766,"score_logistic_regression":0.0002439,"score_fuzzy_knn_k29":0.0},"geometry":{"type":"Polygon","coordinates":[[[-71.6367219,-9.8996327],[-71.6285851,-9.8996965],[-71.6285421,-9.8942921],[-71.6366788,-9.8942284],[-71.6367219,-9.8996327]]]}},{"type":"Feature","id":"AC-Y358-X340","properties":{"id":"AC-Y358-X340","grid_x":340,"grid_y":358,"centroid":[-71.6244952,-9.8970261],"aggregation":"none","score_gradboost":0.0066917,"score_random_forest":0.0023594,"score_logistic_regression":0.0001319,"score_fuzzy_knn_k29":0.0},"geometry":{"type":"Polygon","coordinates":[[[-71.6285851,-9.8996965],[-71.6204482,-9.8997601],[-71.6204053,-9.8943556],[-71.6285421,-9.8942921],[-71.6285851,-9.8996965]]]}},{"type":"Feature","id":"AC-Y358-X341","properties":{"id":"AC-Y358-X341","grid_x":341,"grid_y":358,"centroid":[-71.6163583,-9.8970896],"aggregation":"none","score_gradboost":0.0083688,"score_random_forest":0.0043927,"score_logistic_regression":0.0002604,"score_fuzzy_knn_k29":0.0},"geometry":{"type":"Polygon","coordinates":[[[-71.6204482,-9.8997601],[-71.6123112,-9.8998235],[-71.6122685,-9.894419],[-71.6204053,-9.8943556],[-71.6204482,-9.8997601]]]}},{"type":"Feature","id":"AC-Y359-X338","properties":{"id":"AC-Y359-X338","grid_x":338,"grid_y":359,"centroid":[-71.6407255,-9.8914942],"aggregation":"none","score_gradboost":0.0077442,"score_random_forest":0.0062618,"score_logistic_regression":0.0004082,"score_fuzzy_knn_k29":0.0},"geometry":{"type":"Polygon","coordinates":[[[-71.6448154,-9.8941644],[-71.6366788,-9.8942284],[-71.6366356,-9.888824],[-71.6447721,-9.8887601],[-71.6448154,-9.8941644]]]}},{"type":"Feature","id":"AC-Y359-X339","properties":{"id":"AC-Y359-X339","grid_x":339,"grid_y":359,"centroid":[-71.6325889,-9.8915581],"aggregation":"none","score_gradboost":0.0078345,"score_random_forest":0.0158294,"score_logistic_regression":0.0004198,"score_fuzzy_knn_k29":0.0},"geometry":{"type":"Polygon","coordinates":[[[-71.6366788,-9.8942284],[-71.6285421,-9.8942921],[-71.6284991,-9.8888877],[-71.6366356,-9.888824],[-71.6366788,-9.8942284]]]}},{"type":"Feature","id":"AC-Y359-X340","properties":{"id":"AC-Y359-X340","grid_x":340,"grid_y":359,"centroid":[-71.6244522,-9.8916217],"aggregation":"none","score_gradboost":0.0075249,"score_random_forest":0.0056645,"score_logistic_regression":0.0003641,"score_fuzzy_knn_k29":0.0},"geometry":{"type":"Polygon","coordinates":[[[-71.6285421,-9.8942921],[-71.6204053,-9.8943556],[-71.6203625,-9.8889512],[-71.6284991,-9.8888877],[-71.6285421,-9.8942921]]]}},{"type":"Feature","id":"AC-Y360-X338","properties":{"id":"AC-Y360-X338","grid_x":338,"grid_y":360,"centroid":[-71.6406823,-9.8860899],"aggregation":"none","score_gradboost":0.0070789,"score_random_forest":0.0026318,"score_logistic_regression":0.0003564,"score_fuzzy_knn_k29":0.0},"geometry":{"type":"Polygon","coordinates":[[[-71.6447721,-9.8887601],[-71.6366356,-9.888824],[-71.6365925,-9.8834196],[-71.6447289,-9.8833558],[-71.6447721,-9.8887601]]]}},{"type":"Feature","id":"AC-Y360-X339","properties":{"id":"AC-Y360-X339","grid_x":339,"grid_y":360,"centroid":[-71.6325459,-9.8861537],"aggregation":"none","score_gradboost":0.0060759,"score_random_forest":0.0072881,"score_logistic_regression":0.0002537,"score_fuzzy_knn_k29":0.0},"geometry":{"type":"Polygon","coordinates":[[[-71.6366356,-9.888824],[-71.6284991,-9.8888877],[-71.6284561,-9.8834833],[-71.6365925,-9.8834196],[-71.6366356,-9.888824]]]}},{"type":"Feature","id":"AC-Y360-X340","properties":{"id":"AC-Y360-X340","grid_x":340,"grid_y":360,"centroid":[-71.6244093,-9.8862173],"aggregation":"none","score_gradboost":0.0075249,"score_random_forest":0.0089184,"score_logistic_regression":0.0003731,"score_fuzzy_knn_k29":0.0},"geometry":{"type":"Polygon","coordinates":[[[-71.6284991,-9.8888877],[-71.6203625,-9.8889512],[-71.6203196,-9.8835468],[-71.6284561,-9.8834833],[-71.6284991,-9.8888877]]]}},{"type":"Feature","id":"AC-Y361-X338","properties":{"id":"AC-Y361-X338","grid_x":338,"grid_y":361,"centroid":[-71.6406392,-9.8806855],"aggregation":"none","score_gradboost":0.0071953,"score_random_forest":0.0073736,"score_logistic_regression":0.0002349,"score_fuzzy_knn_k29":0.0},"geometry":{"type":"Polygon","coordinates":[[[-71.6447289,-9.8833558],[-71.6365925,-9.8834196],[-71.6365495,-9.8780153],[-71.6446857,-9.8779514],[-71.6447289,-9.8833558]]]}},{"type":"Feature","id":"AC-Y361-X339","properties":{"id":"AC-Y361-X339","grid_x":339,"grid_y":361,"centroid":[-71.6325028,-9.8807493],"aggregation":"none","score_gradboost":0.0060759,"score_random_forest":0.0022736,"score_logistic_regression":0.0002163,"score_fuzzy_knn_k29":0.0},"geometry":{"type":"Polygon","coordinates":[[[-71.6365925,-9.8834196],[-71.6284561,-9.8834833],[-71.6284132,-9.8780789],[-71.6365495,-9.8780153],[-71.6365925,-9.8834196]]]}},{"type":"Feature","id":"AC-Y361-X340","properties":{"id":"AC-Y361-X340","grid_x":340,"grid_y":361,"centroid":[-71.6243664,-9.8808129],"aggregation":"none","score_gradboost":0.0062638,"score_random_forest":0.0055257,"score_logistic_regression":0.0002889,"score_fuzzy_knn_k29":0.0},"geometry":{"type":"Polygon","coordinates":[[[-71.6284561,-9.8834833],[-71.6203196,-9.8835468],[-71.6202768,-9.8781423],[-71.6284132,-9.8780789],[-71.6284561,-9.8834833]]]}},{"type":"Feature","id":"AC-Y361-X341","properties":{"id":"AC-Y361-X341","grid_x":341,"grid_y":361,"centroid":[-71.61623,-9.8808762],"aggregation":"none","score_gradboost":0.0075249,"score_random_forest":0.0109817,"score_logistic_regression":0.0003939,"score_fuzzy_knn_k29":0.0},"geometry":{"type":"Polygon","coordinates":[[[-71.6203196,-9.8835468],[-71.6121831,-9.8836101],[-71.6121404,-9.8782056],[-71.6202768,-9.8781423],[-71.6203196,-9.8835468]]]}},{"type":"Feature","id":"AC-Y362-X338","properties":{"id":"AC-Y362-X338","grid_x":338,"grid_y":362,"centroid":[-71.6405961,-9.8752812],"aggregation":"none","score_gradboost":0.0071953,"score_random_forest":0.0002731,"score_logistic_regression":0.000311,"score_fuzzy_knn_k29":0.0},"geometry":{"type":"Polygon","coordinates":[[[-71.6446857,-9.8779514],[-71.6365495,-9.8780153],[-71.6365064,-9.8726109],[-71.6446426,-9.8725471],[-71.6446857,-9.8779514]]]}},{"type":"Feature","id":"AC-Y362-X339","properties":{"id":"AC-Y362-X339","grid_x":339,"grid_y":362,"centroid":[-71.6324598,-9.8753449],"aggregation":"none","score_gradboost":0.0061915,"score_random_forest":0.0023846,"score_logistic_regression":0.0003653,"score_fuzzy_knn_k29":0.0},"geometry":{"type":"Polygon","coordinates":[[[-71.6365495,-9.8780153],[-71.6284132,-9.8780789],[-71.6283703,-9.8726745],[-71.6365064,-9.8726109],[-71.6365495,-9.8780153]]]}},{"type":"Feature","id":"AC-Y339-X340","properties":{"id":"AC-Y339-X340","grid_x":340,"grid_y":339,"centroid":[-71.6253155,-9.9997096],"aggregation":"none","score_gradboost":0.0071953,"score_random_forest":0.009922,"score_logistic_regression":0.0001593,"score_fuzzy_knn_k29":0.0},"geometry":{"type":"Polygon","coordinates":[[[-71.6294069,-10.0023796],[-71.6212675,-10.0024439],[-71.6212242,-9.9970395],[-71.6293634,-9.9969753],[-71.6294069,-10.0023796]]]}},{"type":"Feature","id":"AC-Y339-X341","properties":{"id":"AC-Y339-X341","grid_x":341,"grid_y":339,"centroid":[-71.6171761,-9.9997737],"aggregation":"none","score_gradboost":0.0071953,"score_random_forest":0.0211505,"score_logistic_regression":0.0002618,"score_fuzzy_knn_k29":0.0},"geometry":{"type":"Polygon","coordinates":[[[-71.6212675,-10.0024439],[-71.613128,-10.0025079],[-71.6130848,-9.9971035],[-71.6212242,-9.9970395],[-71.6212675,-10.0024439]]]}},{"type":"Feature","id":"AC-Y339-X342","properties":{"id":"AC-Y339-X342","grid_x":342,"grid_y":339,"centroid":[-71.6090367,-9.9998377],"aggregation":"none","score_gradboost":0.0060759,"score_random_forest":0.0033497,"score_logistic_regression":0.0001862,"score_fuzzy_knn_k29":0.0},"geometry":{"type":"Polygon","coordinates":[[[-71.613128,-10.0025079],[-71.6049885,-10.0025718],[-71.6049454,-9.9971673],[-71.6130848,-9.9971035],[-71.613128,-10.0025079]]]}},{"type":"Feature","id":"AC-Y339-X343","properties":{"id":"AC-Y339-X343","grid_x":343,"grid_y":339,"centroid":[-71.6008972,-9.9999014],"aggregation":"none","score_gradboost":0.0069672,"score_random_forest":0.0401195,"score_logistic_regression":0.0001397,"score_fuzzy_knn_k29":0.0},"geometry":{"type":"Polygon","coordinates":[[[-71.6049885,-10.0025718],[-71.5968489,-10.0026355],[-71.596806,-9.997231],[-71.6049454,-9.9971673],[-71.6049885,-10.0025718]]]}},{"type":"Feature","id":"AC-Y339-X344","properties":{"id":"AC-Y339-X344","grid_x":344,"grid_y":339,"centroid":[-71.5927577,-9.999965],"aggregation":"none","score_gradboost":0.0066917,"score_random_forest":0.0023594,"score_logistic_regression":0.0001264,"score_fuzzy_knn_k29":0.0},"geometry":{"type":"Polygon","coordinates":[[[-71.5968489,-10.0026355],[-71.5887093,-10.0026989],[-71.5886665,-9.9972944],[-71.596806,-9.997231],[-71.5968489,-10.0026355]]]}},{"type":"Feature","id":"AC-Y340-X341","properties":{"id":"AC-Y340-X341","grid_x":341,"grid_y":340,"centroid":[-71.6171329,-9.9943693],"aggregation":"none","score_gradboost":0.0071953,"score_random_forest":0.0026147,"score_logistic_regression":0.0001765,"score_fuzzy_knn_k29":0.0},"geometry":{"type":"Polygon","coordinates":[[[-71.6212242,-9.9970395],[-71.6130848,-9.9971035],[-71.6130416,-9.9916991],[-71.6211808,-9.9916351],[-71.6212242,-9.9970395]]]}},{"type":"Feature","id":"AC-Y340-X342","properties":{"id":"AC-Y340-X342","grid_x":342,"grid_y":340,"centroid":[-71.6089936,-9.9944332],"aggregation":"none","score_gradboost":0.0060759,"score_random_forest":0.0015625,"score_logistic_regression":0.0001791,"score_fuzzy_knn_k29":0.0},"geometry":{"type":"Polygon","coordinates":[[[-71.6130848,-9.9971035],[-71.6049454,-9.9971673],[-71.6049024,-9.9917629],[-71.6130416,-9.9916991],[-71.6130848,-9.9971035]]]}},{"type":"Feature","id":"AC-Y340-X343","properties":{"id":"AC-Y340-X343","grid_x":343,"grid_y":340,"centroid":[-71.6008542,-9.9944969],"aggregation":"none","score_gradboost":0.0062638,"score_random_forest":0.004678,"score_logistic_regression":0.0002187,"score_fuzzy_knn_k29":0.0},"geometry":{"type":"Polygon","coordinates":[[[-71.6049454,-9.9971673],[-71.596806,-9.997231],[-71.596763,-9.9918265],[-71.6049024,-9.9917629],[-71.6049454,-9.9971673]]]}},{"type":"Feature","id":"AC-Y340-X344","properties":{"id":"AC-Y340-X344","grid_x":344,"grid_y":340,"centroid":[-71.5927148,-9.9945604],"aggregation":"none","score_gradboost":0.0083688,"score_random_forest":0.0125749,"score_logistic_regression":0.0001533,"score_fuzzy_knn_k29":0.0},"geometry":{"type":"Polygon","coordinates":[[[-71.596806,-9.997231],[-71.5886665,-9.9972944],[-71.5886237,-9.9918898],[-71.596763,-9.9918265],[-71.596806,-9.997231]]]}},{"type":"Feature","id":"AC-Y340-X345","properties":{"id":"AC-Y340-X345","grid_x":345,"grid_y":340,"centroid":[-71.5845753,-9.9946237],"aggregation":"none","score_gradboost":0.0083688,"score_random_forest":0.0022823,"score_logistic_regression":0.0001808,"score_fuzzy_knn_k29":0.0},"geometry":{"type":"Polygon","coordinates":[[[-71.5886665,-9.9972944],[-71.5805269,-9.9973576],[-71.5804843,-9.991953],[-71.5886237,-9.9918898],[-71.5886665,-9.9972944]]]}},{"type":"Feature","id":"AC-Y341-X341","properties":{"id":"AC-Y341-X341","grid_x":341,"grid_y":341,"centroid":[-71.6170896,-9.9889649],"aggregation":"none","score_gradboost":0.0071953,"score_random_forest":0.0002731,"score_logistic_regression":0.0002721,"score_fuzzy_knn_k29":0.0},"geometry":{"type":"Polygon","coordinates":[[[-71.6211808,-9.9916351],[-71.6130416,-9.9916991],[-71.6129985,-9.9862946],[-71.6211375,-9.9862307],[-71.6211808,-9.9916351]]]}},{"type":"Feature","id":"AC-Y341-X342","properties":{"id":"AC-Y341-X342","grid_x":342,"grid_y":341,"centroid":[-71.6089505,-9.9890288],"aggregation":"none","score_gradboost":0.0061295,"score_random_forest":0.0018655,"score_logistic_regression":0.0002468,"score_fuzzy_knn_k29":0.0},"geometry":{"type":"Polygon","coordinates":[[[-71.6130416,-9.9916991],[-71.6049024,-9.9917629],[-71.6048593,-9.9863584],[-71.6129985,-9.9862946],[-71.6130416,-9.9916991]]]}},{"type":"Feature","id":"AC-Y341-X343","properties":{"id":"AC-Y341-X343","grid_x":343,"grid_y":341,"centroid":[-71.6008112,-9.9890924],"aggregation":"none","score_gradboost":0.0078345,"score_random_forest":0.0099184,"score_logistic_regression":0.0002584,"score_fuzzy_knn_k29":0.0},"geometry":{"type":"Polygon","coordinates":[[[-71.6049024,-9.9917629],[-71.596763,-9.9918265],[-71.5967202,-9.986422],[-71.6048593,-9.9863584],[-71.6049024,-9.9917629]]]}},{"type":"Feature","id":"AC-Y342-X341","properties":{"id":"AC-Y342-X341","grid_x":341,"grid_y":342,"centroid":[-71.6170464,-9.9835605],"aggregation":"none","score_gradboost":0.0071953,"score_random_forest":0.0002731,"score_logistic_regression":0.0002098,"score_fuzzy_knn_k29":0.0},"geometry":{"type":"Polygon","coordinates":[[[-71.6211375,-9.9862307],[-71.6129985,-9.9862946],[-71.6129553,-9.9808902],[-71.6210943,-9.9808263],[-71.6211375,-9.9862307]]]}},{"type":"Feature","id":"AC-Y343-X340","properties":{"id":"AC-Y343-X340","grid_x":340,"grid_y":343,"centroid":[-71.6251421,-9.9780921],"aggregation":"none","score_gradboost":0.0071953,"score_random_forest":0.0002731,"score_logistic_regression":0.0001843,"score_fuzzy_knn_k29":0.0},"geometry":{"type":"Polygon","coordinates":[[[-71.6292332,-9.9807622],[-71.6210943,-9.9808263],[-71.621051,-9.9754219],[-71.6291898,-9.9753578],[-71.6292332,-9.9807622]]]}},{"type":"Feature","id":"AC-Y344-X338","properties":{"id":"AC-Y344-X338","grid_x":338,"grid_y":344,"centroid":[-71.641376,-9.9725592],"aggregation":"none","score_gradboost":0.0062638,"score_random_forest":0.0018311,"score_logistic_regression":0.0001347,"score_fuzzy_knn_k29":0.0},"geometry":{"type":"Polygon","coordinates":[[[-71.6454671,-9.9752291],[-71.6373285,-9.9752935],[-71.637285,-9.9698892],[-71.6454235,-9.9698248],[-71.6454671,-9.9752291]]]}},{"type":"Feature","id":"AC-Y344-X339","properties":{"id":"AC-Y344-X339","grid_x":339,"grid_y":344,"centroid":[-71.6332374,-9.9726235],"aggregation":"none","score_gradboost":0.0061295,"score_random_forest":0.0003789,"score_logistic_regression":0.0001965,"score_fuzzy_knn_k29":0.0},"geometry":{"type":"Polygon","coordinates":[[[-71.6373285,-9.9752935],[-71.6291898,-9.9753578],[-71.6291464,-9.9699534],[-71.637285,-9.9698892],[-71.6373285,-9.9752935]]]}},{"type":"Feature","id":"AC-Y344-X340","properties":{"id":"AC-Y344-X340","grid_x":340,"grid_y":344,"centroid":[-71.6250988,-9.9726877],"aggregation":"none","score_gradboost":0.0071953,"score_random_forest":0.0188222,"score_logistic_regression":0.0001928,"score_fuzzy_knn_k29":0.0},"geometry":{"type":"Polygon","coordinates":[[[-71.6291898,-9.9753578],[-71.621051,-9.9754219],[-71.6210078,-9.9700175],[-71.6291464,-9.9699534],[-71.6291898,-9.9753578]]]}},{"type":"Feature","id":"AC-Y344-X341","properties":{"id":"AC-Y344-X341","grid_x":341,"grid_y":344,"centroid":[-71.6169601,-9.9727516],"aggregation":"none","score_gradboost":0.0071953,"score_random_forest":0.0019077,"score_logistic_regression":0.0002483,"score_fuzzy_knn_k29":0.0},"geometry":{"type":"Polygon","coordinates":[[[-71.621051,-9.9754219],[-71.6129122,-9.9754858],[-71.6128691,-9.9700813],[-71.6210078,-9.9700175],[-71.621051,-9.9754219]]]}},{"type":"Feature","id":"AC-Y345-X336","properties":{"id":"AC-Y345-X336","grid_x":336,"grid_y":345,"centroid":[-71.6576092,-9.9670256],"aggregation":"none","score_gradboost":0.0060159,"score_random_forest":0.0002398,"score_logistic_regression":0.0001884,"score_fuzzy_knn_k29":0.0},"geometry":{"type":"Polygon","coordinates":[[[-71.6617003,-9.9696953],[-71.6535619,-9.9697601],[-71.6535182,-9.9643559],[-71.6616565,-9.9642911],[-71.6617003,-9.9696953]]]}},{"type":"Feature","id":"AC-Y345-X337","properties":{"id":"AC-Y345-X337","grid_x":337,"grid_y":345,"centroid":[-71.6494709,-9.9670903],"aggregation":"none","score_gradboost":0.0060159,"score_random_forest":0.0,"score_logistic_regression":0.0002606,"score_fuzzy_knn_k29":0.0},"geometry":{"type":"Polygon","coordinates":[[[-71.6535619,-9.9697601],[-71.6454235,-9.9698248],[-71.6453799,-9.9644205],[-71.6535182,-9.9643559],[-71.6535619,-9.9697601]]]}},{"type":"Feature","id":"AC-Y345-X338","properties":{"id":"AC-Y345-X338","grid_x":338,"grid_y":345,"centroid":[-71.6413325,-9.9671549],"aggregation":"none","score_gradboost":0.0062638,"score_random_forest":0.0081681,"score_logistic_regression":0.0002217,"score_fuzzy_knn_k29":0.0},"geometry":{"type":"Polygon","coordinates":[[[-71.6454235,-9.9698248],[-71.637285,-9.9698892],[-71.6372415,-9.9644849],[-71.6453799,-9.9644205],[-71.6454235,-9.9698248]]]}},{"type":"Feature","id":"AC-Y345-X339","properties":{"id":"AC-Y345-X339","grid_x":339,"grid_y":345,"centroid":[-71.633194,-9.9672192],"aggregation":"none","score_gradboost":0.0060759,"score_random_forest":0.0011062,"score_logistic_regression":0.0001708,"score_fuzzy_knn_k29":0.0},"geometry":{"type":"Polygon","coordinates":[[[-71.637285,-9.9698892],[-71.6291464,-9.9699534],[-71.6291031,-9.9645491],[-71.6372415,-9.9644849],[-71.637285,-9.9698892]]]}},{"type":"Feature","id":"AC-Y345-X340","properties":{"id":"AC-Y345-X340","grid_x":340,"grid_y":345,"centroid":[-71.6250555,-9.9672833],"aggregation":"none","score_gradboost":0.0070789,"score_random_forest":0.0026318,"score_logistic_regression":0.0001991,"score_fuzzy_knn_k29":0.0},"geometry":{"type":"Polygon","coordinates":[[[-71.6291464,-9.9699534],[-71.6210078,-9.9700175],[-71.6209646,-9.9646131],[-71.6291031,-9.9645491],[-71.6291464,-9.9699534]]]}},{"type":"Feature","id":"AC-Y345-X341","properties":{"id":"AC-Y345-X341","grid_x":341,"grid_y":345,"centroid":[-71.6169169,-9.9673472],"aggregation":"none","score_gradboost":0.0071953,"score_random_forest":0.0002731,"score_logistic_regression":0.0002497,"score_fuzzy_knn_k29":0.0},"geometry":{"type":"Polygon","coordinates":[[[-71.6210078,-9.9700175],[-71.6128691,-9.9700813],[-71.6128261,-9.9646769],[-71.6209646,-9.9646131],[-71.6210078,-9.9700175]]]}},{"type":"Feature","id":"AC-Y346-X336","properties":{"id":"AC-Y346-X336","grid_x":336,"grid_y":346,"centroid":[-71.6575655,-9.9616214],"aggregation":"none","score_gradboost":0.0060159,"score_random_forest":0.0,"score_logistic_regression":0.0002311,"score_fuzzy_knn_k29":0.0},"geometry":{"type":"Polygon","coordinates":[[[-71.6616565,-9.9642911],[-71.6535182,-9.9643559],[-71.6534745,-9.9589516],[-71.6616126,-9.9588868],[-71.6616565,-9.9642911]]]}},{"type":"Feature","id":"AC-Y346-X337","properties":{"id":"AC-Y346-X337","grid_x":337,"grid_y":346,"centroid":[-71.6494272,-9.961686],"aggregation":"none","score_gradboost":0.0060159,"score_random_forest":0.0076636,"score_logistic_regression":0.0002469,"score_fuzzy_knn_k29":0.0},"geometry":{"type":"Polygon","coordinates":[[[-71.6535182,-9.9643559],[-71.6453799,-9.9644205],[-71.6453363,-9.9590162],[-71.6534745,-9.9589516],[-71.6535182,-9.9643559]]]}},{"type":"Feature","id":"AC-Y346-X338","properties":{"id":"AC-Y346-X338","grid_x":338,"grid_y":346,"centroid":[-71.641289,-9.9617505],"aggregation":"none","score_gradboost":0.0060159,"score_random_forest":0.0008667,"score_logistic_regression":0.0002069,"score_fuzzy_knn_k29":0.0},"geometry":{"type":"Polygon","coordinates":[[[-71.6453799,-9.9644205],[-71.6372415,-9.9644849],[-71.6371981,-9.9590805],[-71.6453363,-9.9590162],[-71.6453799,-9.9644205]]]}},{"type":"Feature","id":"AC-Y346-X339","properties":{"id":"AC-Y346-X339","grid_x":339,"grid_y":346,"centroid":[-71.6331506,-9.9618148],"aggregation":"none","score_gradboost":0.0062638,"score_random_forest":0.0062407,"score_logistic_regression":0.0002213,"score_fuzzy_knn_k29":0.0},"geometry":{"type":"Polygon","coordinates":[[[-71.6372415,-9.9644849],[-71.6291031,-9.9645491],[-71.6290598,-9.9591447],[-71.6371981,-9.9590805],[-71.6372415,-9.9644849]]]}},{"type":"Feature","id":"AC-Y346-X340","properties":{"id":"AC-Y346-X340","grid_x":340,"grid_y":346,"centroid":[-71.6250122,-9.9618789],"aggregation":"none","score_gradboost":0.0061295,"score_random_forest":0.0003789,"score_logistic_regression":0.0001788,"score_fuzzy_knn_k29":0.0},"geometry":{"type":"Polygon","coordinates":[[[-71.6291031,-9.9645491],[-71.6209646,-9.9646131],[-71.6209214,-9.9592087],[-71.6290598,-9.9591447],[-71.6291031,-9.9645491]]]}},{"type":"Feature","id":"AC-Y346-X341","properties":{"id":"AC-Y346-X341","grid_x":341,"grid_y":346,"centroid":[-71.6168738,-9.9619428],"aggregation":"none","score_gradboost":0.0071953,"score_random_forest":0.0013696,"score_logistic_regression":0.0002237,"score_fuzzy_knn_k29":0.0},"geometry":{"type":"Polygon","coordinates":[[[-71.6209646,-9.9646131],[-71.6128261,-9.9646769],[-71.612783,-9.9592725],[-71.6209214,-9.9592087],[-71.6209646,-9.9646131]]]}},{"type":"Feature","id":"AC-Y346-X342","properties":{"id":"AC-Y346-X342","grid_x":342,"grid_y":346,"centroid":[-71.6087353,-9.9620065],"aggregation":"none","score_gradboost":0.0089974,"score_random_forest":0.0081178,"score_logistic_regression":0.0003128,"score_fuzzy_knn_k29":0.0},"geometry":{"type":"Polygon","coordinates":[[[-71.6128261,-9.9646769],[-71.6046875,-9.9647405],[-71.6046446,-9.959336],[-71.612783,-9.9592725],[-71.6128261,-9.9646769]]]}},{"type":"Feature","id":"AC-Y347-X337","properties":{"id":"AC-Y347-X337","grid_x":337,"grid_y":347,"centroid":[-71.6493836,-9.9562818],"aggregation":"none","score_gradboost":0.0060159,"score_random_forest":0.0002398,"score_logistic_regression":0.0002578,"score_fuzzy_knn_k29":0.0},"geometry":{"type":"Polygon","coordinates":[[[-71.6534745,-9.9589516],[-71.6453363,-9.9590162],[-71.6452928,-9.9536119],[-71.6534308,-9.9535473],[-71.6534745,-9.9589516]]]}},{"type":"Feature","id":"AC-Y347-X338","properties":{"id":"AC-Y347-X338","grid_x":338,"grid_y":347,"centroid":[-71.6412455,-9.9563462],"aggregation":"none","score_gradboost":0.0060159,"score_random_forest":0.0013167,"score_logistic_regression":0.0002017,"score_fuzzy_knn_k29":0.0},"geometry":{"type":"Polygon","coordinates":[[[-71.6453363,-9.9590162],[-71.6371981,-9.9590805],[-71.6371547,-9.9536762],[-71.6452928,-9.9536119],[-71.6453363,-9.9590162]]]}},{"type":"Feature","id":"AC-Y347-X339","properties":{"id":"AC-Y347-X339","grid_x":339,"grid_y":347,"centroid":[-71.6331073,-9.9564105],"aggregation":"none","score_gradboost":0.0062638,"score_random_forest":0.0077957,"score_logistic_regression":0.0001906,"score_fuzzy_knn_k29":0.0},"geometry":{"type":"Polygon","coordinates":[[[-71.6371981,-9.9590805],[-71.6290598,-9.9591447],[-71.6290165,-9.9537403],[-71.6371547,-9.9536762],[-71.6371981,-9.9590805]]]}},{"type":"Feature","id":"AC-Y347-X340","properties":{"id":"AC-Y347-X340","grid_x":340,"grid_y":347,"centroid":[-71.624969,-9.9564745],"aggregation":"none","score_gradboost":0.0060759,"score_random_forest":0.0081571,"score_logistic_regression":0.0001875,"score_fuzzy_knn_k29":0.0},"geometry":{"type":"Polygon","coordinates":[[[-71.6290598,-9.9591447],[-71.6209214,-9.9592087],[-71.6208783,-9.9538043],[-71.6290165,-9.9537403],[-71.6290598,-9.9591447]]]}},{"type":"Feature","id":"AC-Y347-X341","properties":{"id":"AC-Y347-X341","grid_x":341,"grid_y":347,"centroid":[-71.6168307,-9.9565384],"aggregation":"none","score_gradboost":0.0070789,"score_random_forest":0.0026318,"score_logistic_regression":0.000224,"score_fuzzy_knn_k29":0.0},"geometry":{"type":"Polygon","coordinates":[[[-71.6209214,-9.9592087],[-71.612783,-9.9592725],[-71.61274,-9.953868],[-71.6208783,-9.9538043],[-71.6209214,-9.9592087]]]}},{"type":"Feature","id":"AC-Y347-X342","properties":{"id":"AC-Y347-X342","grid_x":342,"grid_y":347,"centroid":[-71.6086923,-9.956602],"aggregation":"none","score_gradboost":0.0071953,"score_random_forest":0.0002731,"score_logistic_regression":0.0002648,"score_fuzzy_knn_k29":0.0},"geometry":{"type":"Polygon","coordinates":[[[-71.612783,-9.9592725],[-71.6046446,-9.959336],[-71.6046017,-9.9539316],[-71.61274,-9.953868],[-71.612783,-9.9592725]]]}},{"type":"Feature","id":"AC-Y348-X338","properties":{"id":"AC-Y348-X338","grid_x":338,"grid_y":348,"centroid":[-71.641202,-9.9509419],"aggregation":"none","score_gradboost":0.0060159,"score_random_forest":0.0062269,"score_logistic_regression":0.0001644,"score_fuzzy_knn_k29":0.0},"geometry":{"type":"Polygon","coordinates":[[[-71.6452928,-9.9536119],[-71.6371547,-9.9536762],[-71.6371113,-9.9482719],[-71.6452493,-9.9482076],[-71.6452928,-9.9536119]]]}},{"type":"Feature","id":"AC-Y348-X339","properties":{"id":"AC-Y348-X339","grid_x":339,"grid_y":348,"centroid":[-71.6330639,-9.9510061],"aggregation":"none","score_gradboost":0.0060159,"score_random_forest":0.0028944,"score_logistic_regression":0.0001739,"score_fuzzy_knn_k29":0.0},"geometry":{"type":"Polygon","coordinates":[[[-71.6371547,-9.9536762],[-71.6290165,-9.9537403],[-71.6289733,-9.948336],[-71.6371113,-9.9482719],[-71.6371547,-9.9536762]]]}},{"type":"Feature","id":"AC-Y348-X340","properties":{"id":"AC-Y348-X340","grid_x":340,"grid_y":348,"centroid":[-71.6249258,-9.9510701],"aggregation":"none","score_gradboost":0.0062638,"score_random_forest":0.0058683,"score_logistic_regression":0.0002192,"score_fuzzy_knn_k29":0.0},"geometry":{"type":"Polygon","coordinates":[[[-71.6290165,-9.9537403],[-71.6208783,-9.9538043],[-71.6208352,-9.9483999],[-71.6289733,-9.948336],[-71.6290165,-9.9537403]]]}},{"type":"Feature","id":"AC-Y348-X341","properties":{"id":"AC-Y348-X341","grid_x":341,"grid_y":348,"centroid":[-71.6167876,-9.9511339],"aggregation":"none","score_gradboost":0.0061295,"score_random_forest":0.0003789,"score_logistic_regression":0.0001869,"score_fuzzy_knn_k29":0.0},"geometry":{"type":"Polygon","coordinates":[[[-71.6208783,-9.9538043],[-71.61274,-9.953868],[-71.612697,-9.9484636],[-71.6208352,-9.9483999],[-71.6208783,-9.9538043]]]}},{"type":"Feature","id":"AC-Y348-X342","properties":{"id":"AC-Y348-X342","grid_x":342,"grid_y":348,"centroid":[-71.6086494,-9.9511976],"aggregation":"none","score_gradboost":0.0071953,"score_random_forest":0.0188222,"score_logistic_regression":0.0001915,"score_fuzzy_knn_k29":0.0},"geometry":{"type":"Polygon","coordinates":[[[-71.61274,-9.953868],[-71.6046017,-9.9539316],[-71.6045588,-9.9485271],[-71.612697,-9.9484636],[-71.61274,-9.953868]]]}},{"type":"Feature","id":"AC-Y348-X343","properties":{"id":"AC-Y348-X343","grid_x":343,"grid_y":348,"centroid":[-71.6005111,-9.951261],"aggregation":"none","score_gradboost":0.0071953,"score_random_forest":0.0030025,"score_logistic_regression":0.0002162,"score_fuzzy_knn_k29":0.0},"geometry":{"type":"Polygon","coordinates":[[[-71.6046017,-9.9539316],[-71.5964633,-9.9539949],[-71.5964206,-9.9485904],[-71.6045588,-9.9485271],[-71.6046017,-9.9539316]]]}},{"type":"Feature","id":"AC-Y349-X338","properties":{"id":"AC-Y349-X338","grid_x":338,"grid_y":349,"centroid":[-71.6411586,-9.9455376],"aggregation":"none","score_gradboost":0.0060159,"score_random_forest":0.0016147,"score_logistic_regression":0.0002534,"score_fuzzy_knn_k29":0.0},"geometry":{"type":"Polygon","coordinates":[[[-71.6452493,-9.9482076],[-71.6371113,-9.9482719],[-71.6370679,-9.9428675],[-71.6452058,-9.9428033],[-71.6452493,-9.9482076]]]}},{"type":"Feature","id":"AC-Y349-X339","properties":{"id":"AC-Y349-X339","grid_x":339,"grid_y":349,"centroid":[-71.6330206,-9.9456018],"aggregation":"none","score_gradboost":0.0060159,"score_random_forest":0.0007711,"score_logistic_regression":0.0001811,"score_fuzzy_knn_k29":0.0},"geometry":{"type":"Polygon","coordinates":[[[-71.6371113,-9.9482719],[-71.6289733,-9.948336],[-71.62893,-9.9429316],[-71.6370679,-9.9428675],[-71.6371113,-9.9482719]]]}},{"type":"Feature","id":"AC-Y349-X340","properties":{"id":"AC-Y349-X340","grid_x":340,"grid_y":349,"centroid":[-71.6248826,-9.9456657],"aggregation":"none","score_gradboost":0.0062638,"score_random_forest":0.0126943,"score_logistic_regression":0.0002922,"score_fuzzy_knn_k29":0.0},"geometry":{"type":"Polygon","coordinates":[[[-71.6289733,-9.948336],[-71.6208352,-9.9483999],[-71.6207921,-9.9429954],[-71.62893,-9.9429316],[-71.6289733,-9.948336]]]}},{"type":"Feature","id":"AC-Y349-X341","properties":{"id":"AC-Y349-X341","grid_x":341,"grid_y":349,"centroid":[-71.6167446,-9.9457295],"aggregation":"none","score_gradboost":0.0060759,"score_random_forest":0.0146787,"score_logistic_regression":0.0002324,"score_fuzzy_knn_k29":0.0},"geometry":{"type":"Polygon","coordinates":[[[-71.6208352,-9.9483999],[-71.612697,-9.9484636],[-71.6126541,-9.9430591],[-71.6207921,-9.9429954],[-71.6208352,-9.9483999]]]}},{"type":"Feature","id":"AC-Y349-X342","properties":{"id":"AC-Y349-X342","grid_x":342,"grid_y":349,"centroid":[-71.6086065,-9.9457931],"aggregation":"none","score_gradboost":0.0070789,"score_random_forest":0.0026318,"score_logistic_regression":0.0002272,"score_fuzzy_knn_k29":0.0},"geometry":{"type":"Polygon","coordinates":[[[-71.612697,-9.9484636],[-71.6045588,-9.9485271],[-71.604516,-9.9431226],[-71.6126541,-9.9430591],[-71.612697,-9.9484636]]]}},{"type":"Feature","id":"AC-Y349-X343","properties":{"id":"AC-Y349-X343","grid_x":343,"grid_y":349,"centroid":[-71.6004683,-9.9458565],"aggregation":"none","score_gradboost":0.0071953,"score_random_forest":0.0002731,"score_logistic_regression":0.0002019,"score_fuzzy_knn_k29":0.0},"geometry":{"type":"Polygon","coordinates":[[[-71.6045588,-9.9485271],[-71.5964206,-9.9485904],[-71.5963779,-9.9431859],[-71.604516,-9.9431226],[-71.6045588,-9.9485271]]]}},{"type":"Feature","id":"AC-Y349-X344","properties":{"id":"AC-Y349-X344","grid_x":344,"grid_y":349,"centroid":[-71.5923301,-9.9459197],"aggregation":"none","score_gradboost":0.0071953,"score_random_forest":0.0020802,"score_logistic_regression":0.0002874,"score_fuzzy_knn_k29":0.0},"geometry":{"type":"Polygon","coordinates":[[[-71.5964206,-9.9485904],[-71.5882823,-9.9486535],[-71.5882397,-9.9432489],[-71.5963779,-9.9431859],[-71.5964206,-9.9485904]]]}},{"type":"Feature","id":"AC-Y350-X338","properties":{"id":"AC-Y350-X338","grid_x":338,"grid_y":350,"centroid":[-71.6411151,-9.9401332],"aggregation":"none","score_gradboost":0.0060159,"score_random_forest":0.0,"score_logistic_regression":0.0002803,"score_fuzzy_knn_k29":0.0},"geometry":{"type":"Polygon","coordinates":[[[-71.6452058,-9.9428033],[-71.6370679,-9.9428675],[-71.6370246,-9.9374632],[-71.6451623,-9.9373989],[-71.6452058,-9.9428033]]]}},{"type":"Feature","id":"AC-Y350-X339","properties":{"id":"AC-Y350-X339","grid_x":339,"grid_y":350,"centroid":[-71.6329773,-9.9401974],"aggregation":"none","score_gradboost":0.0060159,"score_random_forest":0.0002398,"score_logistic_regression":0.0002092,"score_fuzzy_knn_k29":0.0},"geometry":{"type":"Polygon","coordinates":[[[-71.6370679,-9.9428675],[-71.62893,-9.9429316],[-71.6288868,-9.9375272],[-71.6370246,-9.9374632],[-71.6370679,-9.9428675]]]}},{"type":"Feature","id":"AC-Y350-X340","properties":{"id":"AC-Y350-X340","grid_x":340,"grid_y":350,"centroid":[-71.6248395,-9.9402613],"aggregation":"none","score_gradboost":0.0060159,"score_random_forest":0.0051843,"score_logistic_regression":0.0001762,"score_fuzzy_knn_k29":0.0},"geometry":{"type":"Polygon","coordinates":[[[-71.62893,-9.9429316],[-71.6207921,-9.9429954],[-71.620749,-9.937591],[-71.6288868,-9.9375272],[-71.62893,-9.9429316]]]}},{"type":"Feature","id":"AC-Y350-X341","properties":{"id":"AC-Y350-X341","grid_x":341,"grid_y":350,"centroid":[-71.6167016,-9.9403251],"aggregation":"none","score_gradboost":0.0062638,"score_random_forest":0.0083489,"score_logistic_regression":0.0002422,"score_fuzzy_knn_k29":0.0},"geometry":{"type":"Polygon","coordinates":[[[-71.6207921,-9.9429954],[-71.6126541,-9.9430591],[-71.6126111,-9.9376547],[-71.620749,-9.937591],[-71.6207921,-9.9429954]]]}},{"type":"Feature","id":"AC-Y350-X342","properties":{"id":"AC-Y350-X342","grid_x":342,"grid_y":350,"centroid":[-71.6085636,-9.9403886],"aggregation":"none","score_gradboost":0.0060759,"score_random_forest":0.0033028,"score_logistic_regression":0.00027,"score_fuzzy_knn_k29":0.0},"geometry":{"type":"Polygon","coordinates":[[[-71.6126541,-9.9430591],[-71.604516,-9.9431226],[-71.6044732,-9.9377181],[-71.6126111,-9.9376547],[-71.6126541,-9.9430591]]]}},{"type":"Feature","id":"AC-Y350-X343","properties":{"id":"AC-Y350-X343","grid_x":343,"grid_y":350,"centroid":[-71.6004256,-9.940452],"aggregation":"none","score_gradboost":0.0071953,"score_random_forest":0.0209602,"score_logistic_regression":0.0002511,"score_fuzzy_knn_k29":0.0},"geometry":{"type":"Polygon","coordinates":[[[-71.604516,-9.9431226],[-71.5963779,-9.9431859],[-71.5963352,-9.9377813],[-71.6044732,-9.9377181],[-71.604516,-9.9431226]]]}},{"type":"Feature","id":"AC-Y350-X344","properties":{"id":"AC-Y350-X344","grid_x":344,"grid_y":350,"centroid":[-71.5922875,-9.9405152],"aggregation":"none","score_gradboost":0.0071953,"score_random_forest":0.0019077,"score_logistic_regression":0.0002853,"score_fuzzy_knn_k29":0.0},"geometry":{"type":"Polygon","coordinates":[[[-71.5963779,-9.9431859],[-71.5882397,-9.9432489],[-71.5881972,-9.9378444],[-71.5963352,-9.9377813],[-71.5963779,-9.9431859]]]}},{"type":"Feature","id":"AC-Y351-X339","properties":{"id":"AC-Y351-X339","grid_x":339,"grid_y":351,"centroid":[-71.6329341,-9.934793],"aggregation":"none","score_gradboost":0.0075249,"score_random_forest":0.0039733,"score_logistic_regression":0.0003316,"score_fuzzy_knn_k29":0.0},"geometry":{"type":"Polygon","coordinates":[[[-71.6370246,-9.9374632],[-71.6288868,-9.9375272],[-71.6288436,-9.9321228],[-71.6369813,-9.9320588],[-71.6370246,-9.9374632]]]}},{"type":"Feature","id":"AC-Y351-X340","properties":{"id":"AC-Y351-X340","grid_x":340,"grid_y":351,"centroid":[-71.6247964,-9.9348569],"aggregation":"none","score_gradboost":0.0060159,"score_random_forest":0.0013167,"score_logistic_regression":0.0002552,"score_fuzzy_knn_k29":0.0},"geometry":{"type":"Polygon","coordinates":[[[-71.6288868,-9.9375272],[-71.620749,-9.937591],[-71.620706,-9.9321866],[-71.6288436,-9.9321228],[-71.6288868,-9.9375272]]]}},{"type":"Feature","id":"AC-Y351-X341","properties":{"id":"AC-Y351-X341","grid_x":341,"grid_y":351,"centroid":[-71.6166586,-9.9349207],"aggregation":"none","score_gradboost":0.0060159,"score_random_forest":0.0037571,"score_logistic_regression":0.0002756,"score_fuzzy_knn_k29":0.0},"geometry":{"type":"Polygon","coordinates":[[[-71.620749,-9.937591],[-71.6126111,-9.9376547],[-71.6125682,-9.9322502],[-71.620706,-9.9321866],[-71.620749,-9.937591]]]}},{"type":"Feature","id":"AC-Y351-X342","properties":{"id":"AC-Y351-X342","grid_x":342,"grid_y":351,"centroid":[-71.6085208,-9.9349842],"aggregation":"none","score_gradboost":0.0075998,"score_random_forest":0.0060799,"score_logistic_regression":0.0003311,"score_fuzzy_knn_k29":0.0},"geometry":{"type":"Polygon","coordinates":[[[-71.6126111,-9.9376547],[-71.6044732,-9.9377181],[-71.6044304,-9.9323136],[-71.6125682,-9.9322502],[-71.6126111,-9.9376547]]]}},{"type":"Feature","id":"AC-Y351-X343","properties":{"id":"AC-Y351-X343","grid_x":343,"grid_y":351,"centroid":[-71.6003829,-9.9350475],"aggregation":"none","score_gradboost":0.0089974,"score_random_forest":0.0072966,"score_logistic_regression":0.0003557,"score_fuzzy_knn_k29":0.0},"geometry":{"type":"Polygon","coordinates":[[[-71.6044732,-9.9377181],[-71.5963352,-9.9377813],[-71.5962926,-9.9323768],[-71.6044304,-9.9323136],[-71.6044732,-9.9377181]]]}},{"type":"Feature","id":"AC-Y351-X344","properties":{"id":"AC-Y351-X344","grid_x":344,"grid_y":351,"centroid":[-71.5922449,-9.9351106],"aggregation":"none","score_gradboost":0.0089974,"score_random_forest":0.005496,"score_logistic_regression":0.0003966,"score_fuzzy_knn_k29":0.0},"geometry":{"type":"Polygon","coordinates":[[[-71.5963352,-9.9377813],[-71.5881972,-9.9378444],[-71.5881547,-9.9324398],[-71.5962926,-9.9323768],[-71.5963352,-9.9377813]]]}},{"type":"Feature","id":"AC-Y351-X345","properties":{"id":"AC-Y351-X345","grid_x":345,"grid_y":351,"centroid":[-71.5841069,-9.9351735],"aggregation":"none","score_gradboost":0.0075853,"score_random_forest":0.0,"score_logistic_regression":0.0003525,"score_fuzzy_knn_k29":0.0},"geometry":{"type":"Polygon","coordinates":[[[-71.5881972,-9.9378444],[-71.5800591,-9.9379072],[-71.5800167,-9.9325026],[-71.5881547,-9.9324398],[-71.5881972,-9.9378444]]]}},{"type":"Feature","id":"AC-Y352-X340","properties":{"id":"AC-Y352-X340","grid_x":340,"grid_y":352,"centroid":[-71.6247533,-9.9294525],"aggregation":"none","score_gradboost":0.0060159,"score_random_forest":0.0016147,"score_logistic_regression":0.0001918,"score_fuzzy_knn_k29":0.0},"geometry":{"type":"Polygon","coordinates":[[[-71.6288436,-9.9321228],[-71.620706,-9.9321866],[-71.6206629,-9.9267822],[-71.6288005,-9.9267184],[-71.6288436,-9.9321228]]]}},{"type":"Feature","id":"AC-Y352-X341","properties":{"id":"AC-Y352-X341","grid_x":341,"grid_y":352,"centroid":[-71.6166156,-9.9295162],"aggregation":"none","score_gradboost":0.0060159,"score_random_forest":0.0008667,"score_logistic_regression":0.0001737,"score_fuzzy_knn_k29":0.0},"geometry":{"type":"Polygon","coordinates":[[[-71.620706,-9.9321866],[-71.6125682,-9.9322502],[-71.6125253,-9.9268458],[-71.6206629,-9.9267822],[-71.620706,-9.9321866]]]}},{"type":"Feature","id":"AC-Y352-X342","properties":{"id":"AC-Y352-X342","grid_x":342,"grid_y":352,"centroid":[-71.6084779,-9.9295797],"aggregation":"none","score_gradboost":0.0062638,"score_random_forest":0.0079839,"score_logistic_regression":0.0002661,"score_fuzzy_knn_k29":0.0},"geometry":{"type":"Polygon","coordinates":[[[-71.6125682,-9.9322502],[-71.6044304,-9.9323136],[-71.6043877,-9.9269091],[-71.6125253,-9.9268458],[-71.6125682,-9.9322502]]]}},{"type":"Feature","id":"AC-Y352-X343","properties":{"id":"AC-Y352-X343","grid_x":343,"grid_y":352,"centroid":[-71.6003402,-9.929643],"aggregation":"none","score_gradboost":0.0061295,"score_random_forest":0.0003789,"score_logistic_regression":0.0002501,"score_fuzzy_knn_k29":0.0},"geometry":{"type":"Polygon","coordinates":[[[-71.6044304,-9.9323136],[-71.5962926,-9.9323768],[-71.59625,-9.9269723],[-71.6043877,-9.9269091],[-71.6044304,-9.9323136]]]}},{"type":"Feature","id":"AC-Y352-X344","properties":{"id":"AC-Y352-X344","grid_x":344,"grid_y":352,"centroid":[-71.5922024,-9.9297061],"aggregation":"none","score_gradboost":0.0071953,"score_random_forest":0.0188222,"score_logistic_regression":0.0002596,"score_fuzzy_knn_k29":0.0},"geometry":{"type":"Polygon","coordinates":[[[-71.5962926,-9.9323768],[-71.5881547,-9.9324398],[-71.5881122,-9.9270353],[-71.59625,-9.9269723],[-71.5962926,-9.9323768]]]}},{"type":"Feature","id":"AC-Y352-X345","properties":{"id":"AC-Y352-X345","grid_x":345,"grid_y":352,"centroid":[-71.5840645,-9.929769],"aggregation":"none","score_gradboost":0.0064545,"score_random_forest":0.0,"score_logistic_regression":0.0001735,"score_fuzzy_knn_k29":0.0},"geometry":{"type":"Polygon","coordinates":[[[-71.5881547,-9.9324398],[-71.5800167,-9.9325026],[-71.5799744,-9.927098],[-71.5881122,-9.9270353],[-71.5881547,-9.9324398]]]}},{"type":"Feature","id":"AC-Y353-X340","properties":{"id":"AC-Y353-X340","grid_x":340,"grid_y":353,"centroid":[-71.6247102,-9.9240481],"aggregation":"none","score_gradboost":0.0060159,"score_random_forest":0.0016147,"score_logistic_regression":0.0002511,"score_fuzzy_knn_k29":0.0},"geometry":{"type":"Polygon","coordinates":[[[-71.6288005,-9.9267184],[-71.6206629,-9.9267822],[-71.6206199,-9.9213778],[-71.6287573,-9.921314],[-71.6288005,-9.9267184]]]}},{"type":"Feature","id":"AC-Y353-X341","properties":{"id":"AC-Y353-X341","grid_x":341,"grid_y":353,"centroid":[-71.6165727,-9.9241118],"aggregation":"none","score_gradboost":0.0060159,"score_random_forest":0.0007711,"score_logistic_regression":0.0002357,"score_fuzzy_knn_k29":0.0},"geometry":{"type":"Polygon","coordinates":[[[-71.6206629,-9.9267822],[-71.6125253,-9.9268458],[-71.6124825,-9.9214413],[-71.6206199,-9.9213778],[-71.6206629,-9.9267822]]]}},{"type":"Feature","id":"AC-Y353-X342","properties":{"id":"AC-Y353-X342","grid_x":342,"grid_y":353,"centroid":[-71.6084351,-9.9241752],"aggregation":"none","score_gradboost":0.0062638,"score_random_forest":0.0077957,"score_logistic_regression":0.0002009,"score_fuzzy_knn_k29":0.0},"geometry":{"type":"Polygon","coordinates":[[[-71.6125253,-9.9268458],[-71.6043877,-9.9269091],[-71.6043449,-9.9215046],[-71.6124825,-9.9214413],[-71.6125253,-9.9268458]]]}},{"type":"Feature","id":"AC-Y353-X343","properties":{"id":"AC-Y353-X343","grid_x":343,"grid_y":353,"centroid":[-71.6002975,-9.9242385],"aggregation":"none","score_gradboost":0.0060759,"score_random_forest":0.0003313,"score_logistic_regression":0.0001967,"score_fuzzy_knn_k29":0.0},"geometry":{"type":"Polygon","coordinates":[[[-71.6043877,-9.9269091],[-71.59625,-9.9269723],[-71.5962074,-9.9215678],[-71.6043449,-9.9215046],[-71.6043877,-9.9269091]]]}},{"type":"Feature","id":"AC-Y353-X344","properties":{"id":"AC-Y353-X344","grid_x":344,"grid_y":353,"centroid":[-71.5921598,-9.9243015],"aggregation":"none","score_gradboost":0.0070789,"score_random_forest":0.0034818,"score_logistic_regression":0.0002078,"score_fuzzy_knn_k29":0.0},"geometry":{"type":"Polygon","coordinates":[[[-71.59625,-9.9269723],[-71.5881122,-9.9270353],[-71.5880697,-9.9216307],[-71.5962074,-9.9215678],[-71.59625,-9.9269723]]]}},{"type":"Feature","id":"AC-Y353-X345","properties":{"id":"AC-Y353-X345","grid_x":345,"grid_y":353,"centroid":[-71.5840221,-9.9243644],"aggregation":"none","score_gradboost":0.0080726,"score_random_forest":0.0067499,"score_logistic_regression":0.0002161,"score_fuzzy_knn_k29":0.0},"geometry":{"type":"Polygon","coordinates":[[[-71.5881122,-9.9270353],[-71.5799744,-9.927098],[-71.579932,-9.9216934],[-71.5880697,-9.9216307],[-71.5881122,-9.9270353]]]}},{"type":"Feature","id":"AC-Y354-X340","properties":{"id":"AC-Y354-X340","grid_x":340,"grid_y":354,"centroid":[-71.6246671,-9.9186437],"aggregation":"none","score_gradboost":0.0083688,"score_random_forest":0.0140322,"score_logistic_regression":0.0002273,"score_fuzzy_knn_k29":0.0},"geometry":{"type":"Polygon","coordinates":[[[-71.6287573,-9.921314],[-71.6206199,-9.9213778],[-71.620577,-9.9159734],[-71.6287142,-9.9159097],[-71.6287573,-9.921314]]]}},{"type":"Feature","id":"AC-Y354-X341","properties":{"id":"AC-Y354-X341","grid_x":341,"grid_y":354,"centroid":[-71.6165297,-9.9187073],"aggregation":"none","score_gradboost":0.0066917,"score_random_forest":0.0046796,"score_logistic_regression":0.0001319,"score_fuzzy_knn_k29":0.0},"geometry":{"type":"Polygon","coordinates":[[[-71.6206199,-9.9213778],[-71.6124825,-9.9214413],[-71.6124396,-9.9160368],[-71.620577,-9.9159734],[-71.6206199,-9.9213778]]]}},{"type":"Feature","id":"AC-Y354-X342","properties":{"id":"AC-Y354-X342","grid_x":342,"grid_y":354,"centroid":[-71.6083923,-9.9187708],"aggregation":"none","score_gradboost":0.0060159,"score_random_forest":0.0035303,"score_logistic_regression":0.0002906,"score_fuzzy_knn_k29":0.0},"geometry":{"type":"Polygon","coordinates":[[[-71.6124825,-9.9214413],[-71.6043449,-9.9215046],[-71.6043022,-9.9161001],[-71.6124396,-9.9160368],[-71.6124825,-9.9214413]]]}},{"type":"Feature","id":"AC-Y354-X343","properties":{"id":"AC-Y354-X343","grid_x":343,"grid_y":354,"centroid":[-71.6002548,-9.918834],"aggregation":"none","score_gradboost":0.0062638,"score_random_forest":0.0050363,"score_logistic_regression":0.0002701,"score_fuzzy_knn_k29":0.0},"geometry":{"type":"Polygon","coordinates":[[[-71.6043449,-9.9215046],[-71.5962074,-9.9215678],[-71.5961648,-9.9161632],[-71.6043022,-9.9161001],[-71.6043449,-9.9215046]]]}},{"type":"Feature","id":"AC-Y354-X344","properties":{"id":"AC-Y354-X344","grid_x":344,"grid_y":354,"centroid":[-71.5921173,-9.918897],"aggregation":"none","score_gradboost":0.0061915,"score_random_forest":0.0023846,"score_logistic_regression":0.0002702,"score_fuzzy_knn_k29":0.0},"geometry":{"type":"Polygon","coordinates":[[[-71.5962074,-9.9215678],[-71.5880697,-9.9216307],[-71.5880273,-9.9162261],[-71.5961648,-9.9161632],[-71.5962074,-9.9215678]]]}},{"type":"Feature","id":"AC-Y354-X345","properties":{"id":"AC-Y354-X345","grid_x":345,"grid_y":354,"centroid":[-71.5839797,-9.9189598],"aggregation":"none","score_gradboost":0.0064545,"score_random_forest":0.0,"score_logistic_regression":0.0001423,"score_fuzzy_knn_k29":0.0},"geometry":{"type":"Polygon","coordinates":[[[-71.5880697,-9.9216307],[-71.579932,-9.9216934],[-71.5798897,-9.9162889],[-71.5880273,-9.9162261],[-71.5880697,-9.9216307]]]}},{"type":"Feature","id":"AC-Y355-X341","properties":{"id":"AC-Y355-X341","grid_x":341,"grid_y":355,"centroid":[-71.6164869,-9.9133029],"aggregation":"none","score_gradboost":0.0083688,"score_random_forest":0.0029704,"score_logistic_regression":0.0002497,"score_fuzzy_knn_k29":0.0},"geometry":{"type":"Polygon","coordinates":[[[-71.620577,-9.9159734],[-71.6124396,-9.9160368],[-71.6123968,-9.9106324],[-71.620534,-9.9105689],[-71.620577,-9.9159734]]]}},{"type":"Feature","id":"AC-Y355-X342","properties":{"id":"AC-Y355-X342","grid_x":342,"grid_y":355,"centroid":[-71.6083496,-9.9133663],"aggregation":"none","score_gradboost":0.0066917,"score_random_forest":0.0023594,"score_logistic_regression":0.0001334,"score_fuzzy_knn_k29":0.0},"geometry":{"type":"Polygon","coordinates":[[[-71.6124396,-9.9160368],[-71.6043022,-9.9161001],[-71.6042595,-9.9106956],[-71.6123968,-9.9106324],[-71.6124396,-9.9160368]]]}},{"type":"Feature","id":"AC-Y355-X343","properties":{"id":"AC-Y355-X343","grid_x":343,"grid_y":355,"centroid":[-71.6002122,-9.9134295],"aggregation":"none","score_gradboost":0.0062638,"score_random_forest":0.0053837,"score_logistic_regression":0.0001856,"score_fuzzy_knn_k29":0.0},"geometry":{"type":"Polygon","coordinates":[[[-71.6043022,-9.9161001],[-71.5961648,-9.9161632],[-71.5961222,-9.9107587],[-71.6042595,-9.9106956],[-71.6043022,-9.9161001]]]}},{"type":"Feature","id":"AC-Y355-X344","properties":{"id":"AC-Y355-X344","grid_x":344,"grid_y":355,"centroid":[-71.5920748,-9.9134924],"aggregation":"none","score_gradboost":0.0076667,"score_random_forest":0.0062616,"score_logistic_regression":0.0003422,"score_fuzzy_knn_k29":0.0},"geometry":{"type":"Polygon","coordinates":[[[-71.5961648,-9.9161632],[-71.5880273,-9.9162261],[-71.5879849,-9.9108216],[-71.5961222,-9.9107587],[-71.5961648,-9.9161632]]]}},{"type":"Feature","id":"AC-Y355-X345","properties":{"id":"AC-Y355-X345","grid_x":345,"grid_y":355,"centroid":[-71.5839373,-9.9135552],"aggregation":"none","score_gradboost":0.0080726,"score_random_forest":0.0295304,"score_logistic_regression":0.0002219,"score_fuzzy_knn_k29":0.0},"geometry":{"type":"Polygon","coordinates":[[[-71.5880273,-9.9162261],[-71.5798897,-9.9162889],[-71.5798474,-9.9108843],[-71.5879849,-9.9108216],[-71.5880273,-9.9162261]]]}},{"type":"Feature","id":"AC-Y355-X346","properties":{"id":"AC-Y355-X346","grid_x":346,"grid_y":355,"centroid":[-71.5757998,-9.9136178],"aggregation":"none","score_gradboost":0.0064545,"score_random_forest":0.0013112,"score_logistic_regression":0.0001885,"score_fuzzy_knn_k29":0.0},"geometry":{"type":"Polygon","coordinates":[[[-71.5798897,-9.9162889],[-71.5717521,-9.9163514],[-71.57171,-9.9109467],[-71.5798474,-9.9108843],[-71.5798897,-9.9162889]]]}},{"type":"Feature","id":"AC-Y356-X341","properties":{"id":"AC-Y356-X341","grid_x":341,"grid_y":356,"centroid":[-71.616444,-9.9078985],"aggregation":"none","score_gradboost":0.0083688,"score_random_forest":0.0148996,"score_logistic_regression":0.0002514,"score_fuzzy_knn_k29":0.0},"geometry":{"type":"Polygon","coordinates":[[[-71.620534,-9.9105689],[-71.6123968,-9.9106324],[-71.612354,-9.9052279],[-71.6204911,-9.9051645],[-71.620534,-9.9105689]]]}},{"type":"Feature","id":"AC-Y356-X342","properties":{"id":"AC-Y356-X342","grid_x":342,"grid_y":356,"centroid":[-71.6083068,-9.9079618],"aggregation":"none","score_gradboost":0.0066917,"score_random_forest":0.0033449,"score_logistic_regression":0.0001238,"score_fuzzy_knn_k29":0.0},"geometry":{"type":"Polygon","coordinates":[[[-71.6123968,-9.9106324],[-71.6042595,-9.9106956],[-71.6042169,-9.9052912],[-71.612354,-9.9052279],[-71.6123968,-9.9106324]]]}},{"type":"Feature","id":"AC-Y356-X343","properties":{"id":"AC-Y356-X343","grid_x":343,"grid_y":356,"centroid":[-71.6001696,-9.9080249],"aggregation":"none","score_gradboost":0.0078345,"score_random_forest":0.0164923,"score_logistic_regression":0.0003215,"score_fuzzy_knn_k29":0.0},"geometry":{"type":"Polygon","coordinates":[[[-71.6042595,-9.9106956],[-71.5961222,-9.9107587],[-71.5960797,-9.9053542],[-71.6042169,-9.9052912],[-71.6042595,-9.9106956]]]}},{"type":"Feature","id":"AC-Y356-X344","properties":{"id":"AC-Y356-X344","grid_x":344,"grid_y":356,"centroid":[-71.5920323,-9.9080879],"aggregation":"none","score_gradboost":0.0060759,"score_random_forest":0.0021027,"score_logistic_regression":0.0002588,"score_fuzzy_knn_k29":0.0},"geometry":{"type":"Polygon","coordinates":[[[-71.5961222,-9.9107587],[-71.5879849,-9.9108216],[-71.5879425,-9.905417],[-71.5960797,-9.9053542],[-71.5961222,-9.9107587]]]}},{"type":"Feature","id":"AC-Y356-X345","properties":{"id":"AC-Y356-X345","grid_x":345,"grid_y":356,"centroid":[-71.583895,-9.9081506],"aggregation":"none","score_gradboost":0.0079422,"score_random_forest":0.0063043,"score_logistic_regression":0.0002067,"score_fuzzy_knn_k29":0.0},"geometry":{"type":"Polygon","coordinates":[[[-71.5879849,-9.9108216],[-71.5798474,-9.9108843],[-71.5798052,-9.9054796],[-71.5879425,-9.905417],[-71.5879849,-9.9108216]]]}},{"type":"Feature","id":"AC-Y356-X346","properties":{"id":"AC-Y356-X346","grid_x":346,"grid_y":356,"centroid":[-71.5757576,-9.9082132],"aggregation":"none","score_gradboost":0.0080726,"score_random_forest":0.0016932,"score_logistic_regression":0.0002435,"score_fuzzy_knn_k29":0.0},"geometry":{"type":"Polygon","coordinates":[[[-71.5798474,-9.9108843],[-71.57171,-9.9109467],[-71.5716678,-9.9055421],[-71.5798052,-9.9054796],[-71.5798474,-9.9108843]]]}},{"type":"Feature","id":"AC-Y357-X342","properties":{"id":"AC-Y357-X342","grid_x":342,"grid_y":357,"centroid":[-71.6082641,-9.9025573],"aggregation":"none","score_gradboost":0.0083688,"score_random_forest":0.0094626,"score_logistic_regression":0.000208,"score_fuzzy_knn_k29":0.0},"geometry":{"type":"Polygon","coordinates":[[[-71.612354,-9.9052279],[-71.6042169,-9.9052912],[-71.6041743,-9.8998867],[-71.6123112,-9.8998235],[-71.612354,-9.9052279]]]}},{"type":"Feature","id":"AC-Y357-X343","properties":{"id":"AC-Y357-X343","grid_x":343,"grid_y":357,"centroid":[-71.600127,-9.9026204],"aggregation":"none","score_gradboost":0.0066917,"score_random_forest":0.0136172,"score_logistic_regression":0.0001458,"score_fuzzy_knn_k29":0.0},"geometry":{"type":"Polygon","coordinates":[[[-71.6042169,-9.9052912],[-71.5960797,-9.9053542],[-71.5960372,-9.8999496],[-71.6041743,-9.8998867],[-71.6042169,-9.9052912]]]}},{"type":"Feature","id":"AC-Y357-X344","properties":{"id":"AC-Y357-X344","grid_x":344,"grid_y":357,"centroid":[-71.5919899,-9.9026833],"aggregation":"none","score_gradboost":0.0062638,"score_random_forest":0.0083489,"score_logistic_regression":0.0002697,"score_fuzzy_knn_k29":0.0},"geometry":{"type":"Polygon","coordinates":[[[-71.5960797,-9.9053542],[-71.5879425,-9.905417],[-71.5879001,-9.9000124],[-71.5960372,-9.8999496],[-71.5960797,-9.9053542]]]}},{"type":"Feature","id":"AC-Y357-X345","properties":{"id":"AC-Y357-X345","grid_x":345,"grid_y":357,"centroid":[-71.5838527,-9.9027461],"aggregation":"none","score_gradboost":0.0060759,"score_random_forest":0.0052904,"score_logistic_regression":0.0001515,"score_fuzzy_knn_k29":0.0},"geometry":{"type":"Polygon","coordinates":[[[-71.5879425,-9.905417],[-71.5798052,-9.9054796],[-71.579763,-9.900075],[-71.5879001,-9.9000124],[-71.5879425,-9.905417]]]}},{"type":"Feature","id":"AC-Y357-X346","properties":{"id":"AC-Y357-X346","grid_x":346,"grid_y":357,"centroid":[-71.5757154,-9.9028086],"aggregation":"none","score_gradboost":0.0064545,"score_random_forest":0.0028656,"score_logistic_regression":0.0001198,"score_fuzzy_knn_k29":0.0},"geometry":{"type":"Polygon","coordinates":[[[-71.5798052,-9.9054796],[-71.5716678,-9.9055421],[-71.5716257,-9.9001375],[-71.579763,-9.900075],[-71.5798052,-9.9054796]]]}},{"type":"Feature","id":"AC-Y357-X347","properties":{"id":"AC-Y357-X347","grid_x":347,"grid_y":357,"centroid":[-71.5675781,-9.9028709],"aggregation":"none","score_gradboost":0.0064545,"score_random_forest":0.0,"score_logistic_regression":0.0001648,"score_fuzzy_knn_k29":0.0},"geometry":{"type":"Polygon","coordinates":[[[-71.5716678,-9.9055421],[-71.5635304,-9.9056043],[-71.5634885,-9.9001997],[-71.5716257,-9.9001375],[-71.5716678,-9.9055421]]]}},{"type":"Feature","id":"AC-Y358-X342","properties":{"id":"AC-Y358-X342","grid_x":342,"grid_y":358,"centroid":[-71.6082214,-9.8971528],"aggregation":"none","score_gradboost":0.0083688,"score_random_forest":0.0102513,"score_logistic_regression":0.0002138,"score_fuzzy_knn_k29":0.0},"geometry":{"type":"Polygon","coordinates":[[[-71.6123112,-9.8998235],[-71.6041743,-9.8998867],[-71.6041316,-9.8944822],[-71.6122685,-9.894419],[-71.6123112,-9.8998235]]]}},{"type":"Feature","id":"AC-Y358-X343","properties":{"id":"AC-Y358-X343","grid_x":343,"grid_y":358,"centroid":[-71.6000845,-9.8972159],"aggregation":"none","score_gradboost":0.0066917,"score_random_forest":0.0094077,"score_logistic_regression":0.0001849,"score_fuzzy_knn_k29":0.0},"geometry":{"type":"Polygon","coordinates":[[[-71.6041743,-9.8998867],[-71.5960372,-9.8999496],[-71.5959947,-9.8945451],[-71.6041316,-9.8944822],[-71.6041743,-9.8998867]]]}},{"type":"Feature","id":"AC-Y358-X344","properties":{"id":"AC-Y358-X344","grid_x":344,"grid_y":358,"centroid":[-71.5919475,-9.8972788],"aggregation":"none","score_gradboost":0.0060159,"score_random_forest":0.0048924,"score_logistic_regression":0.0002818,"score_fuzzy_knn_k29":0.0},"geometry":{"type":"Polygon","coordinates":[[[-71.5960372,-9.8999496],[-71.5879001,-9.9000124],[-71.5878578,-9.8946079],[-71.5959947,-9.8945451],[-71.5960372,-9.8999496]]]}},{"type":"Feature","id":"AC-Y358-X345","properties":{"id":"AC-Y358-X345","grid_x":345,"grid_y":358,"centroid":[-71.5838104,-9.8973415],"aggregation":"none","score_gradboost":0.0069672,"score_random_forest":0.0094502,"score_logistic_regression":0.0001314,"score_fuzzy_knn_k29":0.0},"geometry":{"type":"Polygon","coordinates":[[[-71.5879001,-9.9000124],[-71.579763,-9.900075],[-71.5797207,-9.8946704],[-71.5878578,-9.8946079],[-71.5879001,-9.9000124]]]}},{"type":"Feature","id":"AC-Y358-X346","properties":{"id":"AC-Y358-X346","grid_x":346,"grid_y":358,"centroid":[-71.5756733,-9.897404],"aggregation":"none","score_gradboost":0.0061295,"score_random_forest":0.0003789,"score_logistic_regression":0.0001685,"score_fuzzy_knn_k29":0.0},"geometry":{"type":"Polygon","coordinates":[[[-71.579763,-9.900075],[-71.5716257,-9.9001375],[-71.5715837,-9.8947328],[-71.5797207,-9.8946704],[-71.579763,-9.900075]]]}},{"type":"Feature","id":"AC-Y358-X347","properties":{"id":"AC-Y358-X347","grid_x":347,"grid_y":358,"centroid":[-71.5675361,-9.8974663],"aggregation":"none","score_gradboost":0.0064545,"score_random_forest":0.0151799,"score_logistic_regression":0.0001796,"score_fuzzy_knn_k29":0.0},"geometry":{"type":"Polygon","coordinates":[[[-71.5716257,-9.9001375],[-71.5634885,-9.9001997],[-71.5634465,-9.894795],[-71.5715837,-9.8947328],[-71.5716257,-9.9001375]]]}},{"type":"Feature","id":"AC-Y358-X348","properties":{"id":"AC-Y358-X348","grid_x":348,"grid_y":358,"centroid":[-71.5593989,-9.8975283],"aggregation":"none","score_gradboost":0.0080726,"score_random_forest":0.0,"score_logistic_regression":0.0002715,"score_fuzzy_knn_k29":0.0},"geometry":{"type":"Polygon","coordinates":[[[-71.5634885,-9.9001997],[-71.5553512,-9.9002617],[-71.5553093,-9.894857],[-71.5634465,-9.894795],[-71.5634885,-9.9001997]]]}},{"type":"Feature","id":"AC-Y359-X341","properties":{"id":"AC-Y359-X341","grid_x":341,"grid_y":359,"centroid":[-71.6163155,-9.8916851],"aggregation":"none","score_gradboost":0.0083688,"score_random_forest":0.0025552,"score_logistic_regression":0.0002479,"score_fuzzy_knn_k29":0.0},"geometry":{"type":"Polygon","coordinates":[[[-71.6204053,-9.8943556],[-71.6122685,-9.894419],[-71.6122258,-9.8890145],[-71.6203625,-9.8889512],[-71.6204053,-9.8943556]]]}},{"type":"Feature","id":"AC-Y359-X342","properties":{"id":"AC-Y359-X342","grid_x":342,"grid_y":359,"centroid":[-71.6081788,-9.8917484],"aggregation":"none","score_gradboost":0.0083688,"score_random_forest":0.0148996,"score_logistic_regression":0.0002746,"score_fuzzy_knn_k29":0.0},"geometry":{"type":"Polygon","coordinates":[[[-71.6122685,-9.894419],[-71.6041316,-9.8944822],[-71.6040891,-9.8890777],[-71.6122258,-9.8890145],[-71.6122685,-9.894419]]]}},{"type":"Feature","id":"AC-Y359-X343","properties":{"id":"AC-Y359-X343","grid_x":343,"grid_y":359,"centroid":[-71.6000419,-9.8918114],"aggregation":"none","score_gradboost":0.0083688,"score_random_forest":0.0039301,"score_logistic_regression":0.0002385,"score_fuzzy_knn_k29":0.0},"geometry":{"type":"Polygon","coordinates":[[[-71.6041316,-9.8944822],[-71.5959947,-9.8945451],[-71.5959523,-9.8891406],[-71.6040891,-9.8890777],[-71.6041316,-9.8944822]]]}},{"type":"Feature","id":"AC-Y359-X344","properties":{"id":"AC-Y359-X344","grid_x":344,"grid_y":359,"centroid":[-71.5919051,-9.8918742],"aggregation":"none","score_gradboost":0.0075249,"score_random_forest":0.0047419,"score_logistic_regression":0.0003294,"score_fuzzy_knn_k29":0.0},"geometry":{"type":"Polygon","coordinates":[[[-71.5959947,-9.8945451],[-71.5878578,-9.8946079],[-71.5878154,-9.8892033],[-71.5959523,-9.8891406],[-71.5959947,-9.8945451]]]}},{"type":"Feature","id":"AC-Y359-X345","properties":{"id":"AC-Y359-X345","grid_x":345,"grid_y":359,"centroid":[-71.5837681,-9.8919369],"aggregation":"none","score_gradboost":0.0069672,"score_random_forest":0.0150133,"score_logistic_regression":0.0001315,"score_fuzzy_knn_k29":0.0},"geometry":{"type":"Polygon","coordinates":[[[-71.5878578,-9.8946079],[-71.5797207,-9.8946704],[-71.5796786,-9.8892658],[-71.5878154,-9.8892033],[-71.5878578,-9.8946079]]]}},{"type":"Feature","id":"AC-Y359-X346","properties":{"id":"AC-Y359-X346","grid_x":346,"grid_y":359,"centroid":[-71.5756311,-9.8919993],"aggregation":"none","score_gradboost":0.0075998,"score_random_forest":0.0093918,"score_logistic_regression":0.0002206,"score_fuzzy_knn_k29":0.0},"geometry":{"type":"Polygon","coordinates":[[[-71.5797207,-9.8946704],[-71.5715837,-9.8947328],[-71.5715416,-9.8893282],[-71.5796786,-9.8892658],[-71.5797207,-9.8946704]]]}},{"type":"Feature","id":"AC-Y359-X347","properties":{"id":"AC-Y359-X347","grid_x":347,"grid_y":359,"centroid":[-71.5674941,-9.8920616],"aggregation":"none","score_gradboost":0.00635,"score_random_forest":0.0010942,"score_logistic_regression":0.0001675,"score_fuzzy_knn_k29":0.0},"geometry":{"type":"Polygon","coordinates":[[[-71.5715837,-9.8947328],[-71.5634465,-9.894795],[-71.5634046,-9.8893903],[-71.5715416,-9.8893282],[-71.5715837,-9.8947328]]]}},{"type":"Feature","id":"AC-Y359-X348","properties":{"id":"AC-Y359-X348","grid_x":348,"grid_y":359,"centroid":[-71.559357,-9.8921236],"aggregation":"none","score_gradboost":0.0064545,"score_random_forest":0.0088282,"score_logistic_regression":0.0001742,"score_fuzzy_knn_k29":0.0},"geometry":{"type":"Polygon","coordinates":[[[-71.5634465,-9.894795],[-71.5553093,-9.894857],[-71.5552676,-9.8894522],[-71.5634046,-9.8893903],[-71.5634465,-9.894795]]]}},{"type":"Feature","id":"AC-Y360-X341","properties":{"id":"AC-Y360-X341","grid_x":341,"grid_y":360,"centroid":[-71.6162727,-9.8862807],"aggregation":"none","score_gradboost":0.0066917,"score_random_forest":0.0023594,"score_logistic_regression":0.0001577,"score_fuzzy_knn_k29":0.0},"geometry":{"type":"Polygon","coordinates":[[[-71.6203625,-9.8889512],[-71.6122258,-9.8890145],[-71.6121831,-9.8836101],[-71.6203196,-9.8835468],[-71.6203625,-9.8889512]]]}},{"type":"Feature","id":"AC-Y360-X342","properties":{"id":"AC-Y360-X342","grid_x":342,"grid_y":360,"centroid":[-71.6081361,-9.8863439],"aggregation":"none","score_gradboost":0.0066917,"score_random_forest":0.0026057,"score_logistic_regression":0.0001693,"score_fuzzy_knn_k29":0.0},"geometry":{"type":"Polygon","coordinates":[[[-71.6122258,-9.8890145],[-71.6040891,-9.8890777],[-71.6040465,-9.8836731],[-71.6121831,-9.8836101],[-71.6122258,-9.8890145]]]}},{"type":"Feature","id":"AC-Y360-X343","properties":{"id":"AC-Y360-X343","grid_x":343,"grid_y":360,"centroid":[-71.5999994,-9.8864069],"aggregation":"none","score_gradboost":0.0083688,"score_random_forest":0.0029704,"score_logistic_regression":0.0002472,"score_fuzzy_knn_k29":0.0},"geometry":{"type":"Polygon","coordinates":[[[-71.6040891,-9.8890777],[-71.5959523,-9.8891406],[-71.5959098,-9.883736],[-71.6040465,-9.8836731],[-71.6040891,-9.8890777]]]}},{"type":"Feature","id":"AC-Y360-X344","properties":{"id":"AC-Y360-X344","grid_x":344,"grid_y":360,"centroid":[-71.5918627,-9.8864697],"aggregation":"none","score_gradboost":0.0083688,"score_random_forest":0.0073824,"score_logistic_regression":0.0002408,"score_fuzzy_knn_k29":0.0},"geometry":{"type":"Polygon","coordinates":[[[-71.5959523,-9.8891406],[-71.5878154,-9.8892033],[-71.5877731,-9.8837987],[-71.5959098,-9.883736],[-71.5959523,-9.8891406]]]}},{"type":"Feature","id":"AC-Y360-X345","properties":{"id":"AC-Y360-X345","grid_x":345,"grid_y":360,"centroid":[-71.5837259,-9.8865323],"aggregation":"none","score_gradboost":0.0066917,"score_random_forest":0.0062045,"score_logistic_regression":0.0001452,"score_fuzzy_knn_k29":0.0},"geometry":{"type":"Polygon","coordinates":[[[-71.5878154,-9.8892033],[-71.5796786,-9.8892658],[-71.5796364,-9.8838612],[-71.5877731,-9.8837987],[-71.5878154,-9.8892033]]]}},{"type":"Feature","id":"AC-Y360-X346","properties":{"id":"AC-Y360-X346","grid_x":346,"grid_y":360,"centroid":[-71.575589,-9.8865947],"aggregation":"none","score_gradboost":0.0069672,"score_random_forest":0.0272142,"score_logistic_regression":0.0001665,"score_fuzzy_knn_k29":0.0},"geometry":{"type":"Polygon","coordinates":[[[-71.5796786,-9.8892658],[-71.5715416,-9.8893282],[-71.5714996,-9.8839235],[-71.5796364,-9.8838612],[-71.5796786,-9.8892658]]]}},{"type":"Feature","id":"AC-Y360-X347","properties":{"id":"AC-Y360-X347","grid_x":347,"grid_y":360,"centroid":[-71.5674521,-9.8866569],"aggregation":"none","score_gradboost":0.0060759,"score_random_forest":0.0250437,"score_logistic_regression":0.0001867,"score_fuzzy_knn_k29":0.0},"geometry":{"type":"Polygon","coordinates":[[[-71.5715416,-9.8893282],[-71.5634046,-9.8893903],[-71.5633627,-9.8839856],[-71.5714996,-9.8839235],[-71.5715416,-9.8893282]]]}},{"type":"Feature","id":"AC-Y360-X348","properties":{"id":"AC-Y360-X348","grid_x":348,"grid_y":360,"centroid":[-71.5593152,-9.886719],"aggregation":"none","score_gradboost":0.0061295,"score_random_forest":0.0034622,"score_logistic_regression":0.0001327,"score_fuzzy_knn_k29":0.0},"geometry":{"type":"Polygon","coordinates":[[[-71.5634046,-9.8893903],[-71.5552676,-9.8894522],[-71.5552258,-9.8840475],[-71.5633627,-9.8839856],[-71.5634046,-9.8893903]]]}},{"type":"Feature","id":"AC-Y360-X349","properties":{"id":"AC-Y360-X349","grid_x":349,"grid_y":360,"centroid":[-71.5511782,-9.8867808],"aggregation":"none","score_gradboost":0.0080726,"score_random_forest":0.0235166,"score_logistic_regression":0.000216,"score_fuzzy_knn_k29":0.0},"geometry":{"type":"Polygon","coordinates":[[[-71.5552676,-9.8894522],[-71.5471305,-9.889514],[-71.5470888,-9.8841092],[-71.5552258,-9.8840475],[-71.5552676,-9.8894522]]]}},{"type":"Feature","id":"AC-Y361-X342","properties":{"id":"AC-Y361-X342","grid_x":342,"grid_y":361,"centroid":[-71.6080935,-9.8809394],"aggregation":"none","score_gradboost":0.0066917,"score_random_forest":0.0031185,"score_logistic_regression":0.0001479,"score_fuzzy_knn_k29":0.0},"geometry":{"type":"Polygon","coordinates":[[[-71.6121831,-9.8836101],[-71.6040465,-9.8836731],[-71.604004,-9.8782686],[-71.6121404,-9.8782056],[-71.6121831,-9.8836101]]]}},{"type":"Feature","id":"AC-Y361-X343","properties":{"id":"AC-Y361-X343","grid_x":343,"grid_y":361,"centroid":[-71.5999569,-9.8810024],"aggregation":"none","score_gradboost":0.0083688,"score_random_forest":0.0108963,"score_logistic_regression":0.0002136,"score_fuzzy_knn_k29":0.0},"geometry":{"type":"Polygon","coordinates":[[[-71.6040465,-9.8836731],[-71.5959098,-9.883736],[-71.5958674,-9.8783315],[-71.604004,-9.8782686],[-71.6040465,-9.8836731]]]}},{"type":"Feature","id":"AC-Y361-X344","properties":{"id":"AC-Y361-X344","grid_x":344,"grid_y":361,"centroid":[-71.5918203,-9.8810651],"aggregation":"none","score_gradboost":0.0083688,"score_random_forest":0.0029704,"score_logistic_regression":0.000244,"score_fuzzy_knn_k29":0.0},"geometry":{"type":"Polygon","coordinates":[[[-71.5959098,-9.883736],[-71.5877731,-9.8837987],[-71.5877309,-9.8783942],[-71.5958674,-9.8783315],[-71.5959098,-9.883736]]]}},{"type":"Feature","id":"AC-Y361-X345","properties":{"id":"AC-Y361-X345","grid_x":345,"grid_y":361,"centroid":[-71.5836837,-9.8811277],"aggregation":"none","score_gradboost":0.0066917,"score_random_forest":0.0036762,"score_logistic_regression":0.0001653,"score_fuzzy_knn_k29":0.0},"geometry":{"type":"Polygon","coordinates":[[[-71.5877731,-9.8837987],[-71.5796364,-9.8838612],[-71.5795942,-9.8784566],[-71.5877309,-9.8783942],[-71.5877731,-9.8837987]]]}},{"type":"Feature","id":"AC-Y361-X346","properties":{"id":"AC-Y361-X346","grid_x":346,"grid_y":361,"centroid":[-71.5755469,-9.8811901],"aggregation":"none","score_gradboost":0.0066917,"score_random_forest":0.0282762,"score_logistic_regression":0.0001467,"score_fuzzy_knn_k29":0.0},"geometry":{"type":"Polygon","coordinates":[[[-71.5796364,-9.8838612],[-71.5714996,-9.8839235],[-71.5714576,-9.8785189],[-71.5795942,-9.8784566],[-71.5796364,-9.8838612]]]}},{"type":"Feature","id":"AC-Y361-X347","properties":{"id":"AC-Y361-X347","grid_x":347,"grid_y":361,"centroid":[-71.5674102,-9.8812523],"aggregation":"none","score_gradboost":0.0069672,"score_random_forest":0.0144131,"score_logistic_regression":0.0001322,"score_fuzzy_knn_k29":0.0},"geometry":{"type":"Polygon","coordinates":[[[-71.5714996,-9.8839235],[-71.5633627,-9.8839856],[-71.5633208,-9.8785809],[-71.5714576,-9.8785189],[-71.5714996,-9.8839235]]]}},{"type":"Feature","id":"AC-Y361-X348","properties":{"id":"AC-Y361-X348","grid_x":348,"grid_y":361,"centroid":[-71.5592734,-9.8813143],"aggregation":"none","score_gradboost":0.0060759,"score_random_forest":0.0020509,"score_logistic_regression":0.0001287,"score_fuzzy_knn_k29":0.0},"geometry":{"type":"Polygon","coordinates":[[[-71.5633627,-9.8839856],[-71.5552258,-9.8840475],[-71.5551841,-9.8786428],[-71.5633208,-9.8785809],[-71.5633627,-9.8839856]]]}},{"type":"Feature","id":"AC-Y361-X349","properties":{"id":"AC-Y361-X349","grid_x":349,"grid_y":361,"centroid":[-71.5511365,-9.8813761],"aggregation":"none","score_gradboost":0.0061915,"score_random_forest":0.0028034,"score_logistic_regression":0.0001389,"score_fuzzy_knn_k29":0.0},"geometry":{"type":"Polygon","coordinates":[[[-71.5552258,-9.8840475],[-71.5470888,-9.8841092],[-71.5470472,-9.8787045],[-71.5551841,-9.8786428],[-71.5552258,-9.8840475]]]}},{"type":"Feature","id":"AC-Y362-X340","properties":{"id":"AC-Y362-X340","grid_x":340,"grid_y":362,"centroid":[-71.6243236,-9.8754084],"aggregation":"none","score_gradboost":0.0060759,"score_random_forest":0.0,"score_logistic_regression":0.000311,"score_fuzzy_knn_k29":0.0},"geometry":{"type":"Polygon","coordinates":[[[-71.6284132,-9.8780789],[-71.6202768,-9.8781423],[-71.6202341,-9.8727379],[-71.6283703,-9.8726745],[-71.6284132,-9.8780789]]]}},{"type":"Feature","id":"AC-Y362-X341","properties":{"id":"AC-Y362-X341","grid_x":341,"grid_y":362,"centroid":[-71.6161873,-9.8754718],"aggregation":"none","score_gradboost":0.0062638,"score_random_forest":0.0089965,"score_logistic_regression":0.0003085,"score_fuzzy_knn_k29":0.0},"geometry":{"type":"Polygon","coordinates":[[[-71.6202768,-9.8781423],[-71.6121404,-9.8782056],[-71.6120978,-9.8728011],[-71.6202341,-9.8727379],[-71.6202768,-9.8781423]]]}},{"type":"Feature","id":"AC-Y362-X342","properties":{"id":"AC-Y362-X342","grid_x":342,"grid_y":362,"centroid":[-71.6080509,-9.8755349],"aggregation":"none","score_gradboost":0.0066917,"score_random_forest":0.0023594,"score_logistic_regression":0.0001752,"score_fuzzy_knn_k29":0.0},"geometry":{"type":"Polygon","coordinates":[[[-71.6121404,-9.8782056],[-71.604004,-9.8782686],[-71.6039614,-9.8728641],[-71.6120978,-9.8728011],[-71.6121404,-9.8782056]]]}},{"type":"Feature","id":"AC-Y362-X343","properties":{"id":"AC-Y362-X343","grid_x":343,"grid_y":362,"centroid":[-71.5999145,-9.8755978],"aggregation":"none","score_gradboost":0.0083688,"score_random_forest":0.004443,"score_logistic_regression":0.0002539,"score_fuzzy_knn_k29":0.0},"geometry":{"type":"Polygon","coordinates":[[[-71.604004,-9.8782686],[-71.5958674,-9.8783315],[-71.5958251,-9.872927],[-71.6039614,-9.8728641],[-71.604004,-9.8782686]]]}},{"type":"Feature","id":"AC-Y362-X344","properties":{"id":"AC-Y362-X344","grid_x":344,"grid_y":362,"centroid":[-71.591778,-9.8756606],"aggregation":"none","score_gradboost":0.0082538,"score_random_forest":0.0097422,"score_logistic_regression":0.0003362,"score_fuzzy_knn_k29":0.0},"geometry":{"type":"Polygon","coordinates":[[[-71.5958674,-9.8783315],[-71.5877309,-9.8783942],[-71.5876886,-9.8729896],[-71.5958251,-9.872927],[-71.5958674,-9.8783315]]]}},{"type":"Feature","id":"AC-Y362-X345","properties":{"id":"AC-Y362-X345","grid_x":345,"grid_y":362,"centroid":[-71.5836415,-9.8757231],"aggregation":"none","score_gradboost":0.0083688,"score_random_forest":0.0057805,"score_logistic_regression":0.0002174,"score_fuzzy_knn_k29":0.0},"geometry":{"type":"Polygon","coordinates":[[[-71.5877309,-9.8783942],[-71.5795942,-9.8784566],[-71.5795521,-9.873052],[-71.5876886,-9.8729896],[-71.5877309,-9.8783942]]]}},{"type":"Feature","id":"AC-Y362-X346","properties":{"id":"AC-Y362-X346","grid_x":346,"grid_y":362,"centroid":[-71.5755049,-9.8757855],"aggregation":"none","score_gradboost":0.0066917,"score_random_forest":0.0076082,"score_logistic_regression":0.0001859,"score_fuzzy_knn_k29":0.0},"geometry":{"type":"Polygon","coordinates":[[[-71.5795942,-9.8784566],[-71.5714576,-9.8785189],[-71.5714156,-9.8731142],[-71.5795521,-9.873052],[-71.5795942,-9.8784566]]]}},{"type":"Feature","id":"AC-Y362-X347","properties":{"id":"AC-Y362-X347","grid_x":347,"grid_y":362,"centroid":[-71.5673682,-9.8758476],"aggregation":"none","score_gradboost":0.0083688,"score_random_forest":0.0198226,"score_logistic_regression":0.0001932,"score_fuzzy_knn_k29":0.0},"geometry":{"type":"Polygon","coordinates":[[[-71.5714576,-9.8785189],[-71.5633208,-9.8785809],[-71.563279,-9.8731763],[-71.5714156,-9.8731142],[-71.5714576,-9.8785189]]]}},{"type":"Feature","id":"AC-Y362-X348","properties":{"id":"AC-Y362-X348","grid_x":348,"grid_y":362,"centroid":[-71.5592316,-9.8759096],"aggregation":"none","score_gradboost":0.0069672,"score_random_forest":0.0164425,"score_logistic_regression":0.0001637,"score_fuzzy_knn_k29":0.0},"geometry":{"type":"Polygon","coordinates":[[[-71.5633208,-9.8785809],[-71.5551841,-9.8786428],[-71.5551423,-9.8732381],[-71.563279,-9.8731763],[-71.5633208,-9.8785809]]]}},{"type":"Feature","id":"AC-Y362-X349","properties":{"id":"AC-Y362-X349","grid_x":349,"grid_y":362,"centroid":[-71.5510948,-9.8759713],"aggregation":"none","score_gradboost":0.0075998,"score_random_forest":0.0098812,"score_logistic_regression":0.0002038,"score_fuzzy_knn_k29":0.0},"geometry":{"type":"Polygon","coordinates":[[[-71.5551841,-9.8786428],[-71.5470472,-9.8787045],[-71.5470056,-9.8732997],[-71.5551423,-9.8732381],[-71.5551841,-9.8786428]]]}},{"type":"Feature","id":"AC-Y362-X350","properties":{"id":"AC-Y362-X350","grid_x":350,"grid_y":362,"centroid":[-71.542958,-9.8760329],"aggregation":"none","score_gradboost":0.0080726,"score_random_forest":0.0043085,"score_logistic_regression":0.000186,"score_fuzzy_knn_k29":0.0},"geometry":{"type":"Polygon","coordinates":[[[-71.5470472,-9.8787045],[-71.5389103,-9.878766],[-71.5388689,-9.8733612],[-71.5470056,-9.8732997],[-71.5470472,-9.8787045]]]}},{"type":"Feature","id":"AC-Y363-X338","properties":{"id":"AC-Y363-X338","grid_x":338,"grid_y":363,"centroid":[-71.640553,-9.8698768],"aggregation":"none","score_gradboost":0.0071953,"score_random_forest":0.0027199,"score_logistic_regression":0.0003195,"score_fuzzy_knn_k29":0.0},"geometry":{"type":"Polygon","coordinates":[[[-71.6446426,-9.8725471],[-71.6365064,-9.8726109],[-71.6364634,-9.8672065],[-71.6445994,-9.8671428],[-71.6446426,-9.8725471]]]}},{"type":"Feature","id":"AC-Y363-X339","properties":{"id":"AC-Y363-X339","grid_x":339,"grid_y":363,"centroid":[-71.6324169,-9.8699405],"aggregation":"none","score_gradboost":0.0071953,"score_random_forest":0.0083677,"score_logistic_regression":0.0003312,"score_fuzzy_knn_k29":0.0},"geometry":{"type":"Polygon","coordinates":[[[-71.6365064,-9.8726109],[-71.6283703,-9.8726745],[-71.6283274,-9.8672701],[-71.6364634,-9.8672065],[-71.6365064,-9.8726109]]]}},{"type":"Feature","id":"AC-Y363-X340","properties":{"id":"AC-Y363-X340","grid_x":340,"grid_y":363,"centroid":[-71.6242808,-9.870004],"aggregation":"none","score_gradboost":0.0061295,"score_random_forest":0.0003789,"score_logistic_regression":0.0002777,"score_fuzzy_knn_k29":0.0},"geometry":{"type":"Polygon","coordinates":[[[-71.6283703,-9.8726745],[-71.6202341,-9.8727379],[-71.6201913,-9.8673335],[-71.6283274,-9.8672701],[-71.6283703,-9.8726745]]]}},{"type":"Feature","id":"AC-Y363-X341","properties":{"id":"AC-Y363-X341","grid_x":341,"grid_y":363,"centroid":[-71.6161446,-9.8700673],"aggregation":"none","score_gradboost":0.0062638,"score_random_forest":0.007766,"score_logistic_regression":0.0003306,"score_fuzzy_knn_k29":0.0},"geometry":{"type":"Polygon","coordinates":[[[-71.6202341,-9.8727379],[-71.6120978,-9.8728011],[-71.6120552,-9.8673966],[-71.6201913,-9.8673335],[-71.6202341,-9.8727379]]]}},{"type":"Feature","id":"AC-Y363-X342","properties":{"id":"AC-Y363-X342","grid_x":342,"grid_y":363,"centroid":[-71.6080083,-9.8701304],"aggregation":"none","score_gradboost":0.0060159,"score_random_forest":0.0021808,"score_logistic_regression":0.0002213,"score_fuzzy_knn_k29":0.0},"geometry":{"type":"Polygon","coordinates":[[[-71.6120978,-9.8728011],[-71.6039614,-9.8728641],[-71.603919,-9.8674596],[-71.6120552,-9.8673966],[-71.6120978,-9.8728011]]]}},{"type":"Feature","id":"AC-Y363-X343","properties":{"id":"AC-Y363-X343","grid_x":343,"grid_y":363,"centroid":[-71.599872,-9.8701933],"aggregation":"none","score_gradboost":0.0066917,"score_random_forest":0.0033449,"score_logistic_regression":0.000154,"score_fuzzy_knn_k29":0.0},"geometry":{"type":"Polygon","coordinates":[[[-71.6039614,-9.8728641],[-71.5958251,-9.872927],[-71.5957827,-9.8675224],[-71.603919,-9.8674596],[-71.6039614,-9.8728641]]]}},{"type":"Feature","id":"AC-Y363-X344","properties":{"id":"AC-Y363-X344","grid_x":344,"grid_y":363,"centroid":[-71.5917357,-9.870256],"aggregation":"none","score_gradboost":0.0083688,"score_random_forest":0.0108963,"score_logistic_regression":0.0002143,"score_fuzzy_knn_k29":0.0},"geometry":{"type":"Polygon","coordinates":[[[-71.5958251,-9.872927],[-71.5876886,-9.8729896],[-71.5876464,-9.867585],[-71.5957827,-9.8675224],[-71.5958251,-9.872927]]]}},{"type":"Feature","id":"AC-Y363-X345","properties":{"id":"AC-Y363-X345","grid_x":345,"grid_y":363,"centroid":[-71.5835993,-9.8703185],"aggregation":"none","score_gradboost":0.0083688,"score_random_forest":0.0086229,"score_logistic_regression":0.0002129,"score_fuzzy_knn_k29":0.0},"geometry":{"type":"Polygon","coordinates":[[[-71.5876886,-9.8729896],[-71.5795521,-9.873052],[-71.57951,-9.8676474],[-71.5876464,-9.867585],[-71.5876886,-9.8729896]]]}},{"type":"Feature","id":"AC-Y363-X346","properties":{"id":"AC-Y363-X346","grid_x":346,"grid_y":363,"centroid":[-71.5754629,-9.8703808],"aggregation":"none","score_gradboost":0.0083688,"score_random_forest":0.0025552,"score_logistic_regression":0.0002328,"score_fuzzy_knn_k29":0.0},"geometry":{"type":"Polygon","coordinates":[[[-71.5795521,-9.873052],[-71.5714156,-9.8731142],[-71.5713736,-9.8677096],[-71.57951,-9.8676474],[-71.5795521,-9.873052]]]}},{"type":"Feature","id":"AC-Y363-X347","properties":{"id":"AC-Y363-X347","grid_x":347,"grid_y":363,"centroid":[-71.5673263,-9.8704429],"aggregation":"none","score_gradboost":0.0083688,"score_random_forest":0.0066146,"score_logistic_regression":0.0002255,"score_fuzzy_knn_k29":0.0},"geometry":{"type":"Polygon","coordinates":[[[-71.5714156,-9.8731142],[-71.563279,-9.8731763],[-71.5632372,-9.8677716],[-71.5713736,-9.8677096],[-71.5714156,-9.8731142]]]}},{"type":"Feature","id":"AC-Y363-X348","properties":{"id":"AC-Y363-X348","grid_x":348,"grid_y":363,"centroid":[-71.5591898,-9.8705049],"aggregation":"none","score_gradboost":0.0066917,"score_random_forest":0.012326,"score_logistic_regression":0.0001636,"score_fuzzy_knn_k29":0.0},"geometry":{"type":"Polygon","coordinates":[[[-71.563279,-9.8731763],[-71.5551423,-9.8732381],[-71.5551006,-9.8678334],[-71.5632372,-9.8677716],[-71.563279,-9.8731763]]]}},{"type":"Feature","id":"AC-Y363-X349","properties":{"id":"AC-Y363-X349","grid_x":349,"grid_y":363,"centroid":[-71.5510532,-9.8705666],"aggregation":"none","score_gradboost":0.0069672,"score_random_forest":0.0198404,"score_logistic_regression":0.0001721,"score_fuzzy_knn_k29":0.0},"geometry":{"type":"Polygon","coordinates":[[[-71.5551423,-9.8732381],[-71.5470056,-9.8732997],[-71.5469641,-9.867895],[-71.5551006,-9.8678334],[-71.5551423,-9.8732381]]]}},{"type":"Feature","id":"AC-Y363-X350","properties":{"id":"AC-Y363-X350","grid_x":350,"grid_y":363,"centroid":[-71.5429165,-9.8706281],"aggregation":"none","score_gradboost":0.0061295,"score_random_forest":0.0026242,"score_logistic_regression":0.0001688,"score_fuzzy_knn_k29":0.0},"geometry":{"type":"Polygon","coordinates":[[[-71.5470056,-9.8732997],[-71.5388689,-9.8733612],[-71.5388274,-9.8679564],[-71.5469641,-9.867895],[-71.5470056,-9.8732997]]]}},{"type":"Feature","id":"AC-Y363-X351","properties":{"id":"AC-Y363-X351","grid_x":351,"grid_y":363,"centroid":[-71.5347798,-9.8706894],"aggregation":"none","score_gradboost":0.0071953,"score_random_forest":0.0151574,"score_logistic_regression":0.0002538,"score_fuzzy_knn_k29":0.0},"geometry":{"type":"Polygon","coordinates":[[[-71.5388689,-9.8733612],[-71.5307321,-9.8734224],[-71.5306908,-9.8680176],[-71.5388274,-9.8679564],[-71.5388689,-9.8733612]]]}},{"type":"Feature","id":"AC-Y364-X338","properties":{"id":"AC-Y364-X338","grid_x":338,"grid_y":364,"centroid":[-71.6405099,-9.8644725],"aggregation":"none","score_gradboost":0.0071953,"score_random_forest":0.0103529,"score_logistic_regression":0.0003844,"score_fuzzy_knn_k29":0.0},"geometry":{"type":"Polygon","coordinates":[[[-71.6445994,-9.8671428],[-71.6364634,-9.8672065],[-71.6364204,-9.8618022],[-71.6445563,-9.8617384],[-71.6445994,-9.8671428]]]}},{"type":"Feature","id":"AC-Y364-X339","properties":{"id":"AC-Y364-X339","grid_x":339,"grid_y":364,"centroid":[-71.6323739,-9.8645361],"aggregation":"none","score_gradboost":0.0071953,"score_random_forest":0.0002731,"score_logistic_regression":0.000288,"score_fuzzy_knn_k29":0.0},"geometry":{"type":"Polygon","coordinates":[[[-71.6364634,-9.8672065],[-71.6283274,-9.8672701],[-71.6282845,-9.8618657],[-71.6364204,-9.8618022],[-71.6364634,-9.8672065]]]}},{"type":"Feature","id":"AC-Y364-X340","properties":{"id":"AC-Y364-X340","grid_x":340,"grid_y":364,"centroid":[-71.624238,-9.8645996],"aggregation":"none","score_gradboost":0.0070789,"score_random_forest":0.0026318,"score_logistic_regression":0.0003952,"score_fuzzy_knn_k29":0.0},"geometry":{"type":"Polygon","coordinates":[[[-71.6283274,-9.8672701],[-71.6201913,-9.8673335],[-71.6201486,-9.861929],[-71.6282845,-9.8618657],[-71.6283274,-9.8672701]]]}},{"type":"Feature","id":"AC-Y364-X341","properties":{"id":"AC-Y364-X341","grid_x":341,"grid_y":364,"centroid":[-71.6161019,-9.8646628],"aggregation":"none","score_gradboost":0.0060759,"score_random_forest":0.0160639,"score_logistic_regression":0.0003406,"score_fuzzy_knn_k29":0.0},"geometry":{"type":"Polygon","coordinates":[[[-71.6201913,-9.8673335],[-71.6120552,-9.8673966],[-71.6120126,-9.8619922],[-71.6201486,-9.861929],[-71.6201913,-9.8673335]]]}},{"type":"Feature","id":"AC-Y364-X342","properties":{"id":"AC-Y364-X342","grid_x":342,"grid_y":364,"centroid":[-71.6079658,-9.8647259],"aggregation":"none","score_gradboost":0.0062638,"score_random_forest":0.0133796,"score_logistic_regression":0.0003448,"score_fuzzy_knn_k29":0.0},"geometry":{"type":"Polygon","coordinates":[[[-71.6120552,-9.8673966],[-71.603919,-9.8674596],[-71.6038765,-9.8620551],[-71.6120126,-9.8619922],[-71.6120552,-9.8673966]]]}},{"type":"Feature","id":"AC-Y364-X343","properties":{"id":"AC-Y364-X343","grid_x":343,"grid_y":364,"centroid":[-71.5998296,-9.8647888],"aggregation":"none","score_gradboost":0.0083688,"score_random_forest":0.0130464,"score_logistic_regression":0.000219,"score_fuzzy_knn_k29":0.0},"geometry":{"type":"Polygon","coordinates":[[[-71.603919,-9.8674596],[-71.5957827,-9.8675224],[-71.5957404,-9.8621179],[-71.6038765,-9.8620551],[-71.603919,-9.8674596]]]}},{"type":"Feature","id":"AC-Y364-X344","properties":{"id":"AC-Y364-X344","grid_x":344,"grid_y":364,"centroid":[-71.5916934,-9.8648514],"aggregation":"none","score_gradboost":0.0083688,"score_random_forest":0.0064516,"score_logistic_regression":0.0002329,"score_fuzzy_knn_k29":0.0},"geometry":{"type":"Polygon","coordinates":[[[-71.5957827,-9.8675224],[-71.5876464,-9.867585],[-71.5876042,-9.8621804],[-71.5957404,-9.8621179],[-71.5957827,-9.8675224]]]}},{"type":"Feature","id":"AC-Y364-X345","properties":{"id":"AC-Y364-X345","grid_x":345,"grid_y":364,"centroid":[-71.5835572,-9.8649139],"aggregation":"none","score_gradboost":0.0075249,"score_random_forest":0.001972,"score_logistic_regression":0.0004605,"score_fuzzy_knn_k29":0.0},"geometry":{"type":"Polygon","coordinates":[[[-71.5876464,-9.867585],[-71.57951,-9.8676474],[-71.579468,-9.8622428],[-71.5876042,-9.8621804],[-71.5876464,-9.867585]]]}},{"type":"Feature","id":"AC-Y364-X346","properties":{"id":"AC-Y364-X346","grid_x":346,"grid_y":364,"centroid":[-71.5754208,-9.8649762],"aggregation":"none","score_gradboost":0.0083688,"score_random_forest":0.0148996,"score_logistic_regression":0.0002673,"score_fuzzy_knn_k29":0.0},"geometry":{"type":"Polygon","coordinates":[[[-71.57951,-9.8676474],[-71.5713736,-9.8677096],[-71.5713317,-9.8623049],[-71.579468,-9.8622428],[-71.57951,-9.8676474]]]}},{"type":"Feature","id":"AC-Y364-X347","properties":{"id":"AC-Y364-X347","grid_x":347,"grid_y":364,"centroid":[-71.5672845,-9.8650383],"aggregation":"none","score_gradboost":0.0082538,"score_random_forest":0.0039882,"score_logistic_regression":0.000308,"score_fuzzy_knn_k29":0.0},"geometry":{"type":"Polygon","coordinates":[[[-71.5713736,-9.8677096],[-71.5632372,-9.8677716],[-71.5631954,-9.8623669],[-71.5713317,-9.8623049],[-71.5713736,-9.8677096]]]}},{"type":"Feature","id":"AC-Y364-X348","properties":{"id":"AC-Y364-X348","grid_x":348,"grid_y":364,"centroid":[-71.559148,-9.8651002],"aggregation":"none","score_gradboost":0.0083688,"score_random_forest":0.002556,"score_logistic_regression":0.0002371,"score_fuzzy_knn_k29":0.0},"geometry":{"type":"Polygon","coordinates":[[[-71.5632372,-9.8677716],[-71.5551006,-9.8678334],[-71.555059,-9.8624287],[-71.5631954,-9.8623669],[-71.5632372,-9.8677716]]]}},{"type":"Feature","id":"AC-Y364-X349","properties":{"id":"AC-Y364-X349","grid_x":349,"grid_y":364,"centroid":[-71.5510116,-9.8651618],"aggregation":"none","score_gradboost":0.0069672,"score_random_forest":0.0150133,"score_logistic_regression":0.0001354,"score_fuzzy_knn_k29":0.0},"geometry":{"type":"Polygon","coordinates":[[[-71.5551006,-9.8678334],[-71.5469641,-9.867895],[-71.5469225,-9.8624902],[-71.555059,-9.8624287],[-71.5551006,-9.8678334]]]}},{"type":"Feature","id":"AC-Y364-X350","properties":{"id":"AC-Y364-X350","grid_x":350,"grid_y":364,"centroid":[-71.542875,-9.8652233],"aggregation":"none","score_gradboost":0.0075998,"score_random_forest":0.0330118,"score_logistic_regression":0.000212,"score_fuzzy_knn_k29":0.0},"geometry":{"type":"Polygon","coordinates":[[[-71.5469641,-9.867895],[-71.5388274,-9.8679564],[-71.538786,-9.8625516],[-71.5469225,-9.8624902],[-71.5469641,-9.867895]]]}},{"type":"Feature","id":"AC-Y364-X351","properties":{"id":"AC-Y364-X351","grid_x":351,"grid_y":364,"centroid":[-71.5347384,-9.8652846],"aggregation":"none","score_gradboost":0.0070789,"score_random_forest":0.0026318,"score_logistic_regression":0.000265,"score_fuzzy_knn_k29":0.0},"geometry":{"type":"Polygon","coordinates":[[[-71.5388274,-9.8679564],[-71.5306908,-9.8680176],[-71.5306495,-9.8626128],[-71.538786,-9.8625516],[-71.5388274,-9.8679564]]]}},{"type":"Feature","id":"AC-Y364-X352","properties":{"id":"AC-Y364-X352","grid_x":352,"grid_y":364,"centroid":[-71.5266018,-9.8653457],"aggregation":"none","score_gradboost":0.0071953,"score_random_forest":0.0002731,"score_logistic_regression":0.0002835,"score_fuzzy_knn_k29":0.0},"geometry":{"type":"Polygon","coordinates":[[[-71.5306908,-9.8680176],[-71.522554,-9.8680786],[-71.5225129,-9.8626738],[-71.5306495,-9.8626128],[-71.5306908,-9.8680176]]]}},{"type":"Feature","id":"AC-Y365-X338","properties":{"id":"AC-Y365-X338","grid_x":338,"grid_y":365,"centroid":[-71.6404668,-9.8590681],"aggregation":"none","score_gradboost":0.0061266,"score_random_forest":0.0,"score_logistic_regression":0.0003906,"score_fuzzy_knn_k29":0.0},"geometry":{"type":"Polygon","coordinates":[[[-71.6445563,-9.8617384],[-71.6364204,-9.8618022],[-71.6363775,-9.8563978],[-71.6445132,-9.8563341],[-71.6445563,-9.8617384]]]}},{"type":"Feature","id":"AC-Y365-X339","properties":{"id":"AC-Y365-X339","grid_x":339,"grid_y":365,"centroid":[-71.632331,-9.8591318],"aggregation":"none","score_gradboost":0.0089974,"score_random_forest":0.0127386,"score_logistic_regression":0.0004792,"score_fuzzy_knn_k29":0.0},"geometry":{"type":"Polygon","coordinates":[[[-71.6364204,-9.8618022],[-71.6282845,-9.8618657],[-71.6282417,-9.8564613],[-71.6363775,-9.8563978],[-71.6364204,-9.8618022]]]}},{"type":"Feature","id":"AC-Y365-X340","properties":{"id":"AC-Y365-X340","grid_x":340,"grid_y":365,"centroid":[-71.6241952,-9.8591952],"aggregation":"none","score_gradboost":0.0071953,"score_random_forest":0.0231775,"score_logistic_regression":0.0003897,"score_fuzzy_knn_k29":0.0},"geometry":{"type":"Polygon","coordinates":[[[-71.6282845,-9.8618657],[-71.6201486,-9.861929],[-71.6201059,-9.8565246],[-71.6282417,-9.8564613],[-71.6282845,-9.8618657]]]}},{"type":"Feature","id":"AC-Y365-X341","properties":{"id":"AC-Y365-X341","grid_x":341,"grid_y":365,"centroid":[-71.6160593,-9.8592584],"aggregation":"none","score_gradboost":0.0088522,"score_random_forest":0.0040763,"score_logistic_regression":0.0005156,"score_fuzzy_knn_k29":0.0},"geometry":{"type":"Polygon","coordinates":[[[-71.6201486,-9.861929],[-71.6120126,-9.8619922],[-71.61197,-9.8565877],[-71.6201059,-9.8565246],[-71.6201486,-9.861929]]]}},{"type":"Feature","id":"AC-Y365-X342","properties":{"id":"AC-Y365-X342","grid_x":342,"grid_y":365,"centroid":[-71.6079233,-9.8593214],"aggregation":"none","score_gradboost":0.0060759,"score_random_forest":0.0,"score_logistic_regression":0.0003588,"score_fuzzy_knn_k29":0.0},"geometry":{"type":"Polygon","coordinates":[[[-71.6120126,-9.8619922],[-71.6038765,-9.8620551],[-71.6038341,-9.8566506],[-71.61197,-9.8565877],[-71.6120126,-9.8619922]]]}},{"type":"Feature","id":"AC-Y365-X343","properties":{"id":"AC-Y365-X343","grid_x":343,"grid_y":365,"centroid":[-71.5997873,-9.8593842],"aggregation":"none","score_gradboost":0.0075249,"score_random_forest":0.0129444,"score_logistic_regression":0.0004154,"score_fuzzy_knn_k29":0.0},"geometry":{"type":"Polygon","coordinates":[[[-71.6038765,-9.8620551],[-71.5957404,-9.8621179],[-71.5956981,-9.8567133],[-71.6038341,-9.8566506],[-71.6038765,-9.8620551]]]}},{"type":"Feature","id":"AC-Y365-X344","properties":{"id":"AC-Y365-X344","grid_x":344,"grid_y":365,"centroid":[-71.5916512,-9.8594469],"aggregation":"none","score_gradboost":0.0075249,"score_random_forest":0.0107414,"score_logistic_regression":0.0003779,"score_fuzzy_knn_k29":0.0},"geometry":{"type":"Polygon","coordinates":[[[-71.5957404,-9.8621179],[-71.5876042,-9.8621804],[-71.587562,-9.8567758],[-71.5956981,-9.8567133],[-71.5957404,-9.8621179]]]}},{"type":"Feature","id":"AC-Y365-X345","properties":{"id":"AC-Y365-X345","grid_x":345,"grid_y":365,"centroid":[-71.583515,-9.8595093],"aggregation":"none","score_gradboost":0.0075249,"score_random_forest":0.0066019,"score_logistic_regression":0.0003637,"score_fuzzy_knn_k29":0.0},"geometry":{"type":"Polygon","coordinates":[[[-71.5876042,-9.8621804],[-71.579468,-9.8622428],[-71.5794259,-9.8568381],[-71.587562,-9.8567758],[-71.5876042,-9.8621804]]]}},{"type":"Feature","id":"AC-Y365-X346","properties":{"id":"AC-Y365-X346","grid_x":346,"grid_y":365,"centroid":[-71.5753789,-9.8595716],"aggregation":"none","score_gradboost":0.0075249,"score_random_forest":0.0037178,"score_logistic_regression":0.0005151,"score_fuzzy_knn_k29":0.0},"geometry":{"type":"Polygon","coordinates":[[[-71.579468,-9.8622428],[-71.5713317,-9.8623049],[-71.5712898,-9.8569003],[-71.5794259,-9.8568381],[-71.579468,-9.8622428]]]}},{"type":"Feature","id":"AC-Y365-X347","properties":{"id":"AC-Y365-X347","grid_x":347,"grid_y":365,"centroid":[-71.5672426,-9.8596336],"aggregation":"none","score_gradboost":0.0075249,"score_random_forest":0.0004792,"score_logistic_regression":0.0003958,"score_fuzzy_knn_k29":0.0},"geometry":{"type":"Polygon","coordinates":[[[-71.5713317,-9.8623049],[-71.5631954,-9.8623669],[-71.5631536,-9.8569622],[-71.5712898,-9.8569003],[-71.5713317,-9.8623049]]]}},{"type":"Feature","id":"AC-Y365-X348","properties":{"id":"AC-Y365-X348","grid_x":348,"grid_y":365,"centroid":[-71.5591063,-9.8596955],"aggregation":"none","score_gradboost":0.0075249,"score_random_forest":0.0098296,"score_logistic_regression":0.0004569,"score_fuzzy_knn_k29":0.0},"geometry":{"type":"Polygon","coordinates":[[[-71.5631954,-9.8623669],[-71.555059,-9.8624287],[-71.5550173,-9.8570239],[-71.5631536,-9.8569622],[-71.5631954,-9.8623669]]]}},{"type":"Feature","id":"AC-Y365-X349","properties":{"id":"AC-Y365-X349","grid_x":349,"grid_y":365,"centroid":[-71.55097,-9.8597571],"aggregation":"none","score_gradboost":0.0075249,"score_random_forest":0.0066923,"score_logistic_regression":0.0003286,"score_fuzzy_knn_k29":0.0},"geometry":{"type":"Polygon","coordinates":[[[-71.555059,-9.8624287],[-71.5469225,-9.8624902],[-71.546881,-9.8570855],[-71.5550173,-9.8570239],[-71.555059,-9.8624287]]]}},{"type":"Feature","id":"AC-Y365-X350","properties":{"id":"AC-Y365-X350","grid_x":350,"grid_y":365,"centroid":[-71.5428336,-9.8598186],"aggregation":"none","score_gradboost":0.0062638,"score_random_forest":0.0058683,"score_logistic_regression":0.0001845,"score_fuzzy_knn_k29":0.0},"geometry":{"type":"Polygon","coordinates":[[[-71.5469225,-9.8624902],[-71.538786,-9.8625516],[-71.5387447,-9.8571468],[-71.546881,-9.8570855],[-71.5469225,-9.8624902]]]}},{"type":"Feature","id":"AC-Y365-X351","properties":{"id":"AC-Y365-X351","grid_x":351,"grid_y":365,"centroid":[-71.5346971,-9.8598798],"aggregation":"none","score_gradboost":0.0076667,"score_random_forest":0.0064655,"score_logistic_regression":0.0003384,"score_fuzzy_knn_k29":0.0},"geometry":{"type":"Polygon","coordinates":[[[-71.538786,-9.8625516],[-71.5306495,-9.8626128],[-71.5306082,-9.857208],[-71.5387447,-9.8571468],[-71.538786,-9.8625516]]]}},{"type":"Feature","id":"AC-Y365-X352","properties":{"id":"AC-Y365-X352","grid_x":352,"grid_y":365,"centroid":[-71.5265606,-9.8599409],"aggregation":"none","score_gradboost":0.0089974,"score_random_forest":0.0035842,"score_logistic_regression":0.0003014,"score_fuzzy_knn_k29":0.0},"geometry":{"type":"Polygon","coordinates":[[[-71.5306495,-9.8626128],[-71.5225129,-9.8626738],[-71.5224718,-9.8572689],[-71.5306082,-9.857208],[-71.5306495,-9.8626128]]]}},{"type":"Feature","id":"AC-Y365-X353","properties":{"id":"AC-Y365-X353","grid_x":353,"grid_y":365,"centroid":[-71.518424,-9.8600018],"aggregation":"none","score_gradboost":0.0071953,"score_random_forest":0.0027199,"score_logistic_regression":0.0002686,"score_fuzzy_knn_k29":0.0},"geometry":{"type":"Polygon","coordinates":[[[-71.5225129,-9.8626738],[-71.5143762,-9.8627346],[-71.5143352,-9.8573297],[-71.5224718,-9.8572689],[-71.5225129,-9.8626738]]]}},{"type":"Feature","id":"AC-Y366-X338","properties":{"id":"AC-Y366-X338","grid_x":338,"grid_y":366,"centroid":[-71.6404238,-9.8536638],"aggregation":"none","score_gradboost":0.0061266,"score_random_forest":0.0017468,"score_logistic_regression":0.0003486,"score_fuzzy_knn_k29":0.0},"geometry":{"type":"Polygon","coordinates":[[[-71.6445132,-9.8563341],[-71.6363775,-9.8563978],[-71.6363345,-9.8509934],[-71.6444701,-9.8509298],[-71.6445132,-9.8563341]]]}},{"type":"Feature","id":"AC-Y366-X339","properties":{"id":"AC-Y366-X339","grid_x":339,"grid_y":366,"centroid":[-71.6322881,-9.8537274],"aggregation":"none","score_gradboost":0.0061266,"score_random_forest":0.0,"score_logistic_regression":0.0003312,"score_fuzzy_knn_k29":0.0},"geometry":{"type":"Polygon","coordinates":[[[-71.6363775,-9.8563978],[-71.6282417,-9.8564613],[-71.6281989,-9.8510569],[-71.6363345,-9.8509934],[-71.6363775,-9.8563978]]]}},{"type":"Feature","id":"AC-Y366-X340","properties":{"id":"AC-Y366-X340","grid_x":340,"grid_y":366,"centroid":[-71.6241524,-9.8537907],"aggregation":"none","score_gradboost":0.0089974,"score_random_forest":0.0069462,"score_logistic_regression":0.000504,"score_fuzzy_knn_k29":0.0},"geometry":{"type":"Polygon","coordinates":[[[-71.6282417,-9.8564613],[-71.6201059,-9.8565246],[-71.6200632,-9.8511201],[-71.6281989,-9.8510569],[-71.6282417,-9.8564613]]]}},{"type":"Feature","id":"AC-Y366-X341","properties":{"id":"AC-Y366-X341","grid_x":341,"grid_y":366,"centroid":[-71.6160166,-9.8538539],"aggregation":"none","score_gradboost":0.0089974,"score_random_forest":0.0412061,"score_logistic_regression":0.0004738,"score_fuzzy_knn_k29":0.0},"geometry":{"type":"Polygon","coordinates":[[[-71.6201059,-9.8565246],[-71.61197,-9.8565877],[-71.6119274,-9.8511832],[-71.6200632,-9.8511201],[-71.6201059,-9.8565246]]]}},{"type":"Feature","id":"AC-Y366-X342","properties":{"id":"AC-Y366-X342","grid_x":342,"grid_y":366,"centroid":[-71.6078808,-9.8539169],"aggregation":"none","score_gradboost":0.0075998,"score_random_forest":0.006912,"score_logistic_regression":0.0004693,"score_fuzzy_knn_k29":0.0},"geometry":{"type":"Polygon","coordinates":[[[-71.61197,-9.8565877],[-71.6038341,-9.8566506],[-71.6037916,-9.8512461],[-71.6119274,-9.8511832],[-71.61197,-9.8565877]]]}},{"type":"Feature","id":"AC-Y366-X343","properties":{"id":"AC-Y366-X343","grid_x":343,"grid_y":366,"centroid":[-71.5997449,-9.8539797],"aggregation":"none","score_gradboost":0.0062638,"score_random_forest":0.0100984,"score_logistic_regression":0.0003257,"score_fuzzy_knn_k29":0.0},"geometry":{"type":"Polygon","coordinates":[[[-71.6038341,-9.8566506],[-71.5956981,-9.8567133],[-71.5956558,-9.8513088],[-71.6037916,-9.8512461],[-71.6038341,-9.8566506]]]}},{"type":"Feature","id":"AC-Y366-X344","properties":{"id":"AC-Y366-X344","grid_x":344,"grid_y":366,"centroid":[-71.5916089,-9.8540423],"aggregation":"none","score_gradboost":0.0075249,"score_random_forest":0.0078168,"score_logistic_regression":0.0004429,"score_fuzzy_knn_k29":0.0},"geometry":{"type":"Polygon","coordinates":[[[-71.5956981,-9.8567133],[-71.587562,-9.8567758],[-71.5875199,-9.8513712],[-71.5956558,-9.8513088],[-71.5956981,-9.8567133]]]}},{"type":"Feature","id":"AC-Y366-X345","properties":{"id":"AC-Y366-X345","grid_x":345,"grid_y":366,"centroid":[-71.5834729,-9.8541047],"aggregation":"none","score_gradboost":0.0075249,"score_random_forest":0.0021998,"score_logistic_regression":0.000336,"score_fuzzy_knn_k29":0.0},"geometry":{"type":"Polygon","coordinates":[[[-71.587562,-9.8567758],[-71.5794259,-9.8568381],[-71.5793839,-9.8514335],[-71.5875199,-9.8513712],[-71.587562,-9.8567758]]]}},{"type":"Feature","id":"AC-Y366-X346","properties":{"id":"AC-Y366-X346","grid_x":346,"grid_y":366,"centroid":[-71.5753369,-9.8541669],"aggregation":"none","score_gradboost":0.0060159,"score_random_forest":0.0002398,"score_logistic_regression":0.0002892,"score_fuzzy_knn_k29":0.0},"geometry":{"type":"Polygon","coordinates":[[[-71.5794259,-9.8568381],[-71.5712898,-9.8569003],[-71.5712479,-9.8514956],[-71.5793839,-9.8514335],[-71.5794259,-9.8568381]]]}},{"type":"Feature","id":"AC-Y366-X347","properties":{"id":"AC-Y366-X347","grid_x":347,"grid_y":366,"centroid":[-71.5672008,-9.8542289],"aggregation":"none","score_gradboost":0.0075249,"score_random_forest":0.0059357,"score_logistic_regression":0.000347,"score_fuzzy_knn_k29":0.0},"geometry":{"type":"Polygon","coordinates":[[[-71.5712898,-9.8569003],[-71.5631536,-9.8569622],[-71.5631118,-9.8515575],[-71.5712479,-9.8514956],[-71.5712898,-9.8569003]]]}},{"type":"Feature","id":"AC-Y366-X348","properties":{"id":"AC-Y366-X348","grid_x":348,"grid_y":366,"centroid":[-71.5590646,-9.8542907],"aggregation":"none","score_gradboost":0.0075249,"score_random_forest":0.0075505,"score_logistic_regression":0.0003362,"score_fuzzy_knn_k29":0.0},"geometry":{"type":"Polygon","coordinates":[[[-71.5631536,-9.8569622],[-71.5550173,-9.8570239],[-71.5549757,-9.8516192],[-71.5631118,-9.8515575],[-71.5631536,-9.8569622]]]}},{"type":"Feature","id":"AC-Y366-X349","properties":{"id":"AC-Y366-X349","grid_x":349,"grid_y":366,"centroid":[-71.5509284,-9.8543524],"aggregation":"none","score_gradboost":0.0075249,"score_random_forest":0.0007711,"score_logistic_regression":0.0003999,"score_fuzzy_knn_k29":0.0},"geometry":{"type":"Polygon","coordinates":[[[-71.5550173,-9.8570239],[-71.546881,-9.8570855],[-71.5468395,-9.8516807],[-71.5549757,-9.8516192],[-71.5550173,-9.8570239]]]}},{"type":"Feature","id":"AC-Y366-X350","properties":{"id":"AC-Y366-X350","grid_x":350,"grid_y":366,"centroid":[-71.5427921,-9.8544138],"aggregation":"none","score_gradboost":0.0062638,"score_random_forest":0.0117481,"score_logistic_regression":0.000253,"score_fuzzy_knn_k29":0.0},"geometry":{"type":"Polygon","coordinates":[[[-71.546881,-9.8570855],[-71.5387447,-9.8571468],[-71.5387033,-9.851742],[-71.5468395,-9.8516807],[-71.546881,-9.8570855]]]}},{"type":"Feature","id":"AC-Y366-X351","properties":{"id":"AC-Y366-X351","grid_x":351,"grid_y":366,"centroid":[-71.5346558,-9.854475],"aggregation":"none","score_gradboost":0.0075998,"score_random_forest":0.005423,"score_logistic_regression":0.0003605,"score_fuzzy_knn_k29":0.0},"geometry":{"type":"Polygon","coordinates":[[[-71.5387447,-9.8571468],[-71.5306082,-9.857208],[-71.530567,-9.8518031],[-71.5387033,-9.851742],[-71.5387447,-9.8571468]]]}},{"type":"Feature","id":"AC-Y366-X352","properties":{"id":"AC-Y366-X352","grid_x":352,"grid_y":366,"centroid":[-71.5265194,-9.8545361],"aggregation":"none","score_gradboost":0.0070789,"score_random_forest":0.0026318,"score_logistic_regression":0.000229,"score_fuzzy_knn_k29":0.0},"geometry":{"type":"Polygon","coordinates":[[[-71.5306082,-9.857208],[-71.5224718,-9.8572689],[-71.5224307,-9.8518641],[-71.530567,-9.8518031],[-71.5306082,-9.857208]]]}},{"type":"Feature","id":"AC-Y366-X353","properties":{"id":"AC-Y366-X353","grid_x":353,"grid_y":366,"centroid":[-71.518383,-9.8545969],"aggregation":"none","score_gradboost":0.0071953,"score_random_forest":0.0216506,"score_logistic_regression":0.0002755,"score_fuzzy_knn_k29":0.0},"geometry":{"type":"Polygon","coordinates":[[[-71.5224718,-9.8572689],[-71.5143352,-9.8573297],[-71.5142943,-9.8519248],[-71.5224307,-9.8518641],[-71.5224718,-9.8572689]]]}},{"type":"Feature","id":"AC-Y366-X354","properties":{"id":"AC-Y366-X354","grid_x":354,"grid_y":366,"centroid":[-71.5102465,-9.8546575],"aggregation":"none","score_gradboost":0.0071953,"score_random_forest":0.0054781,"score_logistic_regression":0.0002649,"score_fuzzy_knn_k29":0.0},"geometry":{"type":"Polygon","coordinates":[[[-71.5143352,-9.8573297],[-71.5061987,-9.8573902],[-71.5061578,-9.8519853],[-71.5142943,-9.8519248],[-71.5143352,-9.8573297]]]}},{"type":"Feature","id":"AC-Y367-X338","properties":{"id":"AC-Y367-X338","grid_x":338,"grid_y":367,"centroid":[-71.6403808,-9.8482594],"aggregation":"none","score_gradboost":0.0061266,"score_random_forest":0.0,"score_logistic_regression":0.0003958,"score_fuzzy_knn_k29":0.0},"geometry":{"type":"Polygon","coordinates":[[[-71.6444701,-9.8509298],[-71.6363345,-9.8509934],[-71.6362916,-9.845589],[-71.644427,-9.8455254],[-71.6444701,-9.8509298]]]}},{"type":"Feature","id":"AC-Y367-X339","properties":{"id":"AC-Y367-X339","grid_x":339,"grid_y":367,"centroid":[-71.6322453,-9.848323],"aggregation":"none","score_gradboost":0.0061266,"score_random_forest":0.0,"score_logistic_regression":0.0004341,"score_fuzzy_knn_k29":0.0},"geometry":{"type":"Polygon","coordinates":[[[-71.6363345,-9.8509934],[-71.6281989,-9.8510569],[-71.6281561,-9.8456525],[-71.6362916,-9.845589],[-71.6363345,-9.8509934]]]}},{"type":"Feature","id":"AC-Y367-X340","properties":{"id":"AC-Y367-X340","grid_x":340,"grid_y":367,"centroid":[-71.6241097,-9.8483863],"aggregation":"none","score_gradboost":0.0071953,"score_random_forest":0.0020802,"score_logistic_regression":0.0003752,"score_fuzzy_knn_k29":0.0},"geometry":{"type":"Polygon","coordinates":[[[-71.6281989,-9.8510569],[-71.6200632,-9.8511201],[-71.6200205,-9.8457157],[-71.6281561,-9.8456525],[-71.6281989,-9.8510569]]]}},{"type":"Feature","id":"AC-Y367-X341","properties":{"id":"AC-Y367-X341","grid_x":341,"grid_y":367,"centroid":[-71.615974,-9.8484495],"aggregation":"none","score_gradboost":0.0089974,"score_random_forest":0.0064831,"score_logistic_regression":0.0004346,"score_fuzzy_knn_k29":0.0},"geometry":{"type":"Polygon","coordinates":[[[-71.6200632,-9.8511201],[-71.6119274,-9.8511832],[-71.6118849,-9.8457787],[-71.6200205,-9.8457157],[-71.6200632,-9.8511201]]]}},{"type":"Feature","id":"AC-Y367-X342","properties":{"id":"AC-Y367-X342","grid_x":342,"grid_y":367,"centroid":[-71.6078383,-9.8485124],"aggregation":"none","score_gradboost":0.0070789,"score_random_forest":0.0026318,"score_logistic_regression":0.0003476,"score_fuzzy_knn_k29":0.0},"geometry":{"type":"Polygon","coordinates":[[[-71.6119274,-9.8511832],[-71.6037916,-9.8512461],[-71.6037493,-9.8458416],[-71.6118849,-9.8457787],[-71.6119274,-9.8511832]]]}},{"type":"Feature","id":"AC-Y367-X343","properties":{"id":"AC-Y367-X343","grid_x":343,"grid_y":367,"centroid":[-71.5997026,-9.8485752],"aggregation":"none","score_gradboost":0.0075998,"score_random_forest":0.0055536,"score_logistic_regression":0.0004209,"score_fuzzy_knn_k29":0.0},"geometry":{"type":"Polygon","coordinates":[[[-71.6037916,-9.8512461],[-71.5956558,-9.8513088],[-71.5956135,-9.8459042],[-71.6037493,-9.8458416],[-71.6037916,-9.8512461]]]}},{"type":"Feature","id":"AC-Y367-X344","properties":{"id":"AC-Y367-X344","grid_x":344,"grid_y":367,"centroid":[-71.5915667,-9.8486377],"aggregation":"none","score_gradboost":0.0062638,"score_random_forest":0.0105391,"score_logistic_regression":0.0003397,"score_fuzzy_knn_k29":0.0},"geometry":{"type":"Polygon","coordinates":[[[-71.5956558,-9.8513088],[-71.5875199,-9.8513712],[-71.5874778,-9.8459667],[-71.5956135,-9.8459042],[-71.5956558,-9.8513088]]]}},{"type":"Feature","id":"AC-Y367-X345","properties":{"id":"AC-Y367-X345","grid_x":345,"grid_y":367,"centroid":[-71.5834309,-9.8487001],"aggregation":"none","score_gradboost":0.0078345,"score_random_forest":0.0125948,"score_logistic_regression":0.0003985,"score_fuzzy_knn_k29":0.0},"geometry":{"type":"Polygon","coordinates":[[[-71.5875199,-9.8513712],[-71.5793839,-9.8514335],[-71.5793419,-9.8460289],[-71.5874778,-9.8459667],[-71.5875199,-9.8513712]]]}},{"type":"Feature","id":"AC-Y367-X346","properties":{"id":"AC-Y367-X346","grid_x":346,"grid_y":367,"centroid":[-71.5752949,-9.8487623],"aggregation":"none","score_gradboost":0.0075249,"score_random_forest":0.0043528,"score_logistic_regression":0.0004017,"score_fuzzy_knn_k29":0.0},"geometry":{"type":"Polygon","coordinates":[[[-71.5793839,-9.8514335],[-71.5712479,-9.8514956],[-71.571206,-9.846091],[-71.5793419,-9.8460289],[-71.5793839,-9.8514335]]]}},{"type":"Feature","id":"AC-Y367-X347","properties":{"id":"AC-Y367-X347","grid_x":347,"grid_y":367,"centroid":[-71.567159,-9.8488243],"aggregation":"none","score_gradboost":0.0075249,"score_random_forest":0.0035414,"score_logistic_regression":0.0003369,"score_fuzzy_knn_k29":0.0},"geometry":{"type":"Polygon","coordinates":[[[-71.5712479,-9.8514956],[-71.5631118,-9.8515575],[-71.5630701,-9.8461528],[-71.571206,-9.846091],[-71.5712479,-9.8514956]]]}},{"type":"Feature","id":"AC-Y367-X348","properties":{"id":"AC-Y367-X348","grid_x":348,"grid_y":367,"centroid":[-71.5590229,-9.848886],"aggregation":"none","score_gradboost":0.0075249,"score_random_forest":0.0038005,"score_logistic_regression":0.000515,"score_fuzzy_knn_k29":0.0},"geometry":{"type":"Polygon","coordinates":[[[-71.5631118,-9.8515575],[-71.5549757,-9.8516192],[-71.5549341,-9.8462145],[-71.5630701,-9.8461528],[-71.5631118,-9.8515575]]]}},{"type":"Feature","id":"AC-Y367-X349","properties":{"id":"AC-Y367-X349","grid_x":349,"grid_y":367,"centroid":[-71.5508869,-9.8489476],"aggregation":"none","score_gradboost":0.0075249,"score_random_forest":0.0098296,"score_logistic_regression":0.0004373,"score_fuzzy_knn_k29":0.0},"geometry":{"type":"Polygon","coordinates":[[[-71.5549757,-9.8516192],[-71.5468395,-9.8516807],[-71.5467981,-9.846276],[-71.5549341,-9.8462145],[-71.5549757,-9.8516192]]]}},{"type":"Feature","id":"AC-Y367-X350","properties":{"id":"AC-Y367-X350","grid_x":350,"grid_y":367,"centroid":[-71.5427507,-9.849009],"aggregation":"none","score_gradboost":0.0075249,"score_random_forest":0.0067743,"score_logistic_regression":0.0003019,"score_fuzzy_knn_k29":0.0},"geometry":{"type":"Polygon","coordinates":[[[-71.5468395,-9.8516807],[-71.5387033,-9.851742],[-71.538662,-9.8463372],[-71.5467981,-9.846276],[-71.5468395,-9.8516807]]]}},{"type":"Feature","id":"AC-Y367-X351","properties":{"id":"AC-Y367-X351","grid_x":351,"grid_y":367,"centroid":[-71.5346145,-9.8490702],"aggregation":"none","score_gradboost":0.0078345,"score_random_forest":0.0031945,"score_logistic_regression":0.0003508,"score_fuzzy_knn_k29":0.0},"geometry":{"type":"Polygon","coordinates":[[[-71.5387033,-9.851742],[-71.530567,-9.8518031],[-71.5305258,-9.8463983],[-71.538662,-9.8463372],[-71.5387033,-9.851742]]]}},{"type":"Feature","id":"AC-Y367-X352","properties":{"id":"AC-Y367-X352","grid_x":352,"grid_y":367,"centroid":[-71.5264783,-9.8491312],"aggregation":"none","score_gradboost":0.0075998,"score_random_forest":0.010821,"score_logistic_regression":0.0003592,"score_fuzzy_knn_k29":0.0},"geometry":{"type":"Polygon","coordinates":[[[-71.530567,-9.8518031],[-71.5224307,-9.8518641],[-71.5223896,-9.8464592],[-71.5305258,-9.8463983],[-71.530567,-9.8518031]]]}},{"type":"Feature","id":"AC-Y367-X353","properties":{"id":"AC-Y367-X353","grid_x":353,"grid_y":367,"centroid":[-71.518342,-9.849192],"aggregation":"none","score_gradboost":0.0088522,"score_random_forest":0.018516,"score_logistic_regression":0.0003262,"score_fuzzy_knn_k29":0.0},"geometry":{"type":"Polygon","coordinates":[[[-71.5224307,-9.8518641],[-71.5142943,-9.8519248],[-71.5142533,-9.8465199],[-71.5223896,-9.8464592],[-71.5224307,-9.8518641]]]}},{"type":"Feature","id":"AC-Y367-X354","properties":{"id":"AC-Y367-X354","grid_x":354,"grid_y":367,"centroid":[-71.5102056,-9.8492526],"aggregation":"none","score_gradboost":0.0089974,"score_random_forest":0.0085075,"score_logistic_regression":0.0003559,"score_fuzzy_knn_k29":0.0},"geometry":{"type":"Polygon","coordinates":[[[-71.5142943,-9.8519248],[-71.5061578,-9.8519853],[-71.506117,-9.8465804],[-71.5142533,-9.8465199],[-71.5142943,-9.8519248]]]}},{"type":"Feature","id":"AC-Y368-X339","properties":{"id":"AC-Y368-X339","grid_x":339,"grid_y":368,"centroid":[-71.6322024,-9.8429186],"aggregation":"none","score_gradboost":0.0061266,"score_random_forest":0.0,"score_logistic_regression":0.0003369,"score_fuzzy_knn_k29":0.0},"geometry":{"type":"Polygon","coordinates":[[[-71.6362916,-9.845589],[-71.6281561,-9.8456525],[-71.6281133,-9.840248],[-71.6362487,-9.8401847],[-71.6362916,-9.845589]]]}},{"type":"Feature","id":"AC-Y368-X340","properties":{"id":"AC-Y368-X340","grid_x":340,"grid_y":368,"centroid":[-71.624067,-9.8429819],"aggregation":"none","score_gradboost":0.0061266,"score_random_forest":0.0,"score_logistic_regression":0.0003394,"score_fuzzy_knn_k29":0.0},"geometry":{"type":"Polygon","coordinates":[[[-71.6281561,-9.8456525],[-71.6200205,-9.8457157],[-71.6199779,-9.8403112],[-71.6281133,-9.840248],[-71.6281561,-9.8456525]]]}},{"type":"Feature","id":"AC-Y368-X341","properties":{"id":"AC-Y368-X341","grid_x":341,"grid_y":368,"centroid":[-71.6159315,-9.843045],"aggregation":"none","score_gradboost":0.0071953,"score_random_forest":0.0030025,"score_logistic_regression":0.0002638,"score_fuzzy_knn_k29":0.0},"geometry":{"type":"Polygon","coordinates":[[[-71.6200205,-9.8457157],[-71.6118849,-9.8457787],[-71.6118424,-9.8403742],[-71.6199779,-9.8403112],[-71.6200205,-9.8457157]]]}},{"type":"Feature","id":"AC-Y368-X342","properties":{"id":"AC-Y368-X342","grid_x":342,"grid_y":368,"centroid":[-71.6077959,-9.8431079],"aggregation":"none","score_gradboost":0.0071953,"score_random_forest":0.0188222,"score_logistic_regression":0.0003058,"score_fuzzy_knn_k29":0.0},"geometry":{"type":"Polygon","coordinates":[[[-71.6118849,-9.8457787],[-71.6037493,-9.8458416],[-71.6037069,-9.840437],[-71.6118424,-9.8403742],[-71.6118849,-9.8457787]]]}},{"type":"Feature","id":"AC-Y368-X343","properties":{"id":"AC-Y368-X343","grid_x":343,"grid_y":368,"centroid":[-71.5996602,-9.8431706],"aggregation":"none","score_gradboost":0.0077442,"score_random_forest":0.0073234,"score_logistic_regression":0.0004279,"score_fuzzy_knn_k29":0.0},"geometry":{"type":"Polygon","coordinates":[[[-71.6037493,-9.8458416],[-71.5956135,-9.8459042],[-71.5955713,-9.8404997],[-71.6037069,-9.840437],[-71.6037493,-9.8458416]]]}},{"type":"Feature","id":"AC-Y368-X344","properties":{"id":"AC-Y368-X344","grid_x":344,"grid_y":368,"centroid":[-71.5915246,-9.8432332],"aggregation":"none","score_gradboost":0.0060759,"score_random_forest":0.0022736,"score_logistic_regression":0.0002921,"score_fuzzy_knn_k29":0.0},"geometry":{"type":"Polygon","coordinates":[[[-71.5956135,-9.8459042],[-71.5874778,-9.8459667],[-71.5874357,-9.8405621],[-71.5955713,-9.8404997],[-71.5956135,-9.8459042]]]}},{"type":"Feature","id":"AC-Y368-X345","properties":{"id":"AC-Y368-X345","grid_x":345,"grid_y":368,"centroid":[-71.5833888,-9.8432955],"aggregation":"none","score_gradboost":0.0078345,"score_random_forest":0.0135694,"score_logistic_regression":0.0003984,"score_fuzzy_knn_k29":0.0},"geometry":{"type":"Polygon","coordinates":[[[-71.5874778,-9.8459667],[-71.5793419,-9.8460289],[-71.5793,-9.8406243],[-71.5874357,-9.8405621],[-71.5874778,-9.8459667]]]}},{"type":"Feature","id":"AC-Y368-X346","properties":{"id":"AC-Y368-X346","grid_x":346,"grid_y":368,"centroid":[-71.575253,-9.8433576],"aggregation":"none","score_gradboost":0.0060159,"score_random_forest":0.0048924,"score_logistic_regression":0.0003075,"score_fuzzy_knn_k29":0.0},"geometry":{"type":"Polygon","coordinates":[[[-71.5793419,-9.8460289],[-71.571206,-9.846091],[-71.5711642,-9.8406863],[-71.5793,-9.8406243],[-71.5793419,-9.8460289]]]}},{"type":"Feature","id":"AC-Y368-X347","properties":{"id":"AC-Y368-X347","grid_x":347,"grid_y":368,"centroid":[-71.5671172,-9.8434196],"aggregation":"none","score_gradboost":0.0060159,"score_random_forest":0.0009855,"score_logistic_regression":0.0002841,"score_fuzzy_knn_k29":0.0},"geometry":{"type":"Polygon","coordinates":[[[-71.571206,-9.846091],[-71.5630701,-9.8461528],[-71.5630284,-9.8407481],[-71.5711642,-9.8406863],[-71.571206,-9.846091]]]}},{"type":"Feature","id":"AC-Y368-X348","properties":{"id":"AC-Y368-X348","grid_x":348,"grid_y":368,"centroid":[-71.5589813,-9.8434813],"aggregation":"none","score_gradboost":0.0075249,"score_random_forest":0.0004792,"score_logistic_regression":0.0004009,"score_fuzzy_knn_k29":0.0},"geometry":{"type":"Polygon","coordinates":[[[-71.5630701,-9.8461528],[-71.5549341,-9.8462145],[-71.5548925,-9.8408098],[-71.5630284,-9.8407481],[-71.5630701,-9.8461528]]]}},{"type":"Feature","id":"AC-Y368-X349","properties":{"id":"AC-Y368-X349","grid_x":349,"grid_y":368,"centroid":[-71.5508453,-9.8435429],"aggregation":"none","score_gradboost":0.0075249,"score_random_forest":0.0018541,"score_logistic_regression":0.0004042,"score_fuzzy_knn_k29":0.0},"geometry":{"type":"Polygon","coordinates":[[[-71.5549341,-9.8462145],[-71.5467981,-9.846276],[-71.5467566,-9.8408712],[-71.5548925,-9.8408098],[-71.5549341,-9.8462145]]]}},{"type":"Feature","id":"AC-Y368-X350","properties":{"id":"AC-Y368-X350","grid_x":350,"grid_y":368,"centroid":[-71.5427093,-9.8436042],"aggregation":"none","score_gradboost":0.0075249,"score_random_forest":0.0024977,"score_logistic_regression":0.0003959,"score_fuzzy_knn_k29":0.0},"geometry":{"type":"Polygon","coordinates":[[[-71.5467981,-9.846276],[-71.538662,-9.8463372],[-71.5386207,-9.8409324],[-71.5467566,-9.8408712],[-71.5467981,-9.846276]]]}},{"type":"Feature","id":"AC-Y368-X351","properties":{"id":"AC-Y368-X351","grid_x":351,"grid_y":368,"centroid":[-71.5345733,-9.8436654],"aggregation":"none","score_gradboost":0.0060159,"score_random_forest":0.0069256,"score_logistic_regression":0.0002445,"score_fuzzy_knn_k29":0.0},"geometry":{"type":"Polygon","coordinates":[[[-71.538662,-9.8463372],[-71.5305258,-9.8463983],[-71.5304846,-9.8409935],[-71.5386207,-9.8409324],[-71.538662,-9.8463372]]]}},{"type":"Feature","id":"AC-Y368-X352","properties":{"id":"AC-Y368-X352","grid_x":352,"grid_y":368,"centroid":[-71.5264372,-9.8437264],"aggregation":"none","score_gradboost":0.0062638,"score_random_forest":0.0133796,"score_logistic_regression":0.0002813,"score_fuzzy_knn_k29":0.0},"geometry":{"type":"Polygon","coordinates":[[[-71.5305258,-9.8463983],[-71.5223896,-9.8464592],[-71.5223486,-9.8410543],[-71.5304846,-9.8409935],[-71.5305258,-9.8463983]]]}},{"type":"Feature","id":"AC-Y368-X353","properties":{"id":"AC-Y368-X353","grid_x":353,"grid_y":368,"centroid":[-71.518301,-9.8437871],"aggregation":"none","score_gradboost":0.0060759,"score_random_forest":0.0022736,"score_logistic_regression":0.0002414,"score_fuzzy_knn_k29":0.0},"geometry":{"type":"Polygon","coordinates":[[[-71.5223896,-9.8464592],[-71.5142533,-9.8465199],[-71.5142124,-9.841115],[-71.5223486,-9.8410543],[-71.5223896,-9.8464592]]]}},{"type":"Feature","id":"AC-Y368-X354","properties":{"id":"AC-Y368-X354","grid_x":354,"grid_y":368,"centroid":[-71.5101648,-9.8438477],"aggregation":"none","score_gradboost":0.0088522,"score_random_forest":0.0022731,"score_logistic_regression":0.0003401,"score_fuzzy_knn_k29":0.0},"geometry":{"type":"Polygon","coordinates":[[[-71.5142533,-9.8465199],[-71.506117,-9.8465804],[-71.5060763,-9.8411754],[-71.5142124,-9.841115],[-71.5142533,-9.8465199]]]}},{"type":"Feature","id":"AC-Y368-X355","properties":{"id":"AC-Y368-X355","grid_x":355,"grid_y":368,"centroid":[-71.5020285,-9.8439081],"aggregation":"none","score_gradboost":0.0089974,"score_random_forest":0.0075689,"score_logistic_regression":0.0003454,"score_fuzzy_knn_k29":0.0},"geometry":{"type":"Polygon","coordinates":[[[-71.506117,-9.8465804],[-71.4979807,-9.8466407],[-71.49794,-9.8412357],[-71.5060763,-9.8411754],[-71.506117,-9.8465804]]]}},{"type":"Feature","id":"AC-Y369-X339","properties":{"id":"AC-Y369-X339","grid_x":339,"grid_y":369,"centroid":[-71.6321596,-9.8375142],"aggregation":"none","score_gradboost":0.0061266,"score_random_forest":0.0105883,"score_logistic_regression":0.0004611,"score_fuzzy_knn_k29":0.0},"geometry":{"type":"Polygon","coordinates":[[[-71.6362487,-9.8401847],[-71.6281133,-9.840248],[-71.6280706,-9.8348436],[-71.6362058,-9.8347803],[-71.6362487,-9.8401847]]]}},{"type":"Feature","id":"AC-Y369-X340","properties":{"id":"AC-Y369-X340","grid_x":340,"grid_y":369,"centroid":[-71.6240243,-9.8375774],"aggregation":"none","score_gradboost":0.0061266,"score_random_forest":0.0,"score_logistic_regression":0.000419,"score_fuzzy_knn_k29":0.0},"geometry":{"type":"Polygon","coordinates":[[[-71.6281133,-9.840248],[-71.6199779,-9.8403112],[-71.6199353,-9.8349068],[-71.6280706,-9.8348436],[-71.6281133,-9.840248]]]}},{"type":"Feature","id":"AC-Y369-X341","properties":{"id":"AC-Y369-X341","grid_x":341,"grid_y":369,"centroid":[-71.6158889,-9.8376405],"aggregation":"none","score_gradboost":0.0061266,"score_random_forest":0.0,"score_logistic_regression":0.0002912,"score_fuzzy_knn_k29":0.0},"geometry":{"type":"Polygon","coordinates":[[[-71.6199779,-9.8403112],[-71.6118424,-9.8403742],[-71.6118,-9.8349698],[-71.6199353,-9.8349068],[-71.6199779,-9.8403112]]]}},{"type":"Feature","id":"AC-Y369-X342","properties":{"id":"AC-Y369-X342","grid_x":342,"grid_y":369,"centroid":[-71.6077535,-9.8377034],"aggregation":"none","score_gradboost":0.0071953,"score_random_forest":0.0002731,"score_logistic_regression":0.0002582,"score_fuzzy_knn_k29":0.0},"geometry":{"type":"Polygon","coordinates":[[[-71.6118424,-9.8403742],[-71.6037069,-9.840437],[-71.6036645,-9.8350325],[-71.6118,-9.8349698],[-71.6118424,-9.8403742]]]}},{"type":"Feature","id":"AC-Y369-X343","properties":{"id":"AC-Y369-X343","grid_x":343,"grid_y":369,"centroid":[-71.599618,-9.8377661],"aggregation":"none","score_gradboost":0.0071953,"score_random_forest":0.0202269,"score_logistic_regression":0.0003233,"score_fuzzy_knn_k29":0.0},"geometry":{"type":"Polygon","coordinates":[[[-71.6037069,-9.840437],[-71.5955713,-9.8404997],[-71.5955291,-9.8350951],[-71.6036645,-9.8350325],[-71.6037069,-9.840437]]]}},{"type":"Feature","id":"AC-Y369-X344","properties":{"id":"AC-Y369-X344","grid_x":344,"grid_y":369,"centroid":[-71.5914824,-9.8378286],"aggregation":"none","score_gradboost":0.0088522,"score_random_forest":0.0022731,"score_logistic_regression":0.0004625,"score_fuzzy_knn_k29":0.0},"geometry":{"type":"Polygon","coordinates":[[[-71.5955713,-9.8404997],[-71.5874357,-9.8405621],[-71.5873936,-9.8351575],[-71.5955291,-9.8350951],[-71.5955713,-9.8404997]]]}},{"type":"Feature","id":"AC-Y369-X345","properties":{"id":"AC-Y369-X345","grid_x":345,"grid_y":369,"centroid":[-71.5833468,-9.8378909],"aggregation":"none","score_gradboost":0.0060759,"score_random_forest":0.0022736,"score_logistic_regression":0.0003464,"score_fuzzy_knn_k29":0.0},"geometry":{"type":"Polygon","coordinates":[[[-71.5874357,-9.8405621],[-71.5793,-9.8406243],[-71.579258,-9.8352197],[-71.5873936,-9.8351575],[-71.5874357,-9.8405621]]]}},{"type":"Feature","id":"AC-Y369-X346","properties":{"id":"AC-Y369-X346","grid_x":346,"grid_y":369,"centroid":[-71.5752111,-9.837953],"aggregation":"none","score_gradboost":0.0078345,"score_random_forest":0.0033727,"score_logistic_regression":0.0004314,"score_fuzzy_knn_k29":0.0},"geometry":{"type":"Polygon","coordinates":[[[-71.5793,-9.8406243],[-71.5711642,-9.8406863],[-71.5711224,-9.8352816],[-71.579258,-9.8352197],[-71.5793,-9.8406243]]]}},{"type":"Feature","id":"AC-Y369-X347","properties":{"id":"AC-Y369-X347","grid_x":347,"grid_y":369,"centroid":[-71.5670754,-9.8380149],"aggregation":"none","score_gradboost":0.0060159,"score_random_forest":0.0,"score_logistic_regression":0.0002814,"score_fuzzy_knn_k29":0.0},"geometry":{"type":"Polygon","coordinates":[[[-71.5711642,-9.8406863],[-71.5630284,-9.8407481],[-71.5629867,-9.8353434],[-71.5711224,-9.8352816],[-71.5711642,-9.8406863]]]}},{"type":"Feature","id":"AC-Y369-X348","properties":{"id":"AC-Y369-X348","grid_x":348,"grid_y":369,"centroid":[-71.5589397,-9.8380766],"aggregation":"none","score_gradboost":0.0075249,"score_random_forest":0.0,"score_logistic_regression":0.0004905,"score_fuzzy_knn_k29":0.0},"geometry":{"type":"Polygon","coordinates":[[[-71.5630284,-9.8407481],[-71.5548925,-9.8408098],[-71.554851,-9.835405],[-71.5629867,-9.8353434],[-71.5630284,-9.8407481]]]}},{"type":"Feature","id":"AC-Y369-X349","properties":{"id":"AC-Y369-X349","grid_x":349,"grid_y":369,"centroid":[-71.5508038,-9.8381381],"aggregation":"none","score_gradboost":0.0075249,"score_random_forest":0.0004792,"score_logistic_regression":0.0004544,"score_fuzzy_knn_k29":0.0},"geometry":{"type":"Polygon","coordinates":[[[-71.5548925,-9.8408098],[-71.5467566,-9.8408712],[-71.5467152,-9.8354664],[-71.554851,-9.835405],[-71.5548925,-9.8408098]]]}},{"type":"Feature","id":"AC-Y369-X350","properties":{"id":"AC-Y369-X350","grid_x":350,"grid_y":369,"centroid":[-71.542668,-9.8381995],"aggregation":"none","score_gradboost":0.0075249,"score_random_forest":0.0066187,"score_logistic_regression":0.0003114,"score_fuzzy_knn_k29":0.0},"geometry":{"type":"Polygon","coordinates":[[[-71.5467566,-9.8408712],[-71.5386207,-9.8409324],[-71.5385794,-9.8355276],[-71.5467152,-9.8354664],[-71.5467566,-9.8408712]]]}},{"type":"Feature","id":"AC-Y369-X351","properties":{"id":"AC-Y369-X351","grid_x":351,"grid_y":369,"centroid":[-71.534532,-9.8382606],"aggregation":"none","score_gradboost":0.0075249,"score_random_forest":0.0007711,"score_logistic_regression":0.0004671,"score_fuzzy_knn_k29":0.0},"geometry":{"type":"Polygon","coordinates":[[[-71.5386207,-9.8409324],[-71.5304846,-9.8409935],[-71.5304435,-9.8355887],[-71.5385794,-9.8355276],[-71.5386207,-9.8409324]]]}},{"type":"Feature","id":"AC-Y369-X352","properties":{"id":"AC-Y369-X352","grid_x":352,"grid_y":369,"centroid":[-71.5263961,-9.8383215],"aggregation":"none","score_gradboost":0.0075249,"score_random_forest":0.0115569,"score_logistic_regression":0.0003428,"score_fuzzy_knn_k29":0.0},"geometry":{"type":"Polygon","coordinates":[[[-71.5304846,-9.8409935],[-71.5223486,-9.8410543],[-71.5223075,-9.8356495],[-71.5304435,-9.8355887],[-71.5304846,-9.8409935]]]}},{"type":"Feature","id":"AC-Y369-X353","properties":{"id":"AC-Y369-X353","grid_x":353,"grid_y":369,"centroid":[-71.51826,-9.8383822],"aggregation":"none","score_gradboost":0.0062638,"score_random_forest":0.0082276,"score_logistic_regression":0.0002621,"score_fuzzy_knn_k29":0.0},"geometry":{"type":"Polygon","coordinates":[[[-71.5223486,-9.8410543],[-71.5142124,-9.841115],[-71.5141715,-9.8357101],[-71.5223075,-9.8356495],[-71.5223486,-9.8410543]]]}},{"type":"Feature","id":"AC-Y369-X354","properties":{"id":"AC-Y369-X354","grid_x":354,"grid_y":369,"centroid":[-71.5101239,-9.8384428],"aggregation":"none","score_gradboost":0.0075998,"score_random_forest":0.008749,"score_logistic_regression":0.0003117,"score_fuzzy_knn_k29":0.0},"geometry":{"type":"Polygon","coordinates":[[[-71.5142124,-9.841115],[-71.5060763,-9.8411754],[-71.5060355,-9.8357705],[-71.5141715,-9.8357101],[-71.5142124,-9.841115]]]}},{"type":"Feature","id":"AC-Y369-X355","properties":{"id":"AC-Y369-X355","grid_x":355,"grid_y":369,"centroid":[-71.5019878,-9.8385031],"aggregation":"none","score_gradboost":0.0088522,"score_random_forest":0.0004132,"score_logistic_regression":0.0003804,"score_fuzzy_knn_k29":0.0},"geometry":{"type":"Polygon","coordinates":[[[-71.5060763,-9.8411754],[-71.49794,-9.8412357],[-71.4978994,-9.8358307],[-71.5060355,-9.8357705],[-71.5060763,-9.8411754]]]}},{"type":"Feature","id":"AC-Y369-X356","properties":{"id":"AC-Y369-X356","grid_x":356,"grid_y":369,"centroid":[-71.4938516,-9.8385633],"aggregation":"none","score_gradboost":0.0089974,"score_random_forest":0.0246398,"score_logistic_regression":0.0003856,"score_fuzzy_knn_k29":0.0},"geometry":{"type":"Polygon","coordinates":[[[-71.49794,-9.8412357],[-71.4898037,-9.8412958],[-71.4897632,-9.8358908],[-71.4978994,-9.8358307],[-71.49794,-9.8412357]]]}},{"type":"Feature","id":"AC-Y370-X339","properties":{"id":"AC-Y370-X339","grid_x":339,"grid_y":370,"centroid":[-71.6321168,-9.8321098],"aggregation":"none","score_gradboost":0.0061266,"score_random_forest":0.0010413,"score_logistic_regression":0.0003771,"score_fuzzy_knn_k29":0.0},"geometry":{"type":"Polygon","coordinates":[[[-71.6362058,-9.8347803],[-71.6280706,-9.8348436],[-71.6280279,-9.8294392],[-71.636163,-9.8293759],[-71.6362058,-9.8347803]]]}},{"type":"Feature","id":"AC-Y370-X340","properties":{"id":"AC-Y370-X340","grid_x":340,"grid_y":370,"centroid":[-71.6239816,-9.832173],"aggregation":"none","score_gradboost":0.0061266,"score_random_forest":0.0,"score_logistic_regression":0.0002695,"score_fuzzy_knn_k29":0.0},"geometry":{"type":"Polygon","coordinates":[[[-71.6280706,-9.8348436],[-71.6199353,-9.8349068],[-71.6198927,-9.8295023],[-71.6280279,-9.8294392],[-71.6280706,-9.8348436]]]}},{"type":"Feature","id":"AC-Y370-X341","properties":{"id":"AC-Y370-X341","grid_x":341,"grid_y":370,"centroid":[-71.6158464,-9.8322361],"aggregation":"none","score_gradboost":0.0061266,"score_random_forest":0.0,"score_logistic_regression":0.0003709,"score_fuzzy_knn_k29":0.0},"geometry":{"type":"Polygon","coordinates":[[[-71.6199353,-9.8349068],[-71.6118,-9.8349698],[-71.6117575,-9.8295653],[-71.6198927,-9.8295023],[-71.6199353,-9.8349068]]]}},{"type":"Feature","id":"AC-Y370-X342","properties":{"id":"AC-Y370-X342","grid_x":342,"grid_y":370,"centroid":[-71.6077111,-9.8322989],"aggregation":"none","score_gradboost":0.0071953,"score_random_forest":0.01117,"score_logistic_regression":0.0003438,"score_fuzzy_knn_k29":0.0},"geometry":{"type":"Polygon","coordinates":[[[-71.6118,-9.8349698],[-71.6036645,-9.8350325],[-71.6036222,-9.829628],[-71.6117575,-9.8295653],[-71.6118,-9.8349698]]]}},{"type":"Feature","id":"AC-Y370-X343","properties":{"id":"AC-Y370-X343","grid_x":343,"grid_y":370,"centroid":[-71.5995757,-9.8323616],"aggregation":"none","score_gradboost":0.0089974,"score_random_forest":0.009176,"score_logistic_regression":0.0004436,"score_fuzzy_knn_k29":0.0},"geometry":{"type":"Polygon","coordinates":[[[-71.6036645,-9.8350325],[-71.5955291,-9.8350951],[-71.5954869,-9.8296905],[-71.6036222,-9.829628],[-71.6036645,-9.8350325]]]}},{"type":"Feature","id":"AC-Y370-X344","properties":{"id":"AC-Y370-X344","grid_x":344,"grid_y":370,"centroid":[-71.5914403,-9.832424],"aggregation":"none","score_gradboost":0.0089974,"score_random_forest":0.003786,"score_logistic_regression":0.000396,"score_fuzzy_knn_k29":0.0},"geometry":{"type":"Polygon","coordinates":[[[-71.5955291,-9.8350951],[-71.5873936,-9.8351575],[-71.5873515,-9.8297529],[-71.5954869,-9.8296905],[-71.5955291,-9.8350951]]]}},{"type":"Feature","id":"AC-Y370-X345","properties":{"id":"AC-Y370-X345","grid_x":345,"grid_y":370,"centroid":[-71.5833048,-9.8324863],"aggregation":"none","score_gradboost":0.0061915,"score_random_forest":0.0028034,"score_logistic_regression":0.000268,"score_fuzzy_knn_k29":0.0},"geometry":{"type":"Polygon","coordinates":[[[-71.5873936,-9.8351575],[-71.579258,-9.8352197],[-71.5792161,-9.829815],[-71.5873515,-9.8297529],[-71.5873936,-9.8351575]]]}},{"type":"Feature","id":"AC-Y370-X346","properties":{"id":"AC-Y370-X346","grid_x":346,"grid_y":370,"centroid":[-71.5751693,-9.8325484],"aggregation":"none","score_gradboost":0.0078345,"score_random_forest":0.012866,"score_logistic_regression":0.0003662,"score_fuzzy_knn_k29":0.0},"geometry":{"type":"Polygon","coordinates":[[[-71.579258,-9.8352197],[-71.5711224,-9.8352816],[-71.5710806,-9.829877],[-71.5792161,-9.829815],[-71.579258,-9.8352197]]]}},{"type":"Feature","id":"AC-Y370-X347","properties":{"id":"AC-Y370-X347","grid_x":347,"grid_y":370,"centroid":[-71.5670337,-9.8326102],"aggregation":"none","score_gradboost":0.0075249,"score_random_forest":0.0076673,"score_logistic_regression":0.000429,"score_fuzzy_knn_k29":0.0},"geometry":{"type":"Polygon","coordinates":[[[-71.5711224,-9.8352816],[-71.5629867,-9.8353434],[-71.5629451,-9.8299387],[-71.5710806,-9.829877],[-71.5711224,-9.8352816]]]}},{"type":"Feature","id":"AC-Y370-X348","properties":{"id":"AC-Y370-X348","grid_x":348,"grid_y":370,"centroid":[-71.5588981,-9.8326719],"aggregation":"none","score_gradboost":0.0075249,"score_random_forest":0.004327,"score_logistic_regression":0.0004706,"score_fuzzy_knn_k29":0.0},"geometry":{"type":"Polygon","coordinates":[[[-71.5629867,-9.8353434],[-71.554851,-9.835405],[-71.5548095,-9.8300003],[-71.5629451,-9.8299387],[-71.5629867,-9.8353434]]]}},{"type":"Feature","id":"AC-Y370-X349","properties":{"id":"AC-Y370-X349","grid_x":349,"grid_y":370,"centroid":[-71.5507624,-9.8327334],"aggregation":"none","score_gradboost":0.0089765,"score_random_forest":0.0043399,"score_logistic_regression":0.0005685,"score_fuzzy_knn_k29":0.0},"geometry":{"type":"Polygon","coordinates":[[[-71.554851,-9.835405],[-71.5467152,-9.8354664],[-71.5466738,-9.8300617],[-71.5548095,-9.8300003],[-71.554851,-9.835405]]]}},{"type":"Feature","id":"AC-Y370-X350","properties":{"id":"AC-Y370-X350","grid_x":350,"grid_y":370,"centroid":[-71.5426266,-9.8327947],"aggregation":"none","score_gradboost":0.0075249,"score_random_forest":0.0004792,"score_logistic_regression":0.0004122,"score_fuzzy_knn_k29":0.0},"geometry":{"type":"Polygon","coordinates":[[[-71.5467152,-9.8354664],[-71.5385794,-9.8355276],[-71.5385381,-9.8301228],[-71.5466738,-9.8300617],[-71.5467152,-9.8354664]]]}},{"type":"Feature","id":"AC-Y370-X351","properties":{"id":"AC-Y370-X351","grid_x":351,"grid_y":370,"centroid":[-71.5344908,-9.8328558],"aggregation":"none","score_gradboost":0.0075249,"score_random_forest":0.0004792,"score_logistic_regression":0.000398,"score_fuzzy_knn_k29":0.0},"geometry":{"type":"Polygon","coordinates":[[[-71.5385794,-9.8355276],[-71.5304435,-9.8355887],[-71.5304023,-9.8301838],[-71.5385381,-9.8301228],[-71.5385794,-9.8355276]]]}},{"type":"Feature","id":"AC-Y370-X352","properties":{"id":"AC-Y370-X352","grid_x":352,"grid_y":370,"centroid":[-71.526355,-9.8329167],"aggregation":"none","score_gradboost":0.0075249,"score_random_forest":0.0,"score_logistic_regression":0.000454,"score_fuzzy_knn_k29":0.0},"geometry":{"type":"Polygon","coordinates":[[[-71.5304435,-9.8355887],[-71.5223075,-9.8356495],[-71.5222665,-9.8302446],[-71.5304023,-9.8301838],[-71.5304435,-9.8355887]]]}},{"type":"Feature","id":"AC-Y370-X353","properties":{"id":"AC-Y370-X353","grid_x":353,"grid_y":370,"centroid":[-71.5182191,-9.8329774],"aggregation":"none","score_gradboost":0.0075249,"score_random_forest":0.0099202,"score_logistic_regression":0.0003098,"score_fuzzy_knn_k29":0.0},"geometry":{"type":"Polygon","coordinates":[[[-71.5223075,-9.8356495],[-71.5141715,-9.8357101],[-71.5141307,-9.8303052],[-71.5222665,-9.8302446],[-71.5223075,-9.8356495]]]}},{"type":"Feature","id":"AC-Y370-X354","properties":{"id":"AC-Y370-X354","grid_x":354,"grid_y":370,"centroid":[-71.5100831,-9.8330379],"aggregation":"none","score_gradboost":0.0078345,"score_random_forest":0.0030518,"score_logistic_regression":0.000384,"score_fuzzy_knn_k29":0.0},"geometry":{"type":"Polygon","coordinates":[[[-71.5141715,-9.8357101],[-71.5060355,-9.8357705],[-71.5059948,-9.8303656],[-71.5141307,-9.8303052],[-71.5141715,-9.8357101]]]}},{"type":"Feature","id":"AC-Y370-X355","properties":{"id":"AC-Y370-X355","grid_x":355,"grid_y":370,"centroid":[-71.5019471,-9.8330982],"aggregation":"none","score_gradboost":0.0060759,"score_random_forest":0.0022736,"score_logistic_regression":0.0002404,"score_fuzzy_knn_k29":0.0},"geometry":{"type":"Polygon","coordinates":[[[-71.5060355,-9.8357705],[-71.4978994,-9.8358307],[-71.4978588,-9.8304258],[-71.5059948,-9.8303656],[-71.5060355,-9.8357705]]]}},{"type":"Feature","id":"AC-Y370-X356","properties":{"id":"AC-Y370-X356","grid_x":356,"grid_y":370,"centroid":[-71.4938111,-9.8331583],"aggregation":"none","score_gradboost":0.0088522,"score_random_forest":0.0090622,"score_logistic_regression":0.0002937,"score_fuzzy_knn_k29":0.0},"geometry":{"type":"Polygon","coordinates":[[[-71.4978994,-9.8358307],[-71.4897632,-9.8358908],[-71.4897228,-9.8304858],[-71.4978588,-9.8304258],[-71.4978994,-9.8358307]]]}},{"type":"Feature","id":"AC-Y371-X339","properties":{"id":"AC-Y371-X339","grid_x":339,"grid_y":371,"centroid":[-71.6320741,-9.8267054],"aggregation":"none","score_gradboost":0.0075317,"score_random_forest":0.0025847,"score_logistic_regression":0.0005371,"score_fuzzy_knn_k29":0.0},"geometry":{"type":"Polygon","coordinates":[[[-71.636163,-9.8293759],[-71.6280279,-9.8294392],[-71.6279852,-9.8240348],[-71.6361202,-9.8239715],[-71.636163,-9.8293759]]]}},{"type":"Feature","id":"AC-Y371-X340","properties":{"id":"AC-Y371-X340","grid_x":340,"grid_y":371,"centroid":[-71.623939,-9.8267686],"aggregation":"none","score_gradboost":0.0061266,"score_random_forest":0.0035085,"score_logistic_regression":0.0003899,"score_fuzzy_knn_k29":0.0},"geometry":{"type":"Polygon","coordinates":[[[-71.6280279,-9.8294392],[-71.6198927,-9.8295023],[-71.6198502,-9.8240979],[-71.6279852,-9.8240348],[-71.6280279,-9.8294392]]]}},{"type":"Feature","id":"AC-Y371-X341","properties":{"id":"AC-Y371-X341","grid_x":341,"grid_y":371,"centroid":[-71.6158039,-9.8268316],"aggregation":"none","score_gradboost":0.0061266,"score_random_forest":0.0,"score_logistic_regression":0.0002679,"score_fuzzy_knn_k29":0.0},"geometry":{"type":"Polygon","coordinates":[[[-71.6198927,-9.8295023],[-71.6117575,-9.8295653],[-71.6117151,-9.8241608],[-71.6198502,-9.8240979],[-71.6198927,-9.8295023]]]}},{"type":"Feature","id":"AC-Y371-X342","properties":{"id":"AC-Y371-X342","grid_x":342,"grid_y":371,"centroid":[-71.6076687,-9.8268944],"aggregation":"none","score_gradboost":0.0061266,"score_random_forest":0.0,"score_logistic_regression":0.0003123,"score_fuzzy_knn_k29":0.0},"geometry":{"type":"Polygon","coordinates":[[[-71.6117575,-9.8295653],[-71.6036222,-9.829628],[-71.6035799,-9.8242235],[-71.6117151,-9.8241608],[-71.6117575,-9.8295653]]]}},{"type":"Feature","id":"AC-Y371-X343","properties":{"id":"AC-Y371-X343","grid_x":343,"grid_y":371,"centroid":[-71.5995335,-9.826957],"aggregation":"none","score_gradboost":0.0061266,"score_random_forest":0.0,"score_logistic_regression":0.0003261,"score_fuzzy_knn_k29":0.0},"geometry":{"type":"Polygon","coordinates":[[[-71.6036222,-9.829628],[-71.5954869,-9.8296905],[-71.5954447,-9.824286],[-71.6035799,-9.8242235],[-71.6036222,-9.829628]]]}},{"type":"Feature","id":"AC-Y371-X344","properties":{"id":"AC-Y371-X344","grid_x":344,"grid_y":371,"centroid":[-71.5913982,-9.8270194],"aggregation":"none","score_gradboost":0.0089974,"score_random_forest":0.0131188,"score_logistic_regression":0.0004502,"score_fuzzy_knn_k29":0.0},"geometry":{"type":"Polygon","coordinates":[[[-71.5954869,-9.8296905],[-71.5873515,-9.8297529],[-71.5873095,-9.8243483],[-71.5954447,-9.824286],[-71.5954869,-9.8296905]]]}},{"type":"Feature","id":"AC-Y371-X345","properties":{"id":"AC-Y371-X345","grid_x":345,"grid_y":371,"centroid":[-71.5832628,-9.8270817],"aggregation":"none","score_gradboost":0.0071953,"score_random_forest":0.0040334,"score_logistic_regression":0.0003488,"score_fuzzy_knn_k29":0.0},"geometry":{"type":"Polygon","coordinates":[[[-71.5873515,-9.8297529],[-71.5792161,-9.829815],[-71.5791742,-9.8244104],[-71.5873095,-9.8243483],[-71.5873515,-9.8297529]]]}},{"type":"Feature","id":"AC-Y371-X346","properties":{"id":"AC-Y371-X346","grid_x":346,"grid_y":371,"centroid":[-71.5751274,-9.8271437],"aggregation":"none","score_gradboost":0.0060759,"score_random_forest":0.0021027,"score_logistic_regression":0.0003597,"score_fuzzy_knn_k29":0.0},"geometry":{"type":"Polygon","coordinates":[[[-71.5792161,-9.829815],[-71.5710806,-9.829877],[-71.5710388,-9.8244723],[-71.5791742,-9.8244104],[-71.5792161,-9.829815]]]}},{"type":"Feature","id":"AC-Y371-X347","properties":{"id":"AC-Y371-X347","grid_x":347,"grid_y":371,"centroid":[-71.566992,-9.8272055],"aggregation":"none","score_gradboost":0.0062638,"score_random_forest":0.0081681,"score_logistic_regression":0.000284,"score_fuzzy_knn_k29":0.0},"geometry":{"type":"Polygon","coordinates":[[[-71.5710806,-9.829877],[-71.5629451,-9.8299387],[-71.5629034,-9.824534],[-71.5710388,-9.8244723],[-71.5710806,-9.829877]]]}},{"type":"Feature","id":"AC-Y371-X348","properties":{"id":"AC-Y371-X348","grid_x":348,"grid_y":371,"centroid":[-71.5588565,-9.8272672],"aggregation":"none","score_gradboost":0.0075249,"score_random_forest":0.0052523,"score_logistic_regression":0.0003884,"score_fuzzy_knn_k29":0.0},"geometry":{"type":"Polygon","coordinates":[[[-71.5629451,-9.8299387],[-71.5548095,-9.8300003],[-71.554768,-9.8245956],[-71.5629034,-9.824534],[-71.5629451,-9.8299387]]]}},{"type":"Feature","id":"AC-Y371-X349","properties":{"id":"AC-Y371-X349","grid_x":349,"grid_y":371,"centroid":[-71.5507209,-9.8273286],"aggregation":"none","score_gradboost":0.0060159,"score_random_forest":0.0016147,"score_logistic_regression":0.0002676,"score_fuzzy_knn_k29":0.0},"geometry":{"type":"Polygon","coordinates":[[[-71.5548095,-9.8300003],[-71.5466738,-9.8300617],[-71.5466324,-9.8246569],[-71.554768,-9.8245956],[-71.5548095,-9.8300003]]]}},{"type":"Feature","id":"AC-Y371-X350","properties":{"id":"AC-Y371-X350","grid_x":350,"grid_y":371,"centroid":[-71.5425853,-9.8273899],"aggregation":"none","score_gradboost":0.0075249,"score_random_forest":0.0,"score_logistic_regression":0.0004623,"score_fuzzy_knn_k29":0.0},"geometry":{"type":"Polygon","coordinates":[[[-71.5466738,-9.8300617],[-71.5385381,-9.8301228],[-71.5384969,-9.824718],[-71.5466324,-9.8246569],[-71.5466738,-9.8300617]]]}},{"type":"Feature","id":"AC-Y371-X351","properties":{"id":"AC-Y371-X351","grid_x":351,"grid_y":371,"centroid":[-71.5344496,-9.8274509],"aggregation":"none","score_gradboost":0.0075249,"score_random_forest":0.0009968,"score_logistic_regression":0.000507,"score_fuzzy_knn_k29":0.0},"geometry":{"type":"Polygon","coordinates":[[[-71.5385381,-9.8301228],[-71.5304023,-9.8301838],[-71.5303612,-9.824779],[-71.5384969,-9.824718],[-71.5385381,-9.8301228]]]}},{"type":"Feature","id":"AC-Y371-X352","properties":{"id":"AC-Y371-X352","grid_x":352,"grid_y":371,"centroid":[-71.5263139,-9.8275118],"aggregation":"none","score_gradboost":0.0075249,"score_random_forest":0.0,"score_logistic_regression":0.0004523,"score_fuzzy_knn_k29":0.0},"geometry":{"type":"Polygon","coordinates":[[[-71.5304023,-9.8301838],[-71.5222665,-9.8302446],[-71.5222256,-9.8248397],[-71.5303612,-9.824779],[-71.5304023,-9.8301838]]]}},{"type":"Feature","id":"AC-Y371-X353","properties":{"id":"AC-Y371-X353","grid_x":353,"grid_y":371,"centroid":[-71.5181782,-9.8275725],"aggregation":"none","score_gradboost":0.0075249,"score_random_forest":0.0027873,"score_logistic_regression":0.0003138,"score_fuzzy_knn_k29":0.0},"geometry":{"type":"Polygon","coordinates":[[[-71.5222665,-9.8302446],[-71.5141307,-9.8303052],[-71.5140898,-9.8249003],[-71.5222256,-9.8248397],[-71.5222665,-9.8302446]]]}},{"type":"Feature","id":"AC-Y371-X354","properties":{"id":"AC-Y371-X354","grid_x":354,"grid_y":371,"centroid":[-71.5100423,-9.8276329],"aggregation":"none","score_gradboost":0.0060159,"score_random_forest":0.0096617,"score_logistic_regression":0.0002684,"score_fuzzy_knn_k29":0.0},"geometry":{"type":"Polygon","coordinates":[[[-71.5141307,-9.8303052],[-71.5059948,-9.8303656],[-71.5059541,-9.8249606],[-71.5140898,-9.8249003],[-71.5141307,-9.8303052]]]}},{"type":"Feature","id":"AC-Y371-X355","properties":{"id":"AC-Y371-X355","grid_x":355,"grid_y":371,"centroid":[-71.5019065,-9.8276932],"aggregation":"none","score_gradboost":0.0078345,"score_random_forest":0.0113903,"score_logistic_regression":0.0003879,"score_fuzzy_knn_k29":0.0},"geometry":{"type":"Polygon","coordinates":[[[-71.5059948,-9.8303656],[-71.4978588,-9.8304258],[-71.4978182,-9.8250208],[-71.5059541,-9.8249606],[-71.5059948,-9.8303656]]]}},{"type":"Feature","id":"AC-Y371-X356","properties":{"id":"AC-Y371-X356","grid_x":356,"grid_y":371,"centroid":[-71.4937705,-9.8277533],"aggregation":"none","score_gradboost":0.0075998,"score_random_forest":0.0056737,"score_logistic_regression":0.0004011,"score_fuzzy_knn_k29":0.0},"geometry":{"type":"Polygon","coordinates":[[[-71.4978588,-9.8304258],[-71.4897228,-9.8304858],[-71.4896823,-9.8250808],[-71.4978182,-9.8250208],[-71.4978588,-9.8304258]]]}},{"type":"Feature","id":"AC-Y371-X357","properties":{"id":"AC-Y371-X357","grid_x":357,"grid_y":371,"centroid":[-71.4856346,-9.8278132],"aggregation":"none","score_gradboost":0.0089974,"score_random_forest":0.0012197,"score_logistic_regression":0.0003865,"score_fuzzy_knn_k29":0.0},"geometry":{"type":"Polygon","coordinates":[[[-71.4897228,-9.8304858],[-71.4815867,-9.8305456],[-71.4815464,-9.8251405],[-71.4896823,-9.8250808],[-71.4897228,-9.8304858]]]}},{"type":"Feature","id":"AC-Y372-X339","properties":{"id":"AC-Y372-X339","grid_x":339,"grid_y":372,"centroid":[-71.6320313,-9.821301],"aggregation":"none","score_gradboost":0.0061577,"score_random_forest":0.0,"score_logistic_regression":0.0004158,"score_fuzzy_knn_k29":0.0},"geometry":{"type":"Polygon","coordinates":[[[-71.6361202,-9.8239715],[-71.6279852,-9.8240348],[-71.6279425,-9.8186304],[-71.6360774,-9.8185671],[-71.6361202,-9.8239715]]]}},{"type":"Feature","id":"AC-Y372-X340","properties":{"id":"AC-Y372-X340","grid_x":340,"grid_y":372,"centroid":[-71.6238964,-9.8213641],"aggregation":"none","score_gradboost":0.0076691,"score_random_forest":0.0053559,"score_logistic_regression":0.0005644,"score_fuzzy_knn_k29":0.0},"geometry":{"type":"Polygon","coordinates":[[[-71.6279852,-9.8240348],[-71.6198502,-9.8240979],[-71.6198076,-9.8186934],[-71.6279425,-9.8186304],[-71.6279852,-9.8240348]]]}},{"type":"Feature","id":"AC-Y372-X341","properties":{"id":"AC-Y372-X341","grid_x":341,"grid_y":372,"centroid":[-71.6157614,-9.8214271],"aggregation":"none","score_gradboost":0.0061266,"score_random_forest":0.0060515,"score_logistic_regression":0.0003095,"score_fuzzy_knn_k29":0.0},"geometry":{"type":"Polygon","coordinates":[[[-71.6198502,-9.8240979],[-71.6117151,-9.8241608],[-71.6116727,-9.8187563],[-71.6198076,-9.8186934],[-71.6198502,-9.8240979]]]}},{"type":"Feature","id":"AC-Y372-X342","properties":{"id":"AC-Y372-X342","grid_x":342,"grid_y":372,"centroid":[-71.6076263,-9.8214899],"aggregation":"none","score_gradboost":0.0061266,"score_random_forest":0.0,"score_logistic_regression":0.0004104,"score_fuzzy_knn_k29":0.0},"geometry":{"type":"Polygon","coordinates":[[[-71.6117151,-9.8241608],[-71.6035799,-9.8242235],[-71.6035377,-9.8188189],[-71.6116727,-9.8187563],[-71.6117151,-9.8241608]]]}},{"type":"Feature","id":"AC-Y372-X343","properties":{"id":"AC-Y372-X343","grid_x":343,"grid_y":372,"centroid":[-71.5994912,-9.8215525],"aggregation":"none","score_gradboost":0.0061266,"score_random_forest":0.0,"score_logistic_regression":0.0003826,"score_fuzzy_knn_k29":0.0},"geometry":{"type":"Polygon","coordinates":[[[-71.6035799,-9.8242235],[-71.5954447,-9.824286],[-71.5954026,-9.8188814],[-71.6035377,-9.8188189],[-71.6035799,-9.8242235]]]}},{"type":"Feature","id":"AC-Y372-X344","properties":{"id":"AC-Y372-X344","grid_x":344,"grid_y":372,"centroid":[-71.5913561,-9.8216149],"aggregation":"none","score_gradboost":0.0089974,"score_random_forest":0.0060155,"score_logistic_regression":0.0004291,"score_fuzzy_knn_k29":0.0},"geometry":{"type":"Polygon","coordinates":[[[-71.5954447,-9.824286],[-71.5873095,-9.8243483],[-71.5872675,-9.8189437],[-71.5954026,-9.8188814],[-71.5954447,-9.824286]]]}},{"type":"Feature","id":"AC-Y372-X345","properties":{"id":"AC-Y372-X345","grid_x":345,"grid_y":372,"centroid":[-71.5832209,-9.8216771],"aggregation":"none","score_gradboost":0.0071953,"score_random_forest":0.0219458,"score_logistic_regression":0.0003331,"score_fuzzy_knn_k29":0.0},"geometry":{"type":"Polygon","coordinates":[[[-71.5873095,-9.8243483],[-71.5791742,-9.8244104],[-71.5791323,-9.8190058],[-71.5872675,-9.8189437],[-71.5873095,-9.8243483]]]}},{"type":"Feature","id":"AC-Y372-X346","properties":{"id":"AC-Y372-X346","grid_x":346,"grid_y":372,"centroid":[-71.5750856,-9.8217391],"aggregation":"none","score_gradboost":0.0061295,"score_random_forest":0.0003789,"score_logistic_regression":0.0002903,"score_fuzzy_knn_k29":0.0},"geometry":{"type":"Polygon","coordinates":[[[-71.5791742,-9.8244104],[-71.5710388,-9.8244723],[-71.5709971,-9.8190676],[-71.5791323,-9.8190058],[-71.5791742,-9.8244104]]]}},{"type":"Feature","id":"AC-Y372-X347","properties":{"id":"AC-Y372-X347","grid_x":347,"grid_y":372,"centroid":[-71.5669503,-9.8218009],"aggregation":"none","score_gradboost":0.0062638,"score_random_forest":0.0077449,"score_logistic_regression":0.000335,"score_fuzzy_knn_k29":0.0},"geometry":{"type":"Polygon","coordinates":[[[-71.5710388,-9.8244723],[-71.5629034,-9.824534],[-71.5628618,-9.8191293],[-71.5709971,-9.8190676],[-71.5710388,-9.8244723]]]}},{"type":"Feature","id":"AC-Y372-X348","properties":{"id":"AC-Y372-X348","grid_x":348,"grid_y":372,"centroid":[-71.5588149,-9.8218625],"aggregation":"none","score_gradboost":0.0060159,"score_random_forest":0.0060342,"score_logistic_regression":0.000233,"score_fuzzy_knn_k29":0.0},"geometry":{"type":"Polygon","coordinates":[[[-71.5629034,-9.824534],[-71.554768,-9.8245956],[-71.5547265,-9.8191908],[-71.5628618,-9.8191293],[-71.5629034,-9.824534]]]}},{"type":"Feature","id":"AC-Y372-X349","properties":{"id":"AC-Y372-X349","grid_x":349,"grid_y":372,"centroid":[-71.5506795,-9.8219239],"aggregation":"none","score_gradboost":0.0060159,"score_random_forest":0.0007711,"score_logistic_regression":0.0002884,"score_fuzzy_knn_k29":0.0},"geometry":{"type":"Polygon","coordinates":[[[-71.554768,-9.8245956],[-71.5466324,-9.8246569],[-71.5465911,-9.8192521],[-71.5547265,-9.8191908],[-71.554768,-9.8245956]]]}},{"type":"Feature","id":"AC-Y372-X350","properties":{"id":"AC-Y372-X350","grid_x":350,"grid_y":372,"centroid":[-71.542544,-9.8219851],"aggregation":"none","score_gradboost":0.0075249,"score_random_forest":0.0098589,"score_logistic_regression":0.0003786,"score_fuzzy_knn_k29":0.0},"geometry":{"type":"Polygon","coordinates":[[[-71.5466324,-9.8246569],[-71.5384969,-9.824718],[-71.5384557,-9.8193132],[-71.5465911,-9.8192521],[-71.5466324,-9.8246569]]]}},{"type":"Feature","id":"AC-Y372-X351","properties":{"id":"AC-Y372-X351","grid_x":351,"grid_y":372,"centroid":[-71.5344085,-9.8220461],"aggregation":"none","score_gradboost":0.0075249,"score_random_forest":0.0018759,"score_logistic_regression":0.0003637,"score_fuzzy_knn_k29":0.0},"geometry":{"type":"Polygon","coordinates":[[[-71.5384969,-9.824718],[-71.5303612,-9.824779],[-71.5303202,-9.8193741],[-71.5384557,-9.8193132],[-71.5384969,-9.824718]]]}},{"type":"Feature","id":"AC-Y372-X352","properties":{"id":"AC-Y372-X352","grid_x":352,"grid_y":372,"centroid":[-71.5262729,-9.822107],"aggregation":"none","score_gradboost":0.0075249,"score_random_forest":0.0009968,"score_logistic_regression":0.0005052,"score_fuzzy_knn_k29":0.0},"geometry":{"type":"Polygon","coordinates":[[[-71.5303612,-9.824779],[-71.5222256,-9.8248397],[-71.5221846,-9.8194349],[-71.5303202,-9.8193741],[-71.5303612,-9.824779]]]}},{"type":"Feature","id":"AC-Y372-X353","properties":{"id":"AC-Y372-X353","grid_x":353,"grid_y":372,"centroid":[-71.5181373,-9.8221676],"aggregation":"none","score_gradboost":0.0075249,"score_random_forest":0.0023574,"score_logistic_regression":0.000331,"score_fuzzy_knn_k29":0.0},"geometry":{"type":"Polygon","coordinates":[[[-71.5222256,-9.8248397],[-71.5140898,-9.8249003],[-71.514049,-9.8194954],[-71.5221846,-9.8194349],[-71.5222256,-9.8248397]]]}},{"type":"Feature","id":"AC-Y372-X354","properties":{"id":"AC-Y372-X354","grid_x":354,"grid_y":372,"centroid":[-71.5100016,-9.822228],"aggregation":"none","score_gradboost":0.0075249,"score_random_forest":0.0,"score_logistic_regression":0.0004097,"score_fuzzy_knn_k29":0.0},"geometry":{"type":"Polygon","coordinates":[[[-71.5140898,-9.8249003],[-71.5059541,-9.8249606],[-71.5059134,-9.8195557],[-71.514049,-9.8194954],[-71.5140898,-9.8249003]]]}},{"type":"Feature","id":"AC-Y372-X355","properties":{"id":"AC-Y372-X355","grid_x":355,"grid_y":372,"centroid":[-71.5018658,-9.8222883],"aggregation":"none","score_gradboost":0.0060159,"score_random_forest":0.0085264,"score_logistic_regression":0.0002676,"score_fuzzy_knn_k29":0.0},"geometry":{"type":"Polygon","coordinates":[[[-71.5059541,-9.8249606],[-71.4978182,-9.8250208],[-71.4977777,-9.8196158],[-71.5059134,-9.8195557],[-71.5059541,-9.8249606]]]}},{"type":"Feature","id":"AC-Y372-X356","properties":{"id":"AC-Y372-X356","grid_x":356,"grid_y":372,"centroid":[-71.49373,-9.8223483],"aggregation":"none","score_gradboost":0.0060759,"score_random_forest":0.0,"score_logistic_regression":0.00027,"score_fuzzy_knn_k29":0.0},"geometry":{"type":"Polygon","coordinates":[[[-71.4978182,-9.8250208],[-71.4896823,-9.8250808],[-71.4896419,-9.8196758],[-71.4977777,-9.8196158],[-71.4978182,-9.8250208]]]}},{"type":"Feature","id":"AC-Y372-X357","properties":{"id":"AC-Y372-X357","grid_x":357,"grid_y":372,"centroid":[-71.4855942,-9.8224082],"aggregation":"none","score_gradboost":0.0060759,"score_random_forest":0.0009007,"score_logistic_regression":0.0002619,"score_fuzzy_knn_k29":0.0},"geometry":{"type":"Polygon","coordinates":[[[-71.4896823,-9.8250808],[-71.4815464,-9.8251405],[-71.4815061,-9.8197355],[-71.4896419,-9.8196758],[-71.4896823,-9.8250808]]]}},{"type":"Feature","id":"AC-Y372-X358","properties":{"id":"AC-Y372-X358","grid_x":358,"grid_y":372,"centroid":[-71.4774583,-9.8224678],"aggregation":"none","score_gradboost":0.0088522,"score_random_forest":0.0090622,"score_logistic_regression":0.0002798,"score_fuzzy_knn_k29":0.0},"geometry":{"type":"Polygon","coordinates":[[[-71.4815464,-9.8251405],[-71.4734104,-9.8252001],[-71.4733702,-9.819795],[-71.4815061,-9.8197355],[-71.4815464,-9.8251405]]]}},{"type":"Feature","id":"AC-Y373-X340","properties":{"id":"AC-Y373-X340","grid_x":340,"grid_y":373,"centroid":[-71.6238538,-9.8159597],"aggregation":"none","score_gradboost":0.0075317,"score_random_forest":0.001384,"score_logistic_regression":0.000534,"score_fuzzy_knn_k29":0.0},"geometry":{"type":"Polygon","coordinates":[[[-71.6279425,-9.8186304],[-71.6198076,-9.8186934],[-71.6197651,-9.813289],[-71.6278999,-9.8132259],[-71.6279425,-9.8186304]]]}},{"type":"Feature","id":"AC-Y373-X341","properties":{"id":"AC-Y373-X341","grid_x":341,"grid_y":373,"centroid":[-71.6157189,-9.8160226],"aggregation":"none","score_gradboost":0.0061266,"score_random_forest":0.0106141,"score_logistic_regression":0.0003577,"score_fuzzy_knn_k29":0.0},"geometry":{"type":"Polygon","coordinates":[[[-71.6198076,-9.8186934],[-71.6116727,-9.8187563],[-71.6116303,-9.8133518],[-71.6197651,-9.813289],[-71.6198076,-9.8186934]]]}},{"type":"Feature","id":"AC-Y373-X342","properties":{"id":"AC-Y373-X342","grid_x":342,"grid_y":373,"centroid":[-71.607584,-9.8160854],"aggregation":"none","score_gradboost":0.0061266,"score_random_forest":0.0043511,"score_logistic_regression":0.0003892,"score_fuzzy_knn_k29":0.0},"geometry":{"type":"Polygon","coordinates":[[[-71.6116727,-9.8187563],[-71.6035377,-9.8188189],[-71.6034954,-9.8134144],[-71.6116303,-9.8133518],[-71.6116727,-9.8187563]]]}},{"type":"Feature","id":"AC-Y373-X343","properties":{"id":"AC-Y373-X343","grid_x":343,"grid_y":373,"centroid":[-71.5994491,-9.8161479],"aggregation":"none","score_gradboost":0.0061266,"score_random_forest":0.0039065,"score_logistic_regression":0.0002867,"score_fuzzy_knn_k29":0.0},"geometry":{"type":"Polygon","coordinates":[[[-71.6035377,-9.8188189],[-71.5954026,-9.8188814],[-71.5953605,-9.8134768],[-71.6034954,-9.8134144],[-71.6035377,-9.8188189]]]}},{"type":"Feature","id":"AC-Y373-X344","properties":{"id":"AC-Y373-X344","grid_x":344,"grid_y":373,"centroid":[-71.591314,-9.8162103],"aggregation":"none","score_gradboost":0.0061266,"score_random_forest":0.0,"score_logistic_regression":0.0003456,"score_fuzzy_knn_k29":0.0},"geometry":{"type":"Polygon","coordinates":[[[-71.5954026,-9.8188814],[-71.5872675,-9.8189437],[-71.5872255,-9.8135391],[-71.5953605,-9.8134768],[-71.5954026,-9.8188814]]]}},{"type":"Feature","id":"AC-Y373-X345","properties":{"id":"AC-Y373-X345","grid_x":345,"grid_y":373,"centroid":[-71.5831789,-9.8162724],"aggregation":"none","score_gradboost":0.0071953,"score_random_forest":0.0002731,"score_logistic_regression":0.0003779,"score_fuzzy_knn_k29":0.0},"geometry":{"type":"Polygon","coordinates":[[[-71.5872675,-9.8189437],[-71.5791323,-9.8190058],[-71.5790905,-9.8136011],[-71.5872255,-9.8135391],[-71.5872675,-9.8189437]]]}},{"type":"Feature","id":"AC-Y373-X346","properties":{"id":"AC-Y373-X346","grid_x":346,"grid_y":373,"centroid":[-71.5750438,-9.8163344],"aggregation":"none","score_gradboost":0.0088522,"score_random_forest":0.0064044,"score_logistic_regression":0.0004488,"score_fuzzy_knn_k29":0.0},"geometry":{"type":"Polygon","coordinates":[[[-71.5791323,-9.8190058],[-71.5709971,-9.8190676],[-71.5709554,-9.813663],[-71.5790905,-9.8136011],[-71.5791323,-9.8190058]]]}},{"type":"Feature","id":"AC-Y373-X347","properties":{"id":"AC-Y373-X347","grid_x":347,"grid_y":373,"centroid":[-71.5669086,-9.8163962],"aggregation":"none","score_gradboost":0.0060759,"score_random_forest":0.0041859,"score_logistic_regression":0.0003073,"score_fuzzy_knn_k29":0.0},"geometry":{"type":"Polygon","coordinates":[[[-71.5709971,-9.8190676],[-71.5628618,-9.8191293],[-71.5628202,-9.8137246],[-71.5709554,-9.813663],[-71.5709971,-9.8190676]]]}},{"type":"Feature","id":"AC-Y373-X348","properties":{"id":"AC-Y373-X348","grid_x":348,"grid_y":373,"centroid":[-71.5587734,-9.8164577],"aggregation":"none","score_gradboost":0.0078345,"score_random_forest":0.0043443,"score_logistic_regression":0.0004363,"score_fuzzy_knn_k29":0.0},"geometry":{"type":"Polygon","coordinates":[[[-71.5628618,-9.8191293],[-71.5547265,-9.8191908],[-71.554685,-9.8137861],[-71.5628202,-9.8137246],[-71.5628618,-9.8191293]]]}},{"type":"Feature","id":"AC-Y373-X349","properties":{"id":"AC-Y373-X349","grid_x":349,"grid_y":373,"centroid":[-71.5506381,-9.8165191],"aggregation":"none","score_gradboost":0.0060159,"score_random_forest":0.0112284,"score_logistic_regression":0.0003157,"score_fuzzy_knn_k29":0.0},"geometry":{"type":"Polygon","coordinates":[[[-71.5547265,-9.8191908],[-71.5465911,-9.8192521],[-71.5465498,-9.8138474],[-71.554685,-9.8137861],[-71.5547265,-9.8191908]]]}},{"type":"Feature","id":"AC-Y373-X350","properties":{"id":"AC-Y373-X350","grid_x":350,"grid_y":373,"centroid":[-71.5425027,-9.8165803],"aggregation":"none","score_gradboost":0.0075249,"score_random_forest":0.0031292,"score_logistic_regression":0.000457,"score_fuzzy_knn_k29":0.0},"geometry":{"type":"Polygon","coordinates":[[[-71.5465911,-9.8192521],[-71.5384557,-9.8193132],[-71.5384145,-9.8139084],[-71.5465498,-9.8138474],[-71.5465911,-9.8192521]]]}},{"type":"Feature","id":"AC-Y373-X351","properties":{"id":"AC-Y373-X351","grid_x":351,"grid_y":373,"centroid":[-71.5343673,-9.8166413],"aggregation":"none","score_gradboost":0.0075249,"score_random_forest":0.0013324,"score_logistic_regression":0.0003792,"score_fuzzy_knn_k29":0.0},"geometry":{"type":"Polygon","coordinates":[[[-71.5384557,-9.8193132],[-71.5303202,-9.8193741],[-71.5302791,-9.8139693],[-71.5384145,-9.8139084],[-71.5384557,-9.8193132]]]}},{"type":"Feature","id":"AC-Y373-X352","properties":{"id":"AC-Y373-X352","grid_x":352,"grid_y":373,"centroid":[-71.5262319,-9.8167021],"aggregation":"none","score_gradboost":0.0075249,"score_random_forest":0.0033397,"score_logistic_regression":0.000494,"score_fuzzy_knn_k29":0.0},"geometry":{"type":"Polygon","coordinates":[[[-71.5303202,-9.8193741],[-71.5221846,-9.8194349],[-71.5221437,-9.81403],[-71.5302791,-9.8139693],[-71.5303202,-9.8193741]]]}},{"type":"Feature","id":"AC-Y373-X353","properties":{"id":"AC-Y373-X353","grid_x":353,"grid_y":373,"centroid":[-71.5180964,-9.8167627],"aggregation":"none","score_gradboost":0.0089765,"score_random_forest":0.004198,"score_logistic_regression":0.0005415,"score_fuzzy_knn_k29":0.0},"geometry":{"type":"Polygon","coordinates":[[[-71.5221846,-9.8194349],[-71.514049,-9.8194954],[-71.5140082,-9.8140905],[-71.5221437,-9.81403],[-71.5221846,-9.8194349]]]}},{"type":"Feature","id":"AC-Y373-X354","properties":{"id":"AC-Y373-X354","grid_x":354,"grid_y":373,"centroid":[-71.5099608,-9.8168231],"aggregation":"none","score_gradboost":0.0075249,"score_random_forest":0.0,"score_logistic_regression":0.0004762,"score_fuzzy_knn_k29":0.0},"geometry":{"type":"Polygon","coordinates":[[[-71.514049,-9.8194954],[-71.5059134,-9.8195557],[-71.5058727,-9.8141508],[-71.5140082,-9.8140905],[-71.514049,-9.8194954]]]}},{"type":"Feature","id":"AC-Y373-X355","properties":{"id":"AC-Y373-X355","grid_x":355,"grid_y":373,"centroid":[-71.5018252,-9.8168833],"aggregation":"none","score_gradboost":0.0075249,"score_random_forest":0.0014575,"score_logistic_regression":0.0003664,"score_fuzzy_knn_k29":0.0},"geometry":{"type":"Polygon","coordinates":[[[-71.5059134,-9.8195557],[-71.4977777,-9.8196158],[-71.4977371,-9.8142109],[-71.5058727,-9.8141508],[-71.5059134,-9.8195557]]]}},{"type":"Feature","id":"AC-Y373-X356","properties":{"id":"AC-Y373-X356","grid_x":356,"grid_y":373,"centroid":[-71.4936896,-9.8169433],"aggregation":"none","score_gradboost":0.0062638,"score_random_forest":0.0061423,"score_logistic_regression":0.0002311,"score_fuzzy_knn_k29":0.0},"geometry":{"type":"Polygon","coordinates":[[[-71.4977777,-9.8196158],[-71.4896419,-9.8196758],[-71.4896015,-9.8142707],[-71.4977371,-9.8142109],[-71.4977777,-9.8196158]]]}},{"type":"Feature","id":"AC-Y373-X357","properties":{"id":"AC-Y373-X357","grid_x":357,"grid_y":373,"centroid":[-71.4855538,-9.8170031],"aggregation":"none","score_gradboost":0.0078345,"score_random_forest":0.0075881,"score_logistic_regression":0.000356,"score_fuzzy_knn_k29":0.0},"geometry":{"type":"Polygon","coordinates":[[[-71.4896419,-9.8196758],[-71.4815061,-9.8197355],[-71.4814658,-9.8143305],[-71.4896015,-9.8142707],[-71.4896419,-9.8196758]]]}},{"type":"Feature","id":"AC-Y373-X358","properties":{"id":"AC-Y373-X358","grid_x":358,"grid_y":373,"centroid":[-71.4774181,-9.8170628],"aggregation":"none","score_gradboost":0.0075998,"score_random_forest":0.0055536,"score_logistic_regression":0.0002943,"score_fuzzy_knn_k29":0.0},"geometry":{"type":"Polygon","coordinates":[[[-71.4815061,-9.8197355],[-71.4733702,-9.819795],[-71.4733301,-9.81439],[-71.4814658,-9.8143305],[-71.4815061,-9.8197355]]]}},{"type":"Feature","id":"AC-Y374-X341","properties":{"id":"AC-Y374-X341","grid_x":341,"grid_y":374,"centroid":[-71.6156765,-9.8106182],"aggregation":"none","score_gradboost":0.0075317,"score_random_forest":0.0,"score_logistic_regression":0.0005981,"score_fuzzy_knn_k29":0.0},"geometry":{"type":"Polygon","coordinates":[[[-71.6197651,-9.813289],[-71.6116303,-9.8133518],[-71.611588,-9.8079473],[-71.6197226,-9.8078845],[-71.6197651,-9.813289]]]}},{"type":"Feature","id":"AC-Y374-X342","properties":{"id":"AC-Y374-X342","grid_x":342,"grid_y":374,"centroid":[-71.6075417,-9.8106809],"aggregation":"none","score_gradboost":0.0061266,"score_random_forest":0.0067163,"score_logistic_regression":0.000368,"score_fuzzy_knn_k29":0.0},"geometry":{"type":"Polygon","coordinates":[[[-71.6116303,-9.8133518],[-71.6034954,-9.8134144],[-71.6034532,-9.8080099],[-71.611588,-9.8079473],[-71.6116303,-9.8133518]]]}},{"type":"Feature","id":"AC-Y374-X343","properties":{"id":"AC-Y374-X343","grid_x":343,"grid_y":374,"centroid":[-71.5994069,-9.8107434],"aggregation":"none","score_gradboost":0.0061266,"score_random_forest":0.0,"score_logistic_regression":0.0003246,"score_fuzzy_knn_k29":0.0},"geometry":{"type":"Polygon","coordinates":[[[-71.6034954,-9.8134144],[-71.5953605,-9.8134768],[-71.5953184,-9.8080723],[-71.6034532,-9.8080099],[-71.6034954,-9.8134144]]]}},{"type":"Feature","id":"AC-Y374-X344","properties":{"id":"AC-Y374-X344","grid_x":344,"grid_y":374,"centroid":[-71.591272,-9.8108057],"aggregation":"none","score_gradboost":0.0061266,"score_random_forest":0.0,"score_logistic_regression":0.0002749,"score_fuzzy_knn_k29":0.0},"geometry":{"type":"Polygon","coordinates":[[[-71.5953605,-9.8134768],[-71.5872255,-9.8135391],[-71.5871836,-9.8081345],[-71.5953184,-9.8080723],[-71.5953605,-9.8134768]]]}},{"type":"Feature","id":"AC-Y374-X345","properties":{"id":"AC-Y374-X345","grid_x":345,"grid_y":374,"centroid":[-71.583137,-9.8108678],"aggregation":"none","score_gradboost":0.0089974,"score_random_forest":0.0032642,"score_logistic_regression":0.0004216,"score_fuzzy_knn_k29":0.0},"geometry":{"type":"Polygon","coordinates":[[[-71.5872255,-9.8135391],[-71.5790905,-9.8136011],[-71.5790486,-9.8081965],[-71.5871836,-9.8081345],[-71.5872255,-9.8135391]]]}},{"type":"Feature","id":"AC-Y374-X346","properties":{"id":"AC-Y374-X346","grid_x":346,"grid_y":374,"centroid":[-71.575002,-9.8109298],"aggregation":"none","score_gradboost":0.0071953,"score_random_forest":0.0208492,"score_logistic_regression":0.000347,"score_fuzzy_knn_k29":0.0},"geometry":{"type":"Polygon","coordinates":[[[-71.5790905,-9.8136011],[-71.5709554,-9.813663],[-71.5709137,-9.8082583],[-71.5790486,-9.8081965],[-71.5790905,-9.8136011]]]}},{"type":"Feature","id":"AC-Y374-X347","properties":{"id":"AC-Y374-X347","grid_x":347,"grid_y":374,"centroid":[-71.566867,-9.8109915],"aggregation":"none","score_gradboost":0.0077442,"score_random_forest":0.0023846,"score_logistic_regression":0.0005055,"score_fuzzy_knn_k29":0.0},"geometry":{"type":"Polygon","coordinates":[[[-71.5709554,-9.813663],[-71.5628202,-9.8137246],[-71.5627787,-9.8083199],[-71.5709137,-9.8082583],[-71.5709554,-9.813663]]]}},{"type":"Feature","id":"AC-Y374-X348","properties":{"id":"AC-Y374-X348","grid_x":348,"grid_y":374,"centroid":[-71.5587319,-9.811053],"aggregation":"none","score_gradboost":0.0060759,"score_random_forest":0.0169713,"score_logistic_regression":0.0003297,"score_fuzzy_knn_k29":0.0},"geometry":{"type":"Polygon","coordinates":[[[-71.5628202,-9.8137246],[-71.554685,-9.8137861],[-71.5546436,-9.8083814],[-71.5627787,-9.8083199],[-71.5628202,-9.8137246]]]}},{"type":"Feature","id":"AC-Y374-X349","properties":{"id":"AC-Y374-X349","grid_x":349,"grid_y":374,"centroid":[-71.5505967,-9.8111144],"aggregation":"none","score_gradboost":0.0078345,"score_random_forest":0.0022051,"score_logistic_regression":0.0004788,"score_fuzzy_knn_k29":0.0},"geometry":{"type":"Polygon","coordinates":[[[-71.554685,-9.8137861],[-71.5465498,-9.8138474],[-71.5465085,-9.8084426],[-71.5546436,-9.8083814],[-71.554685,-9.8137861]]]}},{"type":"Feature","id":"AC-Y374-X350","properties":{"id":"AC-Y374-X350","grid_x":350,"grid_y":374,"centroid":[-71.5424615,-9.8111755],"aggregation":"none","score_gradboost":0.0078345,"score_random_forest":0.0052909,"score_logistic_regression":0.0003659,"score_fuzzy_knn_k29":0.0},"geometry":{"type":"Polygon","coordinates":[[[-71.5465498,-9.8138474],[-71.5384145,-9.8139084],[-71.5383733,-9.8085036],[-71.5465085,-9.8084426],[-71.5465498,-9.8138474]]]}},{"type":"Feature","id":"AC-Y374-X351","properties":{"id":"AC-Y374-X351","grid_x":351,"grid_y":374,"centroid":[-71.5343262,-9.8112365],"aggregation":"none","score_gradboost":0.0075249,"score_random_forest":0.0008667,"score_logistic_regression":0.0004906,"score_fuzzy_knn_k29":0.0},"geometry":{"type":"Polygon","coordinates":[[[-71.5384145,-9.8139084],[-71.5302791,-9.8139693],[-71.5302381,-9.8085645],[-71.5383733,-9.8085036],[-71.5384145,-9.8139084]]]}},{"type":"Feature","id":"AC-Y374-X352","properties":{"id":"AC-Y374-X352","grid_x":352,"grid_y":374,"centroid":[-71.5261909,-9.8112972],"aggregation":"none","score_gradboost":0.0060159,"score_random_forest":0.0010018,"score_logistic_regression":0.0002717,"score_fuzzy_knn_k29":0.0},"geometry":{"type":"Polygon","coordinates":[[[-71.5302791,-9.8139693],[-71.5221437,-9.81403],[-71.5221028,-9.8086251],[-71.5302381,-9.8085645],[-71.5302791,-9.8139693]]]}},{"type":"Feature","id":"AC-Y374-X353","properties":{"id":"AC-Y374-X353","grid_x":353,"grid_y":374,"centroid":[-71.5180555,-9.8113578],"aggregation":"none","score_gradboost":0.0075249,"score_random_forest":0.0009968,"score_logistic_regression":0.000506,"score_fuzzy_knn_k29":0.0},"geometry":{"type":"Polygon","coordinates":[[[-71.5221437,-9.81403],[-71.5140082,-9.8140905],[-71.5139674,-9.8086856],[-71.5221028,-9.8086251],[-71.5221437,-9.81403]]]}},{"type":"Feature","id":"AC-Y374-X354","properties":{"id":"AC-Y374-X354","grid_x":354,"grid_y":374,"centroid":[-71.5099201,-9.8114182],"aggregation":"none","score_gradboost":0.0075249,"score_random_forest":0.0009968,"score_logistic_regression":0.0005055,"score_fuzzy_knn_k29":0.0},"geometry":{"type":"Polygon","coordinates":[[[-71.5140082,-9.8140905],[-71.5058727,-9.8141508],[-71.5058321,-9.8087458],[-71.5139674,-9.8086856],[-71.5140082,-9.8140905]]]}},{"type":"Feature","id":"AC-Y374-X355","properties":{"id":"AC-Y374-X355","grid_x":355,"grid_y":374,"centroid":[-71.5017846,-9.8114783],"aggregation":"none","score_gradboost":0.0075249,"score_random_forest":0.0029939,"score_logistic_regression":0.0003522,"score_fuzzy_knn_k29":0.0},"geometry":{"type":"Polygon","coordinates":[[[-71.5058727,-9.8141508],[-71.4977371,-9.8142109],[-71.4976966,-9.8088059],[-71.5058321,-9.8087458],[-71.5058727,-9.8141508]]]}},{"type":"Feature","id":"AC-Y374-X356","properties":{"id":"AC-Y374-X356","grid_x":356,"grid_y":374,"centroid":[-71.4936491,-9.8115383],"aggregation":"none","score_gradboost":0.0075249,"score_random_forest":0.0010607,"score_logistic_regression":0.0003936,"score_fuzzy_knn_k29":0.0},"geometry":{"type":"Polygon","coordinates":[[[-71.4977371,-9.8142109],[-71.4896015,-9.8142707],[-71.4895611,-9.8088657],[-71.4976966,-9.8088059],[-71.4977371,-9.8142109]]]}},{"type":"Feature","id":"AC-Y374-X357","properties":{"id":"AC-Y374-X357","grid_x":357,"grid_y":374,"centroid":[-71.4855135,-9.8115981],"aggregation":"none","score_gradboost":0.0060159,"score_random_forest":0.0124865,"score_logistic_regression":0.0002451,"score_fuzzy_knn_k29":0.0},"geometry":{"type":"Polygon","coordinates":[[[-71.4896015,-9.8142707],[-71.4814658,-9.8143305],[-71.4814256,-9.8089254],[-71.4895611,-9.8088657],[-71.4896015,-9.8142707]]]}},{"type":"Feature","id":"AC-Y374-X358","properties":{"id":"AC-Y374-X358","grid_x":358,"grid_y":374,"centroid":[-71.4773779,-9.8116577],"aggregation":"none","score_gradboost":0.0078345,"score_random_forest":0.0078449,"score_logistic_regression":0.0003055,"score_fuzzy_knn_k29":0.0},"geometry":{"type":"Polygon","coordinates":[[[-71.4814658,-9.8143305],[-71.4733301,-9.81439],[-71.47329,-9.8089849],[-71.4814256,-9.8089254],[-71.4814658,-9.8143305]]]}},{"type":"Feature","id":"AC-Y375-X342","properties":{"id":"AC-Y375-X342","grid_x":342,"grid_y":375,"centroid":[-71.6074995,-9.8052764],"aggregation":"none","score_gradboost":0.0061577,"score_random_forest":0.0,"score_logistic_regression":0.0002964,"score_fuzzy_knn_k29":0.0},"geometry":{"type":"Polygon","coordinates":[[[-71.611588,-9.8079473],[-71.6034532,-9.8080099],[-71.603411,-9.8026054],[-71.6115456,-9.8025428],[-71.611588,-9.8079473]]]}},{"type":"Feature","id":"AC-Y375-X343","properties":{"id":"AC-Y375-X343","grid_x":343,"grid_y":375,"centroid":[-71.5993647,-9.8053388],"aggregation":"none","score_gradboost":0.0061266,"score_random_forest":0.0035085,"score_logistic_regression":0.0002975,"score_fuzzy_knn_k29":0.0},"geometry":{"type":"Polygon","coordinates":[[[-71.6034532,-9.8080099],[-71.5953184,-9.8080723],[-71.5952763,-9.8026677],[-71.603411,-9.8026054],[-71.6034532,-9.8080099]]]}},{"type":"Feature","id":"AC-Y375-X344","properties":{"id":"AC-Y375-X344","grid_x":344,"grid_y":375,"centroid":[-71.59123,-9.8054011],"aggregation":"none","score_gradboost":0.0061266,"score_random_forest":0.0017409,"score_logistic_regression":0.0003293,"score_fuzzy_knn_k29":0.0},"geometry":{"type":"Polygon","coordinates":[[[-71.5953184,-9.8080723],[-71.5871836,-9.8081345],[-71.5871416,-9.8027299],[-71.5952763,-9.8026677],[-71.5953184,-9.8080723]]]}},{"type":"Feature","id":"AC-Y375-X345","properties":{"id":"AC-Y375-X345","grid_x":345,"grid_y":375,"centroid":[-71.5830952,-9.8054632],"aggregation":"none","score_gradboost":0.0075853,"score_random_forest":0.0004788,"score_logistic_regression":0.0004917,"score_fuzzy_knn_k29":0.0},"geometry":{"type":"Polygon","coordinates":[[[-71.5871836,-9.8081345],[-71.5790486,-9.8081965],[-71.5790068,-9.8027919],[-71.5871416,-9.8027299],[-71.5871836,-9.8081345]]]}},{"type":"Feature","id":"AC-Y375-X346","properties":{"id":"AC-Y375-X346","grid_x":346,"grid_y":375,"centroid":[-71.5749603,-9.8055251],"aggregation":"none","score_gradboost":0.0089974,"score_random_forest":0.005496,"score_logistic_regression":0.0005311,"score_fuzzy_knn_k29":0.0},"geometry":{"type":"Polygon","coordinates":[[[-71.5790486,-9.8081965],[-71.5709137,-9.8082583],[-71.570872,-9.8028536],[-71.5790068,-9.8027919],[-71.5790486,-9.8081965]]]}},{"type":"Feature","id":"AC-Y375-X347","properties":{"id":"AC-Y375-X347","grid_x":347,"grid_y":375,"centroid":[-71.5668254,-9.8055868],"aggregation":"none","score_gradboost":0.0089974,"score_random_forest":0.02738,"score_logistic_regression":0.0005066,"score_fuzzy_knn_k29":0.0},"geometry":{"type":"Polygon","coordinates":[[[-71.5709137,-9.8082583],[-71.5627787,-9.8083199],[-71.5627371,-9.8029152],[-71.570872,-9.8028536],[-71.5709137,-9.8082583]]]}},{"type":"Feature","id":"AC-Y375-X348","properties":{"id":"AC-Y375-X348","grid_x":348,"grid_y":375,"centroid":[-71.5586904,-9.8056483],"aggregation":"none","score_gradboost":0.0070789,"score_random_forest":0.0026318,"score_logistic_regression":0.0002675,"score_fuzzy_knn_k29":0.0},"geometry":{"type":"Polygon","coordinates":[[[-71.5627787,-9.8083199],[-71.5546436,-9.8083814],[-71.5546022,-9.8029766],[-71.5627371,-9.8029152],[-71.5627787,-9.8083199]]]}},{"type":"Feature","id":"AC-Y375-X349","properties":{"id":"AC-Y375-X349","grid_x":349,"grid_y":375,"centroid":[-71.5505554,-9.8057096],"aggregation":"none","score_gradboost":0.0060759,"score_random_forest":0.0066984,"score_logistic_regression":0.0002607,"score_fuzzy_knn_k29":0.0},"geometry":{"type":"Polygon","coordinates":[[[-71.5546436,-9.8083814],[-71.5465085,-9.8084426],[-71.5464672,-9.8030378],[-71.5546022,-9.8029766],[-71.5546436,-9.8083814]]]}},{"type":"Feature","id":"AC-Y375-X350","properties":{"id":"AC-Y375-X350","grid_x":350,"grid_y":375,"centroid":[-71.5424203,-9.8057707],"aggregation":"none","score_gradboost":0.0060759,"score_random_forest":0.0005216,"score_logistic_regression":0.0003268,"score_fuzzy_knn_k29":0.0},"geometry":{"type":"Polygon","coordinates":[[[-71.5465085,-9.8084426],[-71.5383733,-9.8085036],[-71.5383322,-9.8030988],[-71.5464672,-9.8030378],[-71.5465085,-9.8084426]]]}},{"type":"Feature","id":"AC-Y375-X351","properties":{"id":"AC-Y375-X351","grid_x":351,"grid_y":375,"centroid":[-71.5342851,-9.8058317],"aggregation":"none","score_gradboost":0.0078345,"score_random_forest":0.0081699,"score_logistic_regression":0.0004189,"score_fuzzy_knn_k29":0.0},"geometry":{"type":"Polygon","coordinates":[[[-71.5383733,-9.8085036],[-71.5302381,-9.8085645],[-71.5301971,-9.8031596],[-71.5383322,-9.8030988],[-71.5383733,-9.8085036]]]}},{"type":"Feature","id":"AC-Y375-X352","properties":{"id":"AC-Y375-X352","grid_x":352,"grid_y":375,"centroid":[-71.52615,-9.8058924],"aggregation":"none","score_gradboost":0.0060159,"score_random_forest":0.0039271,"score_logistic_regression":0.0002926,"score_fuzzy_knn_k29":0.0},"geometry":{"type":"Polygon","coordinates":[[[-71.5302381,-9.8085645],[-71.5221028,-9.8086251],[-71.5220619,-9.8032202],[-71.5301971,-9.8031596],[-71.5302381,-9.8085645]]]}},{"type":"Feature","id":"AC-Y375-X353","properties":{"id":"AC-Y375-X353","grid_x":353,"grid_y":375,"centroid":[-71.5180147,-9.8059529],"aggregation":"none","score_gradboost":0.0075249,"score_random_forest":0.0009234,"score_logistic_regression":0.0004801,"score_fuzzy_knn_k29":0.0},"geometry":{"type":"Polygon","coordinates":[[[-71.5221028,-9.8086251],[-71.5139674,-9.8086856],[-71.5139267,-9.8032806],[-71.5220619,-9.8032202],[-71.5221028,-9.8086251]]]}},{"type":"Feature","id":"AC-Y375-X354","properties":{"id":"AC-Y375-X354","grid_x":354,"grid_y":375,"centroid":[-71.5098794,-9.8060132],"aggregation":"none","score_gradboost":0.0075249,"score_random_forest":0.001972,"score_logistic_regression":0.0004178,"score_fuzzy_knn_k29":0.0},"geometry":{"type":"Polygon","coordinates":[[[-71.5139674,-9.8086856],[-71.5058321,-9.8087458],[-71.5057914,-9.8033409],[-71.5139267,-9.8032806],[-71.5139674,-9.8086856]]]}},{"type":"Feature","id":"AC-Y375-X355","properties":{"id":"AC-Y375-X355","grid_x":355,"grid_y":375,"centroid":[-71.5017441,-9.8060734],"aggregation":"none","score_gradboost":0.0075249,"score_random_forest":0.0025551,"score_logistic_regression":0.000395,"score_fuzzy_knn_k29":0.0},"geometry":{"type":"Polygon","coordinates":[[[-71.5058321,-9.8087458],[-71.4976966,-9.8088059],[-71.4976561,-9.8034009],[-71.5057914,-9.8033409],[-71.5058321,-9.8087458]]]}},{"type":"Feature","id":"AC-Y375-X356","properties":{"id":"AC-Y375-X356","grid_x":356,"grid_y":375,"centroid":[-71.4936087,-9.8061333],"aggregation":"none","score_gradboost":0.0075249,"score_random_forest":0.0117649,"score_logistic_regression":0.0004504,"score_fuzzy_knn_k29":0.0},"geometry":{"type":"Polygon","coordinates":[[[-71.4976966,-9.8088059],[-71.4895611,-9.8088657],[-71.4895208,-9.8034607],[-71.4976561,-9.8034009],[-71.4976966,-9.8088059]]]}},{"type":"Feature","id":"AC-Y375-X357","properties":{"id":"AC-Y375-X357","grid_x":357,"grid_y":375,"centroid":[-71.4854732,-9.8061931],"aggregation":"none","score_gradboost":0.0060159,"score_random_forest":0.0008894,"score_logistic_regression":0.000258,"score_fuzzy_knn_k29":0.0},"geometry":{"type":"Polygon","coordinates":[[[-71.4895611,-9.8088657],[-71.4814256,-9.8089254],[-71.4813854,-9.8035204],[-71.4895208,-9.8034607],[-71.4895611,-9.8088657]]]}},{"type":"Feature","id":"AC-Y375-X358","properties":{"id":"AC-Y375-X358","grid_x":358,"grid_y":375,"centroid":[-71.4773377,-9.8062526],"aggregation":"none","score_gradboost":0.0075249,"score_random_forest":0.0132765,"score_logistic_regression":0.0002917,"score_fuzzy_knn_k29":0.0},"geometry":{"type":"Polygon","coordinates":[[[-71.4814256,-9.8089254],[-71.47329,-9.8089849],[-71.4732499,-9.8035798],[-71.4813854,-9.8035204],[-71.4814256,-9.8089254]]]}},{"type":"Feature","id":"AC-Y376-X342","properties":{"id":"AC-Y376-X342","grid_x":342,"grid_y":376,"centroid":[-71.6074572,-9.7998718],"aggregation":"none","score_gradboost":0.0061577,"score_random_forest":0.0,"score_logistic_regression":0.0003712,"score_fuzzy_knn_k29":0.0},"geometry":{"type":"Polygon","coordinates":[[[-71.6115456,-9.8025428],[-71.603411,-9.8026054],[-71.6033688,-9.7972008],[-71.6115033,-9.7971383],[-71.6115456,-9.8025428]]]}},{"type":"Feature","id":"AC-Y376-X343","properties":{"id":"AC-Y376-X343","grid_x":343,"grid_y":376,"centroid":[-71.5993226,-9.7999343],"aggregation":"none","score_gradboost":0.0061266,"score_random_forest":0.007735,"score_logistic_regression":0.000372,"score_fuzzy_knn_k29":0.0},"geometry":{"type":"Polygon","coordinates":[[[-71.603411,-9.8026054],[-71.5952763,-9.8026677],[-71.5952343,-9.7972631],[-71.6033688,-9.7972008],[-71.603411,-9.8026054]]]}},{"type":"Feature","id":"AC-Y376-X344","properties":{"id":"AC-Y376-X344","grid_x":344,"grid_y":376,"centroid":[-71.591188,-9.7999965],"aggregation":"none","score_gradboost":0.0061266,"score_random_forest":0.0,"score_logistic_regression":0.0003428,"score_fuzzy_knn_k29":0.0},"geometry":{"type":"Polygon","coordinates":[[[-71.5952763,-9.8026677],[-71.5871416,-9.8027299],[-71.5870997,-9.7973253],[-71.5952343,-9.7972631],[-71.5952763,-9.8026677]]]}},{"type":"Feature","id":"AC-Y376-X345","properties":{"id":"AC-Y376-X345","grid_x":345,"grid_y":376,"centroid":[-71.5830533,-9.8000586],"aggregation":"none","score_gradboost":0.0075853,"score_random_forest":0.0072767,"score_logistic_regression":0.0004984,"score_fuzzy_knn_k29":0.0},"geometry":{"type":"Polygon","coordinates":[[[-71.5871416,-9.8027299],[-71.5790068,-9.8027919],[-71.5789651,-9.7973872],[-71.5870997,-9.7973253],[-71.5871416,-9.8027299]]]}},{"type":"Feature","id":"AC-Y376-X346","properties":{"id":"AC-Y376-X346","grid_x":346,"grid_y":376,"centroid":[-71.5749186,-9.8001204],"aggregation":"none","score_gradboost":0.0071953,"score_random_forest":0.01117,"score_logistic_regression":0.0003728,"score_fuzzy_knn_k29":0.0},"geometry":{"type":"Polygon","coordinates":[[[-71.5790068,-9.8027919],[-71.570872,-9.8028536],[-71.5708304,-9.797449],[-71.5789651,-9.7973872],[-71.5790068,-9.8027919]]]}},{"type":"Feature","id":"AC-Y376-X347","properties":{"id":"AC-Y376-X347","grid_x":347,"grid_y":376,"centroid":[-71.5667838,-9.8001821],"aggregation":"none","score_gradboost":0.0071953,"score_random_forest":0.0002731,"score_logistic_regression":0.0002963,"score_fuzzy_knn_k29":0.0},"geometry":{"type":"Polygon","coordinates":[[[-71.570872,-9.8028536],[-71.5627371,-9.8029152],[-71.5626956,-9.7975105],[-71.5708304,-9.797449],[-71.570872,-9.8028536]]]}},{"type":"Feature","id":"AC-Y376-X348","properties":{"id":"AC-Y376-X348","grid_x":348,"grid_y":376,"centroid":[-71.5586489,-9.8002436],"aggregation":"none","score_gradboost":0.0089974,"score_random_forest":0.0035842,"score_logistic_regression":0.0003941,"score_fuzzy_knn_k29":0.0},"geometry":{"type":"Polygon","coordinates":[[[-71.5627371,-9.8029152],[-71.5546022,-9.8029766],[-71.5545608,-9.7975719],[-71.5626956,-9.7975105],[-71.5627371,-9.8029152]]]}},{"type":"Feature","id":"AC-Y376-X349","properties":{"id":"AC-Y376-X349","grid_x":349,"grid_y":376,"centroid":[-71.550514,-9.8003049],"aggregation":"none","score_gradboost":0.0071953,"score_random_forest":0.006414,"score_logistic_regression":0.0003426,"score_fuzzy_knn_k29":0.0},"geometry":{"type":"Polygon","coordinates":[[[-71.5546022,-9.8029766],[-71.5464672,-9.8030378],[-71.5464259,-9.797633],[-71.5545608,-9.7975719],[-71.5546022,-9.8029766]]]}},{"type":"Feature","id":"AC-Y376-X350","properties":{"id":"AC-Y376-X350","grid_x":350,"grid_y":376,"centroid":[-71.5423791,-9.8003659],"aggregation":"none","score_gradboost":0.0076667,"score_random_forest":0.0003789,"score_logistic_regression":0.000473,"score_fuzzy_knn_k29":0.0},"geometry":{"type":"Polygon","coordinates":[[[-71.5464672,-9.8030378],[-71.5383322,-9.8030988],[-71.538291,-9.797694],[-71.5464259,-9.797633],[-71.5464672,-9.8030378]]]}},{"type":"Feature","id":"AC-Y376-X351","properties":{"id":"AC-Y376-X351","grid_x":351,"grid_y":376,"centroid":[-71.5342441,-9.8004268],"aggregation":"none","score_gradboost":0.0078345,"score_random_forest":0.0006601,"score_logistic_regression":0.0005646,"score_fuzzy_knn_k29":0.0},"geometry":{"type":"Polygon","coordinates":[[[-71.5383322,-9.8030988],[-71.5301971,-9.8031596],[-71.5301561,-9.7977548],[-71.538291,-9.797694],[-71.5383322,-9.8030988]]]}},{"type":"Feature","id":"AC-Y376-X352","properties":{"id":"AC-Y376-X352","grid_x":352,"grid_y":376,"centroid":[-71.526109,-9.8004875],"aggregation":"none","score_gradboost":0.0078345,"score_random_forest":0.0106916,"score_logistic_regression":0.0003891,"score_fuzzy_knn_k29":0.0},"geometry":{"type":"Polygon","coordinates":[[[-71.5301971,-9.8031596],[-71.5220619,-9.8032202],[-71.522021,-9.7978153],[-71.5301561,-9.7977548],[-71.5301971,-9.8031596]]]}},{"type":"Feature","id":"AC-Y376-X353","properties":{"id":"AC-Y376-X353","grid_x":353,"grid_y":376,"centroid":[-71.5179739,-9.800548],"aggregation":"none","score_gradboost":0.0060159,"score_random_forest":0.0044977,"score_logistic_regression":0.0002954,"score_fuzzy_knn_k29":0.0},"geometry":{"type":"Polygon","coordinates":[[[-71.5220619,-9.8032202],[-71.5139267,-9.8032806],[-71.513886,-9.7978757],[-71.522021,-9.7978153],[-71.5220619,-9.8032202]]]}},{"type":"Feature","id":"AC-Y376-X354","properties":{"id":"AC-Y376-X354","grid_x":354,"grid_y":376,"centroid":[-71.5098387,-9.8006083],"aggregation":"none","score_gradboost":0.0075249,"score_random_forest":0.0018759,"score_logistic_regression":0.0003495,"score_fuzzy_knn_k29":0.0},"geometry":{"type":"Polygon","coordinates":[[[-71.5139267,-9.8032806],[-71.5057914,-9.8033409],[-71.5057509,-9.7979359],[-71.513886,-9.7978757],[-71.5139267,-9.8032806]]]}},{"type":"Feature","id":"AC-Y377-X343","properties":{"id":"AC-Y377-X343","grid_x":343,"grid_y":377,"centroid":[-71.5992805,-9.7945297],"aggregation":"none","score_gradboost":0.0061577,"score_random_forest":0.0,"score_logistic_regression":0.0004041,"score_fuzzy_knn_k29":0.0},"geometry":{"type":"Polygon","coordinates":[[[-71.6033688,-9.7972008],[-71.5952343,-9.7972631],[-71.5951923,-9.7918586],[-71.6033267,-9.7917963],[-71.6033688,-9.7972008]]]}},{"type":"Feature","id":"AC-Y377-X344","properties":{"id":"AC-Y377-X344","grid_x":344,"grid_y":377,"centroid":[-71.591146,-9.7945919],"aggregation":"none","score_gradboost":0.0061266,"score_random_forest":0.0035085,"score_logistic_regression":0.0003728,"score_fuzzy_knn_k29":0.0},"geometry":{"type":"Polygon","coordinates":[[[-71.5952343,-9.7972631],[-71.5870997,-9.7973253],[-71.5870578,-9.7919207],[-71.5951923,-9.7918586],[-71.5952343,-9.7972631]]]}},{"type":"Feature","id":"AC-Y377-X345","properties":{"id":"AC-Y377-X345","grid_x":345,"grid_y":377,"centroid":[-71.5830115,-9.794654],"aggregation":"none","score_gradboost":0.0061266,"score_random_forest":0.0,"score_logistic_regression":0.0003447,"score_fuzzy_knn_k29":0.0},"geometry":{"type":"Polygon","coordinates":[[[-71.5870997,-9.7973253],[-71.5789651,-9.7973872],[-71.5789233,-9.7919826],[-71.5870578,-9.7919207],[-71.5870997,-9.7973253]]]}},{"type":"Feature","id":"AC-Y377-X346","properties":{"id":"AC-Y377-X346","grid_x":346,"grid_y":377,"centroid":[-71.5748769,-9.7947158],"aggregation":"none","score_gradboost":0.0061266,"score_random_forest":0.0,"score_logistic_regression":0.0003529,"score_fuzzy_knn_k29":0.0},"geometry":{"type":"Polygon","coordinates":[[[-71.5789651,-9.7973872],[-71.5708304,-9.797449],[-71.5707887,-9.7920443],[-71.5789233,-9.7919826],[-71.5789651,-9.7973872]]]}},{"type":"Feature","id":"AC-Y377-X347","properties":{"id":"AC-Y377-X347","grid_x":347,"grid_y":377,"centroid":[-71.5667422,-9.7947774],"aggregation":"none","score_gradboost":0.0071953,"score_random_forest":0.0036957,"score_logistic_regression":0.0002849,"score_fuzzy_knn_k29":0.0},"geometry":{"type":"Polygon","coordinates":[[[-71.5708304,-9.797449],[-71.5626956,-9.7975105],[-71.5626541,-9.7921058],[-71.5707887,-9.7920443],[-71.5708304,-9.797449]]]}},{"type":"Feature","id":"AC-Y377-X348","properties":{"id":"AC-Y377-X348","grid_x":348,"grid_y":377,"centroid":[-71.5586075,-9.7948389],"aggregation":"none","score_gradboost":0.0089974,"score_random_forest":0.0087513,"score_logistic_regression":0.0004627,"score_fuzzy_knn_k29":0.0},"geometry":{"type":"Polygon","coordinates":[[[-71.5626956,-9.7975105],[-71.5545608,-9.7975719],[-71.5545194,-9.7921671],[-71.5626541,-9.7921058],[-71.5626956,-9.7975105]]]}},{"type":"Feature","id":"AC-Y377-X349","properties":{"id":"AC-Y377-X349","grid_x":349,"grid_y":377,"centroid":[-71.5504727,-9.7949001],"aggregation":"none","score_gradboost":0.0089974,"score_random_forest":0.0128135,"score_logistic_regression":0.0004901,"score_fuzzy_knn_k29":0.0},"geometry":{"type":"Polygon","coordinates":[[[-71.5545608,-9.7975719],[-71.5464259,-9.797633],[-71.5463847,-9.7922283],[-71.5545194,-9.7921671],[-71.5545608,-9.7975719]]]}},{"type":"Feature","id":"AC-Y377-X350","properties":{"id":"AC-Y377-X350","grid_x":350,"grid_y":377,"centroid":[-71.5423379,-9.7949611],"aggregation":"none","score_gradboost":0.0089974,"score_random_forest":0.0054704,"score_logistic_regression":0.0004466,"score_fuzzy_knn_k29":0.0},"geometry":{"type":"Polygon","coordinates":[[[-71.5464259,-9.797633],[-71.538291,-9.797694],[-71.5382499,-9.7922892],[-71.5463847,-9.7922283],[-71.5464259,-9.797633]]]}},{"type":"Feature","id":"AC-Y377-X351","properties":{"id":"AC-Y377-X351","grid_x":351,"grid_y":377,"centroid":[-71.534203,-9.795022],"aggregation":"none","score_gradboost":0.0075998,"score_random_forest":0.0077411,"score_logistic_regression":0.0003592,"score_fuzzy_knn_k29":0.0},"geometry":{"type":"Polygon","coordinates":[[[-71.538291,-9.797694],[-71.5301561,-9.7977548],[-71.5301151,-9.7923499],[-71.5382499,-9.7922892],[-71.538291,-9.797694]]]}},{"type":"Feature","id":"AC-Y377-X352","properties":{"id":"AC-Y377-X352","grid_x":352,"grid_y":377,"centroid":[-71.5260681,-9.7950826],"aggregation":"none","score_gradboost":0.0078345,"score_random_forest":0.0009369,"score_logistic_regression":0.0005172,"score_fuzzy_knn_k29":0.0},"geometry":{"type":"Polygon","coordinates":[[[-71.5301561,-9.7977548],[-71.522021,-9.7978153],[-71.5219802,-9.7924105],[-71.5301151,-9.7923499],[-71.5301561,-9.7977548]]]}},{"type":"Feature","id":"AC-Y377-X353","properties":{"id":"AC-Y377-X353","grid_x":353,"grid_y":377,"centroid":[-71.5179331,-9.7951431],"aggregation":"none","score_gradboost":0.0075249,"score_random_forest":0.0031664,"score_logistic_regression":0.0003837,"score_fuzzy_knn_k29":0.0},"geometry":{"type":"Polygon","coordinates":[[[-71.522021,-9.7978153],[-71.513886,-9.7978757],[-71.5138453,-9.7924708],[-71.5219802,-9.7924105],[-71.522021,-9.7978153]]]}},{"type":"Feature","id":"AC-Y377-X354","properties":{"id":"AC-Y377-X354","grid_x":354,"grid_y":377,"centroid":[-71.5097981,-9.7952034],"aggregation":"none","score_gradboost":0.0075249,"score_random_forest":0.0040452,"score_logistic_regression":0.0005191,"score_fuzzy_knn_k29":0.0},"geometry":{"type":"Polygon","coordinates":[[[-71.513886,-9.7978757],[-71.5057509,-9.7979359],[-71.5057103,-9.792531],[-71.5138453,-9.7924708],[-71.513886,-9.7978757]]]}},{"type":"Feature","id":"AC-Y377-X355","properties":{"id":"AC-Y377-X355","grid_x":355,"grid_y":377,"centroid":[-71.501663,-9.7952635],"aggregation":"none","score_gradboost":0.0075249,"score_random_forest":0.0004792,"score_logistic_regression":0.0004135,"score_fuzzy_knn_k29":0.0},"geometry":{"type":"Polygon","coordinates":[[[-71.5057508,-9.7979359],[-71.4976157,-9.7979959],[-71.4975752,-9.7925909],[-71.5057103,-9.792531],[-71.5057508,-9.7979359]]]}},{"type":"Feature","id":"AC-Y377-X356","properties":{"id":"AC-Y377-X356","grid_x":356,"grid_y":377,"centroid":[-71.4935279,-9.7953233],"aggregation":"none","score_gradboost":0.0089765,"score_random_forest":0.0061011,"score_logistic_regression":0.0005313,"score_fuzzy_knn_k29":0.0},"geometry":{"type":"Polygon","coordinates":[[[-71.4976157,-9.7979959],[-71.4894804,-9.7980557],[-71.4894401,-9.7926507],[-71.4975752,-9.7925909],[-71.4976157,-9.7979959]]]}},{"type":"Feature","id":"AC-Y377-X357","properties":{"id":"AC-Y377-X357","grid_x":357,"grid_y":377,"centroid":[-71.4853927,-9.795383],"aggregation":"none","score_gradboost":0.0075249,"score_random_forest":0.0038005,"score_logistic_regression":0.0004707,"score_fuzzy_knn_k29":0.0},"geometry":{"type":"Polygon","coordinates":[[[-71.4894804,-9.7980557],[-71.4813452,-9.7981153],[-71.481305,-9.7927103],[-71.4894401,-9.7926507],[-71.4894804,-9.7980557]]]}},{"type":"Feature","id":"AC-Y378-X343","properties":{"id":"AC-Y378-X343","grid_x":343,"grid_y":378,"centroid":[-71.5992385,-9.7891252],"aggregation":"none","score_gradboost":0.0075317,"score_random_forest":0.0014963,"score_logistic_regression":0.0006537,"score_fuzzy_knn_k29":0.0},"geometry":{"type":"Polygon","coordinates":[[[-71.6033267,-9.7917963],[-71.5951923,-9.7918586],[-71.5951503,-9.786454],[-71.6032846,-9.7863917],[-71.6033267,-9.7917963]]]}},{"type":"Feature","id":"AC-Y378-X344","properties":{"id":"AC-Y378-X344","grid_x":344,"grid_y":378,"centroid":[-71.5911041,-9.7891874],"aggregation":"none","score_gradboost":0.0061266,"score_random_forest":0.0007573,"score_logistic_regression":0.0004744,"score_fuzzy_knn_k29":0.0},"geometry":{"type":"Polygon","coordinates":[[[-71.5951923,-9.7918586],[-71.5870578,-9.7919207],[-71.587016,-9.7865161],[-71.5951503,-9.786454],[-71.5951923,-9.7918586]]]}},{"type":"Feature","id":"AC-Y378-X345","properties":{"id":"AC-Y378-X345","grid_x":345,"grid_y":378,"centroid":[-71.5829697,-9.7892493],"aggregation":"none","score_gradboost":0.0061266,"score_random_forest":0.0060515,"score_logistic_regression":0.0004034,"score_fuzzy_knn_k29":0.0},"geometry":{"type":"Polygon","coordinates":[[[-71.5870578,-9.7919207],[-71.5789233,-9.7919826],[-71.5788816,-9.7865779],[-71.587016,-9.7865161],[-71.5870578,-9.7919207]]]}},{"type":"Feature","id":"AC-Y376-X355","properties":{"id":"AC-Y376-X355","grid_x":355,"grid_y":376,"centroid":[-71.5017035,-9.8006684],"aggregation":"none","score_gradboost":0.0089765,"score_random_forest":0.003348,"score_logistic_regression":0.0005266,"score_fuzzy_knn_k29":0.0},"geometry":{"type":"Polygon","coordinates":[[[-71.5057914,-9.8033409],[-71.4976561,-9.8034009],[-71.4976157,-9.7979959],[-71.5057508,-9.7979359],[-71.5057914,-9.8033409]]]}},{"type":"Feature","id":"AC-Y376-X356","properties":{"id":"AC-Y376-X356","grid_x":356,"grid_y":376,"centroid":[-71.4935683,-9.8007283],"aggregation":"none","score_gradboost":0.0075249,"score_random_forest":0.0,"score_logistic_regression":0.0004288,"score_fuzzy_knn_k29":0.0},"geometry":{"type":"Polygon","coordinates":[[[-71.4976561,-9.8034009],[-71.4895208,-9.8034607],[-71.4894804,-9.7980557],[-71.4976157,-9.7979959],[-71.4976561,-9.8034009]]]}},{"type":"Feature","id":"AC-Y376-X357","properties":{"id":"AC-Y376-X357","grid_x":357,"grid_y":376,"centroid":[-71.4854329,-9.8007881],"aggregation":"none","score_gradboost":0.0075249,"score_random_forest":0.0013749,"score_logistic_regression":0.0003307,"score_fuzzy_knn_k29":0.0},"geometry":{"type":"Polygon","coordinates":[[[-71.4895208,-9.8034607],[-71.4813854,-9.8035204],[-71.4813452,-9.7981153],[-71.4894804,-9.7980557],[-71.4895208,-9.8034607]]]}},{"type":"Feature","id":"AC-Y376-X358","properties":{"id":"AC-Y376-X358","grid_x":358,"grid_y":376,"centroid":[-71.4772976,-9.8008476],"aggregation":"none","score_gradboost":0.0075249,"score_random_forest":0.0007711,"score_logistic_regression":0.0003608,"score_fuzzy_knn_k29":0.0},"geometry":{"type":"Polygon","coordinates":[[[-71.4813854,-9.8035204],[-71.4732499,-9.8035798],[-71.4732098,-9.7981747],[-71.4813452,-9.7981153],[-71.4813854,-9.8035204]]]}},{"type":"Feature","id":"AC-Y377-X358","properties":{"id":"AC-Y377-X358","grid_x":358,"grid_y":377,"centroid":[-71.4772574,-9.7954425],"aggregation":"none","score_gradboost":0.0075249,"score_random_forest":0.0010831,"score_logistic_regression":0.0004136,"score_fuzzy_knn_k29":0.0},"geometry":{"type":"Polygon","coordinates":[[[-71.4813452,-9.7981153],[-71.4732098,-9.7981747],[-71.4731698,-9.7927696],[-71.481305,-9.7927103],[-71.4813452,-9.7981153]]]}},{"type":"Feature","id":"AC-Y378-X346","properties":{"id":"AC-Y378-X346","grid_x":346,"grid_y":378,"centroid":[-71.5748352,-9.7893111],"aggregation":"none","score_gradboost":0.0061266,"score_random_forest":0.0,"score_logistic_regression":0.0003963,"score_fuzzy_knn_k29":0.0},"geometry":{"type":"Polygon","coordinates":[[[-71.5789233,-9.7919826],[-71.5707887,-9.7920443],[-71.5707471,-9.7866396],[-71.5788816,-9.7865779],[-71.5789233,-9.7919826]]]}},{"type":"Feature","id":"AC-Y378-X347","properties":{"id":"AC-Y378-X347","grid_x":347,"grid_y":378,"centroid":[-71.5667007,-9.7893727],"aggregation":"none","score_gradboost":0.0075853,"score_random_forest":0.0061699,"score_logistic_regression":0.0004768,"score_fuzzy_knn_k29":0.0},"geometry":{"type":"Polygon","coordinates":[[[-71.5707887,-9.7920443],[-71.5626541,-9.7921058],[-71.5626127,-9.7867011],[-71.5707471,-9.7866396],[-71.5707887,-9.7920443]]]}},{"type":"Feature","id":"AC-Y378-X348","properties":{"id":"AC-Y378-X348","grid_x":348,"grid_y":378,"centroid":[-71.5585661,-9.7894341],"aggregation":"none","score_gradboost":0.0061266,"score_random_forest":0.0,"score_logistic_regression":0.0003863,"score_fuzzy_knn_k29":0.0},"geometry":{"type":"Polygon","coordinates":[[[-71.5626541,-9.7921058],[-71.5545194,-9.7921671],[-71.5544781,-9.7867624],[-71.5626127,-9.7867011],[-71.5626541,-9.7921058]]]}},{"type":"Feature","id":"AC-Y378-X349","properties":{"id":"AC-Y378-X349","grid_x":349,"grid_y":378,"centroid":[-71.5504315,-9.7894953],"aggregation":"none","score_gradboost":0.0089974,"score_random_forest":0.0130838,"score_logistic_regression":0.000504,"score_fuzzy_knn_k29":0.0},"geometry":{"type":"Polygon","coordinates":[[[-71.5545194,-9.7921671],[-71.5463847,-9.7922283],[-71.5463435,-9.7868235],[-71.5544781,-9.7867624],[-71.5545194,-9.7921671]]]}},{"type":"Feature","id":"AC-Y378-X350","properties":{"id":"AC-Y378-X350","grid_x":350,"grid_y":378,"centroid":[-71.5422968,-9.7895563],"aggregation":"none","score_gradboost":0.0089974,"score_random_forest":0.0061579,"score_logistic_regression":0.0004406,"score_fuzzy_knn_k29":0.0},"geometry":{"type":"Polygon","coordinates":[[[-71.5463847,-9.7922283],[-71.5382499,-9.7922892],[-71.5382089,-9.7868844],[-71.5463435,-9.7868235],[-71.5463847,-9.7922283]]]}},{"type":"Feature","id":"AC-Y378-X351","properties":{"id":"AC-Y378-X351","grid_x":351,"grid_y":378,"centroid":[-71.534162,-9.7896172],"aggregation":"none","score_gradboost":0.0089974,"score_random_forest":0.0023653,"score_logistic_regression":0.0004919,"score_fuzzy_knn_k29":0.0},"geometry":{"type":"Polygon","coordinates":[[[-71.5382499,-9.7922892],[-71.5301151,-9.7923499],[-71.5300742,-9.7869451],[-71.5382089,-9.7868844],[-71.5382499,-9.7922892]]]}},{"type":"Feature","id":"AC-Y378-X352","properties":{"id":"AC-Y378-X352","grid_x":352,"grid_y":378,"centroid":[-71.5260272,-9.7896778],"aggregation":"none","score_gradboost":0.0075998,"score_random_forest":0.0025984,"score_logistic_regression":0.0004095,"score_fuzzy_knn_k29":0.0},"geometry":{"type":"Polygon","coordinates":[[[-71.5301151,-9.7923499],[-71.5219802,-9.7924105],[-71.5219394,-9.7870056],[-71.5300742,-9.7869451],[-71.5301151,-9.7923499]]]}},{"type":"Feature","id":"AC-Y378-X353","properties":{"id":"AC-Y378-X353","grid_x":353,"grid_y":378,"centroid":[-71.5178924,-9.7897382],"aggregation":"none","score_gradboost":0.0078345,"score_random_forest":0.0061062,"score_logistic_regression":0.0004869,"score_fuzzy_knn_k29":0.0},"geometry":{"type":"Polygon","coordinates":[[[-71.5219802,-9.7924105],[-71.5138453,-9.7924708],[-71.5138046,-9.7870659],[-71.5219394,-9.7870056],[-71.5219802,-9.7924105]]]}},{"type":"Feature","id":"AC-Y378-X354","properties":{"id":"AC-Y378-X354","grid_x":354,"grid_y":378,"centroid":[-71.5097575,-9.7897984],"aggregation":"none","score_gradboost":0.0075249,"score_random_forest":0.0014575,"score_logistic_regression":0.0003754,"score_fuzzy_knn_k29":0.0},"geometry":{"type":"Polygon","coordinates":[[[-71.5138453,-9.7924708],[-71.5057103,-9.792531],[-71.5056697,-9.787126],[-71.5138046,-9.7870659],[-71.5138453,-9.7924708]]]}},{"type":"Feature","id":"AC-Y378-X355","properties":{"id":"AC-Y378-X355","grid_x":355,"grid_y":378,"centroid":[-71.5016225,-9.7898585],"aggregation":"none","score_gradboost":0.0075249,"score_random_forest":0.0032603,"score_logistic_regression":0.0004858,"score_fuzzy_knn_k29":0.0},"geometry":{"type":"Polygon","coordinates":[[[-71.5057103,-9.792531],[-71.4975752,-9.7925909],[-71.4975348,-9.7871859],[-71.5056697,-9.787126],[-71.5057103,-9.792531]]]}},{"type":"Feature","id":"AC-Y378-X356","properties":{"id":"AC-Y378-X356","grid_x":356,"grid_y":378,"centroid":[-71.4934875,-9.7899183],"aggregation":"none","score_gradboost":0.0075249,"score_random_forest":0.0141585,"score_logistic_regression":0.000315,"score_fuzzy_knn_k29":0.0},"geometry":{"type":"Polygon","coordinates":[[[-71.4975752,-9.7925909],[-71.4894401,-9.7926507],[-71.4893999,-9.7872457],[-71.4975348,-9.7871859],[-71.4975752,-9.7925909]]]}},{"type":"Feature","id":"AC-Y378-X357","properties":{"id":"AC-Y378-X357","grid_x":357,"grid_y":378,"centroid":[-71.4853525,-9.789978],"aggregation":"none","score_gradboost":0.0089765,"score_random_forest":0.0061011,"score_logistic_regression":0.0005207,"score_fuzzy_knn_k29":0.0},"geometry":{"type":"Polygon","coordinates":[[[-71.4894401,-9.7926507],[-71.481305,-9.7927103],[-71.4812648,-9.7873052],[-71.4893999,-9.7872457],[-71.4894401,-9.7926507]]]}},{"type":"Feature","id":"AC-Y378-X358","properties":{"id":"AC-Y378-X358","grid_x":358,"grid_y":378,"centroid":[-71.4772173,-9.7900374],"aggregation":"none","score_gradboost":0.0075249,"score_random_forest":0.0013266,"score_logistic_regression":0.0004809,"score_fuzzy_knn_k29":0.0},"geometry":{"type":"Polygon","coordinates":[[[-71.481305,-9.7927103],[-71.4731698,-9.7927696],[-71.4731298,-9.7873646],[-71.4812648,-9.7873052],[-71.481305,-9.7927103]]]}},{"type":"Feature","id":"AC-Y379-X344","properties":{"id":"AC-Y379-X344","grid_x":344,"grid_y":379,"centroid":[-71.5910622,-9.7837828],"aggregation":"none","score_gradboost":0.0061577,"score_random_forest":0.0,"score_logistic_regression":0.0004883,"score_fuzzy_knn_k29":0.0},"geometry":{"type":"Polygon","coordinates":[[[-71.5951503,-9.786454],[-71.587016,-9.7865161],[-71.5869741,-9.7811115],[-71.5951083,-9.7810494],[-71.5951503,-9.786454]]]}},{"type":"Feature","id":"AC-Y379-X345","properties":{"id":"AC-Y379-X345","grid_x":345,"grid_y":379,"centroid":[-71.5829279,-9.7838447],"aggregation":"none","score_gradboost":0.0061266,"score_random_forest":0.0106141,"score_logistic_regression":0.0003086,"score_fuzzy_knn_k29":0.0},"geometry":{"type":"Polygon","coordinates":[[[-71.587016,-9.7865161],[-71.5788816,-9.7865779],[-71.5788399,-9.7811733],[-71.5869741,-9.7811115],[-71.587016,-9.7865161]]]}},{"type":"Feature","id":"AC-Y379-X346","properties":{"id":"AC-Y379-X346","grid_x":346,"grid_y":379,"centroid":[-71.5747936,-9.7839065],"aggregation":"none","score_gradboost":0.0061266,"score_random_forest":0.010775,"score_logistic_regression":0.0003703,"score_fuzzy_knn_k29":0.0},"geometry":{"type":"Polygon","coordinates":[[[-71.5788816,-9.7865779],[-71.5707471,-9.7866396],[-71.5707056,-9.7812349],[-71.5788399,-9.7811733],[-71.5788816,-9.7865779]]]}},{"type":"Feature","id":"AC-Y379-X347","properties":{"id":"AC-Y379-X347","grid_x":347,"grid_y":379,"centroid":[-71.5666592,-9.783968],"aggregation":"none","score_gradboost":0.0061266,"score_random_forest":0.0,"score_logistic_regression":0.000376,"score_fuzzy_knn_k29":0.0},"geometry":{"type":"Polygon","coordinates":[[[-71.5707471,-9.7866396],[-71.5626127,-9.7867011],[-71.5625712,-9.7812964],[-71.5707056,-9.7812349],[-71.5707471,-9.7866396]]]}},{"type":"Feature","id":"AC-Y379-X348","properties":{"id":"AC-Y379-X348","grid_x":348,"grid_y":379,"centroid":[-71.5585247,-9.7840294],"aggregation":"none","score_gradboost":0.0075853,"score_random_forest":0.0068798,"score_logistic_regression":0.0004661,"score_fuzzy_knn_k29":0.0},"geometry":{"type":"Polygon","coordinates":[[[-71.5626127,-9.7867011],[-71.5544781,-9.7867624],[-71.5544368,-9.7813576],[-71.5625712,-9.7812964],[-71.5626127,-9.7867011]]]}},{"type":"Feature","id":"AC-Y379-X349","properties":{"id":"AC-Y379-X349","grid_x":349,"grid_y":379,"centroid":[-71.5503902,-9.7840906],"aggregation":"none","score_gradboost":0.0075853,"score_random_forest":0.0,"score_logistic_regression":0.0005488,"score_fuzzy_knn_k29":0.0},"geometry":{"type":"Polygon","coordinates":[[[-71.5544781,-9.7867624],[-71.5463435,-9.7868235],[-71.5463023,-9.7814187],[-71.5544368,-9.7813576],[-71.5544781,-9.7867624]]]}},{"type":"Feature","id":"AC-Y379-X350","properties":{"id":"AC-Y379-X350","grid_x":350,"grid_y":379,"centroid":[-71.5422556,-9.7841515],"aggregation":"none","score_gradboost":0.0089974,"score_random_forest":0.0191092,"score_logistic_regression":0.000417,"score_fuzzy_knn_k29":0.0},"geometry":{"type":"Polygon","coordinates":[[[-71.5463435,-9.7868235],[-71.5382089,-9.7868844],[-71.5381678,-9.7814795],[-71.5463023,-9.7814187],[-71.5463435,-9.7868235]]]}},{"type":"Feature","id":"AC-Y379-X351","properties":{"id":"AC-Y379-X351","grid_x":351,"grid_y":379,"centroid":[-71.534121,-9.7842123],"aggregation":"none","score_gradboost":0.0071953,"score_random_forest":0.0186267,"score_logistic_regression":0.0003199,"score_fuzzy_knn_k29":0.0},"geometry":{"type":"Polygon","coordinates":[[[-71.5382089,-9.7868844],[-71.5300742,-9.7869451],[-71.5300332,-9.7815402],[-71.5381678,-9.7814795],[-71.5382089,-9.7868844]]]}},{"type":"Feature","id":"AC-Y379-X352","properties":{"id":"AC-Y379-X352","grid_x":352,"grid_y":379,"centroid":[-71.5259864,-9.7842729],"aggregation":"none","score_gradboost":0.0076667,"score_random_forest":0.0061924,"score_logistic_regression":0.0003643,"score_fuzzy_knn_k29":0.0},"geometry":{"type":"Polygon","coordinates":[[[-71.5300742,-9.7869451],[-71.5219394,-9.7870056],[-71.5218986,-9.7816007],[-71.5300332,-9.7815402],[-71.5300742,-9.7869451]]]}},{"type":"Feature","id":"AC-Y379-X353","properties":{"id":"AC-Y379-X353","grid_x":353,"grid_y":379,"centroid":[-71.5178516,-9.7843333],"aggregation":"none","score_gradboost":0.0062638,"score_random_forest":0.0025869,"score_logistic_regression":0.0003227,"score_fuzzy_knn_k29":0.0},"geometry":{"type":"Polygon","coordinates":[[[-71.5219394,-9.7870056],[-71.5138046,-9.7870659],[-71.5137639,-9.781661],[-71.5218986,-9.7816007],[-71.5219394,-9.7870056]]]}},{"type":"Feature","id":"AC-Y379-X354","properties":{"id":"AC-Y379-X354","grid_x":354,"grid_y":379,"centroid":[-71.5097169,-9.7843935],"aggregation":"none","score_gradboost":0.0078345,"score_random_forest":0.0104884,"score_logistic_regression":0.0003985,"score_fuzzy_knn_k29":0.0},"geometry":{"type":"Polygon","coordinates":[[[-71.5138046,-9.7870659],[-71.5056697,-9.787126],[-71.5056292,-9.7817211],[-71.5137639,-9.781661],[-71.5138046,-9.7870659]]]}},{"type":"Feature","id":"AC-Y379-X355","properties":{"id":"AC-Y379-X355","grid_x":355,"grid_y":379,"centroid":[-71.5015821,-9.7844535],"aggregation":"none","score_gradboost":0.0075249,"score_random_forest":0.0086388,"score_logistic_regression":0.0003572,"score_fuzzy_knn_k29":0.0},"geometry":{"type":"Polygon","coordinates":[[[-71.5056697,-9.787126],[-71.4975348,-9.7871859],[-71.4974944,-9.781781],[-71.5056292,-9.7817211],[-71.5056697,-9.787126]]]}},{"type":"Feature","id":"AC-Y379-X356","properties":{"id":"AC-Y379-X356","grid_x":356,"grid_y":379,"centroid":[-71.4934472,-9.7845133],"aggregation":"none","score_gradboost":0.0075249,"score_random_forest":0.0053107,"score_logistic_regression":0.0003158,"score_fuzzy_knn_k29":0.0},"geometry":{"type":"Polygon","coordinates":[[[-71.4975348,-9.7871859],[-71.4893999,-9.7872457],[-71.4893596,-9.7818407],[-71.4974944,-9.781781],[-71.4975348,-9.7871859]]]}},{"type":"Feature","id":"AC-Y379-X357","properties":{"id":"AC-Y379-X357","grid_x":357,"grid_y":379,"centroid":[-71.4853123,-9.7845729],"aggregation":"none","score_gradboost":0.0075249,"score_random_forest":0.0009968,"score_logistic_regression":0.0004647,"score_fuzzy_knn_k29":0.0},"geometry":{"type":"Polygon","coordinates":[[[-71.4893999,-9.7872457],[-71.4812648,-9.7873052],[-71.4812247,-9.7819002],[-71.4893596,-9.7818407],[-71.4893999,-9.7872457]]]}},{"type":"Feature","id":"AC-Y379-X358","properties":{"id":"AC-Y379-X358","grid_x":358,"grid_y":379,"centroid":[-71.4771773,-9.7846324],"aggregation":"none","score_gradboost":0.0089765,"score_random_forest":0.0089048,"score_logistic_regression":0.0005102,"score_fuzzy_knn_k29":0.0},"geometry":{"type":"Polygon","coordinates":[[[-71.4812648,-9.7873052],[-71.4731298,-9.7873646],[-71.4730898,-9.7819595],[-71.4812247,-9.7819002],[-71.4812648,-9.7873052]]]}},{"type":"Feature","id":"AC-Y380-X344","properties":{"id":"AC-Y380-X344","grid_x":344,"grid_y":380,"centroid":[-71.5910203,-9.7783782],"aggregation":"none","score_gradboost":0.0075317,"score_random_forest":0.0031637,"score_logistic_regression":0.0005797,"score_fuzzy_knn_k29":0.0},"geometry":{"type":"Polygon","coordinates":[[[-71.5951083,-9.7810494],[-71.5869741,-9.7811115],[-71.5869323,-9.7757068],[-71.5950664,-9.7756448],[-71.5951083,-9.7810494]]]}},{"type":"Feature","id":"AC-Y380-X345","properties":{"id":"AC-Y380-X345","grid_x":345,"grid_y":380,"centroid":[-71.5828861,-9.7784401],"aggregation":"none","score_gradboost":0.0061577,"score_random_forest":0.0,"score_logistic_regression":0.0003464,"score_fuzzy_knn_k29":0.0},"geometry":{"type":"Polygon","coordinates":[[[-71.5869741,-9.7811115],[-71.5788399,-9.7811733],[-71.5787982,-9.7757686],[-71.5869323,-9.7757068],[-71.5869741,-9.7811115]]]}},{"type":"Feature","id":"AC-Y380-X346","properties":{"id":"AC-Y380-X346","grid_x":346,"grid_y":380,"centroid":[-71.5747519,-9.7785018],"aggregation":"none","score_gradboost":0.0074938,"score_random_forest":0.0007573,"score_logistic_regression":0.0005688,"score_fuzzy_knn_k29":0.0},"geometry":{"type":"Polygon","coordinates":[[[-71.5788399,-9.7811733],[-71.5707056,-9.7812349],[-71.570664,-9.7758302],[-71.5787982,-9.7757686],[-71.5788399,-9.7811733]]]}},{"type":"Feature","id":"AC-Y380-X347","properties":{"id":"AC-Y380-X347","grid_x":347,"grid_y":380,"centroid":[-71.5666177,-9.7785633],"aggregation":"none","score_gradboost":0.0076691,"score_random_forest":0.0062721,"score_logistic_regression":0.000586,"score_fuzzy_knn_k29":0.0},"geometry":{"type":"Polygon","coordinates":[[[-71.5707056,-9.7812349],[-71.5625712,-9.7812964],[-71.5625298,-9.7758917],[-71.570664,-9.7758302],[-71.5707056,-9.7812349]]]}},{"type":"Feature","id":"AC-Y380-X348","properties":{"id":"AC-Y380-X348","grid_x":348,"grid_y":380,"centroid":[-71.5584833,-9.7786247],"aggregation":"none","score_gradboost":0.0061266,"score_random_forest":0.0,"score_logistic_regression":0.0003932,"score_fuzzy_knn_k29":0.0},"geometry":{"type":"Polygon","coordinates":[[[-71.5625712,-9.7812964],[-71.5544368,-9.7813576],[-71.5543955,-9.7759529],[-71.5625298,-9.7758917],[-71.5625712,-9.7812964]]]}},{"type":"Feature","id":"AC-Y380-X349","properties":{"id":"AC-Y380-X349","grid_x":349,"grid_y":380,"centroid":[-71.550349,-9.7786858],"aggregation":"none","score_gradboost":0.0075853,"score_random_forest":0.0057609,"score_logistic_regression":0.0004439,"score_fuzzy_knn_k29":0.0},"geometry":{"type":"Polygon","coordinates":[[[-71.5544368,-9.7813576],[-71.5463023,-9.7814187],[-71.5462612,-9.7760139],[-71.5543955,-9.7759529],[-71.5544368,-9.7813576]]]}},{"type":"Feature","id":"AC-Y380-X350","properties":{"id":"AC-Y380-X350","grid_x":350,"grid_y":380,"centroid":[-71.5422145,-9.7787467],"aggregation":"none","score_gradboost":0.0075853,"score_random_forest":0.0,"score_logistic_regression":0.0005227,"score_fuzzy_knn_k29":0.0},"geometry":{"type":"Polygon","coordinates":[[[-71.5463023,-9.7814187],[-71.5381678,-9.7814795],[-71.5381268,-9.7760747],[-71.5462612,-9.7760139],[-71.5463023,-9.7814187]]]}},{"type":"Feature","id":"AC-Y380-X351","properties":{"id":"AC-Y380-X351","grid_x":351,"grid_y":380,"centroid":[-71.5340801,-9.7788075],"aggregation":"none","score_gradboost":0.0089974,"score_random_forest":0.005596,"score_logistic_regression":0.0004481,"score_fuzzy_knn_k29":0.0},"geometry":{"type":"Polygon","coordinates":[[[-71.5381678,-9.7814795],[-71.5300332,-9.7815402],[-71.5299924,-9.7761354],[-71.5381268,-9.7760747],[-71.5381678,-9.7814795]]]}},{"type":"Feature","id":"AC-Y380-X352","properties":{"id":"AC-Y380-X352","grid_x":352,"grid_y":380,"centroid":[-71.5259455,-9.778868],"aggregation":"none","score_gradboost":0.0071953,"score_random_forest":0.0040334,"score_logistic_regression":0.0003488,"score_fuzzy_knn_k29":0.0},"geometry":{"type":"Polygon","coordinates":[[[-71.5300332,-9.7815402],[-71.5218986,-9.7816007],[-71.5218579,-9.7761958],[-71.5299924,-9.7761354],[-71.5300332,-9.7815402]]]}},{"type":"Feature","id":"AC-Y380-X353","properties":{"id":"AC-Y380-X353","grid_x":353,"grid_y":380,"centroid":[-71.5178109,-9.7789284],"aggregation":"none","score_gradboost":0.0075998,"score_random_forest":0.00769,"score_logistic_regression":0.0003725,"score_fuzzy_knn_k29":0.0},"geometry":{"type":"Polygon","coordinates":[[[-71.5218986,-9.7816007],[-71.5137639,-9.781661],[-71.5137233,-9.7762561],[-71.5218579,-9.7761958],[-71.5218986,-9.7816007]]]}},{"type":"Feature","id":"AC-Y380-X354","properties":{"id":"AC-Y380-X354","grid_x":354,"grid_y":380,"centroid":[-71.5096763,-9.7789886],"aggregation":"none","score_gradboost":0.0075998,"score_random_forest":0.0002768,"score_logistic_regression":0.0004875,"score_fuzzy_knn_k29":0.0},"geometry":{"type":"Polygon","coordinates":[[[-71.5137639,-9.781661],[-71.5056292,-9.7817211],[-71.5055887,-9.7763161],[-71.5137233,-9.7762561],[-71.5137639,-9.781661]]]}},{"type":"Feature","id":"AC-Y380-X355","properties":{"id":"AC-Y380-X355","grid_x":355,"grid_y":380,"centroid":[-71.5015416,-9.7790485],"aggregation":"none","score_gradboost":0.0062638,"score_random_forest":0.0061423,"score_logistic_regression":0.0002501,"score_fuzzy_knn_k29":0.0},"geometry":{"type":"Polygon","coordinates":[[[-71.5056292,-9.7817211],[-71.4974944,-9.781781],[-71.4974541,-9.776376],[-71.5055887,-9.7763161],[-71.5056292,-9.7817211]]]}},{"type":"Feature","id":"AC-Y380-X356","properties":{"id":"AC-Y380-X356","grid_x":356,"grid_y":380,"centroid":[-71.4934069,-9.7791083],"aggregation":"none","score_gradboost":0.0075249,"score_random_forest":0.0007982,"score_logistic_regression":0.0003729,"score_fuzzy_knn_k29":0.0},"geometry":{"type":"Polygon","coordinates":[[[-71.4974944,-9.781781],[-71.4893596,-9.7818407],[-71.4893194,-9.7764356],[-71.4974541,-9.776376],[-71.4974944,-9.781781]]]}},{"type":"Feature","id":"AC-Y380-X357","properties":{"id":"AC-Y380-X357","grid_x":357,"grid_y":380,"centroid":[-71.4852721,-9.7791679],"aggregation":"none","score_gradboost":0.0097418,"score_random_forest":0.0073883,"score_logistic_regression":0.0005216,"score_fuzzy_knn_k29":0.0},"geometry":{"type":"Polygon","coordinates":[[[-71.4893596,-9.7818407],[-71.4812247,-9.7819002],[-71.4811846,-9.7764951],[-71.4893194,-9.7764356],[-71.4893596,-9.7818407]]]}},{"type":"Feature","id":"AC-Y380-X358","properties":{"id":"AC-Y380-X358","grid_x":358,"grid_y":380,"centroid":[-71.4771372,-9.7792273],"aggregation":"none","score_gradboost":0.0089765,"score_random_forest":0.0064307,"score_logistic_regression":0.0005325,"score_fuzzy_knn_k29":0.0},"geometry":{"type":"Polygon","coordinates":[[[-71.4812247,-9.7819002],[-71.4730898,-9.7819595],[-71.4730498,-9.7765544],[-71.4811846,-9.7764951],[-71.4812247,-9.7819002]]]}},{"type":"Feature","id":"AC-Y381-X343","properties":{"id":"AC-Y381-X343","grid_x":343,"grid_y":381,"centroid":[-71.5991124,-9.7729115],"aggregation":"none","score_gradboost":0.0074938,"score_random_forest":0.0007573,"score_logistic_regression":0.0006142,"score_fuzzy_knn_k29":0.0},"geometry":{"type":"Polygon","coordinates":[[[-71.6032004,-9.7755827],[-71.5950664,-9.7756448],[-71.5950245,-9.7702403],[-71.6031584,-9.7701781],[-71.6032004,-9.7755827]]]}},{"type":"Feature","id":"AC-Y381-X344","properties":{"id":"AC-Y381-X344","grid_x":344,"grid_y":381,"centroid":[-71.5909784,-9.7729736],"aggregation":"none","score_gradboost":0.0075317,"score_random_forest":0.0,"score_logistic_regression":0.0005179,"score_fuzzy_knn_k29":0.0},"geometry":{"type":"Polygon","coordinates":[[[-71.5950664,-9.7756448],[-71.5869323,-9.7757068],[-71.5868905,-9.7703022],[-71.5950245,-9.7702403],[-71.5950664,-9.7756448]]]}},{"type":"Feature","id":"AC-Y381-X345","properties":{"id":"AC-Y381-X345","grid_x":345,"grid_y":381,"centroid":[-71.5828444,-9.7730355],"aggregation":"none","score_gradboost":0.0061577,"score_random_forest":0.0,"score_logistic_regression":0.0004814,"score_fuzzy_knn_k29":0.0},"geometry":{"type":"Polygon","coordinates":[[[-71.5869323,-9.7757068],[-71.5787982,-9.7757686],[-71.5787565,-9.770364],[-71.5868905,-9.7703022],[-71.5869323,-9.7757068]]]}},{"type":"Feature","id":"AC-Y381-X346","properties":{"id":"AC-Y381-X346","grid_x":346,"grid_y":381,"centroid":[-71.5747103,-9.7730971],"aggregation":"none","score_gradboost":0.0061577,"score_random_forest":0.0,"score_logistic_regression":0.0003676,"score_fuzzy_knn_k29":0.0},"geometry":{"type":"Polygon","coordinates":[[[-71.5787982,-9.7757686],[-71.570664,-9.7758302],[-71.5706225,-9.7704256],[-71.5787565,-9.770364],[-71.5787982,-9.7757686]]]}},{"type":"Feature","id":"AC-Y381-X347","properties":{"id":"AC-Y381-X347","grid_x":347,"grid_y":381,"centroid":[-71.5665762,-9.7731586],"aggregation":"none","score_gradboost":0.0075317,"score_random_forest":0.0003272,"score_logistic_regression":0.0006499,"score_fuzzy_knn_k29":0.0},"geometry":{"type":"Polygon","coordinates":[[[-71.570664,-9.7758302],[-71.5625298,-9.7758917],[-71.5624884,-9.7704869],[-71.5706225,-9.7704256],[-71.570664,-9.7758302]]]}},{"type":"Feature","id":"AC-Y381-X348","properties":{"id":"AC-Y381-X348","grid_x":348,"grid_y":381,"centroid":[-71.558442,-9.7732199],"aggregation":"none","score_gradboost":0.0061266,"score_random_forest":0.0042178,"score_logistic_regression":0.0003364,"score_fuzzy_knn_k29":0.0},"geometry":{"type":"Polygon","coordinates":[[[-71.5625298,-9.7758917],[-71.5543955,-9.7759529],[-71.5543543,-9.7705481],[-71.5624884,-9.7704869],[-71.5625298,-9.7758917]]]}},{"type":"Feature","id":"AC-Y381-X349","properties":{"id":"AC-Y381-X349","grid_x":349,"grid_y":381,"centroid":[-71.5503078,-9.773281],"aggregation":"none","score_gradboost":0.0075853,"score_random_forest":0.0042796,"score_logistic_regression":0.0004705,"score_fuzzy_knn_k29":0.0},"geometry":{"type":"Polygon","coordinates":[[[-71.5543955,-9.7759529],[-71.5462612,-9.7760139],[-71.54622,-9.7706091],[-71.5543543,-9.7705481],[-71.5543955,-9.7759529]]]}},{"type":"Feature","id":"AC-Y381-X350","properties":{"id":"AC-Y381-X350","grid_x":350,"grid_y":381,"centroid":[-71.5421735,-9.7733419],"aggregation":"none","score_gradboost":0.0075853,"score_random_forest":0.0057609,"score_logistic_regression":0.000433,"score_fuzzy_knn_k29":0.0},"geometry":{"type":"Polygon","coordinates":[[[-71.5462612,-9.7760139],[-71.5381268,-9.7760747],[-71.5380858,-9.7706699],[-71.54622,-9.7706091],[-71.5462612,-9.7760139]]]}},{"type":"Feature","id":"AC-Y381-X351","properties":{"id":"AC-Y381-X351","grid_x":351,"grid_y":381,"centroid":[-71.5340391,-9.7734027],"aggregation":"none","score_gradboost":0.0071953,"score_random_forest":0.0025725,"score_logistic_regression":0.0003667,"score_fuzzy_knn_k29":0.0},"geometry":{"type":"Polygon","coordinates":[[[-71.5381268,-9.7760747],[-71.5299924,-9.7761354],[-71.5299515,-9.7707305],[-71.5380858,-9.7706699],[-71.5381268,-9.7760747]]]}},{"type":"Feature","id":"AC-Y381-X352","properties":{"id":"AC-Y381-X352","grid_x":352,"grid_y":381,"centroid":[-71.5259047,-9.7734632],"aggregation":"none","score_gradboost":0.0089974,"score_random_forest":0.0064374,"score_logistic_regression":0.000457,"score_fuzzy_knn_k29":0.0},"geometry":{"type":"Polygon","coordinates":[[[-71.5299924,-9.7761354],[-71.5218579,-9.7761958],[-71.5218171,-9.7707909],[-71.5299515,-9.7707305],[-71.5299924,-9.7761354]]]}},{"type":"Feature","id":"AC-Y381-X353","properties":{"id":"AC-Y381-X353","grid_x":353,"grid_y":381,"centroid":[-71.5177703,-9.7735235],"aggregation":"none","score_gradboost":0.0071953,"score_random_forest":0.0040334,"score_logistic_regression":0.0003334,"score_fuzzy_knn_k29":0.0},"geometry":{"type":"Polygon","coordinates":[[[-71.5218579,-9.7761958],[-71.5137233,-9.7762561],[-71.5136827,-9.7708511],[-71.5218171,-9.7707909],[-71.5218579,-9.7761958]]]}},{"type":"Feature","id":"AC-Y381-X354","properties":{"id":"AC-Y381-X354","grid_x":354,"grid_y":381,"centroid":[-71.5096357,-9.7735836],"aggregation":"none","score_gradboost":0.0076667,"score_random_forest":0.0013522,"score_logistic_regression":0.0004126,"score_fuzzy_knn_k29":0.0},"geometry":{"type":"Polygon","coordinates":[[[-71.5137233,-9.7762561],[-71.5055887,-9.7763161],[-71.5055482,-9.7709111],[-71.5136827,-9.7708511],[-71.5137233,-9.7762561]]]}},{"type":"Feature","id":"AC-Y381-X355","properties":{"id":"AC-Y381-X355","grid_x":355,"grid_y":381,"centroid":[-71.5015012,-9.7736436],"aggregation":"none","score_gradboost":0.0075998,"score_random_forest":0.0095192,"score_logistic_regression":0.0003759,"score_fuzzy_knn_k29":0.0},"geometry":{"type":"Polygon","coordinates":[[[-71.5055887,-9.7763161],[-71.4974541,-9.776376],[-71.4974137,-9.770971],[-71.5055482,-9.7709111],[-71.5055887,-9.7763161]]]}},{"type":"Feature","id":"AC-Y381-X356","properties":{"id":"AC-Y381-X356","grid_x":356,"grid_y":381,"centroid":[-71.4933666,-9.7737033],"aggregation":"none","score_gradboost":0.0078345,"score_random_forest":0.0116269,"score_logistic_regression":0.0003013,"score_fuzzy_knn_k29":0.0},"geometry":{"type":"Polygon","coordinates":[[[-71.4974541,-9.776376],[-71.4893194,-9.7764356],[-71.4892791,-9.7710306],[-71.4974137,-9.770971],[-71.4974541,-9.776376]]]}},{"type":"Feature","id":"AC-Y381-X357","properties":{"id":"AC-Y381-X357","grid_x":357,"grid_y":381,"centroid":[-71.4852319,-9.7737629],"aggregation":"none","score_gradboost":0.0075249,"score_random_forest":0.0005598,"score_logistic_regression":0.0004481,"score_fuzzy_knn_k29":0.0},"geometry":{"type":"Polygon","coordinates":[[[-71.4893194,-9.7764356],[-71.4811846,-9.7764951],[-71.4811445,-9.77109],[-71.4892791,-9.7710306],[-71.4893194,-9.7764356]]]}},{"type":"Feature","id":"AC-Y381-X358","properties":{"id":"AC-Y381-X358","grid_x":358,"grid_y":381,"centroid":[-71.4770972,-9.7738222],"aggregation":"none","score_gradboost":0.0075249,"score_random_forest":0.008467,"score_logistic_regression":0.0003157,"score_fuzzy_knn_k29":0.0},"geometry":{"type":"Polygon","coordinates":[[[-71.4811846,-9.7764951],[-71.4730498,-9.7765544],[-71.4730098,-9.7711493],[-71.4811445,-9.77109],[-71.4811846,-9.7764951]]]}},{"type":"Feature","id":"AC-Y382-X342","properties":{"id":"AC-Y382-X342","grid_x":342,"grid_y":382,"centroid":[-71.6072042,-9.7674447],"aggregation":"none","score_gradboost":0.0075853,"score_random_forest":0.0099741,"score_logistic_regression":0.0005792,"score_fuzzy_knn_k29":0.0},"geometry":{"type":"Polygon","coordinates":[[[-71.6112922,-9.7701158],[-71.6031584,-9.7701781],[-71.6031163,-9.7647736],[-71.61125,-9.7647113],[-71.6112922,-9.7701158]]]}},{"type":"Feature","id":"AC-Y382-X343","properties":{"id":"AC-Y382-X343","grid_x":343,"grid_y":382,"centroid":[-71.5990704,-9.7675069],"aggregation":"none","score_gradboost":0.0076691,"score_random_forest":0.0054375,"score_logistic_regression":0.0006949,"score_fuzzy_knn_k29":0.0},"geometry":{"type":"Polygon","coordinates":[[[-71.6031584,-9.7701781],[-71.5950245,-9.7702403],[-71.5949826,-9.7648357],[-71.6031163,-9.7647736],[-71.6031584,-9.7701781]]]}},{"type":"Feature","id":"AC-Y382-X344","properties":{"id":"AC-Y382-X344","grid_x":344,"grid_y":382,"centroid":[-71.5909366,-9.767569],"aggregation":"none","score_gradboost":0.0074938,"score_random_forest":0.0010845,"score_logistic_regression":0.0007361,"score_fuzzy_knn_k29":0.0},"geometry":{"type":"Polygon","coordinates":[[[-71.5950245,-9.7702403],[-71.5868905,-9.7703022],[-71.5868488,-9.7648976],[-71.5949826,-9.7648357],[-71.5950245,-9.7702403]]]}},{"type":"Feature","id":"AC-Y382-X345","properties":{"id":"AC-Y382-X345","grid_x":345,"grid_y":382,"centroid":[-71.5828027,-9.7676308],"aggregation":"none","score_gradboost":0.0075317,"score_random_forest":0.0,"score_logistic_regression":0.0006054,"score_fuzzy_knn_k29":0.0},"geometry":{"type":"Polygon","coordinates":[[[-71.5868905,-9.7703022],[-71.5787565,-9.770364],[-71.5787149,-9.7649593],[-71.5868488,-9.7648976],[-71.5868905,-9.7703022]]]}},{"type":"Feature","id":"AC-Y382-X346","properties":{"id":"AC-Y382-X346","grid_x":346,"grid_y":382,"centroid":[-71.5746687,-9.7676925],"aggregation":"none","score_gradboost":0.0075317,"score_random_forest":0.0039272,"score_logistic_regression":0.0005413,"score_fuzzy_knn_k29":0.0},"geometry":{"type":"Polygon","coordinates":[[[-71.5787565,-9.770364],[-71.5706225,-9.7704256],[-71.570581,-9.7650209],[-71.5787149,-9.7649593],[-71.5787565,-9.770364]]]}},{"type":"Feature","id":"AC-Y382-X347","properties":{"id":"AC-Y382-X347","grid_x":347,"grid_y":382,"centroid":[-71.5665347,-9.7677539],"aggregation":"none","score_gradboost":0.0075317,"score_random_forest":0.0024288,"score_logistic_regression":0.0005336,"score_fuzzy_knn_k29":0.0},"geometry":{"type":"Polygon","coordinates":[[[-71.5706225,-9.7704256],[-71.5624884,-9.7704869],[-71.562447,-9.7650822],[-71.570581,-9.7650209],[-71.5706225,-9.7704256]]]}},{"type":"Feature","id":"AC-Y382-X348","properties":{"id":"AC-Y382-X348","grid_x":348,"grid_y":382,"centroid":[-71.5584007,-9.7678152],"aggregation":"none","score_gradboost":0.0075317,"score_random_forest":0.0,"score_logistic_regression":0.0004666,"score_fuzzy_knn_k29":0.0},"geometry":{"type":"Polygon","coordinates":[[[-71.5624884,-9.7704869],[-71.5543543,-9.7705481],[-71.554313,-9.7651434],[-71.562447,-9.7650822],[-71.5624884,-9.7704869]]]}},{"type":"Feature","id":"AC-Y382-X349","properties":{"id":"AC-Y382-X349","grid_x":349,"grid_y":382,"centroid":[-71.5502666,-9.7678763],"aggregation":"none","score_gradboost":0.0061266,"score_random_forest":0.0035085,"score_logistic_regression":0.0003735,"score_fuzzy_knn_k29":0.0},"geometry":{"type":"Polygon","coordinates":[[[-71.5543543,-9.7705481],[-71.54622,-9.7706091],[-71.5461789,-9.7652043],[-71.554313,-9.7651434],[-71.5543543,-9.7705481]]]}},{"type":"Feature","id":"AC-Y382-X350","properties":{"id":"AC-Y382-X350","grid_x":350,"grid_y":382,"centroid":[-71.5421324,-9.7679371],"aggregation":"none","score_gradboost":0.0075853,"score_random_forest":0.0029256,"score_logistic_regression":0.0005196,"score_fuzzy_knn_k29":0.0},"geometry":{"type":"Polygon","coordinates":[[[-71.54622,-9.7706091],[-71.5380858,-9.7706699],[-71.5380448,-9.7652651],[-71.5461789,-9.7652043],[-71.54622,-9.7706091]]]}},{"type":"Feature","id":"AC-Y382-X351","properties":{"id":"AC-Y382-X351","grid_x":351,"grid_y":382,"centroid":[-71.5339982,-9.7679978],"aggregation":"none","score_gradboost":0.0075853,"score_random_forest":0.0008923,"score_logistic_regression":0.0003935,"score_fuzzy_knn_k29":0.0},"geometry":{"type":"Polygon","coordinates":[[[-71.5380858,-9.7706699],[-71.5299515,-9.7707305],[-71.5299106,-9.7653257],[-71.5380448,-9.7652651],[-71.5380858,-9.7706699]]]}},{"type":"Feature","id":"AC-Y382-X352","properties":{"id":"AC-Y382-X352","grid_x":352,"grid_y":382,"centroid":[-71.5258639,-9.7680583],"aggregation":"none","score_gradboost":0.0071953,"score_random_forest":0.0019077,"score_logistic_regression":0.0003698,"score_fuzzy_knn_k29":0.0},"geometry":{"type":"Polygon","coordinates":[[[-71.5299515,-9.7707305],[-71.5218171,-9.7707909],[-71.5217764,-9.765386],[-71.5299106,-9.7653257],[-71.5299515,-9.7707305]]]}},{"type":"Feature","id":"AC-Y382-X353","properties":{"id":"AC-Y382-X353","grid_x":353,"grid_y":382,"centroid":[-71.5177296,-9.7681186],"aggregation":"none","score_gradboost":0.0071953,"score_random_forest":0.0002731,"score_logistic_regression":0.000282,"score_fuzzy_knn_k29":0.0},"geometry":{"type":"Polygon","coordinates":[[[-71.5218171,-9.7707909],[-71.5136827,-9.7708511],[-71.5136421,-9.7654462],[-71.5217764,-9.765386],[-71.5218171,-9.7707909]]]}},{"type":"Feature","id":"AC-Y382-X354","properties":{"id":"AC-Y382-X354","grid_x":354,"grid_y":382,"centroid":[-71.5095952,-9.7681787],"aggregation":"none","score_gradboost":0.0089974,"score_random_forest":0.013804,"score_logistic_regression":0.0003684,"score_fuzzy_knn_k29":0.0},"geometry":{"type":"Polygon","coordinates":[[[-71.5136827,-9.7708511],[-71.5055482,-9.7709111],[-71.5055078,-9.7655062],[-71.5136421,-9.7654462],[-71.5136827,-9.7708511]]]}},{"type":"Feature","id":"AC-Y382-X355","properties":{"id":"AC-Y382-X355","grid_x":355,"grid_y":382,"centroid":[-71.5014608,-9.7682386],"aggregation":"none","score_gradboost":0.0075998,"score_random_forest":0.0039528,"score_logistic_regression":0.0004328,"score_fuzzy_knn_k29":0.0},"geometry":{"type":"Polygon","coordinates":[[[-71.5055482,-9.7709111],[-71.4974137,-9.770971],[-71.4973734,-9.765566],[-71.5055078,-9.7655062],[-71.5055482,-9.7709111]]]}},{"type":"Feature","id":"AC-Y382-X356","properties":{"id":"AC-Y382-X356","grid_x":356,"grid_y":382,"centroid":[-71.4933263,-9.7682983],"aggregation":"none","score_gradboost":0.0078345,"score_random_forest":0.012732,"score_logistic_regression":0.0003284,"score_fuzzy_knn_k29":0.0},"geometry":{"type":"Polygon","coordinates":[[[-71.4974137,-9.770971],[-71.4892791,-9.7710306],[-71.489239,-9.7656256],[-71.4973734,-9.765566],[-71.4974137,-9.770971]]]}},{"type":"Feature","id":"AC-Y382-X357","properties":{"id":"AC-Y382-X357","grid_x":357,"grid_y":382,"centroid":[-71.4851918,-9.7683578],"aggregation":"none","score_gradboost":0.0062638,"score_random_forest":0.0064939,"score_logistic_regression":0.0002817,"score_fuzzy_knn_k29":0.0},"geometry":{"type":"Polygon","coordinates":[[[-71.4892791,-9.7710306],[-71.4811445,-9.77109],[-71.4811045,-9.765685],[-71.489239,-9.7656256],[-71.4892791,-9.7710306]]]}},{"type":"Feature","id":"AC-Y382-X358","properties":{"id":"AC-Y382-X358","grid_x":358,"grid_y":382,"centroid":[-71.4770572,-9.7684171],"aggregation":"none","score_gradboost":0.0075249,"score_random_forest":0.006274,"score_logistic_regression":0.0004455,"score_fuzzy_knn_k29":0.0},"geometry":{"type":"Polygon","coordinates":[[[-71.4811445,-9.77109],[-71.4730098,-9.7711493],[-71.4729699,-9.7657442],[-71.4811045,-9.765685],[-71.4811445,-9.77109]]]}},{"type":"Feature","id":"AC-Y383-X341","properties":{"id":"AC-Y383-X341","grid_x":341,"grid_y":383,"centroid":[-71.6152958,-9.7619778],"aggregation":"none","score_gradboost":0.0075853,"score_random_forest":0.0,"score_logistic_regression":0.0008146,"score_fuzzy_knn_k29":0.0},"geometry":{"type":"Polygon","coordinates":[[[-71.6193837,-9.7646488],[-71.61125,-9.7647113],[-71.6112079,-9.7593067],[-71.6193414,-9.7592443],[-71.6193837,-9.7646488]]]}},{"type":"Feature","id":"AC-Y383-X342","properties":{"id":"AC-Y383-X342","grid_x":342,"grid_y":383,"centroid":[-71.6071621,-9.7620402],"aggregation":"none","score_gradboost":0.0075853,"score_random_forest":0.0022479,"score_logistic_regression":0.000744,"score_fuzzy_knn_k29":0.0},"geometry":{"type":"Polygon","coordinates":[[[-71.61125,-9.7647113],[-71.6031163,-9.7647736],[-71.6030743,-9.759369],[-71.6112079,-9.7593067],[-71.61125,-9.7647113]]]}},{"type":"Feature","id":"AC-Y383-X343","properties":{"id":"AC-Y383-X343","grid_x":343,"grid_y":383,"centroid":[-71.5990285,-9.7621024],"aggregation":"none","score_gradboost":0.0075853,"score_random_forest":0.0,"score_logistic_regression":0.0006179,"score_fuzzy_knn_k29":0.0},"geometry":{"type":"Polygon","coordinates":[[[-71.6031163,-9.7647736],[-71.5949826,-9.7648357],[-71.5949407,-9.7594311],[-71.6030743,-9.759369],[-71.6031163,-9.7647736]]]}},{"type":"Feature","id":"AC-Y383-X344","properties":{"id":"AC-Y383-X344","grid_x":344,"grid_y":383,"centroid":[-71.5908948,-9.7621644],"aggregation":"none","score_gradboost":0.0076691,"score_random_forest":0.0054375,"score_logistic_regression":0.0007135,"score_fuzzy_knn_k29":0.0},"geometry":{"type":"Polygon","coordinates":[[[-71.5949826,-9.7648357],[-71.5868488,-9.7648976],[-71.586807,-9.759493],[-71.5949407,-9.7594311],[-71.5949826,-9.7648357]]]}},{"type":"Feature","id":"AC-Y383-X345","properties":{"id":"AC-Y383-X345","grid_x":345,"grid_y":383,"centroid":[-71.582761,-9.7622262],"aggregation":"none","score_gradboost":0.0075317,"score_random_forest":0.0003272,"score_logistic_regression":0.0007374,"score_fuzzy_knn_k29":0.0},"geometry":{"type":"Polygon","coordinates":[[[-71.5868488,-9.7648976],[-71.5787149,-9.7649593],[-71.5786733,-9.7595547],[-71.586807,-9.759493],[-71.5868488,-9.7648976]]]}},{"type":"Feature","id":"AC-Y383-X346","properties":{"id":"AC-Y383-X346","grid_x":346,"grid_y":383,"centroid":[-71.5746272,-9.7622878],"aggregation":"none","score_gradboost":0.0075317,"score_random_forest":0.0039272,"score_logistic_regression":0.0005431,"score_fuzzy_knn_k29":0.0},"geometry":{"type":"Polygon","coordinates":[[[-71.5787149,-9.7649593],[-71.570581,-9.7650209],[-71.5705395,-9.7596162],[-71.5786733,-9.7595547],[-71.5787149,-9.7649593]]]}},{"type":"Feature","id":"AC-Y383-X347","properties":{"id":"AC-Y383-X347","grid_x":347,"grid_y":383,"centroid":[-71.5664933,-9.7623492],"aggregation":"none","score_gradboost":0.0075317,"score_random_forest":0.0017886,"score_logistic_regression":0.0008054,"score_fuzzy_knn_k29":0.0},"geometry":{"type":"Polygon","coordinates":[[[-71.570581,-9.7650209],[-71.562447,-9.7650822],[-71.5624057,-9.7596775],[-71.5705395,-9.7596162],[-71.570581,-9.7650209]]]}},{"type":"Feature","id":"AC-Y383-X348","properties":{"id":"AC-Y383-X348","grid_x":348,"grid_y":383,"centroid":[-71.5583594,-9.7624105],"aggregation":"none","score_gradboost":0.0075317,"score_random_forest":0.0011457,"score_logistic_regression":0.0006646,"score_fuzzy_knn_k29":0.0},"geometry":{"type":"Polygon","coordinates":[[[-71.562447,-9.7650822],[-71.554313,-9.7651434],[-71.5542718,-9.7597386],[-71.5624057,-9.7596775],[-71.562447,-9.7650822]]]}},{"type":"Feature","id":"AC-Y383-X349","properties":{"id":"AC-Y383-X349","grid_x":349,"grid_y":383,"centroid":[-71.5502254,-9.7624715],"aggregation":"none","score_gradboost":0.0076691,"score_random_forest":0.0146609,"score_logistic_regression":0.0005092,"score_fuzzy_knn_k29":0.0},"geometry":{"type":"Polygon","coordinates":[[[-71.554313,-9.7651434],[-71.5461789,-9.7652043],[-71.5461379,-9.7597995],[-71.5542718,-9.7597386],[-71.554313,-9.7651434]]]}},{"type":"Feature","id":"AC-Y383-X350","properties":{"id":"AC-Y383-X350","grid_x":350,"grid_y":383,"centroid":[-71.5420914,-9.7625323],"aggregation":"none","score_gradboost":0.0075853,"score_random_forest":0.0024482,"score_logistic_regression":0.0005416,"score_fuzzy_knn_k29":0.0},"geometry":{"type":"Polygon","coordinates":[[[-71.5461789,-9.7652043],[-71.5380448,-9.7652651],[-71.5380039,-9.7598603],[-71.5461379,-9.7597995],[-71.5461789,-9.7652043]]]}},{"type":"Feature","id":"AC-Y383-X351","properties":{"id":"AC-Y383-X351","grid_x":351,"grid_y":383,"centroid":[-71.5339573,-9.762593],"aggregation":"none","score_gradboost":0.0061266,"score_random_forest":0.0,"score_logistic_regression":0.0003882,"score_fuzzy_knn_k29":0.0},"geometry":{"type":"Polygon","coordinates":[[[-71.5380448,-9.7652651],[-71.5299106,-9.7653257],[-71.5298698,-9.7599208],[-71.5380039,-9.7598603],[-71.5380448,-9.7652651]]]}},{"type":"Feature","id":"AC-Y383-X352","properties":{"id":"AC-Y383-X352","grid_x":352,"grid_y":383,"centroid":[-71.5258231,-9.7626534],"aggregation":"none","score_gradboost":0.0075853,"score_random_forest":0.0115325,"score_logistic_regression":0.000421,"score_fuzzy_knn_k29":0.0},"geometry":{"type":"Polygon","coordinates":[[[-71.5299106,-9.7653257],[-71.5217764,-9.765386],[-71.5217357,-9.7599811],[-71.5298698,-9.7599208],[-71.5299106,-9.7653257]]]}},{"type":"Feature","id":"AC-Y383-X353","properties":{"id":"AC-Y383-X353","grid_x":353,"grid_y":383,"centroid":[-71.517689,-9.7627137],"aggregation":"none","score_gradboost":0.0089974,"score_random_forest":0.0058597,"score_logistic_regression":0.0003702,"score_fuzzy_knn_k29":0.0},"geometry":{"type":"Polygon","coordinates":[[[-71.5217764,-9.765386],[-71.5136421,-9.7654462],[-71.5136016,-9.7600413],[-71.5217357,-9.7599811],[-71.5217764,-9.765386]]]}},{"type":"Feature","id":"AC-Y383-X354","properties":{"id":"AC-Y383-X354","grid_x":354,"grid_y":383,"centroid":[-71.5095547,-9.7627737],"aggregation":"none","score_gradboost":0.0089974,"score_random_forest":0.0096733,"score_logistic_regression":0.0003782,"score_fuzzy_knn_k29":0.0},"geometry":{"type":"Polygon","coordinates":[[[-71.5136421,-9.7654462],[-71.5055078,-9.7655062],[-71.5054674,-9.7601012],[-71.5136016,-9.7600413],[-71.5136421,-9.7654462]]]}},{"type":"Feature","id":"AC-Y383-X355","properties":{"id":"AC-Y383-X355","grid_x":355,"grid_y":383,"centroid":[-71.5014204,-9.7628336],"aggregation":"none","score_gradboost":0.0088522,"score_random_forest":0.0022731,"score_logistic_regression":0.0004029,"score_fuzzy_knn_k29":0.0},"geometry":{"type":"Polygon","coordinates":[[[-71.5055078,-9.7655062],[-71.4973734,-9.765566],[-71.4973331,-9.760161],[-71.5054674,-9.7601012],[-71.5055078,-9.7655062]]]}},{"type":"Feature","id":"AC-Y383-X356","properties":{"id":"AC-Y383-X356","grid_x":356,"grid_y":383,"centroid":[-71.4932861,-9.7628933],"aggregation":"none","score_gradboost":0.0075998,"score_random_forest":0.0052704,"score_logistic_regression":0.000419,"score_fuzzy_knn_k29":0.0},"geometry":{"type":"Polygon","coordinates":[[[-71.4973734,-9.765566],[-71.489239,-9.7656256],[-71.4891988,-9.7602205],[-71.4973331,-9.760161],[-71.4973734,-9.765566]]]}},{"type":"Feature","id":"AC-Y383-X357","properties":{"id":"AC-Y383-X357","grid_x":357,"grid_y":383,"centroid":[-71.4851517,-9.7629528],"aggregation":"none","score_gradboost":0.0075998,"score_random_forest":0.0045328,"score_logistic_regression":0.0003812,"score_fuzzy_knn_k29":0.0},"geometry":{"type":"Polygon","coordinates":[[[-71.489239,-9.7656256],[-71.4811045,-9.765685],[-71.4810644,-9.7602799],[-71.4891988,-9.7602205],[-71.489239,-9.7656256]]]}},{"type":"Feature","id":"AC-Y383-X358","properties":{"id":"AC-Y383-X358","grid_x":358,"grid_y":383,"centroid":[-71.4770172,-9.7630121],"aggregation":"none","score_gradboost":0.0078345,"score_random_forest":0.0061711,"score_logistic_regression":0.0003827,"score_fuzzy_knn_k29":0.0},"geometry":{"type":"Polygon","coordinates":[[[-71.4811045,-9.765685],[-71.4729699,-9.7657442],[-71.47293,-9.7603391],[-71.4810644,-9.7602799],[-71.4811045,-9.765685]]]}},{"type":"Feature","id":"AC-Y384-X341","properties":{"id":"AC-Y384-X341","grid_x":341,"grid_y":384,"centroid":[-71.6152536,-9.7565733],"aggregation":"none","score_gradboost":0.0081543,"score_random_forest":0.0018661,"score_logistic_regression":0.0009876,"score_fuzzy_knn_k29":0.0},"geometry":{"type":"Polygon","coordinates":[[[-71.6193414,-9.7592443],[-71.6112079,-9.7593067],[-71.6111658,-9.7539022],[-71.6192992,-9.7538398],[-71.6193414,-9.7592443]]]}},{"type":"Feature","id":"AC-Y384-X342","properties":{"id":"AC-Y384-X342","grid_x":342,"grid_y":384,"centroid":[-71.6071201,-9.7566356],"aggregation":"none","score_gradboost":0.0075853,"score_random_forest":0.0,"score_logistic_regression":0.0007196,"score_fuzzy_knn_k29":0.0},"geometry":{"type":"Polygon","coordinates":[[[-71.6112079,-9.7593067],[-71.6030743,-9.759369],[-71.6030324,-9.7539645],[-71.6111658,-9.7539022],[-71.6112079,-9.7593067]]]}},{"type":"Feature","id":"AC-Y384-X343","properties":{"id":"AC-Y384-X343","grid_x":343,"grid_y":384,"centroid":[-71.5989866,-9.7566978],"aggregation":"none","score_gradboost":0.0075853,"score_random_forest":0.0,"score_logistic_regression":0.0007727,"score_fuzzy_knn_k29":0.0},"geometry":{"type":"Polygon","coordinates":[[[-71.6030743,-9.759369],[-71.5949407,-9.7594311],[-71.5948989,-9.7540265],[-71.6030324,-9.7539645],[-71.6030743,-9.759369]]]}},{"type":"Feature","id":"AC-Y384-X344","properties":{"id":"AC-Y384-X344","grid_x":344,"grid_y":384,"centroid":[-71.590853,-9.7567598],"aggregation":"none","score_gradboost":0.0075853,"score_random_forest":0.0,"score_logistic_regression":0.0006824,"score_fuzzy_knn_k29":0.0},"geometry":{"type":"Polygon","coordinates":[[[-71.5949407,-9.7594311],[-71.586807,-9.759493],[-71.5867653,-9.7540884],[-71.5948989,-9.7540265],[-71.5949407,-9.7594311]]]}},{"type":"Feature","id":"AC-Y384-X345","properties":{"id":"AC-Y384-X345","grid_x":345,"grid_y":384,"centroid":[-71.5827194,-9.7568215],"aggregation":"none","score_gradboost":0.0076691,"score_random_forest":0.0015125,"score_logistic_regression":0.0005956,"score_fuzzy_knn_k29":0.0},"geometry":{"type":"Polygon","coordinates":[[[-71.586807,-9.759493],[-71.5786733,-9.7595547],[-71.5786317,-9.75415],[-71.5867653,-9.7540884],[-71.586807,-9.759493]]]}},{"type":"Feature","id":"AC-Y384-X346","properties":{"id":"AC-Y384-X346","grid_x":346,"grid_y":384,"centroid":[-71.5745857,-9.7568831],"aggregation":"none","score_gradboost":0.0075317,"score_random_forest":0.0025847,"score_logistic_regression":0.0005282,"score_fuzzy_knn_k29":0.0},"geometry":{"type":"Polygon","coordinates":[[[-71.5786733,-9.7595547],[-71.5705395,-9.7596162],[-71.5704981,-9.7542115],[-71.5786317,-9.75415],[-71.5786733,-9.7595547]]]}},{"type":"Feature","id":"AC-Y384-X347","properties":{"id":"AC-Y384-X347","grid_x":347,"grid_y":384,"centroid":[-71.5664519,-9.7569445],"aggregation":"none","score_gradboost":0.0075317,"score_random_forest":0.0,"score_logistic_regression":0.0008586,"score_fuzzy_knn_k29":0.0},"geometry":{"type":"Polygon","coordinates":[[[-71.5705395,-9.7596162],[-71.5624057,-9.7596775],[-71.5623644,-9.7542728],[-71.5704981,-9.7542115],[-71.5705395,-9.7596162]]]}},{"type":"Feature","id":"AC-Y384-X348","properties":{"id":"AC-Y384-X348","grid_x":348,"grid_y":384,"centroid":[-71.5583181,-9.7570057],"aggregation":"none","score_gradboost":0.0075317,"score_random_forest":0.0,"score_logistic_regression":0.0007638,"score_fuzzy_knn_k29":0.0},"geometry":{"type":"Polygon","coordinates":[[[-71.5624057,-9.7596775],[-71.5542718,-9.7597386],[-71.5542306,-9.7543339],[-71.5623644,-9.7542728],[-71.5624057,-9.7596775]]]}},{"type":"Feature","id":"AC-Y384-X349","properties":{"id":"AC-Y384-X349","grid_x":349,"grid_y":384,"centroid":[-71.5501843,-9.7570667],"aggregation":"none","score_gradboost":0.0075317,"score_random_forest":0.0,"score_logistic_regression":0.0006849,"score_fuzzy_knn_k29":0.0},"geometry":{"type":"Polygon","coordinates":[[[-71.5542718,-9.7597386],[-71.5461379,-9.7597995],[-71.5460968,-9.7543947],[-71.5542306,-9.7543339],[-71.5542718,-9.7597386]]]}},{"type":"Feature","id":"AC-Y384-X350","properties":{"id":"AC-Y384-X350","grid_x":350,"grid_y":384,"centroid":[-71.5420504,-9.7571275],"aggregation":"none","score_gradboost":0.0076691,"score_random_forest":0.0057735,"score_logistic_regression":0.0005339,"score_fuzzy_knn_k29":0.0},"geometry":{"type":"Polygon","coordinates":[[[-71.5461379,-9.7597995],[-71.5380039,-9.7598603],[-71.5379629,-9.7544554],[-71.5460968,-9.7543947],[-71.5461379,-9.7597995]]]}},{"type":"Feature","id":"AC-Y384-X351","properties":{"id":"AC-Y384-X351","grid_x":351,"grid_y":384,"centroid":[-71.5339164,-9.7571881],"aggregation":"none","score_gradboost":0.0075853,"score_random_forest":0.0,"score_logistic_regression":0.0004171,"score_fuzzy_knn_k29":0.0},"geometry":{"type":"Polygon","coordinates":[[[-71.5380039,-9.7598603],[-71.5298698,-9.7599208],[-71.529829,-9.7545159],[-71.5379629,-9.7544554],[-71.5380039,-9.7598603]]]}},{"type":"Feature","id":"AC-Y384-X352","properties":{"id":"AC-Y384-X352","grid_x":352,"grid_y":384,"centroid":[-71.5257824,-9.7572485],"aggregation":"none","score_gradboost":0.0075853,"score_random_forest":0.0006698,"score_logistic_regression":0.0005222,"score_fuzzy_knn_k29":0.0},"geometry":{"type":"Polygon","coordinates":[[[-71.5298698,-9.7599208],[-71.5217357,-9.7599811],[-71.521695,-9.7545762],[-71.529829,-9.7545159],[-71.5298698,-9.7599208]]]}},{"type":"Feature","id":"AC-Y384-X353","properties":{"id":"AC-Y384-X353","grid_x":353,"grid_y":384,"centroid":[-71.5176483,-9.7573088],"aggregation":"none","score_gradboost":0.0061266,"score_random_forest":0.0,"score_logistic_regression":0.0003355,"score_fuzzy_knn_k29":0.0},"geometry":{"type":"Polygon","coordinates":[[[-71.5217357,-9.7599811],[-71.5136016,-9.7600413],[-71.513561,-9.7546363],[-71.521695,-9.7545762],[-71.5217357,-9.7599811]]]}},{"type":"Feature","id":"AC-Y384-X354","properties":{"id":"AC-Y384-X354","grid_x":354,"grid_y":384,"centroid":[-71.5095142,-9.7573688],"aggregation":"none","score_gradboost":0.0081543,"score_random_forest":0.0020524,"score_logistic_regression":0.0005239,"score_fuzzy_knn_k29":0.0},"geometry":{"type":"Polygon","coordinates":[[[-71.5136016,-9.7600413],[-71.5054674,-9.7601012],[-71.5054269,-9.7546963],[-71.513561,-9.7546363],[-71.5136016,-9.7600413]]]}},{"type":"Feature","id":"AC-Y384-X355","properties":{"id":"AC-Y384-X355","grid_x":355,"grid_y":384,"centroid":[-71.5013801,-9.7574286],"aggregation":"none","score_gradboost":0.0089974,"score_random_forest":0.0071315,"score_logistic_regression":0.000409,"score_fuzzy_knn_k29":0.0},"geometry":{"type":"Polygon","coordinates":[[[-71.5054674,-9.7601012],[-71.4973331,-9.760161],[-71.4972928,-9.754756],[-71.5054269,-9.7546963],[-71.5054674,-9.7601012]]]}},{"type":"Feature","id":"AC-Y384-X356","properties":{"id":"AC-Y384-X356","grid_x":356,"grid_y":384,"centroid":[-71.4932458,-9.7574883],"aggregation":"none","score_gradboost":0.0081543,"score_random_forest":0.0012197,"score_logistic_regression":0.0005275,"score_fuzzy_knn_k29":0.0},"geometry":{"type":"Polygon","coordinates":[[[-71.4973331,-9.760161],[-71.4891988,-9.7602205],[-71.4891586,-9.7548155],[-71.4972928,-9.754756],[-71.4973331,-9.760161]]]}},{"type":"Feature","id":"AC-Y384-X357","properties":{"id":"AC-Y384-X357","grid_x":357,"grid_y":384,"centroid":[-71.4851116,-9.7575477],"aggregation":"none","score_gradboost":0.0088522,"score_random_forest":0.0044895,"score_logistic_regression":0.0004168,"score_fuzzy_knn_k29":0.0},"geometry":{"type":"Polygon","coordinates":[[[-71.4891988,-9.7602205],[-71.4810644,-9.7602799],[-71.4810244,-9.7548749],[-71.4891586,-9.7548155],[-71.4891988,-9.7602205]]]}},{"type":"Feature","id":"AC-Y384-X358","properties":{"id":"AC-Y384-X358","grid_x":358,"grid_y":384,"centroid":[-71.4769772,-9.757607],"aggregation":"none","score_gradboost":0.0076667,"score_random_forest":0.0006557,"score_logistic_regression":0.0004688,"score_fuzzy_knn_k29":0.0},"geometry":{"type":"Polygon","coordinates":[[[-71.4810644,-9.7602799],[-71.47293,-9.7603391],[-71.4728901,-9.754934],[-71.4810244,-9.7548749],[-71.4810644,-9.7602799]]]}},{"type":"Feature","id":"AC-Y385-X340","properties":{"id":"AC-Y385-X340","grid_x":340,"grid_y":385,"centroid":[-71.6233447,-9.7511063],"aggregation":"none","score_gradboost":0.0089974,"score_random_forest":0.0363669,"score_logistic_regression":0.0006293,"score_fuzzy_knn_k29":0.0},"geometry":{"type":"Polygon","coordinates":[[[-71.6274325,-9.7537772],[-71.6192992,-9.7538398],[-71.619257,-9.7484353],[-71.6273901,-9.7483727],[-71.6274325,-9.7537772]]]}},{"type":"Feature","id":"AC-Y385-X341","properties":{"id":"AC-Y385-X341","grid_x":341,"grid_y":385,"centroid":[-71.6152114,-9.7511688],"aggregation":"none","score_gradboost":0.0089974,"score_random_forest":0.0133755,"score_logistic_regression":0.0006886,"score_fuzzy_knn_k29":0.0},"geometry":{"type":"Polygon","coordinates":[[[-71.6192992,-9.7538398],[-71.6111658,-9.7539022],[-71.6111237,-9.7484977],[-71.619257,-9.7484353],[-71.6192992,-9.7538398]]]}},{"type":"Feature","id":"AC-Y385-X342","properties":{"id":"AC-Y385-X342","grid_x":342,"grid_y":385,"centroid":[-71.6070781,-9.7512311],"aggregation":"none","score_gradboost":0.0089974,"score_random_forest":0.0097263,"score_logistic_regression":0.0007165,"score_fuzzy_knn_k29":0.0},"geometry":{"type":"Polygon","coordinates":[[[-71.6111658,-9.7539022],[-71.6030324,-9.7539645],[-71.6029904,-9.7485599],[-71.6111237,-9.7484977],[-71.6111658,-9.7539022]]]}},{"type":"Feature","id":"AC-Y385-X343","properties":{"id":"AC-Y385-X343","grid_x":343,"grid_y":385,"centroid":[-71.5989447,-9.7512932],"aggregation":"none","score_gradboost":0.0075853,"score_random_forest":0.0004139,"score_logistic_regression":0.0007384,"score_fuzzy_knn_k29":0.0},"geometry":{"type":"Polygon","coordinates":[[[-71.6030324,-9.7539645],[-71.5948989,-9.7540265],[-71.594857,-9.7486219],[-71.6029904,-9.7485599],[-71.6030324,-9.7539645]]]}},{"type":"Feature","id":"AC-Y385-X344","properties":{"id":"AC-Y385-X344","grid_x":344,"grid_y":385,"centroid":[-71.5908112,-9.7513552],"aggregation":"none","score_gradboost":0.0075853,"score_random_forest":0.0072767,"score_logistic_regression":0.0005831,"score_fuzzy_knn_k29":0.0},"geometry":{"type":"Polygon","coordinates":[[[-71.5948989,-9.7540265],[-71.5867653,-9.7540884],[-71.5867236,-9.7486838],[-71.594857,-9.7486219],[-71.5948989,-9.7540265]]]}},{"type":"Feature","id":"AC-Y385-X345","properties":{"id":"AC-Y385-X345","grid_x":345,"grid_y":385,"centroid":[-71.5826777,-9.7514169],"aggregation":"none","score_gradboost":0.0076691,"score_random_forest":0.008421,"score_logistic_regression":0.0008026,"score_fuzzy_knn_k29":0.0},"geometry":{"type":"Polygon","coordinates":[[[-71.5867653,-9.7540884],[-71.5786317,-9.75415],[-71.5785902,-9.7487454],[-71.5867236,-9.7486838],[-71.5867653,-9.7540884]]]}},{"type":"Feature","id":"AC-Y385-X346","properties":{"id":"AC-Y385-X346","grid_x":346,"grid_y":385,"centroid":[-71.5745442,-9.7514785],"aggregation":"none","score_gradboost":0.0074938,"score_random_forest":0.0021413,"score_logistic_regression":0.0005197,"score_fuzzy_knn_k29":0.0},"geometry":{"type":"Polygon","coordinates":[[[-71.5786317,-9.75415],[-71.5704981,-9.7542115],[-71.5704566,-9.7488068],[-71.5785902,-9.7487454],[-71.5786317,-9.75415]]]}},{"type":"Feature","id":"AC-Y385-X347","properties":{"id":"AC-Y385-X347","grid_x":347,"grid_y":385,"centroid":[-71.5664105,-9.7515398],"aggregation":"none","score_gradboost":0.0075317,"score_random_forest":0.0,"score_logistic_regression":0.0008554,"score_fuzzy_knn_k29":0.0},"geometry":{"type":"Polygon","coordinates":[[[-71.5704981,-9.7542115],[-71.5623644,-9.7542728],[-71.5623231,-9.748868],[-71.5704566,-9.7488068],[-71.5704981,-9.7542115]]]}},{"type":"Feature","id":"AC-Y385-X348","properties":{"id":"AC-Y385-X348","grid_x":348,"grid_y":385,"centroid":[-71.5582769,-9.751601],"aggregation":"none","score_gradboost":0.0075317,"score_random_forest":0.0,"score_logistic_regression":0.000845,"score_fuzzy_knn_k29":0.0},"geometry":{"type":"Polygon","coordinates":[[[-71.5623644,-9.7542728],[-71.5542306,-9.7543339],[-71.5541894,-9.7489291],[-71.5623231,-9.748868],[-71.5623644,-9.7542728]]]}},{"type":"Feature","id":"AC-Y385-X349","properties":{"id":"AC-Y385-X349","grid_x":349,"grid_y":385,"centroid":[-71.5501432,-9.7516619],"aggregation":"none","score_gradboost":0.0075317,"score_random_forest":0.0,"score_logistic_regression":0.0007041,"score_fuzzy_knn_k29":0.0},"geometry":{"type":"Polygon","coordinates":[[[-71.5542306,-9.7543339],[-71.5460968,-9.7543947],[-71.5460558,-9.7489899],[-71.5541894,-9.7489291],[-71.5542306,-9.7543339]]]}},{"type":"Feature","id":"AC-Y385-X350","properties":{"id":"AC-Y385-X350","grid_x":350,"grid_y":385,"centroid":[-71.5420094,-9.7517227],"aggregation":"none","score_gradboost":0.0075317,"score_random_forest":0.0003272,"score_logistic_regression":0.0007197,"score_fuzzy_knn_k29":0.0},"geometry":{"type":"Polygon","coordinates":[[[-71.5460968,-9.7543947],[-71.5379629,-9.7544554],[-71.537922,-9.7490506],[-71.5460558,-9.7489899],[-71.5460968,-9.7543947]]]}},{"type":"Feature","id":"AC-Y385-X351","properties":{"id":"AC-Y385-X351","grid_x":351,"grid_y":385,"centroid":[-71.5338756,-9.7517833],"aggregation":"none","score_gradboost":0.0076691,"score_random_forest":0.012453,"score_logistic_regression":0.0004681,"score_fuzzy_knn_k29":0.0},"geometry":{"type":"Polygon","coordinates":[[[-71.5379629,-9.7544554],[-71.529829,-9.7545159],[-71.5297882,-9.7491111],[-71.537922,-9.7490506],[-71.5379629,-9.7544554]]]}},{"type":"Feature","id":"AC-Y385-X352","properties":{"id":"AC-Y385-X352","grid_x":352,"grid_y":385,"centroid":[-71.5257417,-9.7518437],"aggregation":"none","score_gradboost":0.0061266,"score_random_forest":0.0008502,"score_logistic_regression":0.0003725,"score_fuzzy_knn_k29":0.0},"geometry":{"type":"Polygon","coordinates":[[[-71.529829,-9.7545159],[-71.521695,-9.7545762],[-71.5216544,-9.7491713],[-71.5297882,-9.7491111],[-71.529829,-9.7545159]]]}},{"type":"Feature","id":"AC-Y385-X353","properties":{"id":"AC-Y385-X353","grid_x":353,"grid_y":385,"centroid":[-71.5176077,-9.7519039],"aggregation":"none","score_gradboost":0.0075853,"score_random_forest":0.005435,"score_logistic_regression":0.0004326,"score_fuzzy_knn_k29":0.0},"geometry":{"type":"Polygon","coordinates":[[[-71.521695,-9.7545762],[-71.513561,-9.7546363],[-71.5135205,-9.7492314],[-71.5216544,-9.7491713],[-71.521695,-9.7545762]]]}},{"type":"Feature","id":"AC-Y385-X354","properties":{"id":"AC-Y385-X354","grid_x":354,"grid_y":385,"centroid":[-71.5094738,-9.7519639],"aggregation":"none","score_gradboost":0.0075853,"score_random_forest":0.0004139,"score_logistic_regression":0.0005312,"score_fuzzy_knn_k29":0.0},"geometry":{"type":"Polygon","coordinates":[[[-71.513561,-9.7546363],[-71.5054269,-9.7546963],[-71.5053866,-9.7492913],[-71.5135205,-9.7492314],[-71.513561,-9.7546363]]]}},{"type":"Feature","id":"AC-Y385-X355","properties":{"id":"AC-Y385-X355","grid_x":355,"grid_y":385,"centroid":[-71.5013397,-9.7520237],"aggregation":"none","score_gradboost":0.0089974,"score_random_forest":0.0102906,"score_logistic_regression":0.0004525,"score_fuzzy_knn_k29":0.0},"geometry":{"type":"Polygon","coordinates":[[[-71.5054269,-9.7546963],[-71.4972928,-9.754756],[-71.4972526,-9.749351],[-71.5053866,-9.7492913],[-71.5054269,-9.7546963]]]}},{"type":"Feature","id":"AC-Y385-X356","properties":{"id":"AC-Y385-X356","grid_x":356,"grid_y":385,"centroid":[-71.4932056,-9.7520833],"aggregation":"none","score_gradboost":0.0089974,"score_random_forest":0.0078257,"score_logistic_regression":0.0003659,"score_fuzzy_knn_k29":0.0},"geometry":{"type":"Polygon","coordinates":[[[-71.4972928,-9.754756],[-71.4891586,-9.7548155],[-71.4891185,-9.7494105],[-71.4972526,-9.749351],[-71.4972928,-9.754756]]]}},{"type":"Feature","id":"AC-Y385-X357","properties":{"id":"AC-Y385-X357","grid_x":357,"grid_y":385,"centroid":[-71.4850715,-9.7521427],"aggregation":"none","score_gradboost":0.0081543,"score_random_forest":0.0009736,"score_logistic_regression":0.000596,"score_fuzzy_knn_k29":0.0},"geometry":{"type":"Polygon","coordinates":[[[-71.4891586,-9.7548155],[-71.4810244,-9.7548749],[-71.4809844,-9.7494698],[-71.4891185,-9.7494105],[-71.4891586,-9.7548155]]]}},{"type":"Feature","id":"AC-Y385-X358","properties":{"id":"AC-Y385-X358","grid_x":358,"grid_y":385,"centroid":[-71.4769373,-9.7522019],"aggregation":"none","score_gradboost":0.0081543,"score_random_forest":0.0136451,"score_logistic_regression":0.0004843,"score_fuzzy_knn_k29":0.0},"geometry":{"type":"Polygon","coordinates":[[[-71.4810244,-9.7548749],[-71.4728901,-9.754934],[-71.4728503,-9.7495289],[-71.4809844,-9.7494698],[-71.4810244,-9.7548749]]]}},{"type":"Feature","id":"AC-Y386-X340","properties":{"id":"AC-Y386-X340","grid_x":340,"grid_y":386,"centroid":[-71.6233024,-9.7457018],"aggregation":"none","score_gradboost":0.009925,"score_random_forest":0.0040553,"score_logistic_regression":0.0010127,"score_fuzzy_knn_k29":0.0},"geometry":{"type":"Polygon","coordinates":[[[-71.6273901,-9.7483727],[-71.619257,-9.7484353],[-71.6192148,-9.7430308],[-71.6273478,-9.7429683],[-71.6273901,-9.7483727]]]}},{"type":"Feature","id":"AC-Y386-X341","properties":{"id":"AC-Y386-X341","grid_x":341,"grid_y":386,"centroid":[-71.6151693,-9.7457643],"aggregation":"none","score_gradboost":0.0103846,"score_random_forest":0.0012483,"score_logistic_regression":0.0010044,"score_fuzzy_knn_k29":0.0},"geometry":{"type":"Polygon","coordinates":[[[-71.619257,-9.7484353],[-71.6111237,-9.7484977],[-71.6110816,-9.7430932],[-71.6192148,-9.7430308],[-71.619257,-9.7484353]]]}},{"type":"Feature","id":"AC-Y386-X342","properties":{"id":"AC-Y386-X342","grid_x":342,"grid_y":386,"centroid":[-71.6070361,-9.7458266],"aggregation":"none","score_gradboost":0.0081543,"score_random_forest":0.0046771,"score_logistic_regression":0.0008708,"score_fuzzy_knn_k29":0.0},"geometry":{"type":"Polygon","coordinates":[[[-71.6111237,-9.7484977],[-71.6029904,-9.7485599],[-71.6029485,-9.7431554],[-71.6110816,-9.7430932],[-71.6111237,-9.7484977]]]}},{"type":"Feature","id":"AC-Y386-X343","properties":{"id":"AC-Y386-X343","grid_x":343,"grid_y":386,"centroid":[-71.5989028,-9.7458887],"aggregation":"none","score_gradboost":0.0089974,"score_random_forest":0.0149966,"score_logistic_regression":0.0005791,"score_fuzzy_knn_k29":0.0},"geometry":{"type":"Polygon","coordinates":[[[-71.6029904,-9.7485599],[-71.594857,-9.7486219],[-71.5948152,-9.7432173],[-71.6029485,-9.7431554],[-71.6029904,-9.7485599]]]}},{"type":"Feature","id":"AC-Y386-X344","properties":{"id":"AC-Y386-X344","grid_x":344,"grid_y":386,"centroid":[-71.5907695,-9.7459506],"aggregation":"none","score_gradboost":0.0075853,"score_random_forest":0.0,"score_logistic_regression":0.0006913,"score_fuzzy_knn_k29":0.0},"geometry":{"type":"Polygon","coordinates":[[[-71.594857,-9.7486219],[-71.5867236,-9.7486838],[-71.586682,-9.7432791],[-71.5948152,-9.7432173],[-71.594857,-9.7486219]]]}},{"type":"Feature","id":"AC-Y386-X345","properties":{"id":"AC-Y386-X345","grid_x":345,"grid_y":386,"centroid":[-71.5826361,-9.7460123],"aggregation":"none","score_gradboost":0.0075853,"score_random_forest":0.0048686,"score_logistic_regression":0.0005471,"score_fuzzy_knn_k29":0.0},"geometry":{"type":"Polygon","coordinates":[[[-71.5867236,-9.7486838],[-71.5785902,-9.7487454],[-71.5785486,-9.7433407],[-71.586682,-9.7432791],[-71.5867236,-9.7486838]]]}},{"type":"Feature","id":"AC-Y386-X346","properties":{"id":"AC-Y386-X346","grid_x":346,"grid_y":386,"centroid":[-71.5745027,-9.7460738],"aggregation":"none","score_gradboost":0.0076691,"score_random_forest":0.0039105,"score_logistic_regression":0.0005108,"score_fuzzy_knn_k29":0.0},"geometry":{"type":"Polygon","coordinates":[[[-71.5785902,-9.7487454],[-71.5704566,-9.7488068],[-71.5704152,-9.7434021],[-71.5785486,-9.7433407],[-71.5785902,-9.7487454]]]}},{"type":"Feature","id":"AC-Y386-X347","properties":{"id":"AC-Y386-X347","grid_x":347,"grid_y":386,"centroid":[-71.5663692,-9.7461351],"aggregation":"none","score_gradboost":0.0074938,"score_random_forest":0.0022536,"score_logistic_regression":0.0006327,"score_fuzzy_knn_k29":0.0},"geometry":{"type":"Polygon","coordinates":[[[-71.5704566,-9.7488068],[-71.5623231,-9.748868],[-71.5622818,-9.7434633],[-71.5704152,-9.7434021],[-71.5704566,-9.7488068]]]}},{"type":"Feature","id":"AC-Y386-X348","properties":{"id":"AC-Y386-X348","grid_x":348,"grid_y":386,"centroid":[-71.5582357,-9.7461962],"aggregation":"none","score_gradboost":0.0075317,"score_random_forest":0.0,"score_logistic_regression":0.0008672,"score_fuzzy_knn_k29":0.0},"geometry":{"type":"Polygon","coordinates":[[[-71.5623231,-9.748868],[-71.5541894,-9.7489291],[-71.5541483,-9.7435243],[-71.5622818,-9.7434633],[-71.5623231,-9.748868]]]}},{"type":"Feature","id":"AC-Y386-X349","properties":{"id":"AC-Y386-X349","grid_x":349,"grid_y":386,"centroid":[-71.5501021,-9.7462572],"aggregation":"none","score_gradboost":0.0075317,"score_random_forest":0.0017886,"score_logistic_regression":0.0006942,"score_fuzzy_knn_k29":0.0},"geometry":{"type":"Polygon","coordinates":[[[-71.5541894,-9.7489291],[-71.5460558,-9.7489899],[-71.5460147,-9.7435851],[-71.5541483,-9.7435243],[-71.5541894,-9.7489291]]]}},{"type":"Feature","id":"AC-Y386-X350","properties":{"id":"AC-Y386-X350","grid_x":350,"grid_y":386,"centroid":[-71.5419684,-9.7463179],"aggregation":"none","score_gradboost":0.0075317,"score_random_forest":0.0,"score_logistic_regression":0.000574,"score_fuzzy_knn_k29":0.0},"geometry":{"type":"Polygon","coordinates":[[[-71.5460558,-9.7489899],[-71.537922,-9.7490506],[-71.5378811,-9.7436458],[-71.5460148,-9.7435851],[-71.5460558,-9.7489899]]]}},{"type":"Feature","id":"AC-Y386-X351","properties":{"id":"AC-Y386-X351","grid_x":351,"grid_y":386,"centroid":[-71.5338347,-9.7463784],"aggregation":"none","score_gradboost":0.0075317,"score_random_forest":0.0003272,"score_logistic_regression":0.0007282,"score_fuzzy_knn_k29":0.0},"geometry":{"type":"Polygon","coordinates":[[[-71.537922,-9.7490506],[-71.5297882,-9.7491111],[-71.5297475,-9.7437062],[-71.5378811,-9.7436458],[-71.537922,-9.7490506]]]}},{"type":"Feature","id":"AC-Y386-X352","properties":{"id":"AC-Y386-X352","grid_x":352,"grid_y":386,"centroid":[-71.525701,-9.7464388],"aggregation":"none","score_gradboost":0.0076691,"score_random_forest":0.0018397,"score_logistic_regression":0.0006042,"score_fuzzy_knn_k29":0.0},"geometry":{"type":"Polygon","coordinates":[[[-71.5297882,-9.7491111],[-71.5216544,-9.7491713],[-71.5216138,-9.7437664],[-71.5297475,-9.7437062],[-71.5297882,-9.7491111]]]}},{"type":"Feature","id":"AC-Y386-X353","properties":{"id":"AC-Y386-X353","grid_x":353,"grid_y":386,"centroid":[-71.5175672,-9.7464989],"aggregation":"none","score_gradboost":0.0075853,"score_random_forest":0.0024482,"score_logistic_regression":0.0005126,"score_fuzzy_knn_k29":0.0},"geometry":{"type":"Polygon","coordinates":[[[-71.5216544,-9.7491713],[-71.5135205,-9.7492314],[-71.51348,-9.7438265],[-71.5216138,-9.7437664],[-71.5216544,-9.7491713]]]}},{"type":"Feature","id":"AC-Y386-X354","properties":{"id":"AC-Y386-X354","grid_x":354,"grid_y":386,"centroid":[-71.5094333,-9.7465589],"aggregation":"none","score_gradboost":0.0075853,"score_random_forest":0.0033742,"score_logistic_regression":0.0004951,"score_fuzzy_knn_k29":0.0},"geometry":{"type":"Polygon","coordinates":[[[-71.5135205,-9.7492314],[-71.5053866,-9.7492913],[-71.5053462,-9.7438863],[-71.51348,-9.7438265],[-71.5135205,-9.7492314]]]}},{"type":"Feature","id":"AC-Y386-X355","properties":{"id":"AC-Y386-X355","grid_x":355,"grid_y":386,"centroid":[-71.5012994,-9.7466187],"aggregation":"none","score_gradboost":0.0075853,"score_random_forest":0.0004139,"score_logistic_regression":0.0005691,"score_fuzzy_knn_k29":0.0},"geometry":{"type":"Polygon","coordinates":[[[-71.5053866,-9.7492913],[-71.4972526,-9.749351],[-71.4972123,-9.743946],[-71.5053462,-9.7438863],[-71.5053866,-9.7492913]]]}},{"type":"Feature","id":"AC-Y386-X356","properties":{"id":"AC-Y386-X356","grid_x":356,"grid_y":386,"centroid":[-71.4931655,-9.7466783],"aggregation":"none","score_gradboost":0.0089974,"score_random_forest":0.0162845,"score_logistic_regression":0.0004056,"score_fuzzy_knn_k29":0.0},"geometry":{"type":"Polygon","coordinates":[[[-71.4972526,-9.749351],[-71.4891185,-9.7494105],[-71.4890784,-9.7440055],[-71.4972123,-9.743946],[-71.4972526,-9.749351]]]}},{"type":"Feature","id":"AC-Y386-X357","properties":{"id":"AC-Y386-X357","grid_x":357,"grid_y":386,"centroid":[-71.4850315,-9.7467376],"aggregation":"none","score_gradboost":0.0089974,"score_random_forest":0.0139018,"score_logistic_regression":0.0003797,"score_fuzzy_knn_k29":0.0},"geometry":{"type":"Polygon","coordinates":[[[-71.4891185,-9.7494105],[-71.4809844,-9.7494698],[-71.4809445,-9.7440647],[-71.4890784,-9.7440055],[-71.4891185,-9.7494105]]]}},{"type":"Feature","id":"AC-Y386-X358","properties":{"id":"AC-Y386-X358","grid_x":358,"grid_y":386,"centroid":[-71.4768974,-9.7467968],"aggregation":"none","score_gradboost":0.0089974,"score_random_forest":0.0083223,"score_logistic_regression":0.0004101,"score_fuzzy_knn_k29":0.0},"geometry":{"type":"Polygon","coordinates":[[[-71.4809844,-9.7494698],[-71.4728503,-9.7495289],[-71.4728104,-9.7441238],[-71.4809445,-9.7440647],[-71.4809844,-9.7494698]]]}},{"type":"Feature","id":"AC-Y339-X333","properties":{"id":"AC-Y339-X333","grid_x":333,"grid_y":339,"centroid":[-71.6822896,-9.9992551],"aggregation":"none","score_gradboost":0.0070789,"score_random_forest":0.0026318,"score_logistic_regression":0.0002117,"score_fuzzy_knn_k29":0.0},"geometry":{"type":"Polygon","coordinates":[[[-71.6863813,-10.0019243],[-71.6782423,-10.0019899],[-71.678198,-9.9965858],[-71.6863369,-9.9965202],[-71.6863813,-10.0019243]]]}},{"type":"Feature","id":"AC-Y339-X334","properties":{"id":"AC-Y339-X334","grid_x":334,"grid_y":339,"centroid":[-71.6741506,-9.9993206],"aggregation":"none","score_gradboost":0.0060759,"score_random_forest":0.0081571,"score_logistic_regression":0.0001779,"score_fuzzy_knn_k29":0.0},"geometry":{"type":"Polygon","coordinates":[[[-71.6782423,-10.0019899],[-71.6701032,-10.0020554],[-71.670059,-9.9966512],[-71.678198,-9.9965858],[-71.6782423,-10.0019899]]]}},{"type":"Feature","id":"AC-Y339-X335","properties":{"id":"AC-Y339-X335","grid_x":335,"grid_y":339,"centroid":[-71.6660116,-9.9993859],"aggregation":"none","score_gradboost":0.0062638,"score_random_forest":0.0012861,"score_logistic_regression":0.0002373,"score_fuzzy_knn_k29":0.0},"geometry":{"type":"Polygon","coordinates":[[[-71.6701032,-10.0020554],[-71.661964,-10.0021206],[-71.66192,-9.9967164],[-71.670059,-9.9966512],[-71.6701032,-10.0020554]]]}},{"type":"Feature","id":"AC-Y339-X336","properties":{"id":"AC-Y339-X336","grid_x":336,"grid_y":339,"centroid":[-71.6578725,-9.999451],"aggregation":"none","score_gradboost":0.0062638,"score_random_forest":0.0098604,"score_logistic_regression":0.0002818,"score_fuzzy_knn_k29":0.0},"geometry":{"type":"Polygon","coordinates":[[[-71.661964,-10.0021206],[-71.6538248,-10.0021857],[-71.653781,-9.9967814],[-71.66192,-9.9967164],[-71.661964,-10.0021206]]]}},{"type":"Feature","id":"AC-Y339-X337","properties":{"id":"AC-Y339-X337","grid_x":337,"grid_y":339,"centroid":[-71.6497333,-9.999516],"aggregation":"none","score_gradboost":0.0060759,"score_random_forest":0.0160639,"score_logistic_regression":0.0002408,"score_fuzzy_knn_k29":0.0},"geometry":{"type":"Polygon","coordinates":[[[-71.6538248,-10.0021857],[-71.6456856,-10.0022505],[-71.6456418,-9.9968462],[-71.653781,-9.9967814],[-71.6538248,-10.0021857]]]}},{"type":"Feature","id":"AC-Y339-X338","properties":{"id":"AC-Y339-X338","grid_x":338,"grid_y":339,"centroid":[-71.6415941,-9.9995807],"aggregation":"none","score_gradboost":0.0070789,"score_random_forest":0.0026318,"score_logistic_regression":0.0001878,"score_fuzzy_knn_k29":0.0},"geometry":{"type":"Polygon","coordinates":[[[-71.6456856,-10.0022505],[-71.6375463,-10.0023152],[-71.6375027,-9.9969108],[-71.6456418,-9.9968462],[-71.6456856,-10.0022505]]]}},{"type":"Feature","id":"AC-Y339-X339","properties":{"id":"AC-Y339-X339","grid_x":339,"grid_y":339,"centroid":[-71.6334548,-9.9996453],"aggregation":"none","score_gradboost":0.0071953,"score_random_forest":0.0002731,"score_logistic_regression":0.0001602,"score_fuzzy_knn_k29":0.0},"geometry":{"type":"Polygon","coordinates":[[[-71.6375463,-10.0023152],[-71.6294069,-10.0023796],[-71.6293634,-9.9969753],[-71.6375027,-9.9969108],[-71.6375463,-10.0023152]]]}},{"type":"Feature","id":"AC-Y340-X334","properties":{"id":"AC-Y340-X334","grid_x":334,"grid_y":340,"centroid":[-71.6741064,-9.9939164],"aggregation":"none","score_gradboost":0.0062638,"score_random_forest":0.0058683,"score_logistic_regression":0.0001831,"score_fuzzy_knn_k29":0.0},"geometry":{"type":"Polygon","coordinates":[[[-71.678198,-9.9965858],[-71.670059,-9.9966512],[-71.6700149,-9.991247],[-71.6781537,-9.9911816],[-71.678198,-9.9965858]]]}},{"type":"Feature","id":"AC-Y340-X335","properties":{"id":"AC-Y340-X335","grid_x":335,"grid_y":340,"centroid":[-71.6659675,-9.9939817],"aggregation":"none","score_gradboost":0.0060159,"score_random_forest":0.0048924,"score_logistic_regression":0.0001682,"score_fuzzy_knn_k29":0.0},"geometry":{"type":"Polygon","coordinates":[[[-71.670059,-9.9966512],[-71.66192,-9.9967164],[-71.661876,-9.9913122],[-71.6700149,-9.991247],[-71.670059,-9.9966512]]]}},{"type":"Feature","id":"AC-Y340-X336","properties":{"id":"AC-Y340-X336","grid_x":336,"grid_y":340,"centroid":[-71.6578285,-9.9940468],"aggregation":"none","score_gradboost":0.0060159,"score_random_forest":0.0037571,"score_logistic_regression":0.0002175,"score_fuzzy_knn_k29":0.0},"geometry":{"type":"Polygon","coordinates":[[[-71.66192,-9.9967164],[-71.653781,-9.9967814],[-71.6537371,-9.9913772],[-71.661876,-9.9913122],[-71.66192,-9.9967164]]]}},{"type":"Feature","id":"AC-Y340-X337","properties":{"id":"AC-Y340-X337","grid_x":337,"grid_y":340,"centroid":[-71.6496895,-9.9941117],"aggregation":"none","score_gradboost":0.0062638,"score_random_forest":0.0089703,"score_logistic_regression":0.0002211,"score_fuzzy_knn_k29":0.0},"geometry":{"type":"Polygon","coordinates":[[[-71.653781,-9.9967814],[-71.6456418,-9.9968462],[-71.6455981,-9.9914419],[-71.6537371,-9.9913772],[-71.653781,-9.9967814]]]}},{"type":"Feature","id":"AC-Y340-X338","properties":{"id":"AC-Y340-X338","grid_x":338,"grid_y":340,"centroid":[-71.6415504,-9.9941764],"aggregation":"none","score_gradboost":0.0060759,"score_random_forest":0.0015625,"score_logistic_regression":0.0001831,"score_fuzzy_knn_k29":0.0},"geometry":{"type":"Polygon","coordinates":[[[-71.6456418,-9.9968462],[-71.6375027,-9.9969108],[-71.6374591,-9.9915065],[-71.6455981,-9.9914419],[-71.6456418,-9.9968462]]]}},{"type":"Feature","id":"AC-Y340-X339","properties":{"id":"AC-Y340-X339","grid_x":339,"grid_y":340,"centroid":[-71.6334113,-9.9942409],"aggregation":"none","score_gradboost":0.0071953,"score_random_forest":0.0195978,"score_logistic_regression":0.0002051,"score_fuzzy_knn_k29":0.0},"geometry":{"type":"Polygon","coordinates":[[[-71.6375027,-9.9969108],[-71.6293634,-9.9969753],[-71.62932,-9.9915709],[-71.6374591,-9.9915065],[-71.6375027,-9.9969108]]]}},{"type":"Feature","id":"AC-Y340-X340","properties":{"id":"AC-Y340-X340","grid_x":340,"grid_y":340,"centroid":[-71.6252721,-9.9943052],"aggregation":"none","score_gradboost":0.0071953,"score_random_forest":0.0032749,"score_logistic_regression":0.0002805,"score_fuzzy_knn_k29":0.0},"geometry":{"type":"Polygon","coordinates":[[[-71.6293634,-9.9969753],[-71.6212242,-9.9970395],[-71.6211808,-9.9916351],[-71.62932,-9.9915709],[-71.6293634,-9.9969753]]]}},{"type":"Feature","id":"AC-Y341-X334","properties":{"id":"AC-Y341-X334","grid_x":334,"grid_y":341,"centroid":[-71.6740622,-9.9885123],"aggregation":"none","score_gradboost":0.0062638,"score_random_forest":0.006161,"score_logistic_regression":0.0002,"score_fuzzy_knn_k29":0.0},"geometry":{"type":"Polygon","coordinates":[[[-71.6781537,-9.9911816],[-71.6700149,-9.991247],[-71.6699708,-9.9858428],[-71.6781095,-9.9857775],[-71.6781537,-9.9911816]]]}},{"type":"Feature","id":"AC-Y341-X335","properties":{"id":"AC-Y341-X335","grid_x":335,"grid_y":341,"centroid":[-71.6659235,-9.9885775],"aggregation":"none","score_gradboost":0.0060159,"score_random_forest":0.0007711,"score_logistic_regression":0.0001727,"score_fuzzy_knn_k29":0.0},"geometry":{"type":"Polygon","coordinates":[[[-71.6700149,-9.991247],[-71.661876,-9.9913122],[-71.6618321,-9.985908],[-71.6699708,-9.9858428],[-71.6700149,-9.991247]]]}},{"type":"Feature","id":"AC-Y341-X336","properties":{"id":"AC-Y341-X336","grid_x":336,"grid_y":341,"centroid":[-71.6577846,-9.9886426],"aggregation":"none","score_gradboost":0.0060159,"score_random_forest":0.0007711,"score_logistic_regression":0.0001609,"score_fuzzy_knn_k29":0.0},"geometry":{"type":"Polygon","coordinates":[[[-71.661876,-9.9913122],[-71.6537371,-9.9913772],[-71.6536933,-9.9859729],[-71.6618321,-9.985908],[-71.661876,-9.9913122]]]}},{"type":"Feature","id":"AC-Y341-X337","properties":{"id":"AC-Y341-X337","grid_x":337,"grid_y":341,"centroid":[-71.6496457,-9.9887074],"aggregation":"none","score_gradboost":0.0060159,"score_random_forest":0.0048924,"score_logistic_regression":0.0002248,"score_fuzzy_knn_k29":0.0},"geometry":{"type":"Polygon","coordinates":[[[-71.6537371,-9.9913772],[-71.6455981,-9.9914419],[-71.6455544,-9.9860376],[-71.6536933,-9.9859729],[-71.6537371,-9.9913772]]]}},{"type":"Feature","id":"AC-Y341-X338","properties":{"id":"AC-Y341-X338","grid_x":338,"grid_y":341,"centroid":[-71.6415068,-9.9887721],"aggregation":"none","score_gradboost":0.0060759,"score_random_forest":0.0011062,"score_logistic_regression":0.0001951,"score_fuzzy_knn_k29":0.0},"geometry":{"type":"Polygon","coordinates":[[[-71.6455981,-9.9914419],[-71.6374591,-9.9915065],[-71.6374155,-9.9861022],[-71.6455544,-9.9860376],[-71.6455981,-9.9914419]]]}},{"type":"Feature","id":"AC-Y341-X339","properties":{"id":"AC-Y341-X339","grid_x":339,"grid_y":341,"centroid":[-71.6333678,-9.9888366],"aggregation":"none","score_gradboost":0.0071953,"score_random_forest":0.0044032,"score_logistic_regression":0.0001954,"score_fuzzy_knn_k29":0.0},"geometry":{"type":"Polygon","coordinates":[[[-71.6374591,-9.9915065],[-71.62932,-9.9915709],[-71.6292766,-9.9861665],[-71.6374155,-9.9861022],[-71.6374591,-9.9915065]]]}},{"type":"Feature","id":"AC-Y341-X340","properties":{"id":"AC-Y341-X340","grid_x":340,"grid_y":341,"centroid":[-71.6252287,-9.9889008],"aggregation":"none","score_gradboost":0.0071953,"score_random_forest":0.0030025,"score_logistic_regression":0.0001878,"score_fuzzy_knn_k29":0.0},"geometry":{"type":"Polygon","coordinates":[[[-71.62932,-9.9915709],[-71.6211808,-9.9916351],[-71.6211375,-9.9862307],[-71.6292766,-9.9861665],[-71.62932,-9.9915709]]]}},{"type":"Feature","id":"AC-Y342-X335","properties":{"id":"AC-Y342-X335","grid_x":335,"grid_y":342,"centroid":[-71.6658794,-9.9831733],"aggregation":"none","score_gradboost":0.0060159,"score_random_forest":0.0002398,"score_logistic_regression":0.0001458,"score_fuzzy_knn_k29":0.0},"geometry":{"type":"Polygon","coordinates":[[[-71.6699708,-9.9858428],[-71.6618321,-9.985908],[-71.6617881,-9.9805037],[-71.6699267,-9.9804386],[-71.6699708,-9.9858428]]]}},{"type":"Feature","id":"AC-Y342-X336","properties":{"id":"AC-Y342-X336","grid_x":336,"grid_y":342,"centroid":[-71.6577407,-9.9832383],"aggregation":"none","score_gradboost":0.0060159,"score_random_forest":0.0016147,"score_logistic_regression":0.0001679,"score_fuzzy_knn_k29":0.0},"geometry":{"type":"Polygon","coordinates":[[[-71.6618321,-9.985908],[-71.6536933,-9.9859729],[-71.6536495,-9.9805686],[-71.6617881,-9.9805037],[-71.6618321,-9.985908]]]}},{"type":"Feature","id":"AC-Y342-X337","properties":{"id":"AC-Y342-X337","grid_x":337,"grid_y":342,"centroid":[-71.649602,-9.9833032],"aggregation":"none","score_gradboost":0.0060159,"score_random_forest":0.0008667,"score_logistic_regression":0.0002052,"score_fuzzy_knn_k29":0.0},"geometry":{"type":"Polygon","coordinates":[[[-71.6536933,-9.9859729],[-71.6455544,-9.9860376],[-71.6455108,-9.9806334],[-71.6536495,-9.9805686],[-71.6536933,-9.9859729]]]}},{"type":"Feature","id":"AC-Y342-X338","properties":{"id":"AC-Y342-X338","grid_x":338,"grid_y":342,"centroid":[-71.6414632,-9.9833678],"aggregation":"none","score_gradboost":0.0060759,"score_random_forest":0.0040682,"score_logistic_regression":0.0001663,"score_fuzzy_knn_k29":0.0},"geometry":{"type":"Polygon","coordinates":[[[-71.6455544,-9.9860376],[-71.6374155,-9.9861022],[-71.637372,-9.9806979],[-71.6455108,-9.9806334],[-71.6455544,-9.9860376]]]}},{"type":"Feature","id":"AC-Y342-X339","properties":{"id":"AC-Y342-X339","grid_x":339,"grid_y":342,"centroid":[-71.6333243,-9.9834322],"aggregation":"none","score_gradboost":0.0070789,"score_random_forest":0.0026318,"score_logistic_regression":0.0001468,"score_fuzzy_knn_k29":0.0},"geometry":{"type":"Polygon","coordinates":[[[-71.6374155,-9.9861022],[-71.6292766,-9.9861665],[-71.6292332,-9.9807622],[-71.637372,-9.9806979],[-71.6374155,-9.9861022]]]}},{"type":"Feature","id":"AC-Y342-X340","properties":{"id":"AC-Y342-X340","grid_x":340,"grid_y":342,"centroid":[-71.6251854,-9.9834965],"aggregation":"none","score_gradboost":0.0071953,"score_random_forest":0.0031861,"score_logistic_regression":0.0001581,"score_fuzzy_knn_k29":0.0},"geometry":{"type":"Polygon","coordinates":[[[-71.6292766,-9.9861665],[-71.6211375,-9.9862307],[-71.6210943,-9.9808263],[-71.6292332,-9.9807622],[-71.6292766,-9.9861665]]]}},{"type":"Feature","id":"AC-Y343-X335","properties":{"id":"AC-Y343-X335","grid_x":335,"grid_y":343,"centroid":[-71.6658355,-9.9777691],"aggregation":"none","score_gradboost":0.0060159,"score_random_forest":0.0020466,"score_logistic_regression":0.0001258,"score_fuzzy_knn_k29":0.0},"geometry":{"type":"Polygon","coordinates":[[[-71.6699267,-9.9804386],[-71.6617881,-9.9805037],[-71.6617442,-9.9750995],[-71.6698827,-9.9750344],[-71.6699267,-9.9804386]]]}},{"type":"Feature","id":"AC-Y343-X336","properties":{"id":"AC-Y343-X336","grid_x":336,"grid_y":343,"centroid":[-71.6576969,-9.9778341],"aggregation":"none","score_gradboost":0.0060159,"score_random_forest":0.0002398,"score_logistic_regression":0.0001833,"score_fuzzy_knn_k29":0.0},"geometry":{"type":"Polygon","coordinates":[[[-71.6617881,-9.9805037],[-71.6536495,-9.9805686],[-71.6536057,-9.9751644],[-71.6617442,-9.9750995],[-71.6617881,-9.9805037]]]}},{"type":"Feature","id":"AC-Y343-X337","properties":{"id":"AC-Y343-X337","grid_x":337,"grid_y":343,"centroid":[-71.6495583,-9.9778989],"aggregation":"none","score_gradboost":0.0060159,"score_random_forest":0.0008667,"score_logistic_regression":0.0001526,"score_fuzzy_knn_k29":0.0},"geometry":{"type":"Polygon","coordinates":[[[-71.6536495,-9.9805686],[-71.6455108,-9.9806334],[-71.6454671,-9.9752291],[-71.6536057,-9.9751644],[-71.6536495,-9.9805686]]]}},{"type":"Feature","id":"AC-Y343-X338","properties":{"id":"AC-Y343-X338","grid_x":338,"grid_y":343,"centroid":[-71.6414196,-9.9779635],"aggregation":"none","score_gradboost":0.0060759,"score_random_forest":0.0030827,"score_logistic_regression":0.0001714,"score_fuzzy_knn_k29":0.0},"geometry":{"type":"Polygon","coordinates":[[[-71.6455108,-9.9806334],[-71.637372,-9.9806979],[-71.6373285,-9.9752935],[-71.6454671,-9.9752291],[-71.6455108,-9.9806334]]]}},{"type":"Feature","id":"AC-Y343-X339","properties":{"id":"AC-Y343-X339","grid_x":339,"grid_y":343,"centroid":[-71.6332809,-9.9780279],"aggregation":"none","score_gradboost":0.0070789,"score_random_forest":0.0026318,"score_logistic_regression":0.0002383,"score_fuzzy_knn_k29":0.0},"geometry":{"type":"Polygon","coordinates":[[[-71.637372,-9.9806979],[-71.6292332,-9.9807622],[-71.6291898,-9.9753578],[-71.6373285,-9.9752935],[-71.637372,-9.9806979]]]}},{"type":"Feature","id":"AC-Y344-X336","properties":{"id":"AC-Y344-X336","grid_x":336,"grid_y":344,"centroid":[-71.6576531,-9.9724299],"aggregation":"none","score_gradboost":0.0060159,"score_random_forest":0.0016147,"score_logistic_regression":0.0001401,"score_fuzzy_knn_k29":0.0},"geometry":{"type":"Polygon","coordinates":[[[-71.6617442,-9.9750995],[-71.6536057,-9.9751644],[-71.6535619,-9.9697601],[-71.6617003,-9.9696953],[-71.6617442,-9.9750995]]]}},{"type":"Feature","id":"AC-Y344-X337","properties":{"id":"AC-Y344-X337","grid_x":337,"grid_y":344,"centroid":[-71.6495146,-9.9724946],"aggregation":"none","score_gradboost":0.0060159,"score_random_forest":0.0045103,"score_logistic_regression":0.0002344,"score_fuzzy_knn_k29":0.0},"geometry":{"type":"Polygon","coordinates":[[[-71.6536057,-9.9751644],[-71.6454671,-9.9752291],[-71.6454235,-9.9698248],[-71.6535619,-9.9697601],[-71.6536057,-9.9751644]]]}},{"type":"Feature","id":"AC-Y339-X327","properties":{"id":"AC-Y339-X327","grid_x":327,"grid_y":339,"centroid":[-71.7311224,-9.9988577],"aggregation":"none","score_gradboost":0.0071953,"score_random_forest":0.0013696,"score_logistic_regression":0.000171,"score_fuzzy_knn_k29":0.0},"geometry":{"type":"Polygon","coordinates":[[[-71.7352143,-10.0015262],[-71.7270756,-10.001593],[-71.7270305,-9.9961891],[-71.7351691,-9.9961223],[-71.7352143,-10.0015262]]]}},{"type":"Feature","id":"AC-Y339-X328","properties":{"id":"AC-Y339-X328","grid_x":328,"grid_y":339,"centroid":[-71.7229837,-9.9989244],"aggregation":"none","score_gradboost":0.0071953,"score_random_forest":0.0188222,"score_logistic_regression":0.0002088,"score_fuzzy_knn_k29":0.0},"geometry":{"type":"Polygon","coordinates":[[[-71.7270756,-10.001593],[-71.7189369,-10.0016597],[-71.7188919,-9.9962557],[-71.7270305,-9.9961891],[-71.7270756,-10.001593]]]}},{"type":"Feature","id":"AC-Y339-X329","properties":{"id":"AC-Y339-X329","grid_x":329,"grid_y":339,"centroid":[-71.714845,-9.9989909],"aggregation":"none","score_gradboost":0.0071953,"score_random_forest":0.0002731,"score_logistic_regression":0.0002877,"score_fuzzy_knn_k29":0.0},"geometry":{"type":"Polygon","coordinates":[[[-71.7189369,-10.0016597],[-71.7107981,-10.0017261],[-71.7107532,-9.9963221],[-71.7188919,-9.9962557],[-71.7189369,-10.0016597]]]}},{"type":"Feature","id":"AC-Y339-X330","properties":{"id":"AC-Y339-X330","grid_x":330,"grid_y":339,"centroid":[-71.7067063,-9.9990573],"aggregation":"none","score_gradboost":0.0071953,"score_random_forest":0.0031861,"score_logistic_regression":0.000257,"score_fuzzy_knn_k29":0.0},"geometry":{"type":"Polygon","coordinates":[[[-71.7107981,-10.0017261],[-71.7026592,-10.0017924],[-71.7026145,-9.9963883],[-71.7107532,-9.9963221],[-71.7107981,-10.0017261]]]}},{"type":"Feature","id":"AC-Y340-X327","properties":{"id":"AC-Y340-X327","grid_x":327,"grid_y":340,"centroid":[-71.7310772,-9.9934538],"aggregation":"none","score_gradboost":0.0061915,"score_random_forest":0.0028034,"score_logistic_regression":0.0002364,"score_fuzzy_knn_k29":0.0},"geometry":{"type":"Polygon","coordinates":[[[-71.7351691,-9.9961223],[-71.7270305,-9.9961891],[-71.7269855,-9.9907852],[-71.7351239,-9.9907184],[-71.7351691,-9.9961223]]]}},{"type":"Feature","id":"AC-Y340-X328","properties":{"id":"AC-Y340-X328","grid_x":328,"grid_y":340,"centroid":[-71.7229387,-9.9935205],"aggregation":"none","score_gradboost":0.0061295,"score_random_forest":0.0018333,"score_logistic_regression":0.0002575,"score_fuzzy_knn_k29":0.0},"geometry":{"type":"Polygon","coordinates":[[[-71.7270305,-9.9961891],[-71.7188919,-9.9962557],[-71.718847,-9.9908518],[-71.7269855,-9.9907852],[-71.7270305,-9.9961891]]]}},{"type":"Feature","id":"AC-Y340-X329","properties":{"id":"AC-Y340-X329","grid_x":329,"grid_y":340,"centroid":[-71.7148002,-9.993587],"aggregation":"none","score_gradboost":0.0070789,"score_random_forest":0.0026318,"score_logistic_regression":0.000213,"score_fuzzy_knn_k29":0.0},"geometry":{"type":"Polygon","coordinates":[[[-71.7188919,-9.9962557],[-71.7107532,-9.9963221],[-71.7107085,-9.9909181],[-71.718847,-9.9908518],[-71.7188919,-9.9962557]]]}},{"type":"Feature","id":"AC-Y340-X330","properties":{"id":"AC-Y340-X330","grid_x":330,"grid_y":340,"centroid":[-71.7066615,-9.9936533],"aggregation":"none","score_gradboost":0.0071953,"score_random_forest":0.0208492,"score_logistic_regression":0.0002229,"score_fuzzy_knn_k29":0.0},"geometry":{"type":"Polygon","coordinates":[[[-71.7107532,-9.9963221],[-71.7026145,-9.9963883],[-71.7025699,-9.9909843],[-71.7107085,-9.9909181],[-71.7107532,-9.9963221]]]}},{"type":"Feature","id":"AC-Y340-X348","properties":{"id":"AC-Y340-X348","grid_x":348,"grid_y":340,"centroid":[-71.5601566,-9.9948125],"aggregation":"none","score_gradboost":0.0066917,"score_random_forest":0.0102523,"score_logistic_regression":0.0001174,"score_fuzzy_knn_k29":0.0},"geometry":{"type":"Polygon","coordinates":[[[-71.5642476,-9.9974835],[-71.5561079,-9.9975461],[-71.5560657,-9.9921414],[-71.5642052,-9.9920788],[-71.5642476,-9.9974835]]]}},{"type":"Feature","id":"AC-Y340-X349","properties":{"id":"AC-Y340-X349","grid_x":349,"grid_y":340,"centroid":[-71.5520169,-9.994875],"aggregation":"none","score_gradboost":0.0087128,"score_random_forest":0.0484174,"score_logistic_regression":0.0001446,"score_fuzzy_knn_k29":0.0},"geometry":{"type":"Polygon","coordinates":[[[-71.5561079,-9.9975461],[-71.5479681,-9.9976085],[-71.547926,-9.9922038],[-71.5560657,-9.9921414],[-71.5561079,-9.9975461]]]}},{"type":"Feature","id":"AC-Y340-X350","properties":{"id":"AC-Y340-X350","grid_x":350,"grid_y":340,"centroid":[-71.5438772,-9.9949373],"aggregation":"none","score_gradboost":0.0087128,"score_random_forest":0.0281629,"score_logistic_regression":0.0001656,"score_fuzzy_knn_k29":0.0},"geometry":{"type":"Polygon","coordinates":[[[-71.5479681,-9.9976085],[-71.5398283,-9.9976708],[-71.5397863,-9.992266],[-71.547926,-9.9922038],[-71.5479681,-9.9976085]]]}},{"type":"Feature","id":"AC-Y340-X351","properties":{"id":"AC-Y340-X351","grid_x":351,"grid_y":340,"centroid":[-71.5357374,-9.9949994],"aggregation":"none","score_gradboost":0.0060759,"score_random_forest":0.0020509,"score_logistic_regression":0.0001102,"score_fuzzy_knn_k29":0.0},"geometry":{"type":"Polygon","coordinates":[[[-71.5398283,-9.9976708],[-71.5316884,-9.9977328],[-71.5316466,-9.992328],[-71.5397863,-9.992266],[-71.5398283,-9.9976708]]]}},{"type":"Feature","id":"AC-Y341-X327","properties":{"id":"AC-Y341-X327","grid_x":327,"grid_y":341,"centroid":[-71.7310321,-9.9880499],"aggregation":"none","score_gradboost":0.0060759,"score_random_forest":0.0011062,"score_logistic_regression":0.0001878,"score_fuzzy_knn_k29":0.0},"geometry":{"type":"Polygon","coordinates":[[[-71.7351239,-9.9907184],[-71.7269855,-9.9907852],[-71.7269404,-9.9853813],[-71.7350787,-9.9853145],[-71.7351239,-9.9907184]]]}},{"type":"Feature","id":"AC-Y341-X328","properties":{"id":"AC-Y341-X328","grid_x":328,"grid_y":341,"centroid":[-71.7228937,-9.9881165],"aggregation":"none","score_gradboost":0.0060759,"score_random_forest":0.0005216,"score_logistic_regression":0.0001676,"score_fuzzy_knn_k29":0.0},"geometry":{"type":"Polygon","coordinates":[[[-71.7269855,-9.9907852],[-71.718847,-9.9908518],[-71.7188021,-9.9854478],[-71.7269404,-9.9853813],[-71.7269855,-9.9907852]]]}},{"type":"Feature","id":"AC-Y341-X329","properties":{"id":"AC-Y341-X329","grid_x":329,"grid_y":341,"centroid":[-71.7147553,-9.988183],"aggregation":"none","score_gradboost":0.0060759,"score_random_forest":0.0022736,"score_logistic_regression":0.0002283,"score_fuzzy_knn_k29":0.0},"geometry":{"type":"Polygon","coordinates":[[[-71.718847,-9.9908518],[-71.7107085,-9.9909181],[-71.7106637,-9.9855141],[-71.7188021,-9.9854478],[-71.718847,-9.9908518]]]}},{"type":"Feature","id":"AC-Y341-X330","properties":{"id":"AC-Y341-X330","grid_x":330,"grid_y":341,"centroid":[-71.7066168,-9.9882492],"aggregation":"none","score_gradboost":0.0070789,"score_random_forest":0.0026318,"score_logistic_regression":0.0001991,"score_fuzzy_knn_k29":0.0},"geometry":{"type":"Polygon","coordinates":[[[-71.7107085,-9.9909181],[-71.7025699,-9.9909843],[-71.7025252,-9.9855803],[-71.7106637,-9.9855141],[-71.7107085,-9.9909181]]]}},{"type":"Feature","id":"AC-Y341-X344","properties":{"id":"AC-Y341-X344","grid_x":344,"grid_y":341,"centroid":[-71.592672,-9.9891559],"aggregation":"none","score_gradboost":0.0060159,"score_random_forest":0.0006594,"score_logistic_regression":0.0002121,"score_fuzzy_knn_k29":0.0},"geometry":{"type":"Polygon","coordinates":[[[-71.596763,-9.9918265],[-71.5886237,-9.9918898],[-71.5885809,-9.9864853],[-71.5967202,-9.986422],[-71.596763,-9.9918265]]]}},{"type":"Feature","id":"AC-Y341-X345","properties":{"id":"AC-Y341-X345","grid_x":345,"grid_y":341,"centroid":[-71.5845326,-9.9892192],"aggregation":"none","score_gradboost":0.0083688,"score_random_forest":0.0,"score_logistic_regression":0.000176,"score_fuzzy_knn_k29":0.0},"geometry":{"type":"Polygon","coordinates":[[[-71.5886237,-9.9918898],[-71.5804843,-9.991953],[-71.5804416,-9.9865485],[-71.5885809,-9.9864853],[-71.5886237,-9.9918898]]]}},{"type":"Feature","id":"AC-Y341-X346","properties":{"id":"AC-Y341-X346","grid_x":346,"grid_y":341,"centroid":[-71.5763932,-9.9892823],"aggregation":"none","score_gradboost":0.0083688,"score_random_forest":0.0159203,"score_logistic_regression":0.0001923,"score_fuzzy_knn_k29":0.0},"geometry":{"type":"Polygon","coordinates":[[[-71.5804843,-9.991953],[-71.5723448,-9.992016],[-71.5723023,-9.9866114],[-71.5804416,-9.9865485],[-71.5804843,-9.991953]]]}},{"type":"Feature","id":"AC-Y341-X347","properties":{"id":"AC-Y341-X347","grid_x":347,"grid_y":341,"centroid":[-71.5682538,-9.9893451],"aggregation":"none","score_gradboost":0.0083688,"score_random_forest":0.004443,"score_logistic_regression":0.0001612,"score_fuzzy_knn_k29":0.0},"geometry":{"type":"Polygon","coordinates":[[[-71.5723448,-9.992016],[-71.5642052,-9.9920788],[-71.5641629,-9.9866742],[-71.5723023,-9.9866114],[-71.5723448,-9.992016]]]}},{"type":"Feature","id":"AC-Y341-X348","properties":{"id":"AC-Y341-X348","grid_x":348,"grid_y":341,"centroid":[-71.5601143,-9.9894078],"aggregation":"none","score_gradboost":0.0083688,"score_random_forest":0.0029414,"score_logistic_regression":0.0001793,"score_fuzzy_knn_k29":0.0},"geometry":{"type":"Polygon","coordinates":[[[-71.5642052,-9.9920788],[-71.5560657,-9.9921414],[-71.5560234,-9.9867368],[-71.5641629,-9.9866742],[-71.5642052,-9.9920788]]]}},{"type":"Feature","id":"AC-Y341-X349","properties":{"id":"AC-Y341-X349","grid_x":349,"grid_y":341,"centroid":[-71.5519748,-9.9894703],"aggregation":"none","score_gradboost":0.0083688,"score_random_forest":0.0059276,"score_logistic_regression":0.000159,"score_fuzzy_knn_k29":0.0},"geometry":{"type":"Polygon","coordinates":[[[-71.5560657,-9.9921414],[-71.547926,-9.9922038],[-71.5478839,-9.9867991],[-71.5560234,-9.9867368],[-71.5560657,-9.9921414]]]}},{"type":"Feature","id":"AC-Y341-X350","properties":{"id":"AC-Y341-X350","grid_x":350,"grid_y":341,"centroid":[-71.5438352,-9.9895326],"aggregation":"none","score_gradboost":0.0083688,"score_random_forest":0.0136691,"score_logistic_regression":0.0001298,"score_fuzzy_knn_k29":0.0},"geometry":{"type":"Polygon","coordinates":[[[-71.547926,-9.9922038],[-71.5397863,-9.992266],[-71.5397444,-9.9868613],[-71.5478839,-9.9867991],[-71.547926,-9.9922038]]]}},{"type":"Feature","id":"AC-Y341-X351","properties":{"id":"AC-Y341-X351","grid_x":351,"grid_y":341,"centroid":[-71.5356955,-9.9895947],"aggregation":"none","score_gradboost":0.0087128,"score_random_forest":0.0401119,"score_logistic_regression":0.0001488,"score_fuzzy_knn_k29":0.0},"geometry":{"type":"Polygon","coordinates":[[[-71.5397863,-9.992266],[-71.5316466,-9.992328],[-71.5316048,-9.9869233],[-71.5397444,-9.9868613],[-71.5397863,-9.992266]]]}},{"type":"Feature","id":"AC-Y342-X327","properties":{"id":"AC-Y342-X327","grid_x":327,"grid_y":342,"centroid":[-71.730987,-9.982646],"aggregation":"none","score_gradboost":0.0062638,"score_random_forest":0.0043056,"score_logistic_regression":0.0002253,"score_fuzzy_knn_k29":0.0},"geometry":{"type":"Polygon","coordinates":[[[-71.7350787,-9.9853145],[-71.7269404,-9.9853813],[-71.7268954,-9.9799773],[-71.7350336,-9.9799106],[-71.7350787,-9.9853145]]]}},{"type":"Feature","id":"AC-Y342-X328","properties":{"id":"AC-Y342-X328","grid_x":328,"grid_y":342,"centroid":[-71.7228488,-9.9827126],"aggregation":"none","score_gradboost":0.0062638,"score_random_forest":0.0108771,"score_logistic_regression":0.000245,"score_fuzzy_knn_k29":0.0},"geometry":{"type":"Polygon","coordinates":[[[-71.7269404,-9.9853813],[-71.7188021,-9.9854478],[-71.7187572,-9.9800438],[-71.7268954,-9.9799773],[-71.7269404,-9.9853813]]]}},{"type":"Feature","id":"AC-Y342-X329","properties":{"id":"AC-Y342-X329","grid_x":329,"grid_y":342,"centroid":[-71.7147105,-9.982779],"aggregation":"none","score_gradboost":0.0062638,"score_random_forest":0.0133649,"score_logistic_regression":0.0001923,"score_fuzzy_knn_k29":0.0},"geometry":{"type":"Polygon","coordinates":[[[-71.7188021,-9.9854478],[-71.7106637,-9.9855141],[-71.7106189,-9.9801101],[-71.7187572,-9.9800438],[-71.7188021,-9.9854478]]]}},{"type":"Feature","id":"AC-Y342-X330","properties":{"id":"AC-Y342-X330","grid_x":330,"grid_y":342,"centroid":[-71.7065721,-9.9828452],"aggregation":"none","score_gradboost":0.0060759,"score_random_forest":0.0049201,"score_logistic_regression":0.0003143,"score_fuzzy_knn_k29":0.0},"geometry":{"type":"Polygon","coordinates":[[[-71.7106637,-9.9855141],[-71.7025252,-9.9855803],[-71.7024806,-9.9801762],[-71.7106189,-9.9801101],[-71.7106637,-9.9855141]]]}},{"type":"Feature","id":"AC-Y342-X342","properties":{"id":"AC-Y342-X342","grid_x":342,"grid_y":342,"centroid":[-71.6089074,-9.9836243],"aggregation":"none","score_gradboost":0.0070789,"score_random_forest":0.0026318,"score_logistic_regression":0.0001959,"score_fuzzy_knn_k29":0.0},"geometry":{"type":"Polygon","coordinates":[[[-71.6129985,-9.9862946],[-71.6048593,-9.9863584],[-71.6048163,-9.9809539],[-71.6129553,-9.9808902],[-71.6129985,-9.9862946]]]}},{"type":"Feature","id":"AC-Y342-X343","properties":{"id":"AC-Y342-X343","grid_x":343,"grid_y":342,"centroid":[-71.6007683,-9.983688],"aggregation":"none","score_gradboost":0.0060759,"score_random_forest":0.0072881,"score_logistic_regression":0.0001826,"score_fuzzy_knn_k29":0.0},"geometry":{"type":"Polygon","coordinates":[[[-71.6048593,-9.9863584],[-71.5967202,-9.986422],[-71.5966773,-9.9810174],[-71.6048163,-9.9809539],[-71.6048593,-9.9863584]]]}},{"type":"Feature","id":"AC-Y342-X344","properties":{"id":"AC-Y342-X344","grid_x":344,"grid_y":342,"centroid":[-71.5926291,-9.9837514],"aggregation":"none","score_gradboost":0.0075249,"score_random_forest":0.0089234,"score_logistic_regression":0.0002926,"score_fuzzy_knn_k29":0.0},"geometry":{"type":"Polygon","coordinates":[[[-71.5967202,-9.986422],[-71.5885809,-9.9864853],[-71.5885382,-9.9810808],[-71.5966773,-9.9810174],[-71.5967202,-9.986422]]]}},{"type":"Feature","id":"AC-Y343-X327","properties":{"id":"AC-Y343-X327","grid_x":327,"grid_y":343,"centroid":[-71.730942,-9.9772421],"aggregation":"none","score_gradboost":0.0060159,"score_random_forest":0.0008667,"score_logistic_regression":0.000263,"score_fuzzy_knn_k29":0.0},"geometry":{"type":"Polygon","coordinates":[[[-71.7350336,-9.9799106],[-71.7268954,-9.9799773],[-71.7268504,-9.9745734],[-71.7349885,-9.9745068],[-71.7350336,-9.9799106]]]}},{"type":"Feature","id":"AC-Y343-X328","properties":{"id":"AC-Y343-X328","grid_x":328,"grid_y":343,"centroid":[-71.7228039,-9.9773086],"aggregation":"none","score_gradboost":0.0060159,"score_random_forest":0.0,"score_logistic_regression":0.000203,"score_fuzzy_knn_k29":0.0},"geometry":{"type":"Polygon","coordinates":[[[-71.7268954,-9.9799773],[-71.7187572,-9.9800438],[-71.7187124,-9.9746399],[-71.7268504,-9.9745734],[-71.7268954,-9.9799773]]]}},{"type":"Feature","id":"AC-Y343-X329","properties":{"id":"AC-Y343-X329","grid_x":329,"grid_y":343,"centroid":[-71.7146657,-9.977375],"aggregation":"none","score_gradboost":0.0060159,"score_random_forest":0.0037571,"score_logistic_regression":0.0002037,"score_fuzzy_knn_k29":0.0},"geometry":{"type":"Polygon","coordinates":[[[-71.7187572,-9.9800438],[-71.7106189,-9.9801101],[-71.7105742,-9.9747061],[-71.7187124,-9.9746399],[-71.7187572,-9.9800438]]]}},{"type":"Feature","id":"AC-Y343-X330","properties":{"id":"AC-Y343-X330","grid_x":330,"grid_y":343,"centroid":[-71.7065275,-9.9774412],"aggregation":"none","score_gradboost":0.0060759,"score_random_forest":0.0,"score_logistic_regression":0.0002741,"score_fuzzy_knn_k29":0.0},"geometry":{"type":"Polygon","coordinates":[[[-71.7106189,-9.9801101],[-71.7024806,-9.9801762],[-71.702436,-9.9747722],[-71.7105742,-9.9747061],[-71.7106189,-9.9801101]]]}},{"type":"Feature","id":"AC-Y343-X341","properties":{"id":"AC-Y343-X341","grid_x":341,"grid_y":343,"centroid":[-71.6170032,-9.9781561],"aggregation":"none","score_gradboost":0.0071953,"score_random_forest":0.0022858,"score_logistic_regression":0.0002657,"score_fuzzy_knn_k29":0.0},"geometry":{"type":"Polygon","coordinates":[[[-71.6210943,-9.9808263],[-71.6129553,-9.9808902],[-71.6129122,-9.9754858],[-71.621051,-9.9754219],[-71.6210943,-9.9808263]]]}},{"type":"Feature","id":"AC-Y343-X342","properties":{"id":"AC-Y343-X342","grid_x":342,"grid_y":343,"centroid":[-71.6088643,-9.9782199],"aggregation":"none","score_gradboost":0.0071953,"score_random_forest":0.0073736,"score_logistic_regression":0.0001552,"score_fuzzy_knn_k29":0.0},"geometry":{"type":"Polygon","coordinates":[[[-71.6129553,-9.9808902],[-71.6048163,-9.9809539],[-71.6047734,-9.9755495],[-71.6129122,-9.9754858],[-71.6129553,-9.9808902]]]}},{"type":"Feature","id":"AC-Y343-X343","properties":{"id":"AC-Y343-X343","grid_x":343,"grid_y":343,"centroid":[-71.6007254,-9.9782835],"aggregation":"none","score_gradboost":0.0060759,"score_random_forest":0.0022736,"score_logistic_regression":0.000235,"score_fuzzy_knn_k29":0.0},"geometry":{"type":"Polygon","coordinates":[[[-71.6048163,-9.9809539],[-71.5966773,-9.9810174],[-71.5966344,-9.9756129],[-71.6047734,-9.9755495],[-71.6048163,-9.9809539]]]}},{"type":"Feature","id":"AC-Y343-X344","properties":{"id":"AC-Y343-X344","grid_x":344,"grid_y":343,"centroid":[-71.5925864,-9.9783469],"aggregation":"none","score_gradboost":0.0062638,"score_random_forest":0.0055257,"score_logistic_regression":0.0002172,"score_fuzzy_knn_k29":0.0},"geometry":{"type":"Polygon","coordinates":[[[-71.5966773,-9.9810174],[-71.5885382,-9.9810808],[-71.5884955,-9.9756762],[-71.5966344,-9.9756129],[-71.5966773,-9.9810174]]]}},{"type":"Feature","id":"AC-Y344-X328","properties":{"id":"AC-Y344-X328","grid_x":328,"grid_y":344,"centroid":[-71.722759,-9.9719047],"aggregation":"none","score_gradboost":0.0060159,"score_random_forest":0.0002398,"score_logistic_regression":0.0002236,"score_fuzzy_knn_k29":0.0},"geometry":{"type":"Polygon","coordinates":[[[-71.7268504,-9.9745734],[-71.7187124,-9.9746399],[-71.7186675,-9.9692359],[-71.7268055,-9.9691695],[-71.7268504,-9.9745734]]]}},{"type":"Feature","id":"AC-Y344-X329","properties":{"id":"AC-Y344-X329","grid_x":329,"grid_y":344,"centroid":[-71.7146209,-9.971971],"aggregation":"none","score_gradboost":0.0060159,"score_random_forest":0.0006594,"score_logistic_regression":0.000223,"score_fuzzy_knn_k29":0.0},"geometry":{"type":"Polygon","coordinates":[[[-71.7187124,-9.9746399],[-71.7105742,-9.9747061],[-71.7105295,-9.9693021],[-71.7186675,-9.9692359],[-71.7187124,-9.9746399]]]}},{"type":"Feature","id":"AC-Y344-X330","properties":{"id":"AC-Y344-X330","grid_x":330,"grid_y":344,"centroid":[-71.7064828,-9.9720372],"aggregation":"none","score_gradboost":0.0062638,"score_random_forest":0.0050363,"score_logistic_regression":0.0003012,"score_fuzzy_knn_k29":0.0},"geometry":{"type":"Polygon","coordinates":[[[-71.7105742,-9.9747061],[-71.702436,-9.9747722],[-71.7023915,-9.9693681],[-71.7105295,-9.9693021],[-71.7105742,-9.9747061]]]}},{"type":"Feature","id":"AC-Y344-X342","properties":{"id":"AC-Y344-X342","grid_x":342,"grid_y":344,"centroid":[-71.6088213,-9.9728154],"aggregation":"none","score_gradboost":0.0071953,"score_random_forest":0.0002731,"score_logistic_regression":0.0002239,"score_fuzzy_knn_k29":0.0},"geometry":{"type":"Polygon","coordinates":[[[-71.6129122,-9.9754858],[-71.6047734,-9.9755495],[-71.6047304,-9.970145],[-71.6128691,-9.9700813],[-71.6129122,-9.9754858]]]}},{"type":"Feature","id":"AC-Y344-X343","properties":{"id":"AC-Y344-X343","grid_x":343,"grid_y":344,"centroid":[-71.6006825,-9.972879],"aggregation":"none","score_gradboost":0.0077442,"score_random_forest":0.0122478,"score_logistic_regression":0.0002949,"score_fuzzy_knn_k29":0.0},"geometry":{"type":"Polygon","coordinates":[[[-71.6047734,-9.9755495],[-71.5966344,-9.9756129],[-71.5965916,-9.9702084],[-71.6047304,-9.970145],[-71.6047734,-9.9755495]]]}},{"type":"Feature","id":"AC-Y344-X344","properties":{"id":"AC-Y344-X344","grid_x":344,"grid_y":344,"centroid":[-71.5925436,-9.9729423],"aggregation":"none","score_gradboost":0.0060759,"score_random_forest":0.0,"score_logistic_regression":0.0002026,"score_fuzzy_knn_k29":0.0},"geometry":{"type":"Polygon","coordinates":[[[-71.5966344,-9.9756129],[-71.5884955,-9.9756762],[-71.5884528,-9.9702717],[-71.5965916,-9.9702084],[-71.5966344,-9.9756129]]]}},{"type":"Feature","id":"AC-Y345-X328","properties":{"id":"AC-Y345-X328","grid_x":328,"grid_y":345,"centroid":[-71.7227141,-9.9665007],"aggregation":"none","score_gradboost":0.0060159,"score_random_forest":0.0,"score_logistic_regression":0.0002488,"score_fuzzy_knn_k29":0.0},"geometry":{"type":"Polygon","coordinates":[[[-71.7268055,-9.9691695],[-71.7186675,-9.9692359],[-71.7186227,-9.9638319],[-71.7267605,-9.9637655],[-71.7268055,-9.9691695]]]}},{"type":"Feature","id":"AC-Y345-X329","properties":{"id":"AC-Y345-X329","grid_x":329,"grid_y":345,"centroid":[-71.7145762,-9.966567],"aggregation":"none","score_gradboost":0.0060159,"score_random_forest":0.0,"score_logistic_regression":0.0001435,"score_fuzzy_knn_k29":0.0},"geometry":{"type":"Polygon","coordinates":[[[-71.7186675,-9.9692359],[-71.7105295,-9.9693021],[-71.7104849,-9.9638981],[-71.7186227,-9.9638319],[-71.7186675,-9.9692359]]]}},{"type":"Feature","id":"AC-Y345-X330","properties":{"id":"AC-Y345-X330","grid_x":330,"grid_y":345,"centroid":[-71.7064382,-9.9666331],"aggregation":"none","score_gradboost":0.0062638,"score_random_forest":0.0082419,"score_logistic_regression":0.0001968,"score_fuzzy_knn_k29":0.0},"geometry":{"type":"Polygon","coordinates":[[[-71.7105295,-9.9693021],[-71.7023915,-9.9693681],[-71.7023469,-9.9639641],[-71.7104849,-9.9638981],[-71.7105295,-9.9693021]]]}},{"type":"Feature","id":"AC-Y346-X328","properties":{"id":"AC-Y346-X328","grid_x":328,"grid_y":346,"centroid":[-71.7226692,-9.9610968],"aggregation":"none","score_gradboost":0.0060159,"score_random_forest":0.0076636,"score_logistic_regression":0.0002105,"score_fuzzy_knn_k29":0.0},"geometry":{"type":"Polygon","coordinates":[[[-71.7267605,-9.9637655],[-71.7186227,-9.9638319],[-71.718578,-9.9584279],[-71.7267156,-9.9583616],[-71.7267605,-9.9637655]]]}},{"type":"Feature","id":"AC-Y346-X329","properties":{"id":"AC-Y346-X329","grid_x":329,"grid_y":346,"centroid":[-71.7145314,-9.961163],"aggregation":"none","score_gradboost":0.0060159,"score_random_forest":0.0008667,"score_logistic_regression":0.0002448,"score_fuzzy_knn_k29":0.0},"geometry":{"type":"Polygon","coordinates":[[[-71.7186227,-9.9638319],[-71.7104849,-9.9638981],[-71.7104402,-9.9584941],[-71.718578,-9.9584279],[-71.7186227,-9.9638319]]]}},{"type":"Feature","id":"AC-Y346-X330","properties":{"id":"AC-Y346-X330","grid_x":330,"grid_y":346,"centroid":[-71.7063936,-9.9612291],"aggregation":"none","score_gradboost":0.0062638,"score_random_forest":0.0012861,"score_logistic_regression":0.0001743,"score_fuzzy_knn_k29":0.0},"geometry":{"type":"Polygon","coordinates":[[[-71.7104849,-9.9638981],[-71.7023469,-9.9639641],[-71.7023024,-9.95856],[-71.7104402,-9.9584941],[-71.7104849,-9.9638981]]]}},{"type":"Feature","id":"AC-Y347-X328","properties":{"id":"AC-Y347-X328","grid_x":328,"grid_y":347,"centroid":[-71.7226244,-9.9556928],"aggregation":"none","score_gradboost":0.0060159,"score_random_forest":0.0,"score_logistic_regression":0.0002922,"score_fuzzy_knn_k29":0.0},"geometry":{"type":"Polygon","coordinates":[[[-71.7267156,-9.9583616],[-71.718578,-9.9584279],[-71.7185332,-9.953024],[-71.7266708,-9.9529577],[-71.7267156,-9.9583616]]]}},{"type":"Feature","id":"AC-Y347-X329","properties":{"id":"AC-Y347-X329","grid_x":329,"grid_y":347,"centroid":[-71.7144868,-9.955759],"aggregation":"none","score_gradboost":0.0062638,"score_random_forest":0.0113758,"score_logistic_regression":0.000201,"score_fuzzy_knn_k29":0.0},"geometry":{"type":"Polygon","coordinates":[[[-71.718578,-9.9584279],[-71.7104402,-9.9584941],[-71.7103956,-9.9530901],[-71.7185332,-9.953024],[-71.718578,-9.9584279]]]}},{"type":"Feature","id":"AC-Y347-X330","properties":{"id":"AC-Y347-X330","grid_x":330,"grid_y":347,"centroid":[-71.7063491,-9.9558251],"aggregation":"none","score_gradboost":0.0060759,"score_random_forest":0.0003313,"score_logistic_regression":0.0002003,"score_fuzzy_knn_k29":0.0},"geometry":{"type":"Polygon","coordinates":[[[-71.7104402,-9.9584941],[-71.7023024,-9.95856],[-71.702258,-9.953156],[-71.7103956,-9.9530901],[-71.7104402,-9.9584941]]]}},{"type":"Feature","id":"AC-Y348-X328","properties":{"id":"AC-Y348-X328","grid_x":328,"grid_y":348,"centroid":[-71.7225796,-9.9502889],"aggregation":"none","score_gradboost":0.0060159,"score_random_forest":0.0013721,"score_logistic_regression":0.0003726,"score_fuzzy_knn_k29":0.0},"geometry":{"type":"Polygon","coordinates":[[[-71.7266708,-9.9529577],[-71.7185332,-9.953024],[-71.7184885,-9.94762],[-71.7266259,-9.9475537],[-71.7266708,-9.9529577]]]}},{"type":"Feature","id":"AC-Y348-X329","properties":{"id":"AC-Y348-X329","grid_x":329,"grid_y":348,"centroid":[-71.7144421,-9.9503551],"aggregation":"none","score_gradboost":0.0062638,"score_random_forest":0.0085979,"score_logistic_regression":0.0002408,"score_fuzzy_knn_k29":0.0},"geometry":{"type":"Polygon","coordinates":[[[-71.7185332,-9.953024],[-71.7103956,-9.9530901],[-71.710351,-9.9476861],[-71.7184885,-9.94762],[-71.7185332,-9.953024]]]}},{"type":"Feature","id":"AC-Y348-X330","properties":{"id":"AC-Y348-X330","grid_x":330,"grid_y":348,"centroid":[-71.7063045,-9.950421],"aggregation":"none","score_gradboost":0.0061295,"score_random_forest":0.0003789,"score_logistic_regression":0.0002778,"score_fuzzy_knn_k29":0.0},"geometry":{"type":"Polygon","coordinates":[[[-71.7103956,-9.9530901],[-71.702258,-9.953156],[-71.7022135,-9.9477519],[-71.710351,-9.9476861],[-71.7103956,-9.9530901]]]}},{"type":"Feature","id":"AC-Y349-X328","properties":{"id":"AC-Y349-X328","grid_x":328,"grid_y":349,"centroid":[-71.7225348,-9.9448849],"aggregation":"none","score_gradboost":0.0060159,"score_random_forest":0.0007711,"score_logistic_regression":0.0002468,"score_fuzzy_knn_k29":0.0},"geometry":{"type":"Polygon","coordinates":[[[-71.7266259,-9.9475537],[-71.7184885,-9.94762],[-71.7184438,-9.942216],[-71.7265811,-9.9421498],[-71.7266259,-9.9475537]]]}},{"type":"Feature","id":"AC-Y349-X329","properties":{"id":"AC-Y349-X329","grid_x":329,"grid_y":349,"centroid":[-71.7143974,-9.9449511],"aggregation":"none","score_gradboost":0.0062638,"score_random_forest":0.0088152,"score_logistic_regression":0.0003792,"score_fuzzy_knn_k29":0.0},"geometry":{"type":"Polygon","coordinates":[[[-71.7184885,-9.94762],[-71.710351,-9.9476861],[-71.7103065,-9.942282],[-71.7184438,-9.942216],[-71.7184885,-9.94762]]]}},{"type":"Feature","id":"AC-Y349-X330","properties":{"id":"AC-Y349-X330","grid_x":330,"grid_y":349,"centroid":[-71.70626,-9.945017],"aggregation":"none","score_gradboost":0.0061295,"score_random_forest":0.0003789,"score_logistic_regression":0.0004086,"score_fuzzy_knn_k29":0.0},"geometry":{"type":"Polygon","coordinates":[[[-71.710351,-9.9476861],[-71.7022135,-9.9477519],[-71.7021691,-9.9423479],[-71.7103065,-9.942282],[-71.710351,-9.9476861]]]}},{"type":"Feature","id":"AC-Y350-X328","properties":{"id":"AC-Y350-X328","grid_x":328,"grid_y":350,"centroid":[-71.7224901,-9.9394809],"aggregation":"none","score_gradboost":0.0060159,"score_random_forest":0.0,"score_logistic_regression":0.0003794,"score_fuzzy_knn_k29":0.0},"geometry":{"type":"Polygon","coordinates":[[[-71.7265811,-9.9421498],[-71.7184438,-9.942216],[-71.7183991,-9.936812],[-71.7265363,-9.9367458],[-71.7265811,-9.9421498]]]}},{"type":"Feature","id":"AC-Y350-X329","properties":{"id":"AC-Y350-X329","grid_x":329,"grid_y":350,"centroid":[-71.7143528,-9.9395471],"aggregation":"none","score_gradboost":0.0078345,"score_random_forest":0.01336,"score_logistic_regression":0.0004575,"score_fuzzy_knn_k29":0.0},"geometry":{"type":"Polygon","coordinates":[[[-71.7184438,-9.942216],[-71.7103065,-9.942282],[-71.7102619,-9.936878],[-71.7183991,-9.936812],[-71.7184438,-9.942216]]]}},{"type":"Feature","id":"AC-Y350-X330","properties":{"id":"AC-Y350-X330","grid_x":330,"grid_y":350,"centroid":[-71.7062155,-9.939613],"aggregation":"none","score_gradboost":0.0060759,"score_random_forest":0.0033497,"score_logistic_regression":0.0004063,"score_fuzzy_knn_k29":0.0},"geometry":{"type":"Polygon","coordinates":[[[-71.7103065,-9.942282],[-71.7021691,-9.9423479],[-71.7021247,-9.9369438],[-71.7102619,-9.936878],[-71.7103065,-9.942282]]]}},{"type":"Feature","id":"AC-Y350-X331","properties":{"id":"AC-Y350-X331","grid_x":331,"grid_y":350,"centroid":[-71.6980782,-9.9396787],"aggregation":"none","score_gradboost":0.0070789,"score_random_forest":0.0034818,"score_logistic_regression":0.0002069,"score_fuzzy_knn_k29":0.0},"geometry":{"type":"Polygon","coordinates":[[[-71.7021691,-9.9423479],[-71.6940316,-9.9424135],[-71.6939873,-9.9370094],[-71.7021247,-9.9369438],[-71.7021691,-9.9423479]]]}},{"type":"Feature","id":"AC-Y351-X328","properties":{"id":"AC-Y351-X328","grid_x":328,"grid_y":351,"centroid":[-71.7224453,-9.934077],"aggregation":"none","score_gradboost":0.0075249,"score_random_forest":0.0070657,"score_logistic_regression":0.0004369,"score_fuzzy_knn_k29":0.0},"geometry":{"type":"Polygon","coordinates":[[[-71.7265363,-9.9367458],[-71.7183991,-9.936812],[-71.7183545,-9.931408],[-71.7264915,-9.9313419],[-71.7265363,-9.9367458]]]}},{"type":"Feature","id":"AC-Y351-X329","properties":{"id":"AC-Y351-X329","grid_x":329,"grid_y":351,"centroid":[-71.7143082,-9.9341431],"aggregation":"none","score_gradboost":0.0060159,"score_random_forest":0.0112284,"score_logistic_regression":0.0004045,"score_fuzzy_knn_k29":0.0},"geometry":{"type":"Polygon","coordinates":[[[-71.7183991,-9.936812],[-71.7102619,-9.936878],[-71.7102174,-9.931474],[-71.7183545,-9.931408],[-71.7183991,-9.936812]]]}},{"type":"Feature","id":"AC-Y351-X330","properties":{"id":"AC-Y351-X330","grid_x":330,"grid_y":351,"centroid":[-71.7061711,-9.9342089],"aggregation":"none","score_gradboost":0.0062638,"score_random_forest":0.0056985,"score_logistic_regression":0.0003426,"score_fuzzy_knn_k29":0.0},"geometry":{"type":"Polygon","coordinates":[[[-71.7102619,-9.936878],[-71.7021247,-9.9369438],[-71.7020803,-9.9315398],[-71.7102174,-9.931474],[-71.7102619,-9.936878]]]}},{"type":"Feature","id":"AC-Y351-X331","properties":{"id":"AC-Y351-X331","grid_x":331,"grid_y":351,"centroid":[-71.6980338,-9.9342746],"aggregation":"none","score_gradboost":0.0060759,"score_random_forest":0.0061518,"score_logistic_regression":0.0002831,"score_fuzzy_knn_k29":0.0},"geometry":{"type":"Polygon","coordinates":[[[-71.7021247,-9.9369438],[-71.6939873,-9.9370094],[-71.6939431,-9.9316053],[-71.7020803,-9.9315398],[-71.7021247,-9.9369438]]]}},{"type":"Feature","id":"AC-Y352-X328","properties":{"id":"AC-Y352-X328","grid_x":328,"grid_y":352,"centroid":[-71.7224006,-9.928673],"aggregation":"none","score_gradboost":0.0060159,"score_random_forest":0.0010018,"score_logistic_regression":0.0003123,"score_fuzzy_knn_k29":0.0},"geometry":{"type":"Polygon","coordinates":[[[-71.7264915,-9.9313419],[-71.7183545,-9.931408],[-71.7183098,-9.9260041],[-71.7264467,-9.9259379],[-71.7264915,-9.9313419]]]}},{"type":"Feature","id":"AC-Y352-X329","properties":{"id":"AC-Y352-X329","grid_x":329,"grid_y":352,"centroid":[-71.7142637,-9.928739],"aggregation":"none","score_gradboost":0.0075249,"score_random_forest":0.0,"score_logistic_regression":0.0004276,"score_fuzzy_knn_k29":0.0},"geometry":{"type":"Polygon","coordinates":[[[-71.7183545,-9.931408],[-71.7102174,-9.931474],[-71.7101729,-9.92607],[-71.7183098,-9.9260041],[-71.7183545,-9.931408]]]}},{"type":"Feature","id":"AC-Y352-X330","properties":{"id":"AC-Y352-X330","grid_x":330,"grid_y":352,"centroid":[-71.7061266,-9.9288049],"aggregation":"none","score_gradboost":0.0062638,"score_random_forest":0.006161,"score_logistic_regression":0.0003429,"score_fuzzy_knn_k29":0.0},"geometry":{"type":"Polygon","coordinates":[[[-71.7102174,-9.931474],[-71.7020803,-9.9315398],[-71.7020359,-9.9261357],[-71.7101729,-9.92607],[-71.7102174,-9.931474]]]}},{"type":"Feature","id":"AC-Y352-X331","properties":{"id":"AC-Y352-X331","grid_x":331,"grid_y":352,"centroid":[-71.6979895,-9.9288705],"aggregation":"none","score_gradboost":0.0060759,"score_random_forest":0.0,"score_logistic_regression":0.0002465,"score_fuzzy_knn_k29":0.0},"geometry":{"type":"Polygon","coordinates":[[[-71.7020803,-9.9315398],[-71.6939431,-9.9316053],[-71.6938989,-9.9262013],[-71.7020359,-9.9261357],[-71.7020803,-9.9315398]]]}},{"type":"Feature","id":"AC-Y353-X328","properties":{"id":"AC-Y353-X328","grid_x":328,"grid_y":353,"centroid":[-71.722356,-9.923269],"aggregation":"none","score_gradboost":0.0075249,"score_random_forest":0.0,"score_logistic_regression":0.0005342,"score_fuzzy_knn_k29":0.0},"geometry":{"type":"Polygon","coordinates":[[[-71.7264467,-9.9259379],[-71.7183098,-9.9260041],[-71.7182653,-9.9206001],[-71.726402,-9.920534],[-71.7264467,-9.9259379]]]}},{"type":"Feature","id":"AC-Y353-X329","properties":{"id":"AC-Y353-X329","grid_x":329,"grid_y":353,"centroid":[-71.7142191,-9.923335],"aggregation":"none","score_gradboost":0.0060159,"score_random_forest":0.0002398,"score_logistic_regression":0.0003711,"score_fuzzy_knn_k29":0.0},"geometry":{"type":"Polygon","coordinates":[[[-71.7183098,-9.9260041],[-71.7101729,-9.92607],[-71.7101284,-9.920666],[-71.7182653,-9.9206001],[-71.7183098,-9.9260041]]]}},{"type":"Feature","id":"AC-Y353-X330","properties":{"id":"AC-Y353-X330","grid_x":330,"grid_y":353,"centroid":[-71.7060822,-9.9234009],"aggregation":"none","score_gradboost":0.0075249,"score_random_forest":0.0063037,"score_logistic_regression":0.0004766,"score_fuzzy_knn_k29":0.0},"geometry":{"type":"Polygon","coordinates":[[[-71.7101729,-9.92607],[-71.7020359,-9.9261357],[-71.7019916,-9.9207317],[-71.7101284,-9.920666],[-71.7101729,-9.92607]]]}},{"type":"Feature","id":"AC-Y353-X331","properties":{"id":"AC-Y353-X331","grid_x":331,"grid_y":353,"centroid":[-71.6979453,-9.9234665],"aggregation":"none","score_gradboost":0.0062638,"score_random_forest":0.0050363,"score_logistic_regression":0.0002742,"score_fuzzy_knn_k29":0.0},"geometry":{"type":"Polygon","coordinates":[[[-71.7020359,-9.9261357],[-71.6938989,-9.9262013],[-71.6938547,-9.9207972],[-71.7019916,-9.9207317],[-71.7020359,-9.9261357]]]}},{"type":"Feature","id":"AC-Y354-X328","properties":{"id":"AC-Y354-X328","grid_x":328,"grid_y":354,"centroid":[-71.7223113,-9.9178651],"aggregation":"none","score_gradboost":0.0060159,"score_random_forest":0.0020466,"score_logistic_regression":0.0002971,"score_fuzzy_knn_k29":0.0},"geometry":{"type":"Polygon","coordinates":[[[-71.726402,-9.920534],[-71.7182653,-9.9206001],[-71.7182207,-9.9151961],[-71.7263573,-9.91513],[-71.726402,-9.920534]]]}},{"type":"Feature","id":"AC-Y354-X329","properties":{"id":"AC-Y354-X329","grid_x":329,"grid_y":354,"centroid":[-71.7141746,-9.917931],"aggregation":"none","score_gradboost":0.0075249,"score_random_forest":0.0038077,"score_logistic_regression":0.0004866,"score_fuzzy_knn_k29":0.0},"geometry":{"type":"Polygon","coordinates":[[[-71.7182653,-9.9206001],[-71.7101284,-9.920666],[-71.710084,-9.9152619],[-71.7182207,-9.9151961],[-71.7182653,-9.9206001]]]}},{"type":"Feature","id":"AC-Y354-X330","properties":{"id":"AC-Y354-X330","grid_x":330,"grid_y":354,"centroid":[-71.7060378,-9.9179968],"aggregation":"none","score_gradboost":0.0060159,"score_random_forest":0.0,"score_logistic_regression":0.000265,"score_fuzzy_knn_k29":0.0},"geometry":{"type":"Polygon","coordinates":[[[-71.7101284,-9.920666],[-71.7019916,-9.9207317],[-71.7019473,-9.9153276],[-71.710084,-9.9152619],[-71.7101284,-9.920666]]]}},{"type":"Feature","id":"AC-Y355-X328","properties":{"id":"AC-Y355-X328","grid_x":328,"grid_y":355,"centroid":[-71.7222667,-9.9124611],"aggregation":"none","score_gradboost":0.0075249,"score_random_forest":0.0018541,"score_logistic_regression":0.0005909,"score_fuzzy_knn_k29":0.0},"geometry":{"type":"Polygon","coordinates":[[[-71.7263573,-9.91513],[-71.7182207,-9.9151961],[-71.7181761,-9.9097921],[-71.7263126,-9.9097261],[-71.7263573,-9.91513]]]}},{"type":"Feature","id":"AC-Y355-X329","properties":{"id":"AC-Y355-X329","grid_x":329,"grid_y":355,"centroid":[-71.7141301,-9.912527],"aggregation":"none","score_gradboost":0.0060159,"score_random_forest":0.0020466,"score_logistic_regression":0.0003849,"score_fuzzy_knn_k29":0.0},"geometry":{"type":"Polygon","coordinates":[[[-71.7182207,-9.9151961],[-71.710084,-9.9152619],[-71.7100396,-9.9098579],[-71.7181761,-9.9097921],[-71.7182207,-9.9151961]]]}},{"type":"Feature","id":"AC-Y355-X330","properties":{"id":"AC-Y355-X330","grid_x":330,"grid_y":355,"centroid":[-71.7059935,-9.9125928],"aggregation":"none","score_gradboost":0.0060159,"score_random_forest":0.002498,"score_logistic_regression":0.0004254,"score_fuzzy_knn_k29":0.0},"geometry":{"type":"Polygon","coordinates":[[[-71.710084,-9.9152619],[-71.7019473,-9.9153276],[-71.701903,-9.9099235],[-71.7100396,-9.9098579],[-71.710084,-9.9152619]]]}},{"type":"Feature","id":"AC-Y356-X328","properties":{"id":"AC-Y356-X328","grid_x":328,"grid_y":356,"centroid":[-71.7222221,-9.9070571],"aggregation":"none","score_gradboost":0.0075249,"score_random_forest":0.0041754,"score_logistic_regression":0.0004645,"score_fuzzy_knn_k29":0.0},"geometry":{"type":"Polygon","coordinates":[[[-71.7263126,-9.9097261],[-71.7181761,-9.9097921],[-71.7181316,-9.9043881],[-71.726268,-9.9043221],[-71.7263126,-9.9097261]]]}},{"type":"Feature","id":"AC-Y356-X329","properties":{"id":"AC-Y356-X329","grid_x":329,"grid_y":356,"centroid":[-71.7140856,-9.907123],"aggregation":"none","score_gradboost":0.0060159,"score_random_forest":0.0,"score_logistic_regression":0.0003834,"score_fuzzy_knn_k29":0.0},"geometry":{"type":"Polygon","coordinates":[[[-71.7181761,-9.9097921],[-71.7100396,-9.9098579],[-71.7099952,-9.9044539],[-71.7181316,-9.9043881],[-71.7181761,-9.9097921]]]}},{"type":"Feature","id":"AC-Y357-X328","properties":{"id":"AC-Y357-X328","grid_x":328,"grid_y":357,"centroid":[-71.7221775,-9.9016531],"aggregation":"none","score_gradboost":0.0075249,"score_random_forest":0.0,"score_logistic_regression":0.0005938,"score_fuzzy_knn_k29":0.0},"geometry":{"type":"Polygon","coordinates":[[[-71.726268,-9.9043221],[-71.7181316,-9.9043881],[-71.7180871,-9.8989841],[-71.7262233,-9.8989182],[-71.726268,-9.9043221]]]}},{"type":"Feature","id":"AC-Y357-X329","properties":{"id":"AC-Y357-X329","grid_x":329,"grid_y":357,"centroid":[-71.7140412,-9.901719],"aggregation":"none","score_gradboost":0.0060159,"score_random_forest":0.0013721,"score_logistic_regression":0.0004069,"score_fuzzy_knn_k29":0.0},"geometry":{"type":"Polygon","coordinates":[[[-71.7181316,-9.9043881],[-71.7099952,-9.9044539],[-71.7099509,-9.8990498],[-71.7180871,-9.8989841],[-71.7181316,-9.9043881]]]}},{"type":"Feature","id":"AC-Y358-X328","properties":{"id":"AC-Y358-X328","grid_x":328,"grid_y":358,"centroid":[-71.722133,-9.8962492],"aggregation":"none","score_gradboost":0.0075249,"score_random_forest":0.0037323,"score_logistic_regression":0.0005536,"score_fuzzy_knn_k29":0.0},"geometry":{"type":"Polygon","coordinates":[[[-71.7262233,-9.8989182],[-71.7180871,-9.8989841],[-71.7180427,-9.8935801],[-71.7261787,-9.8935142],[-71.7262233,-9.8989182]]]}},{"type":"Feature","id":"AC-Y358-X329","properties":{"id":"AC-Y358-X329","grid_x":329,"grid_y":358,"centroid":[-71.7139968,-9.896315],"aggregation":"none","score_gradboost":0.0075249,"score_random_forest":0.0004792,"score_logistic_regression":0.000626,"score_fuzzy_knn_k29":0.0},"geometry":{"type":"Polygon","coordinates":[[[-71.7180871,-9.8989841],[-71.7099509,-9.8990498],[-71.7099065,-9.8936458],[-71.7180427,-9.8935801],[-71.7180871,-9.8989841]]]}},{"type":"Feature","id":"AC-Y359-X328","properties":{"id":"AC-Y359-X328","grid_x":328,"grid_y":359,"centroid":[-71.7220884,-9.8908452],"aggregation":"none","score_gradboost":0.0075249,"score_random_forest":0.0004792,"score_logistic_regression":0.000659,"score_fuzzy_knn_k29":0.0},"geometry":{"type":"Polygon","coordinates":[[[-71.7261787,-9.8935142],[-71.7180427,-9.8935801],[-71.7179982,-9.8881761],[-71.7261342,-9.8881102],[-71.7261787,-9.8935142]]]}},{"type":"Feature","id":"AC-Y359-X329","properties":{"id":"AC-Y359-X329","grid_x":329,"grid_y":359,"centroid":[-71.7139524,-9.890911],"aggregation":"none","score_gradboost":0.0075249,"score_random_forest":0.0004792,"score_logistic_regression":0.0006177,"score_fuzzy_knn_k29":0.0},"geometry":{"type":"Polygon","coordinates":[[[-71.7180427,-9.8935801],[-71.7099065,-9.8936458],[-71.7098622,-9.8882418],[-71.7179982,-9.8881761],[-71.7180427,-9.8935801]]]}},{"type":"Feature","id":"AC-Y360-X328","properties":{"id":"AC-Y360-X328","grid_x":328,"grid_y":360,"centroid":[-71.7220439,-9.8854412],"aggregation":"none","score_gradboost":0.0060159,"score_random_forest":0.0011292,"score_logistic_regression":0.0004589,"score_fuzzy_knn_k29":0.0},"geometry":{"type":"Polygon","coordinates":[[[-71.7261342,-9.8881102],[-71.7179982,-9.8881761],[-71.7179538,-9.8827721],[-71.7260896,-9.8827063],[-71.7261342,-9.8881102]]]}},{"type":"Feature","id":"AC-Y360-X329","properties":{"id":"AC-Y360-X329","grid_x":329,"grid_y":360,"centroid":[-71.713908,-9.8855069],"aggregation":"none","score_gradboost":0.0060159,"score_random_forest":0.0016147,"score_logistic_regression":0.0003731,"score_fuzzy_knn_k29":0.0},"geometry":{"type":"Polygon","coordinates":[[[-71.7179982,-9.8881761],[-71.7098622,-9.8882418],[-71.7098179,-9.8828377],[-71.7179538,-9.8827721],[-71.7179982,-9.8881761]]]}},{"type":"Feature","id":"AC-Y361-X328","properties":{"id":"AC-Y361-X328","grid_x":328,"grid_y":361,"centroid":[-71.7219995,-9.8800372],"aggregation":"none","score_gradboost":0.0060159,"score_random_forest":0.0035227,"score_logistic_regression":0.0004619,"score_fuzzy_knn_k29":0.0},"geometry":{"type":"Polygon","coordinates":[[[-71.7260896,-9.8827063],[-71.7179538,-9.8827721],[-71.7179094,-9.8773681],[-71.7260451,-9.8773023],[-71.7260896,-9.8827063]]]}},{"type":"Feature","id":"AC-Y361-X329","properties":{"id":"AC-Y361-X329","grid_x":329,"grid_y":361,"centroid":[-71.7138637,-9.8801029],"aggregation":"none","score_gradboost":0.0060159,"score_random_forest":0.0007711,"score_logistic_regression":0.0003749,"score_fuzzy_knn_k29":0.0},"geometry":{"type":"Polygon","coordinates":[[[-71.7179538,-9.8827721],[-71.7098179,-9.8828377],[-71.7097737,-9.8774337],[-71.7179094,-9.8773681],[-71.7179538,-9.8827721]]]}},{"type":"Feature","id":"AC-Y362-X328","properties":{"id":"AC-Y362-X328","grid_x":328,"grid_y":362,"centroid":[-71.721955,-9.8746332],"aggregation":"none","score_gradboost":0.0060159,"score_random_forest":0.0049569,"score_logistic_regression":0.0004137,"score_fuzzy_knn_k29":0.0},"geometry":{"type":"Polygon","coordinates":[[[-71.7260451,-9.8773023],[-71.7179094,-9.8773681],[-71.717865,-9.8719641],[-71.7260006,-9.8718983],[-71.7260451,-9.8773023]]]}},{"type":"Feature","id":"AC-Y362-X329","properties":{"id":"AC-Y362-X329","grid_x":329,"grid_y":362,"centroid":[-71.7138194,-9.8746989],"aggregation":"none","score_gradboost":0.0060159,"score_random_forest":0.0037571,"score_logistic_regression":0.0003721,"score_fuzzy_knn_k29":0.0},"geometry":{"type":"Polygon","coordinates":[[[-71.7179094,-9.8773681],[-71.7097737,-9.8774337],[-71.7097294,-9.8720296],[-71.717865,-9.8719641],[-71.7179094,-9.8773681]]]}},{"type":"Feature","id":"AC-Y363-X329","properties":{"id":"AC-Y363-X329","grid_x":329,"grid_y":363,"centroid":[-71.7137751,-9.8692949],"aggregation":"none","score_gradboost":0.0078345,"score_random_forest":0.007369,"score_logistic_regression":0.000542,"score_fuzzy_knn_k29":0.0},"geometry":{"type":"Polygon","coordinates":[[[-71.717865,-9.8719641],[-71.7097294,-9.8720296],[-71.7096852,-9.8666256],[-71.7178207,-9.8665601],[-71.717865,-9.8719641]]]}},{"type":"Feature","id":"AC-Y340-X346","properties":{"id":"AC-Y340-X346","grid_x":346,"grid_y":340,"centroid":[-71.5764358,-9.9946869],"aggregation":"none","score_gradboost":0.0082538,"score_random_forest":0.009324,"score_logistic_regression":0.0002229,"score_fuzzy_knn_k29":0.0},"geometry":{"type":"Polygon","coordinates":[[[-71.5805269,-9.9973576],[-71.5723873,-9.9974206],[-71.5723448,-9.992016],[-71.5804843,-9.991953],[-71.5805269,-9.9973576]]]}},{"type":"Feature","id":"AC-Y340-X347","properties":{"id":"AC-Y340-X347","grid_x":347,"grid_y":340,"centroid":[-71.5682962,-9.9947498],"aggregation":"none","score_gradboost":0.0083688,"score_random_forest":0.0056291,"score_logistic_regression":0.000162,"score_fuzzy_knn_k29":0.0},"geometry":{"type":"Polygon","coordinates":[[[-71.5723873,-9.9974206],[-71.5642476,-9.9974835],[-71.5642052,-9.9920788],[-71.5723448,-9.992016],[-71.5723873,-9.9974206]]]}},{"type":"Feature","id":"AC-Y342-X345","properties":{"id":"AC-Y342-X345","grid_x":345,"grid_y":342,"centroid":[-71.5844899,-9.9838146],"aggregation":"none","score_gradboost":0.0083688,"score_random_forest":0.0082264,"score_logistic_regression":0.0001488,"score_fuzzy_knn_k29":0.0},"geometry":{"type":"Polygon","coordinates":[[[-71.5885809,-9.9864853],[-71.5804416,-9.9865485],[-71.580399,-9.9811439],[-71.5885382,-9.9810808],[-71.5885809,-9.9864853]]]}},{"type":"Feature","id":"AC-Y342-X346","properties":{"id":"AC-Y342-X346","grid_x":346,"grid_y":342,"centroid":[-71.5763507,-9.9838777],"aggregation":"none","score_gradboost":0.0083688,"score_random_forest":0.0042786,"score_logistic_regression":0.0001962,"score_fuzzy_knn_k29":0.0},"geometry":{"type":"Polygon","coordinates":[[[-71.5804416,-9.9865485],[-71.5723023,-9.9866114],[-71.5722598,-9.9812068],[-71.580399,-9.9811439],[-71.5804416,-9.9865485]]]}},{"type":"Feature","id":"AC-Y342-X347","properties":{"id":"AC-Y342-X347","grid_x":347,"grid_y":342,"centroid":[-71.5682114,-9.9839405],"aggregation":"none","score_gradboost":0.0082538,"score_random_forest":0.0220744,"score_logistic_regression":0.0002223,"score_fuzzy_knn_k29":0.0},"geometry":{"type":"Polygon","coordinates":[[[-71.5723023,-9.9866114],[-71.5641629,-9.9866742],[-71.5641206,-9.9812695],[-71.5722598,-9.9812068],[-71.5723023,-9.9866114]]]}},{"type":"Feature","id":"AC-Y342-X348","properties":{"id":"AC-Y342-X348","grid_x":348,"grid_y":342,"centroid":[-71.560072,-9.9840032],"aggregation":"none","score_gradboost":0.0082538,"score_random_forest":0.0053417,"score_logistic_regression":0.0002059,"score_fuzzy_knn_k29":0.0},"geometry":{"type":"Polygon","coordinates":[[[-71.5641629,-9.9866742],[-71.5560234,-9.9867368],[-71.5559812,-9.9813321],[-71.5641206,-9.9812695],[-71.5641629,-9.9866742]]]}},{"type":"Feature","id":"AC-Y342-X349","properties":{"id":"AC-Y342-X349","grid_x":349,"grid_y":342,"centroid":[-71.5519326,-9.9840656],"aggregation":"none","score_gradboost":0.0082538,"score_random_forest":0.003524,"score_logistic_regression":0.0002256,"score_fuzzy_knn_k29":0.0},"geometry":{"type":"Polygon","coordinates":[[[-71.5560234,-9.9867368],[-71.5478839,-9.9867991],[-71.5478419,-9.9813944],[-71.5559812,-9.9813321],[-71.5560234,-9.9867368]]]}},{"type":"Feature","id":"AC-Y342-X350","properties":{"id":"AC-Y342-X350","grid_x":350,"grid_y":342,"centroid":[-71.5437932,-9.9841279],"aggregation":"none","score_gradboost":0.0083688,"score_random_forest":0.010511,"score_logistic_regression":0.0001436,"score_fuzzy_knn_k29":0.0},"geometry":{"type":"Polygon","coordinates":[[[-71.5478839,-9.9867991],[-71.5397444,-9.9868613],[-71.5397024,-9.9814565],[-71.5478419,-9.9813944],[-71.5478839,-9.9867991]]]}},{"type":"Feature","id":"AC-Y342-X351","properties":{"id":"AC-Y342-X351","grid_x":351,"grid_y":342,"centroid":[-71.5356536,-9.9841899],"aggregation":"none","score_gradboost":0.0087128,"score_random_forest":0.0348661,"score_logistic_regression":0.0001498,"score_fuzzy_knn_k29":0.0},"geometry":{"type":"Polygon","coordinates":[[[-71.5397444,-9.9868613],[-71.5316048,-9.9869233],[-71.531563,-9.9815185],[-71.5397024,-9.9814565],[-71.5397444,-9.9868613]]]}},{"type":"Feature","id":"AC-Y342-X352","properties":{"id":"AC-Y342-X352","grid_x":352,"grid_y":342,"centroid":[-71.5275141,-9.9842518],"aggregation":"none","score_gradboost":0.0075998,"score_random_forest":0.005423,"score_logistic_regression":0.0001543,"score_fuzzy_knn_k29":0.0},"geometry":{"type":"Polygon","coordinates":[[[-71.5316048,-9.9869233],[-71.5234651,-9.986985],[-71.5234234,-9.9815802],[-71.531563,-9.9815185],[-71.5316048,-9.9869233]]]}},{"type":"Feature","id":"AC-Y343-X345","properties":{"id":"AC-Y343-X345","grid_x":345,"grid_y":343,"centroid":[-71.5844473,-9.9784101],"aggregation":"none","score_gradboost":0.0083688,"score_random_forest":0.0074046,"score_logistic_regression":0.0001789,"score_fuzzy_knn_k29":0.0},"geometry":{"type":"Polygon","coordinates":[[[-71.5885382,-9.9810808],[-71.580399,-9.9811439],[-71.5803565,-9.9757393],[-71.5884955,-9.9756762],[-71.5885382,-9.9810808]]]}},{"type":"Feature","id":"AC-Y343-X346","properties":{"id":"AC-Y343-X346","grid_x":346,"grid_y":343,"centroid":[-71.5763082,-9.9784731],"aggregation":"none","score_gradboost":0.0066917,"score_random_forest":0.0059127,"score_logistic_regression":0.0001375,"score_fuzzy_knn_k29":0.0},"geometry":{"type":"Polygon","coordinates":[[[-71.580399,-9.9811439],[-71.5722598,-9.9812068],[-71.5722174,-9.9758022],[-71.5803565,-9.9757393],[-71.580399,-9.9811439]]]}},{"type":"Feature","id":"AC-Y343-X347","properties":{"id":"AC-Y343-X347","grid_x":347,"grid_y":343,"centroid":[-71.568169,-9.9785359],"aggregation":"none","score_gradboost":0.0083688,"score_random_forest":0.0038927,"score_logistic_regression":0.0001522,"score_fuzzy_knn_k29":0.0},"geometry":{"type":"Polygon","coordinates":[[[-71.5722598,-9.9812068],[-71.5641206,-9.9812695],[-71.5640783,-9.9758649],[-71.5722174,-9.9758022],[-71.5722598,-9.9812068]]]}},{"type":"Feature","id":"AC-Y343-X348","properties":{"id":"AC-Y343-X348","grid_x":348,"grid_y":343,"centroid":[-71.5600298,-9.9785985],"aggregation":"none","score_gradboost":0.0083688,"score_random_forest":0.0055256,"score_logistic_regression":0.0001646,"score_fuzzy_knn_k29":0.0},"geometry":{"type":"Polygon","coordinates":[[[-71.5641206,-9.9812695],[-71.5559812,-9.9813321],[-71.5559391,-9.9759274],[-71.5640783,-9.9758649],[-71.5641206,-9.9812695]]]}},{"type":"Feature","id":"AC-Y343-X349","properties":{"id":"AC-Y343-X349","grid_x":349,"grid_y":343,"centroid":[-71.5518905,-9.9786609],"aggregation":"none","score_gradboost":0.0082538,"score_random_forest":0.0073993,"score_logistic_regression":0.0002269,"score_fuzzy_knn_k29":0.0},"geometry":{"type":"Polygon","coordinates":[[[-71.5559812,-9.9813321],[-71.5478419,-9.9813944],[-71.5477998,-9.9759897],[-71.5559391,-9.9759274],[-71.5559812,-9.9813321]]]}},{"type":"Feature","id":"AC-Y343-X350","properties":{"id":"AC-Y343-X350","grid_x":350,"grid_y":343,"centroid":[-71.5437512,-9.9787231],"aggregation":"none","score_gradboost":0.0083688,"score_random_forest":0.0034489,"score_logistic_regression":0.0001647,"score_fuzzy_knn_k29":0.0},"geometry":{"type":"Polygon","coordinates":[[[-71.5478419,-9.9813944],[-71.5397024,-9.9814565],[-71.5396605,-9.9760518],[-71.5477998,-9.9759897],[-71.5478419,-9.9813944]]]}},{"type":"Feature","id":"AC-Y343-X351","properties":{"id":"AC-Y343-X351","grid_x":351,"grid_y":343,"centroid":[-71.5356118,-9.9787851],"aggregation":"none","score_gradboost":0.0087128,"score_random_forest":0.0461523,"score_logistic_regression":0.0001651,"score_fuzzy_knn_k29":0.0},"geometry":{"type":"Polygon","coordinates":[[[-71.5397024,-9.9814565],[-71.531563,-9.9815185],[-71.5315212,-9.9761137],[-71.5396605,-9.9760518],[-71.5397024,-9.9814565]]]}},{"type":"Feature","id":"AC-Y343-X352","properties":{"id":"AC-Y343-X352","grid_x":352,"grid_y":343,"centroid":[-71.5274724,-9.978847],"aggregation":"none","score_gradboost":0.0060759,"score_random_forest":0.0008375,"score_logistic_regression":9.04e-05,"score_fuzzy_knn_k29":0.0},"geometry":{"type":"Polygon","coordinates":[[[-71.531563,-9.9815185],[-71.5234234,-9.9815802],[-71.5233818,-9.9761754],[-71.5315212,-9.9761137],[-71.531563,-9.9815185]]]}},{"type":"Feature","id":"AC-Y344-X345","properties":{"id":"AC-Y344-X345","grid_x":345,"grid_y":344,"centroid":[-71.5844047,-9.9730055],"aggregation":"none","score_gradboost":0.0066917,"score_random_forest":0.0315888,"score_logistic_regression":0.0001087,"score_fuzzy_knn_k29":0.0},"geometry":{"type":"Polygon","coordinates":[[[-71.5884955,-9.9756762],[-71.5803565,-9.9757393],[-71.5803139,-9.9703347],[-71.5884528,-9.9702717],[-71.5884955,-9.9756762]]]}},{"type":"Feature","id":"AC-Y344-X346","properties":{"id":"AC-Y344-X346","grid_x":346,"grid_y":344,"centroid":[-71.5762657,-9.9730685],"aggregation":"none","score_gradboost":0.0066917,"score_random_forest":0.0023594,"score_logistic_regression":0.0001167,"score_fuzzy_knn_k29":0.0},"geometry":{"type":"Polygon","coordinates":[[[-71.5803565,-9.9757393],[-71.5722174,-9.9758022],[-71.572175,-9.9703976],[-71.5803139,-9.9703347],[-71.5803565,-9.9757393]]]}},{"type":"Feature","id":"AC-Y344-X347","properties":{"id":"AC-Y344-X347","grid_x":347,"grid_y":344,"centroid":[-71.5681266,-9.9731313],"aggregation":"none","score_gradboost":0.0083688,"score_random_forest":0.0126568,"score_logistic_regression":0.0001554,"score_fuzzy_knn_k29":0.0},"geometry":{"type":"Polygon","coordinates":[[[-71.5722174,-9.9758022],[-71.5640783,-9.9758649],[-71.564036,-9.9704603],[-71.572175,-9.9703976],[-71.5722174,-9.9758022]]]}},{"type":"Feature","id":"AC-Y344-X348","properties":{"id":"AC-Y344-X348","grid_x":348,"grid_y":344,"centroid":[-71.5599876,-9.9731938],"aggregation":"none","score_gradboost":0.0066917,"score_random_forest":0.0023594,"score_logistic_regression":0.0001141,"score_fuzzy_knn_k29":0.0},"geometry":{"type":"Polygon","coordinates":[[[-71.5640783,-9.9758649],[-71.5559391,-9.9759274],[-71.5558969,-9.9705227],[-71.564036,-9.9704603],[-71.5640783,-9.9758649]]]}},{"type":"Feature","id":"AC-Y344-X349","properties":{"id":"AC-Y344-X349","grid_x":349,"grid_y":344,"centroid":[-71.5518484,-9.9732562],"aggregation":"none","score_gradboost":0.0083688,"score_random_forest":0.0065252,"score_logistic_regression":0.0001913,"score_fuzzy_knn_k29":0.0},"geometry":{"type":"Polygon","coordinates":[[[-71.5559391,-9.9759274],[-71.5477998,-9.9759897],[-71.5477578,-9.970585],[-71.5558969,-9.9705227],[-71.5559391,-9.9759274]]]}},{"type":"Feature","id":"AC-Y344-X350","properties":{"id":"AC-Y344-X350","grid_x":350,"grid_y":344,"centroid":[-71.5437092,-9.9733184],"aggregation":"none","score_gradboost":0.0060159,"score_random_forest":0.0076636,"score_logistic_regression":0.0001677,"score_fuzzy_knn_k29":0.0},"geometry":{"type":"Polygon","coordinates":[[[-71.5477998,-9.9759897],[-71.5396605,-9.9760518],[-71.5396187,-9.970647],[-71.5477578,-9.970585],[-71.5477998,-9.9759897]]]}},{"type":"Feature","id":"AC-Y344-X351","properties":{"id":"AC-Y344-X351","grid_x":351,"grid_y":344,"centroid":[-71.53557,-9.9733804],"aggregation":"none","score_gradboost":0.0060159,"score_random_forest":0.0012635,"score_logistic_regression":0.0001611,"score_fuzzy_knn_k29":0.0},"geometry":{"type":"Polygon","coordinates":[[[-71.5396605,-9.9760518],[-71.5315212,-9.9761137],[-71.5314794,-9.9707089],[-71.5396187,-9.970647],[-71.5396605,-9.9760518]]]}},{"type":"Feature","id":"AC-Y344-X352","properties":{"id":"AC-Y344-X352","grid_x":352,"grid_y":344,"centroid":[-71.5274307,-9.9734422],"aggregation":"none","score_gradboost":0.0069672,"score_random_forest":0.024735,"score_logistic_regression":0.0001172,"score_fuzzy_knn_k29":0.0},"geometry":{"type":"Polygon","coordinates":[[[-71.5315212,-9.9761137],[-71.5233818,-9.9761754],[-71.5233402,-9.9707706],[-71.5314794,-9.9707089],[-71.5315212,-9.9761137]]]}},{"type":"Feature","id":"AC-Y344-X353","properties":{"id":"AC-Y344-X353","grid_x":353,"grid_y":344,"centroid":[-71.5192913,-9.9735038],"aggregation":"none","score_gradboost":0.0076667,"score_random_forest":0.0003789,"score_logistic_regression":0.0001579,"score_fuzzy_knn_k29":0.0},"geometry":{"type":"Polygon","coordinates":[[[-71.5233818,-9.9761754],[-71.5152423,-9.9762369],[-71.5152009,-9.970832],[-71.5233402,-9.9707706],[-71.5233818,-9.9761754]]]}},{"type":"Feature","id":"AC-Y345-X342","properties":{"id":"AC-Y345-X342","grid_x":342,"grid_y":345,"centroid":[-71.6087783,-9.967411],"aggregation":"none","score_gradboost":0.0071953,"score_random_forest":0.0027199,"score_logistic_regression":0.0002579,"score_fuzzy_knn_k29":0.0},"geometry":{"type":"Polygon","coordinates":[[[-71.6128691,-9.9700813],[-71.6047304,-9.970145],[-71.6046875,-9.9647405],[-71.6128261,-9.9646769],[-71.6128691,-9.9700813]]]}},{"type":"Feature","id":"AC-Y345-X343","properties":{"id":"AC-Y345-X343","grid_x":343,"grid_y":345,"centroid":[-71.6006396,-9.9674745],"aggregation":"none","score_gradboost":0.0071953,"score_random_forest":0.0073736,"score_logistic_regression":0.0002527,"score_fuzzy_knn_k29":0.0},"geometry":{"type":"Polygon","coordinates":[[[-71.6047304,-9.970145],[-71.5965916,-9.9702084],[-71.5965488,-9.9648039],[-71.6046875,-9.9647405],[-71.6047304,-9.970145]]]}},{"type":"Feature","id":"AC-Y345-X344","properties":{"id":"AC-Y345-X344","grid_x":344,"grid_y":345,"centroid":[-71.5925009,-9.9675378],"aggregation":"none","score_gradboost":0.0060759,"score_random_forest":0.0052904,"score_logistic_regression":0.0002504,"score_fuzzy_knn_k29":0.0},"geometry":{"type":"Polygon","coordinates":[[[-71.5965916,-9.9702084],[-71.5884528,-9.9702717],[-71.5884101,-9.9648671],[-71.5965488,-9.9648039],[-71.5965916,-9.9702084]]]}},{"type":"Feature","id":"AC-Y345-X345","properties":{"id":"AC-Y345-X345","grid_x":345,"grid_y":345,"centroid":[-71.5843621,-9.967601],"aggregation":"none","score_gradboost":0.0087128,"score_random_forest":0.0429769,"score_logistic_regression":0.000187,"score_fuzzy_knn_k29":0.0},"geometry":{"type":"Polygon","coordinates":[[[-71.5884528,-9.9702717],[-71.5803139,-9.9703347],[-71.5802714,-9.9649302],[-71.5884101,-9.9648671],[-71.5884528,-9.9702717]]]}},{"type":"Feature","id":"AC-Y345-X346","properties":{"id":"AC-Y345-X346","grid_x":346,"grid_y":345,"centroid":[-71.5762232,-9.9676639],"aggregation":"none","score_gradboost":0.0069672,"score_random_forest":0.0224611,"score_logistic_regression":0.0001374,"score_fuzzy_knn_k29":0.0},"geometry":{"type":"Polygon","coordinates":[[[-71.5803139,-9.9703347],[-71.572175,-9.9703976],[-71.5721326,-9.964993],[-71.5802714,-9.9649302],[-71.5803139,-9.9703347]]]}},{"type":"Feature","id":"AC-Y345-X347","properties":{"id":"AC-Y345-X347","grid_x":347,"grid_y":345,"centroid":[-71.5680843,-9.9677266],"aggregation":"none","score_gradboost":0.0069672,"score_random_forest":0.0346485,"score_logistic_regression":0.0001395,"score_fuzzy_knn_k29":0.0},"geometry":{"type":"Polygon","coordinates":[[[-71.572175,-9.9703976],[-71.564036,-9.9704603],[-71.5639937,-9.9650556],[-71.5721326,-9.964993],[-71.572175,-9.9703976]]]}},{"type":"Feature","id":"AC-Y345-X348","properties":{"id":"AC-Y345-X348","grid_x":348,"grid_y":345,"centroid":[-71.5599454,-9.9677892],"aggregation":"none","score_gradboost":0.0083688,"score_random_forest":0.0019941,"score_logistic_regression":0.000179,"score_fuzzy_knn_k29":0.0},"geometry":{"type":"Polygon","coordinates":[[[-71.564036,-9.9704603],[-71.5558969,-9.9705227],[-71.5558548,-9.965118],[-71.5639937,-9.9650556],[-71.564036,-9.9704603]]]}},{"type":"Feature","id":"AC-Y345-X349","properties":{"id":"AC-Y345-X349","grid_x":349,"grid_y":345,"centroid":[-71.5518063,-9.9678515],"aggregation":"none","score_gradboost":0.0082538,"score_random_forest":0.0067641,"score_logistic_regression":0.000212,"score_fuzzy_knn_k29":0.0},"geometry":{"type":"Polygon","coordinates":[[[-71.5558969,-9.9705227],[-71.5477578,-9.970585],[-71.5477158,-9.9651803],[-71.5558548,-9.965118],[-71.5558969,-9.9705227]]]}},{"type":"Feature","id":"AC-Y345-X350","properties":{"id":"AC-Y345-X350","grid_x":350,"grid_y":345,"centroid":[-71.5436673,-9.9679137],"aggregation":"none","score_gradboost":0.0075249,"score_random_forest":0.0004792,"score_logistic_regression":0.000308,"score_fuzzy_knn_k29":0.0},"geometry":{"type":"Polygon","coordinates":[[[-71.5477578,-9.970585],[-71.5396187,-9.970647],[-71.5395768,-9.9652423],[-71.5477158,-9.9651803],[-71.5477578,-9.970585]]]}},{"type":"Feature","id":"AC-Y345-X351","properties":{"id":"AC-Y345-X351","grid_x":351,"grid_y":345,"centroid":[-71.5355282,-9.9679756],"aggregation":"none","score_gradboost":0.0075249,"score_random_forest":0.0029939,"score_logistic_regression":0.0002659,"score_fuzzy_knn_k29":0.0},"geometry":{"type":"Polygon","coordinates":[[[-71.5396187,-9.970647],[-71.5314794,-9.9707089],[-71.5314377,-9.9653041],[-71.5395768,-9.9652423],[-71.5396187,-9.970647]]]}},{"type":"Feature","id":"AC-Y345-X352","properties":{"id":"AC-Y345-X352","grid_x":352,"grid_y":345,"centroid":[-71.527389,-9.9680374],"aggregation":"none","score_gradboost":0.0078345,"score_random_forest":0.012927,"score_logistic_regression":0.0002062,"score_fuzzy_knn_k29":0.0},"geometry":{"type":"Polygon","coordinates":[[[-71.5314794,-9.9707089],[-71.5233402,-9.9707706],[-71.5232986,-9.9653658],[-71.5314377,-9.9653041],[-71.5314794,-9.9707089]]]}},{"type":"Feature","id":"AC-Y345-X353","properties":{"id":"AC-Y345-X353","grid_x":353,"grid_y":345,"centroid":[-71.5192498,-9.9680989],"aggregation":"none","score_gradboost":0.0075998,"score_random_forest":0.0139172,"score_logistic_regression":0.0002342,"score_fuzzy_knn_k29":0.0},"geometry":{"type":"Polygon","coordinates":[[[-71.5233402,-9.9707706],[-71.5152009,-9.970832],[-71.5151594,-9.9654272],[-71.5232986,-9.9653658],[-71.5233402,-9.9707706]]]}},{"type":"Feature","id":"AC-Y346-X343","properties":{"id":"AC-Y346-X343","grid_x":343,"grid_y":346,"centroid":[-71.6005967,-9.96207],"aggregation":"none","score_gradboost":0.0071953,"score_random_forest":0.0002731,"score_logistic_regression":0.0001795,"score_fuzzy_knn_k29":0.0},"geometry":{"type":"Polygon","coordinates":[[[-71.6046875,-9.9647405],[-71.5965488,-9.9648039],[-71.5965061,-9.9593994],[-71.6046446,-9.959336],[-71.6046875,-9.9647405]]]}},{"type":"Feature","id":"AC-Y346-X344","properties":{"id":"AC-Y346-X344","grid_x":344,"grid_y":346,"centroid":[-71.5924581,-9.9621333],"aggregation":"none","score_gradboost":0.0088522,"score_random_forest":0.0091172,"score_logistic_regression":0.0003147,"score_fuzzy_knn_k29":0.0},"geometry":{"type":"Polygon","coordinates":[[[-71.5965488,-9.9648039],[-71.5884101,-9.9648671],[-71.5883675,-9.9594626],[-71.5965061,-9.9593994],[-71.5965488,-9.9648039]]]}},{"type":"Feature","id":"AC-Y346-X345","properties":{"id":"AC-Y346-X345","grid_x":345,"grid_y":346,"centroid":[-71.5843195,-9.9621964],"aggregation":"none","score_gradboost":0.0060759,"score_random_forest":0.0022736,"score_logistic_regression":0.0001414,"score_fuzzy_knn_k29":0.0},"geometry":{"type":"Polygon","coordinates":[[[-71.5884101,-9.9648671],[-71.5802714,-9.9649302],[-71.5802289,-9.9595256],[-71.5883675,-9.9594626],[-71.5884101,-9.9648671]]]}},{"type":"Feature","id":"AC-Y346-X346","properties":{"id":"AC-Y346-X346","grid_x":346,"grid_y":346,"centroid":[-71.5761808,-9.9622593],"aggregation":"none","score_gradboost":0.0060759,"score_random_forest":0.0045065,"score_logistic_regression":0.0001528,"score_fuzzy_knn_k29":0.0},"geometry":{"type":"Polygon","coordinates":[[[-71.5802714,-9.9649302],[-71.5721326,-9.964993],[-71.5720902,-9.9595884],[-71.5802289,-9.9595256],[-71.5802714,-9.9649302]]]}},{"type":"Feature","id":"AC-Y346-X347","properties":{"id":"AC-Y346-X347","grid_x":347,"grid_y":346,"centroid":[-71.568042,-9.962322],"aggregation":"none","score_gradboost":0.0069672,"score_random_forest":0.0206962,"score_logistic_regression":0.0001374,"score_fuzzy_knn_k29":0.0},"geometry":{"type":"Polygon","coordinates":[[[-71.5721326,-9.964993],[-71.5639937,-9.9650556],[-71.5639515,-9.959651],[-71.5720902,-9.9595884],[-71.5721326,-9.964993]]]}},{"type":"Feature","id":"AC-Y346-X348","properties":{"id":"AC-Y346-X348","grid_x":348,"grid_y":346,"centroid":[-71.5599032,-9.9623845],"aggregation":"none","score_gradboost":0.0066917,"score_random_forest":0.0117867,"score_logistic_regression":0.0001435,"score_fuzzy_knn_k29":0.0},"geometry":{"type":"Polygon","coordinates":[[[-71.5639937,-9.9650556],[-71.5558548,-9.965118],[-71.5558127,-9.9597133],[-71.5639515,-9.959651],[-71.5639937,-9.9650556]]]}},{"type":"Feature","id":"AC-Y346-X349","properties":{"id":"AC-Y346-X349","grid_x":349,"grid_y":346,"centroid":[-71.5517643,-9.9624468],"aggregation":"none","score_gradboost":0.0083688,"score_random_forest":0.0,"score_logistic_regression":0.0001712,"score_fuzzy_knn_k29":0.0},"geometry":{"type":"Polygon","coordinates":[[[-71.5558548,-9.965118],[-71.5477158,-9.9651803],[-71.5476739,-9.9597755],[-71.5558127,-9.9597133],[-71.5558548,-9.965118]]]}},{"type":"Feature","id":"AC-Y346-X350","properties":{"id":"AC-Y346-X350","grid_x":350,"grid_y":346,"centroid":[-71.5436254,-9.9625089],"aggregation":"none","score_gradboost":0.0082538,"score_random_forest":0.0058387,"score_logistic_regression":0.0002035,"score_fuzzy_knn_k29":0.0},"geometry":{"type":"Polygon","coordinates":[[[-71.5477158,-9.9651803],[-71.5395768,-9.9652423],[-71.539535,-9.9598375],[-71.5476739,-9.9597755],[-71.5477158,-9.9651803]]]}},{"type":"Feature","id":"AC-Y346-X351","properties":{"id":"AC-Y346-X351","grid_x":351,"grid_y":346,"centroid":[-71.5354864,-9.9625708],"aggregation":"none","score_gradboost":0.0075249,"score_random_forest":0.0141585,"score_logistic_regression":0.0002328,"score_fuzzy_knn_k29":0.0},"geometry":{"type":"Polygon","coordinates":[[[-71.5395768,-9.9652423],[-71.5314377,-9.9653041],[-71.531396,-9.9598993],[-71.539535,-9.9598375],[-71.5395768,-9.9652423]]]}},{"type":"Feature","id":"AC-Y346-X352","properties":{"id":"AC-Y346-X352","grid_x":352,"grid_y":346,"centroid":[-71.5273473,-9.9626326],"aggregation":"none","score_gradboost":0.0060159,"score_random_forest":0.007088,"score_logistic_regression":0.0002047,"score_fuzzy_knn_k29":0.0},"geometry":{"type":"Polygon","coordinates":[[[-71.5314377,-9.9653041],[-71.5232986,-9.9653658],[-71.523257,-9.9599609],[-71.531396,-9.9598993],[-71.5314377,-9.9653041]]]}},{"type":"Feature","id":"AC-Y346-X353","properties":{"id":"AC-Y346-X353","grid_x":353,"grid_y":346,"centroid":[-71.5192083,-9.9626941],"aggregation":"none","score_gradboost":0.0075998,"score_random_forest":0.00344,"score_logistic_regression":0.0002109,"score_fuzzy_knn_k29":0.0},"geometry":{"type":"Polygon","coordinates":[[[-71.5232986,-9.9653658],[-71.5151594,-9.9654272],[-71.515118,-9.9600223],[-71.523257,-9.9599609],[-71.5232986,-9.9653658]]]}},{"type":"Feature","id":"AC-Y346-X354","properties":{"id":"AC-Y346-X354","grid_x":354,"grid_y":346,"centroid":[-71.5110691,-9.9627554],"aggregation":"none","score_gradboost":0.0071953,"score_random_forest":0.0044032,"score_logistic_regression":0.0001398,"score_fuzzy_knn_k29":0.0},"geometry":{"type":"Polygon","coordinates":[[[-71.5151594,-9.9654272],[-71.5070202,-9.9654884],[-71.5069789,-9.9600835],[-71.515118,-9.9600223],[-71.5151594,-9.9654272]]]}},{"type":"Feature","id":"AC-Y347-X343","properties":{"id":"AC-Y347-X343","grid_x":343,"grid_y":347,"centroid":[-71.6005539,-9.9566655],"aggregation":"none","score_gradboost":0.0089974,"score_random_forest":0.0092126,"score_logistic_regression":0.0003081,"score_fuzzy_knn_k29":0.0},"geometry":{"type":"Polygon","coordinates":[[[-71.6046446,-9.959336],[-71.5965061,-9.9593994],[-71.5964633,-9.9539949],[-71.6046017,-9.9539316],[-71.6046446,-9.959336]]]}},{"type":"Feature","id":"AC-Y347-X344","properties":{"id":"AC-Y347-X344","grid_x":344,"grid_y":347,"centroid":[-71.5924154,-9.9567288],"aggregation":"none","score_gradboost":0.0071953,"score_random_forest":0.0219458,"score_logistic_regression":0.0002121,"score_fuzzy_knn_k29":0.0},"geometry":{"type":"Polygon","coordinates":[[[-71.5965061,-9.9593994],[-71.5883675,-9.9594626],[-71.5883249,-9.954058],[-71.5964633,-9.9539949],[-71.5965061,-9.9593994]]]}},{"type":"Feature","id":"AC-Y347-X345","properties":{"id":"AC-Y347-X345","grid_x":345,"grid_y":347,"centroid":[-71.5842769,-9.9567918],"aggregation":"none","score_gradboost":0.00635,"score_random_forest":0.0010942,"score_logistic_regression":0.0001505,"score_fuzzy_knn_k29":0.0},"geometry":{"type":"Polygon","coordinates":[[[-71.5883675,-9.9594626],[-71.5802289,-9.9595256],[-71.5801864,-9.954121],[-71.5883249,-9.954058],[-71.5883675,-9.9594626]]]}},{"type":"Feature","id":"AC-Y347-X346","properties":{"id":"AC-Y347-X346","grid_x":346,"grid_y":347,"centroid":[-71.5761383,-9.9568547],"aggregation":"none","score_gradboost":0.0076667,"score_random_forest":0.0136713,"score_logistic_regression":0.0002132,"score_fuzzy_knn_k29":0.0},"geometry":{"type":"Polygon","coordinates":[[[-71.5802289,-9.9595256],[-71.5720902,-9.9595884],[-71.5720479,-9.9541837],[-71.5801864,-9.954121],[-71.5802289,-9.9595256]]]}},{"type":"Feature","id":"AC-Y347-X347","properties":{"id":"AC-Y347-X347","grid_x":347,"grid_y":347,"centroid":[-71.5679997,-9.9569174],"aggregation":"none","score_gradboost":0.0060759,"score_random_forest":0.0160284,"score_logistic_regression":0.0001443,"score_fuzzy_knn_k29":0.0},"geometry":{"type":"Polygon","coordinates":[[[-71.5720902,-9.9595884],[-71.5639515,-9.959651],[-71.5639093,-9.9542463],[-71.5720479,-9.9541837],[-71.5720902,-9.9595884]]]}},{"type":"Feature","id":"AC-Y347-X348","properties":{"id":"AC-Y347-X348","grid_x":348,"grid_y":347,"centroid":[-71.559861,-9.9569798],"aggregation":"none","score_gradboost":0.0083688,"score_random_forest":0.017356,"score_logistic_regression":0.0001548,"score_fuzzy_knn_k29":0.0},"geometry":{"type":"Polygon","coordinates":[[[-71.5639515,-9.959651],[-71.5558127,-9.9597133],[-71.5557706,-9.9543087],[-71.5639093,-9.9542463],[-71.5639515,-9.959651]]]}},{"type":"Feature","id":"AC-Y347-X349","properties":{"id":"AC-Y347-X349","grid_x":349,"grid_y":347,"centroid":[-71.5517223,-9.9570421],"aggregation":"none","score_gradboost":0.0082538,"score_random_forest":0.0031919,"score_logistic_regression":0.0002142,"score_fuzzy_knn_k29":0.0},"geometry":{"type":"Polygon","coordinates":[[[-71.5558127,-9.9597133],[-71.5476739,-9.9597755],[-71.5476319,-9.9543708],[-71.5557706,-9.9543087],[-71.5558127,-9.9597133]]]}},{"type":"Feature","id":"AC-Y347-X350","properties":{"id":"AC-Y347-X350","grid_x":350,"grid_y":347,"centroid":[-71.5435835,-9.9571042],"aggregation":"none","score_gradboost":0.0083688,"score_random_forest":0.0042786,"score_logistic_regression":0.0001892,"score_fuzzy_knn_k29":0.0},"geometry":{"type":"Polygon","coordinates":[[[-71.5476739,-9.9597755],[-71.539535,-9.9598375],[-71.5394932,-9.9544328],[-71.5476319,-9.9543708],[-71.5476739,-9.9597755]]]}},{"type":"Feature","id":"AC-Y347-X351","properties":{"id":"AC-Y347-X351","grid_x":351,"grid_y":347,"centroid":[-71.5354446,-9.9571661],"aggregation":"none","score_gradboost":0.0075249,"score_random_forest":0.0004792,"score_logistic_regression":0.0002951,"score_fuzzy_knn_k29":0.0},"geometry":{"type":"Polygon","coordinates":[[[-71.539535,-9.9598375],[-71.531396,-9.9598993],[-71.5313543,-9.9544945],[-71.5394932,-9.9544328],[-71.539535,-9.9598375]]]}},{"type":"Feature","id":"AC-Y347-X352","properties":{"id":"AC-Y347-X352","grid_x":352,"grid_y":347,"centroid":[-71.5273057,-9.9572277],"aggregation":"none","score_gradboost":0.0075249,"score_random_forest":0.0025067,"score_logistic_regression":0.0003042,"score_fuzzy_knn_k29":0.0},"geometry":{"type":"Polygon","coordinates":[[[-71.531396,-9.9598993],[-71.523257,-9.9599609],[-71.5232155,-9.9545561],[-71.5313543,-9.9544945],[-71.531396,-9.9598993]]]}},{"type":"Feature","id":"AC-Y347-X353","properties":{"id":"AC-Y347-X353","grid_x":353,"grid_y":347,"centroid":[-71.5191668,-9.9572892],"aggregation":"none","score_gradboost":0.0062638,"score_random_forest":0.0012861,"score_logistic_regression":0.0001622,"score_fuzzy_knn_k29":0.0},"geometry":{"type":"Polygon","coordinates":[[[-71.523257,-9.9599609],[-71.515118,-9.9600223],[-71.5150766,-9.9546175],[-71.5232155,-9.9545561],[-71.523257,-9.9599609]]]}},{"type":"Feature","id":"AC-Y347-X354","properties":{"id":"AC-Y347-X354","grid_x":354,"grid_y":347,"centroid":[-71.5110278,-9.9573505],"aggregation":"none","score_gradboost":0.0077442,"score_random_forest":0.0147239,"score_logistic_regression":0.0002374,"score_fuzzy_knn_k29":0.0},"geometry":{"type":"Polygon","coordinates":[[[-71.515118,-9.9600223],[-71.5069789,-9.9600835],[-71.5069376,-9.9546786],[-71.5150766,-9.9546175],[-71.515118,-9.9600223]]]}},{"type":"Feature","id":"AC-Y347-X355","properties":{"id":"AC-Y347-X355","grid_x":355,"grid_y":347,"centroid":[-71.5028887,-9.9574116],"aggregation":"none","score_gradboost":0.0071953,"score_random_forest":0.0002731,"score_logistic_regression":0.0002029,"score_fuzzy_knn_k29":0.0},"geometry":{"type":"Polygon","coordinates":[[[-71.5069789,-9.9600835],[-71.4988397,-9.9601445],[-71.4987986,-9.9547396],[-71.5069376,-9.9546786],[-71.5069789,-9.9600835]]]}},{"type":"Feature","id":"AC-Y348-X344","properties":{"id":"AC-Y348-X344","grid_x":344,"grid_y":348,"centroid":[-71.5923728,-9.9513242],"aggregation":"none","score_gradboost":0.0071953,"score_random_forest":0.0040926,"score_logistic_regression":0.0002561,"score_fuzzy_knn_k29":0.0},"geometry":{"type":"Polygon","coordinates":[[[-71.5964633,-9.9539949],[-71.5883249,-9.954058],[-71.5882823,-9.9486535],[-71.5964206,-9.9485904],[-71.5964633,-9.9539949]]]}},{"type":"Feature","id":"AC-Y348-X345","properties":{"id":"AC-Y348-X345","grid_x":345,"grid_y":348,"centroid":[-71.5842344,-9.9513873],"aggregation":"none","score_gradboost":0.0089974,"score_random_forest":0.0076334,"score_logistic_regression":0.0002959,"score_fuzzy_knn_k29":0.0},"geometry":{"type":"Polygon","coordinates":[[[-71.5883249,-9.954058],[-71.5801864,-9.954121],[-71.5801439,-9.9487164],[-71.5882823,-9.9486535],[-71.5883249,-9.954058]]]}},{"type":"Feature","id":"AC-Y348-X346","properties":{"id":"AC-Y348-X346","grid_x":346,"grid_y":348,"centroid":[-71.5760959,-9.9514501],"aggregation":"none","score_gradboost":0.0080726,"score_random_forest":0.0035207,"score_logistic_regression":0.0002096,"score_fuzzy_knn_k29":0.0},"geometry":{"type":"Polygon","coordinates":[[[-71.5801864,-9.954121],[-71.5720479,-9.9541837],[-71.5720055,-9.9487791],[-71.5801439,-9.9487164],[-71.5801864,-9.954121]]]}},{"type":"Feature","id":"AC-Y348-X347","properties":{"id":"AC-Y348-X347","grid_x":347,"grid_y":348,"centroid":[-71.5679574,-9.9515127],"aggregation":"none","score_gradboost":0.0075998,"score_random_forest":0.0045801,"score_logistic_regression":0.0002381,"score_fuzzy_knn_k29":0.0},"geometry":{"type":"Polygon","coordinates":[[[-71.5720479,-9.9541837],[-71.5639093,-9.9542463],[-71.5638671,-9.9488416],[-71.5720055,-9.9487791],[-71.5720479,-9.9541837]]]}},{"type":"Feature","id":"AC-Y348-X348","properties":{"id":"AC-Y348-X348","grid_x":348,"grid_y":348,"centroid":[-71.5598189,-9.9515752],"aggregation":"none","score_gradboost":0.0083688,"score_random_forest":0.0181073,"score_logistic_regression":0.0001953,"score_fuzzy_knn_k29":0.0},"geometry":{"type":"Polygon","coordinates":[[[-71.5639093,-9.9542463],[-71.5557706,-9.9543087],[-71.5557286,-9.948904],[-71.5638671,-9.9488416],[-71.5639093,-9.9542463]]]}},{"type":"Feature","id":"AC-Y348-X349","properties":{"id":"AC-Y348-X349","grid_x":349,"grid_y":348,"centroid":[-71.5516803,-9.9516374],"aggregation":"none","score_gradboost":0.0066917,"score_random_forest":0.007091,"score_logistic_regression":0.00013,"score_fuzzy_knn_k29":0.0},"geometry":{"type":"Polygon","coordinates":[[[-71.5557706,-9.9543087],[-71.5476319,-9.9543708],[-71.54759,-9.9489661],[-71.5557286,-9.948904],[-71.5557706,-9.9543087]]]}},{"type":"Feature","id":"AC-Y348-X350","properties":{"id":"AC-Y348-X350","grid_x":350,"grid_y":348,"centroid":[-71.5435416,-9.9516994],"aggregation":"none","score_gradboost":0.0075249,"score_random_forest":0.0024896,"score_logistic_regression":0.0003748,"score_fuzzy_knn_k29":0.0},"geometry":{"type":"Polygon","coordinates":[[[-71.5476319,-9.9543708],[-71.5394932,-9.9544328],[-71.5394514,-9.949028],[-71.54759,-9.9489661],[-71.5476319,-9.9543708]]]}},{"type":"Feature","id":"AC-Y348-X351","properties":{"id":"AC-Y348-X351","grid_x":351,"grid_y":348,"centroid":[-71.5354029,-9.9517613],"aggregation":"none","score_gradboost":0.0075249,"score_random_forest":0.0,"score_logistic_regression":0.0002711,"score_fuzzy_knn_k29":0.0},"geometry":{"type":"Polygon","coordinates":[[[-71.5394932,-9.9544328],[-71.5313543,-9.9544945],[-71.5313127,-9.9490897],[-71.5394514,-9.949028],[-71.5394932,-9.9544328]]]}},{"type":"Feature","id":"AC-Y348-X352","properties":{"id":"AC-Y348-X352","grid_x":352,"grid_y":348,"centroid":[-71.5272641,-9.9518229],"aggregation":"none","score_gradboost":0.0075249,"score_random_forest":0.0,"score_logistic_regression":0.0002138,"score_fuzzy_knn_k29":0.0},"geometry":{"type":"Polygon","coordinates":[[[-71.5313543,-9.9544945],[-71.5232155,-9.9545561],[-71.523174,-9.9491513],[-71.5313127,-9.9490897],[-71.5313543,-9.9544945]]]}},{"type":"Feature","id":"AC-Y348-X353","properties":{"id":"AC-Y348-X353","grid_x":353,"grid_y":348,"centroid":[-71.5191253,-9.9518844],"aggregation":"none","score_gradboost":0.0078345,"score_random_forest":0.0095427,"score_logistic_regression":0.0002425,"score_fuzzy_knn_k29":0.0},"geometry":{"type":"Polygon","coordinates":[[[-71.5232155,-9.9545561],[-71.5150766,-9.9546175],[-71.5150352,-9.9492126],[-71.523174,-9.9491513],[-71.5232155,-9.9545561]]]}},{"type":"Feature","id":"AC-Y348-X354","properties":{"id":"AC-Y348-X354","grid_x":354,"grid_y":348,"centroid":[-71.5109864,-9.9519456],"aggregation":"none","score_gradboost":0.0075998,"score_random_forest":0.0145343,"score_logistic_regression":0.0002228,"score_fuzzy_knn_k29":0.0},"geometry":{"type":"Polygon","coordinates":[[[-71.5150766,-9.9546175],[-71.5069376,-9.9546786],[-71.5068964,-9.9492737],[-71.5150352,-9.9492126],[-71.5150766,-9.9546175]]]}},{"type":"Feature","id":"AC-Y348-X355","properties":{"id":"AC-Y348-X355","grid_x":355,"grid_y":348,"centroid":[-71.5028475,-9.9520067],"aggregation":"none","score_gradboost":0.0089974,"score_random_forest":0.0071315,"score_logistic_regression":0.0002534,"score_fuzzy_knn_k29":0.0},"geometry":{"type":"Polygon","coordinates":[[[-71.5069376,-9.9546786],[-71.4987986,-9.9547396],[-71.4987575,-9.9493347],[-71.5068964,-9.9492737],[-71.5069376,-9.9546786]]]}},{"type":"Feature","id":"AC-Y349-X345","properties":{"id":"AC-Y349-X345","grid_x":345,"grid_y":349,"centroid":[-71.5841919,-9.9459827],"aggregation":"none","score_gradboost":0.0089974,"score_random_forest":0.0065256,"score_logistic_regression":0.0003578,"score_fuzzy_knn_k29":0.0},"geometry":{"type":"Polygon","coordinates":[[[-71.5882823,-9.9486535],[-71.5801439,-9.9487164],[-71.5801015,-9.9433118],[-71.5882397,-9.9432489],[-71.5882823,-9.9486535]]]}},{"type":"Feature","id":"AC-Y349-X346","properties":{"id":"AC-Y349-X346","grid_x":346,"grid_y":349,"centroid":[-71.5760536,-9.9460455],"aggregation":"none","score_gradboost":0.0080726,"score_random_forest":0.0083063,"score_logistic_regression":0.0001755,"score_fuzzy_knn_k29":0.0},"geometry":{"type":"Polygon","coordinates":[[[-71.5801439,-9.9487164],[-71.5720055,-9.9487791],[-71.5719632,-9.9433745],[-71.5801015,-9.9433118],[-71.5801439,-9.9487164]]]}},{"type":"Feature","id":"AC-Y349-X347","properties":{"id":"AC-Y349-X347","grid_x":347,"grid_y":349,"centroid":[-71.5679152,-9.9461081],"aggregation":"none","score_gradboost":0.0060759,"score_random_forest":0.0022736,"score_logistic_regression":0.0001268,"score_fuzzy_knn_k29":0.0},"geometry":{"type":"Polygon","coordinates":[[[-71.5720055,-9.9487791],[-71.5638671,-9.9488416],[-71.5638249,-9.943437],[-71.5719632,-9.9433745],[-71.5720055,-9.9487791]]]}},{"type":"Feature","id":"AC-Y349-X348","properties":{"id":"AC-Y349-X348","grid_x":348,"grid_y":349,"centroid":[-71.5597768,-9.9461705],"aggregation":"none","score_gradboost":0.0069672,"score_random_forest":0.0153471,"score_logistic_regression":0.0001291,"score_fuzzy_knn_k29":0.0},"geometry":{"type":"Polygon","coordinates":[[[-71.5638671,-9.9488416],[-71.5557286,-9.948904],[-71.5556865,-9.9434993],[-71.5638249,-9.943437],[-71.5638671,-9.9488416]]]}},{"type":"Feature","id":"AC-Y349-X349","properties":{"id":"AC-Y349-X349","grid_x":349,"grid_y":349,"centroid":[-71.5516383,-9.9462327],"aggregation":"none","score_gradboost":0.0083688,"score_random_forest":0.0033108,"score_logistic_regression":0.0001842,"score_fuzzy_knn_k29":0.0},"geometry":{"type":"Polygon","coordinates":[[[-71.5557286,-9.948904],[-71.54759,-9.9489661],[-71.5475481,-9.9435614],[-71.5556865,-9.9434993],[-71.5557286,-9.948904]]]}},{"type":"Feature","id":"AC-Y349-X350","properties":{"id":"AC-Y349-X350","grid_x":350,"grid_y":349,"centroid":[-71.5434998,-9.9462947],"aggregation":"none","score_gradboost":0.0082538,"score_random_forest":0.0101517,"score_logistic_regression":0.0002351,"score_fuzzy_knn_k29":0.0},"geometry":{"type":"Polygon","coordinates":[[[-71.54759,-9.9489661],[-71.5394514,-9.949028],[-71.5394096,-9.9436233],[-71.5475481,-9.9435614],[-71.54759,-9.9489661]]]}},{"type":"Feature","id":"AC-Y349-X351","properties":{"id":"AC-Y349-X351","grid_x":351,"grid_y":349,"centroid":[-71.5353612,-9.9463565],"aggregation":"none","score_gradboost":0.0089765,"score_random_forest":0.0070017,"score_logistic_regression":0.0004078,"score_fuzzy_knn_k29":0.0},"geometry":{"type":"Polygon","coordinates":[[[-71.5394514,-9.949028],[-71.5313127,-9.9490897],[-71.5312711,-9.9436849],[-71.5394096,-9.9436233],[-71.5394514,-9.949028]]]}},{"type":"Feature","id":"AC-Y349-X352","properties":{"id":"AC-Y349-X352","grid_x":352,"grid_y":349,"centroid":[-71.5272226,-9.9464181],"aggregation":"none","score_gradboost":0.0075249,"score_random_forest":0.0053107,"score_logistic_regression":0.000231,"score_fuzzy_knn_k29":0.0},"geometry":{"type":"Polygon","coordinates":[[[-71.5313127,-9.9490897],[-71.523174,-9.9491513],[-71.5231325,-9.9437464],[-71.5312711,-9.9436849],[-71.5313127,-9.9490897]]]}},{"type":"Feature","id":"AC-Y349-X353","properties":{"id":"AC-Y349-X353","grid_x":353,"grid_y":349,"centroid":[-71.5190839,-9.9464795],"aggregation":"none","score_gradboost":0.0078345,"score_random_forest":0.0161677,"score_logistic_regression":0.0002249,"score_fuzzy_knn_k29":0.0},"geometry":{"type":"Polygon","coordinates":[[[-71.523174,-9.9491513],[-71.5150352,-9.9492126],[-71.5149938,-9.9438077],[-71.5231325,-9.9437464],[-71.523174,-9.9491513]]]}},{"type":"Feature","id":"AC-Y349-X354","properties":{"id":"AC-Y349-X354","grid_x":354,"grid_y":349,"centroid":[-71.5109451,-9.9465408],"aggregation":"none","score_gradboost":0.0075998,"score_random_forest":0.0063355,"score_logistic_regression":0.0002869,"score_fuzzy_knn_k29":0.0},"geometry":{"type":"Polygon","coordinates":[[[-71.5150352,-9.9492126],[-71.5068964,-9.9492737],[-71.5068551,-9.9438688],[-71.5149938,-9.9438077],[-71.5150352,-9.9492126]]]}},{"type":"Feature","id":"AC-Y349-X355","properties":{"id":"AC-Y349-X355","grid_x":355,"grid_y":349,"centroid":[-71.5028063,-9.9466018],"aggregation":"none","score_gradboost":0.0089974,"score_random_forest":0.0241311,"score_logistic_regression":0.0002163,"score_fuzzy_knn_k29":0.0},"geometry":{"type":"Polygon","coordinates":[[[-71.5068964,-9.9492737],[-71.4987575,-9.9493347],[-71.4987164,-9.9439298],[-71.5068551,-9.9438688],[-71.5068964,-9.9492737]]]}},{"type":"Feature","id":"AC-Y350-X345","properties":{"id":"AC-Y350-X345","grid_x":345,"grid_y":350,"centroid":[-71.5841494,-9.9405781],"aggregation":"none","score_gradboost":0.0089974,"score_random_forest":0.0074487,"score_logistic_regression":0.0002957,"score_fuzzy_knn_k29":0.0},"geometry":{"type":"Polygon","coordinates":[[[-71.5882397,-9.9432489],[-71.5801015,-9.9433118],[-71.5800591,-9.9379072],[-71.5881972,-9.9378444],[-71.5882397,-9.9432489]]]}},{"type":"Feature","id":"AC-Y350-X346","properties":{"id":"AC-Y350-X346","grid_x":346,"grid_y":350,"centroid":[-71.5760112,-9.9406409],"aggregation":"none","score_gradboost":0.0080726,"score_random_forest":0.0032245,"score_logistic_regression":0.0002101,"score_fuzzy_knn_k29":0.0},"geometry":{"type":"Polygon","coordinates":[[[-71.5801015,-9.9433118],[-71.5719632,-9.9433745],[-71.571921,-9.9379699],[-71.5800591,-9.9379072],[-71.5801015,-9.9433118]]]}},{"type":"Feature","id":"AC-Y350-X347","properties":{"id":"AC-Y350-X347","grid_x":347,"grid_y":350,"centroid":[-71.567873,-9.9407034],"aggregation":"none","score_gradboost":0.0076667,"score_random_forest":0.0061745,"score_logistic_regression":0.0001703,"score_fuzzy_knn_k29":0.0},"geometry":{"type":"Polygon","coordinates":[[[-71.5719632,-9.9433745],[-71.5638249,-9.943437],[-71.5637828,-9.9380323],[-71.571921,-9.9379699],[-71.5719632,-9.9433745]]]}},{"type":"Feature","id":"AC-Y350-X348","properties":{"id":"AC-Y350-X348","grid_x":348,"grid_y":350,"centroid":[-71.5597347,-9.9407658],"aggregation":"none","score_gradboost":0.0087128,"score_random_forest":0.0349508,"score_logistic_regression":0.0002233,"score_fuzzy_knn_k29":0.0},"geometry":{"type":"Polygon","coordinates":[[[-71.5638249,-9.943437],[-71.5556865,-9.9434993],[-71.5556445,-9.9380946],[-71.5637828,-9.9380323],[-71.5638249,-9.943437]]]}},{"type":"Feature","id":"AC-Y350-X349","properties":{"id":"AC-Y350-X349","grid_x":349,"grid_y":350,"centroid":[-71.5515963,-9.940828],"aggregation":"none","score_gradboost":0.0083688,"score_random_forest":0.0119008,"score_logistic_regression":0.0001683,"score_fuzzy_knn_k29":0.0},"geometry":{"type":"Polygon","coordinates":[[[-71.5556865,-9.9434993],[-71.5475481,-9.9435614],[-71.5475062,-9.9381566],[-71.5556445,-9.9380946],[-71.5556865,-9.9434993]]]}},{"type":"Feature","id":"AC-Y350-X350","properties":{"id":"AC-Y350-X350","grid_x":350,"grid_y":350,"centroid":[-71.543458,-9.94089],"aggregation":"none","score_gradboost":0.0082538,"score_random_forest":0.0066194,"score_logistic_regression":0.0002335,"score_fuzzy_knn_k29":0.0},"geometry":{"type":"Polygon","coordinates":[[[-71.5475481,-9.9435614],[-71.5394096,-9.9436233],[-71.5393679,-9.9382185],[-71.5475062,-9.9381566],[-71.5475481,-9.9435614]]]}},{"type":"Feature","id":"AC-Y350-X351","properties":{"id":"AC-Y350-X351","grid_x":351,"grid_y":350,"centroid":[-71.5353195,-9.9409517],"aggregation":"none","score_gradboost":0.0075249,"score_random_forest":0.002286,"score_logistic_regression":0.0002979,"score_fuzzy_knn_k29":0.0},"geometry":{"type":"Polygon","coordinates":[[[-71.5394096,-9.9436233],[-71.5312711,-9.9436849],[-71.5312295,-9.9382802],[-71.5393679,-9.9382185],[-71.5394096,-9.9436233]]]}},{"type":"Feature","id":"AC-Y350-X352","properties":{"id":"AC-Y350-X352","grid_x":352,"grid_y":350,"centroid":[-71.527181,-9.9410133],"aggregation":"none","score_gradboost":0.0075249,"score_random_forest":0.0075714,"score_logistic_regression":0.0002319,"score_fuzzy_knn_k29":0.0},"geometry":{"type":"Polygon","coordinates":[[[-71.5312711,-9.9436849],[-71.5231325,-9.9437464],[-71.523091,-9.9383416],[-71.5312295,-9.9382802],[-71.5312711,-9.9436849]]]}},{"type":"Feature","id":"AC-Y350-X353","properties":{"id":"AC-Y350-X353","grid_x":353,"grid_y":350,"centroid":[-71.5190424,-9.9410747],"aggregation":"none","score_gradboost":0.0078345,"score_random_forest":0.0062757,"score_logistic_regression":0.0002711,"score_fuzzy_knn_k29":0.0},"geometry":{"type":"Polygon","coordinates":[[[-71.5231325,-9.9437464],[-71.5149938,-9.9438077],[-71.5149525,-9.9384029],[-71.523091,-9.9383416],[-71.5231325,-9.9437464]]]}},{"type":"Feature","id":"AC-Y350-X354","properties":{"id":"AC-Y350-X354","grid_x":354,"grid_y":350,"centroid":[-71.5109038,-9.9411359],"aggregation":"none","score_gradboost":0.0075998,"score_random_forest":0.004344,"score_logistic_regression":0.0003168,"score_fuzzy_knn_k29":0.0},"geometry":{"type":"Polygon","coordinates":[[[-71.5149938,-9.9438077],[-71.5068551,-9.9438688],[-71.5068139,-9.9384639],[-71.5149525,-9.9384029],[-71.5149938,-9.9438077]]]}},{"type":"Feature","id":"AC-Y350-X355","properties":{"id":"AC-Y350-X355","grid_x":355,"grid_y":350,"centroid":[-71.5027652,-9.9411969],"aggregation":"none","score_gradboost":0.0089974,"score_random_forest":0.0079759,"score_logistic_regression":0.0002232,"score_fuzzy_knn_k29":0.0},"geometry":{"type":"Polygon","coordinates":[[[-71.5068551,-9.9438688],[-71.4987164,-9.9439298],[-71.4986753,-9.9385248],[-71.5068139,-9.9384639],[-71.5068551,-9.9438688]]]}},{"type":"Feature","id":"AC-Y350-X356","properties":{"id":"AC-Y350-X356","grid_x":356,"grid_y":350,"centroid":[-71.4946265,-9.9412577],"aggregation":"none","score_gradboost":0.0089974,"score_random_forest":0.0029573,"score_logistic_regression":0.0002867,"score_fuzzy_knn_k29":0.0},"geometry":{"type":"Polygon","coordinates":[[[-71.4987164,-9.9439298],[-71.4905776,-9.9439905],[-71.4905366,-9.9385855],[-71.4986753,-9.9385248],[-71.4987164,-9.9439298]]]}},{"type":"Feature","id":"AC-Y351-X346","properties":{"id":"AC-Y351-X346","grid_x":346,"grid_y":351,"centroid":[-71.5759689,-9.9352363],"aggregation":"none","score_gradboost":0.0080726,"score_random_forest":0.0,"score_logistic_regression":0.0002447,"score_fuzzy_knn_k29":0.0},"geometry":{"type":"Polygon","coordinates":[[[-71.5800591,-9.9379072],[-71.571921,-9.9379699],[-71.5718787,-9.9325653],[-71.5800167,-9.9325026],[-71.5800591,-9.9379072]]]}},{"type":"Feature","id":"AC-Y351-X347","properties":{"id":"AC-Y351-X347","grid_x":347,"grid_y":351,"centroid":[-71.5678308,-9.9352988],"aggregation":"none","score_gradboost":0.0079422,"score_random_forest":0.0007355,"score_logistic_regression":0.0002067,"score_fuzzy_knn_k29":0.0},"geometry":{"type":"Polygon","coordinates":[[[-71.571921,-9.9379699],[-71.5637828,-9.9380323],[-71.5637407,-9.9326277],[-71.5718787,-9.9325653],[-71.571921,-9.9379699]]]}},{"type":"Feature","id":"AC-Y351-X348","properties":{"id":"AC-Y351-X348","grid_x":348,"grid_y":351,"centroid":[-71.5596926,-9.9353611],"aggregation":"none","score_gradboost":0.0075998,"score_random_forest":0.0048328,"score_logistic_regression":0.0002284,"score_fuzzy_knn_k29":0.0},"geometry":{"type":"Polygon","coordinates":[[[-71.5637828,-9.9380323],[-71.5556445,-9.9380946],[-71.5556025,-9.9326899],[-71.5637407,-9.9326277],[-71.5637828,-9.9380323]]]}},{"type":"Feature","id":"AC-Y351-X349","properties":{"id":"AC-Y351-X349","grid_x":349,"grid_y":351,"centroid":[-71.5515544,-9.9354233],"aggregation":"none","score_gradboost":0.0083688,"score_random_forest":0.0203413,"score_logistic_regression":0.0001823,"score_fuzzy_knn_k29":0.0},"geometry":{"type":"Polygon","coordinates":[[[-71.5556445,-9.9380946],[-71.5475062,-9.9381566],[-71.5474644,-9.9327519],[-71.5556025,-9.9326899],[-71.5556445,-9.9380946]]]}},{"type":"Feature","id":"AC-Y351-X350","properties":{"id":"AC-Y351-X350","grid_x":350,"grid_y":351,"centroid":[-71.5434162,-9.9354852],"aggregation":"none","score_gradboost":0.0082538,"score_random_forest":0.0063581,"score_logistic_regression":0.0002261,"score_fuzzy_knn_k29":0.0},"geometry":{"type":"Polygon","coordinates":[[[-71.5475062,-9.9381566],[-71.5393679,-9.9382185],[-71.5393262,-9.9328137],[-71.5474644,-9.9327519],[-71.5475062,-9.9381566]]]}},{"type":"Feature","id":"AC-Y351-X351","properties":{"id":"AC-Y351-X351","grid_x":351,"grid_y":351,"centroid":[-71.5352778,-9.935547],"aggregation":"none","score_gradboost":0.0075249,"score_random_forest":0.0004792,"score_logistic_regression":0.0003088,"score_fuzzy_knn_k29":0.0},"geometry":{"type":"Polygon","coordinates":[[[-71.5393679,-9.9382185],[-71.5312295,-9.9382802],[-71.5311879,-9.9328754],[-71.5393262,-9.9328137],[-71.5393679,-9.9382185]]]}},{"type":"Feature","id":"AC-Y351-X352","properties":{"id":"AC-Y351-X352","grid_x":352,"grid_y":351,"centroid":[-71.5271395,-9.9356085],"aggregation":"none","score_gradboost":0.0075249,"score_random_forest":0.0044579,"score_logistic_regression":0.0002431,"score_fuzzy_knn_k29":0.0},"geometry":{"type":"Polygon","coordinates":[[[-71.5312295,-9.9382802],[-71.523091,-9.9383416],[-71.5230496,-9.9329368],[-71.5311879,-9.9328754],[-71.5312295,-9.9382802]]]}},{"type":"Feature","id":"AC-Y351-X353","properties":{"id":"AC-Y351-X353","grid_x":353,"grid_y":351,"centroid":[-71.5190011,-9.9356698],"aggregation":"none","score_gradboost":0.0078345,"score_random_forest":0.0101661,"score_logistic_regression":0.0002664,"score_fuzzy_knn_k29":0.0},"geometry":{"type":"Polygon","coordinates":[[[-71.523091,-9.9383416],[-71.5149525,-9.9384029],[-71.5149112,-9.932998],[-71.5230496,-9.9329368],[-71.523091,-9.9383416]]]}},{"type":"Feature","id":"AC-Y351-X354","properties":{"id":"AC-Y351-X354","grid_x":354,"grid_y":351,"centroid":[-71.5108626,-9.935731],"aggregation":"none","score_gradboost":0.0078345,"score_random_forest":0.010024,"score_logistic_regression":0.0002783,"score_fuzzy_knn_k29":0.0},"geometry":{"type":"Polygon","coordinates":[[[-71.5149525,-9.9384029],[-71.5068139,-9.9384639],[-71.5067727,-9.933059],[-71.5149112,-9.932998],[-71.5149525,-9.9384029]]]}},{"type":"Feature","id":"AC-Y351-X355","properties":{"id":"AC-Y351-X355","grid_x":355,"grid_y":351,"centroid":[-71.5027241,-9.935792],"aggregation":"none","score_gradboost":0.0076667,"score_random_forest":0.0007155,"score_logistic_regression":0.000254,"score_fuzzy_knn_k29":0.0},"geometry":{"type":"Polygon","coordinates":[[[-71.5068139,-9.9384639],[-71.4986753,-9.9385248],[-71.4986343,-9.9331199],[-71.5067727,-9.933059],[-71.5068139,-9.9384639]]]}},{"type":"Feature","id":"AC-Y351-X356","properties":{"id":"AC-Y351-X356","grid_x":356,"grid_y":351,"centroid":[-71.4945855,-9.9358527],"aggregation":"none","score_gradboost":0.0089974,"score_random_forest":0.0251275,"score_logistic_regression":0.0002789,"score_fuzzy_knn_k29":0.0},"geometry":{"type":"Polygon","coordinates":[[[-71.4986753,-9.9385248],[-71.4905366,-9.9385855],[-71.4904957,-9.9331805],[-71.4986343,-9.9331199],[-71.4986753,-9.9385248]]]}},{"type":"Feature","id":"AC-Y351-X357","properties":{"id":"AC-Y351-X357","grid_x":357,"grid_y":351,"centroid":[-71.4864468,-9.9359133],"aggregation":"none","score_gradboost":0.0089974,"score_random_forest":0.0102058,"score_logistic_regression":0.000231,"score_fuzzy_knn_k29":0.0},"geometry":{"type":"Polygon","coordinates":[[[-71.4905366,-9.9385855],[-71.4823979,-9.938646],[-71.4823571,-9.933241],[-71.4904957,-9.9331805],[-71.4905366,-9.9385855]]]}},{"type":"Feature","id":"AC-Y351-X358","properties":{"id":"AC-Y351-X358","grid_x":358,"grid_y":351,"centroid":[-71.4783082,-9.9359736],"aggregation":"none","score_gradboost":0.0071953,"score_random_forest":0.0019077,"score_logistic_regression":0.0002002,"score_fuzzy_knn_k29":0.0},"geometry":{"type":"Polygon","coordinates":[[[-71.4823979,-9.938646],[-71.4742591,-9.9387062],[-71.4742185,-9.9333012],[-71.4823571,-9.933241],[-71.4823979,-9.938646]]]}},{"type":"Feature","id":"AC-Y352-X346","properties":{"id":"AC-Y352-X346","grid_x":346,"grid_y":352,"centroid":[-71.5759266,-9.9298317],"aggregation":"none","score_gradboost":0.0080726,"score_random_forest":0.0018199,"score_logistic_regression":0.0002469,"score_fuzzy_knn_k29":0.0},"geometry":{"type":"Polygon","coordinates":[[[-71.5800167,-9.9325026],[-71.5718787,-9.9325652],[-71.5718365,-9.9271606],[-71.5799744,-9.927098],[-71.5800167,-9.9325026]]]}},{"type":"Feature","id":"AC-Y352-X347","properties":{"id":"AC-Y352-X347","grid_x":347,"grid_y":352,"centroid":[-71.5677886,-9.9298942],"aggregation":"none","score_gradboost":0.0064545,"score_random_forest":0.0050703,"score_logistic_regression":0.0001683,"score_fuzzy_knn_k29":0.0},"geometry":{"type":"Polygon","coordinates":[[[-71.5718787,-9.9325652],[-71.5637407,-9.9326277],[-71.5636986,-9.927223],[-71.5718365,-9.9271606],[-71.5718787,-9.9325652]]]}},{"type":"Feature","id":"AC-Y352-X348","properties":{"id":"AC-Y352-X348","grid_x":348,"grid_y":352,"centroid":[-71.5596506,-9.9299565],"aggregation":"none","score_gradboost":0.0060759,"score_random_forest":0.0034122,"score_logistic_regression":0.0001544,"score_fuzzy_knn_k29":0.0},"geometry":{"type":"Polygon","coordinates":[[[-71.5637407,-9.9326277],[-71.5556025,-9.9326899],[-71.5555606,-9.9272852],[-71.5636986,-9.927223],[-71.5637407,-9.9326277]]]}},{"type":"Feature","id":"AC-Y352-X349","properties":{"id":"AC-Y352-X349","grid_x":349,"grid_y":352,"centroid":[-71.5515125,-9.9300186],"aggregation":"none","score_gradboost":0.0083688,"score_random_forest":0.0465466,"score_logistic_regression":0.0001587,"score_fuzzy_knn_k29":0.0},"geometry":{"type":"Polygon","coordinates":[[[-71.5556025,-9.9326899],[-71.5474644,-9.9327519],[-71.5474226,-9.9273472],[-71.5555606,-9.9272852],[-71.5556025,-9.9326899]]]}},{"type":"Feature","id":"AC-Y352-X350","properties":{"id":"AC-Y352-X350","grid_x":350,"grid_y":352,"centroid":[-71.5433744,-9.9300805],"aggregation":"none","score_gradboost":0.0083688,"score_random_forest":0.0,"score_logistic_regression":0.0001828,"score_fuzzy_knn_k29":0.0},"geometry":{"type":"Polygon","coordinates":[[[-71.5474644,-9.9327519],[-71.5393262,-9.9328137],[-71.5392845,-9.927409],[-71.5474226,-9.9273472],[-71.5474644,-9.9327519]]]}},{"type":"Feature","id":"AC-Y352-X351","properties":{"id":"AC-Y352-X351","grid_x":351,"grid_y":352,"centroid":[-71.5352362,-9.9301422],"aggregation":"none","score_gradboost":0.0082538,"score_random_forest":0.0078088,"score_logistic_regression":0.0002424,"score_fuzzy_knn_k29":0.0},"geometry":{"type":"Polygon","coordinates":[[[-71.5393262,-9.9328137],[-71.5311879,-9.9328754],[-71.5311463,-9.9274706],[-71.5392845,-9.927409],[-71.5393262,-9.9328137]]]}},{"type":"Feature","id":"AC-Y352-X352","properties":{"id":"AC-Y352-X352","grid_x":352,"grid_y":352,"centroid":[-71.527098,-9.9302037],"aggregation":"none","score_gradboost":0.0075249,"score_random_forest":0.0029939,"score_logistic_regression":0.0003126,"score_fuzzy_knn_k29":0.0},"geometry":{"type":"Polygon","coordinates":[[[-71.5311879,-9.9328754],[-71.5230496,-9.9329368],[-71.5230081,-9.9275319],[-71.5311463,-9.9274706],[-71.5311879,-9.9328754]]]}},{"type":"Feature","id":"AC-Y352-X353","properties":{"id":"AC-Y352-X353","grid_x":353,"grid_y":352,"centroid":[-71.5189597,-9.930265],"aggregation":"none","score_gradboost":0.0075249,"score_random_forest":0.0027873,"score_logistic_regression":0.0002403,"score_fuzzy_knn_k29":0.0},"geometry":{"type":"Polygon","coordinates":[[[-71.5230496,-9.9329368],[-71.5149112,-9.932998],[-71.5148699,-9.9275931],[-71.5230081,-9.9275319],[-71.5230496,-9.9329368]]]}},{"type":"Feature","id":"AC-Y352-X354","properties":{"id":"AC-Y352-X354","grid_x":354,"grid_y":352,"centroid":[-71.5108213,-9.9303261],"aggregation":"none","score_gradboost":0.0078345,"score_random_forest":0.0065262,"score_logistic_regression":0.0002825,"score_fuzzy_knn_k29":0.0},"geometry":{"type":"Polygon","coordinates":[[[-71.5149112,-9.932998],[-71.5067727,-9.933059],[-71.5067316,-9.9276541],[-71.5148699,-9.9275931],[-71.5149112,-9.932998]]]}},{"type":"Feature","id":"AC-Y352-X355","properties":{"id":"AC-Y352-X355","grid_x":355,"grid_y":352,"centroid":[-71.502683,-9.930387],"aggregation":"none","score_gradboost":0.0075998,"score_random_forest":0.0217159,"score_logistic_regression":0.0002982,"score_fuzzy_knn_k29":0.0},"geometry":{"type":"Polygon","coordinates":[[[-71.5067727,-9.933059],[-71.4986343,-9.9331199],[-71.4985932,-9.9277149],[-71.5067316,-9.9276541],[-71.5067727,-9.933059]]]}},{"type":"Feature","id":"AC-Y352-X356","properties":{"id":"AC-Y352-X356","grid_x":356,"grid_y":352,"centroid":[-71.4945445,-9.9304478],"aggregation":"none","score_gradboost":0.0076667,"score_random_forest":0.0119325,"score_logistic_regression":0.0002697,"score_fuzzy_knn_k29":0.0},"geometry":{"type":"Polygon","coordinates":[[[-71.4986343,-9.9331199],[-71.4904957,-9.9331805],[-71.4904548,-9.9277756],[-71.4985932,-9.9277149],[-71.4986343,-9.9331199]]]}},{"type":"Feature","id":"AC-Y352-X357","properties":{"id":"AC-Y352-X357","grid_x":357,"grid_y":352,"centroid":[-71.486406,-9.9305083],"aggregation":"none","score_gradboost":0.0071953,"score_random_forest":0.0044032,"score_logistic_regression":0.0001914,"score_fuzzy_knn_k29":0.0},"geometry":{"type":"Polygon","coordinates":[[[-71.4904957,-9.9331805],[-71.4823571,-9.933241],[-71.4823164,-9.927836],[-71.4904548,-9.9277756],[-71.4904957,-9.9331805]]]}},{"type":"Feature","id":"AC-Y352-X358","properties":{"id":"AC-Y352-X358","grid_x":358,"grid_y":352,"centroid":[-71.4782675,-9.9305686],"aggregation":"none","score_gradboost":0.0089974,"score_random_forest":0.0105261,"score_logistic_regression":0.000236,"score_fuzzy_knn_k29":0.0},"geometry":{"type":"Polygon","coordinates":[[[-71.4823571,-9.933241],[-71.4742185,-9.9333012],[-71.4741779,-9.9278962],[-71.4823164,-9.927836],[-71.4823571,-9.933241]]]}},{"type":"Feature","id":"AC-Y353-X346","properties":{"id":"AC-Y353-X346","grid_x":346,"grid_y":353,"centroid":[-71.5758843,-9.9244271],"aggregation":"none","score_gradboost":0.0064545,"score_random_forest":0.0,"score_logistic_regression":0.0001548,"score_fuzzy_knn_k29":0.0},"geometry":{"type":"Polygon","coordinates":[[[-71.5799744,-9.927098],[-71.5718365,-9.9271606],[-71.5717943,-9.921756],[-71.579932,-9.9216934],[-71.5799744,-9.927098]]]}},{"type":"Feature","id":"AC-Y353-X347","properties":{"id":"AC-Y353-X347","grid_x":347,"grid_y":353,"centroid":[-71.5677465,-9.9244895],"aggregation":"none","score_gradboost":0.0064545,"score_random_forest":0.0050703,"score_logistic_regression":0.000159,"score_fuzzy_knn_k29":0.0},"geometry":{"type":"Polygon","coordinates":[[[-71.5718365,-9.9271606],[-71.5636986,-9.927223],[-71.5636565,-9.9218183],[-71.5717943,-9.921756],[-71.5718365,-9.9271606]]]}},{"type":"Feature","id":"AC-Y353-X348","properties":{"id":"AC-Y353-X348","grid_x":348,"grid_y":353,"centroid":[-71.5596086,-9.9245518],"aggregation":"none","score_gradboost":0.0075998,"score_random_forest":0.0055464,"score_logistic_regression":0.0001882,"score_fuzzy_knn_k29":0.0},"geometry":{"type":"Polygon","coordinates":[[[-71.5636986,-9.927223],[-71.5555606,-9.9272852],[-71.5555187,-9.9218805],[-71.5636565,-9.9218183],[-71.5636986,-9.927223]]]}},{"type":"Feature","id":"AC-Y353-X349","properties":{"id":"AC-Y353-X349","grid_x":349,"grid_y":353,"centroid":[-71.5514706,-9.9246138],"aggregation":"none","score_gradboost":0.0083688,"score_random_forest":0.0264342,"score_logistic_regression":0.0001702,"score_fuzzy_knn_k29":0.0},"geometry":{"type":"Polygon","coordinates":[[[-71.5555606,-9.9272852],[-71.5474226,-9.9273472],[-71.5473808,-9.9219424],[-71.5555187,-9.9218805],[-71.5555606,-9.9272852]]]}},{"type":"Feature","id":"AC-Y353-X350","properties":{"id":"AC-Y353-X350","grid_x":350,"grid_y":353,"centroid":[-71.5433326,-9.9246757],"aggregation":"none","score_gradboost":0.0082538,"score_random_forest":0.0053539,"score_logistic_regression":0.0002676,"score_fuzzy_knn_k29":0.0},"geometry":{"type":"Polygon","coordinates":[[[-71.5474226,-9.9273472],[-71.5392845,-9.927409],[-71.5392428,-9.9220042],[-71.5473808,-9.9219424],[-71.5474226,-9.9273472]]]}},{"type":"Feature","id":"AC-Y353-X351","properties":{"id":"AC-Y353-X351","grid_x":351,"grid_y":353,"centroid":[-71.5351946,-9.9247374],"aggregation":"none","score_gradboost":0.0082538,"score_random_forest":0.0056055,"score_logistic_regression":0.0002316,"score_fuzzy_knn_k29":0.0},"geometry":{"type":"Polygon","coordinates":[[[-71.5392845,-9.927409],[-71.5311463,-9.9274706],[-71.5311048,-9.9220658],[-71.5392428,-9.9220042],[-71.5392845,-9.927409]]]}},{"type":"Feature","id":"AC-Y353-X352","properties":{"id":"AC-Y353-X352","grid_x":352,"grid_y":353,"centroid":[-71.5270565,-9.9247989],"aggregation":"none","score_gradboost":0.0075249,"score_random_forest":0.0026093,"score_logistic_regression":0.0003686,"score_fuzzy_knn_k29":0.0},"geometry":{"type":"Polygon","coordinates":[[[-71.5311463,-9.9274706],[-71.5230081,-9.9275319],[-71.5229667,-9.9221271],[-71.5311048,-9.9220658],[-71.5311463,-9.9274706]]]}},{"type":"Feature","id":"AC-Y353-X353","properties":{"id":"AC-Y353-X353","grid_x":353,"grid_y":353,"centroid":[-71.5189183,-9.9248601],"aggregation":"none","score_gradboost":0.0075249,"score_random_forest":0.0004792,"score_logistic_regression":0.0002926,"score_fuzzy_knn_k29":0.0},"geometry":{"type":"Polygon","coordinates":[[[-71.5230081,-9.9275319],[-71.5148699,-9.9275931],[-71.5148286,-9.9221883],[-71.5229667,-9.9221271],[-71.5230081,-9.9275319]]]}},{"type":"Feature","id":"AC-Y353-X354","properties":{"id":"AC-Y353-X354","grid_x":354,"grid_y":353,"centroid":[-71.5107801,-9.9249212],"aggregation":"none","score_gradboost":0.0075249,"score_random_forest":0.0050972,"score_logistic_regression":0.0003318,"score_fuzzy_knn_k29":0.0},"geometry":{"type":"Polygon","coordinates":[[[-71.5148699,-9.9275931],[-71.5067316,-9.9276541],[-71.5066904,-9.9222492],[-71.5148286,-9.9221883],[-71.5148699,-9.9275931]]]}},{"type":"Feature","id":"AC-Y353-X355","properties":{"id":"AC-Y353-X355","grid_x":355,"grid_y":353,"centroid":[-71.5026419,-9.9249821],"aggregation":"none","score_gradboost":0.0078345,"score_random_forest":0.0045343,"score_logistic_regression":0.0002907,"score_fuzzy_knn_k29":0.0},"geometry":{"type":"Polygon","coordinates":[[[-71.5067316,-9.9276541],[-71.4985932,-9.9277149],[-71.4985522,-9.92231],[-71.5066904,-9.9222492],[-71.5067316,-9.9276541]]]}},{"type":"Feature","id":"AC-Y353-X356","properties":{"id":"AC-Y353-X356","grid_x":356,"grid_y":353,"centroid":[-71.4945036,-9.9250428],"aggregation":"none","score_gradboost":0.0060759,"score_random_forest":0.0005216,"score_logistic_regression":0.0001909,"score_fuzzy_knn_k29":0.0},"geometry":{"type":"Polygon","coordinates":[[[-71.4985932,-9.9277149],[-71.4904548,-9.9277756],[-71.490414,-9.9223706],[-71.4985522,-9.92231],[-71.4985932,-9.9277149]]]}},{"type":"Feature","id":"AC-Y353-X357","properties":{"id":"AC-Y353-X357","grid_x":357,"grid_y":353,"centroid":[-71.4863652,-9.9251033],"aggregation":"none","score_gradboost":0.0076667,"score_random_forest":0.0061924,"score_logistic_regression":0.0002201,"score_fuzzy_knn_k29":0.0},"geometry":{"type":"Polygon","coordinates":[[[-71.4904548,-9.9277756],[-71.4823164,-9.927836],[-71.4822756,-9.922431],[-71.490414,-9.9223706],[-71.4904548,-9.9277756]]]}},{"type":"Feature","id":"AC-Y353-X358","properties":{"id":"AC-Y353-X358","grid_x":358,"grid_y":353,"centroid":[-71.4782268,-9.9251636],"aggregation":"none","score_gradboost":0.0077442,"score_random_forest":0.0028114,"score_logistic_regression":0.0002821,"score_fuzzy_knn_k29":0.0},"geometry":{"type":"Polygon","coordinates":[[[-71.4823164,-9.927836],[-71.4741779,-9.9278962],[-71.4741373,-9.9224911],[-71.4822756,-9.922431],[-71.4823164,-9.927836]]]}},{"type":"Feature","id":"AC-Y354-X346","properties":{"id":"AC-Y354-X346","grid_x":346,"grid_y":354,"centroid":[-71.5758421,-9.9190224],"aggregation":"none","score_gradboost":0.0080726,"score_random_forest":0.0103436,"score_logistic_regression":0.0002091,"score_fuzzy_knn_k29":0.0},"geometry":{"type":"Polygon","coordinates":[[[-71.579932,-9.9216934],[-71.5717943,-9.921756],[-71.5717521,-9.9163514],[-71.5798897,-9.9162889],[-71.579932,-9.9216934]]]}},{"type":"Feature","id":"AC-Y354-X347","properties":{"id":"AC-Y354-X347","grid_x":347,"grid_y":354,"centroid":[-71.5677044,-9.9190849],"aggregation":"none","score_gradboost":0.0064545,"score_random_forest":0.0069892,"score_logistic_regression":0.0001664,"score_fuzzy_knn_k29":0.0},"geometry":{"type":"Polygon","coordinates":[[[-71.5717943,-9.921756],[-71.5636565,-9.9218183],[-71.5636145,-9.9164137],[-71.5717521,-9.9163514],[-71.5717943,-9.921756]]]}},{"type":"Feature","id":"AC-Y354-X348","properties":{"id":"AC-Y354-X348","grid_x":348,"grid_y":354,"centroid":[-71.5595666,-9.9191471],"aggregation":"none","score_gradboost":0.0060759,"score_random_forest":0.0164824,"score_logistic_regression":0.0001506,"score_fuzzy_knn_k29":0.0},"geometry":{"type":"Polygon","coordinates":[[[-71.5636565,-9.9218183],[-71.5555187,-9.9218805],[-71.5554767,-9.9164758],[-71.5636145,-9.9164137],[-71.5636565,-9.9218183]]]}},{"type":"Feature","id":"AC-Y354-X349","properties":{"id":"AC-Y354-X349","grid_x":349,"grid_y":354,"centroid":[-71.5514288,-9.9192091],"aggregation":"none","score_gradboost":0.0087128,"score_random_forest":0.031915,"score_logistic_regression":0.0002373,"score_fuzzy_knn_k29":0.0},"geometry":{"type":"Polygon","coordinates":[[[-71.5555187,-9.9218805],[-71.5473808,-9.9219424],[-71.547339,-9.9165377],[-71.5554767,-9.9164758],[-71.5555187,-9.9218805]]]}},{"type":"Feature","id":"AC-Y354-X350","properties":{"id":"AC-Y354-X350","grid_x":350,"grid_y":354,"centroid":[-71.5432909,-9.919271],"aggregation":"none","score_gradboost":0.0083688,"score_random_forest":0.0066146,"score_logistic_regression":0.0001769,"score_fuzzy_knn_k29":0.0},"geometry":{"type":"Polygon","coordinates":[[[-71.5473808,-9.9219424],[-71.5392428,-9.9220042],[-71.5392012,-9.9165994],[-71.547339,-9.9165377],[-71.5473808,-9.9219424]]]}},{"type":"Feature","id":"AC-Y354-X351","properties":{"id":"AC-Y354-X351","grid_x":351,"grid_y":354,"centroid":[-71.535153,-9.9193326],"aggregation":"none","score_gradboost":0.0083688,"score_random_forest":0.0086229,"score_logistic_regression":0.0001577,"score_fuzzy_knn_k29":0.0},"geometry":{"type":"Polygon","coordinates":[[[-71.5392428,-9.9220042],[-71.5311048,-9.9220658],[-71.5310633,-9.9166609],[-71.5392012,-9.9165994],[-71.5392428,-9.9220042]]]}},{"type":"Feature","id":"AC-Y354-X352","properties":{"id":"AC-Y354-X352","grid_x":352,"grid_y":354,"centroid":[-71.527015,-9.919394],"aggregation":"none","score_gradboost":0.0075249,"score_random_forest":0.0009968,"score_logistic_regression":0.0003954,"score_fuzzy_knn_k29":0.0},"geometry":{"type":"Polygon","coordinates":[[[-71.5311048,-9.9220658],[-71.5229667,-9.9221271],[-71.5229253,-9.9167223],[-71.5310633,-9.9166609],[-71.5311048,-9.9220658]]]}},{"type":"Feature","id":"AC-Y354-X353","properties":{"id":"AC-Y354-X353","grid_x":353,"grid_y":354,"centroid":[-71.518877,-9.9194553],"aggregation":"none","score_gradboost":0.0075249,"score_random_forest":0.0037178,"score_logistic_regression":0.0003598,"score_fuzzy_knn_k29":0.0},"geometry":{"type":"Polygon","coordinates":[[[-71.5229667,-9.9221271],[-71.5148286,-9.9221883],[-71.5147874,-9.9167834],[-71.5229253,-9.9167223],[-71.5229667,-9.9221271]]]}},{"type":"Feature","id":"AC-Y354-X354","properties":{"id":"AC-Y354-X354","grid_x":354,"grid_y":354,"centroid":[-71.5107389,-9.9195163],"aggregation":"none","score_gradboost":0.0075249,"score_random_forest":0.0023389,"score_logistic_regression":0.0003553,"score_fuzzy_knn_k29":0.0},"geometry":{"type":"Polygon","coordinates":[[[-71.5148286,-9.9221883],[-71.5066904,-9.9222492],[-71.5066493,-9.9168443],[-71.5147874,-9.9167834],[-71.5148286,-9.9221883]]]}},{"type":"Feature","id":"AC-Y354-X355","properties":{"id":"AC-Y354-X355","grid_x":355,"grid_y":354,"centroid":[-71.5026008,-9.9195772],"aggregation":"none","score_gradboost":0.0075249,"score_random_forest":0.0067743,"score_logistic_regression":0.0002176,"score_fuzzy_knn_k29":0.0},"geometry":{"type":"Polygon","coordinates":[[[-71.5066904,-9.9222492],[-71.4985522,-9.92231],[-71.4985112,-9.9169051],[-71.5066493,-9.9168443],[-71.5066904,-9.9222492]]]}},{"type":"Feature","id":"AC-Y354-X356","properties":{"id":"AC-Y354-X356","grid_x":356,"grid_y":354,"centroid":[-71.4944626,-9.9196378],"aggregation":"none","score_gradboost":0.0062638,"score_random_forest":0.007802,"score_logistic_regression":0.0001822,"score_fuzzy_knn_k29":0.0},"geometry":{"type":"Polygon","coordinates":[[[-71.4985522,-9.92231],[-71.490414,-9.9223706],[-71.4903731,-9.9169656],[-71.4985112,-9.9169051],[-71.4985522,-9.92231]]]}},{"type":"Feature","id":"AC-Y354-X357","properties":{"id":"AC-Y354-X357","grid_x":357,"grid_y":354,"centroid":[-71.4863244,-9.9196983],"aggregation":"none","score_gradboost":0.0060759,"score_random_forest":0.0010043,"score_logistic_regression":0.0001935,"score_fuzzy_knn_k29":0.0},"geometry":{"type":"Polygon","coordinates":[[[-71.490414,-9.9223706],[-71.4822756,-9.922431],[-71.4822349,-9.917026],[-71.4903731,-9.9169656],[-71.490414,-9.9223706]]]}},{"type":"Feature","id":"AC-Y354-X358","properties":{"id":"AC-Y354-X358","grid_x":358,"grid_y":354,"centroid":[-71.4781861,-9.9197586],"aggregation":"none","score_gradboost":0.0075998,"score_random_forest":0.0032468,"score_logistic_regression":0.0003053,"score_fuzzy_knn_k29":0.0},"geometry":{"type":"Polygon","coordinates":[[[-71.4822756,-9.922431],[-71.4741373,-9.9224911],[-71.4740967,-9.9170861],[-71.4822349,-9.917026],[-71.4822756,-9.922431]]]}},{"type":"Feature","id":"AC-Y355-X347","properties":{"id":"AC-Y355-X347","grid_x":347,"grid_y":355,"centroid":[-71.5676623,-9.9136802],"aggregation":"none","score_gradboost":0.0064545,"score_random_forest":0.0012451,"score_logistic_regression":0.0001699,"score_fuzzy_knn_k29":0.0},"geometry":{"type":"Polygon","coordinates":[[[-71.5717521,-9.9163514],[-71.5636145,-9.9164137],[-71.5635724,-9.911009],[-71.57171,-9.9109467],[-71.5717521,-9.9163514]]]}},{"type":"Feature","id":"AC-Y355-X348","properties":{"id":"AC-Y355-X348","grid_x":348,"grid_y":355,"centroid":[-71.5595246,-9.9137424],"aggregation":"none","score_gradboost":0.0076667,"score_random_forest":0.0056578,"score_logistic_regression":0.0001961,"score_fuzzy_knn_k29":0.0},"geometry":{"type":"Polygon","coordinates":[[[-71.5636145,-9.9164137],[-71.5554767,-9.9164758],[-71.5554349,-9.9110711],[-71.5635724,-9.911009],[-71.5636145,-9.9164137]]]}},{"type":"Feature","id":"AC-Y355-X349","properties":{"id":"AC-Y355-X349","grid_x":349,"grid_y":355,"centroid":[-71.551387,-9.9138044],"aggregation":"none","score_gradboost":0.0087128,"score_random_forest":0.0340372,"score_logistic_regression":0.0002054,"score_fuzzy_knn_k29":0.0},"geometry":{"type":"Polygon","coordinates":[[[-71.5554767,-9.9164758],[-71.547339,-9.9165377],[-71.5472972,-9.911133],[-71.5554349,-9.9110711],[-71.5554767,-9.9164758]]]}},{"type":"Feature","id":"AC-Y355-X350","properties":{"id":"AC-Y355-X350","grid_x":350,"grid_y":355,"centroid":[-71.5432492,-9.9138662],"aggregation":"none","score_gradboost":0.0083688,"score_random_forest":0.0248223,"score_logistic_regression":0.0001653,"score_fuzzy_knn_k29":0.0},"geometry":{"type":"Polygon","coordinates":[[[-71.547339,-9.9165377],[-71.5392012,-9.9165994],[-71.5391595,-9.9111947],[-71.5472972,-9.911133],[-71.547339,-9.9165377]]]}},{"type":"Feature","id":"AC-Y355-X351","properties":{"id":"AC-Y355-X351","grid_x":351,"grid_y":355,"centroid":[-71.5351114,-9.9139278],"aggregation":"none","score_gradboost":0.0083688,"score_random_forest":0.0032399,"score_logistic_regression":0.0002042,"score_fuzzy_knn_k29":0.0},"geometry":{"type":"Polygon","coordinates":[[[-71.5392012,-9.9165994],[-71.5310633,-9.9166609],[-71.5310218,-9.9112561],[-71.5391595,-9.9111947],[-71.5392012,-9.9165994]]]}},{"type":"Feature","id":"AC-Y355-X352","properties":{"id":"AC-Y355-X352","grid_x":352,"grid_y":355,"centroid":[-71.5269736,-9.9139892],"aggregation":"none","score_gradboost":0.0083688,"score_random_forest":0.0052677,"score_logistic_regression":0.0001574,"score_fuzzy_knn_k29":0.0},"geometry":{"type":"Polygon","coordinates":[[[-71.5310633,-9.9166609],[-71.5229253,-9.9167223],[-71.522884,-9.9113174],[-71.5310218,-9.9112561],[-71.5310633,-9.9166609]]]}},{"type":"Feature","id":"AC-Y355-X353","properties":{"id":"AC-Y355-X353","grid_x":353,"grid_y":355,"centroid":[-71.5188357,-9.9140504],"aggregation":"none","score_gradboost":0.0075249,"score_random_forest":0.0018068,"score_logistic_regression":0.0003966,"score_fuzzy_knn_k29":0.0},"geometry":{"type":"Polygon","coordinates":[[[-71.5229253,-9.9167223],[-71.5147874,-9.9167834],[-71.5147461,-9.9113785],[-71.522884,-9.9113174],[-71.5229253,-9.9167223]]]}},{"type":"Feature","id":"AC-Y355-X354","properties":{"id":"AC-Y355-X354","grid_x":354,"grid_y":355,"centroid":[-71.5106978,-9.9141114],"aggregation":"none","score_gradboost":0.0075249,"score_random_forest":0.0029939,"score_logistic_regression":0.0003815,"score_fuzzy_knn_k29":0.0},"geometry":{"type":"Polygon","coordinates":[[[-71.5147874,-9.9167834],[-71.5066493,-9.9168443],[-71.5066082,-9.9114394],[-71.5147461,-9.9113785],[-71.5147874,-9.9167834]]]}},{"type":"Feature","id":"AC-Y355-X355","properties":{"id":"AC-Y355-X355","grid_x":355,"grid_y":355,"centroid":[-71.5025598,-9.9141723],"aggregation":"none","score_gradboost":0.0075249,"score_random_forest":0.0033251,"score_logistic_regression":0.0003129,"score_fuzzy_knn_k29":0.0},"geometry":{"type":"Polygon","coordinates":[[[-71.5066493,-9.9168443],[-71.4985112,-9.9169051],[-71.4984703,-9.9115001],[-71.5066082,-9.9114394],[-71.5066493,-9.9168443]]]}},{"type":"Feature","id":"AC-Y355-X356","properties":{"id":"AC-Y355-X356","grid_x":356,"grid_y":355,"centroid":[-71.4944217,-9.9142329],"aggregation":"none","score_gradboost":0.0060159,"score_random_forest":0.0031463,"score_logistic_regression":0.0001922,"score_fuzzy_knn_k29":0.0},"geometry":{"type":"Polygon","coordinates":[[[-71.4985112,-9.9169051],[-71.4903731,-9.9169656],[-71.4903323,-9.9115606],[-71.4984703,-9.9115001],[-71.4985112,-9.9169051]]]}},{"type":"Feature","id":"AC-Y355-X357","properties":{"id":"AC-Y355-X357","grid_x":357,"grid_y":355,"centroid":[-71.4862836,-9.9142933],"aggregation":"none","score_gradboost":0.0078345,"score_random_forest":0.0025602,"score_logistic_regression":0.0002801,"score_fuzzy_knn_k29":0.0},"geometry":{"type":"Polygon","coordinates":[[[-71.4903731,-9.9169656],[-71.4822349,-9.917026],[-71.4821942,-9.9116209],[-71.4903323,-9.9115606],[-71.4903731,-9.9169656]]]}},{"type":"Feature","id":"AC-Y355-X358","properties":{"id":"AC-Y355-X358","grid_x":358,"grid_y":355,"centroid":[-71.4781455,-9.9143535],"aggregation":"none","score_gradboost":0.0078345,"score_random_forest":0.0046279,"score_logistic_regression":0.0002748,"score_fuzzy_knn_k29":0.0},"geometry":{"type":"Polygon","coordinates":[[[-71.4822349,-9.917026],[-71.4740967,-9.9170861],[-71.4740561,-9.9116811],[-71.4821942,-9.9116209],[-71.4822349,-9.917026]]]}},{"type":"Feature","id":"AC-Y356-X347","properties":{"id":"AC-Y356-X347","grid_x":347,"grid_y":356,"centroid":[-71.5676202,-9.9082756],"aggregation":"none","score_gradboost":0.0080726,"score_random_forest":0.0021136,"score_logistic_regression":0.0002482,"score_fuzzy_knn_k29":0.0},"geometry":{"type":"Polygon","coordinates":[[[-71.57171,-9.9109467],[-71.5635724,-9.911009],[-71.5635304,-9.9056043],[-71.5716678,-9.9055421],[-71.57171,-9.9109467]]]}},{"type":"Feature","id":"AC-Y356-X348","properties":{"id":"AC-Y356-X348","grid_x":348,"grid_y":356,"centroid":[-71.5594827,-9.9083377],"aggregation":"none","score_gradboost":0.00635,"score_random_forest":0.0010942,"score_logistic_regression":0.0001722,"score_fuzzy_knn_k29":0.0},"geometry":{"type":"Polygon","coordinates":[[[-71.5635724,-9.911009],[-71.5554349,-9.9110711],[-71.555393,-9.9056664],[-71.5635304,-9.9056043],[-71.5635724,-9.911009]]]}},{"type":"Feature","id":"AC-Y356-X349","properties":{"id":"AC-Y356-X349","grid_x":349,"grid_y":356,"centroid":[-71.5513451,-9.9083997],"aggregation":"none","score_gradboost":0.0075998,"score_random_forest":0.0043432,"score_logistic_regression":0.0001888,"score_fuzzy_knn_k29":0.0},"geometry":{"type":"Polygon","coordinates":[[[-71.5554349,-9.9110711],[-71.5472972,-9.911133],[-71.5472555,-9.9057282],[-71.555393,-9.9056664],[-71.5554349,-9.9110711]]]}},{"type":"Feature","id":"AC-Y356-X350","properties":{"id":"AC-Y356-X350","grid_x":350,"grid_y":356,"centroid":[-71.5432076,-9.9084615],"aggregation":"none","score_gradboost":0.0087128,"score_random_forest":0.0378573,"score_logistic_regression":0.0002174,"score_fuzzy_knn_k29":0.0},"geometry":{"type":"Polygon","coordinates":[[[-71.5472972,-9.911133],[-71.5391595,-9.9111947],[-71.5391179,-9.9057899],[-71.5472555,-9.9057282],[-71.5472972,-9.911133]]]}},{"type":"Feature","id":"AC-Y356-X351","properties":{"id":"AC-Y356-X351","grid_x":351,"grid_y":356,"centroid":[-71.5350699,-9.908523],"aggregation":"none","score_gradboost":0.0083688,"score_random_forest":0.0110414,"score_logistic_regression":0.0001657,"score_fuzzy_knn_k29":0.0},"geometry":{"type":"Polygon","coordinates":[[[-71.5391595,-9.9111947],[-71.5310218,-9.9112561],[-71.5309803,-9.9058513],[-71.5391179,-9.9057899],[-71.5391595,-9.9111947]]]}},{"type":"Feature","id":"AC-Y356-X352","properties":{"id":"AC-Y356-X352","grid_x":352,"grid_y":356,"centroid":[-71.5269322,-9.9085844],"aggregation":"none","score_gradboost":0.0098447,"score_random_forest":0.0110667,"score_logistic_regression":0.0002758,"score_fuzzy_knn_k29":0.0},"geometry":{"type":"Polygon","coordinates":[[[-71.5310218,-9.9112561],[-71.522884,-9.9113174],[-71.5228427,-9.9059126],[-71.5309803,-9.9058513],[-71.5310218,-9.9112561]]]}},{"type":"Feature","id":"AC-Y356-X353","properties":{"id":"AC-Y356-X353","grid_x":353,"grid_y":356,"centroid":[-71.5187944,-9.9086456],"aggregation":"none","score_gradboost":0.0089765,"score_random_forest":0.0061446,"score_logistic_regression":0.0004517,"score_fuzzy_knn_k29":0.0},"geometry":{"type":"Polygon","coordinates":[[[-71.522884,-9.9113174],[-71.5147461,-9.9113785],[-71.514705,-9.9059737],[-71.5228427,-9.9059126],[-71.522884,-9.9113174]]]}},{"type":"Feature","id":"AC-Y356-X354","properties":{"id":"AC-Y356-X354","grid_x":354,"grid_y":356,"centroid":[-71.5106566,-9.9087066],"aggregation":"none","score_gradboost":0.0075249,"score_random_forest":0.0023429,"score_logistic_regression":0.0003584,"score_fuzzy_knn_k29":0.0},"geometry":{"type":"Polygon","coordinates":[[[-71.5147461,-9.9113785],[-71.5066082,-9.9114394],[-71.5065672,-9.9060345],[-71.514705,-9.9059737],[-71.5147461,-9.9113785]]]}},{"type":"Feature","id":"AC-Y356-X355","properties":{"id":"AC-Y356-X355","grid_x":355,"grid_y":356,"centroid":[-71.5025188,-9.9087673],"aggregation":"none","score_gradboost":0.0075249,"score_random_forest":0.0,"score_logistic_regression":0.000266,"score_fuzzy_knn_k29":0.0},"geometry":{"type":"Polygon","coordinates":[[[-71.5066082,-9.9114394],[-71.4984703,-9.9115001],[-71.4984294,-9.9060952],[-71.5065672,-9.9060345],[-71.5066082,-9.9114394]]]}},{"type":"Feature","id":"AC-Y356-X356","properties":{"id":"AC-Y356-X356","grid_x":356,"grid_y":356,"centroid":[-71.4943809,-9.9088279],"aggregation":"none","score_gradboost":0.0075249,"score_random_forest":0.0013324,"score_logistic_regression":0.0002704,"score_fuzzy_knn_k29":0.0},"geometry":{"type":"Polygon","coordinates":[[[-71.4984703,-9.9115001],[-71.4903323,-9.9115606],[-71.4902915,-9.9061557],[-71.4984294,-9.9060952],[-71.4984703,-9.9115001]]]}},{"type":"Feature","id":"AC-Y356-X357","properties":{"id":"AC-Y356-X357","grid_x":357,"grid_y":356,"centroid":[-71.4862429,-9.9088883],"aggregation":"none","score_gradboost":0.0075249,"score_random_forest":0.0022061,"score_logistic_regression":0.0003216,"score_fuzzy_knn_k29":0.0},"geometry":{"type":"Polygon","coordinates":[[[-71.4903323,-9.9115606],[-71.4821942,-9.9116209],[-71.4821536,-9.9062159],[-71.4902915,-9.9061557],[-71.4903323,-9.9115606]]]}},{"type":"Feature","id":"AC-Y356-X358","properties":{"id":"AC-Y356-X358","grid_x":358,"grid_y":356,"centroid":[-71.4781049,-9.9089485],"aggregation":"none","score_gradboost":0.0075249,"score_random_forest":0.0006041,"score_logistic_regression":0.0002932,"score_fuzzy_knn_k29":0.0},"geometry":{"type":"Polygon","coordinates":[[[-71.4821942,-9.9116209],[-71.4740561,-9.9116811],[-71.4740156,-9.906276],[-71.4821536,-9.9062159],[-71.4821942,-9.9116209]]]}},{"type":"Feature","id":"AC-Y357-X348","properties":{"id":"AC-Y357-X348","grid_x":348,"grid_y":357,"centroid":[-71.5594408,-9.902933],"aggregation":"none","score_gradboost":0.0080726,"score_random_forest":0.0217626,"score_logistic_regression":0.000213,"score_fuzzy_knn_k29":0.0},"geometry":{"type":"Polygon","coordinates":[[[-71.5635304,-9.9056043],[-71.555393,-9.9056664],[-71.5553512,-9.9002617],[-71.5634885,-9.9001997],[-71.5635304,-9.9056043]]]}},{"type":"Feature","id":"AC-Y357-X349","properties":{"id":"AC-Y357-X349","grid_x":349,"grid_y":357,"centroid":[-71.5513034,-9.902995],"aggregation":"none","score_gradboost":0.0077442,"score_random_forest":0.0061325,"score_logistic_regression":0.0002278,"score_fuzzy_knn_k29":0.0},"geometry":{"type":"Polygon","coordinates":[[[-71.555393,-9.9056664],[-71.5472555,-9.9057282],[-71.5472138,-9.9003235],[-71.5553512,-9.9002617],[-71.555393,-9.9056664]]]}},{"type":"Feature","id":"AC-Y357-X350","properties":{"id":"AC-Y357-X350","grid_x":350,"grid_y":357,"centroid":[-71.5431659,-9.9030567],"aggregation":"none","score_gradboost":0.0069672,"score_random_forest":0.0190428,"score_logistic_regression":0.0001385,"score_fuzzy_knn_k29":0.0},"geometry":{"type":"Polygon","coordinates":[[[-71.5472555,-9.9057282],[-71.5391179,-9.9057899],[-71.5390764,-9.9003851],[-71.5472138,-9.9003235],[-71.5472555,-9.9057282]]]}},{"type":"Feature","id":"AC-Y357-X351","properties":{"id":"AC-Y357-X351","grid_x":351,"grid_y":357,"centroid":[-71.5350284,-9.9031182],"aggregation":"none","score_gradboost":0.0083688,"score_random_forest":0.0116764,"score_logistic_regression":0.000169,"score_fuzzy_knn_k29":0.0},"geometry":{"type":"Polygon","coordinates":[[[-71.5391179,-9.9057899],[-71.5309803,-9.9058513],[-71.5309389,-9.9004465],[-71.5390764,-9.9003851],[-71.5391179,-9.9057899]]]}},{"type":"Feature","id":"AC-Y357-X352","properties":{"id":"AC-Y357-X352","grid_x":352,"grid_y":357,"centroid":[-71.5268908,-9.9031796],"aggregation":"none","score_gradboost":0.0083688,"score_random_forest":0.004443,"score_logistic_regression":0.0001774,"score_fuzzy_knn_k29":0.0},"geometry":{"type":"Polygon","coordinates":[[[-71.5309803,-9.9058513],[-71.5228427,-9.9059126],[-71.5228014,-9.9005077],[-71.5309389,-9.9004465],[-71.5309803,-9.9058513]]]}},{"type":"Feature","id":"AC-Y357-X353","properties":{"id":"AC-Y357-X353","grid_x":353,"grid_y":357,"centroid":[-71.5187532,-9.9032407],"aggregation":"none","score_gradboost":0.0082538,"score_random_forest":0.0013916,"score_logistic_regression":0.0002192,"score_fuzzy_knn_k29":0.0},"geometry":{"type":"Polygon","coordinates":[[[-71.5228427,-9.9059126],[-71.514705,-9.9059737],[-71.5146638,-9.9005688],[-71.5228014,-9.9005077],[-71.5228427,-9.9059126]]]}},{"type":"Feature","id":"AC-Y357-X354","properties":{"id":"AC-Y357-X354","grid_x":354,"grid_y":357,"centroid":[-71.5106155,-9.9033017],"aggregation":"none","score_gradboost":0.0075249,"score_random_forest":0.0009968,"score_logistic_regression":0.0003897,"score_fuzzy_knn_k29":0.0},"geometry":{"type":"Polygon","coordinates":[[[-71.514705,-9.9059737],[-71.5065672,-9.9060345],[-71.5065261,-9.9006296],[-71.5146638,-9.9005688],[-71.514705,-9.9059737]]]}},{"type":"Feature","id":"AC-Y357-X355","properties":{"id":"AC-Y357-X355","grid_x":355,"grid_y":357,"centroid":[-71.5024778,-9.9033624],"aggregation":"none","score_gradboost":0.0075249,"score_random_forest":0.0036061,"score_logistic_regression":0.000357,"score_fuzzy_knn_k29":0.0},"geometry":{"type":"Polygon","coordinates":[[[-71.5065672,-9.9060345],[-71.4984294,-9.9060952],[-71.4983885,-9.9006902],[-71.5065261,-9.9006296],[-71.5065672,-9.9060345]]]}},{"type":"Feature","id":"AC-Y357-X356","properties":{"id":"AC-Y357-X356","grid_x":356,"grid_y":357,"centroid":[-71.49434,-9.903423],"aggregation":"none","score_gradboost":0.0075249,"score_random_forest":0.0111166,"score_logistic_regression":0.0002436,"score_fuzzy_knn_k29":0.0},"geometry":{"type":"Polygon","coordinates":[[[-71.4984294,-9.9060952],[-71.4902915,-9.9061557],[-71.4902507,-9.9007507],[-71.4983885,-9.9006902],[-71.4984294,-9.9060952]]]}},{"type":"Feature","id":"AC-Y357-X357","properties":{"id":"AC-Y357-X357","grid_x":357,"grid_y":357,"centroid":[-71.4862022,-9.9034833],"aggregation":"none","score_gradboost":0.0075249,"score_random_forest":0.0029939,"score_logistic_regression":0.0002631,"score_fuzzy_knn_k29":0.0},"geometry":{"type":"Polygon","coordinates":[[[-71.4902915,-9.9061557],[-71.4821536,-9.9062159],[-71.4821129,-9.9008109],[-71.4902507,-9.9007507],[-71.4902915,-9.9061557]]]}},{"type":"Feature","id":"AC-Y357-X358","properties":{"id":"AC-Y357-X358","grid_x":358,"grid_y":357,"centroid":[-71.4780643,-9.9035435],"aggregation":"none","score_gradboost":0.0089765,"score_random_forest":0.0033431,"score_logistic_regression":0.0003711,"score_fuzzy_knn_k29":0.0},"geometry":{"type":"Polygon","coordinates":[[[-71.4821536,-9.9062159],[-71.4740156,-9.906276],[-71.4739751,-9.900871],[-71.4821129,-9.9008109],[-71.4821536,-9.9062159]]]}},{"type":"Feature","id":"AC-Y358-X349","properties":{"id":"AC-Y358-X349","grid_x":349,"grid_y":358,"centroid":[-71.5512616,-9.8975902],"aggregation":"none","score_gradboost":0.00635,"score_random_forest":0.0010942,"score_logistic_regression":0.0001519,"score_fuzzy_knn_k29":0.0},"geometry":{"type":"Polygon","coordinates":[[[-71.5553512,-9.9002617],[-71.5472138,-9.9003235],[-71.5471721,-9.8949187],[-71.5553093,-9.894857],[-71.5553512,-9.9002617]]]}},{"type":"Feature","id":"AC-Y358-X350","properties":{"id":"AC-Y358-X350","grid_x":350,"grid_y":358,"centroid":[-71.5431243,-9.8976519],"aggregation":"none","score_gradboost":0.0075998,"score_random_forest":0.0094194,"score_logistic_regression":0.00022,"score_fuzzy_knn_k29":0.0},"geometry":{"type":"Polygon","coordinates":[[[-71.5472138,-9.9003235],[-71.5390764,-9.9003851],[-71.5390348,-9.8949803],[-71.5471721,-9.8949187],[-71.5472138,-9.9003235]]]}},{"type":"Feature","id":"AC-Y358-X351","properties":{"id":"AC-Y358-X351","grid_x":351,"grid_y":358,"centroid":[-71.5349869,-9.8977134],"aggregation":"none","score_gradboost":0.0083688,"score_random_forest":0.0546172,"score_logistic_regression":0.0001687,"score_fuzzy_knn_k29":0.0},"geometry":{"type":"Polygon","coordinates":[[[-71.5390764,-9.9003851],[-71.5309389,-9.9004465],[-71.5308975,-9.8950417],[-71.5390348,-9.8949803],[-71.5390764,-9.9003851]]]}},{"type":"Feature","id":"AC-Y358-X352","properties":{"id":"AC-Y358-X352","grid_x":352,"grid_y":358,"centroid":[-71.5268495,-9.8977747],"aggregation":"none","score_gradboost":0.0083688,"score_random_forest":0.013377,"score_logistic_regression":0.0001546,"score_fuzzy_knn_k29":0.0},"geometry":{"type":"Polygon","coordinates":[[[-71.5309389,-9.9004465],[-71.5228014,-9.9005077],[-71.5227601,-9.8951029],[-71.5308975,-9.8950417],[-71.5309389,-9.9004465]]]}},{"type":"Feature","id":"AC-Y358-X353","properties":{"id":"AC-Y358-X353","grid_x":353,"grid_y":358,"centroid":[-71.518712,-9.8978359],"aggregation":"none","score_gradboost":0.0075249,"score_random_forest":0.0007711,"score_logistic_regression":0.0003467,"score_fuzzy_knn_k29":0.0},"geometry":{"type":"Polygon","coordinates":[[[-71.5228014,-9.9005077],[-71.5146638,-9.9005688],[-71.5146226,-9.8951639],[-71.5227601,-9.8951029],[-71.5228014,-9.9005077]]]}},{"type":"Feature","id":"AC-Y358-X354","properties":{"id":"AC-Y358-X354","grid_x":354,"grid_y":358,"centroid":[-71.5105744,-9.8978968],"aggregation":"none","score_gradboost":0.0075249,"score_random_forest":0.0010831,"score_logistic_regression":0.0003598,"score_fuzzy_knn_k29":0.0},"geometry":{"type":"Polygon","coordinates":[[[-71.5146638,-9.9005688],[-71.5065261,-9.9006296],[-71.5064851,-9.8952247],[-71.5146226,-9.8951639],[-71.5146638,-9.9005688]]]}},{"type":"Feature","id":"AC-Y358-X355","properties":{"id":"AC-Y358-X355","grid_x":355,"grid_y":358,"centroid":[-71.5024368,-9.8979575],"aggregation":"none","score_gradboost":0.0075249,"score_random_forest":0.0009968,"score_logistic_regression":0.0003873,"score_fuzzy_knn_k29":0.0},"geometry":{"type":"Polygon","coordinates":[[[-71.5065261,-9.9006296],[-71.4983885,-9.9006902],[-71.4983476,-9.8952853],[-71.5064851,-9.8952247],[-71.5065261,-9.9006296]]]}},{"type":"Feature","id":"AC-Y358-X356","properties":{"id":"AC-Y358-X356","grid_x":356,"grid_y":358,"centroid":[-71.4942992,-9.898018],"aggregation":"none","score_gradboost":0.0075249,"score_random_forest":0.0013749,"score_logistic_regression":0.0003445,"score_fuzzy_knn_k29":0.0},"geometry":{"type":"Polygon","coordinates":[[[-71.4983885,-9.9006902],[-71.4902507,-9.9007507],[-71.49021,-9.8953457],[-71.4983476,-9.8952853],[-71.4983885,-9.9006902]]]}},{"type":"Feature","id":"AC-Y358-X357","properties":{"id":"AC-Y358-X357","grid_x":357,"grid_y":358,"centroid":[-71.4861615,-9.8980783],"aggregation":"none","score_gradboost":0.0075249,"score_random_forest":0.0,"score_logistic_regression":0.000371,"score_fuzzy_knn_k29":0.0},"geometry":{"type":"Polygon","coordinates":[[[-71.4902507,-9.9007507],[-71.4821129,-9.9008109],[-71.4820723,-9.8954059],[-71.49021,-9.8953457],[-71.4902507,-9.9007507]]]}},{"type":"Feature","id":"AC-Y358-X358","properties":{"id":"AC-Y358-X358","grid_x":358,"grid_y":358,"centroid":[-71.4780237,-9.8981385],"aggregation":"none","score_gradboost":0.0089765,"score_random_forest":0.0061446,"score_logistic_regression":0.0003966,"score_fuzzy_knn_k29":0.0},"geometry":{"type":"Polygon","coordinates":[[[-71.4821129,-9.9008109],[-71.4739751,-9.900871],[-71.4739346,-9.8954659],[-71.4820723,-9.8954059],[-71.4821129,-9.9008109]]]}},{"type":"Feature","id":"AC-Y359-X349","properties":{"id":"AC-Y359-X349","grid_x":349,"grid_y":359,"centroid":[-71.5512199,-9.8921855],"aggregation":"none","score_gradboost":0.0080726,"score_random_forest":0.0257585,"score_logistic_regression":0.0001925,"score_fuzzy_knn_k29":0.0},"geometry":{"type":"Polygon","coordinates":[[[-71.5553093,-9.894857],[-71.5471721,-9.8949187],[-71.5471305,-9.889514],[-71.5552676,-9.8894522],[-71.5553093,-9.894857]]]}},{"type":"Feature","id":"AC-Y359-X350","properties":{"id":"AC-Y359-X350","grid_x":350,"grid_y":359,"centroid":[-71.5430827,-9.8922472],"aggregation":"none","score_gradboost":0.0075998,"score_random_forest":0.008565,"score_logistic_regression":0.0002259,"score_fuzzy_knn_k29":0.0},"geometry":{"type":"Polygon","coordinates":[[[-71.5471721,-9.8949187],[-71.5390348,-9.8949803],[-71.5389933,-9.8895755],[-71.5471305,-9.889514],[-71.5471721,-9.8949187]]]}},{"type":"Feature","id":"AC-Y359-X351","properties":{"id":"AC-Y359-X351","grid_x":351,"grid_y":359,"centroid":[-71.5349454,-9.8923086],"aggregation":"none","score_gradboost":0.0069672,"score_random_forest":0.0206962,"score_logistic_regression":0.0001487,"score_fuzzy_knn_k29":0.0},"geometry":{"type":"Polygon","coordinates":[[[-71.5390348,-9.8949803],[-71.5308975,-9.8950417],[-71.5308561,-9.8896369],[-71.5389933,-9.8895755],[-71.5390348,-9.8949803]]]}},{"type":"Feature","id":"AC-Y359-X352","properties":{"id":"AC-Y359-X352","grid_x":352,"grid_y":359,"centroid":[-71.5268081,-9.8923699],"aggregation":"none","score_gradboost":0.0078345,"score_random_forest":0.0101869,"score_logistic_regression":0.0003217,"score_fuzzy_knn_k29":0.0},"geometry":{"type":"Polygon","coordinates":[[[-71.5308975,-9.8950417],[-71.5227601,-9.8951029],[-71.5227188,-9.8896981],[-71.5308561,-9.8896369],[-71.5308975,-9.8950417]]]}},{"type":"Feature","id":"AC-Y359-X353","properties":{"id":"AC-Y359-X353","grid_x":353,"grid_y":359,"centroid":[-71.5186708,-9.892431],"aggregation":"none","score_gradboost":0.0075249,"score_random_forest":0.0111484,"score_logistic_regression":0.0002814,"score_fuzzy_knn_k29":0.0},"geometry":{"type":"Polygon","coordinates":[[[-71.5227601,-9.8951029],[-71.5146226,-9.8951639],[-71.5145815,-9.889759],[-71.5227188,-9.8896981],[-71.5227601,-9.8951029]]]}},{"type":"Feature","id":"AC-Y359-X354","properties":{"id":"AC-Y359-X354","grid_x":354,"grid_y":359,"centroid":[-71.5105334,-9.8924919],"aggregation":"none","score_gradboost":0.0075249,"score_random_forest":0.0082462,"score_logistic_regression":0.0002754,"score_fuzzy_knn_k29":0.0},"geometry":{"type":"Polygon","coordinates":[[[-71.5146226,-9.8951639],[-71.5064851,-9.8952247],[-71.5064441,-9.8898198],[-71.5145815,-9.889759],[-71.5146226,-9.8951639]]]}},{"type":"Feature","id":"AC-Y359-X355","properties":{"id":"AC-Y359-X355","grid_x":355,"grid_y":359,"centroid":[-71.5023959,-9.8925526],"aggregation":"none","score_gradboost":0.0089765,"score_random_forest":0.0043399,"score_logistic_regression":0.0004106,"score_fuzzy_knn_k29":0.0},"geometry":{"type":"Polygon","coordinates":[[[-71.5064851,-9.8952247],[-71.4983476,-9.8952853],[-71.4983067,-9.8898803],[-71.5064441,-9.8898198],[-71.5064851,-9.8952247]]]}},{"type":"Feature","id":"AC-Y359-X356","properties":{"id":"AC-Y359-X356","grid_x":356,"grid_y":359,"centroid":[-71.4942584,-9.892613],"aggregation":"none","score_gradboost":0.0075249,"score_random_forest":0.0038005,"score_logistic_regression":0.0003857,"score_fuzzy_knn_k29":0.0},"geometry":{"type":"Polygon","coordinates":[[[-71.4983476,-9.8952853],[-71.49021,-9.8953457],[-71.4901692,-9.8899407],[-71.4983067,-9.8898803],[-71.4983476,-9.8952853]]]}},{"type":"Feature","id":"AC-Y359-X357","properties":{"id":"AC-Y359-X357","grid_x":357,"grid_y":359,"centroid":[-71.4861208,-9.8926733],"aggregation":"none","score_gradboost":0.0089765,"score_random_forest":0.0019787,"score_logistic_regression":0.0004351,"score_fuzzy_knn_k29":0.0},"geometry":{"type":"Polygon","coordinates":[[[-71.49021,-9.8953457],[-71.4820723,-9.8954059],[-71.4820317,-9.8900009],[-71.4901692,-9.8899407],[-71.49021,-9.8953457]]]}},{"type":"Feature","id":"AC-Y359-X358","properties":{"id":"AC-Y359-X358","grid_x":358,"grid_y":359,"centroid":[-71.4779832,-9.8927334],"aggregation":"none","score_gradboost":0.0075249,"score_random_forest":0.0004792,"score_logistic_regression":0.0003055,"score_fuzzy_knn_k29":0.0},"geometry":{"type":"Polygon","coordinates":[[[-71.4820723,-9.8954059],[-71.4739346,-9.8954659],[-71.4738941,-9.8900609],[-71.4820317,-9.8900009],[-71.4820723,-9.8954059]]]}},{"type":"Feature","id":"AC-Y360-X350","properties":{"id":"AC-Y360-X350","grid_x":350,"grid_y":360,"centroid":[-71.5430411,-9.8868424],"aggregation":"none","score_gradboost":0.0079422,"score_random_forest":0.0124475,"score_logistic_regression":0.0002046,"score_fuzzy_knn_k29":0.0},"geometry":{"type":"Polygon","coordinates":[[[-71.5471305,-9.889514],[-71.5389933,-9.8895755],[-71.5389518,-9.8841708],[-71.5470888,-9.8841092],[-71.5471305,-9.889514]]]}},{"type":"Feature","id":"AC-Y360-X351","properties":{"id":"AC-Y360-X351","grid_x":351,"grid_y":360,"centroid":[-71.534904,-9.8869038],"aggregation":"none","score_gradboost":0.0060759,"score_random_forest":0.0040115,"score_logistic_regression":0.0002391,"score_fuzzy_knn_k29":0.0},"geometry":{"type":"Polygon","coordinates":[[[-71.5389933,-9.8895755],[-71.5308561,-9.8896369],[-71.5308147,-9.8842321],[-71.5389518,-9.8841708],[-71.5389933,-9.8895755]]]}},{"type":"Feature","id":"AC-Y360-X352","properties":{"id":"AC-Y360-X352","grid_x":352,"grid_y":360,"centroid":[-71.5267668,-9.8869651],"aggregation":"none","score_gradboost":0.0075998,"score_random_forest":0.0015723,"score_logistic_regression":0.0003236,"score_fuzzy_knn_k29":0.0},"geometry":{"type":"Polygon","coordinates":[[[-71.5308561,-9.8896369],[-71.5227188,-9.8896981],[-71.5226776,-9.8842932],[-71.5308147,-9.8842321],[-71.5308561,-9.8896369]]]}},{"type":"Feature","id":"AC-Y360-X353","properties":{"id":"AC-Y360-X353","grid_x":353,"grid_y":360,"centroid":[-71.5186296,-9.8870261],"aggregation":"none","score_gradboost":0.0062638,"score_random_forest":0.0133277,"score_logistic_regression":0.0002339,"score_fuzzy_knn_k29":0.0},"geometry":{"type":"Polygon","coordinates":[[[-71.5227188,-9.8896981],[-71.5145815,-9.889759],[-71.5145404,-9.8843541],[-71.5226776,-9.8842932],[-71.5227188,-9.8896981]]]}},{"type":"Feature","id":"AC-Y360-X354","properties":{"id":"AC-Y360-X354","grid_x":354,"grid_y":360,"centroid":[-71.5104923,-9.887087],"aggregation":"none","score_gradboost":0.0060159,"score_random_forest":0.0044098,"score_logistic_regression":0.0002214,"score_fuzzy_knn_k29":0.0},"geometry":{"type":"Polygon","coordinates":[[[-71.5145815,-9.889759],[-71.5064441,-9.8898198],[-71.5064032,-9.8844149],[-71.5145404,-9.8843541],[-71.5145815,-9.889759]]]}},{"type":"Feature","id":"AC-Y360-X355","properties":{"id":"AC-Y360-X355","grid_x":355,"grid_y":360,"centroid":[-71.502355,-9.8871476],"aggregation":"none","score_gradboost":0.0060159,"score_random_forest":0.0058006,"score_logistic_regression":0.0002002,"score_fuzzy_knn_k29":0.0},"geometry":{"type":"Polygon","coordinates":[[[-71.5064441,-9.8898198],[-71.4983067,-9.8898803],[-71.4982659,-9.8844754],[-71.5064032,-9.8844149],[-71.5064441,-9.8898198]]]}},{"type":"Feature","id":"AC-Y360-X356","properties":{"id":"AC-Y360-X356","grid_x":356,"grid_y":360,"centroid":[-71.4942176,-9.8872081],"aggregation":"none","score_gradboost":0.0075249,"score_random_forest":0.0013266,"score_logistic_regression":0.0004037,"score_fuzzy_knn_k29":0.0},"geometry":{"type":"Polygon","coordinates":[[[-71.4983067,-9.8898803],[-71.4901692,-9.8899407],[-71.4901285,-9.8845357],[-71.4982659,-9.8844754],[-71.4983067,-9.8898803]]]}},{"type":"Feature","id":"AC-Y360-X357","properties":{"id":"AC-Y360-X357","grid_x":357,"grid_y":360,"centroid":[-71.4860802,-9.8872683],"aggregation":"none","score_gradboost":0.0075249,"score_random_forest":0.0018759,"score_logistic_regression":0.0002574,"score_fuzzy_knn_k29":0.0},"geometry":{"type":"Polygon","coordinates":[[[-71.4901692,-9.8899407],[-71.4820317,-9.8900009],[-71.4819911,-9.8845959],[-71.4901285,-9.8845357],[-71.4901692,-9.8899407]]]}},{"type":"Feature","id":"AC-Y360-X358","properties":{"id":"AC-Y360-X358","grid_x":358,"grid_y":360,"centroid":[-71.4779427,-9.8873284],"aggregation":"none","score_gradboost":0.0089765,"score_random_forest":0.0043399,"score_logistic_regression":0.0003829,"score_fuzzy_knn_k29":0.0},"geometry":{"type":"Polygon","coordinates":[[[-71.4820317,-9.8900009],[-71.4738941,-9.8900609],[-71.4738537,-9.8846558],[-71.4819911,-9.8845959],[-71.4820317,-9.8900009]]]}},{"type":"Feature","id":"AC-Y361-X350","properties":{"id":"AC-Y361-X350","grid_x":350,"grid_y":361,"centroid":[-71.5429995,-9.8814376],"aggregation":"none","score_gradboost":0.0064545,"score_random_forest":0.0,"score_logistic_regression":0.0001458,"score_fuzzy_knn_k29":0.0},"geometry":{"type":"Polygon","coordinates":[[[-71.5470888,-9.8841092],[-71.5389518,-9.8841708],[-71.5389103,-9.878766],[-71.5470472,-9.8787045],[-71.5470888,-9.8841092]]]}},{"type":"Feature","id":"AC-Y361-X351","properties":{"id":"AC-Y361-X351","grid_x":351,"grid_y":361,"centroid":[-71.5348626,-9.881499],"aggregation":"none","score_gradboost":0.0070789,"score_random_forest":0.0042687,"score_logistic_regression":0.0002143,"score_fuzzy_knn_k29":0.0},"geometry":{"type":"Polygon","coordinates":[[[-71.5389518,-9.8841708],[-71.5308147,-9.8842321],[-71.5307734,-9.8788273],[-71.5389103,-9.878766],[-71.5389518,-9.8841708]]]}},{"type":"Feature","id":"AC-Y361-X352","properties":{"id":"AC-Y361-X352","grid_x":352,"grid_y":361,"centroid":[-71.5267255,-9.8815602],"aggregation":"none","score_gradboost":0.0061915,"score_random_forest":0.0023846,"score_logistic_regression":0.0002315,"score_fuzzy_knn_k29":0.0},"geometry":{"type":"Polygon","coordinates":[[[-71.5308147,-9.8842321],[-71.5226776,-9.8842932],[-71.5226364,-9.8788884],[-71.5307734,-9.8788273],[-71.5308147,-9.8842321]]]}},{"type":"Feature","id":"AC-Y361-X353","properties":{"id":"AC-Y361-X353","grid_x":353,"grid_y":361,"centroid":[-71.5185884,-9.8816213],"aggregation":"none","score_gradboost":0.0075998,"score_random_forest":0.0029121,"score_logistic_regression":0.0002573,"score_fuzzy_knn_k29":0.0},"geometry":{"type":"Polygon","coordinates":[[[-71.5226776,-9.8842932],[-71.5145404,-9.8843541],[-71.5144993,-9.8789492],[-71.5226364,-9.8788884],[-71.5226776,-9.8842932]]]}},{"type":"Feature","id":"AC-Y361-X354","properties":{"id":"AC-Y361-X354","grid_x":354,"grid_y":361,"centroid":[-71.5104513,-9.8816821],"aggregation":"none","score_gradboost":0.0078345,"score_random_forest":0.0105328,"score_logistic_regression":0.0002483,"score_fuzzy_knn_k29":0.0},"geometry":{"type":"Polygon","coordinates":[[[-71.5145404,-9.8843541],[-71.5064032,-9.8844149],[-71.5063622,-9.8790099],[-71.5144993,-9.8789492],[-71.5145404,-9.8843541]]]}},{"type":"Feature","id":"AC-Y361-X355","properties":{"id":"AC-Y361-X355","grid_x":355,"grid_y":361,"centroid":[-71.5023141,-9.8817427],"aggregation":"none","score_gradboost":0.0075249,"score_random_forest":0.0049675,"score_logistic_regression":0.0002599,"score_fuzzy_knn_k29":0.0},"geometry":{"type":"Polygon","coordinates":[[[-71.5064032,-9.8844149],[-71.4982659,-9.8844754],[-71.4982251,-9.8790704],[-71.5063622,-9.8790099],[-71.5064032,-9.8844149]]]}},{"type":"Feature","id":"AC-Y361-X356","properties":{"id":"AC-Y361-X356","grid_x":356,"grid_y":361,"centroid":[-71.4941768,-9.8818031],"aggregation":"none","score_gradboost":0.0060159,"score_random_forest":0.0016605,"score_logistic_regression":0.0002135,"score_fuzzy_knn_k29":0.0},"geometry":{"type":"Polygon","coordinates":[[[-71.4982659,-9.8844754],[-71.4901285,-9.8845357],[-71.4900879,-9.8791307],[-71.4982251,-9.8790704],[-71.4982659,-9.8844754]]]}},{"type":"Feature","id":"AC-Y361-X357","properties":{"id":"AC-Y361-X357","grid_x":357,"grid_y":361,"centroid":[-71.4860395,-9.8818633],"aggregation":"none","score_gradboost":0.0075249,"score_random_forest":0.0013324,"score_logistic_regression":0.0002858,"score_fuzzy_knn_k29":0.0},"geometry":{"type":"Polygon","coordinates":[[[-71.4901285,-9.8845357],[-71.4819911,-9.8845959],[-71.4819506,-9.8791908],[-71.4900879,-9.8791307],[-71.4901285,-9.8845357]]]}},{"type":"Feature","id":"AC-Y361-X358","properties":{"id":"AC-Y361-X358","grid_x":358,"grid_y":361,"centroid":[-71.4779022,-9.8819233],"aggregation":"none","score_gradboost":0.0075249,"score_random_forest":0.0013749,"score_logistic_regression":0.0003589,"score_fuzzy_knn_k29":0.0},"geometry":{"type":"Polygon","coordinates":[[[-71.4819911,-9.8845959],[-71.4738537,-9.8846558],[-71.4738133,-9.8792508],[-71.4819506,-9.8791908],[-71.4819911,-9.8845959]]]}},{"type":"Feature","id":"AC-Y362-X351","properties":{"id":"AC-Y362-X351","grid_x":351,"grid_y":362,"centroid":[-71.5348212,-9.8760942],"aggregation":"none","score_gradboost":0.0089974,"score_random_forest":0.0052426,"score_logistic_regression":0.0003539,"score_fuzzy_knn_k29":0.0},"geometry":{"type":"Polygon","coordinates":[[[-71.5389103,-9.878766],[-71.5307734,-9.8788273],[-71.5307321,-9.8734224],[-71.5388689,-9.8733612],[-71.5389103,-9.878766]]]}},{"type":"Feature","id":"AC-Y362-X352","properties":{"id":"AC-Y362-X352","grid_x":352,"grid_y":362,"centroid":[-71.5266843,-9.8761554],"aggregation":"none","score_gradboost":0.0089974,"score_random_forest":0.0150917,"score_logistic_regression":0.0003496,"score_fuzzy_knn_k29":0.0},"geometry":{"type":"Polygon","coordinates":[[[-71.5307734,-9.8788273],[-71.5226364,-9.8788884],[-71.5225952,-9.8734835],[-71.5307321,-9.8734224],[-71.5307734,-9.8788273]]]}},{"type":"Feature","id":"AC-Y362-X353","properties":{"id":"AC-Y362-X353","grid_x":353,"grid_y":362,"centroid":[-71.5185473,-9.8762164],"aggregation":"none","score_gradboost":0.0075998,"score_random_forest":0.0062627,"score_logistic_regression":0.0003465,"score_fuzzy_knn_k29":0.0},"geometry":{"type":"Polygon","coordinates":[[[-71.5226364,-9.8788884],[-71.5144993,-9.8789492],[-71.5144583,-9.8735444],[-71.5225952,-9.8734835],[-71.5226364,-9.8788884]]]}},{"type":"Feature","id":"AC-Y362-X354","properties":{"id":"AC-Y362-X354","grid_x":354,"grid_y":362,"centroid":[-71.5104103,-9.8762772],"aggregation":"none","score_gradboost":0.0078345,"score_random_forest":0.0109041,"score_logistic_regression":0.000287,"score_fuzzy_knn_k29":0.0},"geometry":{"type":"Polygon","coordinates":[[[-71.5144993,-9.8789492],[-71.5063622,-9.8790099],[-71.5063213,-9.873605],[-71.5144583,-9.8735444],[-71.5144993,-9.8789492]]]}},{"type":"Feature","id":"AC-Y362-X355","properties":{"id":"AC-Y362-X355","grid_x":355,"grid_y":362,"centroid":[-71.5022732,-9.8763377],"aggregation":"none","score_gradboost":0.0078345,"score_random_forest":0.0029194,"score_logistic_regression":0.0003835,"score_fuzzy_knn_k29":0.0},"geometry":{"type":"Polygon","coordinates":[[[-71.5063622,-9.8790099],[-71.4982251,-9.8790704],[-71.4981843,-9.8736655],[-71.5063213,-9.873605],[-71.5063622,-9.8790099]]]}},{"type":"Feature","id":"AC-Y362-X356","properties":{"id":"AC-Y362-X356","grid_x":356,"grid_y":362,"centroid":[-71.4941361,-9.8763981],"aggregation":"none","score_gradboost":0.0075249,"score_random_forest":0.0115569,"score_logistic_regression":0.0002768,"score_fuzzy_knn_k29":0.0},"geometry":{"type":"Polygon","coordinates":[[[-71.4982251,-9.8790704],[-71.4900879,-9.8791307],[-71.4900472,-9.8737258],[-71.4981843,-9.8736655],[-71.4982251,-9.8790704]]]}},{"type":"Feature","id":"AC-Y362-X357","properties":{"id":"AC-Y362-X357","grid_x":357,"grid_y":362,"centroid":[-71.4859989,-9.8764583],"aggregation":"none","score_gradboost":0.0075249,"score_random_forest":0.0036222,"score_logistic_regression":0.0003265,"score_fuzzy_knn_k29":0.0},"geometry":{"type":"Polygon","coordinates":[[[-71.4900879,-9.8791307],[-71.4819506,-9.8791908],[-71.4819101,-9.8737858],[-71.4900472,-9.8737258],[-71.4900879,-9.8791307]]]}},{"type":"Feature","id":"AC-Y362-X358","properties":{"id":"AC-Y362-X358","grid_x":358,"grid_y":362,"centroid":[-71.4778617,-9.8765183],"aggregation":"none","score_gradboost":0.0075249,"score_random_forest":0.0023429,"score_logistic_regression":0.00036,"score_fuzzy_knn_k29":0.0},"geometry":{"type":"Polygon","coordinates":[[[-71.4819506,-9.8791908],[-71.4738133,-9.8792508],[-71.4737729,-9.8738457],[-71.4819101,-9.8737858],[-71.4819506,-9.8791908]]]}},{"type":"Feature","id":"AC-Y363-X352","properties":{"id":"AC-Y363-X352","grid_x":352,"grid_y":363,"centroid":[-71.526643,-9.8707506],"aggregation":"none","score_gradboost":0.0089974,"score_random_forest":0.0067505,"score_logistic_regression":0.0003346,"score_fuzzy_knn_k29":0.0},"geometry":{"type":"Polygon","coordinates":[[[-71.5307321,-9.8734224],[-71.5225952,-9.8734835],[-71.522554,-9.8680786],[-71.5306908,-9.8680176],[-71.5307321,-9.8734224]]]}},{"type":"Feature","id":"AC-Y363-X353","properties":{"id":"AC-Y363-X353","grid_x":353,"grid_y":363,"centroid":[-71.5185062,-9.8708115],"aggregation":"none","score_gradboost":0.0080226,"score_random_forest":0.00085,"score_logistic_regression":0.0003942,"score_fuzzy_knn_k29":0.0},"geometry":{"type":"Polygon","coordinates":[[[-71.5225952,-9.8734835],[-71.5144583,-9.8735444],[-71.5144172,-9.8681395],[-71.522554,-9.8680786],[-71.5225952,-9.8734835]]]}},{"type":"Feature","id":"AC-Y363-X354","properties":{"id":"AC-Y363-X354","grid_x":354,"grid_y":363,"centroid":[-71.5103693,-9.8708723],"aggregation":"none","score_gradboost":0.0076667,"score_random_forest":0.0015156,"score_logistic_regression":0.0003883,"score_fuzzy_knn_k29":0.0},"geometry":{"type":"Polygon","coordinates":[[[-71.5144583,-9.8735444],[-71.5063213,-9.873605],[-71.5062804,-9.8682001],[-71.5144172,-9.8681395],[-71.5144583,-9.8735444]]]}},{"type":"Feature","id":"AC-Y363-X355","properties":{"id":"AC-Y363-X355","grid_x":355,"grid_y":363,"centroid":[-71.5022324,-9.8709328],"aggregation":"none","score_gradboost":0.0075998,"score_random_forest":0.0108211,"score_logistic_regression":0.0003488,"score_fuzzy_knn_k29":0.0},"geometry":{"type":"Polygon","coordinates":[[[-71.5063213,-9.873605],[-71.4981843,-9.8736655],[-71.4981435,-9.8682605],[-71.5062804,-9.8682001],[-71.5063213,-9.873605]]]}},{"type":"Feature","id":"AC-Y363-X356","properties":{"id":"AC-Y363-X356","grid_x":356,"grid_y":363,"centroid":[-71.4940954,-9.8709932],"aggregation":"none","score_gradboost":0.0078345,"score_random_forest":0.0176193,"score_logistic_regression":0.0002703,"score_fuzzy_knn_k29":0.0},"geometry":{"type":"Polygon","coordinates":[[[-71.4981843,-9.8736655],[-71.4900472,-9.8737258],[-71.4900066,-9.8683208],[-71.4981435,-9.8682605],[-71.4981843,-9.8736655]]]}},{"type":"Feature","id":"AC-Y363-X357","properties":{"id":"AC-Y363-X357","grid_x":357,"grid_y":363,"centroid":[-71.4859584,-9.8710533],"aggregation":"none","score_gradboost":0.0075249,"score_random_forest":0.0092537,"score_logistic_regression":0.000239,"score_fuzzy_knn_k29":0.0},"geometry":{"type":"Polygon","coordinates":[[[-71.4900472,-9.8737258],[-71.4819101,-9.8737858],[-71.4818696,-9.8683808],[-71.4900066,-9.8683208],[-71.4900472,-9.8737258]]]}},{"type":"Feature","id":"AC-Y363-X358","properties":{"id":"AC-Y363-X358","grid_x":358,"grid_y":363,"centroid":[-71.4778213,-9.8711133],"aggregation":"none","score_gradboost":0.0075249,"score_random_forest":0.0,"score_logistic_regression":0.0002751,"score_fuzzy_knn_k29":0.0},"geometry":{"type":"Polygon","coordinates":[[[-71.4819101,-9.8737858],[-71.4737729,-9.8738457],[-71.4737325,-9.8684406],[-71.4818696,-9.8683808],[-71.4819101,-9.8737858]]]}},{"type":"Feature","id":"AC-Y364-X353","properties":{"id":"AC-Y364-X353","grid_x":353,"grid_y":364,"centroid":[-71.5184651,-9.8654066],"aggregation":"none","score_gradboost":0.0089974,"score_random_forest":0.0105249,"score_logistic_regression":0.0003578,"score_fuzzy_knn_k29":0.0},"geometry":{"type":"Polygon","coordinates":[[[-71.522554,-9.8680786],[-71.5144172,-9.8681395],[-71.5143762,-9.8627346],[-71.5225129,-9.8626738],[-71.522554,-9.8680786]]]}},{"type":"Feature","id":"AC-Y364-X354","properties":{"id":"AC-Y364-X354","grid_x":354,"grid_y":364,"centroid":[-71.5103284,-9.8654674],"aggregation":"none","score_gradboost":0.0089974,"score_random_forest":0.011742,"score_logistic_regression":0.0003153,"score_fuzzy_knn_k29":0.0},"geometry":{"type":"Polygon","coordinates":[[[-71.5144172,-9.8681395],[-71.5062804,-9.8682001],[-71.5062395,-9.8627952],[-71.5143762,-9.8627346],[-71.5144172,-9.8681395]]]}},{"type":"Feature","id":"AC-Y364-X355","properties":{"id":"AC-Y364-X355","grid_x":355,"grid_y":364,"centroid":[-71.5021916,-9.8655279],"aggregation":"none","score_gradboost":0.0080226,"score_random_forest":0.0,"score_logistic_regression":0.0003754,"score_fuzzy_knn_k29":0.0},"geometry":{"type":"Polygon","coordinates":[[[-71.5062804,-9.8682001],[-71.4981435,-9.8682605],[-71.4981028,-9.8628556],[-71.5062395,-9.8627952],[-71.5062804,-9.8682001]]]}},{"type":"Feature","id":"AC-Y364-X356","properties":{"id":"AC-Y364-X356","grid_x":356,"grid_y":364,"centroid":[-71.4940547,-9.8655882],"aggregation":"none","score_gradboost":0.0075998,"score_random_forest":0.0130418,"score_logistic_regression":0.0003845,"score_fuzzy_knn_k29":0.0},"geometry":{"type":"Polygon","coordinates":[[[-71.4981435,-9.8682605],[-71.4900066,-9.8683208],[-71.489966,-9.8629158],[-71.4981028,-9.8628556],[-71.4981435,-9.8682605]]]}},{"type":"Feature","id":"AC-Y364-X357","properties":{"id":"AC-Y364-X357","grid_x":357,"grid_y":364,"centroid":[-71.4859178,-9.8656483],"aggregation":"none","score_gradboost":0.0078345,"score_random_forest":0.0057875,"score_logistic_regression":0.0003954,"score_fuzzy_knn_k29":0.0},"geometry":{"type":"Polygon","coordinates":[[[-71.4900066,-9.8683208],[-71.4818696,-9.8683808],[-71.4818291,-9.8629758],[-71.489966,-9.8629158],[-71.4900066,-9.8683208]]]}},{"type":"Feature","id":"AC-Y364-X358","properties":{"id":"AC-Y364-X358","grid_x":358,"grid_y":364,"centroid":[-71.4777808,-9.8657082],"aggregation":"none","score_gradboost":0.0075249,"score_random_forest":0.0013167,"score_logistic_regression":0.0002903,"score_fuzzy_knn_k29":0.0},"geometry":{"type":"Polygon","coordinates":[[[-71.4818696,-9.8683808],[-71.4737325,-9.8684406],[-71.4736922,-9.8630356],[-71.4818291,-9.8629758],[-71.4818696,-9.8683808]]]}},{"type":"Feature","id":"AC-Y365-X354","properties":{"id":"AC-Y365-X354","grid_x":354,"grid_y":365,"centroid":[-71.5102874,-9.8600624],"aggregation":"none","score_gradboost":0.0089974,"score_random_forest":0.0029573,"score_logistic_regression":0.0003811,"score_fuzzy_knn_k29":0.0},"geometry":{"type":"Polygon","coordinates":[[[-71.5143762,-9.8627346],[-71.5062395,-9.8627952],[-71.5061987,-9.8573902],[-71.5143352,-9.8573297],[-71.5143762,-9.8627346]]]}},{"type":"Feature","id":"AC-Y365-X355","properties":{"id":"AC-Y365-X355","grid_x":355,"grid_y":365,"centroid":[-71.5021508,-9.8601229],"aggregation":"none","score_gradboost":0.0071953,"score_random_forest":0.0013696,"score_logistic_regression":0.0002495,"score_fuzzy_knn_k29":0.0},"geometry":{"type":"Polygon","coordinates":[[[-71.5062395,-9.8627952],[-71.4981028,-9.8628556],[-71.498062,-9.8574506],[-71.5061987,-9.8573902],[-71.5062395,-9.8627952]]]}},{"type":"Feature","id":"AC-Y365-X356","properties":{"id":"AC-Y365-X356","grid_x":356,"grid_y":365,"centroid":[-71.494014,-9.8601832],"aggregation":"none","score_gradboost":0.0075998,"score_random_forest":0.0105439,"score_logistic_regression":0.0002713,"score_fuzzy_knn_k29":0.0},"geometry":{"type":"Polygon","coordinates":[[[-71.4981028,-9.8628556],[-71.489966,-9.8629158],[-71.4899254,-9.8575108],[-71.498062,-9.8574506],[-71.4981028,-9.8628556]]]}},{"type":"Feature","id":"AC-Y365-X357","properties":{"id":"AC-Y365-X357","grid_x":357,"grid_y":365,"centroid":[-71.4858773,-9.8602433],"aggregation":"none","score_gradboost":0.0078345,"score_random_forest":0.0140152,"score_logistic_regression":0.0002706,"score_fuzzy_knn_k29":0.0},"geometry":{"type":"Polygon","coordinates":[[[-71.489966,-9.8629158],[-71.4818291,-9.8629758],[-71.4817886,-9.8575707],[-71.4899254,-9.8575108],[-71.489966,-9.8629158]]]}},{"type":"Feature","id":"AC-Y365-X358","properties":{"id":"AC-Y365-X358","grid_x":358,"grid_y":365,"centroid":[-71.4777404,-9.8603032],"aggregation":"none","score_gradboost":0.0075249,"score_random_forest":0.0029939,"score_logistic_regression":0.0004072,"score_fuzzy_knn_k29":0.0},"geometry":{"type":"Polygon","coordinates":[[[-71.4818291,-9.8629758],[-71.4736922,-9.8630356],[-71.4736519,-9.8576305],[-71.4817886,-9.8575707],[-71.4818291,-9.8629758]]]}},{"type":"Feature","id":"AC-Y366-X355","properties":{"id":"AC-Y366-X355","grid_x":355,"grid_y":366,"centroid":[-71.50211,-9.854718],"aggregation":"none","score_gradboost":0.0089974,"score_random_forest":0.0064723,"score_logistic_regression":0.0003372,"score_fuzzy_knn_k29":0.0},"geometry":{"type":"Polygon","coordinates":[[[-71.5061987,-9.8573902],[-71.498062,-9.8574506],[-71.4980213,-9.8520456],[-71.5061578,-9.8519853],[-71.5061987,-9.8573902]]]}},{"type":"Feature","id":"AC-Y366-X356","properties":{"id":"AC-Y366-X356","grid_x":356,"grid_y":366,"centroid":[-71.4939734,-9.8547782],"aggregation":"none","score_gradboost":0.0076667,"score_random_forest":0.0007155,"score_logistic_regression":0.0003047,"score_fuzzy_knn_k29":0.0},"geometry":{"type":"Polygon","coordinates":[[[-71.498062,-9.8574506],[-71.4899254,-9.8575108],[-71.4898848,-9.8521058],[-71.4980213,-9.8520456],[-71.498062,-9.8574506]]]}},{"type":"Feature","id":"AC-Y366-X357","properties":{"id":"AC-Y366-X357","grid_x":357,"grid_y":366,"centroid":[-71.4858368,-9.8548383],"aggregation":"none","score_gradboost":0.0078345,"score_random_forest":0.0082312,"score_logistic_regression":0.0002833,"score_fuzzy_knn_k29":0.0},"geometry":{"type":"Polygon","coordinates":[[[-71.4899254,-9.8575108],[-71.4817886,-9.8575707],[-71.4817482,-9.8521657],[-71.4898848,-9.8521058],[-71.4899254,-9.8575108]]]}},{"type":"Feature","id":"AC-Y366-X358","properties":{"id":"AC-Y366-X358","grid_x":358,"grid_y":366,"centroid":[-71.4777001,-9.8548981],"aggregation":"none","score_gradboost":0.0075249,"score_random_forest":0.0067964,"score_logistic_regression":0.0002565,"score_fuzzy_knn_k29":0.0},"geometry":{"type":"Polygon","coordinates":[[[-71.4817886,-9.8575707],[-71.4736519,-9.8576305],[-71.4736116,-9.8522255],[-71.4817482,-9.8521657],[-71.4817886,-9.8575707]]]}},{"type":"Feature","id":"AC-Y367-X355","properties":{"id":"AC-Y367-X355","grid_x":355,"grid_y":367,"centroid":[-71.5020692,-9.849313],"aggregation":"none","score_gradboost":0.0071953,"score_random_forest":0.0002731,"score_logistic_regression":0.000241,"score_fuzzy_knn_k29":0.0},"geometry":{"type":"Polygon","coordinates":[[[-71.5061578,-9.8519853],[-71.4980213,-9.8520456],[-71.4979807,-9.8466407],[-71.506117,-9.8465804],[-71.5061578,-9.8519853]]]}},{"type":"Feature","id":"AC-Y367-X356","properties":{"id":"AC-Y367-X356","grid_x":356,"grid_y":367,"centroid":[-71.4939328,-9.8493732],"aggregation":"none","score_gradboost":0.0088522,"score_random_forest":0.0040763,"score_logistic_regression":0.0003433,"score_fuzzy_knn_k29":0.0},"geometry":{"type":"Polygon","coordinates":[[[-71.4980213,-9.8520456],[-71.4898848,-9.8521058],[-71.4898443,-9.8467008],[-71.4979807,-9.8466407],[-71.4980213,-9.8520456]]]}},{"type":"Feature","id":"AC-Y367-X357","properties":{"id":"AC-Y367-X357","grid_x":357,"grid_y":367,"centroid":[-71.4857963,-9.8494333],"aggregation":"none","score_gradboost":0.0078345,"score_random_forest":0.0027247,"score_logistic_regression":0.0003156,"score_fuzzy_knn_k29":0.0},"geometry":{"type":"Polygon","coordinates":[[[-71.4898848,-9.8521058],[-71.4817482,-9.8521657],[-71.4817078,-9.8467607],[-71.4898443,-9.8467008],[-71.4898848,-9.8521058]]]}},{"type":"Feature","id":"AC-Y367-X358","properties":{"id":"AC-Y367-X358","grid_x":358,"grid_y":367,"centroid":[-71.4776597,-9.8494931],"aggregation":"none","score_gradboost":0.0075249,"score_random_forest":0.0090202,"score_logistic_regression":0.0002829,"score_fuzzy_knn_k29":0.0},"geometry":{"type":"Polygon","coordinates":[[[-71.4817482,-9.8521657],[-71.4736116,-9.8522255],[-71.4735713,-9.8468204],[-71.4817078,-9.8467607],[-71.4817482,-9.8521657]]]}},{"type":"Feature","id":"AC-Y368-X356","properties":{"id":"AC-Y368-X356","grid_x":356,"grid_y":368,"centroid":[-71.4938922,-9.8439683],"aggregation":"none","score_gradboost":0.0089974,"score_random_forest":0.0201472,"score_logistic_regression":0.0002923,"score_fuzzy_knn_k29":0.0},"geometry":{"type":"Polygon","coordinates":[[[-71.4979807,-9.8466407],[-71.4898443,-9.8467008],[-71.4898037,-9.8412958],[-71.49794,-9.8412357],[-71.4979807,-9.8466407]]]}},{"type":"Feature","id":"AC-Y368-X357","properties":{"id":"AC-Y368-X357","grid_x":357,"grid_y":368,"centroid":[-71.4857558,-9.8440282],"aggregation":"none","score_gradboost":0.0075998,"score_random_forest":0.0043468,"score_logistic_regression":0.0003061,"score_fuzzy_knn_k29":0.0},"geometry":{"type":"Polygon","coordinates":[[[-71.4898443,-9.8467008],[-71.4817078,-9.8467607],[-71.4816674,-9.8413557],[-71.4898037,-9.8412958],[-71.4898443,-9.8467008]]]}},{"type":"Feature","id":"AC-Y368-X358","properties":{"id":"AC-Y368-X358","grid_x":358,"grid_y":368,"centroid":[-71.4776194,-9.844088],"aggregation":"none","score_gradboost":0.0078345,"score_random_forest":0.0028163,"score_logistic_regression":0.0002988,"score_fuzzy_knn_k29":0.0},"geometry":{"type":"Polygon","coordinates":[[[-71.4817078,-9.8467607],[-71.4735713,-9.8468204],[-71.473531,-9.8414153],[-71.4816674,-9.8413557],[-71.4817078,-9.8467607]]]}},{"type":"Feature","id":"AC-Y369-X357","properties":{"id":"AC-Y369-X357","grid_x":357,"grid_y":369,"centroid":[-71.4857154,-9.8386232],"aggregation":"none","score_gradboost":0.0077442,"score_random_forest":0.0038463,"score_logistic_regression":0.0004813,"score_fuzzy_knn_k29":0.0},"geometry":{"type":"Polygon","coordinates":[[[-71.4898037,-9.8412958],[-71.4816674,-9.8413557],[-71.481627,-9.8359506],[-71.4897632,-9.8358908],[-71.4898037,-9.8412958]]]}},{"type":"Feature","id":"AC-Y369-X358","properties":{"id":"AC-Y369-X358","grid_x":358,"grid_y":369,"centroid":[-71.4775791,-9.838683],"aggregation":"none","score_gradboost":0.0075998,"score_random_forest":0.0107153,"score_logistic_regression":0.0002512,"score_fuzzy_knn_k29":0.0},"geometry":{"type":"Polygon","coordinates":[[[-71.4816674,-9.8413557],[-71.473531,-9.8414153],[-71.4734908,-9.8360103],[-71.481627,-9.8359506],[-71.4816674,-9.8413557]]]}},{"type":"Feature","id":"AC-Y370-X357","properties":{"id":"AC-Y370-X357","grid_x":357,"grid_y":370,"centroid":[-71.4856749,-9.8332182],"aggregation":"none","score_gradboost":0.0081543,"score_random_forest":0.0052953,"score_logistic_regression":0.0004222,"score_fuzzy_knn_k29":0.0},"geometry":{"type":"Polygon","coordinates":[[[-71.4897632,-9.8358908],[-71.481627,-9.8359506],[-71.4815867,-9.8305456],[-71.4897228,-9.8304858],[-71.4897632,-9.8358908]]]}},{"type":"Feature","id":"AC-Y370-X358","properties":{"id":"AC-Y370-X358","grid_x":358,"grid_y":370,"centroid":[-71.4775388,-9.8332779],"aggregation":"none","score_gradboost":0.0075998,"score_random_forest":0.0079188,"score_logistic_regression":0.0004554,"score_fuzzy_knn_k29":0.0},"geometry":{"type":"Polygon","coordinates":[[[-71.481627,-9.8359506],[-71.4734908,-9.8360103],[-71.4734506,-9.8306052],[-71.4815867,-9.8305456],[-71.481627,-9.8359506]]]}},{"type":"Feature","id":"AC-Y371-X358","properties":{"id":"AC-Y371-X358","grid_x":358,"grid_y":371,"centroid":[-71.4774985,-9.8278729],"aggregation":"none","score_gradboost":0.0076667,"score_random_forest":0.0007193,"score_logistic_regression":0.0003699,"score_fuzzy_knn_k29":0.0},"geometry":{"type":"Polygon","coordinates":[[[-71.4815867,-9.8305456],[-71.4734506,-9.8306052],[-71.4734104,-9.8252001],[-71.4815464,-9.8251405],[-71.4815867,-9.8305456]]]}},{"type":"Feature","id":"AC-Y340-X326","properties":{"id":"AC-Y340-X326","grid_x":326,"grid_y":340,"centroid":[-71.7392157,-9.9933869],"aggregation":"none","score_gradboost":0.0071953,"score_random_forest":0.0073736,"score_logistic_regression":0.0001953,"score_fuzzy_knn_k29":0.0},"geometry":{"type":"Polygon","coordinates":[[[-71.7433076,-9.9960553],[-71.7351691,-9.9961223],[-71.7351239,-9.9907184],[-71.7432623,-9.9906515],[-71.7433076,-9.9960553]]]}},{"type":"Feature","id":"AC-Y341-X326","properties":{"id":"AC-Y341-X326","grid_x":326,"grid_y":341,"centroid":[-71.7391705,-9.987983],"aggregation":"none","score_gradboost":0.0061295,"score_random_forest":0.0003789,"score_logistic_regression":0.0001844,"score_fuzzy_knn_k29":0.0},"geometry":{"type":"Polygon","coordinates":[[[-71.7432623,-9.9906515],[-71.7351239,-9.9907184],[-71.7350787,-9.9853145],[-71.743217,-9.9852476],[-71.7432623,-9.9906515]]]}},{"type":"Feature","id":"AC-Y342-X326","properties":{"id":"AC-Y342-X326","grid_x":326,"grid_y":342,"centroid":[-71.7391252,-9.9825792],"aggregation":"none","score_gradboost":0.0060759,"score_random_forest":0.0,"score_logistic_regression":0.0002283,"score_fuzzy_knn_k29":0.0},"geometry":{"type":"Polygon","coordinates":[[[-71.743217,-9.9852476],[-71.7350787,-9.9853145],[-71.7350336,-9.9799106],[-71.7431717,-9.9798438],[-71.743217,-9.9852476]]]}},{"type":"Feature","id":"AC-Y343-X325","properties":{"id":"AC-Y343-X325","grid_x":325,"grid_y":343,"centroid":[-71.747218,-9.9771083],"aggregation":"none","score_gradboost":0.0060759,"score_random_forest":0.0005216,"score_logistic_regression":0.000204,"score_fuzzy_knn_k29":0.0},"geometry":{"type":"Polygon","coordinates":[[[-71.7513097,-9.9797767],[-71.7431717,-9.9798438],[-71.7431264,-9.9744399],[-71.7512643,-9.9743728],[-71.7513097,-9.9797767]]]}},{"type":"Feature","id":"AC-Y343-X326","properties":{"id":"AC-Y343-X326","grid_x":326,"grid_y":343,"centroid":[-71.73908,-9.9771753],"aggregation":"none","score_gradboost":0.0062638,"score_random_forest":0.0039313,"score_logistic_regression":0.0001823,"score_fuzzy_knn_k29":0.0},"geometry":{"type":"Polygon","coordinates":[[[-71.7431717,-9.9798438],[-71.7350336,-9.9799106],[-71.7349885,-9.9745068],[-71.7431264,-9.9744399],[-71.7431717,-9.9798438]]]}},{"type":"Feature","id":"AC-Y344-X325","properties":{"id":"AC-Y344-X325","grid_x":325,"grid_y":344,"centroid":[-71.7471727,-9.9717045],"aggregation":"none","score_gradboost":0.0062638,"score_random_forest":0.00577,"score_logistic_regression":0.0001878,"score_fuzzy_knn_k29":0.0},"geometry":{"type":"Polygon","coordinates":[[[-71.7512643,-9.9743728],[-71.7431264,-9.9744399],[-71.7430812,-9.969036],[-71.751219,-9.968969],[-71.7512643,-9.9743728]]]}},{"type":"Feature","id":"AC-Y344-X326","properties":{"id":"AC-Y344-X326","grid_x":326,"grid_y":344,"centroid":[-71.7390349,-9.9717714],"aggregation":"none","score_gradboost":0.0060159,"score_random_forest":0.0008667,"score_logistic_regression":0.0002417,"score_fuzzy_knn_k29":0.0},"geometry":{"type":"Polygon","coordinates":[[[-71.7431264,-9.9744399],[-71.7349885,-9.9745068],[-71.7349434,-9.9691029],[-71.7430812,-9.969036],[-71.7431264,-9.9744399]]]}},{"type":"Feature","id":"AC-Y344-X327","properties":{"id":"AC-Y344-X327","grid_x":327,"grid_y":344,"centroid":[-71.7308969,-9.9718381],"aggregation":"none","score_gradboost":0.0060159,"score_random_forest":0.0004891,"score_logistic_regression":0.0002315,"score_fuzzy_knn_k29":0.0},"geometry":{"type":"Polygon","coordinates":[[[-71.7349885,-9.9745068],[-71.7268504,-9.9745734],[-71.7268055,-9.9691695],[-71.7349434,-9.9691029],[-71.7349885,-9.9745068]]]}},{"type":"Feature","id":"AC-Y345-X325","properties":{"id":"AC-Y345-X325","grid_x":325,"grid_y":345,"centroid":[-71.7471275,-9.9663006],"aggregation":"none","score_gradboost":0.0060159,"score_random_forest":0.0048924,"score_logistic_regression":0.0002146,"score_fuzzy_knn_k29":0.0},"geometry":{"type":"Polygon","coordinates":[[[-71.751219,-9.968969],[-71.7430812,-9.969036],[-71.743036,-9.9636322],[-71.7511736,-9.9635652],[-71.751219,-9.968969]]]}},{"type":"Feature","id":"AC-Y345-X326","properties":{"id":"AC-Y345-X326","grid_x":326,"grid_y":345,"centroid":[-71.7389897,-9.9663675],"aggregation":"none","score_gradboost":0.0060159,"score_random_forest":0.0004891,"score_logistic_regression":0.0002069,"score_fuzzy_knn_k29":0.0},"geometry":{"type":"Polygon","coordinates":[[[-71.7430812,-9.969036],[-71.7349434,-9.9691029],[-71.7348983,-9.963699],[-71.743036,-9.9636322],[-71.7430812,-9.969036]]]}},{"type":"Feature","id":"AC-Y345-X327","properties":{"id":"AC-Y345-X327","grid_x":327,"grid_y":345,"centroid":[-71.7308519,-9.9664342],"aggregation":"none","score_gradboost":0.0060159,"score_random_forest":0.0002398,"score_logistic_regression":0.0001986,"score_fuzzy_knn_k29":0.0},"geometry":{"type":"Polygon","coordinates":[[[-71.7349434,-9.9691029],[-71.7268055,-9.9691695],[-71.7267605,-9.9637655],[-71.7348983,-9.963699],[-71.7349434,-9.9691029]]]}},{"type":"Feature","id":"AC-Y346-X325","properties":{"id":"AC-Y346-X325","grid_x":325,"grid_y":346,"centroid":[-71.7470822,-9.9608968],"aggregation":"none","score_gradboost":0.0060159,"score_random_forest":0.0040902,"score_logistic_regression":0.0002329,"score_fuzzy_knn_k29":0.0},"geometry":{"type":"Polygon","coordinates":[[[-71.7511736,-9.9635652],[-71.743036,-9.9636322],[-71.7429908,-9.9582283],[-71.7511283,-9.9581614],[-71.7511736,-9.9635652]]]}},{"type":"Feature","id":"AC-Y346-X326","properties":{"id":"AC-Y346-X326","grid_x":326,"grid_y":346,"centroid":[-71.7389446,-9.9609636],"aggregation":"none","score_gradboost":0.0060159,"score_random_forest":0.0002398,"score_logistic_regression":0.0002366,"score_fuzzy_knn_k29":0.0},"geometry":{"type":"Polygon","coordinates":[[[-71.743036,-9.9636322],[-71.7348983,-9.963699],[-71.7348533,-9.9582951],[-71.7429908,-9.9582283],[-71.743036,-9.9636322]]]}},{"type":"Feature","id":"AC-Y346-X327","properties":{"id":"AC-Y346-X327","grid_x":327,"grid_y":346,"centroid":[-71.7308069,-9.9610303],"aggregation":"none","score_gradboost":0.0060159,"score_random_forest":0.0,"score_logistic_regression":0.0002341,"score_fuzzy_knn_k29":0.0},"geometry":{"type":"Polygon","coordinates":[[[-71.7348983,-9.963699],[-71.7267605,-9.9637655],[-71.7267156,-9.9583616],[-71.7348533,-9.9582951],[-71.7348983,-9.963699]]]}},{"type":"Feature","id":"AC-Y347-X325","properties":{"id":"AC-Y347-X325","grid_x":325,"grid_y":347,"centroid":[-71.747037,-9.9554929],"aggregation":"none","score_gradboost":0.0060159,"score_random_forest":0.0008667,"score_logistic_regression":0.0002884,"score_fuzzy_knn_k29":0.0},"geometry":{"type":"Polygon","coordinates":[[[-71.7511283,-9.9581614],[-71.7429908,-9.9582283],[-71.7429457,-9.9528244],[-71.751083,-9.9527575],[-71.7511283,-9.9581614]]]}},{"type":"Feature","id":"AC-Y347-X326","properties":{"id":"AC-Y347-X326","grid_x":326,"grid_y":347,"centroid":[-71.7388995,-9.9555598],"aggregation":"none","score_gradboost":0.0060159,"score_random_forest":0.0016147,"score_logistic_regression":0.0002845,"score_fuzzy_knn_k29":0.0},"geometry":{"type":"Polygon","coordinates":[[[-71.7429908,-9.9582283],[-71.7348533,-9.9582951],[-71.7348082,-9.9528912],[-71.7429457,-9.9528244],[-71.7429908,-9.9582283]]]}},{"type":"Feature","id":"AC-Y347-X327","properties":{"id":"AC-Y347-X327","grid_x":327,"grid_y":347,"centroid":[-71.730762,-9.9556264],"aggregation":"none","score_gradboost":0.0060159,"score_random_forest":0.0016147,"score_logistic_regression":0.0002369,"score_fuzzy_knn_k29":0.0},"geometry":{"type":"Polygon","coordinates":[[[-71.7348533,-9.9582951],[-71.7267156,-9.9583616],[-71.7266708,-9.9529577],[-71.7348082,-9.9528912],[-71.7348533,-9.9582951]]]}},{"type":"Feature","id":"AC-Y348-X325","properties":{"id":"AC-Y348-X325","grid_x":325,"grid_y":348,"centroid":[-71.7469918,-9.9500891],"aggregation":"none","score_gradboost":0.0060159,"score_random_forest":0.0021808,"score_logistic_regression":0.0002094,"score_fuzzy_knn_k29":0.0},"geometry":{"type":"Polygon","coordinates":[[[-71.751083,-9.9527575],[-71.7429457,-9.9528244],[-71.7429005,-9.9474206],[-71.7510378,-9.9473537],[-71.751083,-9.9527575]]]}},{"type":"Feature","id":"AC-Y348-X326","properties":{"id":"AC-Y348-X326","grid_x":326,"grid_y":348,"centroid":[-71.7388544,-9.9501559],"aggregation":"none","score_gradboost":0.0060159,"score_random_forest":0.0010018,"score_logistic_regression":0.0003762,"score_fuzzy_knn_k29":0.0},"geometry":{"type":"Polygon","coordinates":[[[-71.7429457,-9.9528244],[-71.7348082,-9.9528912],[-71.7347632,-9.9474872],[-71.7429005,-9.9474206],[-71.7429457,-9.9528244]]]}},{"type":"Feature","id":"AC-Y348-X327","properties":{"id":"AC-Y348-X327","grid_x":327,"grid_y":348,"centroid":[-71.730717,-9.9502225],"aggregation":"none","score_gradboost":0.0060159,"score_random_forest":0.0,"score_logistic_regression":0.0003044,"score_fuzzy_knn_k29":0.0},"geometry":{"type":"Polygon","coordinates":[[[-71.7348082,-9.9528912],[-71.7266708,-9.9529577],[-71.7266259,-9.9475537],[-71.7347632,-9.9474872],[-71.7348082,-9.9528912]]]}},{"type":"Feature","id":"AC-Y349-X325","properties":{"id":"AC-Y349-X325","grid_x":325,"grid_y":349,"centroid":[-71.7469466,-9.9446852],"aggregation":"none","score_gradboost":0.0060159,"score_random_forest":0.0021808,"score_logistic_regression":0.000345,"score_fuzzy_knn_k29":0.0},"geometry":{"type":"Polygon","coordinates":[[[-71.7510378,-9.9473537],[-71.7429005,-9.9474206],[-71.7428554,-9.9420167],[-71.7509926,-9.9419499],[-71.7510378,-9.9473537]]]}},{"type":"Feature","id":"AC-Y349-X326","properties":{"id":"AC-Y349-X326","grid_x":326,"grid_y":349,"centroid":[-71.7388094,-9.944752],"aggregation":"none","score_gradboost":0.0060159,"score_random_forest":0.0076636,"score_logistic_regression":0.0002881,"score_fuzzy_knn_k29":0.0},"geometry":{"type":"Polygon","coordinates":[[[-71.7429005,-9.9474206],[-71.7347632,-9.9474872],[-71.7347183,-9.9420833],[-71.7428554,-9.9420167],[-71.7429005,-9.9474206]]]}},{"type":"Feature","id":"AC-Y349-X327","properties":{"id":"AC-Y349-X327","grid_x":327,"grid_y":349,"centroid":[-71.7306721,-9.9448185],"aggregation":"none","score_gradboost":0.0075249,"score_random_forest":0.0025607,"score_logistic_regression":0.0004279,"score_fuzzy_knn_k29":0.0},"geometry":{"type":"Polygon","coordinates":[[[-71.7347632,-9.9474872],[-71.7266259,-9.9475537],[-71.7265811,-9.9421498],[-71.7347183,-9.9420833],[-71.7347632,-9.9474872]]]}},{"type":"Feature","id":"AC-Y350-X325","properties":{"id":"AC-Y350-X325","grid_x":325,"grid_y":350,"centroid":[-71.7469014,-9.9392814],"aggregation":"none","score_gradboost":0.0060159,"score_random_forest":0.0035303,"score_logistic_regression":0.0004314,"score_fuzzy_knn_k29":0.0},"geometry":{"type":"Polygon","coordinates":[[[-71.7509926,-9.9419499],[-71.7428554,-9.9420167],[-71.7428104,-9.9366128],[-71.7509473,-9.936546],[-71.7509926,-9.9419499]]]}},{"type":"Feature","id":"AC-Y350-X326","properties":{"id":"AC-Y350-X326","grid_x":326,"grid_y":350,"centroid":[-71.7387644,-9.9393481],"aggregation":"none","score_gradboost":0.0075249,"score_random_forest":0.0041754,"score_logistic_regression":0.0004571,"score_fuzzy_knn_k29":0.0},"geometry":{"type":"Polygon","coordinates":[[[-71.7428554,-9.9420167],[-71.7347183,-9.9420833],[-71.7346733,-9.9366794],[-71.7428104,-9.9366128],[-71.7428554,-9.9420167]]]}},{"type":"Feature","id":"AC-Y350-X327","properties":{"id":"AC-Y350-X327","grid_x":327,"grid_y":350,"centroid":[-71.7306272,-9.9394146],"aggregation":"none","score_gradboost":0.0060159,"score_random_forest":0.0002398,"score_logistic_regression":0.00029,"score_fuzzy_knn_k29":0.0},"geometry":{"type":"Polygon","coordinates":[[[-71.7347183,-9.9420833],[-71.7265811,-9.9421498],[-71.7265363,-9.9367458],[-71.7346733,-9.9366794],[-71.7347183,-9.9420833]]]}},{"type":"Feature","id":"AC-Y351-X325","properties":{"id":"AC-Y351-X325","grid_x":325,"grid_y":351,"centroid":[-71.7468563,-9.9338775],"aggregation":"none","score_gradboost":0.0060159,"score_random_forest":0.0008667,"score_logistic_regression":0.0003037,"score_fuzzy_knn_k29":0.0},"geometry":{"type":"Polygon","coordinates":[[[-71.7509473,-9.936546],[-71.7428104,-9.9366128],[-71.7427653,-9.931209],[-71.7509022,-9.9311422],[-71.7509473,-9.936546]]]}},{"type":"Feature","id":"AC-Y351-X326","properties":{"id":"AC-Y351-X326","grid_x":326,"grid_y":351,"centroid":[-71.7387194,-9.9339442],"aggregation":"none","score_gradboost":0.0075249,"score_random_forest":0.0021664,"score_logistic_regression":0.0004731,"score_fuzzy_knn_k29":0.0},"geometry":{"type":"Polygon","coordinates":[[[-71.7428104,-9.9366128],[-71.7346733,-9.9366794],[-71.7346284,-9.9312755],[-71.7427653,-9.931209],[-71.7428104,-9.9366128]]]}},{"type":"Feature","id":"AC-Y351-X327","properties":{"id":"AC-Y351-X327","grid_x":327,"grid_y":351,"centroid":[-71.7305824,-9.9340107],"aggregation":"none","score_gradboost":0.0075249,"score_random_forest":0.0011347,"score_logistic_regression":0.0004296,"score_fuzzy_knn_k29":0.0},"geometry":{"type":"Polygon","coordinates":[[[-71.7346733,-9.9366794],[-71.7265363,-9.9367458],[-71.7264915,-9.9313419],[-71.7346284,-9.9312755],[-71.7346733,-9.9366794]]]}},{"type":"Feature","id":"AC-Y352-X325","properties":{"id":"AC-Y352-X325","grid_x":325,"grid_y":352,"centroid":[-71.7468112,-9.9284737],"aggregation":"none","score_gradboost":0.0060159,"score_random_forest":0.0028944,"score_logistic_regression":0.0003289,"score_fuzzy_knn_k29":0.0},"geometry":{"type":"Polygon","coordinates":[[[-71.7509022,-9.9311422],[-71.7427653,-9.931209],[-71.7427203,-9.9258051],[-71.750857,-9.9257384],[-71.7509022,-9.9311422]]]}},{"type":"Feature","id":"AC-Y352-X326","properties":{"id":"AC-Y352-X326","grid_x":326,"grid_y":352,"centroid":[-71.7386744,-9.9285403],"aggregation":"none","score_gradboost":0.0060159,"score_random_forest":0.0006662,"score_logistic_regression":0.0003633,"score_fuzzy_knn_k29":0.0},"geometry":{"type":"Polygon","coordinates":[[[-71.7427653,-9.931209],[-71.7346284,-9.9312755],[-71.7345835,-9.9258716],[-71.7427203,-9.9258051],[-71.7427653,-9.931209]]]}},{"type":"Feature","id":"AC-Y352-X327","properties":{"id":"AC-Y352-X327","grid_x":327,"grid_y":352,"centroid":[-71.7305375,-9.9286068],"aggregation":"none","score_gradboost":0.0075249,"score_random_forest":0.0025607,"score_logistic_regression":0.0004496,"score_fuzzy_knn_k29":0.0},"geometry":{"type":"Polygon","coordinates":[[[-71.7346284,-9.9312755],[-71.7264915,-9.9313419],[-71.7264467,-9.9259379],[-71.7345835,-9.9258716],[-71.7346284,-9.9312755]]]}},{"type":"Feature","id":"AC-Y353-X325","properties":{"id":"AC-Y353-X325","grid_x":325,"grid_y":353,"centroid":[-71.7467661,-9.9230698],"aggregation":"none","score_gradboost":0.0062638,"score_random_forest":0.0065353,"score_logistic_regression":0.0003127,"score_fuzzy_knn_k29":0.0},"geometry":{"type":"Polygon","coordinates":[[[-71.750857,-9.9257384],[-71.7427203,-9.9258051],[-71.7426753,-9.9204012],[-71.7508119,-9.9203345],[-71.750857,-9.9257384]]]}},{"type":"Feature","id":"AC-Y353-X326","properties":{"id":"AC-Y353-X326","grid_x":326,"grid_y":353,"centroid":[-71.7386295,-9.9231364],"aggregation":"none","score_gradboost":0.0060159,"score_random_forest":0.0012253,"score_logistic_regression":0.0003941,"score_fuzzy_knn_k29":0.0},"geometry":{"type":"Polygon","coordinates":[[[-71.7427203,-9.9258051],[-71.7345835,-9.9258716],[-71.7345387,-9.9204677],[-71.7426753,-9.9204012],[-71.7427203,-9.9258051]]]}},{"type":"Feature","id":"AC-Y353-X327","properties":{"id":"AC-Y353-X327","grid_x":327,"grid_y":353,"centroid":[-71.7304927,-9.9232028],"aggregation":"none","score_gradboost":0.0060159,"score_random_forest":0.0,"score_logistic_regression":0.0003386,"score_fuzzy_knn_k29":0.0},"geometry":{"type":"Polygon","coordinates":[[[-71.7345835,-9.9258716],[-71.7264467,-9.9259379],[-71.726402,-9.920534],[-71.7345387,-9.9204677],[-71.7345835,-9.9258716]]]}},{"type":"Feature","id":"AC-Y354-X325","properties":{"id":"AC-Y354-X325","grid_x":325,"grid_y":354,"centroid":[-71.7467211,-9.917666],"aggregation":"none","score_gradboost":0.0078345,"score_random_forest":0.015685,"score_logistic_regression":0.0004985,"score_fuzzy_knn_k29":0.0},"geometry":{"type":"Polygon","coordinates":[[[-71.7508119,-9.9203345],[-71.7426753,-9.9204012],[-71.7426303,-9.9149973],[-71.7507668,-9.9149307],[-71.7508119,-9.9203345]]]}},{"type":"Feature","id":"AC-Y354-X326","properties":{"id":"AC-Y354-X326","grid_x":326,"grid_y":354,"centroid":[-71.7385846,-9.9177325],"aggregation":"none","score_gradboost":0.0060159,"score_random_forest":0.0044098,"score_logistic_regression":0.0004344,"score_fuzzy_knn_k29":0.0},"geometry":{"type":"Polygon","coordinates":[[[-71.7426753,-9.9204012],[-71.7345387,-9.9204677],[-71.7344938,-9.9150638],[-71.7426303,-9.9149973],[-71.7426753,-9.9204012]]]}},{"type":"Feature","id":"AC-Y354-X327","properties":{"id":"AC-Y354-X327","grid_x":327,"grid_y":354,"centroid":[-71.730448,-9.9177989],"aggregation":"none","score_gradboost":0.0075249,"score_random_forest":0.0034876,"score_logistic_regression":0.0004996,"score_fuzzy_knn_k29":0.0},"geometry":{"type":"Polygon","coordinates":[[[-71.7345387,-9.9204677],[-71.726402,-9.920534],[-71.7263573,-9.91513],[-71.7344938,-9.9150638],[-71.7345387,-9.9204677]]]}},{"type":"Feature","id":"AC-Y355-X325","properties":{"id":"AC-Y355-X325","grid_x":325,"grid_y":355,"centroid":[-71.7466761,-9.9122621],"aggregation":"none","score_gradboost":0.0075998,"score_random_forest":0.0039347,"score_logistic_regression":0.0005735,"score_fuzzy_knn_k29":0.0},"geometry":{"type":"Polygon","coordinates":[[[-71.7507668,-9.9149307],[-71.7426303,-9.9149973],[-71.7425854,-9.9095934],[-71.7507217,-9.9095268],[-71.7507668,-9.9149307]]]}},{"type":"Feature","id":"AC-Y355-X326","properties":{"id":"AC-Y355-X326","grid_x":326,"grid_y":355,"centroid":[-71.7385397,-9.9123286],"aggregation":"none","score_gradboost":0.0060159,"score_random_forest":0.011428,"score_logistic_regression":0.0004805,"score_fuzzy_knn_k29":0.0},"geometry":{"type":"Polygon","coordinates":[[[-71.7426303,-9.9149973],[-71.7344938,-9.9150638],[-71.734449,-9.9096599],[-71.7425854,-9.9095934],[-71.7426303,-9.9149973]]]}},{"type":"Feature","id":"AC-Y355-X327","properties":{"id":"AC-Y355-X327","grid_x":327,"grid_y":355,"centroid":[-71.7304032,-9.912395],"aggregation":"none","score_gradboost":0.0060159,"score_random_forest":0.0,"score_logistic_regression":0.0003382,"score_fuzzy_knn_k29":0.0},"geometry":{"type":"Polygon","coordinates":[[[-71.7344938,-9.9150638],[-71.7263573,-9.91513],[-71.7263126,-9.9097261],[-71.734449,-9.9096599],[-71.7344938,-9.9150638]]]}},{"type":"Feature","id":"AC-Y356-X325","properties":{"id":"AC-Y356-X325","grid_x":325,"grid_y":356,"centroid":[-71.7466311,-9.9068582],"aggregation":"none","score_gradboost":0.0060759,"score_random_forest":0.007211,"score_logistic_regression":0.0004181,"score_fuzzy_knn_k29":0.0},"geometry":{"type":"Polygon","coordinates":[[[-71.7507217,-9.9095268],[-71.7425854,-9.9095934],[-71.7425405,-9.9041896],[-71.7506767,-9.904123],[-71.7507217,-9.9095268]]]}},{"type":"Feature","id":"AC-Y356-X326","properties":{"id":"AC-Y356-X326","grid_x":326,"grid_y":356,"centroid":[-71.7384948,-9.9069247],"aggregation":"none","score_gradboost":0.0078345,"score_random_forest":0.0127748,"score_logistic_regression":0.0005477,"score_fuzzy_knn_k29":0.0},"geometry":{"type":"Polygon","coordinates":[[[-71.7425854,-9.9095934],[-71.734449,-9.9096599],[-71.7344043,-9.9042559],[-71.7425405,-9.9041896],[-71.7425854,-9.9095934]]]}},{"type":"Feature","id":"AC-Y356-X327","properties":{"id":"AC-Y356-X327","grid_x":327,"grid_y":356,"centroid":[-71.7303585,-9.906991],"aggregation":"none","score_gradboost":0.0060159,"score_random_forest":0.0029546,"score_logistic_regression":0.0004705,"score_fuzzy_knn_k29":0.0},"geometry":{"type":"Polygon","coordinates":[[[-71.734449,-9.9096599],[-71.7263126,-9.9097261],[-71.726268,-9.9043221],[-71.7344042,-9.9042559],[-71.734449,-9.9096599]]]}},{"type":"Feature","id":"AC-Y357-X325","properties":{"id":"AC-Y357-X325","grid_x":325,"grid_y":357,"centroid":[-71.7465861,-9.9014544],"aggregation":"none","score_gradboost":0.0062638,"score_random_forest":0.0050363,"score_logistic_regression":0.0004432,"score_fuzzy_knn_k29":0.0},"geometry":{"type":"Polygon","coordinates":[[[-71.7506767,-9.904123],[-71.7425405,-9.9041896],[-71.7424956,-9.8987857],[-71.7506316,-9.8987191],[-71.7506767,-9.904123]]]}},{"type":"Feature","id":"AC-Y357-X326","properties":{"id":"AC-Y357-X326","grid_x":326,"grid_y":357,"centroid":[-71.73845,-9.9015208],"aggregation":"none","score_gradboost":0.0075249,"score_random_forest":0.0052725,"score_logistic_regression":0.0006479,"score_fuzzy_knn_k29":0.0},"geometry":{"type":"Polygon","coordinates":[[[-71.7425405,-9.9041896],[-71.7344043,-9.9042559],[-71.7343595,-9.898852],[-71.7424956,-9.8987857],[-71.7425405,-9.9041896]]]}},{"type":"Feature","id":"AC-Y357-X327","properties":{"id":"AC-Y357-X327","grid_x":327,"grid_y":357,"centroid":[-71.7303138,-9.9015871],"aggregation":"none","score_gradboost":0.0060159,"score_random_forest":0.0008667,"score_logistic_regression":0.0004211,"score_fuzzy_knn_k29":0.0},"geometry":{"type":"Polygon","coordinates":[[[-71.7344042,-9.9042559],[-71.726268,-9.9043221],[-71.7262233,-9.8989182],[-71.7343595,-9.898852],[-71.7344042,-9.9042559]]]}},{"type":"Feature","id":"AC-Y358-X325","properties":{"id":"AC-Y358-X325","grid_x":325,"grid_y":358,"centroid":[-71.7465411,-9.8960505],"aggregation":"none","score_gradboost":0.0078345,"score_random_forest":0.0106938,"score_logistic_regression":0.0005669,"score_fuzzy_knn_k29":0.0},"geometry":{"type":"Polygon","coordinates":[[[-71.7506316,-9.8987191],[-71.7424956,-9.8987857],[-71.7424507,-9.8933818],[-71.7505866,-9.8933153],[-71.7506316,-9.8987191]]]}},{"type":"Feature","id":"AC-Y358-X326","properties":{"id":"AC-Y358-X326","grid_x":326,"grid_y":358,"centroid":[-71.7384051,-9.8961169],"aggregation":"none","score_gradboost":0.0075249,"score_random_forest":0.0007711,"score_logistic_regression":0.0006569,"score_fuzzy_knn_k29":0.0},"geometry":{"type":"Polygon","coordinates":[[[-71.7424956,-9.8987857],[-71.7343595,-9.898852],[-71.7343148,-9.8934481],[-71.7424507,-9.8933818],[-71.7424956,-9.8987857]]]}},{"type":"Feature","id":"AC-Y358-X327","properties":{"id":"AC-Y358-X327","grid_x":327,"grid_y":358,"centroid":[-71.7302691,-9.8961831],"aggregation":"none","score_gradboost":0.0075249,"score_random_forest":0.0101494,"score_logistic_regression":0.0005337,"score_fuzzy_knn_k29":0.0},"geometry":{"type":"Polygon","coordinates":[[[-71.7343595,-9.898852],[-71.7262233,-9.8989182],[-71.7261787,-9.8935142],[-71.7343148,-9.8934481],[-71.7343595,-9.898852]]]}},{"type":"Feature","id":"AC-Y359-X325","properties":{"id":"AC-Y359-X325","grid_x":325,"grid_y":359,"centroid":[-71.7464962,-9.8906466],"aggregation":"none","score_gradboost":0.0060159,"score_random_forest":0.0048924,"score_logistic_regression":0.0004189,"score_fuzzy_knn_k29":0.0},"geometry":{"type":"Polygon","coordinates":[[[-71.7505866,-9.8933153],[-71.7424507,-9.8933818],[-71.7424059,-9.8879779],[-71.7505417,-9.8879114],[-71.7505866,-9.8933153]]]}},{"type":"Feature","id":"AC-Y359-X326","properties":{"id":"AC-Y359-X326","grid_x":326,"grid_y":359,"centroid":[-71.7383604,-9.890713],"aggregation":"none","score_gradboost":0.0075249,"score_random_forest":0.007983,"score_logistic_regression":0.0006326,"score_fuzzy_knn_k29":0.0},"geometry":{"type":"Polygon","coordinates":[[[-71.7424507,-9.8933818],[-71.7343148,-9.8934481],[-71.73427,-9.8880442],[-71.7424059,-9.8879779],[-71.7424507,-9.8933818]]]}},{"type":"Feature","id":"AC-Y359-X327","properties":{"id":"AC-Y359-X327","grid_x":327,"grid_y":359,"centroid":[-71.7302244,-9.8907792],"aggregation":"none","score_gradboost":0.0075249,"score_random_forest":0.0,"score_logistic_regression":0.0007685,"score_fuzzy_knn_k29":0.0},"geometry":{"type":"Polygon","coordinates":[[[-71.7343148,-9.8934481],[-71.7261787,-9.8935142],[-71.7261342,-9.8881102],[-71.73427,-9.8880442],[-71.7343148,-9.8934481]]]}},{"type":"Feature","id":"AC-Y360-X325","properties":{"id":"AC-Y360-X325","grid_x":325,"grid_y":360,"centroid":[-71.7464513,-9.8852428],"aggregation":"none","score_gradboost":0.0060159,"score_random_forest":0.004013,"score_logistic_regression":0.0004932,"score_fuzzy_knn_k29":0.0},"geometry":{"type":"Polygon","coordinates":[[[-71.7505417,-9.8879114],[-71.7424059,-9.8879779],[-71.7423611,-9.882574],[-71.7504967,-9.8825076],[-71.7505417,-9.8879114]]]}},{"type":"Feature","id":"AC-Y360-X326","properties":{"id":"AC-Y360-X326","grid_x":326,"grid_y":360,"centroid":[-71.7383156,-9.8853091],"aggregation":"none","score_gradboost":0.0075249,"score_random_forest":0.0021664,"score_logistic_regression":0.0005636,"score_fuzzy_knn_k29":0.0},"geometry":{"type":"Polygon","coordinates":[[[-71.7424059,-9.8879779],[-71.73427,-9.8880442],[-71.7342254,-9.8826402],[-71.7423611,-9.882574],[-71.7424059,-9.8879779]]]}},{"type":"Feature","id":"AC-Y360-X327","properties":{"id":"AC-Y360-X327","grid_x":327,"grid_y":360,"centroid":[-71.7301798,-9.8853752],"aggregation":"none","score_gradboost":0.0075249,"score_random_forest":0.0059357,"score_logistic_regression":0.0005574,"score_fuzzy_knn_k29":0.0},"geometry":{"type":"Polygon","coordinates":[[[-71.73427,-9.8880442],[-71.7261342,-9.8881102],[-71.7260896,-9.8827063],[-71.7342254,-9.8826402],[-71.73427,-9.8880442]]]}},{"type":"Feature","id":"AC-Y361-X325","properties":{"id":"AC-Y361-X325","grid_x":325,"grid_y":361,"centroid":[-71.7464065,-9.8798389],"aggregation":"none","score_gradboost":0.0060159,"score_random_forest":0.0013167,"score_logistic_regression":0.0004419,"score_fuzzy_knn_k29":0.0},"geometry":{"type":"Polygon","coordinates":[[[-71.7504967,-9.8825076],[-71.7423611,-9.882574],[-71.7423163,-9.8771701],[-71.7504518,-9.8771037],[-71.7504967,-9.8825076]]]}},{"type":"Feature","id":"AC-Y361-X326","properties":{"id":"AC-Y361-X326","grid_x":326,"grid_y":361,"centroid":[-71.7382709,-9.8799052],"aggregation":"none","score_gradboost":0.0075249,"score_random_forest":0.0023574,"score_logistic_regression":0.0006082,"score_fuzzy_knn_k29":0.0},"geometry":{"type":"Polygon","coordinates":[[[-71.7423611,-9.882574],[-71.7342254,-9.8826402],[-71.7341807,-9.8772363],[-71.7423163,-9.8771701],[-71.7423611,-9.882574]]]}},{"type":"Feature","id":"AC-Y361-X327","properties":{"id":"AC-Y361-X327","grid_x":327,"grid_y":361,"centroid":[-71.7301352,-9.8799713],"aggregation":"none","score_gradboost":0.0060159,"score_random_forest":0.0019284,"score_logistic_regression":0.0004943,"score_fuzzy_knn_k29":0.0},"geometry":{"type":"Polygon","coordinates":[[[-71.7342254,-9.8826402],[-71.7260896,-9.8827063],[-71.7260451,-9.8773023],[-71.7341807,-9.8772363],[-71.7342254,-9.8826402]]]}},{"type":"Feature","id":"AC-Y362-X325","properties":{"id":"AC-Y362-X325","grid_x":325,"grid_y":362,"centroid":[-71.7463616,-9.874435],"aggregation":"none","score_gradboost":0.0060159,"score_random_forest":0.0013786,"score_logistic_regression":0.000515,"score_fuzzy_knn_k29":0.0},"geometry":{"type":"Polygon","coordinates":[[[-71.7504518,-9.8771037],[-71.7423163,-9.8771701],[-71.7422715,-9.8717662],[-71.7504069,-9.8716999],[-71.7504518,-9.8771037]]]}},{"type":"Feature","id":"AC-Y362-X326","properties":{"id":"AC-Y362-X326","grid_x":326,"grid_y":362,"centroid":[-71.7382261,-9.8745013],"aggregation":"none","score_gradboost":0.0089765,"score_random_forest":0.0061446,"score_logistic_regression":0.0010495,"score_fuzzy_knn_k29":0.0},"geometry":{"type":"Polygon","coordinates":[[[-71.7423163,-9.8771701],[-71.7341807,-9.8772363],[-71.7341361,-9.8718324],[-71.7422715,-9.8717662],[-71.7423163,-9.8771701]]]}},{"type":"Feature","id":"AC-Y362-X327","properties":{"id":"AC-Y362-X327","grid_x":327,"grid_y":362,"centroid":[-71.7300906,-9.8745673],"aggregation":"none","score_gradboost":0.0075249,"score_random_forest":0.0028005,"score_logistic_regression":0.0005266,"score_fuzzy_knn_k29":0.0},"geometry":{"type":"Polygon","coordinates":[[[-71.7341807,-9.8772363],[-71.7260451,-9.8773023],[-71.7260006,-9.8718983],[-71.7341361,-9.8718324],[-71.7341807,-9.8772363]]]}},{"type":"Feature","id":"AC-Y363-X325","properties":{"id":"AC-Y363-X325","grid_x":325,"grid_y":363,"centroid":[-71.7463168,-9.8690311],"aggregation":"none","score_gradboost":0.0075249,"score_random_forest":0.0040452,"score_logistic_regression":0.0008434,"score_fuzzy_knn_k29":0.0},"geometry":{"type":"Polygon","coordinates":[[[-71.7504069,-9.8716999],[-71.7422715,-9.8717662],[-71.7422268,-9.8663623],[-71.750362,-9.866296],[-71.7504069,-9.8716999]]]}},{"type":"Feature","id":"AC-Y363-X326","properties":{"id":"AC-Y363-X326","grid_x":326,"grid_y":363,"centroid":[-71.7381815,-9.8690974],"aggregation":"none","score_gradboost":0.0075249,"score_random_forest":0.0,"score_logistic_regression":0.0008283,"score_fuzzy_knn_k29":0.0},"geometry":{"type":"Polygon","coordinates":[[[-71.7422715,-9.8717662],[-71.7341361,-9.8718324],[-71.7340915,-9.8664284],[-71.7422268,-9.8663623],[-71.7422715,-9.8717662]]]}},{"type":"Feature","id":"AC-Y363-X327","properties":{"id":"AC-Y363-X327","grid_x":327,"grid_y":363,"centroid":[-71.7300461,-9.8691634],"aggregation":"none","score_gradboost":0.0075249,"score_random_forest":0.0085366,"score_logistic_regression":0.0005576,"score_fuzzy_knn_k29":0.0},"geometry":{"type":"Polygon","coordinates":[[[-71.7341361,-9.8718324],[-71.7260006,-9.8718983],[-71.7259561,-9.8664944],[-71.7340915,-9.8664284],[-71.7341361,-9.8718324]]]}},{"type":"Feature","id":"AC-Y363-X328","properties":{"id":"AC-Y363-X328","grid_x":328,"grid_y":363,"centroid":[-71.7219106,-9.8692292],"aggregation":"none","score_gradboost":0.0078345,"score_random_forest":0.0135765,"score_logistic_regression":0.0005475,"score_fuzzy_knn_k29":0.0},"geometry":{"type":"Polygon","coordinates":[[[-71.7260006,-9.8718983],[-71.717865,-9.8719641],[-71.7178207,-9.8665601],[-71.7259561,-9.8664944],[-71.7260006,-9.8718983]]]}},{"type":"Feature","id":"AC-Y364-X325","properties":{"id":"AC-Y364-X325","grid_x":325,"grid_y":364,"centroid":[-71.746272,-9.8636272],"aggregation":"none","score_gradboost":0.0075249,"score_random_forest":0.0004792,"score_logistic_regression":0.0008222,"score_fuzzy_knn_k29":0.0},"geometry":{"type":"Polygon","coordinates":[[[-71.750362,-9.866296],[-71.7422268,-9.8663623],[-71.7421821,-9.8609584],[-71.7503172,-9.8608921],[-71.750362,-9.866296]]]}},{"type":"Feature","id":"AC-Y364-X326","properties":{"id":"AC-Y364-X326","grid_x":326,"grid_y":364,"centroid":[-71.7381368,-9.8636934],"aggregation":"none","score_gradboost":0.0075249,"score_random_forest":0.0,"score_logistic_regression":0.0008426,"score_fuzzy_knn_k29":0.0},"geometry":{"type":"Polygon","coordinates":[[[-71.7422268,-9.8663623],[-71.7340915,-9.8664284],[-71.7340469,-9.8610245],[-71.7421821,-9.8609584],[-71.7422268,-9.8663623]]]}},{"type":"Feature","id":"AC-Y364-X327","properties":{"id":"AC-Y364-X327","grid_x":327,"grid_y":364,"centroid":[-71.7300015,-9.8637594],"aggregation":"none","score_gradboost":0.0075249,"score_random_forest":0.0023314,"score_logistic_regression":0.0005359,"score_fuzzy_knn_k29":0.0},"geometry":{"type":"Polygon","coordinates":[[[-71.7340915,-9.8664284],[-71.7259561,-9.8664944],[-71.7259117,-9.8610904],[-71.7340469,-9.8610245],[-71.7340915,-9.8664284]]]}},{"type":"Feature","id":"AC-Y364-X328","properties":{"id":"AC-Y364-X328","grid_x":328,"grid_y":364,"centroid":[-71.7218662,-9.8638252],"aggregation":"none","score_gradboost":0.0062638,"score_random_forest":0.0050142,"score_logistic_regression":0.000473,"score_fuzzy_knn_k29":0.0},"geometry":{"type":"Polygon","coordinates":[[[-71.7259561,-9.8664944],[-71.7178207,-9.8665601],[-71.7177764,-9.8611561],[-71.7259117,-9.8610904],[-71.7259561,-9.8664944]]]}},{"type":"Feature","id":"AC-Y365-X325","properties":{"id":"AC-Y365-X325","grid_x":325,"grid_y":365,"centroid":[-71.7462272,-9.8582234],"aggregation":"none","score_gradboost":0.0089765,"score_random_forest":0.0089048,"score_logistic_regression":0.0010848,"score_fuzzy_knn_k29":0.0},"geometry":{"type":"Polygon","coordinates":[[[-71.7503172,-9.8608921],[-71.7421821,-9.8609584],[-71.7421374,-9.8555545],[-71.7502724,-9.8554883],[-71.7503172,-9.8608921]]]}},{"type":"Feature","id":"AC-Y365-X326","properties":{"id":"AC-Y365-X326","grid_x":326,"grid_y":365,"centroid":[-71.7380922,-9.8582895],"aggregation":"none","score_gradboost":0.0075249,"score_random_forest":0.007983,"score_logistic_regression":0.0007567,"score_fuzzy_knn_k29":0.0},"geometry":{"type":"Polygon","coordinates":[[[-71.7421821,-9.8609584],[-71.7340469,-9.8610245],[-71.7340023,-9.8556206],[-71.7421374,-9.8555545],[-71.7421821,-9.8609584]]]}},{"type":"Feature","id":"AC-Y365-X327","properties":{"id":"AC-Y365-X327","grid_x":327,"grid_y":365,"centroid":[-71.729957,-9.8583555],"aggregation":"none","score_gradboost":0.0075249,"score_random_forest":0.0011895,"score_logistic_regression":0.0007709,"score_fuzzy_knn_k29":0.0},"geometry":{"type":"Polygon","coordinates":[[[-71.7340469,-9.8610245],[-71.7259117,-9.8610904],[-71.7258672,-9.8556864],[-71.7340023,-9.8556206],[-71.7340469,-9.8610245]]]}},{"type":"Feature","id":"AC-Y366-X325","properties":{"id":"AC-Y366-X325","grid_x":325,"grid_y":366,"centroid":[-71.7461825,-9.8528195],"aggregation":"none","score_gradboost":0.0075249,"score_random_forest":0.0023574,"score_logistic_regression":0.0006742,"score_fuzzy_knn_k29":0.0},"geometry":{"type":"Polygon","coordinates":[[[-71.7502724,-9.8554883],[-71.7421374,-9.8555545],[-71.7420927,-9.8501506],[-71.7502276,-9.8500844],[-71.7502724,-9.8554883]]]}},{"type":"Feature","id":"AC-Y366-X326","properties":{"id":"AC-Y366-X326","grid_x":326,"grid_y":366,"centroid":[-71.7380476,-9.8528856],"aggregation":"none","score_gradboost":0.0075249,"score_random_forest":0.0007711,"score_logistic_regression":0.0008941,"score_fuzzy_knn_k29":0.0},"geometry":{"type":"Polygon","coordinates":[[[-71.7421374,-9.8555545],[-71.7340023,-9.8556206],[-71.7339578,-9.8502166],[-71.7420927,-9.8501506],[-71.7421374,-9.8555545]]]}},{"type":"Feature","id":"AC-Y366-X327","properties":{"id":"AC-Y366-X327","grid_x":327,"grid_y":366,"centroid":[-71.7299126,-9.8529515],"aggregation":"none","score_gradboost":0.0062638,"score_random_forest":0.0084891,"score_logistic_regression":0.0003796,"score_fuzzy_knn_k29":0.0},"geometry":{"type":"Polygon","coordinates":[[[-71.7340023,-9.8556206],[-71.7258672,-9.8556864],[-71.7258228,-9.8502824],[-71.7339578,-9.8502166],[-71.7340023,-9.8556206]]]}},{"type":"Feature","id":"AC-Y367-X325","properties":{"id":"AC-Y367-X325","grid_x":325,"grid_y":367,"centroid":[-71.7461378,-9.8474156],"aggregation":"none","score_gradboost":0.0075249,"score_random_forest":0.0040452,"score_logistic_regression":0.0008981,"score_fuzzy_knn_k29":0.0},"geometry":{"type":"Polygon","coordinates":[[[-71.7502276,-9.8500844],[-71.7420927,-9.8501506],[-71.7420481,-9.8447467],[-71.7501828,-9.8446805],[-71.7502276,-9.8500844]]]}},{"type":"Feature","id":"AC-Y367-X326","properties":{"id":"AC-Y367-X326","grid_x":326,"grid_y":367,"centroid":[-71.738003,-9.8474817],"aggregation":"none","score_gradboost":0.0075249,"score_random_forest":0.006871,"score_logistic_regression":0.0006528,"score_fuzzy_knn_k29":0.0},"geometry":{"type":"Polygon","coordinates":[[[-71.7420927,-9.8501506],[-71.7339578,-9.8502166],[-71.7339133,-9.8448127],[-71.7420481,-9.8447467],[-71.7420927,-9.8501506]]]}},{"type":"Feature","id":"AC-Y339-X325","properties":{"id":"AC-Y339-X325","grid_x":325,"grid_y":339,"centroid":[-71.7473995,-9.9987237],"aggregation":"none","score_gradboost":0.0071953,"score_random_forest":0.0032749,"score_logistic_regression":0.0003493,"score_fuzzy_knn_k29":0.0},"geometry":{"type":"Polygon","coordinates":[[[-71.7514915,-10.0013919],[-71.7433529,-10.0014592],[-71.7433076,-9.9960553],[-71.751446,-9.9959881],[-71.7514915,-10.0013919]]]}},{"type":"Feature","id":"AC-Y339-X326","properties":{"id":"AC-Y339-X326","grid_x":326,"grid_y":339,"centroid":[-71.739261,-9.9987908],"aggregation":"none","score_gradboost":0.0071953,"score_random_forest":0.0002731,"score_logistic_regression":0.0002223,"score_fuzzy_knn_k29":0.0},"geometry":{"type":"Polygon","coordinates":[[[-71.7433529,-10.0014592],[-71.7352143,-10.0015262],[-71.7351691,-9.9961223],[-71.7433076,-9.9960553],[-71.7433529,-10.0014592]]]}},{"type":"Feature","id":"AC-Y340-X325","properties":{"id":"AC-Y340-X325","grid_x":325,"grid_y":340,"centroid":[-71.7473541,-9.9933198],"aggregation":"none","score_gradboost":0.0071953,"score_random_forest":0.0002731,"score_logistic_regression":0.0003032,"score_fuzzy_knn_k29":0.0},"geometry":{"type":"Polygon","coordinates":[[[-71.751446,-9.9959881],[-71.7433076,-9.9960553],[-71.7432623,-9.9906515],[-71.7514006,-9.9905843],[-71.751446,-9.9959881]]]}},{"type":"Feature","id":"AC-Y341-X325","properties":{"id":"AC-Y341-X325","grid_x":325,"grid_y":341,"centroid":[-71.7473087,-9.987916],"aggregation":"none","score_gradboost":0.0071953,"score_random_forest":0.0073736,"score_logistic_regression":0.000204,"score_fuzzy_knn_k29":0.0},"geometry":{"type":"Polygon","coordinates":[[[-71.7514006,-9.9905843],[-71.7432623,-9.9906515],[-71.743217,-9.9852476],[-71.7513551,-9.9851805],[-71.7514006,-9.9905843]]]}},{"type":"Feature","id":"AC-Y342-X325","properties":{"id":"AC-Y342-X325","grid_x":325,"grid_y":342,"centroid":[-71.7472634,-9.9825122],"aggregation":"none","score_gradboost":0.0061295,"score_random_forest":0.0003789,"score_logistic_regression":0.0002189,"score_fuzzy_knn_k29":0.0},"geometry":{"type":"Polygon","coordinates":[[[-71.7513551,-9.9851805],[-71.743217,-9.9852476],[-71.7431717,-9.9798438],[-71.7513097,-9.9797767],[-71.7513551,-9.9851805]]]}}]}