{"type":"FeatureCollection","features":[{"type":"Feature","id":"AC-Y593-X229","properties":{"id":"AC-Y593-X229","grid_x":229,"grid_y":593,"centroid":[-72.5146648,-8.6197507],"aggregation":"none","score_gradboost":0.024406,"score_random_forest":0.0165527,"score_logistic_regression":0.050818,"score_fuzzy_knn_k29":0.1214553},"geometry":{"type":"Polygon","coordinates":[[[-72.5187402,-8.6224137],[-72.5106394,-8.622488],[-72.5105895,-8.6170877],[-72.5186902,-8.6170135],[-72.5187402,-8.6224137]]]}},{"type":"Feature","id":"AC-Y593-X230","properties":{"id":"AC-Y593-X230","grid_x":230,"grid_y":593,"centroid":[-72.5065641,-8.6198249],"aggregation":"none","score_gradboost":0.0284526,"score_random_forest":0.0098858,"score_logistic_regression":0.0444202,"score_fuzzy_knn_k29":0.0713079},"geometry":{"type":"Polygon","coordinates":[[[-72.5106394,-8.622488],[-72.5025386,-8.622562],[-72.5024888,-8.6171617],[-72.5105895,-8.6170877],[-72.5106394,-8.622488]]]}},{"type":"Feature","id":"AC-Y593-X231","properties":{"id":"AC-Y593-X231","grid_x":231,"grid_y":593,"centroid":[-72.4984633,-8.6198988],"aggregation":"none","score_gradboost":0.0199744,"score_random_forest":0.0131827,"score_logistic_regression":0.0389719,"score_fuzzy_knn_k29":0.0394251},"geometry":{"type":"Polygon","coordinates":[[[-72.5025386,-8.622562],[-72.4944377,-8.6226359],[-72.4943881,-8.6172355],[-72.5024888,-8.6171617],[-72.5025386,-8.622562]]]}},{"type":"Feature","id":"AC-Y593-X232","properties":{"id":"AC-Y593-X232","grid_x":232,"grid_y":593,"centroid":[-72.4903624,-8.6199726],"aggregation":"none","score_gradboost":0.0159416,"score_random_forest":0.0033244,"score_logistic_regression":0.0370444,"score_fuzzy_knn_k29":0.0353549},"geometry":{"type":"Polygon","coordinates":[[[-72.4944377,-8.6226359],[-72.4863367,-8.6227097],[-72.4862872,-8.6173092],[-72.4943881,-8.6172355],[-72.4944377,-8.6226359]]]}},{"type":"Feature","id":"AC-Y593-X233","properties":{"id":"AC-Y593-X233","grid_x":233,"grid_y":593,"centroid":[-72.4822615,-8.6200462],"aggregation":"none","score_gradboost":0.0140289,"score_random_forest":0.0039203,"score_logistic_regression":0.0347455,"score_fuzzy_knn_k29":0.0180219},"geometry":{"type":"Polygon","coordinates":[[[-72.4863367,-8.6227097],[-72.4782357,-8.6227832],[-72.4781863,-8.6173827],[-72.4862872,-8.6173092],[-72.4863367,-8.6227097]]]}},{"type":"Feature","id":"AC-Y593-X234","properties":{"id":"AC-Y593-X234","grid_x":234,"grid_y":593,"centroid":[-72.4741605,-8.6201197],"aggregation":"none","score_gradboost":0.0164162,"score_random_forest":0.0031701,"score_logistic_regression":0.0347809,"score_fuzzy_knn_k29":0.018896},"geometry":{"type":"Polygon","coordinates":[[[-72.4782357,-8.6227832],[-72.4701346,-8.6228566],[-72.4700853,-8.6174561],[-72.4781863,-8.6173827],[-72.4782357,-8.6227832]]]}},{"type":"Feature","id":"AC-Y593-X235","properties":{"id":"AC-Y593-X235","grid_x":235,"grid_y":593,"centroid":[-72.4660594,-8.620193],"aggregation":"none","score_gradboost":0.0121167,"score_random_forest":0.0025635,"score_logistic_regression":0.0302084,"score_fuzzy_knn_k29":0.0},"geometry":{"type":"Polygon","coordinates":[[[-72.4701346,-8.6228566],[-72.4620334,-8.6229298],[-72.4619842,-8.6175292],[-72.4700853,-8.6174561],[-72.4701346,-8.6228566]]]}},{"type":"Feature","id":"AC-Y593-X236","properties":{"id":"AC-Y593-X236","grid_x":236,"grid_y":593,"centroid":[-72.4579582,-8.6202661],"aggregation":"none","score_gradboost":0.0084808,"score_random_forest":0.0038888,"score_logistic_regression":0.0263809,"score_fuzzy_knn_k29":0.0},"geometry":{"type":"Polygon","coordinates":[[[-72.4620334,-8.6229298],[-72.4539322,-8.6230029],[-72.4538831,-8.6176022],[-72.4619842,-8.6175292],[-72.4620334,-8.6229298]]]}},{"type":"Feature","id":"AC-Y593-X237","properties":{"id":"AC-Y593-X237","grid_x":237,"grid_y":593,"centroid":[-72.449857,-8.620339],"aggregation":"none","score_gradboost":0.0078528,"score_random_forest":0.0025711,"score_logistic_regression":0.0343424,"score_fuzzy_knn_k29":0.0596749},"geometry":{"type":"Polygon","coordinates":[[[-72.4539322,-8.6230029],[-72.4458308,-8.6230757],[-72.4457818,-8.6176751],[-72.4538831,-8.6176022],[-72.4539322,-8.6230029]]]}},{"type":"Feature","id":"AC-Y593-X238","properties":{"id":"AC-Y593-X238","grid_x":238,"grid_y":593,"centroid":[-72.4417557,-8.6204118],"aggregation":"none","score_gradboost":0.0216211,"score_random_forest":0.0263525,"score_logistic_regression":0.0313651,"score_fuzzy_knn_k29":0.0702412},"geometry":{"type":"Polygon","coordinates":[[[-72.4458308,-8.6230757],[-72.4377294,-8.6231484],[-72.4376806,-8.6177477],[-72.4457818,-8.6176751],[-72.4458308,-8.6230757]]]}},{"type":"Feature","id":"AC-Y594-X229","properties":{"id":"AC-Y594-X229","grid_x":229,"grid_y":594,"centroid":[-72.5146149,-8.6143505],"aggregation":"none","score_gradboost":0.0260675,"score_random_forest":0.0093626,"score_logistic_regression":0.0433166,"score_fuzzy_knn_k29":0.0776458},"geometry":{"type":"Polygon","coordinates":[[[-72.5186902,-8.6170135],[-72.5105895,-8.6170877],[-72.5105397,-8.6116874],[-72.5186402,-8.6116132],[-72.5186902,-8.6170135]]]}},{"type":"Feature","id":"AC-Y594-X230","properties":{"id":"AC-Y594-X230","grid_x":230,"grid_y":594,"centroid":[-72.5065143,-8.6144246],"aggregation":"none","score_gradboost":0.0491709,"score_random_forest":0.0334618,"score_logistic_regression":0.0507918,"score_fuzzy_knn_k29":0.0350896},"geometry":{"type":"Polygon","coordinates":[[[-72.5105895,-8.6170877],[-72.5024888,-8.6171617],[-72.5024391,-8.6117614],[-72.5105397,-8.6116874],[-72.5105895,-8.6170877]]]}},{"type":"Feature","id":"AC-Y594-X231","properties":{"id":"AC-Y594-X231","grid_x":231,"grid_y":594,"centroid":[-72.4984136,-8.6144985],"aggregation":"none","score_gradboost":0.0198612,"score_random_forest":0.0135615,"score_logistic_regression":0.0398019,"score_fuzzy_knn_k29":0.0381932},"geometry":{"type":"Polygon","coordinates":[[[-72.5024888,-8.6171617],[-72.4943881,-8.6172355],[-72.4943384,-8.6118352],[-72.5024391,-8.6117614],[-72.5024888,-8.6171617]]]}},{"type":"Feature","id":"AC-Y594-X232","properties":{"id":"AC-Y594-X232","grid_x":232,"grid_y":594,"centroid":[-72.4903128,-8.6145722],"aggregation":"none","score_gradboost":0.0186803,"score_random_forest":0.0088455,"score_logistic_regression":0.034414,"score_fuzzy_knn_k29":0.0221901},"geometry":{"type":"Polygon","coordinates":[[[-72.4943881,-8.6172355],[-72.4862872,-8.6173092],[-72.4862377,-8.6119088],[-72.4943384,-8.6118352],[-72.4943881,-8.6172355]]]}},{"type":"Feature","id":"AC-Y594-X233","properties":{"id":"AC-Y594-X233","grid_x":233,"grid_y":594,"centroid":[-72.482212,-8.6146458],"aggregation":"none","score_gradboost":0.0248525,"score_random_forest":0.0217243,"score_logistic_regression":0.0360894,"score_fuzzy_knn_k29":0.0243868},"geometry":{"type":"Polygon","coordinates":[[[-72.4862872,-8.6173092],[-72.4781863,-8.6173827],[-72.4781369,-8.6119823],[-72.4862377,-8.6119088],[-72.4862872,-8.6173092]]]}},{"type":"Feature","id":"AC-Y594-X234","properties":{"id":"AC-Y594-X234","grid_x":234,"grid_y":594,"centroid":[-72.4741111,-8.6147192],"aggregation":"none","score_gradboost":0.0186803,"score_random_forest":0.0079507,"score_logistic_regression":0.0329375,"score_fuzzy_knn_k29":0.0209171},"geometry":{"type":"Polygon","coordinates":[[[-72.4781863,-8.6173827],[-72.4700853,-8.6174561],[-72.470036,-8.6120556],[-72.4781369,-8.6119823],[-72.4781863,-8.6173827]]]}},{"type":"Feature","id":"AC-Y594-X235","properties":{"id":"AC-Y594-X235","grid_x":235,"grid_y":594,"centroid":[-72.4660101,-8.6147924],"aggregation":"none","score_gradboost":0.009119,"score_random_forest":0.0053431,"score_logistic_regression":0.0327061,"score_fuzzy_knn_k29":0.0},"geometry":{"type":"Polygon","coordinates":[[[-72.4700853,-8.6174561],[-72.4619842,-8.6175292],[-72.461935,-8.6121287],[-72.470036,-8.6120556],[-72.4700853,-8.6174561]]]}},{"type":"Feature","id":"AC-Y594-X236","properties":{"id":"AC-Y594-X236","grid_x":236,"grid_y":594,"centroid":[-72.4579091,-8.6148655],"aggregation":"none","score_gradboost":0.0084808,"score_random_forest":0.0040651,"score_logistic_regression":0.0314783,"score_fuzzy_knn_k29":0.04554},"geometry":{"type":"Polygon","coordinates":[[[-72.4619842,-8.6175292],[-72.4538831,-8.6176022],[-72.453834,-8.6122016],[-72.461935,-8.6121287],[-72.4619842,-8.6175292]]]}},{"type":"Feature","id":"AC-Y594-X237","properties":{"id":"AC-Y594-X237","grid_x":237,"grid_y":594,"centroid":[-72.449808,-8.6149384],"aggregation":"none","score_gradboost":0.0078528,"score_random_forest":0.0022041,"score_logistic_regression":0.0340332,"score_fuzzy_knn_k29":0.0929422},"geometry":{"type":"Polygon","coordinates":[[[-72.4538831,-8.6176022],[-72.4457818,-8.6176751],[-72.4457329,-8.6122744],[-72.453834,-8.6122016],[-72.4538831,-8.6176022]]]}},{"type":"Feature","id":"AC-Y594-X238","properties":{"id":"AC-Y594-X238","grid_x":238,"grid_y":594,"centroid":[-72.4417068,-8.6150111],"aggregation":"none","score_gradboost":0.0354979,"score_random_forest":0.0311859,"score_logistic_regression":0.0487054,"score_fuzzy_knn_k29":0.295447},"geometry":{"type":"Polygon","coordinates":[[[-72.4457818,-8.6176751],[-72.4376806,-8.6177477],[-72.4376317,-8.612347],[-72.4457329,-8.6122744],[-72.4457818,-8.6176751]]]}},{"type":"Feature","id":"AC-Y595-X228","properties":{"id":"AC-Y595-X228","grid_x":228,"grid_y":595,"centroid":[-72.5226654,-8.608876],"aggregation":"none","score_gradboost":0.0236822,"score_random_forest":0.0133745,"score_logistic_regression":0.0496247,"score_fuzzy_knn_k29":0.073753},"geometry":{"type":"Polygon","coordinates":[[[-72.5267407,-8.6115389],[-72.5186402,-8.6116132],[-72.5185903,-8.606213],[-72.5266906,-8.6061387],[-72.5267407,-8.6115389]]]}},{"type":"Feature","id":"AC-Y595-X229","properties":{"id":"AC-Y595-X229","grid_x":229,"grid_y":595,"centroid":[-72.514565,-8.6089502],"aggregation":"none","score_gradboost":0.02543,"score_random_forest":0.0134626,"score_logistic_regression":0.0479007,"score_fuzzy_knn_k29":0.0583729},"geometry":{"type":"Polygon","coordinates":[[[-72.5186402,-8.6116132],[-72.5105397,-8.6116874],[-72.5104899,-8.6062871],[-72.5185903,-8.606213],[-72.5186402,-8.6116132]]]}},{"type":"Feature","id":"AC-Y595-X230","properties":{"id":"AC-Y595-X230","grid_x":230,"grid_y":595,"centroid":[-72.5064645,-8.6090242],"aggregation":"none","score_gradboost":0.0306428,"score_random_forest":0.0276249,"score_logistic_regression":0.0424704,"score_fuzzy_knn_k29":0.037234},"geometry":{"type":"Polygon","coordinates":[[[-72.5105397,-8.6116874],[-72.5024391,-8.6117614],[-72.5023894,-8.606361],[-72.5104899,-8.6062871],[-72.5105397,-8.6116874]]]}},{"type":"Feature","id":"AC-Y595-X231","properties":{"id":"AC-Y595-X231","grid_x":231,"grid_y":595,"centroid":[-72.4983639,-8.6090981],"aggregation":"none","score_gradboost":0.0196784,"score_random_forest":0.0098103,"score_logistic_regression":0.03191,"score_fuzzy_knn_k29":0.0424873},"geometry":{"type":"Polygon","coordinates":[[[-72.5024391,-8.6117614],[-72.4943384,-8.6118352],[-72.4942888,-8.6064348],[-72.5023894,-8.606361],[-72.5024391,-8.6117614]]]}},{"type":"Feature","id":"AC-Y595-X232","properties":{"id":"AC-Y595-X232","grid_x":232,"grid_y":595,"centroid":[-72.4902633,-8.6091718],"aggregation":"none","score_gradboost":0.0496416,"score_random_forest":0.0474748,"score_logistic_regression":0.0331834,"score_fuzzy_knn_k29":0.0481734},"geometry":{"type":"Polygon","coordinates":[[[-72.4943384,-8.6118352],[-72.4862377,-8.6119088],[-72.4861882,-8.6065084],[-72.4942888,-8.6064348],[-72.4943384,-8.6118352]]]}},{"type":"Feature","id":"AC-Y595-X233","properties":{"id":"AC-Y595-X233","grid_x":233,"grid_y":595,"centroid":[-72.4821626,-8.6092453],"aggregation":"none","score_gradboost":0.0475179,"score_random_forest":0.0245383,"score_logistic_regression":0.0262321,"score_fuzzy_knn_k29":0.0285268},"geometry":{"type":"Polygon","coordinates":[[[-72.4862377,-8.6119088],[-72.4781369,-8.6119823],[-72.4780875,-8.6065818],[-72.4861882,-8.6065084],[-72.4862377,-8.6119088]]]}},{"type":"Feature","id":"AC-Y595-X234","properties":{"id":"AC-Y595-X234","grid_x":234,"grid_y":595,"centroid":[-72.4740618,-8.6093187],"aggregation":"none","score_gradboost":0.0302182,"score_random_forest":0.0573604,"score_logistic_regression":0.0362475,"score_fuzzy_knn_k29":0.0499172},"geometry":{"type":"Polygon","coordinates":[[[-72.4781369,-8.6119823],[-72.470036,-8.6120556],[-72.4699867,-8.606655],[-72.4780875,-8.6065818],[-72.4781369,-8.6119823]]]}},{"type":"Feature","id":"AC-Y595-X235","properties":{"id":"AC-Y595-X235","grid_x":235,"grid_y":595,"centroid":[-72.4659609,-8.6093919],"aggregation":"none","score_gradboost":0.0119868,"score_random_forest":0.0064439,"score_logistic_regression":0.0293842,"score_fuzzy_knn_k29":0.0},"geometry":{"type":"Polygon","coordinates":[[[-72.470036,-8.6120556],[-72.461935,-8.6121287],[-72.4618859,-8.6067281],[-72.4699867,-8.606655],[-72.470036,-8.6120556]]]}},{"type":"Feature","id":"AC-Y595-X236","properties":{"id":"AC-Y595-X236","grid_x":236,"grid_y":595,"centroid":[-72.45786,-8.6094649],"aggregation":"none","score_gradboost":0.0092564,"score_random_forest":0.0062316,"score_logistic_regression":0.0300202,"score_fuzzy_knn_k29":0.0},"geometry":{"type":"Polygon","coordinates":[[[-72.461935,-8.6121287],[-72.453834,-8.6122016],[-72.453785,-8.606801],[-72.4618859,-8.6067281],[-72.461935,-8.6121287]]]}},{"type":"Feature","id":"AC-Y595-X237","properties":{"id":"AC-Y595-X237","grid_x":237,"grid_y":595,"centroid":[-72.449759,-8.6095377],"aggregation":"none","score_gradboost":0.0264919,"score_random_forest":0.0342444,"score_logistic_regression":0.0430604,"score_fuzzy_knn_k29":0.0772083},"geometry":{"type":"Polygon","coordinates":[[[-72.453834,-8.6122016],[-72.4457329,-8.6122744],[-72.445684,-8.6068737],[-72.453785,-8.606801],[-72.453834,-8.6122016]]]}},{"type":"Feature","id":"AC-Y595-X238","properties":{"id":"AC-Y595-X238","grid_x":238,"grid_y":595,"centroid":[-72.4416579,-8.6096104],"aggregation":"none","score_gradboost":0.0083386,"score_random_forest":0.0158035,"score_logistic_regression":0.0340354,"score_fuzzy_knn_k29":0.0663848},"geometry":{"type":"Polygon","coordinates":[[[-72.4457329,-8.6122744],[-72.4376317,-8.612347],[-72.4375829,-8.6069463],[-72.445684,-8.6068737],[-72.4457329,-8.6122744]]]}},{"type":"Feature","id":"AC-Y596-X227","properties":{"id":"AC-Y596-X227","grid_x":227,"grid_y":596,"centroid":[-72.5307157,-8.6034014],"aggregation":"none","score_gradboost":0.0260675,"score_random_forest":0.0093626,"score_logistic_regression":0.0437299,"score_fuzzy_knn_k29":0.0760058},"geometry":{"type":"Polygon","coordinates":[[[-72.5347909,-8.6060643],[-72.5266906,-8.6061387],[-72.5266406,-8.6007385],[-72.5347407,-8.6006641],[-72.5347909,-8.6060643]]]}},{"type":"Feature","id":"AC-Y596-X228","properties":{"id":"AC-Y596-X228","grid_x":228,"grid_y":596,"centroid":[-72.5226155,-8.6034758],"aggregation":"none","score_gradboost":0.0518526,"score_random_forest":0.0399851,"score_logistic_regression":0.0488692,"score_fuzzy_knn_k29":0.0504066},"geometry":{"type":"Polygon","coordinates":[[[-72.5266906,-8.6061387],[-72.5185903,-8.606213],[-72.5185404,-8.6008127],[-72.5266406,-8.6007385],[-72.5266906,-8.6061387]]]}},{"type":"Feature","id":"AC-Y596-X229","properties":{"id":"AC-Y596-X229","grid_x":229,"grid_y":596,"centroid":[-72.5145151,-8.6035499],"aggregation":"none","score_gradboost":0.0276103,"score_random_forest":0.015691,"score_logistic_regression":0.0391306,"score_fuzzy_knn_k29":0.0522056},"geometry":{"type":"Polygon","coordinates":[[[-72.5185903,-8.606213],[-72.5104899,-8.6062871],[-72.5104401,-8.6008868],[-72.5185404,-8.6008127],[-72.5185903,-8.606213]]]}},{"type":"Feature","id":"AC-Y596-X230","properties":{"id":"AC-Y596-X230","grid_x":230,"grid_y":596,"centroid":[-72.5064148,-8.6036239],"aggregation":"none","score_gradboost":0.025284,"score_random_forest":0.0182174,"score_logistic_regression":0.0397353,"score_fuzzy_knn_k29":0.0242077},"geometry":{"type":"Polygon","coordinates":[[[-72.5104899,-8.6062871],[-72.5023894,-8.606361],[-72.5023397,-8.6009607],[-72.5104401,-8.6008868],[-72.5104899,-8.6062871]]]}},{"type":"Feature","id":"AC-Y596-X231","properties":{"id":"AC-Y596-X231","grid_x":231,"grid_y":596,"centroid":[-72.4983143,-8.6036977],"aggregation":"none","score_gradboost":0.0475179,"score_random_forest":0.0263747,"score_logistic_regression":0.0265683,"score_fuzzy_knn_k29":0.0305698},"geometry":{"type":"Polygon","coordinates":[[[-72.5023894,-8.606361],[-72.4942888,-8.6064348],[-72.4942393,-8.6010344],[-72.5023397,-8.6009607],[-72.5023894,-8.606361]]]}},{"type":"Feature","id":"AC-Y596-X232","properties":{"id":"AC-Y596-X232","grid_x":232,"grid_y":596,"centroid":[-72.4902138,-8.6037714],"aggregation":"none","score_gradboost":0.0858125,"score_random_forest":0.0802718,"score_logistic_regression":0.0344922,"score_fuzzy_knn_k29":0.0580707},"geometry":{"type":"Polygon","coordinates":[[[-72.4942888,-8.6064348],[-72.4861882,-8.6065084],[-72.4861387,-8.6011079],[-72.4942393,-8.6010344],[-72.4942888,-8.6064348]]]}},{"type":"Feature","id":"AC-Y596-X233","properties":{"id":"AC-Y596-X233","grid_x":233,"grid_y":596,"centroid":[-72.4821132,-8.6038449],"aggregation":"none","score_gradboost":0.1601649,"score_random_forest":0.1429199,"score_logistic_regression":0.0277678,"score_fuzzy_knn_k29":0.0676808},"geometry":{"type":"Polygon","coordinates":[[[-72.4861882,-8.6065084],[-72.4780875,-8.6065818],[-72.4780382,-8.6011813],[-72.4861387,-8.6011079],[-72.4861882,-8.6065084]]]}},{"type":"Feature","id":"AC-Y596-X234","properties":{"id":"AC-Y596-X234","grid_x":234,"grid_y":596,"centroid":[-72.4740125,-8.6039182],"aggregation":"none","score_gradboost":0.0461155,"score_random_forest":0.0318696,"score_logistic_regression":0.0274369,"score_fuzzy_knn_k29":0.0628283},"geometry":{"type":"Polygon","coordinates":[[[-72.4780875,-8.6065818],[-72.4699867,-8.606655],[-72.4699375,-8.6012545],[-72.4780382,-8.6011813],[-72.4780875,-8.6065818]]]}},{"type":"Feature","id":"AC-Y596-X235","properties":{"id":"AC-Y596-X235","grid_x":235,"grid_y":596,"centroid":[-72.4659117,-8.6039913],"aggregation":"none","score_gradboost":0.033532,"score_random_forest":0.0458133,"score_logistic_regression":0.0290633,"score_fuzzy_knn_k29":0.0567215},"geometry":{"type":"Polygon","coordinates":[[[-72.4699867,-8.606655],[-72.4618859,-8.6067281],[-72.4618368,-8.6013275],[-72.4699375,-8.6012545],[-72.4699867,-8.606655]]]}},{"type":"Feature","id":"AC-Y596-X236","properties":{"id":"AC-Y596-X236","grid_x":236,"grid_y":596,"centroid":[-72.4578109,-8.6040643],"aggregation":"none","score_gradboost":0.0133792,"score_random_forest":0.0256474,"score_logistic_regression":0.0366263,"score_fuzzy_knn_k29":0.0400953},"geometry":{"type":"Polygon","coordinates":[[[-72.4618859,-8.6067281],[-72.453785,-8.606801],[-72.453736,-8.6014004],[-72.4618368,-8.6013275],[-72.4618859,-8.6067281]]]}},{"type":"Feature","id":"AC-Y596-X237","properties":{"id":"AC-Y596-X237","grid_x":237,"grid_y":596,"centroid":[-72.44971,-8.6041371],"aggregation":"none","score_gradboost":0.0084808,"score_random_forest":0.0059748,"score_logistic_regression":0.0294877,"score_fuzzy_knn_k29":0.0481195},"geometry":{"type":"Polygon","coordinates":[[[-72.453785,-8.606801],[-72.445684,-8.6068737],[-72.4456351,-8.6014731],[-72.453736,-8.6014004],[-72.453785,-8.606801]]]}},{"type":"Feature","id":"AC-Y596-X238","properties":{"id":"AC-Y596-X238","grid_x":238,"grid_y":596,"centroid":[-72.4416091,-8.6042097],"aggregation":"none","score_gradboost":0.011217,"score_random_forest":0.0120858,"score_logistic_regression":0.0352303,"score_fuzzy_knn_k29":0.1324213},"geometry":{"type":"Polygon","coordinates":[[[-72.445684,-8.6068737],[-72.4375829,-8.6069463],[-72.4375342,-8.6015456],[-72.4456351,-8.6014731],[-72.445684,-8.6068737]]]}},{"type":"Feature","id":"AC-Y597-X227","properties":{"id":"AC-Y597-X227","grid_x":227,"grid_y":597,"centroid":[-72.5306656,-8.5980013],"aggregation":"none","score_gradboost":0.0269467,"score_random_forest":0.0177313,"score_logistic_regression":0.0446096,"score_fuzzy_knn_k29":0.055858},"geometry":{"type":"Polygon","coordinates":[[[-72.5347407,-8.6006641],[-72.5266406,-8.6007385],[-72.5265906,-8.5953383],[-72.5346906,-8.595264],[-72.5347407,-8.6006641]]]}},{"type":"Feature","id":"AC-Y597-X228","properties":{"id":"AC-Y597-X228","grid_x":228,"grid_y":597,"centroid":[-72.5225655,-8.5980755],"aggregation":"none","score_gradboost":0.0306428,"score_random_forest":0.0229425,"score_logistic_regression":0.043117,"score_fuzzy_knn_k29":0.068128},"geometry":{"type":"Polygon","coordinates":[[[-72.5266406,-8.6007385],[-72.5185404,-8.6008127],[-72.5184905,-8.5954125],[-72.5265906,-8.5953383],[-72.5266406,-8.6007385]]]}},{"type":"Feature","id":"AC-Y597-X229","properties":{"id":"AC-Y597-X229","grid_x":229,"grid_y":597,"centroid":[-72.5144653,-8.5981497],"aggregation":"none","score_gradboost":0.0186803,"score_random_forest":0.0091025,"score_logistic_regression":0.0343967,"score_fuzzy_knn_k29":0.0220704},"geometry":{"type":"Polygon","coordinates":[[[-72.5185404,-8.6008127],[-72.5104401,-8.6008868],[-72.5103903,-8.5954865],[-72.5184905,-8.5954125],[-72.5185404,-8.6008127]]]}},{"type":"Feature","id":"AC-Y597-X230","properties":{"id":"AC-Y597-X230","grid_x":230,"grid_y":597,"centroid":[-72.506365,-8.5982236],"aggregation":"none","score_gradboost":0.052237,"score_random_forest":0.0402099,"score_logistic_regression":0.0314707,"score_fuzzy_knn_k29":0.0625296},"geometry":{"type":"Polygon","coordinates":[[[-72.5104401,-8.6008868],[-72.5023397,-8.6009607],[-72.50229,-8.5955603],[-72.5103903,-8.5954865],[-72.5104401,-8.6008868]]]}},{"type":"Feature","id":"AC-Y597-X231","properties":{"id":"AC-Y597-X231","grid_x":231,"grid_y":597,"centroid":[-72.4982647,-8.5982974],"aggregation":"none","score_gradboost":0.0691302,"score_random_forest":0.0451291,"score_logistic_regression":0.0299637,"score_fuzzy_knn_k29":0.0695976},"geometry":{"type":"Polygon","coordinates":[[[-72.5023397,-8.6009607],[-72.4942393,-8.6010344],[-72.4941897,-8.595634],[-72.50229,-8.5955603],[-72.5023397,-8.6009607]]]}},{"type":"Feature","id":"AC-Y597-X232","properties":{"id":"AC-Y597-X232","grid_x":232,"grid_y":597,"centroid":[-72.4901643,-8.598371],"aggregation":"none","score_gradboost":0.1161367,"score_random_forest":0.0665987,"score_logistic_regression":0.0286513,"score_fuzzy_knn_k29":0.0731705},"geometry":{"type":"Polygon","coordinates":[[[-72.4942393,-8.6010344],[-72.4861387,-8.6011079],[-72.4860893,-8.5957075],[-72.4941897,-8.595634],[-72.4942393,-8.6010344]]]}},{"type":"Feature","id":"AC-Y597-X233","properties":{"id":"AC-Y597-X233","grid_x":233,"grid_y":597,"centroid":[-72.4820638,-8.5984444],"aggregation":"none","score_gradboost":0.0486109,"score_random_forest":0.0805633,"score_logistic_regression":0.0322823,"score_fuzzy_knn_k29":0.0899373},"geometry":{"type":"Polygon","coordinates":[[[-72.4861387,-8.6011079],[-72.4780382,-8.6011813],[-72.4779888,-8.5957808],[-72.4860893,-8.5957075],[-72.4861387,-8.6011079]]]}},{"type":"Feature","id":"AC-Y597-X234","properties":{"id":"AC-Y597-X234","grid_x":234,"grid_y":597,"centroid":[-72.4739632,-8.5985177],"aggregation":"none","score_gradboost":0.0624468,"score_random_forest":0.1337591,"score_logistic_regression":0.0314783,"score_fuzzy_knn_k29":0.0707479},"geometry":{"type":"Polygon","coordinates":[[[-72.4780382,-8.6011813],[-72.4699375,-8.6012545],[-72.4698883,-8.595854],[-72.4779888,-8.5957808],[-72.4780382,-8.6011813]]]}},{"type":"Feature","id":"AC-Y597-X235","properties":{"id":"AC-Y597-X235","grid_x":235,"grid_y":597,"centroid":[-72.4658626,-8.5985908],"aggregation":"none","score_gradboost":0.0314552,"score_random_forest":0.0262713,"score_logistic_regression":0.0238883,"score_fuzzy_knn_k29":0.0251173},"geometry":{"type":"Polygon","coordinates":[[[-72.4699375,-8.6012545],[-72.4618368,-8.6013275],[-72.4617877,-8.595927],[-72.4698883,-8.595854],[-72.4699375,-8.6012545]]]}},{"type":"Feature","id":"AC-Y597-X236","properties":{"id":"AC-Y597-X236","grid_x":236,"grid_y":597,"centroid":[-72.4577619,-8.5986637],"aggregation":"none","score_gradboost":0.0157478,"score_random_forest":0.0205418,"score_logistic_regression":0.0326085,"score_fuzzy_knn_k29":0.0},"geometry":{"type":"Polygon","coordinates":[[[-72.4618368,-8.6013275],[-72.453736,-8.6014004],[-72.453687,-8.5959998],[-72.4617877,-8.595927],[-72.4618368,-8.6013275]]]}},{"type":"Feature","id":"AC-Y597-X237","properties":{"id":"AC-Y597-X237","grid_x":237,"grid_y":597,"centroid":[-72.4496611,-8.5987364],"aggregation":"none","score_gradboost":0.0083548,"score_random_forest":0.0029133,"score_logistic_regression":0.0305622,"score_fuzzy_knn_k29":0.0699378},"geometry":{"type":"Polygon","coordinates":[[[-72.453736,-8.6014004],[-72.4456351,-8.6014731],[-72.4455863,-8.5960724],[-72.453687,-8.5959998],[-72.453736,-8.6014004]]]}},{"type":"Feature","id":"AC-Y597-X238","properties":{"id":"AC-Y597-X238","grid_x":238,"grid_y":597,"centroid":[-72.4415602,-8.598809],"aggregation":"none","score_gradboost":0.0104329,"score_random_forest":0.0138314,"score_logistic_regression":0.0332914,"score_fuzzy_knn_k29":0.1120092},"geometry":{"type":"Polygon","coordinates":[[[-72.4456351,-8.6014731],[-72.4375342,-8.6015456],[-72.4374854,-8.5961449],[-72.4455863,-8.5960724],[-72.4456351,-8.6014731]]]}},{"type":"Feature","id":"AC-Y598-X227","properties":{"id":"AC-Y598-X227","grid_x":227,"grid_y":598,"centroid":[-72.5306156,-8.5926011],"aggregation":"none","score_gradboost":0.0306428,"score_random_forest":0.0182334,"score_logistic_regression":0.0422851,"score_fuzzy_knn_k29":0.0370859},"geometry":{"type":"Polygon","coordinates":[[[-72.5346906,-8.595264],[-72.5265906,-8.5953383],[-72.5265406,-8.5899381],[-72.5346405,-8.5898638],[-72.5346906,-8.595264]]]}},{"type":"Feature","id":"AC-Y598-X228","properties":{"id":"AC-Y598-X228","grid_x":228,"grid_y":598,"centroid":[-72.5225156,-8.5926753],"aggregation":"none","score_gradboost":0.025284,"score_random_forest":0.0172507,"score_logistic_regression":0.0393765,"score_fuzzy_knn_k29":0.0243989},"geometry":{"type":"Polygon","coordinates":[[[-72.5265906,-8.5953383],[-72.5184905,-8.5954125],[-72.5184406,-8.5900122],[-72.5265406,-8.5899381],[-72.5265906,-8.5953383]]]}},{"type":"Feature","id":"AC-Y598-X229","properties":{"id":"AC-Y598-X229","grid_x":229,"grid_y":598,"centroid":[-72.5144155,-8.5927494],"aggregation":"none","score_gradboost":0.0482328,"score_random_forest":0.0642096,"score_logistic_regression":0.035806,"score_fuzzy_knn_k29":0.0521487},"geometry":{"type":"Polygon","coordinates":[[[-72.5184905,-8.5954125],[-72.5103903,-8.5954865],[-72.5103406,-8.5900862],[-72.5184406,-8.5900122],[-72.5184905,-8.5954125]]]}},{"type":"Feature","id":"AC-Y598-X230","properties":{"id":"AC-Y598-X230","grid_x":230,"grid_y":598,"centroid":[-72.5063153,-8.5928233],"aggregation":"none","score_gradboost":0.0655723,"score_random_forest":0.0508753,"score_logistic_regression":0.0314812,"score_fuzzy_knn_k29":0.0699296},"geometry":{"type":"Polygon","coordinates":[[[-72.5103903,-8.5954865],[-72.50229,-8.5955603],[-72.5022404,-8.59016],[-72.5103406,-8.5900862],[-72.5103903,-8.5954865]]]}},{"type":"Feature","id":"AC-Y598-X231","properties":{"id":"AC-Y598-X231","grid_x":231,"grid_y":598,"centroid":[-72.4982151,-8.592897],"aggregation":"none","score_gradboost":0.1363338,"score_random_forest":0.1562991,"score_logistic_regression":0.0339034,"score_fuzzy_knn_k29":0.0776491},"geometry":{"type":"Polygon","coordinates":[[[-72.50229,-8.5955603],[-72.4941897,-8.595634],[-72.4941402,-8.5902336],[-72.5022404,-8.59016],[-72.50229,-8.5955603]]]}},{"type":"Feature","id":"AC-Y598-X232","properties":{"id":"AC-Y598-X232","grid_x":232,"grid_y":598,"centroid":[-72.4901148,-8.5929706],"aggregation":"none","score_gradboost":0.0499079,"score_random_forest":0.0574764,"score_logistic_regression":0.0282751,"score_fuzzy_knn_k29":0.0945664},"geometry":{"type":"Polygon","coordinates":[[[-72.4941897,-8.595634],[-72.4860893,-8.5957075],[-72.4860399,-8.5903071],[-72.4941402,-8.5902336],[-72.4941897,-8.595634]]]}},{"type":"Feature","id":"AC-Y598-X233","properties":{"id":"AC-Y598-X233","grid_x":233,"grid_y":598,"centroid":[-72.4820144,-8.5930439],"aggregation":"none","score_gradboost":0.0446042,"score_random_forest":0.1036338,"score_logistic_regression":0.0341517,"score_fuzzy_knn_k29":0.0683229},"geometry":{"type":"Polygon","coordinates":[[[-72.4860893,-8.5957075],[-72.4779888,-8.5957808],[-72.4779396,-8.5903803],[-72.4860399,-8.5903071],[-72.4860893,-8.5957075]]]}},{"type":"Feature","id":"AC-Y598-X234","properties":{"id":"AC-Y598-X234","grid_x":234,"grid_y":598,"centroid":[-72.473914,-8.5931172],"aggregation":"none","score_gradboost":0.0710665,"score_random_forest":0.0825908,"score_logistic_regression":0.0279396,"score_fuzzy_knn_k29":0.0687},"geometry":{"type":"Polygon","coordinates":[[[-72.4779888,-8.5957808],[-72.4698883,-8.595854],[-72.4698391,-8.5904534],[-72.4779396,-8.5903803],[-72.4779888,-8.5957808]]]}},{"type":"Feature","id":"AC-Y598-X235","properties":{"id":"AC-Y598-X235","grid_x":235,"grid_y":598,"centroid":[-72.4658135,-8.5931902],"aggregation":"none","score_gradboost":0.0436864,"score_random_forest":0.0340979,"score_logistic_regression":0.0234027,"score_fuzzy_knn_k29":0.0250532},"geometry":{"type":"Polygon","coordinates":[[[-72.4698883,-8.595854],[-72.4617877,-8.595927],[-72.4617386,-8.5905264],[-72.4698391,-8.5904534],[-72.4698883,-8.595854]]]}},{"type":"Feature","id":"AC-Y598-X236","properties":{"id":"AC-Y598-X236","grid_x":236,"grid_y":598,"centroid":[-72.4577129,-8.5932631],"aggregation":"none","score_gradboost":0.0119868,"score_random_forest":0.0064439,"score_logistic_regression":0.0275426,"score_fuzzy_knn_k29":0.0},"geometry":{"type":"Polygon","coordinates":[[[-72.4617877,-8.595927],[-72.453687,-8.5959998],[-72.4536381,-8.5905991],[-72.4617386,-8.5905264],[-72.4617877,-8.595927]]]}},{"type":"Feature","id":"AC-Y598-X237","properties":{"id":"AC-Y598-X237","grid_x":237,"grid_y":598,"centroid":[-72.4496122,-8.5933358],"aggregation":"none","score_gradboost":0.0115588,"score_random_forest":0.017102,"score_logistic_regression":0.036918,"score_fuzzy_knn_k29":0.0779526},"geometry":{"type":"Polygon","coordinates":[[[-72.453687,-8.5959998],[-72.4455863,-8.5960724],[-72.4455374,-8.5906717],[-72.4536381,-8.5905991],[-72.453687,-8.5959998]]]}},{"type":"Feature","id":"AC-Y598-X238","properties":{"id":"AC-Y598-X238","grid_x":238,"grid_y":598,"centroid":[-72.4415115,-8.5934083],"aggregation":"none","score_gradboost":0.0083386,"score_random_forest":0.012718,"score_logistic_regression":0.0321405,"score_fuzzy_knn_k29":0.1057363},"geometry":{"type":"Polygon","coordinates":[[[-72.4455863,-8.5960724],[-72.4374854,-8.5961449],[-72.4374367,-8.5907442],[-72.4455374,-8.5906717],[-72.4455863,-8.5960724]]]}},{"type":"Feature","id":"AC-Y599-X227","properties":{"id":"AC-Y599-X227","grid_x":227,"grid_y":599,"centroid":[-72.5305656,-8.5872009],"aggregation":"none","score_gradboost":0.025284,"score_random_forest":0.0198106,"score_logistic_regression":0.0386577,"score_fuzzy_knn_k29":0.0256307},"geometry":{"type":"Polygon","coordinates":[[[-72.5346405,-8.5898638],[-72.5265406,-8.5899381],[-72.5264907,-8.5845379],[-72.5345905,-8.5844637],[-72.5346405,-8.5898638]]]}},{"type":"Feature","id":"AC-Y599-X228","properties":{"id":"AC-Y599-X228","grid_x":228,"grid_y":599,"centroid":[-72.5224657,-8.5872751],"aggregation":"none","score_gradboost":0.0414586,"score_random_forest":0.0623392,"score_logistic_regression":0.0432295,"score_fuzzy_knn_k29":0.0947208},"geometry":{"type":"Polygon","coordinates":[[[-72.5265406,-8.5899381],[-72.5184406,-8.5900122],[-72.5183908,-8.584612],[-72.5264907,-8.5845379],[-72.5265406,-8.5899381]]]}},{"type":"Feature","id":"AC-Y599-X229","properties":{"id":"AC-Y599-X229","grid_x":229,"grid_y":599,"centroid":[-72.5143657,-8.5873491],"aggregation":"none","score_gradboost":0.0627842,"score_random_forest":0.0661149,"score_logistic_regression":0.0366563,"score_fuzzy_knn_k29":0.06026},"geometry":{"type":"Polygon","coordinates":[[[-72.5184406,-8.5900122],[-72.5103406,-8.5900862],[-72.5102909,-8.5846859],[-72.5183908,-8.584612],[-72.5184406,-8.5900122]]]}},{"type":"Feature","id":"AC-Y599-X230","properties":{"id":"AC-Y599-X230","grid_x":230,"grid_y":599,"centroid":[-72.5062657,-8.587423],"aggregation":"none","score_gradboost":0.1213418,"score_random_forest":0.1356943,"score_logistic_regression":0.0352504,"score_fuzzy_knn_k29":0.0812788},"geometry":{"type":"Polygon","coordinates":[[[-72.5103406,-8.5900862],[-72.5022404,-8.59016],[-72.5021908,-8.5847596],[-72.5102909,-8.5846859],[-72.5103406,-8.5900862]]]}},{"type":"Feature","id":"AC-Y599-X231","properties":{"id":"AC-Y599-X231","grid_x":231,"grid_y":599,"centroid":[-72.4981656,-8.5874966],"aggregation":"none","score_gradboost":0.1093212,"score_random_forest":0.1047533,"score_logistic_regression":0.0355866,"score_fuzzy_knn_k29":0.0770253},"geometry":{"type":"Polygon","coordinates":[[[-72.5022404,-8.59016],[-72.4941402,-8.5902336],[-72.4940907,-8.5848332],[-72.5021908,-8.5847596],[-72.5022404,-8.59016]]]}},{"type":"Feature","id":"AC-Y599-X232","properties":{"id":"AC-Y599-X232","grid_x":232,"grid_y":599,"centroid":[-72.4900654,-8.5875701],"aggregation":"none","score_gradboost":0.0701643,"score_random_forest":0.0769676,"score_logistic_regression":0.0309161,"score_fuzzy_knn_k29":0.092265},"geometry":{"type":"Polygon","coordinates":[[[-72.4941402,-8.5902336],[-72.4860399,-8.5903071],[-72.4859906,-8.5849066],[-72.4940907,-8.5848332],[-72.4941402,-8.5902336]]]}},{"type":"Feature","id":"AC-Y599-X233","properties":{"id":"AC-Y599-X233","grid_x":233,"grid_y":599,"centroid":[-72.4819651,-8.5876435],"aggregation":"none","score_gradboost":0.0724795,"score_random_forest":0.0797663,"score_logistic_regression":0.0314541,"score_fuzzy_knn_k29":0.0866708},"geometry":{"type":"Polygon","coordinates":[[[-72.4860399,-8.5903071],[-72.4779396,-8.5903803],[-72.4778903,-8.5849798],[-72.4859906,-8.5849066],[-72.4860399,-8.5903071]]]}},{"type":"Feature","id":"AC-Y599-X234","properties":{"id":"AC-Y599-X234","grid_x":234,"grid_y":599,"centroid":[-72.4738648,-8.5877166],"aggregation":"none","score_gradboost":0.0730432,"score_random_forest":0.0768424,"score_logistic_regression":0.0270884,"score_fuzzy_knn_k29":0.0657417},"geometry":{"type":"Polygon","coordinates":[[[-72.4779396,-8.5903803],[-72.4698391,-8.5904534],[-72.46979,-8.5850529],[-72.4778903,-8.5849798],[-72.4779396,-8.5903803]]]}},{"type":"Feature","id":"AC-Y599-X235","properties":{"id":"AC-Y599-X235","grid_x":235,"grid_y":599,"centroid":[-72.4657644,-8.5877896],"aggregation":"none","score_gradboost":0.0436864,"score_random_forest":0.0525701,"score_logistic_regression":0.0278965,"score_fuzzy_knn_k29":0.0564957},"geometry":{"type":"Polygon","coordinates":[[[-72.4698391,-8.5904534],[-72.4617386,-8.5905264],[-72.4616896,-8.5851258],[-72.46979,-8.5850529],[-72.4698391,-8.5904534]]]}},{"type":"Feature","id":"AC-Y599-X236","properties":{"id":"AC-Y599-X236","grid_x":236,"grid_y":599,"centroid":[-72.4576639,-8.5878625],"aggregation":"none","score_gradboost":0.0160238,"score_random_forest":0.0173244,"score_logistic_regression":0.0334152,"score_fuzzy_knn_k29":0.0189552},"geometry":{"type":"Polygon","coordinates":[[[-72.4617386,-8.5905264],[-72.4536381,-8.5905991],[-72.4535892,-8.5851985],[-72.4616896,-8.5851258],[-72.4617386,-8.5905264]]]}},{"type":"Feature","id":"AC-Y599-X237","properties":{"id":"AC-Y599-X237","grid_x":237,"grid_y":599,"centroid":[-72.4495633,-8.5879351],"aggregation":"none","score_gradboost":0.0250871,"score_random_forest":0.0444556,"score_logistic_regression":0.0407332,"score_fuzzy_knn_k29":0.0678173},"geometry":{"type":"Polygon","coordinates":[[[-72.4536381,-8.5905991],[-72.4455374,-8.5906717],[-72.4454887,-8.5852711],[-72.4535892,-8.5851985],[-72.4536381,-8.5905991]]]}},{"type":"Feature","id":"AC-Y600-X227","properties":{"id":"AC-Y600-X227","grid_x":227,"grid_y":600,"centroid":[-72.5305156,-8.5818007],"aggregation":"none","score_gradboost":0.0414586,"score_random_forest":0.0653348,"score_logistic_regression":0.0418473,"score_fuzzy_knn_k29":0.0764514},"geometry":{"type":"Polygon","coordinates":[[[-72.5345905,-8.5844637],[-72.5264907,-8.5845379],[-72.5264408,-8.5791377],[-72.5345405,-8.5790635],[-72.5345905,-8.5844637]]]}},{"type":"Feature","id":"AC-Y600-X228","properties":{"id":"AC-Y600-X228","grid_x":228,"grid_y":600,"centroid":[-72.5224158,-8.5818749],"aggregation":"none","score_gradboost":0.0664441,"score_random_forest":0.0741616,"score_logistic_regression":0.0352641,"score_fuzzy_knn_k29":0.0600621},"geometry":{"type":"Polygon","coordinates":[[[-72.5264907,-8.5845379],[-72.5183908,-8.584612],[-72.518341,-8.5792117],[-72.5264408,-8.5791377],[-72.5264907,-8.5845379]]]}},{"type":"Feature","id":"AC-Y600-X229","properties":{"id":"AC-Y600-X229","grid_x":229,"grid_y":600,"centroid":[-72.514316,-8.5819488],"aggregation":"none","score_gradboost":0.1664435,"score_random_forest":0.1743643,"score_logistic_regression":0.032389,"score_fuzzy_knn_k29":0.0753438},"geometry":{"type":"Polygon","coordinates":[[[-72.5183908,-8.584612],[-72.5102909,-8.5846859],[-72.5102412,-8.5792856],[-72.518341,-8.5792117],[-72.5183908,-8.584612]]]}},{"type":"Feature","id":"AC-Y600-X230","properties":{"id":"AC-Y600-X230","grid_x":230,"grid_y":600,"centroid":[-72.5062161,-8.5820226],"aggregation":"none","score_gradboost":0.0866367,"score_random_forest":0.0669025,"score_logistic_regression":0.0315554,"score_fuzzy_knn_k29":0.0937675},"geometry":{"type":"Polygon","coordinates":[[[-72.5102909,-8.5846859],[-72.5021908,-8.5847596],[-72.5021413,-8.5793593],[-72.5102412,-8.5792856],[-72.5102909,-8.5846859]]]}},{"type":"Feature","id":"AC-Y600-X231","properties":{"id":"AC-Y600-X231","grid_x":231,"grid_y":600,"centroid":[-72.498116,-8.5820963],"aggregation":"none","score_gradboost":0.070825,"score_random_forest":0.0542491,"score_logistic_regression":0.0300843,"score_fuzzy_knn_k29":0.0941029},"geometry":{"type":"Polygon","coordinates":[[[-72.5021908,-8.5847596],[-72.4940907,-8.5848332],[-72.4940413,-8.5794328],[-72.5021413,-8.5793593],[-72.5021908,-8.5847596]]]}},{"type":"Feature","id":"AC-Y600-X232","properties":{"id":"AC-Y600-X232","grid_x":232,"grid_y":600,"centroid":[-72.490016,-8.5821697],"aggregation":"none","score_gradboost":0.0575505,"score_random_forest":0.1101261,"score_logistic_regression":0.0338923,"score_fuzzy_knn_k29":0.0677429},"geometry":{"type":"Polygon","coordinates":[[[-72.4940907,-8.5848332],[-72.4859906,-8.5849066],[-72.4859412,-8.5795062],[-72.4940413,-8.5794328],[-72.4940907,-8.5848332]]]}},{"type":"Feature","id":"AC-Y600-X233","properties":{"id":"AC-Y600-X233","grid_x":233,"grid_y":600,"centroid":[-72.4819158,-8.582243],"aggregation":"none","score_gradboost":0.0443259,"score_random_forest":0.1079494,"score_logistic_regression":0.0336464,"score_fuzzy_knn_k29":0.0663092},"geometry":{"type":"Polygon","coordinates":[[[-72.4859906,-8.5849066],[-72.4778903,-8.5849798],[-72.4778411,-8.5795794],[-72.4859412,-8.5795062],[-72.4859906,-8.5849066]]]}},{"type":"Feature","id":"AC-Y600-X234","properties":{"id":"AC-Y600-X234","grid_x":234,"grid_y":600,"centroid":[-72.4738156,-8.5823161],"aggregation":"none","score_gradboost":0.0803434,"score_random_forest":0.1411272,"score_logistic_regression":0.0308713,"score_fuzzy_knn_k29":0.0483677},"geometry":{"type":"Polygon","coordinates":[[[-72.4778903,-8.5849798],[-72.46979,-8.5850529],[-72.4697409,-8.5796524],[-72.4778411,-8.5795794],[-72.4778903,-8.5849798]]]}},{"type":"Feature","id":"AC-Y600-X235","properties":{"id":"AC-Y600-X235","grid_x":235,"grid_y":600,"centroid":[-72.4657153,-8.5823891],"aggregation":"none","score_gradboost":0.024195,"score_random_forest":0.0596871,"score_logistic_regression":0.0353812,"score_fuzzy_knn_k29":0.0426048},"geometry":{"type":"Polygon","coordinates":[[[-72.46979,-8.5850529],[-72.4616896,-8.5851258],[-72.4616406,-8.5797252],[-72.4697409,-8.5796524],[-72.46979,-8.5850529]]]}},{"type":"Feature","id":"AC-Y600-X236","properties":{"id":"AC-Y600-X236","grid_x":236,"grid_y":600,"centroid":[-72.4576149,-8.5824619],"aggregation":"none","score_gradboost":0.026722,"score_random_forest":0.0515718,"score_logistic_regression":0.0377562,"score_fuzzy_knn_k29":0.0387883},"geometry":{"type":"Polygon","coordinates":[[[-72.4616896,-8.5851258],[-72.4535892,-8.5851985],[-72.4535403,-8.5797979],[-72.4616406,-8.5797252],[-72.4616896,-8.5851258]]]}},{"type":"Feature","id":"AC-Y600-X237","properties":{"id":"AC-Y600-X237","grid_x":237,"grid_y":600,"centroid":[-72.4495145,-8.5825345],"aggregation":"none","score_gradboost":0.012526,"score_random_forest":0.0098479,"score_logistic_regression":0.0328391,"score_fuzzy_knn_k29":0.0899206},"geometry":{"type":"Polygon","coordinates":[[[-72.4535892,-8.5851985],[-72.4454887,-8.5852711],[-72.4454399,-8.5798704],[-72.4535403,-8.5797979],[-72.4535892,-8.5851985]]]}},{"type":"Feature","id":"AC-Y601-X227","properties":{"id":"AC-Y601-X227","grid_x":227,"grid_y":601,"centroid":[-72.5304657,-8.5764005],"aggregation":"none","score_gradboost":0.0540163,"score_random_forest":0.0798248,"score_logistic_regression":0.0437784,"score_fuzzy_knn_k29":0.0968516},"geometry":{"type":"Polygon","coordinates":[[[-72.5345405,-8.5790635],[-72.5264408,-8.5791377],[-72.5263909,-8.5737375],[-72.5344905,-8.5736633],[-72.5345405,-8.5790635]]]}},{"type":"Feature","id":"AC-Y601-X233","properties":{"id":"AC-Y601-X233","grid_x":233,"grid_y":601,"centroid":[-72.4818666,-8.5768425],"aggregation":"none","score_gradboost":0.0700766,"score_random_forest":0.0836896,"score_logistic_regression":0.0293435,"score_fuzzy_knn_k29":0.0672584},"geometry":{"type":"Polygon","coordinates":[[[-72.4859412,-8.5795062],[-72.4778411,-8.5795793],[-72.4777919,-8.5741789],[-72.485892,-8.5741057],[-72.4859412,-8.5795062]]]}},{"type":"Feature","id":"AC-Y601-X234","properties":{"id":"AC-Y601-X234","grid_x":234,"grid_y":601,"centroid":[-72.4737665,-8.5769156],"aggregation":"none","score_gradboost":0.0547201,"score_random_forest":0.0907559,"score_logistic_regression":0.0337491,"score_fuzzy_knn_k29":0.0475963},"geometry":{"type":"Polygon","coordinates":[[[-72.4778411,-8.5795793],[-72.4697409,-8.5796524],[-72.4696919,-8.5742518],[-72.4777919,-8.5741789],[-72.4778411,-8.5795793]]]}},{"type":"Feature","id":"AC-Y601-X235","properties":{"id":"AC-Y601-X235","grid_x":235,"grid_y":601,"centroid":[-72.4656663,-8.5769885],"aggregation":"none","score_gradboost":0.0341359,"score_random_forest":0.0500991,"score_logistic_regression":0.0292821,"score_fuzzy_knn_k29":0.0188168},"geometry":{"type":"Polygon","coordinates":[[[-72.4697409,-8.5796524],[-72.4616406,-8.5797252],[-72.4615917,-8.5743246],[-72.4696919,-8.5742518],[-72.4697409,-8.5796524]]]}},{"type":"Feature","id":"AC-Y601-X236","properties":{"id":"AC-Y601-X236","grid_x":236,"grid_y":601,"centroid":[-72.457566,-8.5770613],"aggregation":"none","score_gradboost":0.0141334,"score_random_forest":0.0278042,"score_logistic_regression":0.0342234,"score_fuzzy_knn_k29":0.0470422},"geometry":{"type":"Polygon","coordinates":[[[-72.4616406,-8.5797252],[-72.4535403,-8.5797979],[-72.4534915,-8.5743973],[-72.4615917,-8.5743246],[-72.4616406,-8.5797252]]]}},{"type":"Feature","id":"AC-Y601-X237","properties":{"id":"AC-Y601-X237","grid_x":237,"grid_y":601,"centroid":[-72.4494657,-8.5771338],"aggregation":"none","score_gradboost":0.0136895,"score_random_forest":0.020372,"score_logistic_regression":0.0351558,"score_fuzzy_knn_k29":0.1104825},"geometry":{"type":"Polygon","coordinates":[[[-72.4535403,-8.5797979],[-72.4454399,-8.5798704],[-72.4453912,-8.5744697],[-72.4534915,-8.5743973],[-72.4535403,-8.5797979]]]}},{"type":"Feature","id":"AC-Y602-X234","properties":{"id":"AC-Y602-X234","grid_x":234,"grid_y":602,"centroid":[-72.4737174,-8.5715151],"aggregation":"none","score_gradboost":0.029119,"score_random_forest":0.0681949,"score_logistic_regression":0.0342526,"score_fuzzy_knn_k29":0.0435272},"geometry":{"type":"Polygon","coordinates":[[[-72.4777919,-8.5741789],[-72.4696919,-8.5742518],[-72.4696428,-8.5688513],[-72.4777428,-8.5687784],[-72.4777919,-8.5741789]]]}},{"type":"Feature","id":"AC-Y602-X235","properties":{"id":"AC-Y602-X235","grid_x":235,"grid_y":602,"centroid":[-72.4656173,-8.571588],"aggregation":"none","score_gradboost":0.0136545,"score_random_forest":0.024217,"score_logistic_regression":0.0351797,"score_fuzzy_knn_k29":0.0},"geometry":{"type":"Polygon","coordinates":[[[-72.4696919,-8.5742518],[-72.4615917,-8.5743246],[-72.4615428,-8.568924],[-72.4696428,-8.5688513],[-72.4696919,-8.5742518]]]}},{"type":"Feature","id":"AC-Y602-X236","properties":{"id":"AC-Y602-X236","grid_x":236,"grid_y":602,"centroid":[-72.4575172,-8.5716607],"aggregation":"none","score_gradboost":0.0115588,"score_random_forest":0.0163214,"score_logistic_regression":0.0368181,"score_fuzzy_knn_k29":0.0763609},"geometry":{"type":"Polygon","coordinates":[[[-72.4615917,-8.5743246],[-72.4534915,-8.5743973],[-72.4534427,-8.5689966],[-72.4615428,-8.568924],[-72.4615917,-8.5743246]]]}},{"type":"Feature","id":"AC-Y603-X230","properties":{"id":"AC-Y603-X230","grid_x":230,"grid_y":603,"centroid":[-72.5060674,-8.5658216],"aggregation":"none","score_gradboost":0.1044218,"score_random_forest":0.033831,"score_logistic_regression":0.113605,"score_fuzzy_knn_k29":0.0840055},"geometry":{"type":"Polygon","coordinates":[[[-72.510142,-8.568485],[-72.5020423,-8.5685586],[-72.5019928,-8.5631582],[-72.5100924,-8.5630847],[-72.510142,-8.568485]]]}},{"type":"Feature","id":"AC-Y603-X234","properties":{"id":"AC-Y603-X234","grid_x":234,"grid_y":603,"centroid":[-72.4736683,-8.5661146],"aggregation":"none","score_gradboost":0.0271873,"score_random_forest":0.0793113,"score_logistic_regression":0.042006,"score_fuzzy_knn_k29":0.0159147},"geometry":{"type":"Polygon","coordinates":[[[-72.4777428,-8.5687784],[-72.4696428,-8.5688513],[-72.4695938,-8.5634507],[-72.4776937,-8.5633779],[-72.4777428,-8.5687784]]]}},{"type":"Feature","id":"AC-Y603-X235","properties":{"id":"AC-Y603-X235","grid_x":235,"grid_y":603,"centroid":[-72.4655683,-8.5661874],"aggregation":"none","score_gradboost":0.0133792,"score_random_forest":0.0267877,"score_logistic_regression":0.0346371,"score_fuzzy_knn_k29":0.0435955},"geometry":{"type":"Polygon","coordinates":[[[-72.4696428,-8.5688513],[-72.4615428,-8.568924],[-72.4614939,-8.5635234],[-72.4695938,-8.5634507],[-72.4696428,-8.5688513]]]}},{"type":"Feature","id":"AC-Y603-X236","properties":{"id":"AC-Y603-X236","grid_x":236,"grid_y":603,"centroid":[-72.4574683,-8.56626],"aggregation":"none","score_gradboost":0.0136895,"score_random_forest":0.0201222,"score_logistic_regression":0.0351215,"score_fuzzy_knn_k29":0.0944598},"geometry":{"type":"Polygon","coordinates":[[[-72.4615428,-8.568924],[-72.4534427,-8.5689966],[-72.4533939,-8.563596],[-72.4614939,-8.5635234],[-72.4615428,-8.568924]]]}},{"type":"Feature","id":"AC-Y604-X229","properties":{"id":"AC-Y604-X229","grid_x":229,"grid_y":604,"centroid":[-72.5141173,-8.5603477],"aggregation":"none","score_gradboost":0.0675708,"score_random_forest":0.0426114,"score_logistic_regression":0.1150736,"score_fuzzy_knn_k29":0.0896031},"geometry":{"type":"Polygon","coordinates":[[[-72.5181919,-8.563011],[-72.5100924,-8.5630847],[-72.5100429,-8.5576844],[-72.5181422,-8.5576107],[-72.5181919,-8.563011]]]}},{"type":"Feature","id":"AC-Y604-X230","properties":{"id":"AC-Y604-X230","grid_x":230,"grid_y":604,"centroid":[-72.5060179,-8.5604213],"aggregation":"none","score_gradboost":0.0910974,"score_random_forest":0.0715071,"score_logistic_regression":0.1122537,"score_fuzzy_knn_k29":0.0887533},"geometry":{"type":"Polygon","coordinates":[[[-72.5100924,-8.5630847],[-72.5019928,-8.5631582],[-72.5019434,-8.5577579],[-72.5100429,-8.5576844],[-72.5100924,-8.5630847]]]}},{"type":"Feature","id":"AC-Y604-X231","properties":{"id":"AC-Y604-X231","grid_x":231,"grid_y":604,"centroid":[-72.4979183,-8.5604948],"aggregation":"none","score_gradboost":0.1473198,"score_random_forest":0.1845432,"score_logistic_regression":0.1303989,"score_fuzzy_knn_k29":0.095294},"geometry":{"type":"Polygon","coordinates":[[[-72.5019928,-8.5631582],[-72.4938932,-8.5632316],[-72.4938439,-8.5578312],[-72.5019434,-8.5577579],[-72.5019928,-8.5631582]]]}},{"type":"Feature","id":"AC-Y604-X234","properties":{"id":"AC-Y604-X234","grid_x":234,"grid_y":604,"centroid":[-72.4736192,-8.5607141],"aggregation":"none","score_gradboost":0.0160238,"score_random_forest":0.0195457,"score_logistic_regression":0.0329446,"score_fuzzy_knn_k29":0.0},"geometry":{"type":"Polygon","coordinates":[[[-72.4776937,-8.5633779],[-72.4695938,-8.5634507],[-72.4695449,-8.5580502],[-72.4776446,-8.5579774],[-72.4776937,-8.5633779]]]}},{"type":"Feature","id":"AC-Y604-X235","properties":{"id":"AC-Y604-X235","grid_x":235,"grid_y":604,"centroid":[-72.4655194,-8.5607868],"aggregation":"none","score_gradboost":0.0115588,"score_random_forest":0.0173587,"score_logistic_regression":0.0372047,"score_fuzzy_knn_k29":0.0519868},"geometry":{"type":"Polygon","coordinates":[[[-72.4695938,-8.5634507],[-72.4614939,-8.5635234],[-72.461445,-8.5581229],[-72.4695449,-8.5580502],[-72.4695938,-8.5634507]]]}},{"type":"Feature","id":"AC-Y605-X232","properties":{"id":"AC-Y605-X232","grid_x":232,"grid_y":605,"centroid":[-72.4897695,-8.5551676],"aggregation":"none","score_gradboost":0.0348872,"score_random_forest":0.0900494,"score_logistic_regression":0.0381535,"score_fuzzy_knn_k29":0.0},"geometry":{"type":"Polygon","coordinates":[[[-72.4938439,-8.5578312],[-72.4857443,-8.5579044],[-72.4856951,-8.5525039],[-72.4937946,-8.5524308],[-72.4938439,-8.5578312]]]}},{"type":"Feature","id":"AC-Y605-X233","properties":{"id":"AC-Y605-X233","grid_x":233,"grid_y":605,"centroid":[-72.4816699,-8.5552407],"aggregation":"none","score_gradboost":0.0113481,"score_random_forest":0.0240973,"score_logistic_regression":0.036846,"score_fuzzy_knn_k29":0.0},"geometry":{"type":"Polygon","coordinates":[[[-72.4857443,-8.5579044],[-72.4776446,-8.5579774],[-72.4775955,-8.5525769],[-72.4856951,-8.5525039],[-72.4857443,-8.5579044]]]}},{"type":"Feature","id":"AC-Y605-X234","properties":{"id":"AC-Y605-X234","grid_x":234,"grid_y":605,"centroid":[-72.4735702,-8.5553135],"aggregation":"none","score_gradboost":0.0259076,"score_random_forest":0.0307102,"score_logistic_regression":0.0420399,"score_fuzzy_knn_k29":0.0573717},"geometry":{"type":"Polygon","coordinates":[[[-72.4776446,-8.5579774],[-72.4695449,-8.5580502],[-72.4694959,-8.5526497],[-72.4775955,-8.5525769],[-72.4776446,-8.5579774]]]}},{"type":"Feature","id":"AC-Y605-X235","properties":{"id":"AC-Y605-X235","grid_x":235,"grid_y":605,"centroid":[-72.4654705,-8.5553863],"aggregation":"none","score_gradboost":0.0136895,"score_random_forest":0.0188257,"score_logistic_regression":0.0364631,"score_fuzzy_knn_k29":0.0893398},"geometry":{"type":"Polygon","coordinates":[[[-72.4695449,-8.5580502],[-72.461445,-8.5581229],[-72.4613962,-8.5527223],[-72.4694959,-8.5526497],[-72.4695449,-8.5580502]]]}},{"type":"Feature","id":"AC-Y606-X231","properties":{"id":"AC-Y606-X231","grid_x":231,"grid_y":606,"centroid":[-72.4978197,-8.549694],"aggregation":"none","score_gradboost":0.0260557,"score_random_forest":0.0568679,"score_logistic_regression":0.1442241,"score_fuzzy_knn_k29":0.0707564},"geometry":{"type":"Polygon","coordinates":[[[-72.501894,-8.5523575],[-72.4937946,-8.5524308],[-72.4937453,-8.5470304],[-72.5018446,-8.5469572],[-72.501894,-8.5523575]]]}},{"type":"Feature","id":"AC-Y606-X232","properties":{"id":"AC-Y606-X232","grid_x":232,"grid_y":606,"centroid":[-72.4897203,-8.5497672],"aggregation":"none","score_gradboost":0.0133225,"score_random_forest":0.0172046,"score_logistic_regression":0.0334402,"score_fuzzy_knn_k29":0.0186442},"geometry":{"type":"Polygon","coordinates":[[[-72.4937946,-8.5524308],[-72.4856951,-8.5525039],[-72.485646,-8.5471035],[-72.4937453,-8.5470304],[-72.4937946,-8.5524308]]]}},{"type":"Feature","id":"AC-Y606-X233","properties":{"id":"AC-Y606-X233","grid_x":233,"grid_y":606,"centroid":[-72.4816208,-8.5498402],"aggregation":"none","score_gradboost":0.0250871,"score_random_forest":0.0347351,"score_logistic_regression":0.0413724,"score_fuzzy_knn_k29":0.0563048},"geometry":{"type":"Polygon","coordinates":[[[-72.4856951,-8.5525039],[-72.4775955,-8.5525769],[-72.4775465,-8.5471764],[-72.485646,-8.5471035],[-72.4856951,-8.5525039]]]}},{"type":"Feature","id":"AC-Y606-X234","properties":{"id":"AC-Y606-X234","grid_x":234,"grid_y":606,"centroid":[-72.4735213,-8.549913],"aggregation":"none","score_gradboost":0.0264919,"score_random_forest":0.0370118,"score_logistic_regression":0.0429293,"score_fuzzy_knn_k29":0.0483762},"geometry":{"type":"Polygon","coordinates":[[[-72.4775955,-8.5525769],[-72.4694959,-8.5526497],[-72.469447,-8.5472491],[-72.4775465,-8.5471764],[-72.4775955,-8.5525769]]]}},{"type":"Feature","id":"AC-Y607-X230","properties":{"id":"AC-Y607-X230","grid_x":230,"grid_y":607,"centroid":[-72.5058696,-8.5442203],"aggregation":"none","score_gradboost":0.0288401,"score_random_forest":0.044751,"score_logistic_regression":0.0433362,"score_fuzzy_knn_k29":0.016612},"geometry":{"type":"Polygon","coordinates":[[[-72.5099439,-8.5468838],[-72.5018446,-8.5469572],[-72.5017953,-8.5415568],[-72.5098944,-8.5414834],[-72.5099439,-8.5468838]]]}},{"type":"Feature","id":"AC-Y607-X231","properties":{"id":"AC-Y607-X231","grid_x":231,"grid_y":607,"centroid":[-72.4977704,-8.5442936],"aggregation":"none","score_gradboost":0.0222091,"score_random_forest":0.0107731,"score_logistic_regression":0.1202351,"score_fuzzy_knn_k29":0.025649},"geometry":{"type":"Polygon","coordinates":[[[-72.5018446,-8.5469572],[-72.4937453,-8.5470304],[-72.4936961,-8.54163],[-72.5017953,-8.5415568],[-72.5018446,-8.5469572]]]}},{"type":"Feature","id":"AC-Y607-X232","properties":{"id":"AC-Y607-X232","grid_x":232,"grid_y":607,"centroid":[-72.4896711,-8.5443667],"aggregation":"none","score_gradboost":0.0259395,"score_random_forest":0.0199637,"score_logistic_regression":0.1334024,"score_fuzzy_knn_k29":0.0203521},"geometry":{"type":"Polygon","coordinates":[[[-72.4937453,-8.5470304],[-72.485646,-8.5471035],[-72.4855969,-8.541703],[-72.4936961,-8.54163],[-72.4937453,-8.5470304]]]}},{"type":"Feature","id":"AC-Y607-X233","properties":{"id":"AC-Y607-X233","grid_x":233,"grid_y":607,"centroid":[-72.4815717,-8.5444397],"aggregation":"none","score_gradboost":0.0194142,"score_random_forest":0.019175,"score_logistic_regression":0.0471702,"score_fuzzy_knn_k29":0.0655841},"geometry":{"type":"Polygon","coordinates":[[[-72.485646,-8.5471035],[-72.4775465,-8.5471764],[-72.4774975,-8.5417759],[-72.4855969,-8.541703],[-72.485646,-8.5471035]]]}},{"type":"Feature","id":"AC-Y608-X229","properties":{"id":"AC-Y608-X229","grid_x":229,"grid_y":608,"centroid":[-72.5139192,-8.5387465],"aggregation":"none","score_gradboost":0.0253528,"score_random_forest":0.0369226,"score_logistic_regression":0.0481426,"score_fuzzy_knn_k29":0.0134443},"geometry":{"type":"Polygon","coordinates":[[[-72.5179935,-8.5414099],[-72.5098944,-8.5414834],[-72.509845,-8.5360831],[-72.517944,-8.5360096],[-72.5179935,-8.5414099]]]}},{"type":"Feature","id":"AC-Y608-X230","properties":{"id":"AC-Y608-X230","grid_x":230,"grid_y":608,"centroid":[-72.5058202,-8.53882],"aggregation":"none","score_gradboost":0.0222091,"score_random_forest":0.015751,"score_logistic_regression":0.1203426,"score_fuzzy_knn_k29":0.0185789},"geometry":{"type":"Polygon","coordinates":[[[-72.5098944,-8.5414834],[-72.5017953,-8.5415568],[-72.501746,-8.5361564],[-72.509845,-8.5360831],[-72.5098944,-8.5414834]]]}},{"type":"Feature","id":"AC-Y608-X231","properties":{"id":"AC-Y608-X231","grid_x":231,"grid_y":608,"centroid":[-72.4977211,-8.5388932],"aggregation":"none","score_gradboost":0.0228912,"score_random_forest":0.0242382,"score_logistic_regression":0.1655339,"score_fuzzy_knn_k29":0.0240986},"geometry":{"type":"Polygon","coordinates":[[[-72.5017953,-8.5415568],[-72.4936961,-8.54163],[-72.493647,-8.5362296],[-72.501746,-8.5361564],[-72.5017953,-8.5415568]]]}},{"type":"Feature","id":"AC-Y608-X232","properties":{"id":"AC-Y608-X232","grid_x":232,"grid_y":608,"centroid":[-72.4896219,-8.5389663],"aggregation":"none","score_gradboost":0.0232189,"score_random_forest":0.0421574,"score_logistic_regression":0.1477055,"score_fuzzy_knn_k29":0.0128469},"geometry":{"type":"Polygon","coordinates":[[[-72.4936961,-8.54163],[-72.4855969,-8.541703],[-72.4855478,-8.5363026],[-72.493647,-8.5362296],[-72.4936961,-8.54163]]]}},{"type":"Feature","id":"AC-Y608-X233","properties":{"id":"AC-Y608-X233","grid_x":233,"grid_y":608,"centroid":[-72.4815227,-8.5390392],"aggregation":"none","score_gradboost":0.0321242,"score_random_forest":0.0251458,"score_logistic_regression":0.1389244,"score_fuzzy_knn_k29":0.0102711},"geometry":{"type":"Polygon","coordinates":[[[-72.4855969,-8.541703],[-72.4774975,-8.5417759],[-72.4774486,-8.5363754],[-72.4855478,-8.5363026],[-72.4855969,-8.541703]]]}},{"type":"Feature","id":"AC-Y609-X229","properties":{"id":"AC-Y609-X229","grid_x":229,"grid_y":609,"centroid":[-72.5138698,-8.5333463],"aggregation":"none","score_gradboost":0.0119383,"score_random_forest":0.0217825,"score_logistic_regression":0.0384741,"score_fuzzy_knn_k29":0.0388565},"geometry":{"type":"Polygon","coordinates":[[[-72.517944,-8.5360096],[-72.509845,-8.5360831],[-72.5097957,-8.5306828],[-72.5178945,-8.5306094],[-72.517944,-8.5360096]]]}},{"type":"Feature","id":"AC-Y609-X230","properties":{"id":"AC-Y609-X230","grid_x":230,"grid_y":609,"centroid":[-72.5057709,-8.5334196],"aggregation":"none","score_gradboost":0.0203049,"score_random_forest":0.015326,"score_logistic_regression":0.1402204,"score_fuzzy_knn_k29":0.0127082},"geometry":{"type":"Polygon","coordinates":[[[-72.509845,-8.5360831],[-72.501746,-8.5361564],[-72.5016968,-8.5307561],[-72.5097957,-8.5306828],[-72.509845,-8.5360831]]]}},{"type":"Feature","id":"AC-Y609-X231","properties":{"id":"AC-Y609-X231","grid_x":231,"grid_y":609,"centroid":[-72.4976719,-8.5334928],"aggregation":"none","score_gradboost":0.0244561,"score_random_forest":0.0314891,"score_logistic_regression":0.1531518,"score_fuzzy_knn_k29":0.0120629},"geometry":{"type":"Polygon","coordinates":[[[-72.501746,-8.5361564],[-72.493647,-8.5362296],[-72.4935978,-8.5308292],[-72.5016968,-8.5307561],[-72.501746,-8.5361564]]]}},{"type":"Feature","id":"AC-Y609-X232","properties":{"id":"AC-Y609-X232","grid_x":232,"grid_y":609,"centroid":[-72.4895728,-8.5335659],"aggregation":"none","score_gradboost":0.0309255,"score_random_forest":0.0559529,"score_logistic_regression":0.1633692,"score_fuzzy_knn_k29":0.0134957},"geometry":{"type":"Polygon","coordinates":[[[-72.493647,-8.5362296],[-72.4855478,-8.5363026],[-72.4854988,-8.5309021],[-72.4935978,-8.5308292],[-72.493647,-8.5362296]]]}},{"type":"Feature","id":"AC-Y610-X230","properties":{"id":"AC-Y610-X230","grid_x":230,"grid_y":610,"centroid":[-72.5057216,-8.5280193],"aggregation":"none","score_gradboost":0.0254106,"score_random_forest":0.0219959,"score_logistic_regression":0.1403962,"score_fuzzy_knn_k29":0.0082897},"geometry":{"type":"Polygon","coordinates":[[[-72.5097957,-8.5306828],[-72.5016968,-8.5307561],[-72.5016475,-8.5253557],[-72.5097463,-8.5252825],[-72.5097957,-8.5306828]]]}},{"type":"Feature","id":"AC-Y601-X228","properties":{"id":"AC-Y601-X228","grid_x":228,"grid_y":601,"centroid":[-72.522366,-8.5764746],"aggregation":"none","score_gradboost":0.0996731,"score_random_forest":0.1665622,"score_logistic_regression":0.0395714,"score_fuzzy_knn_k29":0.0826776},"geometry":{"type":"Polygon","coordinates":[[[-72.5264408,-8.5791377],[-72.518341,-8.5792117],[-72.5182913,-8.5738115],[-72.5263909,-8.5737375],[-72.5264408,-8.5791377]]]}},{"type":"Feature","id":"AC-Y601-X229","properties":{"id":"AC-Y601-X229","grid_x":229,"grid_y":601,"centroid":[-72.5142663,-8.5765486],"aggregation":"none","score_gradboost":0.1088109,"score_random_forest":0.0869182,"score_logistic_regression":0.0348758,"score_fuzzy_knn_k29":0.0702557},"geometry":{"type":"Polygon","coordinates":[[[-72.518341,-8.5792117],[-72.5102412,-8.5792856],[-72.5101916,-8.5738853],[-72.5182913,-8.5738115],[-72.518341,-8.5792117]]]}},{"type":"Feature","id":"AC-Y601-X230","properties":{"id":"AC-Y601-X230","grid_x":230,"grid_y":601,"centroid":[-72.5061665,-8.5766223],"aggregation":"none","score_gradboost":0.0776906,"score_random_forest":0.1053778,"score_logistic_regression":0.0355607,"score_fuzzy_knn_k29":0.0608124},"geometry":{"type":"Polygon","coordinates":[[[-72.5102412,-8.5792856],[-72.5021413,-8.5793593],[-72.5020918,-8.5739589],[-72.5101916,-8.5738853],[-72.5102412,-8.5792856]]]}},{"type":"Feature","id":"AC-Y601-X231","properties":{"id":"AC-Y601-X231","grid_x":231,"grid_y":601,"centroid":[-72.4980666,-8.5766959],"aggregation":"none","score_gradboost":0.0520456,"score_random_forest":0.0535905,"score_logistic_regression":0.029677,"score_fuzzy_knn_k29":0.0989642},"geometry":{"type":"Polygon","coordinates":[[[-72.5021413,-8.5793593],[-72.4940413,-8.5794328],[-72.4939919,-8.5740324],[-72.5020918,-8.5739589],[-72.5021413,-8.5793593]]]}},{"type":"Feature","id":"AC-Y601-X232","properties":{"id":"AC-Y601-X232","grid_x":232,"grid_y":601,"centroid":[-72.4899666,-8.5767693],"aggregation":"none","score_gradboost":0.0670003,"score_random_forest":0.0571208,"score_logistic_regression":0.0276884,"score_fuzzy_knn_k29":0.094971},"geometry":{"type":"Polygon","coordinates":[[[-72.4940413,-8.5794328],[-72.4859412,-8.5795062],[-72.485892,-8.5741057],[-72.4939919,-8.5740324],[-72.4940413,-8.5794328]]]}},{"type":"Feature","id":"AC-Y602-X227","properties":{"id":"AC-Y602-X227","grid_x":227,"grid_y":602,"centroid":[-72.5304158,-8.5710004],"aggregation":"none","score_gradboost":0.175937,"score_random_forest":0.2490248,"score_logistic_regression":0.0385604,"score_fuzzy_knn_k29":0.0856082},"geometry":{"type":"Polygon","coordinates":[[[-72.5344905,-8.5736633],[-72.5263909,-8.5737375],[-72.5263411,-8.5683373],[-72.5344406,-8.5682632],[-72.5344905,-8.5736633]]]}},{"type":"Feature","id":"AC-Y602-X228","properties":{"id":"AC-Y602-X228","grid_x":228,"grid_y":602,"centroid":[-72.5223162,-8.5710744],"aggregation":"none","score_gradboost":0.1516011,"score_random_forest":0.1577416,"score_logistic_regression":0.0429701,"score_fuzzy_knn_k29":0.0724824},"geometry":{"type":"Polygon","coordinates":[[[-72.5263909,-8.5737375],[-72.5182913,-8.5738115],[-72.5182416,-8.5684112],[-72.5263411,-8.5683373],[-72.5263909,-8.5737375]]]}},{"type":"Feature","id":"AC-Y602-X229","properties":{"id":"AC-Y602-X229","grid_x":229,"grid_y":602,"centroid":[-72.5142166,-8.5711483],"aggregation":"none","score_gradboost":0.084956,"score_random_forest":0.0924501,"score_logistic_regression":0.039703,"score_fuzzy_knn_k29":0.0746439},"geometry":{"type":"Polygon","coordinates":[[[-72.5182913,-8.5738115],[-72.5101916,-8.5738853],[-72.510142,-8.568485],[-72.5182416,-8.5684112],[-72.5182913,-8.5738115]]]}},{"type":"Feature","id":"AC-Y602-X230","properties":{"id":"AC-Y602-X230","grid_x":230,"grid_y":602,"centroid":[-72.5061169,-8.571222],"aggregation":"none","score_gradboost":0.0662782,"score_random_forest":0.1030343,"score_logistic_regression":0.0402115,"score_fuzzy_knn_k29":0.0762576},"geometry":{"type":"Polygon","coordinates":[[[-72.5101916,-8.5738853],[-72.5020918,-8.5739589],[-72.5020423,-8.5685586],[-72.510142,-8.568485],[-72.5101916,-8.5738853]]]}},{"type":"Feature","id":"AC-Y602-X231","properties":{"id":"AC-Y602-X231","grid_x":231,"grid_y":602,"centroid":[-72.4980171,-8.5712955],"aggregation":"none","score_gradboost":0.0472926,"score_random_forest":0.1040206,"score_logistic_regression":0.0347218,"score_fuzzy_knn_k29":0.0664016},"geometry":{"type":"Polygon","coordinates":[[[-72.5020918,-8.5739589],[-72.4939919,-8.5740324],[-72.4939425,-8.568632],[-72.5020423,-8.5685586],[-72.5020918,-8.5739589]]]}},{"type":"Feature","id":"AC-Y602-X232","properties":{"id":"AC-Y602-X232","grid_x":232,"grid_y":602,"centroid":[-72.4899173,-8.5713689],"aggregation":"none","score_gradboost":0.0644457,"score_random_forest":0.0975079,"score_logistic_regression":0.032392,"score_fuzzy_knn_k29":0.0693887},"geometry":{"type":"Polygon","coordinates":[[[-72.4939919,-8.5740324],[-72.485892,-8.5741057],[-72.4858427,-8.5687053],[-72.4939425,-8.568632],[-72.4939919,-8.5740324]]]}},{"type":"Feature","id":"AC-Y602-X233","properties":{"id":"AC-Y602-X233","grid_x":233,"grid_y":602,"centroid":[-72.4818174,-8.5714421],"aggregation":"none","score_gradboost":0.0805412,"score_random_forest":0.1160018,"score_logistic_regression":0.0266966,"score_fuzzy_knn_k29":0.0602106},"geometry":{"type":"Polygon","coordinates":[[[-72.485892,-8.5741057],[-72.4777919,-8.5741789],[-72.4777428,-8.5687784],[-72.4858427,-8.5687053],[-72.485892,-8.5741057]]]}},{"type":"Feature","id":"AC-Y603-X227","properties":{"id":"AC-Y603-X227","grid_x":227,"grid_y":603,"centroid":[-72.5303659,-8.5656002],"aggregation":"none","score_gradboost":0.1516011,"score_random_forest":0.1520526,"score_logistic_regression":0.0400664,"score_fuzzy_knn_k29":0.0744062},"geometry":{"type":"Polygon","coordinates":[[[-72.5344406,-8.5682632],[-72.5263411,-8.5683373],[-72.5262913,-8.5629371],[-72.5343907,-8.562863],[-72.5344406,-8.5682632]]]}},{"type":"Feature","id":"AC-Y603-X228","properties":{"id":"AC-Y603-X228","grid_x":228,"grid_y":603,"centroid":[-72.5222665,-8.5656742],"aggregation":"none","score_gradboost":0.1079395,"score_random_forest":0.1153009,"score_logistic_regression":0.0408651,"score_fuzzy_knn_k29":0.0726363},"geometry":{"type":"Polygon","coordinates":[[[-72.5263411,-8.5683373],[-72.5182416,-8.5684112],[-72.5181919,-8.563011],[-72.5262913,-8.5629371],[-72.5263411,-8.5683373]]]}},{"type":"Feature","id":"AC-Y603-X229","properties":{"id":"AC-Y603-X229","grid_x":229,"grid_y":603,"centroid":[-72.514167,-8.565748],"aggregation":"none","score_gradboost":0.0550266,"score_random_forest":0.0916521,"score_logistic_regression":0.036291,"score_fuzzy_knn_k29":0.0679986},"geometry":{"type":"Polygon","coordinates":[[[-72.5182416,-8.5684112],[-72.510142,-8.568485],[-72.5100924,-8.5630847],[-72.5181919,-8.563011],[-72.5182416,-8.5684112]]]}},{"type":"Feature","id":"AC-Y603-X231","properties":{"id":"AC-Y603-X231","grid_x":231,"grid_y":603,"centroid":[-72.4979677,-8.5658951],"aggregation":"none","score_gradboost":0.1001925,"score_random_forest":0.1442328,"score_logistic_regression":0.0401752,"score_fuzzy_knn_k29":0.06796},"geometry":{"type":"Polygon","coordinates":[[[-72.5020423,-8.5685586],[-72.4939425,-8.568632],[-72.4938932,-8.5632316],[-72.5019928,-8.5631582],[-72.5020423,-8.5685586]]]}},{"type":"Feature","id":"AC-Y603-X232","properties":{"id":"AC-Y603-X232","grid_x":232,"grid_y":603,"centroid":[-72.489868,-8.5659685],"aggregation":"none","score_gradboost":0.1707587,"score_random_forest":0.2260696,"score_logistic_regression":0.0370939,"score_fuzzy_knn_k29":0.0688943},"geometry":{"type":"Polygon","coordinates":[[[-72.4939425,-8.568632],[-72.4858427,-8.5687053],[-72.4857935,-8.5633048],[-72.4938932,-8.5632316],[-72.4939425,-8.568632]]]}},{"type":"Feature","id":"AC-Y603-X233","properties":{"id":"AC-Y603-X233","grid_x":233,"grid_y":603,"centroid":[-72.4817682,-8.5660416],"aggregation":"none","score_gradboost":0.0337015,"score_random_forest":0.0756029,"score_logistic_regression":0.0348341,"score_fuzzy_knn_k29":0.0456268},"geometry":{"type":"Polygon","coordinates":[[[-72.4858427,-8.5687053],[-72.4777428,-8.5687784],[-72.4776937,-8.5633779],[-72.4857935,-8.5633048],[-72.4858427,-8.5687053]]]}},{"type":"Feature","id":"AC-Y604-X227","properties":{"id":"AC-Y604-X227","grid_x":227,"grid_y":604,"centroid":[-72.5303161,-8.5602],"aggregation":"none","score_gradboost":0.1729685,"score_random_forest":0.1829284,"score_logistic_regression":0.0432702,"score_fuzzy_knn_k29":0.0690811},"geometry":{"type":"Polygon","coordinates":[[[-72.5343907,-8.562863],[-72.5262913,-8.5629371],[-72.5262415,-8.5575369],[-72.5343408,-8.5574629],[-72.5343907,-8.562863]]]}},{"type":"Feature","id":"AC-Y604-X228","properties":{"id":"AC-Y604-X228","grid_x":228,"grid_y":604,"centroid":[-72.5222168,-8.5602739],"aggregation":"none","score_gradboost":0.0662782,"score_random_forest":0.0913685,"score_logistic_regression":0.0390178,"score_fuzzy_knn_k29":0.0763622},"geometry":{"type":"Polygon","coordinates":[[[-72.5262913,-8.5629371],[-72.5181919,-8.563011],[-72.5181422,-8.5576107],[-72.5262415,-8.5575369],[-72.5262913,-8.5629371]]]}},{"type":"Feature","id":"AC-Y604-X232","properties":{"id":"AC-Y604-X232","grid_x":232,"grid_y":604,"centroid":[-72.4898187,-8.560568],"aggregation":"none","score_gradboost":0.0296957,"score_random_forest":0.073934,"score_logistic_regression":0.0432905,"score_fuzzy_knn_k29":0.0321509},"geometry":{"type":"Polygon","coordinates":[[[-72.4938932,-8.5632316],[-72.4857935,-8.5633048],[-72.4857443,-8.5579044],[-72.4938439,-8.5578312],[-72.4938932,-8.5632316]]]}},{"type":"Feature","id":"AC-Y604-X233","properties":{"id":"AC-Y604-X233","grid_x":233,"grid_y":604,"centroid":[-72.481719,-8.5606411],"aggregation":"none","score_gradboost":0.0302182,"score_random_forest":0.0535914,"score_logistic_regression":0.0324651,"score_fuzzy_knn_k29":0.0207256},"geometry":{"type":"Polygon","coordinates":[[[-72.4857935,-8.5633048],[-72.4776937,-8.5633779],[-72.4776446,-8.5579774],[-72.4857443,-8.5579044],[-72.4857935,-8.5633048]]]}},{"type":"Feature","id":"AC-Y605-X227","properties":{"id":"AC-Y605-X227","grid_x":227,"grid_y":605,"centroid":[-72.5302663,-8.5547998],"aggregation":"none","score_gradboost":0.0662782,"score_random_forest":0.0938624,"score_logistic_regression":0.0383904,"score_fuzzy_knn_k29":0.0753728},"geometry":{"type":"Polygon","coordinates":[[[-72.5343408,-8.5574629],[-72.5262415,-8.5575369],[-72.5261918,-8.5521366],[-72.5342909,-8.5520627],[-72.5343408,-8.5574629]]]}},{"type":"Feature","id":"AC-Y605-X228","properties":{"id":"AC-Y605-X228","grid_x":228,"grid_y":605,"centroid":[-72.5221671,-8.5548737],"aggregation":"none","score_gradboost":0.0638665,"score_random_forest":0.1080093,"score_logistic_regression":0.0342931,"score_fuzzy_knn_k29":0.0647698},"geometry":{"type":"Polygon","coordinates":[[[-72.5262415,-8.5575369],[-72.5181422,-8.5576107],[-72.5180926,-8.5522104],[-72.5261918,-8.5521366],[-72.5262415,-8.5575369]]]}},{"type":"Feature","id":"AC-Y605-X229","properties":{"id":"AC-Y605-X229","grid_x":229,"grid_y":605,"centroid":[-72.5140678,-8.5549474],"aggregation":"none","score_gradboost":0.0647631,"score_random_forest":0.1048779,"score_logistic_regression":0.0336752,"score_fuzzy_knn_k29":0.0721769},"geometry":{"type":"Polygon","coordinates":[[[-72.5181422,-8.5576107],[-72.5100429,-8.5576844],[-72.5099933,-8.5522841],[-72.5180926,-8.5522104],[-72.5181422,-8.5576107]]]}},{"type":"Feature","id":"AC-Y605-X230","properties":{"id":"AC-Y605-X230","grid_x":230,"grid_y":605,"centroid":[-72.5059684,-8.555021],"aggregation":"none","score_gradboost":0.0964879,"score_random_forest":0.1342978,"score_logistic_regression":0.1272133,"score_fuzzy_knn_k29":0.1048724},"geometry":{"type":"Polygon","coordinates":[[[-72.5100429,-8.5576844],[-72.5019434,-8.5577579],[-72.501894,-8.5523575],[-72.5099933,-8.5522841],[-72.5100429,-8.5576844]]]}},{"type":"Feature","id":"AC-Y605-X231","properties":{"id":"AC-Y605-X231","grid_x":231,"grid_y":605,"centroid":[-72.497869,-8.5550944],"aggregation":"none","score_gradboost":0.0435743,"score_random_forest":0.0270033,"score_logistic_regression":0.1200167,"score_fuzzy_knn_k29":0.0854157},"geometry":{"type":"Polygon","coordinates":[[[-72.5019434,-8.5577579],[-72.4938439,-8.5578312],[-72.4937946,-8.5524308],[-72.501894,-8.5523575],[-72.5019434,-8.5577579]]]}},{"type":"Feature","id":"AC-Y606-X227","properties":{"id":"AC-Y606-X227","grid_x":227,"grid_y":606,"centroid":[-72.5302165,-8.5493996],"aggregation":"none","score_gradboost":0.0680479,"score_random_forest":0.1039977,"score_logistic_regression":0.0349949,"score_fuzzy_knn_k29":0.0643297},"geometry":{"type":"Polygon","coordinates":[[[-72.5342909,-8.5520627],[-72.5261918,-8.5521366],[-72.5261421,-8.5467364],[-72.5342411,-8.5466625],[-72.5342909,-8.5520627]]]}},{"type":"Feature","id":"AC-Y606-X228","properties":{"id":"AC-Y606-X228","grid_x":228,"grid_y":606,"centroid":[-72.5221174,-8.5494734],"aggregation":"none","score_gradboost":0.1001925,"score_random_forest":0.1259165,"score_logistic_regression":0.0391934,"score_fuzzy_knn_k29":0.0711754},"geometry":{"type":"Polygon","coordinates":[[[-72.5261918,-8.5521366],[-72.5180926,-8.5522104],[-72.518043,-8.5468102],[-72.5261421,-8.5467364],[-72.5261918,-8.5521366]]]}},{"type":"Feature","id":"AC-Y606-X229","properties":{"id":"AC-Y606-X229","grid_x":229,"grid_y":606,"centroid":[-72.5140182,-8.5495471],"aggregation":"none","score_gradboost":0.0704811,"score_random_forest":0.0905604,"score_logistic_regression":0.0430143,"score_fuzzy_knn_k29":0.0558633},"geometry":{"type":"Polygon","coordinates":[[[-72.5180926,-8.5522104],[-72.5099933,-8.5522841],[-72.5099439,-8.5468838],[-72.518043,-8.5468102],[-72.5180926,-8.5522104]]]}},{"type":"Feature","id":"AC-Y606-X230","properties":{"id":"AC-Y606-X230","grid_x":230,"grid_y":606,"centroid":[-72.505919,-8.5496206],"aggregation":"none","score_gradboost":0.031495,"score_random_forest":0.0520691,"score_logistic_regression":0.1391362,"score_fuzzy_knn_k29":0.0870701},"geometry":{"type":"Polygon","coordinates":[[[-72.5099933,-8.5522841],[-72.501894,-8.5523575],[-72.5018446,-8.5469572],[-72.5099439,-8.5468838],[-72.5099933,-8.5522841]]]}},{"type":"Feature","id":"AC-Y607-X227","properties":{"id":"AC-Y607-X227","grid_x":227,"grid_y":607,"centroid":[-72.5301668,-8.5439994],"aggregation":"none","score_gradboost":0.0752647,"score_random_forest":0.1959242,"score_logistic_regression":0.0426818,"score_fuzzy_knn_k29":0.0630386},"geometry":{"type":"Polygon","coordinates":[[[-72.5342411,-8.5466625],[-72.5261421,-8.5467364],[-72.5260925,-8.5413362],[-72.5341913,-8.5412623],[-72.5342411,-8.5466625]]]}},{"type":"Feature","id":"AC-Y607-X228","properties":{"id":"AC-Y607-X228","grid_x":228,"grid_y":607,"centroid":[-72.5220678,-8.5440732],"aggregation":"none","score_gradboost":0.0833834,"score_random_forest":0.09539,"score_logistic_regression":0.0392577,"score_fuzzy_knn_k29":0.06561},"geometry":{"type":"Polygon","coordinates":[[[-72.5261421,-8.5467364],[-72.518043,-8.5468102],[-72.5179935,-8.5414099],[-72.5260925,-8.5413362],[-72.5261421,-8.5467364]]]}},{"type":"Feature","id":"AC-Y607-X229","properties":{"id":"AC-Y607-X229","grid_x":229,"grid_y":607,"centroid":[-72.5139687,-8.5441468],"aggregation":"none","score_gradboost":0.0296957,"score_random_forest":0.075409,"score_logistic_regression":0.0438991,"score_fuzzy_knn_k29":0.0315083},"geometry":{"type":"Polygon","coordinates":[[[-72.518043,-8.5468102],[-72.5099439,-8.5468838],[-72.5098944,-8.5414834],[-72.5179935,-8.5414099],[-72.518043,-8.5468102]]]}},{"type":"Feature","id":"AC-Y608-X227","properties":{"id":"AC-Y608-X227","grid_x":227,"grid_y":608,"centroid":[-72.5301171,-8.5385992],"aggregation":"none","score_gradboost":0.1217889,"score_random_forest":0.1775448,"score_logistic_regression":0.0380954,"score_fuzzy_knn_k29":0.0703116},"geometry":{"type":"Polygon","coordinates":[[[-72.5341913,-8.5412623],[-72.5260925,-8.5413362],[-72.5260428,-8.535936],[-72.5341416,-8.5358622],[-72.5341913,-8.5412623]]]}},{"type":"Feature","id":"AC-Y608-X228","properties":{"id":"AC-Y608-X228","grid_x":228,"grid_y":608,"centroid":[-72.5220182,-8.538673],"aggregation":"none","score_gradboost":0.029119,"score_random_forest":0.0563203,"score_logistic_regression":0.0339841,"score_fuzzy_knn_k29":0.0460077},"geometry":{"type":"Polygon","coordinates":[[[-72.5260925,-8.5413362],[-72.5179935,-8.5414099],[-72.517944,-8.5360096],[-72.5260428,-8.535936],[-72.5260925,-8.5413362]]]}},{"type":"Feature","id":"AC-Y609-X227","properties":{"id":"AC-Y609-X227","grid_x":227,"grid_y":609,"centroid":[-72.5300674,-8.533199],"aggregation":"none","score_gradboost":0.0471585,"score_random_forest":0.0457584,"score_logistic_regression":0.1310713,"score_fuzzy_knn_k29":0.1060844},"geometry":{"type":"Polygon","coordinates":[[[-72.5341416,-8.5358622],[-72.5260428,-8.535936],[-72.5259932,-8.5305358],[-72.5340919,-8.530462],[-72.5341416,-8.5358622]]]}},{"type":"Feature","id":"AC-Y609-X228","properties":{"id":"AC-Y609-X228","grid_x":228,"grid_y":609,"centroid":[-72.5219686,-8.5332727],"aggregation":"none","score_gradboost":0.0337744,"score_random_forest":0.0876098,"score_logistic_regression":0.0393211,"score_fuzzy_knn_k29":0.0216283},"geometry":{"type":"Polygon","coordinates":[[[-72.5260428,-8.535936],[-72.517944,-8.5360096],[-72.5178945,-8.5306094],[-72.5259932,-8.5305358],[-72.5260428,-8.535936]]]}},{"type":"Feature","id":"AC-Y610-X225","properties":{"id":"AC-Y610-X225","grid_x":225,"grid_y":610,"centroid":[-72.5462148,-8.527651],"aggregation":"none","score_gradboost":0.1707587,"score_random_forest":0.2393224,"score_logistic_regression":0.0385108,"score_fuzzy_knn_k29":0.06947},"geometry":{"type":"Polygon","coordinates":[[[-72.550289,-8.5303139],[-72.5421905,-8.530388],[-72.5421407,-8.5249879],[-72.5502391,-8.5249139],[-72.550289,-8.5303139]]]}},{"type":"Feature","id":"AC-Y610-X226","properties":{"id":"AC-Y610-X226","grid_x":226,"grid_y":610,"centroid":[-72.5381163,-8.527725],"aggregation":"none","score_gradboost":0.0356495,"score_random_forest":0.0839185,"score_logistic_regression":0.0434009,"score_fuzzy_knn_k29":0.0709999},"geometry":{"type":"Polygon","coordinates":[[[-72.5421905,-8.530388],[-72.5340919,-8.530462],[-72.5340422,-8.5250618],[-72.5421407,-8.5249879],[-72.5421905,-8.530388]]]}},{"type":"Feature","id":"AC-Y610-X227","properties":{"id":"AC-Y610-X227","grid_x":227,"grid_y":610,"centroid":[-72.5300177,-8.5277988],"aggregation":"none","score_gradboost":0.0283484,"score_random_forest":0.0261714,"score_logistic_regression":0.1268303,"score_fuzzy_knn_k29":0.0644701},"geometry":{"type":"Polygon","coordinates":[[[-72.5340919,-8.530462],[-72.5259932,-8.5305358],[-72.5259436,-8.5251355],[-72.5340422,-8.5250618],[-72.5340919,-8.530462]]]}},{"type":"Feature","id":"AC-Y610-X228","properties":{"id":"AC-Y610-X228","grid_x":228,"grid_y":610,"centroid":[-72.5219191,-8.5278725],"aggregation":"none","score_gradboost":0.0164696,"score_random_forest":0.0325926,"score_logistic_regression":0.0378311,"score_fuzzy_knn_k29":0.0205293},"geometry":{"type":"Polygon","coordinates":[[[-72.5259932,-8.5305358],[-72.5178945,-8.5306094],[-72.517845,-8.5252091],[-72.5259436,-8.5251355],[-72.5259932,-8.5305358]]]}},{"type":"Feature","id":"AC-Y610-X229","properties":{"id":"AC-Y610-X229","grid_x":229,"grid_y":610,"centroid":[-72.5138204,-8.527946],"aggregation":"none","score_gradboost":0.0115588,"score_random_forest":0.0160622,"score_logistic_regression":0.0397799,"score_fuzzy_knn_k29":0.0594883},"geometry":{"type":"Polygon","coordinates":[[[-72.5178945,-8.5306094],[-72.5097957,-8.5306828],[-72.5097463,-8.5252825],[-72.517845,-8.5252091],[-72.5178945,-8.5306094]]]}},{"type":"Feature","id":"AC-Y611-X224","properties":{"id":"AC-Y611-X224","grid_x":224,"grid_y":611,"centroid":[-72.5542633,-8.5221767],"aggregation":"none","score_gradboost":0.1707587,"score_random_forest":0.2538664,"score_logistic_regression":0.041158,"score_fuzzy_knn_k29":0.0653178},"geometry":{"type":"Polygon","coordinates":[[[-72.5583374,-8.5248396],[-72.5502391,-8.5249139],[-72.5501892,-8.5195138],[-72.5582875,-8.5194396],[-72.5583374,-8.5248396]]]}},{"type":"Feature","id":"AC-Y611-X225","properties":{"id":"AC-Y611-X225","grid_x":225,"grid_y":611,"centroid":[-72.546165,-8.5222509],"aggregation":"none","score_gradboost":0.031495,"score_random_forest":0.065068,"score_logistic_regression":0.1460622,"score_fuzzy_knn_k29":0.1259385},"geometry":{"type":"Polygon","coordinates":[[[-72.5502391,-8.5249139],[-72.5421407,-8.5249879],[-72.5420909,-8.5195878],[-72.5501892,-8.5195138],[-72.5502391,-8.5249139]]]}},{"type":"Feature","id":"AC-Y611-X226","properties":{"id":"AC-Y611-X226","grid_x":226,"grid_y":611,"centroid":[-72.5380666,-8.5223248],"aggregation":"none","score_gradboost":0.0254115,"score_random_forest":0.0459446,"score_logistic_regression":0.1360703,"score_fuzzy_knn_k29":0.0413132},"geometry":{"type":"Polygon","coordinates":[[[-72.5421407,-8.5249879],[-72.5340422,-8.5250618],[-72.5339926,-8.5196616],[-72.5420909,-8.5195878],[-72.5421407,-8.5249879]]]}},{"type":"Feature","id":"AC-Y611-X227","properties":{"id":"AC-Y611-X227","grid_x":227,"grid_y":611,"centroid":[-72.5299681,-8.5223986],"aggregation":"none","score_gradboost":0.0247101,"score_random_forest":0.030705,"score_logistic_regression":0.135964,"score_fuzzy_knn_k29":0.0206077},"geometry":{"type":"Polygon","coordinates":[[[-72.5340422,-8.5250618],[-72.5259436,-8.5251355],[-72.5258941,-8.5197353],[-72.5339926,-8.5196616],[-72.5340422,-8.5250618]]]}},{"type":"Feature","id":"AC-Y611-X228","properties":{"id":"AC-Y611-X228","grid_x":228,"grid_y":611,"centroid":[-72.5218696,-8.5224722],"aggregation":"none","score_gradboost":0.0222164,"score_random_forest":0.0176861,"score_logistic_regression":0.1345711,"score_fuzzy_knn_k29":0.0195794},"geometry":{"type":"Polygon","coordinates":[[[-72.5259436,-8.5251355],[-72.517845,-8.5252091],[-72.5177956,-8.5198088],[-72.5258941,-8.5197353],[-72.5259436,-8.5251355]]]}},{"type":"Feature","id":"AC-Y611-X229","properties":{"id":"AC-Y611-X229","grid_x":229,"grid_y":611,"centroid":[-72.513771,-8.5225457],"aggregation":"none","score_gradboost":0.0084873,"score_random_forest":0.0046391,"score_logistic_regression":0.1271447,"score_fuzzy_knn_k29":0.00855},"geometry":{"type":"Polygon","coordinates":[[[-72.517845,-8.5252091],[-72.5097463,-8.5252825],[-72.509697,-8.5198822],[-72.5177956,-8.5198088],[-72.517845,-8.5252091]]]}},{"type":"Feature","id":"AC-Y612-X222","properties":{"id":"AC-Y612-X222","grid_x":222,"grid_y":612,"centroid":[-72.5704096,-8.516628],"aggregation":"none","score_gradboost":0.0316601,"score_random_forest":0.0798288,"score_logistic_regression":0.0446528,"score_fuzzy_knn_k29":0.032741},"geometry":{"type":"Polygon","coordinates":[[[-72.5744837,-8.5192907],[-72.5663856,-8.5193652],[-72.5663355,-8.5139652],[-72.5744335,-8.5138908],[-72.5744837,-8.5192907]]]}},{"type":"Feature","id":"AC-Y612-X223","properties":{"id":"AC-Y612-X223","grid_x":223,"grid_y":612,"centroid":[-72.5623115,-8.5167024],"aggregation":"none","score_gradboost":0.0354163,"score_random_forest":0.0811421,"score_logistic_regression":0.0400119,"score_fuzzy_knn_k29":0.0820589},"geometry":{"type":"Polygon","coordinates":[[[-72.5663856,-8.5193652],[-72.5582875,-8.5194396],[-72.5582375,-8.5140395],[-72.5663355,-8.5139652],[-72.5663856,-8.5193652]]]}},{"type":"Feature","id":"AC-Y612-X224","properties":{"id":"AC-Y612-X224","grid_x":224,"grid_y":612,"centroid":[-72.5542134,-8.5167767],"aggregation":"none","score_gradboost":0.0296103,"score_random_forest":0.0675899,"score_logistic_regression":0.0506421,"score_fuzzy_knn_k29":0.0137607},"geometry":{"type":"Polygon","coordinates":[[[-72.5582875,-8.5194396],[-72.5501892,-8.5195138],[-72.5501394,-8.5141137],[-72.5582375,-8.5140395],[-72.5582875,-8.5194396]]]}},{"type":"Feature","id":"AC-Y612-X225","properties":{"id":"AC-Y612-X225","grid_x":225,"grid_y":612,"centroid":[-72.5461152,-8.5168507],"aggregation":"none","score_gradboost":0.0260557,"score_random_forest":0.0519363,"score_logistic_regression":0.1510843,"score_fuzzy_knn_k29":0.060893},"geometry":{"type":"Polygon","coordinates":[[[-72.5501892,-8.5195138],[-72.5420909,-8.5195878],[-72.5420412,-8.5141876],[-72.5501394,-8.5141137],[-72.5501892,-8.5195138]]]}},{"type":"Feature","id":"AC-Y612-X226","properties":{"id":"AC-Y612-X226","grid_x":226,"grid_y":612,"centroid":[-72.5380169,-8.5169246],"aggregation":"none","score_gradboost":0.025931,"score_random_forest":0.0200519,"score_logistic_regression":0.1381159,"score_fuzzy_knn_k29":0.0149548},"geometry":{"type":"Polygon","coordinates":[[[-72.5420909,-8.5195878],[-72.5339926,-8.5196616],[-72.5339429,-8.5142614],[-72.5420412,-8.5141876],[-72.5420909,-8.5195878]]]}},{"type":"Feature","id":"AC-Y612-X227","properties":{"id":"AC-Y612-X227","grid_x":227,"grid_y":612,"centroid":[-72.5299186,-8.5169984],"aggregation":"none","score_gradboost":0.022976,"score_random_forest":0.0182945,"score_logistic_regression":0.1433488,"score_fuzzy_knn_k29":0.0209455},"geometry":{"type":"Polygon","coordinates":[[[-72.5339926,-8.5196616],[-72.5258941,-8.5197353],[-72.5258446,-8.5143351],[-72.5339429,-8.5142614],[-72.5339926,-8.5196616]]]}},{"type":"Feature","id":"AC-Y612-X228","properties":{"id":"AC-Y612-X228","grid_x":228,"grid_y":612,"centroid":[-72.5218201,-8.517072],"aggregation":"none","score_gradboost":0.0308792,"score_random_forest":0.0325385,"score_logistic_regression":0.1563313,"score_fuzzy_knn_k29":0.0146134},"geometry":{"type":"Polygon","coordinates":[[[-72.5258941,-8.5197353],[-72.5177956,-8.5198088],[-72.5177462,-8.5144085],[-72.5258446,-8.5143351],[-72.5258941,-8.5197353]]]}},{"type":"Feature","id":"AC-Y613-X221","properties":{"id":"AC-Y613-X221","grid_x":221,"grid_y":613,"centroid":[-72.5784573,-8.5111535],"aggregation":"none","score_gradboost":0.0119383,"score_random_forest":0.0227442,"score_logistic_regression":0.038622,"score_fuzzy_knn_k29":0.0403447},"geometry":{"type":"Polygon","coordinates":[[[-72.5825314,-8.5138161],[-72.5744335,-8.5138908],[-72.5743834,-8.5084908],[-72.5824811,-8.5084162],[-72.5825314,-8.5138161]]]}},{"type":"Feature","id":"AC-Y613-X222","properties":{"id":"AC-Y613-X222","grid_x":222,"grid_y":613,"centroid":[-72.5703595,-8.511228],"aggregation":"none","score_gradboost":0.030498,"score_random_forest":0.0402486,"score_logistic_regression":0.043932,"score_fuzzy_knn_k29":0.0338819},"geometry":{"type":"Polygon","coordinates":[[[-72.5744335,-8.5138908],[-72.5663355,-8.5139652],[-72.5662855,-8.5085652],[-72.5743834,-8.5084908],[-72.5744335,-8.5138908]]]}},{"type":"Feature","id":"AC-Y613-X223","properties":{"id":"AC-Y613-X223","grid_x":223,"grid_y":613,"centroid":[-72.5622615,-8.5113024],"aggregation":"none","score_gradboost":0.0211596,"score_random_forest":0.0171464,"score_logistic_regression":0.1285331,"score_fuzzy_knn_k29":0.0395149},"geometry":{"type":"Polygon","coordinates":[[[-72.5663355,-8.5139652],[-72.5582375,-8.5140395],[-72.5581876,-8.5086395],[-72.5662855,-8.5085652],[-72.5663355,-8.5139652]]]}},{"type":"Feature","id":"AC-Y613-X224","properties":{"id":"AC-Y613-X224","grid_x":224,"grid_y":613,"centroid":[-72.5541635,-8.5113766],"aggregation":"none","score_gradboost":0.0278924,"score_random_forest":0.0426673,"score_logistic_regression":0.0547255,"score_fuzzy_knn_k29":0.0094126},"geometry":{"type":"Polygon","coordinates":[[[-72.5582375,-8.5140395],[-72.5501394,-8.5141137],[-72.5500896,-8.5087136],[-72.5581876,-8.5086395],[-72.5582375,-8.5140395]]]}},{"type":"Feature","id":"AC-Y613-X225","properties":{"id":"AC-Y613-X225","grid_x":225,"grid_y":613,"centroid":[-72.5460654,-8.5114506],"aggregation":"none","score_gradboost":0.0229684,"score_random_forest":0.0153551,"score_logistic_regression":0.1416558,"score_fuzzy_knn_k29":0.0121546},"geometry":{"type":"Polygon","coordinates":[[[-72.5501394,-8.5141137],[-72.5420412,-8.5141876],[-72.5419915,-8.5087875],[-72.5500896,-8.5087136],[-72.5501394,-8.5141137]]]}},{"type":"Feature","id":"AC-Y613-X226","properties":{"id":"AC-Y613-X226","grid_x":226,"grid_y":613,"centroid":[-72.5379672,-8.5115245],"aggregation":"none","score_gradboost":0.0373575,"score_random_forest":0.0288358,"score_logistic_regression":0.1764217,"score_fuzzy_knn_k29":0.0259168},"geometry":{"type":"Polygon","coordinates":[[[-72.5420412,-8.5141876],[-72.5339429,-8.5142614],[-72.5338934,-8.5088613],[-72.5419915,-8.5087875],[-72.5420412,-8.5141876]]]}},{"type":"Feature","id":"AC-Y613-X227","properties":{"id":"AC-Y613-X227","grid_x":227,"grid_y":613,"centroid":[-72.529869,-8.5115982],"aggregation":"none","score_gradboost":0.0308792,"score_random_forest":0.052025,"score_logistic_regression":0.1666662,"score_fuzzy_knn_k29":0.0157084},"geometry":{"type":"Polygon","coordinates":[[[-72.5339429,-8.5142614],[-72.5258446,-8.5143351],[-72.5257951,-8.5089348],[-72.5338934,-8.5088613],[-72.5339429,-8.5142614]]]}},{"type":"Feature","id":"AC-Y613-X228","properties":{"id":"AC-Y613-X228","grid_x":228,"grid_y":613,"centroid":[-72.5217707,-8.5116717],"aggregation":"none","score_gradboost":0.0366251,"score_random_forest":0.0444899,"score_logistic_regression":0.1725727,"score_fuzzy_knn_k29":0.013553},"geometry":{"type":"Polygon","coordinates":[[[-72.5258446,-8.5143351],[-72.5177462,-8.5144085],[-72.5176968,-8.5090083],[-72.5257951,-8.5089348],[-72.5258446,-8.5143351]]]}},{"type":"Feature","id":"AC-Y614-X220","properties":{"id":"AC-Y614-X220","grid_x":220,"grid_y":614,"centroid":[-72.5865048,-8.5056789],"aggregation":"none","score_gradboost":0.0251033,"score_random_forest":0.0246825,"score_logistic_regression":0.0456438,"score_fuzzy_knn_k29":0.0328576},"geometry":{"type":"Polygon","coordinates":[[[-72.5905788,-8.5083415],[-72.5824811,-8.5084162],[-72.5824309,-8.5030163],[-72.5905285,-8.5029416],[-72.5905788,-8.5083415]]]}},{"type":"Feature","id":"AC-Y614-X221","properties":{"id":"AC-Y614-X221","grid_x":221,"grid_y":614,"centroid":[-72.5784072,-8.5057536],"aggregation":"none","score_gradboost":0.0264919,"score_random_forest":0.0372457,"score_logistic_regression":0.0449629,"score_fuzzy_knn_k29":0.0260803},"geometry":{"type":"Polygon","coordinates":[[[-72.5824811,-8.5084162],[-72.5743834,-8.5084908],[-72.5743332,-8.5030909],[-72.5824309,-8.5030163],[-72.5824811,-8.5084162]]]}},{"type":"Feature","id":"AC-Y614-X222","properties":{"id":"AC-Y614-X222","grid_x":222,"grid_y":614,"centroid":[-72.5703094,-8.5058281],"aggregation":"none","score_gradboost":0.0126122,"score_random_forest":0.0160622,"score_logistic_regression":0.0401518,"score_fuzzy_knn_k29":0.0580124},"geometry":{"type":"Polygon","coordinates":[[[-72.5743834,-8.5084908],[-72.5662855,-8.5085652],[-72.5662355,-8.5031653],[-72.5743332,-8.5030909],[-72.5743834,-8.5084908]]]}},{"type":"Feature","id":"AC-Y614-X223","properties":{"id":"AC-Y614-X223","grid_x":223,"grid_y":614,"centroid":[-72.5622116,-8.5059024],"aggregation":"none","score_gradboost":0.022976,"score_random_forest":0.0198384,"score_logistic_regression":0.1426841,"score_fuzzy_knn_k29":0.01904},"geometry":{"type":"Polygon","coordinates":[[[-72.5662855,-8.5085652],[-72.5581876,-8.5086395],[-72.5581377,-8.5032395],[-72.5662355,-8.5031653],[-72.5662855,-8.5085652]]]}},{"type":"Feature","id":"AC-Y614-X224","properties":{"id":"AC-Y614-X224","grid_x":224,"grid_y":614,"centroid":[-72.5541137,-8.5059765],"aggregation":"none","score_gradboost":0.0359621,"score_random_forest":0.024104,"score_logistic_regression":0.1396562,"score_fuzzy_knn_k29":0.0200484},"geometry":{"type":"Polygon","coordinates":[[[-72.5581876,-8.5086395],[-72.5500896,-8.5087136],[-72.5500398,-8.5033135],[-72.5581377,-8.5032395],[-72.5581876,-8.5086395]]]}},{"type":"Feature","id":"AC-Y614-X225","properties":{"id":"AC-Y614-X225","grid_x":225,"grid_y":614,"centroid":[-72.5460157,-8.5060505],"aggregation":"none","score_gradboost":0.027126,"score_random_forest":0.0150207,"score_logistic_regression":0.1396676,"score_fuzzy_knn_k29":0.0112403},"geometry":{"type":"Polygon","coordinates":[[[-72.5500896,-8.5087136],[-72.5419915,-8.5087875],[-72.5419418,-8.5033874],[-72.5500398,-8.5033135],[-72.5500896,-8.5087136]]]}},{"type":"Feature","id":"AC-Y614-X226","properties":{"id":"AC-Y614-X226","grid_x":226,"grid_y":614,"centroid":[-72.5379176,-8.5061243],"aggregation":"none","score_gradboost":0.0308792,"score_random_forest":0.052025,"score_logistic_regression":0.1682427,"score_fuzzy_knn_k29":0.0154346},"geometry":{"type":"Polygon","coordinates":[[[-72.5419915,-8.5087875],[-72.5338934,-8.5088613],[-72.5338438,-8.5034611],[-72.5419418,-8.5033874],[-72.5419915,-8.5087875]]]}},{"type":"Feature","id":"AC-Y614-X227","properties":{"id":"AC-Y614-X227","grid_x":227,"grid_y":614,"centroid":[-72.5298195,-8.506198],"aggregation":"none","score_gradboost":0.033096,"score_random_forest":0.0396813,"score_logistic_regression":0.2020014,"score_fuzzy_knn_k29":0.0130656},"geometry":{"type":"Polygon","coordinates":[[[-72.5338934,-8.5088613],[-72.5257951,-8.5089348],[-72.5257457,-8.5035346],[-72.5338438,-8.5034611],[-72.5338934,-8.5088613]]]}},{"type":"Feature","id":"AC-Y615-X223","properties":{"id":"AC-Y615-X223","grid_x":223,"grid_y":615,"centroid":[-72.5621616,-8.5005024],"aggregation":"none","score_gradboost":0.0301049,"score_random_forest":0.0120355,"score_logistic_regression":0.1362397,"score_fuzzy_knn_k29":0.0088626},"geometry":{"type":"Polygon","coordinates":[[[-72.5662355,-8.5031653],[-72.5581377,-8.5032395],[-72.5580878,-8.4978394],[-72.5661855,-8.4977653],[-72.5662355,-8.5031653]]]}},{"type":"Feature","id":"AC-Y615-X226","properties":{"id":"AC-Y615-X226","grid_x":226,"grid_y":615,"centroid":[-72.537868,-8.5007242],"aggregation":"none","score_gradboost":0.036732,"score_random_forest":0.022705,"score_logistic_regression":0.1578662,"score_fuzzy_knn_k29":0.0085119},"geometry":{"type":"Polygon","coordinates":[[[-72.5419418,-8.5033874],[-72.5338438,-8.5034611],[-72.5337943,-8.4980609],[-72.5418922,-8.4979872],[-72.5419418,-8.5033874]]]}},{"type":"Feature","id":"AC-Y616-X222","properties":{"id":"AC-Y616-X222","grid_x":222,"grid_y":616,"centroid":[-72.5702093,-8.4950281],"aggregation":"none","score_gradboost":0.0360403,"score_random_forest":0.0263294,"score_logistic_regression":0.1452822,"score_fuzzy_knn_k29":0.0},"geometry":{"type":"Polygon","coordinates":[[[-72.5742831,-8.4976909],[-72.5661855,-8.4977653],[-72.5661356,-8.4923653],[-72.5742331,-8.492291],[-72.5742831,-8.4976909]]]}},{"type":"Feature","id":"AC-Y616-X225","properties":{"id":"AC-Y616-X225","grid_x":225,"grid_y":616,"centroid":[-72.5459163,-8.4952503],"aggregation":"none","score_gradboost":0.0480277,"score_random_forest":0.0274018,"score_logistic_regression":0.1551479,"score_fuzzy_knn_k29":0.0},"geometry":{"type":"Polygon","coordinates":[[[-72.54999,-8.4979134],[-72.5418922,-8.4979872],[-72.5418426,-8.4925871],[-72.5499403,-8.4925133],[-72.54999,-8.4979134]]]}},{"type":"Feature","id":"AC-Y617-X220","properties":{"id":"AC-Y617-X220","grid_x":220,"grid_y":617,"centroid":[-72.5863541,-8.4894793],"aggregation":"none","score_gradboost":0.1773684,"score_random_forest":0.0775954,"score_logistic_regression":0.1528254,"score_fuzzy_knn_k29":0.0},"geometry":{"type":"Polygon","coordinates":[[[-72.5904279,-8.4921419],[-72.5823305,-8.4922165],[-72.5822804,-8.4868166],[-72.5903777,-8.4867421],[-72.5904279,-8.4921419]]]}},{"type":"Feature","id":"AC-Y617-X222","properties":{"id":"AC-Y617-X222","grid_x":222,"grid_y":617,"centroid":[-72.5701594,-8.4896282],"aggregation":"none","score_gradboost":0.0449873,"score_random_forest":0.0348283,"score_logistic_regression":0.1608378,"score_fuzzy_knn_k29":0.0},"geometry":{"type":"Polygon","coordinates":[[[-72.5742331,-8.492291],[-72.5661356,-8.4923653],[-72.5660857,-8.4869653],[-72.5741831,-8.486891],[-72.5742331,-8.492291]]]}},{"type":"Feature","id":"AC-Y617-X223","properties":{"id":"AC-Y617-X223","grid_x":223,"grid_y":617,"centroid":[-72.5620619,-8.4897023],"aggregation":"none","score_gradboost":0.0495748,"score_random_forest":0.0466877,"score_logistic_regression":0.1840682,"score_fuzzy_knn_k29":0.0},"geometry":{"type":"Polygon","coordinates":[[[-72.5661356,-8.4923653],[-72.558038,-8.4924394],[-72.5579882,-8.4870393],[-72.5660857,-8.4869653],[-72.5661356,-8.4923653]]]}},{"type":"Feature","id":"AC-Y617-X224","properties":{"id":"AC-Y617-X224","grid_x":224,"grid_y":617,"centroid":[-72.5539643,-8.4897763],"aggregation":"none","score_gradboost":0.0480277,"score_random_forest":0.0407195,"score_logistic_regression":0.1549088,"score_fuzzy_knn_k29":0.0},"geometry":{"type":"Polygon","coordinates":[[[-72.558038,-8.4924394],[-72.5499403,-8.4925133],[-72.5498907,-8.4871132],[-72.5579882,-8.4870393],[-72.558038,-8.4924394]]]}},{"type":"Feature","id":"AC-Y617-X225","properties":{"id":"AC-Y617-X225","grid_x":225,"grid_y":617,"centroid":[-72.5458667,-8.4898502],"aggregation":"none","score_gradboost":0.0398643,"score_random_forest":0.0416555,"score_logistic_regression":0.1734778,"score_fuzzy_knn_k29":0.011659},"geometry":{"type":"Polygon","coordinates":[[[-72.5499403,-8.4925133],[-72.5418426,-8.4925871],[-72.541793,-8.487187],[-72.5498907,-8.4871132],[-72.5499403,-8.4925133]]]}},{"type":"Feature","id":"AC-Y618-X222","properties":{"id":"AC-Y618-X222","grid_x":222,"grid_y":618,"centroid":[-72.5701094,-8.4842282],"aggregation":"none","score_gradboost":0.1493169,"score_random_forest":0.0792656,"score_logistic_regression":0.1757593,"score_fuzzy_knn_k29":0.0},"geometry":{"type":"Polygon","coordinates":[[[-72.5741831,-8.486891],[-72.5660857,-8.4869653],[-72.5660358,-8.4815653],[-72.5741331,-8.4814911],[-72.5741831,-8.486891]]]}},{"type":"Feature","id":"AC-Y618-X223","properties":{"id":"AC-Y618-X223","grid_x":223,"grid_y":618,"centroid":[-72.562012,-8.4843023],"aggregation":"none","score_gradboost":0.0406731,"score_random_forest":0.0318116,"score_logistic_regression":0.1530792,"score_fuzzy_knn_k29":0.0},"geometry":{"type":"Polygon","coordinates":[[[-72.5660857,-8.4869653],[-72.5579882,-8.4870393],[-72.5579384,-8.4816393],[-72.5660358,-8.4815653],[-72.5660857,-8.4869653]]]}},{"type":"Feature","id":"AC-Y618-X224","properties":{"id":"AC-Y618-X224","grid_x":224,"grid_y":618,"centroid":[-72.5539146,-8.4843763],"aggregation":"none","score_gradboost":0.0330481,"score_random_forest":0.0180829,"score_logistic_regression":0.1497567,"score_fuzzy_knn_k29":0.0},"geometry":{"type":"Polygon","coordinates":[[[-72.5579882,-8.4870393],[-72.5498907,-8.4871132],[-72.549841,-8.4817131],[-72.5579384,-8.4816393],[-72.5579882,-8.4870393]]]}},{"type":"Feature","id":"AC-Y618-X225","properties":{"id":"AC-Y618-X225","grid_x":225,"grid_y":618,"centroid":[-72.5458171,-8.48445],"aggregation":"none","score_gradboost":0.0429542,"score_random_forest":0.0290078,"score_logistic_regression":0.1649538,"score_fuzzy_knn_k29":0.0043791},"geometry":{"type":"Polygon","coordinates":[[[-72.5498907,-8.4871132],[-72.541793,-8.487187],[-72.5417435,-8.4817868],[-72.549841,-8.4817131],[-72.5498907,-8.4871132]]]}},{"type":"Feature","id":"AC-Y619-X220","properties":{"id":"AC-Y619-X220","grid_x":220,"grid_y":619,"centroid":[-72.5862538,-8.4786795],"aggregation":"none","score_gradboost":0.0874386,"score_random_forest":0.0590618,"score_logistic_regression":0.1718145,"score_fuzzy_knn_k29":0.0140111},"geometry":{"type":"Polygon","coordinates":[[[-72.5903275,-8.4813422],[-72.5822303,-8.4814167],[-72.5821802,-8.4760168],[-72.5902773,-8.4759423],[-72.5903275,-8.4813422]]]}},{"type":"Feature","id":"AC-Y619-X221","properties":{"id":"AC-Y619-X221","grid_x":221,"grid_y":619,"centroid":[-72.5781567,-8.478754],"aggregation":"none","score_gradboost":0.1454268,"score_random_forest":0.0577346,"score_logistic_regression":0.1927291,"score_fuzzy_knn_k29":0.0},"geometry":{"type":"Polygon","coordinates":[[[-72.5822303,-8.4814167],[-72.5741331,-8.4814911],[-72.5740831,-8.4760911],[-72.5821802,-8.4760168],[-72.5822303,-8.4814167]]]}},{"type":"Feature","id":"AC-Y619-X222","properties":{"id":"AC-Y619-X222","grid_x":222,"grid_y":619,"centroid":[-72.5700595,-8.4788282],"aggregation":"none","score_gradboost":0.046264,"score_random_forest":0.0646591,"score_logistic_regression":0.1819202,"score_fuzzy_knn_k29":0.0},"geometry":{"type":"Polygon","coordinates":[[[-72.5741331,-8.4814911],[-72.5660358,-8.4815653],[-72.565986,-8.4761653],[-72.5740831,-8.4760911],[-72.5741331,-8.4814911]]]}},{"type":"Feature","id":"AC-Y619-X223","properties":{"id":"AC-Y619-X223","grid_x":223,"grid_y":619,"centroid":[-72.5619622,-8.4789023],"aggregation":"none","score_gradboost":0.0520517,"score_random_forest":0.0251458,"score_logistic_regression":0.1557985,"score_fuzzy_knn_k29":0.006397},"geometry":{"type":"Polygon","coordinates":[[[-72.5660358,-8.4815653],[-72.5579384,-8.4816393],[-72.5578887,-8.4762392],[-72.565986,-8.4761653],[-72.5660358,-8.4815653]]]}},{"type":"Feature","id":"AC-Y619-X224","properties":{"id":"AC-Y619-X224","grid_x":224,"grid_y":619,"centroid":[-72.5538649,-8.4789762],"aggregation":"none","score_gradboost":0.0398258,"score_random_forest":0.015326,"score_logistic_regression":0.1598314,"score_fuzzy_knn_k29":0.0071391},"geometry":{"type":"Polygon","coordinates":[[[-72.5579384,-8.4816393],[-72.549841,-8.4817131],[-72.5497914,-8.476313],[-72.5578887,-8.4762392],[-72.5579384,-8.4816393]]]}},{"type":"Feature","id":"AC-Y619-X225","properties":{"id":"AC-Y619-X225","grid_x":225,"grid_y":619,"centroid":[-72.5457675,-8.4790499],"aggregation":"none","score_gradboost":0.0426127,"score_random_forest":0.0276501,"score_logistic_regression":0.1900702,"score_fuzzy_knn_k29":0.0237554},"geometry":{"type":"Polygon","coordinates":[[[-72.549841,-8.4817131],[-72.5417435,-8.4817868],[-72.541694,-8.4763867],[-72.5497914,-8.476313],[-72.549841,-8.4817131]]]}},{"type":"Feature","id":"AC-Y620-X220","properties":{"id":"AC-Y620-X220","grid_x":220,"grid_y":620,"centroid":[-72.5862037,-8.4732797],"aggregation":"none","score_gradboost":0.1657162,"score_random_forest":0.0743763,"score_logistic_regression":0.1646583,"score_fuzzy_knn_k29":0.0138165},"geometry":{"type":"Polygon","coordinates":[[[-72.5902773,-8.4759423],[-72.5821802,-8.4760168],[-72.5821302,-8.4706169],[-72.5902271,-8.4705425],[-72.5902773,-8.4759423]]]}},{"type":"Feature","id":"AC-Y620-X221","properties":{"id":"AC-Y620-X221","grid_x":221,"grid_y":620,"centroid":[-72.5781067,-8.473354],"aggregation":"none","score_gradboost":0.0851864,"score_random_forest":0.0396454,"score_logistic_regression":0.1677844,"score_fuzzy_knn_k29":0.0},"geometry":{"type":"Polygon","coordinates":[[[-72.5821802,-8.4760168],[-72.5740831,-8.4760911],[-72.5740332,-8.4706912],[-72.5821302,-8.4706169],[-72.5821802,-8.4760168]]]}},{"type":"Feature","id":"AC-Y620-X222","properties":{"id":"AC-Y620-X222","grid_x":222,"grid_y":620,"centroid":[-72.5700096,-8.4734282],"aggregation":"none","score_gradboost":0.0580775,"score_random_forest":0.0515827,"score_logistic_regression":0.1853599,"score_fuzzy_knn_k29":0.0119377},"geometry":{"type":"Polygon","coordinates":[[[-72.5740831,-8.4760911],[-72.565986,-8.4761653],[-72.5659362,-8.4707652],[-72.5740332,-8.4706912],[-72.5740831,-8.4760911]]]}},{"type":"Feature","id":"AC-Y620-X223","properties":{"id":"AC-Y620-X223","grid_x":223,"grid_y":620,"centroid":[-72.5619125,-8.4735022],"aggregation":"none","score_gradboost":0.0432102,"score_random_forest":0.03425,"score_logistic_regression":0.1748986,"score_fuzzy_knn_k29":0.0132227},"geometry":{"type":"Polygon","coordinates":[[[-72.565986,-8.4761653],[-72.5578887,-8.4762392],[-72.557839,-8.4708392],[-72.5659362,-8.4707652],[-72.565986,-8.4761653]]]}},{"type":"Feature","id":"AC-Y620-X224","properties":{"id":"AC-Y620-X224","grid_x":224,"grid_y":620,"centroid":[-72.5538152,-8.4735761],"aggregation":"none","score_gradboost":0.0483777,"score_random_forest":0.0469594,"score_logistic_regression":0.1678309,"score_fuzzy_knn_k29":0.0207029},"geometry":{"type":"Polygon","coordinates":[[[-72.5578887,-8.4762392],[-72.5497914,-8.476313],[-72.5497418,-8.4709129],[-72.557839,-8.4708392],[-72.5578887,-8.4762392]]]}},{"type":"Feature","id":"AC-Y620-X225","properties":{"id":"AC-Y620-X225","grid_x":225,"grid_y":620,"centroid":[-72.5457179,-8.4736498],"aggregation":"none","score_gradboost":0.0707379,"score_random_forest":0.0568307,"score_logistic_regression":0.1958206,"score_fuzzy_knn_k29":0.0286328},"geometry":{"type":"Polygon","coordinates":[[[-72.5497914,-8.476313],[-72.541694,-8.4763867],[-72.5416445,-8.4709865],[-72.5497418,-8.4709129],[-72.5497914,-8.476313]]]}},{"type":"Feature","id":"AC-Y620-X226","properties":{"id":"AC-Y620-X226","grid_x":226,"grid_y":620,"centroid":[-72.5376206,-8.4737233],"aggregation":"none","score_gradboost":0.0792477,"score_random_forest":0.0903815,"score_logistic_regression":0.2024364,"score_fuzzy_knn_k29":0.0291636},"geometry":{"type":"Polygon","coordinates":[[[-72.541694,-8.4763867],[-72.5335965,-8.4764601],[-72.5335472,-8.4710599],[-72.5416445,-8.4709865],[-72.541694,-8.4763867]]]}},{"type":"Feature","id":"AC-Y621-X220","properties":{"id":"AC-Y621-X220","grid_x":220,"grid_y":621,"centroid":[-72.5861537,-8.4678798],"aggregation":"none","score_gradboost":0.2040215,"score_random_forest":0.0742807,"score_logistic_regression":0.181452,"score_fuzzy_knn_k29":0.0},"geometry":{"type":"Polygon","coordinates":[[[-72.5902271,-8.4705425],[-72.5821302,-8.4706169],[-72.5820802,-8.465217],[-72.590177,-8.4651426],[-72.5902271,-8.4705425]]]}},{"type":"Feature","id":"AC-Y621-X221","properties":{"id":"AC-Y621-X221","grid_x":221,"grid_y":621,"centroid":[-72.5780568,-8.4679541],"aggregation":"none","score_gradboost":0.042286,"score_random_forest":0.0287664,"score_logistic_regression":0.204003,"score_fuzzy_knn_k29":0.0},"geometry":{"type":"Polygon","coordinates":[[[-72.5821302,-8.4706169],[-72.5740332,-8.4706912],[-72.5739833,-8.4652912],[-72.5820802,-8.465217],[-72.5821302,-8.4706169]]]}},{"type":"Feature","id":"AC-Y621-X222","properties":{"id":"AC-Y621-X222","grid_x":222,"grid_y":621,"centroid":[-72.5699598,-8.4680282],"aggregation":"none","score_gradboost":0.04191,"score_random_forest":0.0161637,"score_logistic_regression":0.1664707,"score_fuzzy_knn_k29":0.0032131},"geometry":{"type":"Polygon","coordinates":[[[-72.5740332,-8.4706912],[-72.5659362,-8.4707652],[-72.5658864,-8.4653652],[-72.5739833,-8.4652912],[-72.5740332,-8.4706912]]]}},{"type":"Feature","id":"AC-Y621-X223","properties":{"id":"AC-Y621-X223","grid_x":223,"grid_y":621,"centroid":[-72.5618627,-8.4681022],"aggregation":"none","score_gradboost":0.0426127,"score_random_forest":0.0306436,"score_logistic_regression":0.192839,"score_fuzzy_knn_k29":0.0227724},"geometry":{"type":"Polygon","coordinates":[[[-72.5659362,-8.4707652],[-72.557839,-8.4708392],[-72.5577894,-8.4654391],[-72.5658864,-8.4653652],[-72.5659362,-8.4707652]]]}},{"type":"Feature","id":"AC-Y621-X224","properties":{"id":"AC-Y621-X224","grid_x":224,"grid_y":621,"centroid":[-72.5537656,-8.468176],"aggregation":"none","score_gradboost":0.0474655,"score_random_forest":0.0411421,"score_logistic_regression":0.1707944,"score_fuzzy_knn_k29":0.0286547},"geometry":{"type":"Polygon","coordinates":[[[-72.557839,-8.4708392],[-72.5497418,-8.4709129],[-72.5496923,-8.4655128],[-72.5577894,-8.4654391],[-72.557839,-8.4708392]]]}},{"type":"Feature","id":"AC-Y621-X225","properties":{"id":"AC-Y621-X225","grid_x":225,"grid_y":621,"centroid":[-72.5456684,-8.4682497],"aggregation":"none","score_gradboost":0.1025222,"score_random_forest":0.0913873,"score_logistic_regression":0.2018,"score_fuzzy_knn_k29":0.0469125},"geometry":{"type":"Polygon","coordinates":[[[-72.5497418,-8.4709129],[-72.5416445,-8.4709865],[-72.5415951,-8.4655864],[-72.5496923,-8.4655128],[-72.5497418,-8.4709129]]]}},{"type":"Feature","id":"AC-Y621-X226","properties":{"id":"AC-Y621-X226","grid_x":226,"grid_y":621,"centroid":[-72.5375712,-8.4683232],"aggregation":"none","score_gradboost":0.1063676,"score_random_forest":0.0854352,"score_logistic_regression":0.1957566,"score_fuzzy_knn_k29":0.1159738},"geometry":{"type":"Polygon","coordinates":[[[-72.5416445,-8.4709865],[-72.5335472,-8.4710599],[-72.5334978,-8.4656597],[-72.5415951,-8.4655864],[-72.5416445,-8.4709865]]]}},{"type":"Feature","id":"AC-Y622-X220","properties":{"id":"AC-Y622-X220","grid_x":220,"grid_y":622,"centroid":[-72.5861036,-8.4624799],"aggregation":"none","score_gradboost":0.0707776,"score_random_forest":0.0466877,"score_logistic_regression":0.1931951,"score_fuzzy_knn_k29":0.0},"geometry":{"type":"Polygon","coordinates":[[[-72.590177,-8.4651426],[-72.5820802,-8.465217],[-72.5820303,-8.4598171],[-72.5901269,-8.4597428],[-72.590177,-8.4651426]]]}},{"type":"Feature","id":"AC-Y622-X221","properties":{"id":"AC-Y622-X221","grid_x":221,"grid_y":622,"centroid":[-72.5780068,-8.4625542],"aggregation":"none","score_gradboost":0.0580775,"score_random_forest":0.0414569,"score_logistic_regression":0.1926192,"score_fuzzy_knn_k29":0.011395},"geometry":{"type":"Polygon","coordinates":[[[-72.5820802,-8.465217],[-72.5739833,-8.4652912],[-72.5739335,-8.4598912],[-72.5820303,-8.4598171],[-72.5820802,-8.465217]]]}},{"type":"Feature","id":"AC-Y622-X222","properties":{"id":"AC-Y622-X222","grid_x":222,"grid_y":622,"centroid":[-72.56991,-8.4626283],"aggregation":"none","score_gradboost":0.0410773,"score_random_forest":0.0356044,"score_logistic_regression":0.1994164,"score_fuzzy_knn_k29":0.0114888},"geometry":{"type":"Polygon","coordinates":[[[-72.5739833,-8.4652912],[-72.5658864,-8.4653652],[-72.5658366,-8.4599652],[-72.5739335,-8.4598912],[-72.5739833,-8.4652912]]]}},{"type":"Feature","id":"AC-Y622-X223","properties":{"id":"AC-Y622-X223","grid_x":223,"grid_y":622,"centroid":[-72.561813,-8.4627022],"aggregation":"none","score_gradboost":0.0512524,"score_random_forest":0.0433032,"score_logistic_regression":0.1876395,"score_fuzzy_knn_k29":0.0281356},"geometry":{"type":"Polygon","coordinates":[[[-72.5658864,-8.4653652],[-72.5577894,-8.4654391],[-72.5577397,-8.4600391],[-72.5658366,-8.4599652],[-72.5658864,-8.4653652]]]}},{"type":"Feature","id":"AC-Y622-X224","properties":{"id":"AC-Y622-X224","grid_x":224,"grid_y":622,"centroid":[-72.553716,-8.4627759],"aggregation":"none","score_gradboost":0.0559787,"score_random_forest":0.0412552,"score_logistic_regression":0.1913985,"score_fuzzy_knn_k29":0.0477157},"geometry":{"type":"Polygon","coordinates":[[[-72.5577894,-8.4654391],[-72.5496923,-8.4655128],[-72.5496427,-8.4601127],[-72.5577397,-8.4600391],[-72.5577894,-8.4654391]]]}},{"type":"Feature","id":"AC-Y622-X225","properties":{"id":"AC-Y622-X225","grid_x":225,"grid_y":622,"centroid":[-72.545619,-8.4628495],"aggregation":"none","score_gradboost":0.1567376,"score_random_forest":0.0966825,"score_logistic_regression":0.1925642,"score_fuzzy_knn_k29":0.2603136},"geometry":{"type":"Polygon","coordinates":[[[-72.5496923,-8.4655128],[-72.5415951,-8.4655864],[-72.5415457,-8.4601862],[-72.5496427,-8.4601127],[-72.5496923,-8.4655128]]]}},{"type":"Feature","id":"AC-Y622-X226","properties":{"id":"AC-Y622-X226","grid_x":226,"grid_y":622,"centroid":[-72.5375218,-8.462923],"aggregation":"none","score_gradboost":0.3714755,"score_random_forest":0.2135323,"score_logistic_regression":0.201439,"score_fuzzy_knn_k29":0.1320596},"geometry":{"type":"Polygon","coordinates":[[[-72.5415951,-8.4655864],[-72.5334978,-8.4656597],[-72.5334486,-8.4602595],[-72.5415457,-8.4601862],[-72.5415951,-8.4655864]]]}},{"type":"Feature","id":"AC-Y622-X227","properties":{"id":"AC-Y622-X227","grid_x":227,"grid_y":622,"centroid":[-72.5294246,-8.4629962],"aggregation":"none","score_gradboost":0.4991424,"score_random_forest":0.2507727,"score_logistic_regression":0.2698053,"score_fuzzy_knn_k29":0.1817914},"geometry":{"type":"Polygon","coordinates":[[[-72.5334978,-8.4656597],[-72.5254005,-8.4657329],[-72.5253513,-8.4603327],[-72.5334486,-8.4602595],[-72.5334978,-8.4656597]]]}},{"type":"Feature","id":"AC-Y623-X220","properties":{"id":"AC-Y623-X220","grid_x":220,"grid_y":623,"centroid":[-72.5860536,-8.45708],"aggregation":"none","score_gradboost":0.0459678,"score_random_forest":0.0437975,"score_logistic_regression":0.2152821,"score_fuzzy_knn_k29":0.0094649},"geometry":{"type":"Polygon","coordinates":[[[-72.5901269,-8.4597428],[-72.5820303,-8.4598171],[-72.5819803,-8.4544172],[-72.5900769,-8.4543429],[-72.5901269,-8.4597428]]]}},{"type":"Feature","id":"AC-Y623-X221","properties":{"id":"AC-Y623-X221","grid_x":221,"grid_y":623,"centroid":[-72.5779569,-8.4571542],"aggregation":"none","score_gradboost":0.0481889,"score_random_forest":0.0543729,"score_logistic_regression":0.1893967,"score_fuzzy_knn_k29":0.0131176},"geometry":{"type":"Polygon","coordinates":[[[-72.5820303,-8.4598171],[-72.5739335,-8.4598912],[-72.5738837,-8.4544913],[-72.5819803,-8.4544172],[-72.5820303,-8.4598171]]]}},{"type":"Feature","id":"AC-Y623-X222","properties":{"id":"AC-Y623-X222","grid_x":222,"grid_y":623,"centroid":[-72.5698602,-8.4572283],"aggregation":"none","score_gradboost":0.0435877,"score_random_forest":0.0421209,"score_logistic_regression":0.1916968,"score_fuzzy_knn_k29":0.0199662},"geometry":{"type":"Polygon","coordinates":[[[-72.5739335,-8.4598912],[-72.5658366,-8.4599652],[-72.5657869,-8.4545652],[-72.5738837,-8.4544913],[-72.5739335,-8.4598912]]]}},{"type":"Feature","id":"AC-Y623-X223","properties":{"id":"AC-Y623-X223","grid_x":223,"grid_y":623,"centroid":[-72.5617634,-8.4573021],"aggregation":"none","score_gradboost":0.050305,"score_random_forest":0.0487953,"score_logistic_regression":0.1888838,"score_fuzzy_knn_k29":0.0302352},"geometry":{"type":"Polygon","coordinates":[[[-72.5658366,-8.4599652],[-72.5577397,-8.4600391],[-72.5576901,-8.454639],[-72.5657869,-8.4545652],[-72.5658366,-8.4599652]]]}},{"type":"Feature","id":"AC-Y623-X224","properties":{"id":"AC-Y623-X224","grid_x":224,"grid_y":623,"centroid":[-72.5536665,-8.4573759],"aggregation":"none","score_gradboost":0.0744407,"score_random_forest":0.0804153,"score_logistic_regression":0.1803241,"score_fuzzy_knn_k29":0.2302317},"geometry":{"type":"Polygon","coordinates":[[[-72.5577397,-8.4600391],[-72.5496427,-8.4601127],[-72.5495933,-8.4547126],[-72.5576901,-8.454639],[-72.5577397,-8.4600391]]]}},{"type":"Feature","id":"AC-Y623-X225","properties":{"id":"AC-Y623-X225","grid_x":225,"grid_y":623,"centroid":[-72.5455695,-8.4574494],"aggregation":"none","score_gradboost":0.2727403,"score_random_forest":0.2097896,"score_logistic_regression":0.1990429,"score_fuzzy_knn_k29":0.1707048},"geometry":{"type":"Polygon","coordinates":[[[-72.5496427,-8.4601127],[-72.5415457,-8.4601862],[-72.5414963,-8.4547861],[-72.5495933,-8.4547126],[-72.5496427,-8.4601127]]]}},{"type":"Feature","id":"AC-Y623-X226","properties":{"id":"AC-Y623-X226","grid_x":226,"grid_y":623,"centroid":[-72.5374725,-8.4575228],"aggregation":"none","score_gradboost":0.3929573,"score_random_forest":0.2582847,"score_logistic_regression":0.2503477,"score_fuzzy_knn_k29":0.1357744},"geometry":{"type":"Polygon","coordinates":[[[-72.5415457,-8.4601862],[-72.5334486,-8.4602595],[-72.5333993,-8.4548593],[-72.5414963,-8.4547861],[-72.5415457,-8.4601862]]]}},{"type":"Feature","id":"AC-Y623-X227","properties":{"id":"AC-Y623-X227","grid_x":227,"grid_y":623,"centroid":[-72.5293754,-8.457596],"aggregation":"none","score_gradboost":0.3055068,"score_random_forest":0.227349,"score_logistic_regression":0.2471483,"score_fuzzy_knn_k29":0.1321997},"geometry":{"type":"Polygon","coordinates":[[[-72.5334486,-8.4602595],[-72.5253513,-8.4603327],[-72.5253022,-8.4549324],[-72.5333993,-8.4548593],[-72.5334486,-8.4602595]]]}},{"type":"Feature","id":"AC-Y624-X220","properties":{"id":"AC-Y624-X220","grid_x":220,"grid_y":624,"centroid":[-72.5860036,-8.4516801],"aggregation":"none","score_gradboost":0.0495546,"score_random_forest":0.059471,"score_logistic_regression":0.212262,"score_fuzzy_knn_k29":0.0024566},"geometry":{"type":"Polygon","coordinates":[[[-72.5900769,-8.4543429],[-72.5819803,-8.4544172],[-72.5819304,-8.4490172],[-72.5900269,-8.448943],[-72.5900769,-8.4543429]]]}},{"type":"Feature","id":"AC-Y624-X221","properties":{"id":"AC-Y624-X221","grid_x":221,"grid_y":624,"centroid":[-72.5779071,-8.4517543],"aggregation":"none","score_gradboost":0.0378845,"score_random_forest":0.021763,"score_logistic_regression":0.1693356,"score_fuzzy_knn_k29":0.0152928},"geometry":{"type":"Polygon","coordinates":[[[-72.5819803,-8.4544172],[-72.5738837,-8.4544913],[-72.5738339,-8.4490913],[-72.5819304,-8.4490172],[-72.5819803,-8.4544172]]]}},{"type":"Feature","id":"AC-Y624-X222","properties":{"id":"AC-Y624-X222","grid_x":222,"grid_y":624,"centroid":[-72.5698104,-8.4518283],"aggregation":"none","score_gradboost":0.0512524,"score_random_forest":0.0460692,"score_logistic_regression":0.191711,"score_fuzzy_knn_k29":0.0275236},"geometry":{"type":"Polygon","coordinates":[[[-72.5738837,-8.4544913],[-72.5657869,-8.4545652],[-72.5657373,-8.4491652],[-72.5738339,-8.4490913],[-72.5738837,-8.4544913]]]}},{"type":"Feature","id":"AC-Y624-X223","properties":{"id":"AC-Y624-X223","grid_x":223,"grid_y":624,"centroid":[-72.5617137,-8.4519021],"aggregation":"none","score_gradboost":0.0559787,"score_random_forest":0.0458802,"score_logistic_regression":0.1964393,"score_fuzzy_knn_k29":0.0280223},"geometry":{"type":"Polygon","coordinates":[[[-72.5657869,-8.4545652],[-72.5576901,-8.454639],[-72.5576406,-8.4492389],[-72.5657373,-8.4491652],[-72.5657869,-8.4545652]]]}},{"type":"Feature","id":"AC-Y624-X224","properties":{"id":"AC-Y624-X224","grid_x":224,"grid_y":624,"centroid":[-72.553617,-8.4519758],"aggregation":"none","score_gradboost":0.2469714,"score_random_forest":0.0926622,"score_logistic_regression":0.1994921,"score_fuzzy_knn_k29":0.2252884},"geometry":{"type":"Polygon","coordinates":[[[-72.5576901,-8.454639],[-72.5495933,-8.4547126],[-72.5495438,-8.4493125],[-72.5576406,-8.4492389],[-72.5576901,-8.454639]]]}},{"type":"Feature","id":"AC-Y624-X225","properties":{"id":"AC-Y624-X225","grid_x":225,"grid_y":624,"centroid":[-72.5455201,-8.4520493],"aggregation":"none","score_gradboost":0.3414672,"score_random_forest":0.1919039,"score_logistic_regression":0.2345554,"score_fuzzy_knn_k29":0.1086071},"geometry":{"type":"Polygon","coordinates":[[[-72.5495933,-8.4547126],[-72.5414963,-8.4547861],[-72.541447,-8.4493859],[-72.5495438,-8.4493125],[-72.5495933,-8.4547126]]]}},{"type":"Feature","id":"AC-Y624-X226","properties":{"id":"AC-Y624-X226","grid_x":226,"grid_y":624,"centroid":[-72.5374232,-8.4521226],"aggregation":"none","score_gradboost":0.7482761,"score_random_forest":0.7989043,"score_logistic_regression":0.339069,"score_fuzzy_knn_k29":0.7846699},"geometry":{"type":"Polygon","coordinates":[[[-72.5414963,-8.4547861],[-72.5333993,-8.4548593],[-72.5333501,-8.4494591],[-72.541447,-8.4493859],[-72.5414963,-8.4547861]]]}},{"type":"Feature","id":"AC-Y624-X227","properties":{"id":"AC-Y624-X227","grid_x":227,"grid_y":624,"centroid":[-72.5293262,-8.4521958],"aggregation":"none","score_gradboost":0.708917,"score_random_forest":0.7552543,"score_logistic_regression":0.3281308,"score_fuzzy_knn_k29":0.779678},"geometry":{"type":"Polygon","coordinates":[[[-72.5333993,-8.4548593],[-72.5253022,-8.4549324],[-72.5252531,-8.4495322],[-72.5333501,-8.4494591],[-72.5333993,-8.4548593]]]}},{"type":"Feature","id":"AC-Y625-X220","properties":{"id":"AC-Y625-X220","grid_x":220,"grid_y":625,"centroid":[-72.5859537,-8.4462802],"aggregation":"none","score_gradboost":0.0596906,"score_random_forest":0.0513986,"score_logistic_regression":0.2192981,"score_fuzzy_knn_k29":0.0177444},"geometry":{"type":"Polygon","coordinates":[[[-72.5900269,-8.448943],[-72.5819304,-8.4490172],[-72.5818806,-8.4436173],[-72.5899769,-8.4435431],[-72.5900269,-8.448943]]]}},{"type":"Feature","id":"AC-Y625-X221","properties":{"id":"AC-Y625-X221","grid_x":221,"grid_y":625,"centroid":[-72.5778572,-8.4463543],"aggregation":"none","score_gradboost":0.0512524,"score_random_forest":0.0381414,"score_logistic_regression":0.1923318,"score_fuzzy_knn_k29":0.0278323},"geometry":{"type":"Polygon","coordinates":[[[-72.5819304,-8.4490172],[-72.5738339,-8.4490913],[-72.5737841,-8.4436913],[-72.5818806,-8.4436173],[-72.5819304,-8.4490172]]]}},{"type":"Feature","id":"AC-Y625-X222","properties":{"id":"AC-Y625-X222","grid_x":222,"grid_y":625,"centroid":[-72.5697607,-8.4464283],"aggregation":"none","score_gradboost":0.0859043,"score_random_forest":0.0757555,"score_logistic_regression":0.2167719,"score_fuzzy_knn_k29":0.0362155},"geometry":{"type":"Polygon","coordinates":[[[-72.5738339,-8.4490913],[-72.5657373,-8.4491652],[-72.5656876,-8.4437652],[-72.5737841,-8.4436913],[-72.5738339,-8.4490913]]]}},{"type":"Feature","id":"AC-Y625-X223","properties":{"id":"AC-Y625-X223","grid_x":223,"grid_y":625,"centroid":[-72.5616641,-8.4465021],"aggregation":"none","score_gradboost":0.136342,"score_random_forest":0.1214137,"score_logistic_regression":0.2228221,"score_fuzzy_knn_k29":0.074213},"geometry":{"type":"Polygon","coordinates":[[[-72.5657373,-8.4491652],[-72.5576406,-8.4492389],[-72.557591,-8.4438389],[-72.5656876,-8.4437652],[-72.5657373,-8.4491652]]]}},{"type":"Feature","id":"AC-Y625-X224","properties":{"id":"AC-Y625-X224","grid_x":224,"grid_y":625,"centroid":[-72.5535675,-8.4465757],"aggregation":"none","score_gradboost":0.444815,"score_random_forest":0.233655,"score_logistic_regression":0.2436676,"score_fuzzy_knn_k29":0.1089813},"geometry":{"type":"Polygon","coordinates":[[[-72.5576406,-8.4492389],[-72.5495438,-8.4493125],[-72.5494944,-8.4439124],[-72.557591,-8.4438389],[-72.5576406,-8.4492389]]]}},{"type":"Feature","id":"AC-Y625-X225","properties":{"id":"AC-Y625-X225","grid_x":225,"grid_y":625,"centroid":[-72.5454707,-8.4466492],"aggregation":"none","score_gradboost":0.373631,"score_random_forest":0.2402258,"score_logistic_regression":0.2577852,"score_fuzzy_knn_k29":0.1598615},"geometry":{"type":"Polygon","coordinates":[[[-72.5495438,-8.4493125],[-72.541447,-8.4493859],[-72.5413977,-8.4439857],[-72.5494944,-8.4439124],[-72.5495438,-8.4493125]]]}},{"type":"Feature","id":"AC-Y626-X220","properties":{"id":"AC-Y626-X220","grid_x":220,"grid_y":626,"centroid":[-72.5859038,-8.4408803],"aggregation":"none","score_gradboost":0.0584624,"score_random_forest":0.0787586,"score_logistic_regression":0.2095734,"score_fuzzy_knn_k29":0.0252091},"geometry":{"type":"Polygon","coordinates":[[[-72.5899769,-8.4435431],[-72.5818806,-8.4436173],[-72.5818307,-8.4382174],[-72.589927,-8.4381433],[-72.5899769,-8.4435431]]]}},{"type":"Feature","id":"AC-Y626-X221","properties":{"id":"AC-Y626-X221","grid_x":221,"grid_y":626,"centroid":[-72.5778075,-8.4409544],"aggregation":"none","score_gradboost":0.0859043,"score_random_forest":0.0709307,"score_logistic_regression":0.2146479,"score_fuzzy_knn_k29":0.0289206},"geometry":{"type":"Polygon","coordinates":[[[-72.5818806,-8.4436173],[-72.5737841,-8.4436913],[-72.5737344,-8.4382914],[-72.5818307,-8.4382174],[-72.5818806,-8.4436173]]]}},{"type":"Feature","id":"AC-Y626-X222","properties":{"id":"AC-Y626-X222","grid_x":222,"grid_y":626,"centroid":[-72.569711,-8.4410283],"aggregation":"none","score_gradboost":0.1063676,"score_random_forest":0.0773941,"score_logistic_regression":0.2005467,"score_fuzzy_knn_k29":0.1133963},"geometry":{"type":"Polygon","coordinates":[[[-72.5737841,-8.4436913],[-72.5656876,-8.4437652],[-72.565638,-8.4383652],[-72.5737344,-8.4382914],[-72.5737841,-8.4436913]]]}},{"type":"Feature","id":"AC-Y626-X223","properties":{"id":"AC-Y626-X223","grid_x":223,"grid_y":626,"centroid":[-72.5616146,-8.441102],"aggregation":"none","score_gradboost":0.4170485,"score_random_forest":0.2334342,"score_logistic_regression":0.2468974,"score_fuzzy_knn_k29":0.1175539},"geometry":{"type":"Polygon","coordinates":[[[-72.5656876,-8.4437652],[-72.557591,-8.4438389],[-72.5575415,-8.4384388],[-72.565638,-8.4383652],[-72.5656876,-8.4437652]]]}},{"type":"Feature","id":"AC-Y626-X224","properties":{"id":"AC-Y626-X224","grid_x":224,"grid_y":626,"centroid":[-72.553518,-8.4411756],"aggregation":"none","score_gradboost":0.3921075,"score_random_forest":0.1959992,"score_logistic_regression":0.2645979,"score_fuzzy_knn_k29":0.1331506},"geometry":{"type":"Polygon","coordinates":[[[-72.557591,-8.4438389],[-72.5494944,-8.4439124],[-72.549445,-8.4385123],[-72.5575415,-8.4384388],[-72.557591,-8.4438389]]]}},{"type":"Feature","id":"AC-Y626-X225","properties":{"id":"AC-Y626-X225","grid_x":225,"grid_y":626,"centroid":[-72.5454214,-8.441249],"aggregation":"none","score_gradboost":0.4554061,"score_random_forest":0.2824232,"score_logistic_regression":0.2687853,"score_fuzzy_knn_k29":0.2276576},"geometry":{"type":"Polygon","coordinates":[[[-72.5494944,-8.4439124],[-72.5413977,-8.4439857],[-72.5413484,-8.4385856],[-72.549445,-8.4385123],[-72.5494944,-8.4439124]]]}},{"type":"Feature","id":"AC-Y627-X220","properties":{"id":"AC-Y627-X220","grid_x":220,"grid_y":627,"centroid":[-72.5858539,-8.4354804],"aggregation":"none","score_gradboost":0.0491875,"score_random_forest":0.0308116,"score_logistic_regression":0.1967997,"score_fuzzy_knn_k29":0.0266885},"geometry":{"type":"Polygon","coordinates":[[[-72.589927,-8.4381433],[-72.5818307,-8.4382174],[-72.5817809,-8.4328175],[-72.5898771,-8.4327434],[-72.589927,-8.4381433]]]}},{"type":"Feature","id":"AC-Y627-X221","properties":{"id":"AC-Y627-X221","grid_x":221,"grid_y":627,"centroid":[-72.5777577,-8.4355544],"aggregation":"none","score_gradboost":0.1089525,"score_random_forest":0.1231502,"score_logistic_regression":0.2251277,"score_fuzzy_knn_k29":0.0580407},"geometry":{"type":"Polygon","coordinates":[[[-72.5818307,-8.4382174],[-72.5737344,-8.4382914],[-72.5736847,-8.4328914],[-72.5817809,-8.4328175],[-72.5818307,-8.4382174]]]}},{"type":"Feature","id":"AC-Y627-X222","properties":{"id":"AC-Y627-X222","grid_x":222,"grid_y":627,"centroid":[-72.5696614,-8.4356283],"aggregation":"none","score_gradboost":0.3748252,"score_random_forest":0.2046989,"score_logistic_regression":0.2369784,"score_fuzzy_knn_k29":0.1115075},"geometry":{"type":"Polygon","coordinates":[[[-72.5737344,-8.4382914],[-72.565638,-8.4383652],[-72.5655884,-8.4329652],[-72.5736847,-8.4328914],[-72.5737344,-8.4382914]]]}},{"type":"Feature","id":"AC-Y627-X223","properties":{"id":"AC-Y627-X223","grid_x":223,"grid_y":627,"centroid":[-72.561565,-8.435702],"aggregation":"none","score_gradboost":0.3325247,"score_random_forest":0.196257,"score_logistic_regression":0.2492522,"score_fuzzy_knn_k29":0.1096748},"geometry":{"type":"Polygon","coordinates":[[[-72.565638,-8.4383652],[-72.5575415,-8.4384388],[-72.5574921,-8.4330387],[-72.5655884,-8.4329652],[-72.565638,-8.4383652]]]}},{"type":"Feature","id":"AC-Y627-X224","properties":{"id":"AC-Y627-X224","grid_x":224,"grid_y":627,"centroid":[-72.5534686,-8.4357755],"aggregation":"none","score_gradboost":0.3847271,"score_random_forest":0.2677334,"score_logistic_regression":0.2680048,"score_fuzzy_knn_k29":0.1627003},"geometry":{"type":"Polygon","coordinates":[[[-72.5575415,-8.4384388],[-72.549445,-8.4385123],[-72.5493957,-8.4331122],[-72.5574921,-8.4330387],[-72.5575415,-8.4384388]]]}},{"type":"Feature","id":"AC-Y627-X225","properties":{"id":"AC-Y627-X225","grid_x":225,"grid_y":627,"centroid":[-72.5453721,-8.4358489],"aggregation":"none","score_gradboost":0.387464,"score_random_forest":0.2445351,"score_logistic_regression":0.270817,"score_fuzzy_knn_k29":0.25219},"geometry":{"type":"Polygon","coordinates":[[[-72.549445,-8.4385123],[-72.5413484,-8.4385856],[-72.5412992,-8.4331854],[-72.5493957,-8.4331122],[-72.549445,-8.4385123]]]}},{"type":"Feature","id":"AC-Y628-X220","properties":{"id":"AC-Y628-X220","grid_x":220,"grid_y":628,"centroid":[-72.5858041,-8.4300805],"aggregation":"none","score_gradboost":0.121425,"score_random_forest":0.1533008,"score_logistic_regression":0.2361981,"score_fuzzy_knn_k29":0.0794488},"geometry":{"type":"Polygon","coordinates":[[[-72.5898771,-8.4327434],[-72.5817809,-8.4328175],[-72.5817312,-8.4274176],[-72.5898272,-8.4273435],[-72.5898771,-8.4327434]]]}},{"type":"Feature","id":"AC-Y628-X221","properties":{"id":"AC-Y628-X221","grid_x":221,"grid_y":628,"centroid":[-72.577708,-8.4301545],"aggregation":"none","score_gradboost":0.2646758,"score_random_forest":0.1699273,"score_logistic_regression":0.2427084,"score_fuzzy_knn_k29":0.1110067},"geometry":{"type":"Polygon","coordinates":[[[-72.5817809,-8.4328175],[-72.5736847,-8.4328914],[-72.5736351,-8.4274914],[-72.5817312,-8.4274176],[-72.5817809,-8.4328175]]]}},{"type":"Feature","id":"AC-Y628-X222","properties":{"id":"AC-Y628-X222","grid_x":222,"grid_y":628,"centroid":[-72.5696118,-8.4302283],"aggregation":"none","score_gradboost":0.266058,"score_random_forest":0.2185959,"score_logistic_regression":0.2446112,"score_fuzzy_knn_k29":0.1368136},"geometry":{"type":"Polygon","coordinates":[[[-72.5736847,-8.4328914],[-72.5655884,-8.4329652],[-72.5655389,-8.4275651],[-72.5736351,-8.4274914],[-72.5736847,-8.4328914]]]}},{"type":"Feature","id":"AC-Y628-X223","properties":{"id":"AC-Y628-X223","grid_x":223,"grid_y":628,"centroid":[-72.5615155,-8.430302],"aggregation":"none","score_gradboost":0.3372458,"score_random_forest":0.1754184,"score_logistic_regression":0.2452775,"score_fuzzy_knn_k29":0.1254678},"geometry":{"type":"Polygon","coordinates":[[[-72.5655884,-8.4329652],[-72.5574921,-8.4330387],[-72.5574426,-8.4276387],[-72.5655389,-8.4275651],[-72.5655884,-8.4329652]]]}},{"type":"Feature","id":"AC-Y628-X224","properties":{"id":"AC-Y628-X224","grid_x":224,"grid_y":628,"centroid":[-72.5534192,-8.4303754],"aggregation":"none","score_gradboost":0.3848535,"score_random_forest":0.2452107,"score_logistic_regression":0.2869438,"score_fuzzy_knn_k29":0.2493594},"geometry":{"type":"Polygon","coordinates":[[[-72.5574921,-8.4330387],[-72.5493957,-8.4331122],[-72.5493463,-8.4277121],[-72.5574427,-8.4276387],[-72.5574921,-8.4330387]]]}},{"type":"Feature","id":"AC-Y629-X220","properties":{"id":"AC-Y629-X220","grid_x":220,"grid_y":629,"centroid":[-72.5857543,-8.4246806],"aggregation":"none","score_gradboost":0.1886915,"score_random_forest":0.1396893,"score_logistic_regression":0.24026,"score_fuzzy_knn_k29":0.0922439},"geometry":{"type":"Polygon","coordinates":[[[-72.5898272,-8.4273435],[-72.5817312,-8.4274176],[-72.5816814,-8.4220176],[-72.5897773,-8.4219437],[-72.5898272,-8.4273435]]]}},{"type":"Feature","id":"AC-Y629-X221","properties":{"id":"AC-Y629-X221","grid_x":221,"grid_y":629,"centroid":[-72.5776583,-8.4247545],"aggregation":"none","score_gradboost":0.2001638,"score_random_forest":0.1710835,"score_logistic_regression":0.2317609,"score_fuzzy_knn_k29":0.0779677},"geometry":{"type":"Polygon","coordinates":[[[-72.5817312,-8.4274176],[-72.5736351,-8.4274914],[-72.5735854,-8.4220915],[-72.5816814,-8.4220176],[-72.5817312,-8.4274176]]]}},{"type":"Feature","id":"AC-Y629-X222","properties":{"id":"AC-Y629-X222","grid_x":222,"grid_y":629,"centroid":[-72.5695622,-8.4248283],"aggregation":"none","score_gradboost":0.3847271,"score_random_forest":0.2778477,"score_logistic_regression":0.2739204,"score_fuzzy_knn_k29":0.2052533},"geometry":{"type":"Polygon","coordinates":[[[-72.5736351,-8.4274914],[-72.5655389,-8.4275651],[-72.5654894,-8.4221651],[-72.5735854,-8.4220915],[-72.5736351,-8.4274914]]]}},{"type":"Feature","id":"AC-Y629-X223","properties":{"id":"AC-Y629-X223","grid_x":223,"grid_y":629,"centroid":[-72.561466,-8.4249019],"aggregation":"none","score_gradboost":0.3848535,"score_random_forest":0.2451488,"score_logistic_regression":0.283403,"score_fuzzy_knn_k29":0.2489682},"geometry":{"type":"Polygon","coordinates":[[[-72.5655389,-8.4275651],[-72.5574426,-8.4276387],[-72.5573933,-8.4222386],[-72.5654894,-8.4221651],[-72.5655389,-8.4275651]]]}},{"type":"Feature","id":"AC-Y630-X220","properties":{"id":"AC-Y630-X220","grid_x":220,"grid_y":630,"centroid":[-72.5857045,-8.4192807],"aggregation":"none","score_gradboost":0.4664904,"score_random_forest":0.2293261,"score_logistic_regression":0.2600195,"score_fuzzy_knn_k29":0.1429258},"geometry":{"type":"Polygon","coordinates":[[[-72.5897773,-8.4219437],[-72.5816814,-8.4220176],[-72.5816317,-8.4166177],[-72.5897275,-8.4165438],[-72.5897773,-8.4219437]]]}},{"type":"Feature","id":"AC-Y630-X221","properties":{"id":"AC-Y630-X221","grid_x":221,"grid_y":630,"centroid":[-72.5776086,-8.4193546],"aggregation":"none","score_gradboost":0.4180284,"score_random_forest":0.2698129,"score_logistic_regression":0.28211,"score_fuzzy_knn_k29":0.2523934},"geometry":{"type":"Polygon","coordinates":[[[-72.5816814,-8.4220176],[-72.5735854,-8.4220915],[-72.5735358,-8.4166915],[-72.5816317,-8.4166177],[-72.5816814,-8.4220176]]]}},{"type":"Feature","id":"AC-Y630-X222","properties":{"id":"AC-Y630-X222","grid_x":222,"grid_y":630,"centroid":[-72.5695126,-8.4194283],"aggregation":"none","score_gradboost":0.4534737,"score_random_forest":0.2683683,"score_logistic_regression":0.2977437,"score_fuzzy_knn_k29":0.2705963},"geometry":{"type":"Polygon","coordinates":[[[-72.5735854,-8.4220915],[-72.5654894,-8.4221651],[-72.5654399,-8.4167651],[-72.5735358,-8.4166915],[-72.5735854,-8.4220915]]]}},{"type":"Feature","id":"AC-Y631-X220","properties":{"id":"AC-Y631-X220","grid_x":220,"grid_y":631,"centroid":[-72.5856548,-8.4138808],"aggregation":"none","score_gradboost":0.2138548,"score_random_forest":0.1737069,"score_logistic_regression":0.2385238,"score_fuzzy_knn_k29":0.0946673},"geometry":{"type":"Polygon","coordinates":[[[-72.5897275,-8.4165438],[-72.5816317,-8.4166177],[-72.581582,-8.4112178],[-72.5896777,-8.4111439],[-72.5897275,-8.4165438]]]}},{"type":"Feature","id":"AC-Y631-X221","properties":{"id":"AC-Y631-X221","grid_x":221,"grid_y":631,"centroid":[-72.577559,-8.4139546],"aggregation":"none","score_gradboost":0.4554061,"score_random_forest":0.2494329,"score_logistic_regression":0.277126,"score_fuzzy_knn_k29":0.2280956},"geometry":{"type":"Polygon","coordinates":[[[-72.5816317,-8.4166177],[-72.5735358,-8.4166915],[-72.5734863,-8.4112915],[-72.581582,-8.4112178],[-72.5816317,-8.4166177]]]}},{"type":"Feature","id":"AC-Y632-X220","properties":{"id":"AC-Y632-X220","grid_x":220,"grid_y":632,"centroid":[-72.585605,-8.4084809],"aggregation":"none","score_gradboost":0.4966379,"score_random_forest":0.2658722,"score_logistic_regression":0.2940554,"score_fuzzy_knn_k29":0.2466628},"geometry":{"type":"Polygon","coordinates":[[[-72.5896777,-8.4111439],[-72.581582,-8.4112178],[-72.5815324,-8.4058179],[-72.589628,-8.405744],[-72.5896777,-8.4111439]]]}},{"type":"Feature","id":"AC-Y632-X221","properties":{"id":"AC-Y632-X221","grid_x":221,"grid_y":632,"centroid":[-72.5775094,-8.4085547],"aggregation":"none","score_gradboost":0.3206715,"score_random_forest":0.2344548,"score_logistic_regression":0.2930287,"score_fuzzy_knn_k29":0.2751832},"geometry":{"type":"Polygon","coordinates":[[[-72.581582,-8.4112178],[-72.5734863,-8.4112915],[-72.5734368,-8.4058915],[-72.5815324,-8.4058179],[-72.581582,-8.4112178]]]}},{"type":"Feature","id":"AC-Y633-X220","properties":{"id":"AC-Y633-X220","grid_x":220,"grid_y":633,"centroid":[-72.5855554,-8.403081],"aggregation":"none","score_gradboost":0.3390245,"score_random_forest":0.2367648,"score_logistic_regression":0.3226719,"score_fuzzy_knn_k29":0.267051},"geometry":{"type":"Polygon","coordinates":[[[-72.589628,-8.405744],[-72.5815324,-8.4058179],[-72.5814828,-8.4004179],[-72.5895783,-8.4003441],[-72.589628,-8.405744]]]}},{"type":"Feature","id":"AC-Y633-X221","properties":{"id":"AC-Y633-X221","grid_x":221,"grid_y":633,"centroid":[-72.5774598,-8.4031547],"aggregation":"none","score_gradboost":0.1743838,"score_random_forest":0.1356416,"score_logistic_regression":0.2329226,"score_fuzzy_knn_k29":0.0828104},"geometry":{"type":"Polygon","coordinates":[[[-72.5815324,-8.4058179],[-72.5734368,-8.4058915],[-72.5733873,-8.4004916],[-72.5814828,-8.4004179],[-72.5815324,-8.4058179]]]}},{"type":"Feature","id":"AC-Y634-X221","properties":{"id":"AC-Y634-X221","grid_x":221,"grid_y":634,"centroid":[-72.5774103,-8.3977548],"aggregation":"none","score_gradboost":0.1250839,"score_random_forest":0.1369721,"score_logistic_regression":0.2435989,"score_fuzzy_knn_k29":0.1133822},"geometry":{"type":"Polygon","coordinates":[[[-72.5814828,-8.4004179],[-72.5733873,-8.4004916],[-72.5733378,-8.3950916],[-72.5814332,-8.395018],[-72.5814828,-8.4004179]]]}},{"type":"Feature","id":"AC-Y634-X222","properties":{"id":"AC-Y634-X222","grid_x":222,"grid_y":634,"centroid":[-72.5693148,-8.3978283],"aggregation":"none","score_gradboost":0.160902,"score_random_forest":0.1711879,"score_logistic_regression":0.2214458,"score_fuzzy_knn_k29":0.1332161},"geometry":{"type":"Polygon","coordinates":[[[-72.5733873,-8.4004916],[-72.5652917,-8.400565],[-72.5652423,-8.395165],[-72.5733378,-8.3950916],[-72.5733873,-8.4004916]]]}},{"type":"Feature","id":"AC-Y635-X222","properties":{"id":"AC-Y635-X222","grid_x":222,"grid_y":635,"centroid":[-72.5692654,-8.3924283],"aggregation":"none","score_gradboost":0.0703738,"score_random_forest":0.082531,"score_logistic_regression":0.2354274,"score_fuzzy_knn_k29":0.0762213},"geometry":{"type":"Polygon","coordinates":[[[-72.5733378,-8.3950916],[-72.5652423,-8.395165],[-72.565193,-8.389765],[-72.5732884,-8.3896916],[-72.5733378,-8.3950916]]]}},{"type":"Feature","id":"AC-Y636-X223","properties":{"id":"AC-Y636-X223","grid_x":223,"grid_y":636,"centroid":[-72.5611207,-8.3871016],"aggregation":"none","score_gradboost":0.0528416,"score_random_forest":0.1149714,"score_logistic_regression":0.2898878,"score_fuzzy_knn_k29":0.0599614},"geometry":{"type":"Polygon","coordinates":[[[-72.565193,-8.389765],[-72.5570975,-8.3898382],[-72.5570484,-8.3844381],[-72.5651437,-8.3843649],[-72.565193,-8.389765]]]}},{"type":"Feature","id":"AC-Y598-X226","properties":{"id":"AC-Y598-X226","grid_x":226,"grid_y":598,"centroid":[-72.5387155,-8.5925267],"aggregation":"none","score_gradboost":0.02543,"score_random_forest":0.0144771,"score_logistic_regression":0.0473898,"score_fuzzy_knn_k29":0.0504811},"geometry":{"type":"Polygon","coordinates":[[[-72.5427906,-8.5951895],[-72.5346906,-8.595264],[-72.5346405,-8.5898638],[-72.5427404,-8.5897894],[-72.5427906,-8.5951895]]]}},{"type":"Feature","id":"AC-Y599-X226","properties":{"id":"AC-Y599-X226","grid_x":226,"grid_y":599,"centroid":[-72.5386654,-8.5871265],"aggregation":"none","score_gradboost":0.0276103,"score_random_forest":0.0141897,"score_logistic_regression":0.0395964,"score_fuzzy_knn_k29":0.0350011},"geometry":{"type":"Polygon","coordinates":[[[-72.5427404,-8.5897894],[-72.5346405,-8.5898638],[-72.5345905,-8.5844637],[-72.5426902,-8.5843893],[-72.5427404,-8.5897894]]]}},{"type":"Feature","id":"AC-Y600-X225","properties":{"id":"AC-Y600-X225","grid_x":225,"grid_y":600,"centroid":[-72.546715,-8.5816519],"aggregation":"none","score_gradboost":0.0296467,"score_random_forest":0.0097606,"score_logistic_regression":0.0411834,"score_fuzzy_knn_k29":0.0516573},"geometry":{"type":"Polygon","coordinates":[[[-72.5507899,-8.5843147],[-72.5426902,-8.5843893],[-72.5426401,-8.5789891],[-72.5507397,-8.5789146],[-72.5507899,-8.5843147]]]}},{"type":"Feature","id":"AC-Y600-X226","properties":{"id":"AC-Y600-X226","grid_x":226,"grid_y":600,"centroid":[-72.5386153,-8.5817264],"aggregation":"none","score_gradboost":0.0276103,"score_random_forest":0.016812,"score_logistic_regression":0.0383564,"score_fuzzy_knn_k29":0.0225553},"geometry":{"type":"Polygon","coordinates":[[[-72.5426902,-8.5843893],[-72.5345905,-8.5844637],[-72.5345405,-8.5790635],[-72.5426401,-8.5789891],[-72.5426902,-8.5843893]]]}},{"type":"Feature","id":"AC-Y601-X225","properties":{"id":"AC-Y601-X225","grid_x":225,"grid_y":601,"centroid":[-72.5466648,-8.5762518],"aggregation":"none","score_gradboost":0.063728,"score_random_forest":0.0475017,"score_logistic_regression":0.0486904,"score_fuzzy_knn_k29":0.0401717},"geometry":{"type":"Polygon","coordinates":[[[-72.5507397,-8.5789146],[-72.5426401,-8.5789891],[-72.54259,-8.573589],[-72.5506895,-8.5735145],[-72.5507397,-8.5789146]]]}},{"type":"Feature","id":"AC-Y601-X226","properties":{"id":"AC-Y601-X226","grid_x":226,"grid_y":601,"centroid":[-72.5385653,-8.5763263],"aggregation":"none","score_gradboost":0.0532247,"score_random_forest":0.087892,"score_logistic_regression":0.0445623,"score_fuzzy_knn_k29":0.0877345},"geometry":{"type":"Polygon","coordinates":[[[-72.5426401,-8.5789891],[-72.5345405,-8.5790635],[-72.5344905,-8.5736633],[-72.54259,-8.573589],[-72.5426401,-8.5789891]]]}},{"type":"Feature","id":"AC-Y602-X224","properties":{"id":"AC-Y602-X224","grid_x":224,"grid_y":602,"centroid":[-72.554714,-8.5707772],"aggregation":"none","score_gradboost":0.025951,"score_random_forest":0.0220763,"score_logistic_regression":0.0446263,"score_fuzzy_knn_k29":0.0423228},"geometry":{"type":"Polygon","coordinates":[[[-72.5587888,-8.5734399],[-72.5506895,-8.5735145],[-72.5506393,-8.5681145],[-72.5587385,-8.5680399],[-72.5587888,-8.5734399]]]}},{"type":"Feature","id":"AC-Y602-X225","properties":{"id":"AC-Y602-X225","grid_x":225,"grid_y":602,"centroid":[-72.5466147,-8.5708518],"aggregation":"none","score_gradboost":0.0515582,"score_random_forest":0.0853859,"score_logistic_regression":0.0470154,"score_fuzzy_knn_k29":0.0818915},"geometry":{"type":"Polygon","coordinates":[[[-72.5506895,-8.5735145],[-72.54259,-8.573589],[-72.54254,-8.5681889],[-72.5506393,-8.5681145],[-72.5506895,-8.5735145]]]}},{"type":"Feature","id":"AC-Y602-X226","properties":{"id":"AC-Y602-X226","grid_x":226,"grid_y":602,"centroid":[-72.5385153,-8.5709261],"aggregation":"none","score_gradboost":0.0454602,"score_random_forest":0.0581913,"score_logistic_regression":0.0363941,"score_fuzzy_knn_k29":0.0595097},"geometry":{"type":"Polygon","coordinates":[[[-72.54259,-8.573589],[-72.5344905,-8.5736633],[-72.5344406,-8.5682632],[-72.54254,-8.5681889],[-72.54259,-8.573589]]]}},{"type":"Feature","id":"AC-Y603-X223","properties":{"id":"AC-Y603-X223","grid_x":223,"grid_y":603,"centroid":[-72.562763,-8.5653025],"aggregation":"none","score_gradboost":0.0366479,"score_random_forest":0.0320989,"score_logistic_regression":0.0425212,"score_fuzzy_knn_k29":0.0693668},"geometry":{"type":"Polygon","coordinates":[[[-72.5668377,-8.5679651],[-72.5587385,-8.5680399],[-72.5586883,-8.5626398],[-72.5667873,-8.5625651],[-72.5668377,-8.5679651]]]}},{"type":"Feature","id":"AC-Y603-X224","properties":{"id":"AC-Y603-X224","grid_x":224,"grid_y":603,"centroid":[-72.5546638,-8.5653772],"aggregation":"none","score_gradboost":0.0515582,"score_random_forest":0.0875878,"score_logistic_regression":0.0446059,"score_fuzzy_knn_k29":0.0892249},"geometry":{"type":"Polygon","coordinates":[[[-72.5587385,-8.5680399],[-72.5506393,-8.5681145],[-72.5505892,-8.5627144],[-72.5586883,-8.5626398],[-72.5587385,-8.5680399]]]}},{"type":"Feature","id":"AC-Y603-X225","properties":{"id":"AC-Y603-X225","grid_x":225,"grid_y":603,"centroid":[-72.5465646,-8.5654517],"aggregation":"none","score_gradboost":0.0785735,"score_random_forest":0.0793861,"score_logistic_regression":0.0446374,"score_fuzzy_knn_k29":0.0960576},"geometry":{"type":"Polygon","coordinates":[[[-72.5506393,-8.5681145],[-72.54254,-8.5681889],[-72.5424899,-8.5627888],[-72.5505892,-8.5627144],[-72.5506393,-8.5681145]]]}},{"type":"Feature","id":"AC-Y603-X226","properties":{"id":"AC-Y603-X226","grid_x":226,"grid_y":603,"centroid":[-72.5384653,-8.565526],"aggregation":"none","score_gradboost":0.2003692,"score_random_forest":0.1908861,"score_logistic_regression":0.0438146,"score_fuzzy_knn_k29":0.0954906},"geometry":{"type":"Polygon","coordinates":[[[-72.54254,-8.5681889],[-72.5344406,-8.5682632],[-72.5343907,-8.562863],[-72.5424899,-8.5627888],[-72.54254,-8.5681889]]]}},{"type":"Feature","id":"AC-Y604-X222","properties":{"id":"AC-Y604-X222","grid_x":222,"grid_y":604,"centroid":[-72.5708117,-8.5598277],"aggregation":"none","score_gradboost":0.0793393,"score_random_forest":0.0659986,"score_logistic_regression":0.0588695,"score_fuzzy_knn_k29":0.0504237},"geometry":{"type":"Polygon","coordinates":[[[-72.5748863,-8.5624902],[-72.5667873,-8.5625651],[-72.566737,-8.5571651],[-72.5748359,-8.5570903],[-72.5748863,-8.5624902]]]}},{"type":"Feature","id":"AC-Y604-X223","properties":{"id":"AC-Y604-X223","grid_x":223,"grid_y":604,"centroid":[-72.5627127,-8.5599025],"aggregation":"none","score_gradboost":0.054365,"score_random_forest":0.0834529,"score_logistic_regression":0.0493297,"score_fuzzy_knn_k29":0.0762191},"geometry":{"type":"Polygon","coordinates":[[[-72.5667873,-8.5625651],[-72.5586883,-8.5626398],[-72.5586381,-8.5572398],[-72.566737,-8.5571651],[-72.5667873,-8.5625651]]]}},{"type":"Feature","id":"AC-Y604-X224","properties":{"id":"AC-Y604-X224","grid_x":224,"grid_y":604,"centroid":[-72.5546136,-8.5599771],"aggregation":"none","score_gradboost":0.0785735,"score_random_forest":0.0885605,"score_logistic_regression":0.0453507,"score_fuzzy_knn_k29":0.094721},"geometry":{"type":"Polygon","coordinates":[[[-72.5586883,-8.5626398],[-72.5505892,-8.5627144],[-72.550539,-8.5573143],[-72.5586381,-8.5572398],[-72.5586883,-8.5626398]]]}},{"type":"Feature","id":"AC-Y604-X225","properties":{"id":"AC-Y604-X225","grid_x":225,"grid_y":604,"centroid":[-72.5465145,-8.5600516],"aggregation":"none","score_gradboost":0.2711788,"score_random_forest":0.264081,"score_logistic_regression":0.0449683,"score_fuzzy_knn_k29":0.0925751},"geometry":{"type":"Polygon","coordinates":[[[-72.5505892,-8.5627144],[-72.5424899,-8.5627888],[-72.54244,-8.5573887],[-72.550539,-8.5573143],[-72.5505892,-8.5627144]]]}},{"type":"Feature","id":"AC-Y604-X226","properties":{"id":"AC-Y604-X226","grid_x":226,"grid_y":604,"centroid":[-72.5384153,-8.5601259],"aggregation":"none","score_gradboost":0.1237681,"score_random_forest":0.1255264,"score_logistic_regression":0.0407227,"score_fuzzy_knn_k29":0.0731691},"geometry":{"type":"Polygon","coordinates":[[[-72.5424899,-8.5627888],[-72.5343907,-8.562863],[-72.5343408,-8.5574629],[-72.54244,-8.5573887],[-72.5424899,-8.5627888]]]}},{"type":"Feature","id":"AC-Y605-X220","properties":{"id":"AC-Y605-X220","grid_x":220,"grid_y":605,"centroid":[-72.5869588,-8.5542777],"aggregation":"none","score_gradboost":0.2558757,"score_random_forest":0.2323341,"score_logistic_regression":0.0511757,"score_fuzzy_knn_k29":0.082812},"geometry":{"type":"Polygon","coordinates":[[[-72.5910334,-8.55694],[-72.5829347,-8.5570152],[-72.5828842,-8.5516154],[-72.5909828,-8.5515402],[-72.5910334,-8.55694]]]}},{"type":"Feature","id":"AC-Y605-X221","properties":{"id":"AC-Y605-X221","grid_x":221,"grid_y":605,"centroid":[-72.5788601,-8.5543528],"aggregation":"none","score_gradboost":0.1790438,"score_random_forest":0.2015046,"score_logistic_regression":0.0531293,"score_fuzzy_knn_k29":0.0693028},"geometry":{"type":"Polygon","coordinates":[[[-72.5829347,-8.5570152],[-72.5748359,-8.5570903],[-72.5747855,-8.5516903],[-72.5828842,-8.5516154],[-72.5829347,-8.5570152]]]}},{"type":"Feature","id":"AC-Y605-X222","properties":{"id":"AC-Y605-X222","grid_x":222,"grid_y":605,"centroid":[-72.5707613,-8.5544277],"aggregation":"none","score_gradboost":0.2376147,"score_random_forest":0.2494577,"score_logistic_regression":0.0537128,"score_fuzzy_knn_k29":0.0687943},"geometry":{"type":"Polygon","coordinates":[[[-72.5748359,-8.5570903],[-72.566737,-8.5571651],[-72.5666867,-8.5517651],[-72.5747855,-8.5516903],[-72.5748359,-8.5570903]]]}},{"type":"Feature","id":"AC-Y605-X223","properties":{"id":"AC-Y605-X223","grid_x":223,"grid_y":605,"centroid":[-72.5626624,-8.5545025],"aggregation":"none","score_gradboost":0.1239381,"score_random_forest":0.0995433,"score_logistic_regression":0.0450755,"score_fuzzy_knn_k29":0.0970271},"geometry":{"type":"Polygon","coordinates":[[[-72.566737,-8.5571651],[-72.5586381,-8.5572398],[-72.5585879,-8.5518398],[-72.5666867,-8.5517651],[-72.566737,-8.5571651]]]}},{"type":"Feature","id":"AC-Y605-X224","properties":{"id":"AC-Y605-X224","grid_x":224,"grid_y":605,"centroid":[-72.5545635,-8.5545771],"aggregation":"none","score_gradboost":0.1439071,"score_random_forest":0.2008829,"score_logistic_regression":0.0487378,"score_fuzzy_knn_k29":0.0749516},"geometry":{"type":"Polygon","coordinates":[[[-72.5586381,-8.5572398],[-72.550539,-8.5573143],[-72.550489,-8.5519142],[-72.5585879,-8.5518398],[-72.5586381,-8.5572398]]]}},{"type":"Feature","id":"AC-Y605-X225","properties":{"id":"AC-Y605-X225","grid_x":225,"grid_y":605,"centroid":[-72.5464645,-8.5546515],"aggregation":"none","score_gradboost":0.1093212,"score_random_forest":0.1537678,"score_logistic_regression":0.036932,"score_fuzzy_knn_k29":0.0799613},"geometry":{"type":"Polygon","coordinates":[[[-72.550539,-8.5573143],[-72.54244,-8.5573887],[-72.54239,-8.5519885],[-72.550489,-8.5519142],[-72.550539,-8.5573143]]]}},{"type":"Feature","id":"AC-Y605-X226","properties":{"id":"AC-Y605-X226","grid_x":226,"grid_y":605,"centroid":[-72.5383654,-8.5547257],"aggregation":"none","score_gradboost":0.1765946,"score_random_forest":0.1112509,"score_logistic_regression":0.0395215,"score_fuzzy_knn_k29":0.070162},"geometry":{"type":"Polygon","coordinates":[[[-72.54244,-8.5573887],[-72.5343408,-8.5574629],[-72.5342909,-8.5520627],[-72.54239,-8.5519885],[-72.54244,-8.5573887]]]}},{"type":"Feature","id":"AC-Y606-X220","properties":{"id":"AC-Y606-X220","grid_x":220,"grid_y":606,"centroid":[-72.5869082,-8.5488779],"aggregation":"none","score_gradboost":0.1040917,"score_random_forest":0.1288439,"score_logistic_regression":0.0539196,"score_fuzzy_knn_k29":0.0573636},"geometry":{"type":"Polygon","coordinates":[[[-72.5909828,-8.5515402],[-72.5828842,-8.5516154],[-72.5828337,-8.5462155],[-72.5909322,-8.5461404],[-72.5909828,-8.5515402]]]}},{"type":"Feature","id":"AC-Y606-X221","properties":{"id":"AC-Y606-X221","grid_x":221,"grid_y":606,"centroid":[-72.5788096,-8.5489529],"aggregation":"none","score_gradboost":0.150103,"score_random_forest":0.1189502,"score_logistic_regression":0.0549746,"score_fuzzy_knn_k29":0.0663757},"geometry":{"type":"Polygon","coordinates":[[[-72.5828842,-8.5516154],[-72.5747855,-8.5516903],[-72.5747351,-8.5462904],[-72.5828337,-8.5462155],[-72.5828842,-8.5516154]]]}},{"type":"Feature","id":"AC-Y606-X222","properties":{"id":"AC-Y606-X222","grid_x":222,"grid_y":606,"centroid":[-72.5707109,-8.5490278],"aggregation":"none","score_gradboost":0.1304597,"score_random_forest":0.1844031,"score_logistic_regression":0.0537853,"score_fuzzy_knn_k29":0.0720393},"geometry":{"type":"Polygon","coordinates":[[[-72.5747855,-8.5516903],[-72.5666867,-8.5517651],[-72.5666364,-8.5463652],[-72.5747351,-8.5462904],[-72.5747855,-8.5516903]]]}},{"type":"Feature","id":"AC-Y606-X223","properties":{"id":"AC-Y606-X223","grid_x":223,"grid_y":606,"centroid":[-72.5626122,-8.5491025],"aggregation":"none","score_gradboost":0.1517945,"score_random_forest":0.1958006,"score_logistic_regression":0.0555172,"score_fuzzy_knn_k29":0.0758906},"geometry":{"type":"Polygon","coordinates":[[[-72.5666867,-8.5517651],[-72.5585879,-8.5518398],[-72.5585377,-8.5464398],[-72.5666364,-8.5463652],[-72.5666867,-8.5517651]]]}},{"type":"Feature","id":"AC-Y606-X224","properties":{"id":"AC-Y606-X224","grid_x":224,"grid_y":606,"centroid":[-72.5545134,-8.549177],"aggregation":"none","score_gradboost":0.1033899,"score_random_forest":0.0919086,"score_logistic_regression":0.0382455,"score_fuzzy_knn_k29":0.0582894},"geometry":{"type":"Polygon","coordinates":[[[-72.5585879,-8.5518398],[-72.550489,-8.5519142],[-72.5504389,-8.5465142],[-72.5585377,-8.5464398],[-72.5585879,-8.5518398]]]}},{"type":"Feature","id":"AC-Y606-X225","properties":{"id":"AC-Y606-X225","grid_x":225,"grid_y":606,"centroid":[-72.5464145,-8.5492514],"aggregation":"none","score_gradboost":0.1567626,"score_random_forest":0.1045414,"score_logistic_regression":0.0412281,"score_fuzzy_knn_k29":0.0720997},"geometry":{"type":"Polygon","coordinates":[[[-72.550489,-8.5519142],[-72.54239,-8.5519885],[-72.5423401,-8.5465884],[-72.5504389,-8.5465142],[-72.550489,-8.5519142]]]}},{"type":"Feature","id":"AC-Y606-X226","properties":{"id":"AC-Y606-X226","grid_x":226,"grid_y":606,"centroid":[-72.5383155,-8.5493256],"aggregation":"none","score_gradboost":0.0781796,"score_random_forest":0.1254765,"score_logistic_regression":0.0456078,"score_fuzzy_knn_k29":0.0619624},"geometry":{"type":"Polygon","coordinates":[[[-72.54239,-8.5519885],[-72.5342909,-8.5520627],[-72.5342411,-8.5466625],[-72.5423401,-8.5465884],[-72.54239,-8.5519885]]]}},{"type":"Feature","id":"AC-Y607-X220","properties":{"id":"AC-Y607-X220","grid_x":220,"grid_y":607,"centroid":[-72.5868577,-8.543478],"aggregation":"none","score_gradboost":0.0975959,"score_random_forest":0.1002617,"score_logistic_regression":0.054769,"score_fuzzy_knn_k29":0.0741052},"geometry":{"type":"Polygon","coordinates":[[[-72.5909322,-8.5461404],[-72.5828337,-8.5462155],[-72.5827832,-8.5408156],[-72.5908816,-8.5407405],[-72.5909322,-8.5461404]]]}},{"type":"Feature","id":"AC-Y607-X221","properties":{"id":"AC-Y607-X221","grid_x":221,"grid_y":607,"centroid":[-72.5787592,-8.543553],"aggregation":"none","score_gradboost":0.1001498,"score_random_forest":0.1162435,"score_logistic_regression":0.0482757,"score_fuzzy_knn_k29":0.0665208},"geometry":{"type":"Polygon","coordinates":[[[-72.5828337,-8.5462155],[-72.5747351,-8.5462904],[-72.5746847,-8.5408905],[-72.5827832,-8.5408156],[-72.5828337,-8.5462155]]]}},{"type":"Feature","id":"AC-Y607-X222","properties":{"id":"AC-Y607-X222","grid_x":222,"grid_y":607,"centroid":[-72.5706606,-8.5436278],"aggregation":"none","score_gradboost":0.150103,"score_random_forest":0.1310845,"score_logistic_regression":0.0512159,"score_fuzzy_knn_k29":0.0594194},"geometry":{"type":"Polygon","coordinates":[[[-72.5747351,-8.5462904],[-72.5666364,-8.5463652],[-72.5665862,-8.5409652],[-72.5746847,-8.5408905],[-72.5747351,-8.5462904]]]}},{"type":"Feature","id":"AC-Y607-X223","properties":{"id":"AC-Y607-X223","grid_x":223,"grid_y":607,"centroid":[-72.562562,-8.5437025],"aggregation":"none","score_gradboost":0.1180578,"score_random_forest":0.195996,"score_logistic_regression":0.0446131,"score_fuzzy_knn_k29":0.0675927},"geometry":{"type":"Polygon","coordinates":[[[-72.5666364,-8.5463652],[-72.5585377,-8.5464398],[-72.5584876,-8.5410397],[-72.5665862,-8.5409652],[-72.5666364,-8.5463652]]]}},{"type":"Feature","id":"AC-Y607-X224","properties":{"id":"AC-Y607-X224","grid_x":224,"grid_y":607,"centroid":[-72.5544633,-8.543777],"aggregation":"none","score_gradboost":0.094617,"score_random_forest":0.1040467,"score_logistic_regression":0.0497773,"score_fuzzy_knn_k29":0.0731618},"geometry":{"type":"Polygon","coordinates":[[[-72.5585377,-8.5464398],[-72.5504389,-8.5465142],[-72.5503889,-8.5411141],[-72.5584876,-8.5410397],[-72.5585377,-8.5464398]]]}},{"type":"Feature","id":"AC-Y607-X225","properties":{"id":"AC-Y607-X225","grid_x":225,"grid_y":607,"centroid":[-72.5463645,-8.5438513],"aggregation":"none","score_gradboost":0.0662782,"score_random_forest":0.0938624,"score_logistic_regression":0.0383144,"score_fuzzy_knn_k29":0.0776194},"geometry":{"type":"Polygon","coordinates":[[[-72.5504389,-8.5465142],[-72.5423401,-8.5465884],[-72.5422902,-8.5411883],[-72.5503889,-8.5411141],[-72.5504389,-8.5465142]]]}},{"type":"Feature","id":"AC-Y607-X226","properties":{"id":"AC-Y607-X226","grid_x":226,"grid_y":607,"centroid":[-72.5382657,-8.5439254],"aggregation":"none","score_gradboost":0.0426224,"score_random_forest":0.0867115,"score_logistic_regression":0.0358437,"score_fuzzy_knn_k29":0.0695476},"geometry":{"type":"Polygon","coordinates":[[[-72.5423401,-8.5465884],[-72.5342411,-8.5466625],[-72.5341913,-8.5412623],[-72.5422902,-8.5411883],[-72.5423401,-8.5465884]]]}},{"type":"Feature","id":"AC-Y608-X220","properties":{"id":"AC-Y608-X220","grid_x":220,"grid_y":608,"centroid":[-72.5868072,-8.5380782],"aggregation":"none","score_gradboost":0.2704515,"score_random_forest":0.1964309,"score_logistic_regression":0.0633317,"score_fuzzy_knn_k29":0.081568},"geometry":{"type":"Polygon","coordinates":[[[-72.5908816,-8.5407405],[-72.5827832,-8.5408156],[-72.5827328,-8.5354157],[-72.590831,-8.5353407],[-72.5908816,-8.5407405]]]}},{"type":"Feature","id":"AC-Y608-X221","properties":{"id":"AC-Y608-X221","grid_x":221,"grid_y":608,"centroid":[-72.5787088,-8.5381531],"aggregation":"none","score_gradboost":0.1440305,"score_random_forest":0.1037748,"score_logistic_regression":0.0560134,"score_fuzzy_knn_k29":0.0659654},"geometry":{"type":"Polygon","coordinates":[[[-72.5827832,-8.5408156],[-72.5746847,-8.5408905],[-72.5746344,-8.5354905],[-72.5827328,-8.5354157],[-72.5827832,-8.5408156]]]}},{"type":"Feature","id":"AC-Y608-X222","properties":{"id":"AC-Y608-X222","grid_x":222,"grid_y":608,"centroid":[-72.5706104,-8.5382279],"aggregation":"none","score_gradboost":0.0971014,"score_random_forest":0.1278927,"score_logistic_regression":0.0442272,"score_fuzzy_knn_k29":0.0736203},"geometry":{"type":"Polygon","coordinates":[[[-72.5746847,-8.5408905],[-72.5665862,-8.5409652],[-72.566536,-8.5355652],[-72.5746344,-8.5354905],[-72.5746847,-8.5408905]]]}},{"type":"Feature","id":"AC-Y608-X223","properties":{"id":"AC-Y608-X223","grid_x":223,"grid_y":608,"centroid":[-72.5625118,-8.5383025],"aggregation":"none","score_gradboost":0.1202524,"score_random_forest":0.1024765,"score_logistic_regression":0.0517302,"score_fuzzy_knn_k29":0.0713594},"geometry":{"type":"Polygon","coordinates":[[[-72.5665862,-8.5409652],[-72.5584876,-8.5410397],[-72.5584375,-8.5356397],[-72.566536,-8.5355652],[-72.5665862,-8.5409652]]]}},{"type":"Feature","id":"AC-Y608-X224","properties":{"id":"AC-Y608-X224","grid_x":224,"grid_y":608,"centroid":[-72.5544133,-8.5383769],"aggregation":"none","score_gradboost":0.0592737,"score_random_forest":0.1114479,"score_logistic_regression":0.0461057,"score_fuzzy_knn_k29":0.064724},"geometry":{"type":"Polygon","coordinates":[[[-72.5584876,-8.5410397],[-72.5503889,-8.5411141],[-72.550339,-8.535714],[-72.5584375,-8.5356397],[-72.5584876,-8.5410397]]]}},{"type":"Feature","id":"AC-Y608-X225","properties":{"id":"AC-Y608-X225","grid_x":225,"grid_y":608,"centroid":[-72.5463146,-8.5384512],"aggregation":"none","score_gradboost":0.0663748,"score_random_forest":0.1703497,"score_logistic_regression":0.0422626,"score_fuzzy_knn_k29":0.0665726},"geometry":{"type":"Polygon","coordinates":[[[-72.5503889,-8.5411141],[-72.5422902,-8.5411883],[-72.5422403,-8.5357882],[-72.550339,-8.535714],[-72.5503889,-8.5411141]]]}},{"type":"Feature","id":"AC-Y608-X226","properties":{"id":"AC-Y608-X226","grid_x":226,"grid_y":608,"centroid":[-72.5382159,-8.5385253],"aggregation":"none","score_gradboost":0.0718787,"score_random_forest":0.1137638,"score_logistic_regression":0.0379928,"score_fuzzy_knn_k29":0.0704916},"geometry":{"type":"Polygon","coordinates":[[[-72.5422902,-8.5411883],[-72.5341913,-8.5412623],[-72.5341416,-8.5358622],[-72.5422403,-8.5357882],[-72.5422902,-8.5411883]]]}},{"type":"Feature","id":"AC-Y609-X220","properties":{"id":"AC-Y609-X220","grid_x":220,"grid_y":609,"centroid":[-72.5867567,-8.5326783],"aggregation":"none","score_gradboost":0.1486176,"score_random_forest":0.1616204,"score_logistic_regression":0.0557187,"score_fuzzy_knn_k29":0.0757489},"geometry":{"type":"Polygon","coordinates":[[[-72.590831,-8.5353407],[-72.5827328,-8.5354157],[-72.5826824,-8.5300158],[-72.5907805,-8.5299409],[-72.590831,-8.5353407]]]}},{"type":"Feature","id":"AC-Y609-X221","properties":{"id":"AC-Y609-X221","grid_x":221,"grid_y":609,"centroid":[-72.5786584,-8.5327532],"aggregation":"none","score_gradboost":0.1266184,"score_random_forest":0.1854974,"score_logistic_regression":0.0491389,"score_fuzzy_knn_k29":0.0668407},"geometry":{"type":"Polygon","coordinates":[[[-72.5827328,-8.5354157],[-72.5746344,-8.5354905],[-72.5745841,-8.5300906],[-72.5826824,-8.5300158],[-72.5827328,-8.5354157]]]}},{"type":"Feature","id":"AC-Y609-X222","properties":{"id":"AC-Y609-X222","grid_x":222,"grid_y":609,"centroid":[-72.5705601,-8.5328279],"aggregation":"none","score_gradboost":0.0878272,"score_random_forest":0.1165398,"score_logistic_regression":0.0523186,"score_fuzzy_knn_k29":0.065146},"geometry":{"type":"Polygon","coordinates":[[[-72.5746344,-8.5354905],[-72.566536,-8.5355652],[-72.5664858,-8.5301652],[-72.5745841,-8.5300906],[-72.5746344,-8.5354905]]]}},{"type":"Feature","id":"AC-Y609-X223","properties":{"id":"AC-Y609-X223","grid_x":223,"grid_y":609,"centroid":[-72.5624617,-8.5329025],"aggregation":"none","score_gradboost":0.0608925,"score_random_forest":0.1191858,"score_logistic_regression":0.0438263,"score_fuzzy_knn_k29":0.0673116},"geometry":{"type":"Polygon","coordinates":[[[-72.566536,-8.5355652],[-72.5584375,-8.5356397],[-72.5583875,-8.5302397],[-72.5664858,-8.5301652],[-72.566536,-8.5355652]]]}},{"type":"Feature","id":"AC-Y609-X224","properties":{"id":"AC-Y609-X224","grid_x":224,"grid_y":609,"centroid":[-72.5543632,-8.5329768],"aggregation":"none","score_gradboost":0.0999721,"score_random_forest":0.1199885,"score_logistic_regression":0.046754,"score_fuzzy_knn_k29":0.0560303},"geometry":{"type":"Polygon","coordinates":[[[-72.5584375,-8.5356397],[-72.550339,-8.535714],[-72.550289,-8.5303139],[-72.5583875,-8.5302397],[-72.5584375,-8.5356397]]]}},{"type":"Feature","id":"AC-Y609-X225","properties":{"id":"AC-Y609-X225","grid_x":225,"grid_y":609,"centroid":[-72.5462647,-8.5330511],"aggregation":"none","score_gradboost":0.0828542,"score_random_forest":0.1568487,"score_logistic_regression":0.0463263,"score_fuzzy_knn_k29":0.0535359},"geometry":{"type":"Polygon","coordinates":[[[-72.550339,-8.535714],[-72.5422403,-8.5357882],[-72.5421905,-8.530388],[-72.550289,-8.5303139],[-72.550339,-8.535714]]]}},{"type":"Feature","id":"AC-Y609-X226","properties":{"id":"AC-Y609-X226","grid_x":226,"grid_y":609,"centroid":[-72.5381661,-8.5331251],"aggregation":"none","score_gradboost":0.1225185,"score_random_forest":0.2473076,"score_logistic_regression":0.0411259,"score_fuzzy_knn_k29":0.0638906},"geometry":{"type":"Polygon","coordinates":[[[-72.5422403,-8.5357882],[-72.5341416,-8.5358622],[-72.5340919,-8.530462],[-72.5421905,-8.530388],[-72.5422403,-8.5357882]]]}},{"type":"Feature","id":"AC-Y610-X220","properties":{"id":"AC-Y610-X220","grid_x":220,"grid_y":610,"centroid":[-72.5867063,-8.5272784],"aggregation":"none","score_gradboost":0.1236878,"score_random_forest":0.1429338,"score_logistic_regression":0.0482405,"score_fuzzy_knn_k29":0.0730044},"geometry":{"type":"Polygon","coordinates":[[[-72.5907805,-8.5299409],[-72.5826824,-8.5300158],[-72.582632,-8.5246159],[-72.5907301,-8.524541],[-72.5907805,-8.5299409]]]}},{"type":"Feature","id":"AC-Y610-X221","properties":{"id":"AC-Y610-X221","grid_x":221,"grid_y":610,"centroid":[-72.5786081,-8.5273533],"aggregation":"none","score_gradboost":0.1707587,"score_random_forest":0.2538068,"score_logistic_regression":0.0424007,"score_fuzzy_knn_k29":0.0722909},"geometry":{"type":"Polygon","coordinates":[[[-72.5826824,-8.5300158],[-72.5745841,-8.5300906],[-72.5745339,-8.5246907],[-72.582632,-8.5246159],[-72.5826824,-8.5300158]]]}},{"type":"Feature","id":"AC-Y610-X222","properties":{"id":"AC-Y610-X222","grid_x":222,"grid_y":610,"centroid":[-72.5705099,-8.5274279],"aggregation":"none","score_gradboost":0.0824803,"score_random_forest":0.2083833,"score_logistic_regression":0.044519,"score_fuzzy_knn_k29":0.0635374},"geometry":{"type":"Polygon","coordinates":[[[-72.5745841,-8.5300906],[-72.5664858,-8.5301652],[-72.5664357,-8.5247652],[-72.5745339,-8.5246907],[-72.5745841,-8.5300906]]]}},{"type":"Feature","id":"AC-Y610-X223","properties":{"id":"AC-Y610-X223","grid_x":223,"grid_y":610,"centroid":[-72.5624116,-8.5275024],"aggregation":"none","score_gradboost":0.0738095,"score_random_forest":0.1204479,"score_logistic_regression":0.0393499,"score_fuzzy_knn_k29":0.071391},"geometry":{"type":"Polygon","coordinates":[[[-72.5664858,-8.5301652],[-72.5583875,-8.5302397],[-72.5583374,-8.5248396],[-72.5664357,-8.5247652],[-72.5664858,-8.5301652]]]}},{"type":"Feature","id":"AC-Y610-X224","properties":{"id":"AC-Y610-X224","grid_x":224,"grid_y":610,"centroid":[-72.5543133,-8.5275768],"aggregation":"none","score_gradboost":0.0915821,"score_random_forest":0.1471,"score_logistic_regression":0.0389106,"score_fuzzy_knn_k29":0.0709487},"geometry":{"type":"Polygon","coordinates":[[[-72.5583875,-8.5302397],[-72.550289,-8.5303139],[-72.5502391,-8.5249139],[-72.5583374,-8.5248396],[-72.5583875,-8.5302397]]]}},{"type":"Feature","id":"AC-Y611-X220","properties":{"id":"AC-Y611-X220","grid_x":220,"grid_y":611,"centroid":[-72.5866559,-8.5218786],"aggregation":"none","score_gradboost":0.0296103,"score_random_forest":0.0647773,"score_logistic_regression":0.0502359,"score_fuzzy_knn_k29":0.0389809},"geometry":{"type":"Polygon","coordinates":[[[-72.5907301,-8.524541],[-72.582632,-8.5246159],[-72.5825817,-8.519216],[-72.5906796,-8.5191412],[-72.5907301,-8.524541]]]}},{"type":"Feature","id":"AC-Y611-X221","properties":{"id":"AC-Y611-X221","grid_x":221,"grid_y":611,"centroid":[-72.5785578,-8.5219533],"aggregation":"none","score_gradboost":0.024195,"score_random_forest":0.0615568,"score_logistic_regression":0.0386892,"score_fuzzy_knn_k29":0.0693754},"geometry":{"type":"Polygon","coordinates":[[[-72.582632,-8.5246159],[-72.5745339,-8.5246907],[-72.5744837,-8.5192907],[-72.5825817,-8.519216],[-72.582632,-8.5246159]]]}},{"type":"Feature","id":"AC-Y611-X222","properties":{"id":"AC-Y611-X222","grid_x":222,"grid_y":611,"centroid":[-72.5704597,-8.522028],"aggregation":"none","score_gradboost":0.0523184,"score_random_forest":0.0991506,"score_logistic_regression":0.0429623,"score_fuzzy_knn_k29":0.0787873},"geometry":{"type":"Polygon","coordinates":[[[-72.5745339,-8.5246907],[-72.5664357,-8.5247652],[-72.5663856,-8.5193652],[-72.5744837,-8.5192907],[-72.5745339,-8.5246907]]]}},{"type":"Feature","id":"AC-Y611-X223","properties":{"id":"AC-Y611-X223","grid_x":223,"grid_y":611,"centroid":[-72.5623616,-8.5221024],"aggregation":"none","score_gradboost":0.1422806,"score_random_forest":0.187911,"score_logistic_regression":0.0388012,"score_fuzzy_knn_k29":0.0712164},"geometry":{"type":"Polygon","coordinates":[[[-72.5664357,-8.5247652],[-72.5583374,-8.5248396],[-72.5582875,-8.5194396],[-72.5663856,-8.5193652],[-72.5664357,-8.5247652]]]}},{"type":"Feature","id":"AC-Y612-X220","properties":{"id":"AC-Y612-X220","grid_x":220,"grid_y":612,"centroid":[-72.5866055,-8.5164787],"aggregation":"none","score_gradboost":0.0164696,"score_random_forest":0.0303713,"score_logistic_regression":0.0381898,"score_fuzzy_knn_k29":0.0211083},"geometry":{"type":"Polygon","coordinates":[[[-72.5906796,-8.5191412],[-72.5825817,-8.519216],[-72.5825314,-8.5138161],[-72.5906292,-8.5137413],[-72.5906796,-8.5191412]]]}},{"type":"Feature","id":"AC-Y612-X221","properties":{"id":"AC-Y612-X221","grid_x":221,"grid_y":612,"centroid":[-72.5785076,-8.5165534],"aggregation":"none","score_gradboost":0.0342229,"score_random_forest":0.0985793,"score_logistic_regression":0.0410228,"score_fuzzy_knn_k29":0.0389271},"geometry":{"type":"Polygon","coordinates":[[[-72.5825817,-8.519216],[-72.5744837,-8.5192907],[-72.5744335,-8.5138908],[-72.5825314,-8.5138161],[-72.5825817,-8.519216]]]}},{"type":"Feature","id":"AC-Y613-X220","properties":{"id":"AC-Y613-X220","grid_x":220,"grid_y":613,"centroid":[-72.5865551,-8.5110788],"aggregation":"none","score_gradboost":0.0141334,"score_random_forest":0.0200666,"score_logistic_regression":0.0376341,"score_fuzzy_knn_k29":0.0456746},"geometry":{"type":"Polygon","coordinates":[[[-72.5906292,-8.5137413],[-72.5825314,-8.5138161],[-72.5824811,-8.5084162],[-72.5905788,-8.5083415],[-72.5906292,-8.5137413]]]}},{"type":"Feature","id":"AC-Y615-X220","properties":{"id":"AC-Y615-X220","grid_x":220,"grid_y":615,"centroid":[-72.5864546,-8.5002791],"aggregation":"none","score_gradboost":0.0219934,"score_random_forest":0.027549,"score_logistic_regression":0.0530957,"score_fuzzy_knn_k29":0.1987646},"geometry":{"type":"Polygon","coordinates":[[[-72.5905285,-8.5029416],[-72.5824309,-8.5030163],[-72.5823807,-8.4976164],[-72.5904782,-8.4975418],[-72.5905285,-8.5029416]]]}},{"type":"Feature","id":"AC-Y615-X221","properties":{"id":"AC-Y615-X221","grid_x":221,"grid_y":615,"centroid":[-72.578357,-8.5003537],"aggregation":"none","score_gradboost":0.020637,"score_random_forest":0.0200179,"score_logistic_regression":0.0503232,"score_fuzzy_knn_k29":0.1183515},"geometry":{"type":"Polygon","coordinates":[[[-72.5824309,-8.5030163],[-72.5743332,-8.5030909],[-72.5742831,-8.4976909],[-72.5823807,-8.4976164],[-72.5824309,-8.5030163]]]}},{"type":"Feature","id":"AC-Y615-X222","properties":{"id":"AC-Y615-X222","grid_x":222,"grid_y":615,"centroid":[-72.5702594,-8.5004281],"aggregation":"none","score_gradboost":0.0207175,"score_random_forest":0.0112141,"score_logistic_regression":0.0395402,"score_fuzzy_knn_k29":0.0807824},"geometry":{"type":"Polygon","coordinates":[[[-72.5743332,-8.5030909],[-72.5662355,-8.5031653],[-72.5661855,-8.4977653],[-72.5742831,-8.4976909],[-72.5743332,-8.5030909]]]}},{"type":"Feature","id":"AC-Y615-X224","properties":{"id":"AC-Y615-X224","grid_x":224,"grid_y":615,"centroid":[-72.5540638,-8.5005765],"aggregation":"none","score_gradboost":0.0380048,"score_random_forest":0.0399851,"score_logistic_regression":0.0450574,"score_fuzzy_knn_k29":0.0317991},"geometry":{"type":"Polygon","coordinates":[[[-72.5581377,-8.5032395],[-72.5500398,-8.5033135],[-72.54999,-8.4979134],[-72.5580878,-8.4978394],[-72.5581377,-8.5032395]]]}},{"type":"Feature","id":"AC-Y615-X225","properties":{"id":"AC-Y615-X225","grid_x":225,"grid_y":615,"centroid":[-72.545966,-8.5006504],"aggregation":"none","score_gradboost":0.0179671,"score_random_forest":0.0142432,"score_logistic_regression":0.0433817,"score_fuzzy_knn_k29":0.0737843},"geometry":{"type":"Polygon","coordinates":[[[-72.5500398,-8.5033135],[-72.5419418,-8.5033874],[-72.5418922,-8.4979872],[-72.54999,-8.4979134],[-72.5500398,-8.5033135]]]}},{"type":"Feature","id":"AC-Y616-X220","properties":{"id":"AC-Y616-X220","grid_x":220,"grid_y":616,"centroid":[-72.5864043,-8.4948792],"aggregation":"none","score_gradboost":0.0425541,"score_random_forest":0.0346258,"score_logistic_regression":0.0504102,"score_fuzzy_knn_k29":0.262498},"geometry":{"type":"Polygon","coordinates":[[[-72.5904782,-8.4975418],[-72.5823807,-8.4976164],[-72.5823305,-8.4922165],[-72.5904279,-8.4921419],[-72.5904782,-8.4975418]]]}},{"type":"Feature","id":"AC-Y616-X221","properties":{"id":"AC-Y616-X221","grid_x":221,"grid_y":616,"centroid":[-72.5783069,-8.4949537],"aggregation":"none","score_gradboost":0.0342217,"score_random_forest":0.0222202,"score_logistic_regression":0.0523068,"score_fuzzy_knn_k29":0.2254799},"geometry":{"type":"Polygon","coordinates":[[[-72.5823807,-8.4976164],[-72.5742831,-8.4976909],[-72.5742331,-8.492291],[-72.5823305,-8.4922165],[-72.5823807,-8.4976164]]]}},{"type":"Feature","id":"AC-Y616-X223","properties":{"id":"AC-Y616-X223","grid_x":223,"grid_y":616,"centroid":[-72.5621117,-8.4951023],"aggregation":"none","score_gradboost":0.0343373,"score_random_forest":0.0239283,"score_logistic_regression":0.0508252,"score_fuzzy_knn_k29":0.1253435},"geometry":{"type":"Polygon","coordinates":[[[-72.5661855,-8.4977653],[-72.5580878,-8.4978394],[-72.558038,-8.4924394],[-72.5661356,-8.4923653],[-72.5661855,-8.4977653]]]}},{"type":"Feature","id":"AC-Y616-X224","properties":{"id":"AC-Y616-X224","grid_x":224,"grid_y":616,"centroid":[-72.5540141,-8.4951764],"aggregation":"none","score_gradboost":0.0293188,"score_random_forest":0.0291458,"score_logistic_regression":0.0553996,"score_fuzzy_knn_k29":0.1479093},"geometry":{"type":"Polygon","coordinates":[[[-72.5580878,-8.4978394],[-72.54999,-8.4979134],[-72.5499403,-8.4925133],[-72.558038,-8.4924394],[-72.5580878,-8.4978394]]]}},{"type":"Feature","id":"AC-Y617-X221","properties":{"id":"AC-Y617-X221","grid_x":221,"grid_y":617,"centroid":[-72.5782568,-8.4895538],"aggregation":"none","score_gradboost":0.1793792,"score_random_forest":0.088935,"score_logistic_regression":0.0640902,"score_fuzzy_knn_k29":0.2768988},"geometry":{"type":"Polygon","coordinates":[[[-72.5823305,-8.4922165],[-72.5742331,-8.492291],[-72.5741831,-8.486891],[-72.5822804,-8.4868166],[-72.5823305,-8.4922165]]]}},{"type":"Feature","id":"AC-Y618-X220","properties":{"id":"AC-Y618-X220","grid_x":220,"grid_y":618,"centroid":[-72.586304,-8.4840794],"aggregation":"none","score_gradboost":0.0874386,"score_random_forest":0.0827951,"score_logistic_regression":0.1716543,"score_fuzzy_knn_k29":0.0134759},"geometry":{"type":"Polygon","coordinates":[[[-72.5903777,-8.4867421],[-72.5822804,-8.4868166],[-72.5822303,-8.4814167],[-72.5903275,-8.4813422],[-72.5903777,-8.4867421]]]}},{"type":"Feature","id":"AC-Y618-X221","properties":{"id":"AC-Y618-X221","grid_x":221,"grid_y":618,"centroid":[-72.5782067,-8.4841539],"aggregation":"none","score_gradboost":0.1071234,"score_random_forest":0.0550401,"score_logistic_regression":0.1978356,"score_fuzzy_knn_k29":0.0},"geometry":{"type":"Polygon","coordinates":[[[-72.5822804,-8.4868166],[-72.5741831,-8.486891],[-72.5741331,-8.4814911],[-72.5822303,-8.4814167],[-72.5822804,-8.4868166]]]}},{"type":"Feature","id":"AC-Y634-X220","properties":{"id":"AC-Y634-X220","grid_x":220,"grid_y":634,"centroid":[-72.5855057,-8.3976811],"aggregation":"none","score_gradboost":0.7246407,"score_random_forest":0.7641075,"score_logistic_regression":0.3516372,"score_fuzzy_knn_k29":0.8448149},"geometry":{"type":"Polygon","coordinates":[[[-72.5895783,-8.4003441],[-72.5814828,-8.4004179],[-72.5814332,-8.395018],[-72.5895286,-8.3949442],[-72.5895783,-8.4003441]]]}},{"type":"Feature","id":"AC-Y635-X220","properties":{"id":"AC-Y635-X220","grid_x":220,"grid_y":635,"centroid":[-72.5854561,-8.3922812],"aggregation":"none","score_gradboost":0.1010249,"score_random_forest":0.0959533,"score_logistic_regression":0.22525,"score_fuzzy_knn_k29":0.0634256},"geometry":{"type":"Polygon","coordinates":[[[-72.5895286,-8.3949442],[-72.5814332,-8.395018],[-72.5813837,-8.3896181],[-72.5894789,-8.3895443],[-72.5895286,-8.3949442]]]}},{"type":"Feature","id":"AC-Y635-X221","properties":{"id":"AC-Y635-X221","grid_x":221,"grid_y":635,"centroid":[-72.5773608,-8.3923548],"aggregation":"none","score_gradboost":0.1652604,"score_random_forest":0.1263181,"score_logistic_regression":0.2357274,"score_fuzzy_knn_k29":0.0815847},"geometry":{"type":"Polygon","coordinates":[[[-72.5814332,-8.395018],[-72.5733378,-8.3950916],[-72.5732884,-8.3896916],[-72.5813837,-8.3896181],[-72.5814332,-8.395018]]]}},{"type":"Feature","id":"AC-Y636-X220","properties":{"id":"AC-Y636-X220","grid_x":220,"grid_y":636,"centroid":[-72.5854065,-8.3868813],"aggregation":"none","score_gradboost":0.1841968,"score_random_forest":0.1747846,"score_logistic_regression":0.26605,"score_fuzzy_knn_k29":0.1430498},"geometry":{"type":"Polygon","coordinates":[[[-72.5894789,-8.3895443],[-72.5813837,-8.3896181],[-72.5813342,-8.3842181],[-72.5894293,-8.3841445],[-72.5894789,-8.3895443]]]}},{"type":"Feature","id":"AC-Y636-X221","properties":{"id":"AC-Y636-X221","grid_x":221,"grid_y":636,"centroid":[-72.5773113,-8.3869549],"aggregation":"none","score_gradboost":0.0866558,"score_random_forest":0.0657139,"score_logistic_regression":0.2569368,"score_fuzzy_knn_k29":0.0695786},"geometry":{"type":"Polygon","coordinates":[[[-72.5813837,-8.3896181],[-72.5732884,-8.3896916],[-72.573239,-8.3842916],[-72.5813342,-8.3842181],[-72.5813837,-8.3896181]]]}},{"type":"Feature","id":"AC-Y636-X222","properties":{"id":"AC-Y636-X222","grid_x":222,"grid_y":636,"centroid":[-72.569216,-8.3870283],"aggregation":"none","score_gradboost":0.0601583,"score_random_forest":0.1165441,"score_logistic_regression":0.2797362,"score_fuzzy_knn_k29":0.0787971},"geometry":{"type":"Polygon","coordinates":[[[-72.5732884,-8.3896916],[-72.565193,-8.389765],[-72.5651437,-8.3843649],[-72.573239,-8.3842916],[-72.5732884,-8.3896916]]]}},{"type":"Feature","id":"AC-Y637-X220","properties":{"id":"AC-Y637-X220","grid_x":220,"grid_y":637,"centroid":[-72.585357,-8.3814813],"aggregation":"none","score_gradboost":0.1555754,"score_random_forest":0.11906,"score_logistic_regression":0.2645187,"score_fuzzy_knn_k29":0.1351928},"geometry":{"type":"Polygon","coordinates":[[[-72.5894293,-8.3841445],[-72.5813342,-8.3842181],[-72.5812847,-8.3788182],[-72.5893797,-8.3787446],[-72.5894293,-8.3841445]]]}},{"type":"Feature","id":"AC-Y637-X221","properties":{"id":"AC-Y637-X221","grid_x":221,"grid_y":637,"centroid":[-72.5772619,-8.3815549],"aggregation":"none","score_gradboost":0.0928307,"score_random_forest":0.1397655,"score_logistic_regression":0.2811236,"score_fuzzy_knn_k29":0.1093589},"geometry":{"type":"Polygon","coordinates":[[[-72.5813342,-8.3842181],[-72.573239,-8.3842916],[-72.5731896,-8.3788916],[-72.5812847,-8.3788182],[-72.5813342,-8.3842181]]]}},{"type":"Feature","id":"AC-Y637-X222","properties":{"id":"AC-Y637-X222","grid_x":222,"grid_y":637,"centroid":[-72.5691667,-8.3816283],"aggregation":"none","score_gradboost":0.0330332,"score_random_forest":0.0896066,"score_logistic_regression":0.2751847,"score_fuzzy_knn_k29":0.0467229},"geometry":{"type":"Polygon","coordinates":[[[-72.573239,-8.3842916],[-72.5651437,-8.3843649],[-72.5650945,-8.3789649],[-72.5731896,-8.3788916],[-72.573239,-8.3842916]]]}},{"type":"Feature","id":"AC-Y637-X223","properties":{"id":"AC-Y637-X223","grid_x":223,"grid_y":637,"centroid":[-72.5610715,-8.3817015],"aggregation":"none","score_gradboost":0.0480905,"score_random_forest":0.0955464,"score_logistic_regression":0.2941478,"score_fuzzy_knn_k29":0.0515724},"geometry":{"type":"Polygon","coordinates":[[[-72.5651437,-8.3843649],[-72.5570484,-8.3844381],[-72.5569992,-8.379038],[-72.5650945,-8.3789649],[-72.5651437,-8.3843649]]]}},{"type":"Feature","id":"AC-Y638-X220","properties":{"id":"AC-Y638-X220","grid_x":220,"grid_y":638,"centroid":[-72.5853075,-8.3760814],"aggregation":"none","score_gradboost":0.1955144,"score_random_forest":0.1279717,"score_logistic_regression":0.2746878,"score_fuzzy_knn_k29":0.1144823},"geometry":{"type":"Polygon","coordinates":[[[-72.5893797,-8.3787446],[-72.5812847,-8.3788182],[-72.5812353,-8.3734182],[-72.5893302,-8.3733447],[-72.5893797,-8.3787446]]]}},{"type":"Feature","id":"AC-Y638-X221","properties":{"id":"AC-Y638-X221","grid_x":221,"grid_y":638,"centroid":[-72.5772125,-8.3761549],"aggregation":"none","score_gradboost":0.0349746,"score_random_forest":0.0501039,"score_logistic_regression":0.2567902,"score_fuzzy_knn_k29":0.0293351},"geometry":{"type":"Polygon","coordinates":[[[-72.5812847,-8.3788182],[-72.5731896,-8.3788916],[-72.5731403,-8.3734916],[-72.5812353,-8.3734182],[-72.5812847,-8.3788182]]]}},{"type":"Feature","id":"AC-Y638-X222","properties":{"id":"AC-Y638-X222","grid_x":222,"grid_y":638,"centroid":[-72.5691174,-8.3762283],"aggregation":"none","score_gradboost":0.0372796,"score_random_forest":0.0662239,"score_logistic_regression":0.2579597,"score_fuzzy_knn_k29":0.0339849},"geometry":{"type":"Polygon","coordinates":[[[-72.5731896,-8.3788916],[-72.5650945,-8.3789649],[-72.5650453,-8.3735648],[-72.5731403,-8.3734916],[-72.5731896,-8.3788916]]]}},{"type":"Feature","id":"AC-Y638-X223","properties":{"id":"AC-Y638-X223","grid_x":223,"grid_y":638,"centroid":[-72.5610223,-8.3763014],"aggregation":"none","score_gradboost":0.0299317,"score_random_forest":0.0329238,"score_logistic_regression":0.2785398,"score_fuzzy_knn_k29":0.0179786},"geometry":{"type":"Polygon","coordinates":[[[-72.5650945,-8.3789649],[-72.5569992,-8.379038],[-72.5569501,-8.3736379],[-72.5650453,-8.3735648],[-72.5650945,-8.3789649]]]}},{"type":"Feature","id":"AC-Y638-X224","properties":{"id":"AC-Y638-X224","grid_x":224,"grid_y":638,"centroid":[-72.5529271,-8.3763744],"aggregation":"none","score_gradboost":0.0283786,"score_random_forest":0.0678554,"score_logistic_regression":0.2691667,"score_fuzzy_knn_k29":0.0},"geometry":{"type":"Polygon","coordinates":[[[-72.5569992,-8.379038],[-72.5489039,-8.3791109],[-72.5488549,-8.3737108],[-72.5569501,-8.3736379],[-72.5569992,-8.379038]]]}},{"type":"Feature","id":"AC-Y639-X220","properties":{"id":"AC-Y639-X220","grid_x":220,"grid_y":639,"centroid":[-72.585258,-8.3706815],"aggregation":"none","score_gradboost":0.1379721,"score_random_forest":0.174953,"score_logistic_regression":0.2191497,"score_fuzzy_knn_k29":0.1354101},"geometry":{"type":"Polygon","coordinates":[[[-72.5893302,-8.3733447],[-72.5812353,-8.3734182],[-72.5811859,-8.3680183],[-72.5892807,-8.3679448],[-72.5893302,-8.3733447]]]}},{"type":"Feature","id":"AC-Y639-X221","properties":{"id":"AC-Y639-X221","grid_x":221,"grid_y":639,"centroid":[-72.5771631,-8.370755],"aggregation":"none","score_gradboost":0.0419676,"score_random_forest":0.0831553,"score_logistic_regression":0.2862727,"score_fuzzy_knn_k29":0.0557272},"geometry":{"type":"Polygon","coordinates":[[[-72.5812353,-8.3734182],[-72.5731403,-8.3734916],[-72.573091,-8.3680916],[-72.5811859,-8.3680183],[-72.5812353,-8.3734182]]]}},{"type":"Feature","id":"AC-Y639-X222","properties":{"id":"AC-Y639-X222","grid_x":222,"grid_y":639,"centroid":[-72.5690682,-8.3708282],"aggregation":"none","score_gradboost":0.03508,"score_random_forest":0.0423428,"score_logistic_regression":0.2678122,"score_fuzzy_knn_k29":0.0378598},"geometry":{"type":"Polygon","coordinates":[[[-72.5731403,-8.3734916],[-72.5650453,-8.3735648],[-72.5649961,-8.3681648],[-72.573091,-8.3680916],[-72.5731403,-8.3734916]]]}},{"type":"Feature","id":"AC-Y639-X223","properties":{"id":"AC-Y639-X223","grid_x":223,"grid_y":639,"centroid":[-72.5609731,-8.3709014],"aggregation":"none","score_gradboost":0.0309893,"score_random_forest":0.0480923,"score_logistic_regression":0.29244,"score_fuzzy_knn_k29":0.0162579},"geometry":{"type":"Polygon","coordinates":[[[-72.5650453,-8.3735648],[-72.5569501,-8.3736379],[-72.5569011,-8.3682378],[-72.5649961,-8.3681648],[-72.5650453,-8.3735648]]]}},{"type":"Feature","id":"AC-Y639-X224","properties":{"id":"AC-Y639-X224","grid_x":224,"grid_y":639,"centroid":[-72.552878,-8.3709743],"aggregation":"none","score_gradboost":0.025165,"score_random_forest":0.0260299,"score_logistic_regression":0.3008667,"score_fuzzy_knn_k29":0.0},"geometry":{"type":"Polygon","coordinates":[[[-72.5569501,-8.3736379],[-72.5488549,-8.3737108],[-72.548806,-8.3683107],[-72.5569011,-8.3682378],[-72.5569501,-8.3736379]]]}},{"type":"Feature","id":"AC-Y640-X220","properties":{"id":"AC-Y640-X220","grid_x":220,"grid_y":640,"centroid":[-72.5852086,-8.3652816],"aggregation":"none","score_gradboost":0.1445397,"score_random_forest":0.2000086,"score_logistic_regression":0.2359228,"score_fuzzy_knn_k29":0.1921601},"geometry":{"type":"Polygon","coordinates":[[[-72.5892807,-8.3679448],[-72.5811859,-8.3680183],[-72.5811365,-8.3626183],[-72.5892312,-8.3625449],[-72.5892807,-8.3679448]]]}},{"type":"Feature","id":"AC-Y640-X221","properties":{"id":"AC-Y640-X221","grid_x":221,"grid_y":640,"centroid":[-72.5771138,-8.365355],"aggregation":"none","score_gradboost":0.1174626,"score_random_forest":0.2199321,"score_logistic_regression":0.2501181,"score_fuzzy_knn_k29":0.1563825},"geometry":{"type":"Polygon","coordinates":[[[-72.5811859,-8.3680183],[-72.573091,-8.3680916],[-72.5730418,-8.3626916],[-72.5811365,-8.3626183],[-72.5811859,-8.3680183]]]}},{"type":"Feature","id":"AC-Y640-X222","properties":{"id":"AC-Y640-X222","grid_x":222,"grid_y":640,"centroid":[-72.569019,-8.3654282],"aggregation":"none","score_gradboost":0.0294316,"score_random_forest":0.040185,"score_logistic_regression":0.2900626,"score_fuzzy_knn_k29":0.037873},"geometry":{"type":"Polygon","coordinates":[[[-72.573091,-8.3680916],[-72.5649961,-8.3681648],[-72.5649469,-8.3627648],[-72.5730418,-8.3626916],[-72.573091,-8.3680916]]]}},{"type":"Feature","id":"AC-Y640-X223","properties":{"id":"AC-Y640-X223","grid_x":223,"grid_y":640,"centroid":[-72.560924,-8.3655013],"aggregation":"none","score_gradboost":0.0291249,"score_random_forest":0.0452593,"score_logistic_regression":0.2830228,"score_fuzzy_knn_k29":0.0},"geometry":{"type":"Polygon","coordinates":[[[-72.5649961,-8.3681648],[-72.5569011,-8.3682378],[-72.556852,-8.3628377],[-72.5649469,-8.3627648],[-72.5649961,-8.3681648]]]}},{"type":"Feature","id":"AC-Y640-X224","properties":{"id":"AC-Y640-X224","grid_x":224,"grid_y":640,"centroid":[-72.552829,-8.3655742],"aggregation":"none","score_gradboost":0.036589,"score_random_forest":0.0343993,"score_logistic_regression":0.3251721,"score_fuzzy_knn_k29":0.0},"geometry":{"type":"Polygon","coordinates":[[[-72.5569011,-8.3682378],[-72.548806,-8.3683107],[-72.5487571,-8.3629105],[-72.556852,-8.3628377],[-72.5569011,-8.3682378]]]}},{"type":"Feature","id":"AC-Y641-X220","properties":{"id":"AC-Y641-X220","grid_x":220,"grid_y":641,"centroid":[-72.5851592,-8.3598817],"aggregation":"none","score_gradboost":0.1174626,"score_random_forest":0.2434304,"score_logistic_regression":0.2608616,"score_fuzzy_knn_k29":0.1615486},"geometry":{"type":"Polygon","coordinates":[[[-72.5892312,-8.3625449],[-72.5811365,-8.3626183],[-72.5810872,-8.3572184],[-72.5891818,-8.357145],[-72.5892312,-8.3625449]]]}},{"type":"Feature","id":"AC-Y641-X221","properties":{"id":"AC-Y641-X221","grid_x":221,"grid_y":641,"centroid":[-72.5770645,-8.359955],"aggregation":"none","score_gradboost":0.1044579,"score_random_forest":0.1535203,"score_logistic_regression":0.2643372,"score_fuzzy_knn_k29":0.1184556},"geometry":{"type":"Polygon","coordinates":[[[-72.5811365,-8.3626183],[-72.5730418,-8.3626916],[-72.5729925,-8.3572916],[-72.5810872,-8.3572184],[-72.5811365,-8.3626183]]]}},{"type":"Feature","id":"AC-Y641-X222","properties":{"id":"AC-Y641-X222","grid_x":222,"grid_y":641,"centroid":[-72.5689698,-8.3600282],"aggregation":"none","score_gradboost":0.0437254,"score_random_forest":0.0913501,"score_logistic_regression":0.3259908,"score_fuzzy_knn_k29":0.0222729},"geometry":{"type":"Polygon","coordinates":[[[-72.5730418,-8.3626916],[-72.5649469,-8.3627648],[-72.5648978,-8.3573647],[-72.5729925,-8.3572916],[-72.5730418,-8.3626916]]]}},{"type":"Feature","id":"AC-Y641-X223","properties":{"id":"AC-Y641-X223","grid_x":223,"grid_y":641,"centroid":[-72.560875,-8.3601012],"aggregation":"none","score_gradboost":0.0277148,"score_random_forest":0.0496375,"score_logistic_regression":0.2898345,"score_fuzzy_knn_k29":0.0},"geometry":{"type":"Polygon","coordinates":[[[-72.5649469,-8.3627648],[-72.556852,-8.3628377],[-72.556803,-8.3574376],[-72.5648978,-8.3573647],[-72.5649469,-8.3627648]]]}},{"type":"Feature","id":"AC-Y641-X224","properties":{"id":"AC-Y641-X224","grid_x":224,"grid_y":641,"centroid":[-72.5527801,-8.3601741],"aggregation":"none","score_gradboost":0.1064442,"score_random_forest":0.035524,"score_logistic_regression":0.3408347,"score_fuzzy_knn_k29":0.0113052},"geometry":{"type":"Polygon","coordinates":[[[-72.556852,-8.3628377],[-72.5487571,-8.3629105],[-72.5487082,-8.3575104],[-72.556803,-8.3574376],[-72.556852,-8.3628377]]]}},{"type":"Feature","id":"AC-Y641-X225","properties":{"id":"AC-Y641-X225","grid_x":225,"grid_y":641,"centroid":[-72.5446851,-8.3602468],"aggregation":"none","score_gradboost":0.0575521,"score_random_forest":0.0524123,"score_logistic_regression":0.337428,"score_fuzzy_knn_k29":0.0573694},"geometry":{"type":"Polygon","coordinates":[[[-72.5487571,-8.3629105],[-72.540662,-8.3629832],[-72.5406132,-8.357583],[-72.5487082,-8.3575104],[-72.5487571,-8.3629105]]]}},{"type":"Feature","id":"AC-Y642-X220","properties":{"id":"AC-Y642-X220","grid_x":220,"grid_y":642,"centroid":[-72.5851098,-8.3544817],"aggregation":"none","score_gradboost":0.1174626,"score_random_forest":0.2241771,"score_logistic_regression":0.256102,"score_fuzzy_knn_k29":0.1613592},"geometry":{"type":"Polygon","coordinates":[[[-72.5891818,-8.357145],[-72.5810872,-8.3572184],[-72.5810379,-8.3518184],[-72.5891323,-8.3517451],[-72.5891818,-8.357145]]]}},{"type":"Feature","id":"AC-Y642-X221","properties":{"id":"AC-Y642-X221","grid_x":221,"grid_y":642,"centroid":[-72.5770152,-8.3545551],"aggregation":"none","score_gradboost":0.0829356,"score_random_forest":0.147076,"score_logistic_regression":0.2738455,"score_fuzzy_knn_k29":0.1062089},"geometry":{"type":"Polygon","coordinates":[[[-72.5810872,-8.3572184],[-72.5729925,-8.3572916],[-72.5729433,-8.3518916],[-72.5810379,-8.3518184],[-72.5810872,-8.3572184]]]}},{"type":"Feature","id":"AC-Y642-X222","properties":{"id":"AC-Y642-X222","grid_x":222,"grid_y":642,"centroid":[-72.5689206,-8.3546282],"aggregation":"none","score_gradboost":0.0394406,"score_random_forest":0.0635996,"score_logistic_regression":0.2676798,"score_fuzzy_knn_k29":0.0311383},"geometry":{"type":"Polygon","coordinates":[[[-72.5729925,-8.3572916],[-72.5648978,-8.3573647],[-72.5648487,-8.3519647],[-72.5729433,-8.3518916],[-72.5729925,-8.3572916]]]}},{"type":"Feature","id":"AC-Y642-X223","properties":{"id":"AC-Y642-X223","grid_x":223,"grid_y":642,"centroid":[-72.5608259,-8.3547012],"aggregation":"none","score_gradboost":0.0322674,"score_random_forest":0.0377904,"score_logistic_regression":0.3214571,"score_fuzzy_knn_k29":0.0},"geometry":{"type":"Polygon","coordinates":[[[-72.5648978,-8.3573647],[-72.556803,-8.3574376],[-72.5567541,-8.3520376],[-72.5648487,-8.3519647],[-72.5648978,-8.3573647]]]}},{"type":"Feature","id":"AC-Y642-X224","properties":{"id":"AC-Y642-X224","grid_x":224,"grid_y":642,"centroid":[-72.5527311,-8.354774],"aggregation":"none","score_gradboost":0.1157123,"score_random_forest":0.0416528,"score_logistic_regression":0.3483585,"score_fuzzy_knn_k29":0.0377674},"geometry":{"type":"Polygon","coordinates":[[[-72.556803,-8.3574376],[-72.5487082,-8.3575104],[-72.5486593,-8.3521103],[-72.5567541,-8.3520376],[-72.556803,-8.3574376]]]}},{"type":"Feature","id":"AC-Y642-X225","properties":{"id":"AC-Y642-X225","grid_x":225,"grid_y":642,"centroid":[-72.5446363,-8.3548466],"aggregation":"none","score_gradboost":0.0609113,"score_random_forest":0.0365231,"score_logistic_regression":0.3580682,"score_fuzzy_knn_k29":0.072764},"geometry":{"type":"Polygon","coordinates":[[[-72.5487082,-8.3575104],[-72.5406132,-8.357583],[-72.5405645,-8.3521828],[-72.5486593,-8.3521103],[-72.5487082,-8.3575104]]]}},{"type":"Feature","id":"AC-Y643-X220","properties":{"id":"AC-Y643-X220","grid_x":220,"grid_y":643,"centroid":[-72.5850604,-8.3490818],"aggregation":"none","score_gradboost":0.1174626,"score_random_forest":0.2222436,"score_logistic_regression":0.2595743,"score_fuzzy_knn_k29":0.1852975},"geometry":{"type":"Polygon","coordinates":[[[-72.5891323,-8.3517451],[-72.5810379,-8.3518184],[-72.5809886,-8.3464185],[-72.589083,-8.3463452],[-72.5891323,-8.3517451]]]}},{"type":"Feature","id":"AC-Y643-X221","properties":{"id":"AC-Y643-X221","grid_x":221,"grid_y":643,"centroid":[-72.576966,-8.3491551],"aggregation":"none","score_gradboost":0.0870566,"score_random_forest":0.1571176,"score_logistic_regression":0.281409,"score_fuzzy_knn_k29":0.1045719},"geometry":{"type":"Polygon","coordinates":[[[-72.5810379,-8.3518184],[-72.5729433,-8.3518916],[-72.5728942,-8.3464917],[-72.5809886,-8.3464185],[-72.5810379,-8.3518184]]]}},{"type":"Feature","id":"AC-Y643-X222","properties":{"id":"AC-Y643-X222","grid_x":222,"grid_y":643,"centroid":[-72.5688715,-8.3492282],"aggregation":"none","score_gradboost":0.0402738,"score_random_forest":0.0825077,"score_logistic_regression":0.2880561,"score_fuzzy_knn_k29":0.0303359},"geometry":{"type":"Polygon","coordinates":[[[-72.5729433,-8.3518916],[-72.5648487,-8.3519647],[-72.5647997,-8.3465646],[-72.5728942,-8.3464917],[-72.5729433,-8.3518916]]]}},{"type":"Feature","id":"AC-Y643-X223","properties":{"id":"AC-Y643-X223","grid_x":223,"grid_y":643,"centroid":[-72.5607769,-8.3493011],"aggregation":"none","score_gradboost":0.1288986,"score_random_forest":0.069462,"score_logistic_regression":0.302805,"score_fuzzy_knn_k29":0.0},"geometry":{"type":"Polygon","coordinates":[[[-72.5648487,-8.3519647],[-72.5567541,-8.3520376],[-72.5567051,-8.3466375],[-72.5647997,-8.3465646],[-72.5648487,-8.3519647]]]}},{"type":"Feature","id":"AC-Y643-X224","properties":{"id":"AC-Y643-X224","grid_x":224,"grid_y":643,"centroid":[-72.5526822,-8.3493739],"aggregation":"none","score_gradboost":0.0701148,"score_random_forest":0.043335,"score_logistic_regression":0.3647977,"score_fuzzy_knn_k29":0.0538792},"geometry":{"type":"Polygon","coordinates":[[[-72.5567541,-8.3520376],[-72.5486593,-8.3521103],[-72.5486105,-8.3467101],[-72.5567051,-8.3466375],[-72.5567541,-8.3520376]]]}},{"type":"Feature","id":"AC-Y643-X225","properties":{"id":"AC-Y643-X225","grid_x":225,"grid_y":643,"centroid":[-72.5445875,-8.3494465],"aggregation":"none","score_gradboost":0.0401724,"score_random_forest":0.0321388,"score_logistic_regression":0.3747776,"score_fuzzy_knn_k29":0.0953606},"geometry":{"type":"Polygon","coordinates":[[[-72.5486593,-8.3521103],[-72.5405645,-8.3521828],[-72.5405158,-8.3467826],[-72.5486105,-8.3467101],[-72.5486593,-8.3521103]]]}},{"type":"Feature","id":"AC-Y643-X226","properties":{"id":"AC-Y643-X226","grid_x":226,"grid_y":643,"centroid":[-72.5364927,-8.3495189],"aggregation":"none","score_gradboost":0.0398241,"score_random_forest":0.0345059,"score_logistic_regression":0.3893543,"score_fuzzy_knn_k29":0.0787009},"geometry":{"type":"Polygon","coordinates":[[[-72.5405645,-8.3521828],[-72.5324696,-8.3522552],[-72.532421,-8.3468549],[-72.5405158,-8.3467826],[-72.5405645,-8.3521828]]]}},{"type":"Feature","id":"AC-Y636-X233","properties":{"id":"AC-Y636-X233","grid_x":233,"grid_y":636,"centroid":[-72.480163,-8.3878251],"aggregation":"none","score_gradboost":0.1255043,"score_random_forest":0.1213917,"score_logistic_regression":0.2646785,"score_fuzzy_knn_k29":0.5004068},"geometry":{"type":"Polygon","coordinates":[[[-72.4842351,-8.3904895],[-72.476139,-8.3905611],[-72.4760909,-8.3851605],[-72.484187,-8.385089],[-72.4842351,-8.3904895]]]}},{"type":"Feature","id":"AC-Y637-X232","properties":{"id":"AC-Y637-X232","grid_x":232,"grid_y":637,"centroid":[-72.4882109,-8.382353],"aggregation":"none","score_gradboost":0.0752672,"score_random_forest":0.1011101,"score_logistic_regression":0.3080668,"score_fuzzy_knn_k29":0.2413286},"geometry":{"type":"Polygon","coordinates":[[[-72.492283,-8.3850174],[-72.484187,-8.385089],[-72.4841388,-8.3796885],[-72.4922347,-8.3796169],[-72.492283,-8.3850174]]]}},{"type":"Feature","id":"AC-Y637-X233","properties":{"id":"AC-Y637-X233","grid_x":233,"grid_y":637,"centroid":[-72.4801149,-8.3824245],"aggregation":"none","score_gradboost":0.1278222,"score_random_forest":0.1296017,"score_logistic_regression":0.2676515,"score_fuzzy_knn_k29":0.7300317},"geometry":{"type":"Polygon","coordinates":[[[-72.484187,-8.385089],[-72.4760909,-8.3851605],[-72.4760429,-8.37976],[-72.4841388,-8.3796885],[-72.484187,-8.385089]]]}},{"type":"Feature","id":"AC-Y638-X230","properties":{"id":"AC-Y638-X230","grid_x":230,"grid_y":638,"centroid":[-72.5043542,-8.376809],"aggregation":"none","score_gradboost":0.0901733,"score_random_forest":0.1061024,"score_logistic_regression":0.2591016,"score_fuzzy_knn_k29":0.1336476},"geometry":{"type":"Polygon","coordinates":[[[-72.5084263,-8.3794732],[-72.5003305,-8.3795451],[-72.5002822,-8.3741447],[-72.5083779,-8.3740728],[-72.5084263,-8.3794732]]]}},{"type":"Feature","id":"AC-Y638-X231","properties":{"id":"AC-Y638-X231","grid_x":231,"grid_y":638,"centroid":[-72.4962585,-8.3768808],"aggregation":"none","score_gradboost":0.1400314,"score_random_forest":0.1310797,"score_logistic_regression":0.2845359,"score_fuzzy_knn_k29":0.2420489},"geometry":{"type":"Polygon","coordinates":[[[-72.5003305,-8.3795451],[-72.4922347,-8.3796169],[-72.4921865,-8.3742165],[-72.5002822,-8.3741447],[-72.5003305,-8.3795451]]]}},{"type":"Feature","id":"AC-Y638-X232","properties":{"id":"AC-Y638-X232","grid_x":232,"grid_y":638,"centroid":[-72.4881627,-8.3769525],"aggregation":"none","score_gradboost":0.0714367,"score_random_forest":0.0844748,"score_logistic_regression":0.3286295,"score_fuzzy_knn_k29":0.3255181},"geometry":{"type":"Polygon","coordinates":[[[-72.4922347,-8.3796169],[-72.4841388,-8.3796885],[-72.4840907,-8.374288],[-72.4921865,-8.3742165],[-72.4922347,-8.3796169]]]}},{"type":"Feature","id":"AC-Y638-X233","properties":{"id":"AC-Y638-X233","grid_x":233,"grid_y":638,"centroid":[-72.4800668,-8.377024],"aggregation":"none","score_gradboost":0.1394066,"score_random_forest":0.1813807,"score_logistic_regression":0.3025293,"score_fuzzy_knn_k29":0.9190471},"geometry":{"type":"Polygon","coordinates":[[[-72.4841388,-8.3796885],[-72.4760429,-8.37976],[-72.4759949,-8.3743594],[-72.4840907,-8.374288],[-72.4841388,-8.3796885]]]}},{"type":"Feature","id":"AC-Y638-X234","properties":{"id":"AC-Y638-X234","grid_x":234,"grid_y":638,"centroid":[-72.4719709,-8.3770954],"aggregation":"none","score_gradboost":0.0518658,"score_random_forest":0.163281,"score_logistic_regression":0.305821,"score_fuzzy_knn_k29":0.7557206},"geometry":{"type":"Polygon","coordinates":[[[-72.4760429,-8.37976],[-72.4679469,-8.3798313],[-72.467899,-8.3744307],[-72.4759949,-8.3743594],[-72.4760429,-8.37976]]]}},{"type":"Feature","id":"AC-Y639-X229","properties":{"id":"AC-Y639-X229","grid_x":229,"grid_y":639,"centroid":[-72.5124014,-8.3713366],"aggregation":"none","score_gradboost":0.0795334,"score_random_forest":0.1295263,"score_logistic_regression":0.2882612,"score_fuzzy_knn_k29":0.1175927},"geometry":{"type":"Polygon","coordinates":[[[-72.5164734,-8.3740007],[-72.5083779,-8.3740728],[-72.5083295,-8.3686724],[-72.5164249,-8.3686004],[-72.5164734,-8.3740007]]]}},{"type":"Feature","id":"AC-Y639-X230","properties":{"id":"AC-Y639-X230","grid_x":230,"grid_y":639,"centroid":[-72.5043059,-8.3714086],"aggregation":"none","score_gradboost":0.0971194,"score_random_forest":0.121296,"score_logistic_regression":0.2744115,"score_fuzzy_knn_k29":0.2430462},"geometry":{"type":"Polygon","coordinates":[[[-72.5083779,-8.3740728],[-72.5002822,-8.3741447],[-72.5002339,-8.3687443],[-72.5083295,-8.3686724],[-72.5083779,-8.3740728]]]}},{"type":"Feature","id":"AC-Y639-X231","properties":{"id":"AC-Y639-X231","grid_x":231,"grid_y":639,"centroid":[-72.4962103,-8.3714804],"aggregation":"none","score_gradboost":0.1001432,"score_random_forest":0.1143603,"score_logistic_regression":0.2924214,"score_fuzzy_knn_k29":0.4504159},"geometry":{"type":"Polygon","coordinates":[[[-72.5002822,-8.3741447],[-72.4921865,-8.3742165],[-72.4921383,-8.368816],[-72.5002339,-8.3687443],[-72.5002822,-8.3741447]]]}},{"type":"Feature","id":"AC-Y639-X232","properties":{"id":"AC-Y639-X232","grid_x":232,"grid_y":639,"centroid":[-72.4881146,-8.371552],"aggregation":"none","score_gradboost":0.0452028,"score_random_forest":0.0678909,"score_logistic_regression":0.3589154,"score_fuzzy_knn_k29":0.3523469},"geometry":{"type":"Polygon","coordinates":[[[-72.4921865,-8.3742165],[-72.4840907,-8.374288],[-72.4840427,-8.3688875],[-72.4921383,-8.368816],[-72.4921865,-8.3742165]]]}},{"type":"Feature","id":"AC-Y639-X233","properties":{"id":"AC-Y639-X233","grid_x":233,"grid_y":639,"centroid":[-72.4800188,-8.3716235],"aggregation":"none","score_gradboost":0.0419855,"score_random_forest":0.1430456,"score_logistic_regression":0.3186226,"score_fuzzy_knn_k29":0.8573671},"geometry":{"type":"Polygon","coordinates":[[[-72.4840907,-8.374288],[-72.4759949,-8.3743594],[-72.4759469,-8.3689589],[-72.4840427,-8.3688875],[-72.4840907,-8.374288]]]}},{"type":"Feature","id":"AC-Y639-X234","properties":{"id":"AC-Y639-X234","grid_x":234,"grid_y":639,"centroid":[-72.471923,-8.3716948],"aggregation":"none","score_gradboost":0.0518658,"score_random_forest":0.1498503,"score_logistic_regression":0.3051192,"score_fuzzy_knn_k29":0.6136112},"geometry":{"type":"Polygon","coordinates":[[[-72.4759949,-8.3743594],[-72.467899,-8.3744307],[-72.4678511,-8.3690301],[-72.4759469,-8.3689589],[-72.4759949,-8.3743594]]]}},{"type":"Feature","id":"AC-Y639-X235","properties":{"id":"AC-Y639-X235","grid_x":235,"grid_y":639,"centroid":[-72.4638271,-8.3717659],"aggregation":"none","score_gradboost":0.0576242,"score_random_forest":0.0861266,"score_logistic_regression":0.373537,"score_fuzzy_knn_k29":0.4090034},"geometry":{"type":"Polygon","coordinates":[[[-72.467899,-8.3744307],[-72.459803,-8.3745018],[-72.4597552,-8.3691011],[-72.4678511,-8.3690301],[-72.467899,-8.3744307]]]}},{"type":"Feature","id":"AC-Y640-X228","properties":{"id":"AC-Y640-X228","grid_x":228,"grid_y":640,"centroid":[-72.5204483,-8.3658642],"aggregation":"none","score_gradboost":0.0580877,"score_random_forest":0.0645819,"score_logistic_regression":0.3230083,"score_fuzzy_knn_k29":0.1090043},"geometry":{"type":"Polygon","coordinates":[[[-72.5245203,-8.3685282],[-72.5164249,-8.3686004],[-72.5163764,-8.3632001],[-72.5244717,-8.3631279],[-72.5245203,-8.3685282]]]}},{"type":"Feature","id":"AC-Y640-X229","properties":{"id":"AC-Y640-X229","grid_x":229,"grid_y":640,"centroid":[-72.512353,-8.3659363],"aggregation":"none","score_gradboost":0.0516329,"score_random_forest":0.0594467,"score_logistic_regression":0.3173394,"score_fuzzy_knn_k29":0.197302},"geometry":{"type":"Polygon","coordinates":[[[-72.5164249,-8.3686004],[-72.5083295,-8.3686724],[-72.5082811,-8.3632721],[-72.5163764,-8.3632001],[-72.5164249,-8.3686004]]]}},{"type":"Feature","id":"AC-Y640-X230","properties":{"id":"AC-Y640-X230","grid_x":230,"grid_y":640,"centroid":[-72.5042575,-8.3660082],"aggregation":"none","score_gradboost":0.0475641,"score_random_forest":0.0529497,"score_logistic_regression":0.3537139,"score_fuzzy_knn_k29":0.2116142},"geometry":{"type":"Polygon","coordinates":[[[-72.5083295,-8.3686724],[-72.5002339,-8.3687443],[-72.5001857,-8.3633439],[-72.5082811,-8.3632721],[-72.5083295,-8.3686724]]]}},{"type":"Feature","id":"AC-Y640-X231","properties":{"id":"AC-Y640-X231","grid_x":231,"grid_y":640,"centroid":[-72.496162,-8.3660799],"aggregation":"none","score_gradboost":0.0743134,"score_random_forest":0.1107689,"score_logistic_regression":0.3171084,"score_fuzzy_knn_k29":0.642263},"geometry":{"type":"Polygon","coordinates":[[[-72.5002339,-8.3687443],[-72.4921383,-8.368816],[-72.4920902,-8.3634155],[-72.5001857,-8.3633439],[-72.5002339,-8.3687443]]]}},{"type":"Feature","id":"AC-Y640-X232","properties":{"id":"AC-Y640-X232","grid_x":232,"grid_y":640,"centroid":[-72.4880665,-8.3661515],"aggregation":"none","score_gradboost":0.0509352,"score_random_forest":0.0804446,"score_logistic_regression":0.3677112,"score_fuzzy_knn_k29":0.4316777},"geometry":{"type":"Polygon","coordinates":[[[-72.4921383,-8.368816],[-72.4840427,-8.3688875],[-72.4839946,-8.363487],[-72.4920902,-8.3634155],[-72.4921383,-8.368816]]]}},{"type":"Feature","id":"AC-Y640-X233","properties":{"id":"AC-Y640-X233","grid_x":233,"grid_y":640,"centroid":[-72.4799708,-8.3662229],"aggregation":"none","score_gradboost":0.0332439,"score_random_forest":0.1099786,"score_logistic_regression":0.3484076,"score_fuzzy_knn_k29":0.5490271},"geometry":{"type":"Polygon","coordinates":[[[-72.4840427,-8.3688875],[-72.4759469,-8.3689589],[-72.475899,-8.3635583],[-72.4839946,-8.363487],[-72.4840427,-8.3688875]]]}},{"type":"Feature","id":"AC-Y640-X234","properties":{"id":"AC-Y640-X234","grid_x":234,"grid_y":640,"centroid":[-72.4718751,-8.3662942],"aggregation":"none","score_gradboost":0.0587272,"score_random_forest":0.1654082,"score_logistic_regression":0.3087025,"score_fuzzy_knn_k29":0.4932791},"geometry":{"type":"Polygon","coordinates":[[[-72.4759469,-8.3689589],[-72.4678511,-8.3690301],[-72.4678033,-8.3636295],[-72.475899,-8.3635583],[-72.4759469,-8.3689589]]]}},{"type":"Feature","id":"AC-Y640-X235","properties":{"id":"AC-Y640-X235","grid_x":235,"grid_y":640,"centroid":[-72.4637793,-8.3663653],"aggregation":"none","score_gradboost":0.0526099,"score_random_forest":0.0662551,"score_logistic_regression":0.3956818,"score_fuzzy_knn_k29":0.3952467},"geometry":{"type":"Polygon","coordinates":[[[-72.4678511,-8.3690301],[-72.4597552,-8.3691011],[-72.4597075,-8.3637004],[-72.4678033,-8.3636295],[-72.4678511,-8.3690301]]]}},{"type":"Feature","id":"AC-Y641-X227","properties":{"id":"AC-Y641-X227","grid_x":227,"grid_y":641,"centroid":[-72.528495,-8.3603917],"aggregation":"none","score_gradboost":0.06133,"score_random_forest":0.0580962,"score_logistic_regression":0.3225762,"score_fuzzy_knn_k29":0.0933182},"geometry":{"type":"Polygon","coordinates":[[[-72.5325669,-8.3630556],[-72.5244717,-8.3631279],[-72.5244231,-8.3577277],[-72.5325182,-8.3576554],[-72.5325669,-8.3630556]]]}},{"type":"Feature","id":"AC-Y641-X228","properties":{"id":"AC-Y641-X228","grid_x":228,"grid_y":641,"centroid":[-72.5203998,-8.3604639],"aggregation":"none","score_gradboost":0.0338222,"score_random_forest":0.0385235,"score_logistic_regression":0.3525624,"score_fuzzy_knn_k29":0.1239168},"geometry":{"type":"Polygon","coordinates":[[[-72.5244717,-8.3631279],[-72.5163764,-8.3632001],[-72.516328,-8.3577998],[-72.5244231,-8.3577277],[-72.5244717,-8.3631279]]]}},{"type":"Feature","id":"AC-Y641-X229","properties":{"id":"AC-Y641-X229","grid_x":229,"grid_y":641,"centroid":[-72.5123046,-8.3605359],"aggregation":"none","score_gradboost":0.0405366,"score_random_forest":0.0584138,"score_logistic_regression":0.3612806,"score_fuzzy_knn_k29":0.2366039},"geometry":{"type":"Polygon","coordinates":[[[-72.5163764,-8.3632001],[-72.5082811,-8.3632721],[-72.5082327,-8.3578717],[-72.516328,-8.3577998],[-72.5163764,-8.3632001]]]}},{"type":"Feature","id":"AC-Y641-X230","properties":{"id":"AC-Y641-X230","grid_x":230,"grid_y":641,"centroid":[-72.5042092,-8.3606078],"aggregation":"none","score_gradboost":0.0512644,"score_random_forest":0.0937151,"score_logistic_regression":0.3408867,"score_fuzzy_knn_k29":0.4646482},"geometry":{"type":"Polygon","coordinates":[[[-72.5082811,-8.3632721],[-72.5001857,-8.3633439],[-72.5001374,-8.3579435],[-72.5082327,-8.3578717],[-72.5082811,-8.3632721]]]}},{"type":"Feature","id":"AC-Y641-X231","properties":{"id":"AC-Y641-X231","grid_x":231,"grid_y":641,"centroid":[-72.4961138,-8.3606795],"aggregation":"none","score_gradboost":0.1068446,"score_random_forest":0.135633,"score_logistic_regression":0.3299933,"score_fuzzy_knn_k29":0.7616183},"geometry":{"type":"Polygon","coordinates":[[[-72.5001857,-8.3633439],[-72.4920902,-8.3634155],[-72.4920421,-8.3580151],[-72.5001374,-8.3579435],[-72.5001857,-8.3633439]]]}},{"type":"Feature","id":"AC-Y641-X232","properties":{"id":"AC-Y641-X232","grid_x":232,"grid_y":641,"centroid":[-72.4880184,-8.360751],"aggregation":"none","score_gradboost":0.0518323,"score_random_forest":0.0592589,"score_logistic_regression":0.3951075,"score_fuzzy_knn_k29":0.3512134},"geometry":{"type":"Polygon","coordinates":[[[-72.4920902,-8.3634155],[-72.4839946,-8.363487],[-72.4839466,-8.3580865],[-72.4920421,-8.3580151],[-72.4920902,-8.3634155]]]}},{"type":"Feature","id":"AC-Y641-X233","properties":{"id":"AC-Y641-X233","grid_x":233,"grid_y":641,"centroid":[-72.4799228,-8.3608224],"aggregation":"none","score_gradboost":0.0419855,"score_random_forest":0.137019,"score_logistic_regression":0.3350856,"score_fuzzy_knn_k29":0.519398},"geometry":{"type":"Polygon","coordinates":[[[-72.4839946,-8.363487],[-72.475899,-8.3635583],[-72.4758511,-8.3581578],[-72.4839466,-8.3580865],[-72.4839946,-8.363487]]]}},{"type":"Feature","id":"AC-Y641-X234","properties":{"id":"AC-Y641-X234","grid_x":234,"grid_y":641,"centroid":[-72.4718272,-8.3608936],"aggregation":"none","score_gradboost":0.0394775,"score_random_forest":0.1008059,"score_logistic_regression":0.3644749,"score_fuzzy_knn_k29":0.3731346},"geometry":{"type":"Polygon","coordinates":[[[-72.475899,-8.3635583],[-72.4678033,-8.3636295],[-72.4677555,-8.3582289],[-72.4758511,-8.3581578],[-72.475899,-8.3635583]]]}},{"type":"Feature","id":"AC-Y641-X235","properties":{"id":"AC-Y641-X235","grid_x":235,"grid_y":641,"centroid":[-72.4637316,-8.3609647],"aggregation":"none","score_gradboost":0.0292493,"score_random_forest":0.0935395,"score_logistic_regression":0.3721283,"score_fuzzy_knn_k29":0.3570707},"geometry":{"type":"Polygon","coordinates":[[[-72.4678033,-8.3636295],[-72.4597075,-8.3637004],[-72.4596599,-8.3582998],[-72.4677555,-8.3582289],[-72.4678033,-8.3636295]]]}},{"type":"Feature","id":"AC-Y641-X236","properties":{"id":"AC-Y641-X236","grid_x":236,"grid_y":641,"centroid":[-72.4556358,-8.3610355],"aggregation":"none","score_gradboost":0.0596773,"score_random_forest":0.1423136,"score_logistic_regression":0.3311206,"score_fuzzy_knn_k29":0.3911242},"geometry":{"type":"Polygon","coordinates":[[[-72.4597075,-8.3637004],[-72.4516117,-8.3637713],[-72.4515641,-8.3583706],[-72.4596599,-8.3582998],[-72.4597075,-8.3637004]]]}},{"type":"Feature","id":"AC-Y642-X227","properties":{"id":"AC-Y642-X227","grid_x":227,"grid_y":642,"centroid":[-72.5284464,-8.3549914],"aggregation":"none","score_gradboost":0.0350881,"score_random_forest":0.0397608,"score_logistic_regression":0.3570054,"score_fuzzy_knn_k29":0.0966906},"geometry":{"type":"Polygon","coordinates":[[[-72.5325182,-8.3576554],[-72.5244231,-8.3577277],[-72.5243746,-8.3523274],[-72.5324696,-8.3522552],[-72.5325182,-8.3576554]]]}},{"type":"Feature","id":"AC-Y642-X228","properties":{"id":"AC-Y642-X228","grid_x":228,"grid_y":642,"centroid":[-72.5203513,-8.3550636],"aggregation":"none","score_gradboost":0.0531571,"score_random_forest":0.0485762,"score_logistic_regression":0.3743696,"score_fuzzy_knn_k29":0.1612757},"geometry":{"type":"Polygon","coordinates":[[[-72.5244231,-8.3577277],[-72.516328,-8.3577998],[-72.5162796,-8.3523994],[-72.5243746,-8.3523274],[-72.5244231,-8.3577277]]]}},{"type":"Feature","id":"AC-Y642-X229","properties":{"id":"AC-Y642-X229","grid_x":229,"grid_y":642,"centroid":[-72.5122562,-8.3551356],"aggregation":"none","score_gradboost":0.049813,"score_random_forest":0.0580644,"score_logistic_regression":0.3831648,"score_fuzzy_knn_k29":0.3042165},"geometry":{"type":"Polygon","coordinates":[[[-72.516328,-8.3577998],[-72.5082327,-8.3578717],[-72.5081844,-8.3524713],[-72.5162796,-8.3523994],[-72.516328,-8.3577998]]]}},{"type":"Feature","id":"AC-Y642-X230","properties":{"id":"AC-Y642-X230","grid_x":230,"grid_y":642,"centroid":[-72.504161,-8.3552074],"aggregation":"none","score_gradboost":0.0559463,"score_random_forest":0.0982469,"score_logistic_regression":0.3589546,"score_fuzzy_knn_k29":0.4919022},"geometry":{"type":"Polygon","coordinates":[[[-72.5082327,-8.3578717],[-72.5001374,-8.3579435],[-72.5000892,-8.352543],[-72.5081844,-8.3524713],[-72.5082327,-8.3578717]]]}},{"type":"Feature","id":"AC-Y642-X231","properties":{"id":"AC-Y642-X231","grid_x":231,"grid_y":642,"centroid":[-72.4960657,-8.355279],"aggregation":"none","score_gradboost":0.0470088,"score_random_forest":0.0820748,"score_logistic_regression":0.3744419,"score_fuzzy_knn_k29":0.4635034},"geometry":{"type":"Polygon","coordinates":[[[-72.5001374,-8.3579435],[-72.4920421,-8.3580151],[-72.491994,-8.3526146],[-72.5000892,-8.352543],[-72.5001374,-8.3579435]]]}},{"type":"Feature","id":"AC-Y642-X232","properties":{"id":"AC-Y642-X232","grid_x":232,"grid_y":642,"centroid":[-72.4879703,-8.3553505],"aggregation":"none","score_gradboost":0.0486704,"score_random_forest":0.0822229,"score_logistic_regression":0.3768019,"score_fuzzy_knn_k29":0.4316406},"geometry":{"type":"Polygon","coordinates":[[[-72.4920421,-8.3580151],[-72.4839466,-8.3580865],[-72.4838987,-8.352686],[-72.491994,-8.3526146],[-72.4920421,-8.3580151]]]}},{"type":"Feature","id":"AC-Y642-X233","properties":{"id":"AC-Y642-X233","grid_x":233,"grid_y":642,"centroid":[-72.4798749,-8.3554219],"aggregation":"none","score_gradboost":0.0492254,"score_random_forest":0.1105154,"score_logistic_regression":0.3480531,"score_fuzzy_knn_k29":0.4296565},"geometry":{"type":"Polygon","coordinates":[[[-72.4839466,-8.3580865],[-72.4758511,-8.3581578],[-72.4758032,-8.3527572],[-72.4838987,-8.352686],[-72.4839466,-8.3580865]]]}},{"type":"Feature","id":"AC-Y642-X234","properties":{"id":"AC-Y642-X234","grid_x":234,"grid_y":642,"centroid":[-72.4717794,-8.355493],"aggregation":"none","score_gradboost":0.0349704,"score_random_forest":0.0904888,"score_logistic_regression":0.3732035,"score_fuzzy_knn_k29":0.3496507},"geometry":{"type":"Polygon","coordinates":[[[-72.4758511,-8.3581578],[-72.4677555,-8.3582289],[-72.4677078,-8.3528282],[-72.4758032,-8.3527572],[-72.4758511,-8.3581578]]]}},{"type":"Feature","id":"AC-Y642-X235","properties":{"id":"AC-Y642-X235","grid_x":235,"grid_y":642,"centroid":[-72.4636839,-8.355564],"aggregation":"none","score_gradboost":0.0369808,"score_random_forest":0.111577,"score_logistic_regression":0.3581761,"score_fuzzy_knn_k29":0.3796141},"geometry":{"type":"Polygon","coordinates":[[[-72.4677555,-8.3582289],[-72.4596599,-8.3582998],[-72.4596122,-8.3528991],[-72.4677078,-8.3528282],[-72.4677555,-8.3582289]]]}},{"type":"Feature","id":"AC-Y643-X227","properties":{"id":"AC-Y643-X227","grid_x":227,"grid_y":643,"centroid":[-72.5283978,-8.3495912],"aggregation":"none","score_gradboost":0.042665,"score_random_forest":0.0512448,"score_logistic_regression":0.3612589,"score_fuzzy_knn_k29":0.1748216},"geometry":{"type":"Polygon","coordinates":[[[-72.5324696,-8.3522552],[-72.5243746,-8.3523274],[-72.5243261,-8.3469271],[-72.532421,-8.3468549],[-72.5324696,-8.3522552]]]}},{"type":"Feature","id":"AC-Y643-X228","properties":{"id":"AC-Y643-X228","grid_x":228,"grid_y":643,"centroid":[-72.5203029,-8.3496633],"aggregation":"none","score_gradboost":0.046279,"score_random_forest":0.0721967,"score_logistic_regression":0.3604016,"score_fuzzy_knn_k29":0.3189682},"geometry":{"type":"Polygon","coordinates":[[[-72.5243746,-8.3523274],[-72.5162796,-8.3523994],[-72.5162312,-8.3469991],[-72.5243261,-8.3469271],[-72.5243746,-8.3523274]]]}},{"type":"Feature","id":"AC-Y643-X229","properties":{"id":"AC-Y643-X229","grid_x":229,"grid_y":643,"centroid":[-72.5122078,-8.3497352],"aggregation":"none","score_gradboost":0.0556775,"score_random_forest":0.0691811,"score_logistic_regression":0.3870675,"score_fuzzy_knn_k29":0.3703703},"geometry":{"type":"Polygon","coordinates":[[[-72.5162796,-8.3523994],[-72.5081844,-8.3524713],[-72.5081362,-8.3470709],[-72.5162312,-8.3469991],[-72.5162796,-8.3523994]]]}},{"type":"Feature","id":"AC-Y643-X230","properties":{"id":"AC-Y643-X230","grid_x":230,"grid_y":643,"centroid":[-72.5041127,-8.349807],"aggregation":"none","score_gradboost":0.0284121,"score_random_forest":0.1010843,"score_logistic_regression":0.3505617,"score_fuzzy_knn_k29":0.5820685},"geometry":{"type":"Polygon","coordinates":[[[-72.5081844,-8.3524713],[-72.5000892,-8.352543],[-72.5000411,-8.3471426],[-72.5081362,-8.3470709],[-72.5081844,-8.3524713]]]}},{"type":"Feature","id":"AC-Y643-X231","properties":{"id":"AC-Y643-X231","grid_x":231,"grid_y":643,"centroid":[-72.4960176,-8.3498786],"aggregation":"none","score_gradboost":0.0332439,"score_random_forest":0.1007758,"score_logistic_regression":0.3612537,"score_fuzzy_knn_k29":0.4754834},"geometry":{"type":"Polygon","coordinates":[[[-72.5000892,-8.352543],[-72.491994,-8.3526146],[-72.4919459,-8.3472141],[-72.5000411,-8.3471426],[-72.5000892,-8.352543]]]}},{"type":"Feature","id":"AC-Y643-X232","properties":{"id":"AC-Y643-X232","grid_x":232,"grid_y":643,"centroid":[-72.4879223,-8.34995],"aggregation":"none","score_gradboost":0.0526099,"score_random_forest":0.05728,"score_logistic_regression":0.4046598,"score_fuzzy_knn_k29":0.3905912},"geometry":{"type":"Polygon","coordinates":[[[-72.491994,-8.3526146],[-72.4838987,-8.352686],[-72.4838507,-8.3472854],[-72.4919459,-8.3472141],[-72.491994,-8.3526146]]]}},{"type":"Feature","id":"AC-Y643-X233","properties":{"id":"AC-Y643-X233","grid_x":233,"grid_y":643,"centroid":[-72.479827,-8.3500213],"aggregation":"none","score_gradboost":0.0418025,"score_random_forest":0.080746,"score_logistic_regression":0.3794451,"score_fuzzy_knn_k29":0.3780709},"geometry":{"type":"Polygon","coordinates":[[[-72.4838987,-8.352686],[-72.4758032,-8.3527572],[-72.4757554,-8.3473566],[-72.4838507,-8.3472854],[-72.4838987,-8.352686]]]}},{"type":"Feature","id":"AC-Y643-X234","properties":{"id":"AC-Y643-X234","grid_x":234,"grid_y":643,"centroid":[-72.4717316,-8.3500924],"aggregation":"none","score_gradboost":0.0249831,"score_random_forest":0.0973547,"score_logistic_regression":0.3730253,"score_fuzzy_knn_k29":0.339414},"geometry":{"type":"Polygon","coordinates":[[[-72.4758032,-8.3527572],[-72.4677078,-8.3528282],[-72.4676601,-8.3474276],[-72.4757554,-8.3473566],[-72.4758032,-8.3527572]]]}},{"type":"Feature","id":"AC-Y625-X226","properties":{"id":"AC-Y625-X226","grid_x":226,"grid_y":625,"centroid":[-72.5373739,-8.4467224],"aggregation":"none","score_gradboost":0.2237579,"score_random_forest":0.2505234,"score_logistic_regression":0.2433177,"score_fuzzy_knn_k29":0.1928812},"geometry":{"type":"Polygon","coordinates":[[[-72.541447,-8.4493859],[-72.5333501,-8.4494591],[-72.5333009,-8.4440589],[-72.5413977,-8.4439857],[-72.541447,-8.4493859]]]}},{"type":"Feature","id":"AC-Y625-X227","properties":{"id":"AC-Y625-X227","grid_x":227,"grid_y":625,"centroid":[-72.529277,-8.4467956],"aggregation":"none","score_gradboost":0.1835737,"score_random_forest":0.2131904,"score_logistic_regression":0.2352687,"score_fuzzy_knn_k29":0.155558},"geometry":{"type":"Polygon","coordinates":[[[-72.5333501,-8.4494591],[-72.5252531,-8.4495322],[-72.525204,-8.4441319],[-72.5333009,-8.4440589],[-72.5333501,-8.4494591]]]}},{"type":"Feature","id":"AC-Y625-X228","properties":{"id":"AC-Y625-X228","grid_x":228,"grid_y":625,"centroid":[-72.5211801,-8.4468685],"aggregation":"none","score_gradboost":0.1293104,"score_random_forest":0.1250032,"score_logistic_regression":0.1917471,"score_fuzzy_knn_k29":0.1432247},"geometry":{"type":"Polygon","coordinates":[[[-72.5252531,-8.4495322],[-72.517156,-8.4496051],[-72.5171071,-8.4442048],[-72.525204,-8.4441319],[-72.5252531,-8.4495322]]]}},{"type":"Feature","id":"AC-Y626-X226","properties":{"id":"AC-Y626-X226","grid_x":226,"grid_y":626,"centroid":[-72.5373247,-8.4413223],"aggregation":"none","score_gradboost":0.1437545,"score_random_forest":0.1731315,"score_logistic_regression":0.2334577,"score_fuzzy_knn_k29":0.1310615},"geometry":{"type":"Polygon","coordinates":[[[-72.5413977,-8.4439857],[-72.5333009,-8.4440589],[-72.5332517,-8.4386587],[-72.5413484,-8.4385856],[-72.5413977,-8.4439857]]]}},{"type":"Feature","id":"AC-Y626-X227","properties":{"id":"AC-Y626-X227","grid_x":227,"grid_y":626,"centroid":[-72.5292279,-8.4413953],"aggregation":"none","score_gradboost":0.1277287,"score_random_forest":0.1116898,"score_logistic_regression":0.1994649,"score_fuzzy_knn_k29":0.1307975},"geometry":{"type":"Polygon","coordinates":[[[-72.5333009,-8.4440589],[-72.525204,-8.4441319],[-72.525155,-8.4387317],[-72.5332517,-8.4386587],[-72.5333009,-8.4440589]]]}},{"type":"Feature","id":"AC-Y626-X228","properties":{"id":"AC-Y626-X228","grid_x":228,"grid_y":626,"centroid":[-72.521131,-8.4414682],"aggregation":"none","score_gradboost":0.175922,"score_random_forest":0.1457508,"score_logistic_regression":0.2165566,"score_fuzzy_knn_k29":0.1142216},"geometry":{"type":"Polygon","coordinates":[[[-72.525204,-8.4441319],[-72.5171071,-8.4442048],[-72.5170581,-8.4388045],[-72.525155,-8.4387317],[-72.525204,-8.4441319]]]}},{"type":"Feature","id":"AC-Y627-X226","properties":{"id":"AC-Y627-X226","grid_x":226,"grid_y":627,"centroid":[-72.5372755,-8.4359221],"aggregation":"none","score_gradboost":0.2371021,"score_random_forest":0.202648,"score_logistic_regression":0.2378443,"score_fuzzy_knn_k29":0.131539},"geometry":{"type":"Polygon","coordinates":[[[-72.5413484,-8.4385856],[-72.5332517,-8.4386587],[-72.5332026,-8.4332585],[-72.5412992,-8.4331854],[-72.5413484,-8.4385856]]]}},{"type":"Feature","id":"AC-Y627-X227","properties":{"id":"AC-Y627-X227","grid_x":227,"grid_y":627,"centroid":[-72.5291788,-8.4359951],"aggregation":"none","score_gradboost":0.175922,"score_random_forest":0.1531762,"score_logistic_regression":0.2116271,"score_fuzzy_knn_k29":0.1523497},"geometry":{"type":"Polygon","coordinates":[[[-72.5332517,-8.4386587],[-72.525155,-8.4387317],[-72.5251059,-8.4333314],[-72.5332026,-8.4332585],[-72.5332517,-8.4386587]]]}},{"type":"Feature","id":"AC-Y627-X228","properties":{"id":"AC-Y627-X228","grid_x":228,"grid_y":627,"centroid":[-72.5210821,-8.436068],"aggregation":"none","score_gradboost":0.1680145,"score_random_forest":0.0765905,"score_logistic_regression":0.1856937,"score_fuzzy_knn_k29":0.1646888},"geometry":{"type":"Polygon","coordinates":[[[-72.525155,-8.4387317],[-72.5170581,-8.4388045],[-72.5170092,-8.4334042],[-72.5251059,-8.4333314],[-72.525155,-8.4387317]]]}},{"type":"Feature","id":"AC-Y628-X225","properties":{"id":"AC-Y628-X225","grid_x":225,"grid_y":628,"centroid":[-72.5453228,-8.4304487],"aggregation":"none","score_gradboost":0.2237579,"score_random_forest":0.2274076,"score_logistic_regression":0.2590716,"score_fuzzy_knn_k29":0.2291116},"geometry":{"type":"Polygon","coordinates":[[[-72.5493957,-8.4331122],[-72.5412992,-8.4331854],[-72.54125,-8.4277853],[-72.5493463,-8.4277121],[-72.5493957,-8.4331122]]]}},{"type":"Feature","id":"AC-Y628-X226","properties":{"id":"AC-Y628-X226","grid_x":226,"grid_y":628,"centroid":[-72.5372263,-8.4305219],"aggregation":"none","score_gradboost":0.5862241,"score_random_forest":0.7031364,"score_logistic_regression":0.3343975,"score_fuzzy_knn_k29":0.8087458},"geometry":{"type":"Polygon","coordinates":[[[-72.5412992,-8.4331854],[-72.5332026,-8.4332585],[-72.5331535,-8.4278583],[-72.5412499,-8.4277853],[-72.5412992,-8.4331854]]]}},{"type":"Feature","id":"AC-Y628-X227","properties":{"id":"AC-Y628-X227","grid_x":227,"grid_y":628,"centroid":[-72.5291297,-8.4305949],"aggregation":"none","score_gradboost":0.2844339,"score_random_forest":0.235313,"score_logistic_regression":0.197549,"score_fuzzy_knn_k29":0.286452},"geometry":{"type":"Polygon","coordinates":[[[-72.5332026,-8.4332585],[-72.5251059,-8.4333314],[-72.525057,-8.4279312],[-72.5331535,-8.4278583],[-72.5332026,-8.4332585]]]}},{"type":"Feature","id":"AC-Y628-X228","properties":{"id":"AC-Y628-X228","grid_x":228,"grid_y":628,"centroid":[-72.5210331,-8.4306677],"aggregation":"none","score_gradboost":0.0684774,"score_random_forest":0.1065369,"score_logistic_regression":0.244592,"score_fuzzy_knn_k29":0.0485716},"geometry":{"type":"Polygon","coordinates":[[[-72.5251059,-8.4333314],[-72.5170092,-8.4334042],[-72.5169604,-8.4280039],[-72.525057,-8.4279312],[-72.5251059,-8.4333314]]]}},{"type":"Feature","id":"AC-Y628-X229","properties":{"id":"AC-Y628-X229","grid_x":229,"grid_y":628,"centroid":[-72.5129364,-8.4307403],"aggregation":"none","score_gradboost":0.0276077,"score_random_forest":0.036991,"score_logistic_regression":0.2152748,"score_fuzzy_knn_k29":0.0275071},"geometry":{"type":"Polygon","coordinates":[[[-72.5170092,-8.4334042],[-72.5089124,-8.4334768],[-72.5088637,-8.4280764],[-72.5169604,-8.4280039],[-72.5170092,-8.4334042]]]}},{"type":"Feature","id":"AC-Y629-X224","properties":{"id":"AC-Y629-X224","grid_x":224,"grid_y":629,"centroid":[-72.5533698,-8.4249753],"aggregation":"none","score_gradboost":0.1878814,"score_random_forest":0.1042662,"score_logistic_regression":0.21351,"score_fuzzy_knn_k29":0.068687},"geometry":{"type":"Polygon","coordinates":[[[-72.5574427,-8.4276387],[-72.5493463,-8.4277121],[-72.549297,-8.4223119],[-72.5573933,-8.4222386],[-72.5574427,-8.4276387]]]}},{"type":"Feature","id":"AC-Y629-X225","properties":{"id":"AC-Y629-X225","grid_x":225,"grid_y":629,"centroid":[-72.5452735,-8.4250486],"aggregation":"none","score_gradboost":0.1010249,"score_random_forest":0.118823,"score_logistic_regression":0.2143959,"score_fuzzy_knn_k29":0.0732683},"geometry":{"type":"Polygon","coordinates":[[[-72.5493463,-8.4277121],[-72.54125,-8.4277853],[-72.5412008,-8.4223851],[-72.549297,-8.4223119],[-72.5493463,-8.4277121]]]}},{"type":"Feature","id":"AC-Y629-X226","properties":{"id":"AC-Y629-X226","grid_x":226,"grid_y":629,"centroid":[-72.5371772,-8.4251217],"aggregation":"none","score_gradboost":0.3279031,"score_random_forest":0.5155895,"score_logistic_regression":0.2792603,"score_fuzzy_knn_k29":0.6621133},"geometry":{"type":"Polygon","coordinates":[[[-72.5412499,-8.4277853],[-72.5331535,-8.4278583],[-72.5331044,-8.4224581],[-72.5412008,-8.4223851],[-72.5412499,-8.4277853]]]}},{"type":"Feature","id":"AC-Y629-X227","properties":{"id":"AC-Y629-X227","grid_x":227,"grid_y":629,"centroid":[-72.5290807,-8.4251946],"aggregation":"none","score_gradboost":0.1151527,"score_random_forest":0.0939397,"score_logistic_regression":0.242787,"score_fuzzy_knn_k29":0.077792},"geometry":{"type":"Polygon","coordinates":[[[-72.5331535,-8.4278583],[-72.525057,-8.4279312],[-72.525008,-8.4225309],[-72.5331044,-8.4224581],[-72.5331535,-8.4278583]]]}},{"type":"Feature","id":"AC-Y629-X228","properties":{"id":"AC-Y629-X228","grid_x":228,"grid_y":629,"centroid":[-72.5209842,-8.4252674],"aggregation":"none","score_gradboost":0.0380942,"score_random_forest":0.0584099,"score_logistic_regression":0.2292592,"score_fuzzy_knn_k29":0.0214009},"geometry":{"type":"Polygon","coordinates":[[[-72.525057,-8.4279312],[-72.5169604,-8.4280039],[-72.5169115,-8.4226036],[-72.525008,-8.4225309],[-72.525057,-8.4279312]]]}},{"type":"Feature","id":"AC-Y629-X229","properties":{"id":"AC-Y629-X229","grid_x":229,"grid_y":629,"centroid":[-72.5128876,-8.42534],"aggregation":"none","score_gradboost":0.0314713,"score_random_forest":0.0535617,"score_logistic_regression":0.212184,"score_fuzzy_knn_k29":0.0232542},"geometry":{"type":"Polygon","coordinates":[[[-72.5169604,-8.4280039],[-72.5088637,-8.4280764],[-72.5088149,-8.4226761],[-72.5169115,-8.4226036],[-72.5169604,-8.4280039]]]}},{"type":"Feature","id":"AC-Y630-X223","properties":{"id":"AC-Y630-X223","grid_x":223,"grid_y":630,"centroid":[-72.5614166,-8.4195019],"aggregation":"none","score_gradboost":0.708917,"score_random_forest":0.7876987,"score_logistic_regression":0.3521646,"score_fuzzy_knn_k29":0.8128795},"geometry":{"type":"Polygon","coordinates":[[[-72.5654894,-8.4221651],[-72.5573933,-8.4222386],[-72.5573439,-8.4168385],[-72.5654399,-8.4167651],[-72.5654894,-8.4221651]]]}},{"type":"Feature","id":"AC-Y630-X224","properties":{"id":"AC-Y630-X224","grid_x":224,"grid_y":630,"centroid":[-72.5533205,-8.4195752],"aggregation":"none","score_gradboost":0.1034797,"score_random_forest":0.1610857,"score_logistic_regression":0.2163071,"score_fuzzy_knn_k29":0.0824408},"geometry":{"type":"Polygon","coordinates":[[[-72.5573933,-8.4222386],[-72.549297,-8.4223119],[-72.5492478,-8.4169118],[-72.5573439,-8.4168385],[-72.5573933,-8.4222386]]]}},{"type":"Feature","id":"AC-Y630-X225","properties":{"id":"AC-Y630-X225","grid_x":225,"grid_y":630,"centroid":[-72.5452243,-8.4196485],"aggregation":"none","score_gradboost":0.1190055,"score_random_forest":0.1250532,"score_logistic_regression":0.2278889,"score_fuzzy_knn_k29":0.0895539},"geometry":{"type":"Polygon","coordinates":[[[-72.549297,-8.4223119],[-72.5412008,-8.4223851],[-72.5411516,-8.4169849],[-72.5492478,-8.4169118],[-72.549297,-8.4223119]]]}},{"type":"Feature","id":"AC-Y630-X226","properties":{"id":"AC-Y630-X226","grid_x":226,"grid_y":630,"centroid":[-72.5371281,-8.4197215],"aggregation":"none","score_gradboost":0.2378096,"score_random_forest":0.1859724,"score_logistic_regression":0.2319733,"score_fuzzy_knn_k29":0.1064025},"geometry":{"type":"Polygon","coordinates":[[[-72.5412008,-8.4223851],[-72.5331044,-8.4224581],[-72.5330554,-8.4170579],[-72.5411516,-8.4169849],[-72.5412008,-8.4223851]]]}},{"type":"Feature","id":"AC-Y630-X227","properties":{"id":"AC-Y630-X227","grid_x":227,"grid_y":630,"centroid":[-72.5290317,-8.4197944],"aggregation":"none","score_gradboost":0.0496745,"score_random_forest":0.068425,"score_logistic_regression":0.2078827,"score_fuzzy_knn_k29":0.0843713},"geometry":{"type":"Polygon","coordinates":[[[-72.5331044,-8.4224581],[-72.525008,-8.4225309],[-72.5249591,-8.4171307],[-72.5330554,-8.4170579],[-72.5331044,-8.4224581]]]}},{"type":"Feature","id":"AC-Y630-X228","properties":{"id":"AC-Y630-X228","grid_x":228,"grid_y":630,"centroid":[-72.5209353,-8.4198671],"aggregation":"none","score_gradboost":0.0308776,"score_random_forest":0.0419229,"score_logistic_regression":0.2049382,"score_fuzzy_knn_k29":0.0282034},"geometry":{"type":"Polygon","coordinates":[[[-72.525008,-8.4225309],[-72.5169115,-8.4226036],[-72.5168627,-8.4172033],[-72.5249591,-8.4171307],[-72.525008,-8.4225309]]]}},{"type":"Feature","id":"AC-Y630-X229","properties":{"id":"AC-Y630-X229","grid_x":229,"grid_y":630,"centroid":[-72.5128389,-8.4199397],"aggregation":"none","score_gradboost":0.0280192,"score_random_forest":0.0499021,"score_logistic_regression":0.2085153,"score_fuzzy_knn_k29":0.0166683},"geometry":{"type":"Polygon","coordinates":[[[-72.5169115,-8.4226036],[-72.5088149,-8.4226761],[-72.5087663,-8.4172757],[-72.5168627,-8.4172033],[-72.5169115,-8.4226036]]]}},{"type":"Feature","id":"AC-Y631-X222","properties":{"id":"AC-Y631-X222","grid_x":222,"grid_y":631,"centroid":[-72.5694631,-8.4140283],"aggregation":"none","score_gradboost":0.1911513,"score_random_forest":0.2183173,"score_logistic_regression":0.278715,"score_fuzzy_knn_k29":0.2463802},"geometry":{"type":"Polygon","coordinates":[[[-72.5735358,-8.4166915],[-72.5654399,-8.4167651],[-72.5653905,-8.4113651],[-72.5734863,-8.4112915],[-72.5735358,-8.4166915]]]}},{"type":"Feature","id":"AC-Y631-X223","properties":{"id":"AC-Y631-X223","grid_x":223,"grid_y":631,"centroid":[-72.5613672,-8.4141018],"aggregation":"none","score_gradboost":0.5377281,"score_random_forest":0.613452,"score_logistic_regression":0.3166958,"score_fuzzy_knn_k29":0.7372982},"geometry":{"type":"Polygon","coordinates":[[[-72.5654399,-8.4167651],[-72.5573439,-8.4168385],[-72.5572946,-8.4114385],[-72.5653905,-8.4113651],[-72.5654399,-8.4167651]]]}},{"type":"Feature","id":"AC-Y631-X224","properties":{"id":"AC-Y631-X224","grid_x":224,"grid_y":631,"centroid":[-72.5532712,-8.4141752],"aggregation":"none","score_gradboost":0.1137441,"score_random_forest":0.111848,"score_logistic_regression":0.2323877,"score_fuzzy_knn_k29":0.0955397},"geometry":{"type":"Polygon","coordinates":[[[-72.5573439,-8.4168385],[-72.5492478,-8.4169118],[-72.5491986,-8.4115117],[-72.5572946,-8.4114385],[-72.5573439,-8.4168385]]]}},{"type":"Feature","id":"AC-Y631-X225","properties":{"id":"AC-Y631-X225","grid_x":225,"grid_y":631,"centroid":[-72.5451751,-8.4142483],"aggregation":"none","score_gradboost":0.1192507,"score_random_forest":0.09308,"score_logistic_regression":0.2455803,"score_fuzzy_knn_k29":0.0769986},"geometry":{"type":"Polygon","coordinates":[[[-72.5492478,-8.4169118],[-72.5411516,-8.4169849],[-72.5411025,-8.4115848],[-72.5491986,-8.4115117],[-72.5492478,-8.4169118]]]}},{"type":"Feature","id":"AC-Y631-X226","properties":{"id":"AC-Y631-X226","grid_x":226,"grid_y":631,"centroid":[-72.537079,-8.4143213],"aggregation":"none","score_gradboost":0.079747,"score_random_forest":0.1108507,"score_logistic_regression":0.2574665,"score_fuzzy_knn_k29":0.077537},"geometry":{"type":"Polygon","coordinates":[[[-72.5411516,-8.4169849],[-72.5330554,-8.4170579],[-72.5330064,-8.4116577],[-72.5411025,-8.4115848],[-72.5411516,-8.4169849]]]}},{"type":"Feature","id":"AC-Y631-X227","properties":{"id":"AC-Y631-X227","grid_x":227,"grid_y":631,"centroid":[-72.5289828,-8.4143942],"aggregation":"none","score_gradboost":0.0399237,"score_random_forest":0.0489932,"score_logistic_regression":0.2307192,"score_fuzzy_knn_k29":0.0267418},"geometry":{"type":"Polygon","coordinates":[[[-72.5330554,-8.4170579],[-72.5249591,-8.4171307],[-72.5249102,-8.4117304],[-72.5330064,-8.4116577],[-72.5330554,-8.4170579]]]}},{"type":"Feature","id":"AC-Y631-X228","properties":{"id":"AC-Y631-X228","grid_x":228,"grid_y":631,"centroid":[-72.5208865,-8.4144668],"aggregation":"none","score_gradboost":0.0294949,"score_random_forest":0.0402414,"score_logistic_regression":0.2103256,"score_fuzzy_knn_k29":0.0226611},"geometry":{"type":"Polygon","coordinates":[[[-72.5249591,-8.4171307],[-72.5168627,-8.4172033],[-72.5168139,-8.411803],[-72.5249102,-8.4117304],[-72.5249591,-8.4171307]]]}},{"type":"Feature","id":"AC-Y631-X229","properties":{"id":"AC-Y631-X229","grid_x":229,"grid_y":631,"centroid":[-72.5127901,-8.4145393],"aggregation":"none","score_gradboost":0.0276161,"score_random_forest":0.0388106,"score_logistic_regression":0.2169952,"score_fuzzy_knn_k29":0.0134322},"geometry":{"type":"Polygon","coordinates":[[[-72.5168627,-8.4172033],[-72.5087663,-8.4172757],[-72.5087176,-8.4118754],[-72.5168139,-8.411803],[-72.5168627,-8.4172033]]]}},{"type":"Feature","id":"AC-Y631-X230","properties":{"id":"AC-Y631-X230","grid_x":230,"grid_y":631,"centroid":[-72.5046937,-8.4146117],"aggregation":"none","score_gradboost":0.039388,"score_random_forest":0.0293007,"score_logistic_regression":0.21407,"score_fuzzy_knn_k29":0.0},"geometry":{"type":"Polygon","coordinates":[[[-72.5087663,-8.4172757],[-72.5006697,-8.417348],[-72.5006212,-8.4119476],[-72.5087176,-8.4118754],[-72.5087663,-8.4172757]]]}},{"type":"Feature","id":"AC-Y632-X222","properties":{"id":"AC-Y632-X222","grid_x":222,"grid_y":632,"centroid":[-72.5694136,-8.4086283],"aggregation":"none","score_gradboost":0.2856475,"score_random_forest":0.2373417,"score_logistic_regression":0.2839892,"score_fuzzy_knn_k29":0.2446064},"geometry":{"type":"Polygon","coordinates":[[[-72.5734863,-8.4112915],[-72.5653905,-8.4113651],[-72.565341,-8.405965],[-72.5734368,-8.4058915],[-72.5734863,-8.4112915]]]}},{"type":"Feature","id":"AC-Y632-X223","properties":{"id":"AC-Y632-X223","grid_x":223,"grid_y":632,"centroid":[-72.5613178,-8.4087018],"aggregation":"none","score_gradboost":0.1212633,"score_random_forest":0.1221581,"score_logistic_regression":0.23979,"score_fuzzy_knn_k29":0.0997451},"geometry":{"type":"Polygon","coordinates":[[[-72.5653905,-8.4113651],[-72.5572946,-8.4114385],[-72.5572453,-8.4060384],[-72.565341,-8.405965],[-72.5653905,-8.4113651]]]}},{"type":"Feature","id":"AC-Y632-X224","properties":{"id":"AC-Y632-X224","grid_x":224,"grid_y":632,"centroid":[-72.5532219,-8.4087751],"aggregation":"none","score_gradboost":0.1792396,"score_random_forest":0.1178919,"score_logistic_regression":0.2534867,"score_fuzzy_knn_k29":0.0924603},"geometry":{"type":"Polygon","coordinates":[[[-72.5572946,-8.4114385],[-72.5491986,-8.4115117],[-72.5491494,-8.4061116],[-72.5572453,-8.4060384],[-72.5572946,-8.4114385]]]}},{"type":"Feature","id":"AC-Y632-X225","properties":{"id":"AC-Y632-X225","grid_x":225,"grid_y":632,"centroid":[-72.545126,-8.4088482],"aggregation":"none","score_gradboost":0.071011,"score_random_forest":0.1016331,"score_logistic_regression":0.2604809,"score_fuzzy_knn_k29":0.0543756},"geometry":{"type":"Polygon","coordinates":[[[-72.5491986,-8.4115117],[-72.5411025,-8.4115848],[-72.5410534,-8.4061846],[-72.5491494,-8.4061116],[-72.5491986,-8.4115117]]]}},{"type":"Feature","id":"AC-Y632-X226","properties":{"id":"AC-Y632-X226","grid_x":226,"grid_y":632,"centroid":[-72.53703,-8.4089211],"aggregation":"none","score_gradboost":0.0269801,"score_random_forest":0.0300188,"score_logistic_regression":0.2294938,"score_fuzzy_knn_k29":0.0285729},"geometry":{"type":"Polygon","coordinates":[[[-72.5411025,-8.4115848],[-72.5330064,-8.4116577],[-72.5329574,-8.4062574],[-72.5410534,-8.4061846],[-72.5411025,-8.4115848]]]}},{"type":"Feature","id":"AC-Y632-X227","properties":{"id":"AC-Y632-X227","grid_x":227,"grid_y":632,"centroid":[-72.5289339,-8.4089939],"aggregation":"none","score_gradboost":0.0313553,"score_random_forest":0.053356,"score_logistic_regression":0.2669191,"score_fuzzy_knn_k29":0.0432856},"geometry":{"type":"Polygon","coordinates":[[[-72.5330064,-8.4116577],[-72.5249102,-8.4117304],[-72.5248613,-8.4063301],[-72.5329574,-8.4062574],[-72.5330064,-8.4116577]]]}},{"type":"Feature","id":"AC-Y632-X228","properties":{"id":"AC-Y632-X228","grid_x":228,"grid_y":632,"centroid":[-72.5208377,-8.4090666],"aggregation":"none","score_gradboost":0.0226667,"score_random_forest":0.0282487,"score_logistic_regression":0.240188,"score_fuzzy_knn_k29":0.0187545},"geometry":{"type":"Polygon","coordinates":[[[-72.5249102,-8.4117304],[-72.5168139,-8.411803],[-72.5167652,-8.4064026],[-72.5248613,-8.4063301],[-72.5249102,-8.4117304]]]}},{"type":"Feature","id":"AC-Y632-X229","properties":{"id":"AC-Y632-X229","grid_x":229,"grid_y":632,"centroid":[-72.5127414,-8.409139],"aggregation":"none","score_gradboost":0.0257911,"score_random_forest":0.0384765,"score_logistic_regression":0.269287,"score_fuzzy_knn_k29":0.0},"geometry":{"type":"Polygon","coordinates":[[[-72.5168139,-8.411803],[-72.5087176,-8.4118754],[-72.508669,-8.406475],[-72.5167652,-8.4064026],[-72.5168139,-8.411803]]]}},{"type":"Feature","id":"AC-Y632-X230","properties":{"id":"AC-Y632-X230","grid_x":230,"grid_y":632,"centroid":[-72.5046451,-8.4092113],"aggregation":"none","score_gradboost":0.0443722,"score_random_forest":0.0472435,"score_logistic_regression":0.209579,"score_fuzzy_knn_k29":0.0},"geometry":{"type":"Polygon","coordinates":[[[-72.5087176,-8.4118754],[-72.5006212,-8.4119476],[-72.5005727,-8.4065472],[-72.508669,-8.406475],[-72.5087176,-8.4118754]]]}},{"type":"Feature","id":"AC-Y633-X222","properties":{"id":"AC-Y633-X222","grid_x":222,"grid_y":633,"centroid":[-72.5693642,-8.4032283],"aggregation":"none","score_gradboost":0.1052701,"score_random_forest":0.1124886,"score_logistic_regression":0.234816,"score_fuzzy_knn_k29":0.0732065},"geometry":{"type":"Polygon","coordinates":[[[-72.5734368,-8.4058915],[-72.565341,-8.405965],[-72.5652917,-8.400565],[-72.5733873,-8.4004916],[-72.5734368,-8.4058915]]]}},{"type":"Feature","id":"AC-Y633-X223","properties":{"id":"AC-Y633-X223","grid_x":223,"grid_y":633,"centroid":[-72.5612685,-8.4033017],"aggregation":"none","score_gradboost":0.3445529,"score_random_forest":0.1792188,"score_logistic_regression":0.279444,"score_fuzzy_knn_k29":0.1462799},"geometry":{"type":"Polygon","coordinates":[[[-72.565341,-8.405965],[-72.5572453,-8.4060384],[-72.557196,-8.4006383],[-72.5652917,-8.400565],[-72.565341,-8.405965]]]}},{"type":"Feature","id":"AC-Y633-X224","properties":{"id":"AC-Y633-X224","grid_x":224,"grid_y":633,"centroid":[-72.5531727,-8.403375],"aggregation":"none","score_gradboost":0.079747,"score_random_forest":0.1010179,"score_logistic_regression":0.2604819,"score_fuzzy_knn_k29":0.0741579},"geometry":{"type":"Polygon","coordinates":[[[-72.5572453,-8.4060384],[-72.5491494,-8.4061116],[-72.5491002,-8.4007115],[-72.557196,-8.4006383],[-72.5572453,-8.4060384]]]}},{"type":"Feature","id":"AC-Y633-X225","properties":{"id":"AC-Y633-X225","grid_x":225,"grid_y":633,"centroid":[-72.5450769,-8.403448],"aggregation":"none","score_gradboost":0.0230817,"score_random_forest":0.0284727,"score_logistic_regression":0.2312971,"score_fuzzy_knn_k29":0.0283692},"geometry":{"type":"Polygon","coordinates":[[[-72.5491494,-8.4061116],[-72.5410534,-8.4061846],[-72.5410044,-8.4007844],[-72.5491002,-8.4007115],[-72.5491494,-8.4061116]]]}},{"type":"Feature","id":"AC-Y633-X226","properties":{"id":"AC-Y633-X226","grid_x":226,"grid_y":633,"centroid":[-72.5369809,-8.4035209],"aggregation":"none","score_gradboost":0.0294949,"score_random_forest":0.0545015,"score_logistic_regression":0.2199708,"score_fuzzy_knn_k29":0.0218555},"geometry":{"type":"Polygon","coordinates":[[[-72.5410534,-8.4061846],[-72.5329574,-8.4062574],[-72.5329085,-8.4008572],[-72.5410044,-8.4007844],[-72.5410534,-8.4061846]]]}},{"type":"Feature","id":"AC-Y633-X227","properties":{"id":"AC-Y633-X227","grid_x":227,"grid_y":633,"centroid":[-72.528885,-8.4035937],"aggregation":"none","score_gradboost":0.0284202,"score_random_forest":0.0424541,"score_logistic_regression":0.2208066,"score_fuzzy_knn_k29":0.0173523},"geometry":{"type":"Polygon","coordinates":[[[-72.5329574,-8.4062574],[-72.5248613,-8.4063301],[-72.5248125,-8.4009299],[-72.5329085,-8.4008572],[-72.5329574,-8.4062574]]]}},{"type":"Feature","id":"AC-Y633-X228","properties":{"id":"AC-Y633-X228","grid_x":228,"grid_y":633,"centroid":[-72.5207889,-8.4036663],"aggregation":"none","score_gradboost":0.0257029,"score_random_forest":0.0411703,"score_logistic_regression":0.2399495,"score_fuzzy_knn_k29":0.0136292},"geometry":{"type":"Polygon","coordinates":[[[-72.5248613,-8.4063301],[-72.5167652,-8.4064026],[-72.5167165,-8.4010023],[-72.5248125,-8.4009299],[-72.5248613,-8.4063301]]]}},{"type":"Feature","id":"AC-Y633-X229","properties":{"id":"AC-Y633-X229","grid_x":229,"grid_y":633,"centroid":[-72.5126928,-8.4037387],"aggregation":"none","score_gradboost":0.0281691,"score_random_forest":0.038331,"score_logistic_regression":0.253605,"score_fuzzy_knn_k29":0.0},"geometry":{"type":"Polygon","coordinates":[[[-72.5167652,-8.4064026],[-72.508669,-8.406475],[-72.5086204,-8.4010746],[-72.5167165,-8.4010023],[-72.5167652,-8.4064026]]]}},{"type":"Feature","id":"AC-Y633-X230","properties":{"id":"AC-Y633-X230","grid_x":230,"grid_y":633,"centroid":[-72.5045965,-8.4038109],"aggregation":"none","score_gradboost":0.0729408,"score_random_forest":0.0441123,"score_logistic_regression":0.2644651,"score_fuzzy_knn_k29":0.0},"geometry":{"type":"Polygon","coordinates":[[[-72.508669,-8.406475],[-72.5005727,-8.4065472],[-72.5005242,-8.4011468],[-72.5086204,-8.4010746],[-72.508669,-8.406475]]]}},{"type":"Feature","id":"AC-Y633-X231","properties":{"id":"AC-Y633-X231","grid_x":231,"grid_y":633,"centroid":[-72.4965003,-8.403883],"aggregation":"none","score_gradboost":0.1500665,"score_random_forest":0.1007447,"score_logistic_regression":0.2569635,"score_fuzzy_knn_k29":0.0078063},"geometry":{"type":"Polygon","coordinates":[[[-72.5005727,-8.4065472],[-72.4924763,-8.4066192],[-72.4924279,-8.4012187],[-72.5005242,-8.4011468],[-72.5005727,-8.4065472]]]}},{"type":"Feature","id":"AC-Y634-X223","properties":{"id":"AC-Y634-X223","grid_x":223,"grid_y":634,"centroid":[-72.5612192,-8.3979017],"aggregation":"none","score_gradboost":0.102771,"score_random_forest":0.0555044,"score_logistic_regression":0.2446544,"score_fuzzy_knn_k29":0.0751022},"geometry":{"type":"Polygon","coordinates":[[[-72.5652917,-8.400565],[-72.557196,-8.4006383],[-72.5571467,-8.3952382],[-72.5652423,-8.395165],[-72.5652917,-8.400565]]]}},{"type":"Feature","id":"AC-Y634-X224","properties":{"id":"AC-Y634-X224","grid_x":224,"grid_y":634,"centroid":[-72.5531235,-8.3979749],"aggregation":"none","score_gradboost":0.0333918,"score_random_forest":0.0558738,"score_logistic_regression":0.2524544,"score_fuzzy_knn_k29":0.0212282},"geometry":{"type":"Polygon","coordinates":[[[-72.557196,-8.4006383],[-72.5491002,-8.4007115],[-72.5490511,-8.3953113],[-72.5571467,-8.3952382],[-72.557196,-8.4006383]]]}},{"type":"Feature","id":"AC-Y634-X225","properties":{"id":"AC-Y634-X225","grid_x":225,"grid_y":634,"centroid":[-72.5450278,-8.3980479],"aggregation":"none","score_gradboost":0.0269389,"score_random_forest":0.0522862,"score_logistic_regression":0.2275171,"score_fuzzy_knn_k29":0.0220156},"geometry":{"type":"Polygon","coordinates":[[[-72.5491002,-8.4007115],[-72.5410044,-8.4007844],[-72.5409554,-8.3953842],[-72.5490511,-8.3953113],[-72.5491002,-8.4007115]]]}},{"type":"Feature","id":"AC-Y634-X226","properties":{"id":"AC-Y634-X226","grid_x":226,"grid_y":634,"centroid":[-72.536932,-8.3981207],"aggregation":"none","score_gradboost":0.0298916,"score_random_forest":0.0520414,"score_logistic_regression":0.2270684,"score_fuzzy_knn_k29":0.0142838},"geometry":{"type":"Polygon","coordinates":[[[-72.5410044,-8.4007844],[-72.5329085,-8.4008572],[-72.5328596,-8.395457],[-72.5409554,-8.3953842],[-72.5410044,-8.4007844]]]}},{"type":"Feature","id":"AC-Y634-X227","properties":{"id":"AC-Y634-X227","grid_x":227,"grid_y":634,"centroid":[-72.5288361,-8.3981934],"aggregation":"none","score_gradboost":0.0314729,"score_random_forest":0.055387,"score_logistic_regression":0.2313541,"score_fuzzy_knn_k29":0.0},"geometry":{"type":"Polygon","coordinates":[[[-72.5329085,-8.4008572],[-72.5248125,-8.4009299],[-72.5247637,-8.3955296],[-72.5328596,-8.395457],[-72.5329085,-8.4008572]]]}},{"type":"Feature","id":"AC-Y634-X228","properties":{"id":"AC-Y634-X228","grid_x":228,"grid_y":634,"centroid":[-72.5207401,-8.398266],"aggregation":"none","score_gradboost":0.0291371,"score_random_forest":0.0468642,"score_logistic_regression":0.258082,"score_fuzzy_knn_k29":0.0},"geometry":{"type":"Polygon","coordinates":[[[-72.5248125,-8.4009299],[-72.5167165,-8.4010023],[-72.5166678,-8.395602],[-72.5247637,-8.3955296],[-72.5248125,-8.4009299]]]}},{"type":"Feature","id":"AC-Y634-X229","properties":{"id":"AC-Y634-X229","grid_x":229,"grid_y":634,"centroid":[-72.5126441,-8.3983383],"aggregation":"none","score_gradboost":0.0432543,"score_random_forest":0.0478301,"score_logistic_regression":0.2568986,"score_fuzzy_knn_k29":0.0},"geometry":{"type":"Polygon","coordinates":[[[-72.5167165,-8.4010023],[-72.5086204,-8.4010746],[-72.5085718,-8.3956743],[-72.5166678,-8.395602],[-72.5167165,-8.4010023]]]}},{"type":"Feature","id":"AC-Y634-X230","properties":{"id":"AC-Y634-X230","grid_x":230,"grid_y":634,"centroid":[-72.504548,-8.3984105],"aggregation":"none","score_gradboost":0.1663068,"score_random_forest":0.0818066,"score_logistic_regression":0.2599532,"score_fuzzy_knn_k29":0.0},"geometry":{"type":"Polygon","coordinates":[[[-72.5086204,-8.4010746],[-72.5005242,-8.4011468],[-72.5004757,-8.3957464],[-72.5085718,-8.3956743],[-72.5086204,-8.4010746]]]}},{"type":"Feature","id":"AC-Y634-X231","properties":{"id":"AC-Y634-X231","grid_x":231,"grid_y":634,"centroid":[-72.4964518,-8.3984826],"aggregation":"none","score_gradboost":0.0637819,"score_random_forest":0.0606123,"score_logistic_regression":0.278687,"score_fuzzy_knn_k29":0.0232322},"geometry":{"type":"Polygon","coordinates":[[[-72.5005242,-8.4011468],[-72.4924279,-8.4012187],[-72.4923796,-8.3958183],[-72.5004757,-8.3957464],[-72.5005242,-8.4011468]]]}},{"type":"Feature","id":"AC-Y635-X223","properties":{"id":"AC-Y635-X223","grid_x":223,"grid_y":635,"centroid":[-72.5611699,-8.3925016],"aggregation":"none","score_gradboost":0.0469684,"score_random_forest":0.0564556,"score_logistic_regression":0.2552678,"score_fuzzy_knn_k29":0.0401989},"geometry":{"type":"Polygon","coordinates":[[[-72.5652423,-8.395165],[-72.5571467,-8.3952382],[-72.5570975,-8.3898382],[-72.565193,-8.389765],[-72.5652423,-8.395165]]]}},{"type":"Feature","id":"AC-Y635-X224","properties":{"id":"AC-Y635-X224","grid_x":224,"grid_y":635,"centroid":[-72.5530744,-8.3925748],"aggregation":"none","score_gradboost":0.0287227,"score_random_forest":0.0417836,"score_logistic_regression":0.2441351,"score_fuzzy_knn_k29":0.0272489},"geometry":{"type":"Polygon","coordinates":[[[-72.5571467,-8.3952382],[-72.5490511,-8.3953113],[-72.549002,-8.3899112],[-72.5570975,-8.3898382],[-72.5571467,-8.3952382]]]}},{"type":"Feature","id":"AC-Y635-X225","properties":{"id":"AC-Y635-X225","grid_x":225,"grid_y":635,"centroid":[-72.5449787,-8.3926477],"aggregation":"none","score_gradboost":0.0237751,"score_random_forest":0.0304464,"score_logistic_regression":0.2482792,"score_fuzzy_knn_k29":0.0180175},"geometry":{"type":"Polygon","coordinates":[[[-72.5490511,-8.3953113],[-72.5409554,-8.3953842],[-72.5409064,-8.3899841],[-72.549002,-8.3899112],[-72.5490511,-8.3953113]]]}},{"type":"Feature","id":"AC-Y635-X226","properties":{"id":"AC-Y635-X226","grid_x":226,"grid_y":635,"centroid":[-72.536883,-8.3927205],"aggregation":"none","score_gradboost":0.0403364,"score_random_forest":0.0594998,"score_logistic_regression":0.2336604,"score_fuzzy_knn_k29":0.0},"geometry":{"type":"Polygon","coordinates":[[[-72.5409554,-8.3953842],[-72.5328596,-8.395457],[-72.5328107,-8.3900568],[-72.5409064,-8.3899841],[-72.5409554,-8.3953842]]]}},{"type":"Feature","id":"AC-Y635-X227","properties":{"id":"AC-Y635-X227","grid_x":227,"grid_y":635,"centroid":[-72.5287873,-8.3927932],"aggregation":"none","score_gradboost":0.0470986,"score_random_forest":0.0600663,"score_logistic_regression":0.2352876,"score_fuzzy_knn_k29":0.0},"geometry":{"type":"Polygon","coordinates":[[[-72.5328596,-8.395457],[-72.5247637,-8.3955296],[-72.524715,-8.3901293],[-72.5328107,-8.3900568],[-72.5328596,-8.395457]]]}},{"type":"Feature","id":"AC-Y635-X228","properties":{"id":"AC-Y635-X228","grid_x":228,"grid_y":635,"centroid":[-72.5206914,-8.3928657],"aggregation":"none","score_gradboost":0.0467535,"score_random_forest":0.0734315,"score_logistic_regression":0.2509132,"score_fuzzy_knn_k29":0.0},"geometry":{"type":"Polygon","coordinates":[[[-72.5247637,-8.3955296],[-72.5166678,-8.395602],[-72.5166192,-8.3902017],[-72.524715,-8.3901293],[-72.5247637,-8.3955296]]]}},{"type":"Feature","id":"AC-Y635-X229","properties":{"id":"AC-Y635-X229","grid_x":229,"grid_y":635,"centroid":[-72.5125955,-8.392938],"aggregation":"none","score_gradboost":0.1919191,"score_random_forest":0.0961831,"score_logistic_regression":0.2422158,"score_fuzzy_knn_k29":0.0},"geometry":{"type":"Polygon","coordinates":[[[-72.5166678,-8.395602],[-72.5085718,-8.3956743],[-72.5085233,-8.3902739],[-72.5166192,-8.3902017],[-72.5166678,-8.395602]]]}},{"type":"Feature","id":"AC-Y635-X230","properties":{"id":"AC-Y635-X230","grid_x":230,"grid_y":635,"centroid":[-72.5044995,-8.3930101],"aggregation":"none","score_gradboost":0.1801953,"score_random_forest":0.0896877,"score_logistic_regression":0.2520833,"score_fuzzy_knn_k29":0.0160102},"geometry":{"type":"Polygon","coordinates":[[[-72.5085718,-8.3956743],[-72.5004757,-8.3957464],[-72.5004273,-8.390346],[-72.5085233,-8.3902739],[-72.5085718,-8.3956743]]]}},{"type":"Feature","id":"AC-Y635-X231","properties":{"id":"AC-Y635-X231","grid_x":231,"grid_y":635,"centroid":[-72.4964035,-8.3930821],"aggregation":"none","score_gradboost":0.0894549,"score_random_forest":0.0652155,"score_logistic_regression":0.2336651,"score_fuzzy_knn_k29":0.055911},"geometry":{"type":"Polygon","coordinates":[[[-72.5004757,-8.3957464],[-72.4923796,-8.3958183],[-72.4923313,-8.3904178],[-72.5004273,-8.390346],[-72.5004757,-8.3957464]]]}},{"type":"Feature","id":"AC-Y635-X232","properties":{"id":"AC-Y635-X232","grid_x":232,"grid_y":635,"centroid":[-72.4883073,-8.393154],"aggregation":"none","score_gradboost":0.0757631,"score_random_forest":0.076646,"score_logistic_regression":0.2474635,"score_fuzzy_knn_k29":0.1316954},"geometry":{"type":"Polygon","coordinates":[[[-72.4923796,-8.3958183],[-72.4842833,-8.3958901],[-72.4842351,-8.3904895],[-72.4923313,-8.3904178],[-72.4923796,-8.3958183]]]}},{"type":"Feature","id":"AC-Y636-X224","properties":{"id":"AC-Y636-X224","grid_x":224,"grid_y":636,"centroid":[-72.5530252,-8.3871746],"aggregation":"none","score_gradboost":0.0254866,"score_random_forest":0.0382057,"score_logistic_regression":0.250782,"score_fuzzy_knn_k29":0.0199169},"geometry":{"type":"Polygon","coordinates":[[[-72.5570975,-8.3898382],[-72.549002,-8.3899112],[-72.548953,-8.3845111],[-72.5570484,-8.3844381],[-72.5570975,-8.3898382]]]}},{"type":"Feature","id":"AC-Y636-X225","properties":{"id":"AC-Y636-X225","grid_x":225,"grid_y":636,"centroid":[-72.5449297,-8.3872476],"aggregation":"none","score_gradboost":0.0340882,"score_random_forest":0.0597668,"score_logistic_regression":0.2400683,"score_fuzzy_knn_k29":0.0127996},"geometry":{"type":"Polygon","coordinates":[[[-72.549002,-8.3899112],[-72.5409064,-8.3899841],[-72.5408575,-8.3845839],[-72.548953,-8.3845111],[-72.549002,-8.3899112]]]}},{"type":"Feature","id":"AC-Y636-X226","properties":{"id":"AC-Y636-X226","grid_x":226,"grid_y":636,"centroid":[-72.5368341,-8.3873203],"aggregation":"none","score_gradboost":0.0545936,"score_random_forest":0.0694252,"score_logistic_regression":0.2402921,"score_fuzzy_knn_k29":0.0},"geometry":{"type":"Polygon","coordinates":[[[-72.5409064,-8.3899841],[-72.5328107,-8.3900568],[-72.5327619,-8.3846566],[-72.5408575,-8.3845839],[-72.5409064,-8.3899841]]]}},{"type":"Feature","id":"AC-Y636-X227","properties":{"id":"AC-Y636-X227","grid_x":227,"grid_y":636,"centroid":[-72.5287385,-8.3873929],"aggregation":"none","score_gradboost":0.036063,"score_random_forest":0.036455,"score_logistic_regression":0.2921606,"score_fuzzy_knn_k29":0.0},"geometry":{"type":"Polygon","coordinates":[[[-72.5328107,-8.3900568],[-72.524715,-8.3901293],[-72.5246663,-8.3847291],[-72.5327619,-8.3846566],[-72.5328107,-8.3900568]]]}},{"type":"Feature","id":"AC-Y636-X228","properties":{"id":"AC-Y636-X228","grid_x":228,"grid_y":636,"centroid":[-72.5206427,-8.3874654],"aggregation":"none","score_gradboost":0.1557348,"score_random_forest":0.0859388,"score_logistic_regression":0.2623247,"score_fuzzy_knn_k29":0.0},"geometry":{"type":"Polygon","coordinates":[[[-72.524715,-8.3901293],[-72.5166192,-8.3902017],[-72.5165705,-8.3848014],[-72.5246663,-8.3847291],[-72.524715,-8.3901293]]]}},{"type":"Feature","id":"AC-Y636-X229","properties":{"id":"AC-Y636-X229","grid_x":229,"grid_y":636,"centroid":[-72.5125469,-8.3875377],"aggregation":"none","score_gradboost":0.1987372,"score_random_forest":0.1147464,"score_logistic_regression":0.2458088,"score_fuzzy_knn_k29":0.0088877},"geometry":{"type":"Polygon","coordinates":[[[-72.5166192,-8.3902017],[-72.5085233,-8.3902739],[-72.5084748,-8.3848735],[-72.5165705,-8.3848014],[-72.5166192,-8.3902017]]]}},{"type":"Feature","id":"AC-Y636-X230","properties":{"id":"AC-Y636-X230","grid_x":230,"grid_y":636,"centroid":[-72.5044511,-8.3876098],"aggregation":"none","score_gradboost":0.0861386,"score_random_forest":0.0888998,"score_logistic_regression":0.2591832,"score_fuzzy_knn_k29":0.029436},"geometry":{"type":"Polygon","coordinates":[[[-72.5085233,-8.3902739],[-72.5004273,-8.390346],[-72.5003789,-8.3849455],[-72.5084748,-8.3848735],[-72.5085233,-8.3902739]]]}},{"type":"Feature","id":"AC-Y636-X231","properties":{"id":"AC-Y636-X231","grid_x":231,"grid_y":636,"centroid":[-72.4963551,-8.3876817],"aggregation":"none","score_gradboost":0.0799084,"score_random_forest":0.0785543,"score_logistic_regression":0.2509321,"score_fuzzy_knn_k29":0.0962823},"geometry":{"type":"Polygon","coordinates":[[[-72.5004273,-8.390346],[-72.4923313,-8.3904178],[-72.492283,-8.3850174],[-72.5003789,-8.3849455],[-72.5004273,-8.390346]]]}},{"type":"Feature","id":"AC-Y636-X232","properties":{"id":"AC-Y636-X232","grid_x":232,"grid_y":636,"centroid":[-72.4882591,-8.3877535],"aggregation":"none","score_gradboost":0.0861127,"score_random_forest":0.1076031,"score_logistic_regression":0.2576614,"score_fuzzy_knn_k29":0.1924664},"geometry":{"type":"Polygon","coordinates":[[[-72.4923313,-8.3904178],[-72.4842351,-8.3904895],[-72.484187,-8.385089],[-72.492283,-8.3850174],[-72.4923313,-8.3904178]]]}},{"type":"Feature","id":"AC-Y637-X224","properties":{"id":"AC-Y637-X224","grid_x":224,"grid_y":637,"centroid":[-72.5529761,-8.3817745],"aggregation":"none","score_gradboost":0.0294316,"score_random_forest":0.0542943,"score_logistic_regression":0.2886772,"score_fuzzy_knn_k29":0.0391047},"geometry":{"type":"Polygon","coordinates":[[[-72.5570484,-8.3844381],[-72.548953,-8.3845111],[-72.5489039,-8.3791109],[-72.5569992,-8.379038],[-72.5570484,-8.3844381]]]}},{"type":"Feature","id":"AC-Y637-X225","properties":{"id":"AC-Y637-X225","grid_x":225,"grid_y":637,"centroid":[-72.5448807,-8.3818474],"aggregation":"none","score_gradboost":0.0345246,"score_random_forest":0.0509581,"score_logistic_regression":0.2501213,"score_fuzzy_knn_k29":0.0},"geometry":{"type":"Polygon","coordinates":[[[-72.548953,-8.3845111],[-72.5408575,-8.3845839],[-72.5408085,-8.3791837],[-72.5489039,-8.3791109],[-72.548953,-8.3845111]]]}},{"type":"Feature","id":"AC-Y637-X226","properties":{"id":"AC-Y637-X226","grid_x":226,"grid_y":637,"centroid":[-72.5367853,-8.3819201],"aggregation":"none","score_gradboost":0.0292578,"score_random_forest":0.0479068,"score_logistic_regression":0.2844319,"score_fuzzy_knn_k29":0.0},"geometry":{"type":"Polygon","coordinates":[[[-72.5408575,-8.3845839],[-72.5327619,-8.3846566],[-72.5327131,-8.3792563],[-72.5408085,-8.3791837],[-72.5408575,-8.3845839]]]}},{"type":"Feature","id":"AC-Y637-X227","properties":{"id":"AC-Y637-X227","grid_x":227,"grid_y":637,"centroid":[-72.5286897,-8.3819927],"aggregation":"none","score_gradboost":0.204353,"score_random_forest":0.0979478,"score_logistic_regression":0.2538833,"score_fuzzy_knn_k29":0.0},"geometry":{"type":"Polygon","coordinates":[[[-72.5327619,-8.3846566],[-72.5246663,-8.3847291],[-72.5246176,-8.3793288],[-72.5327131,-8.3792563],[-72.5327619,-8.3846566]]]}},{"type":"Feature","id":"AC-Y637-X228","properties":{"id":"AC-Y637-X228","grid_x":228,"grid_y":637,"centroid":[-72.5205941,-8.3820651],"aggregation":"none","score_gradboost":0.1801953,"score_random_forest":0.0904296,"score_logistic_regression":0.2443863,"score_fuzzy_knn_k29":0.0205824},"geometry":{"type":"Polygon","coordinates":[[[-72.5246663,-8.3847291],[-72.5165705,-8.3848014],[-72.516522,-8.3794011],[-72.5246176,-8.3793288],[-72.5246663,-8.3847291]]]}},{"type":"Feature","id":"AC-Y637-X229","properties":{"id":"AC-Y637-X229","grid_x":229,"grid_y":637,"centroid":[-72.5124984,-8.3821373],"aggregation":"none","score_gradboost":0.1167998,"score_random_forest":0.0723767,"score_logistic_regression":0.2423808,"score_fuzzy_knn_k29":0.0432934},"geometry":{"type":"Polygon","coordinates":[[[-72.5165705,-8.3848014],[-72.5084748,-8.3848735],[-72.5084263,-8.3794732],[-72.516522,-8.3794011],[-72.5165705,-8.3848014]]]}},{"type":"Feature","id":"AC-Y637-X230","properties":{"id":"AC-Y637-X230","grid_x":230,"grid_y":637,"centroid":[-72.5044026,-8.3822094],"aggregation":"none","score_gradboost":0.0977557,"score_random_forest":0.1201495,"score_logistic_regression":0.266586,"score_fuzzy_knn_k29":0.06164},"geometry":{"type":"Polygon","coordinates":[[[-72.5084748,-8.3848735],[-72.5003789,-8.3849455],[-72.5003305,-8.3795451],[-72.5084263,-8.3794732],[-72.5084748,-8.3848735]]]}},{"type":"Feature","id":"AC-Y637-X231","properties":{"id":"AC-Y637-X231","grid_x":231,"grid_y":637,"centroid":[-72.4963068,-8.3822813],"aggregation":"none","score_gradboost":0.0927779,"score_random_forest":0.1525385,"score_logistic_regression":0.2654253,"score_fuzzy_knn_k29":0.141084},"geometry":{"type":"Polygon","coordinates":[[[-72.5003789,-8.3849455],[-72.492283,-8.3850174],[-72.4922347,-8.3796169],[-72.5003305,-8.3795451],[-72.5003789,-8.3849455]]]}},{"type":"Feature","id":"AC-Y638-X225","properties":{"id":"AC-Y638-X225","grid_x":225,"grid_y":638,"centroid":[-72.5448318,-8.3764473],"aggregation":"none","score_gradboost":0.0545936,"score_random_forest":0.0683704,"score_logistic_regression":0.246082,"score_fuzzy_knn_k29":0.0},"geometry":{"type":"Polygon","coordinates":[[[-72.5489039,-8.3791109],[-72.5408085,-8.3791837],[-72.5407597,-8.3737835],[-72.5488549,-8.3737108],[-72.5489039,-8.3791109]]]}},{"type":"Feature","id":"AC-Y638-X226","properties":{"id":"AC-Y638-X226","grid_x":226,"grid_y":638,"centroid":[-72.5367364,-8.3765199],"aggregation":"none","score_gradboost":0.1027475,"score_random_forest":0.0648432,"score_logistic_regression":0.2915157,"score_fuzzy_knn_k29":0.0},"geometry":{"type":"Polygon","coordinates":[[[-72.5408085,-8.3791837],[-72.5327131,-8.3792563],[-72.5326643,-8.3738561],[-72.5407597,-8.3737835],[-72.5408085,-8.3791837]]]}},{"type":"Feature","id":"AC-Y638-X227","properties":{"id":"AC-Y638-X227","grid_x":227,"grid_y":638,"centroid":[-72.528641,-8.3765924],"aggregation":"none","score_gradboost":0.1399703,"score_random_forest":0.0767824,"score_logistic_regression":0.2759639,"score_fuzzy_knn_k29":0.0224966},"geometry":{"type":"Polygon","coordinates":[[[-72.5327131,-8.3792563],[-72.5246176,-8.3793288],[-72.5245689,-8.3739285],[-72.5326643,-8.3738561],[-72.5327131,-8.3792563]]]}},{"type":"Feature","id":"AC-Y638-X228","properties":{"id":"AC-Y638-X228","grid_x":228,"grid_y":638,"centroid":[-72.5205455,-8.3766648],"aggregation":"none","score_gradboost":0.0977557,"score_random_forest":0.1226515,"score_logistic_regression":0.2669727,"score_fuzzy_knn_k29":0.0258252},"geometry":{"type":"Polygon","coordinates":[[[-72.5246176,-8.3793288],[-72.516522,-8.3794011],[-72.5164734,-8.3740007],[-72.5245689,-8.3739285],[-72.5246176,-8.3793288]]]}},{"type":"Feature","id":"AC-Y638-X229","properties":{"id":"AC-Y638-X229","grid_x":229,"grid_y":638,"centroid":[-72.5124499,-8.376737],"aggregation":"none","score_gradboost":0.0977557,"score_random_forest":0.1423945,"score_logistic_regression":0.2761176,"score_fuzzy_knn_k29":0.0397157},"geometry":{"type":"Polygon","coordinates":[[[-72.516522,-8.3794011],[-72.5084263,-8.3794732],[-72.5083779,-8.3740728],[-72.5164734,-8.3740007],[-72.516522,-8.3794011]]]}},{"type":"Feature","id":"AC-Y639-X225","properties":{"id":"AC-Y639-X225","grid_x":225,"grid_y":639,"centroid":[-72.5447829,-8.3710471],"aggregation":"none","score_gradboost":0.0729408,"score_random_forest":0.0461338,"score_logistic_regression":0.2757537,"score_fuzzy_knn_k29":0.0},"geometry":{"type":"Polygon","coordinates":[[[-72.5488549,-8.3737108],[-72.5407597,-8.3737835],[-72.5407108,-8.3683834],[-72.548806,-8.3683107],[-72.5488549,-8.3737108]]]}},{"type":"Feature","id":"AC-Y639-X226","properties":{"id":"AC-Y639-X226","grid_x":226,"grid_y":639,"centroid":[-72.5366876,-8.3711197],"aggregation":"none","score_gradboost":0.1006669,"score_random_forest":0.0480509,"score_logistic_regression":0.3154888,"score_fuzzy_knn_k29":0.0293449},"geometry":{"type":"Polygon","coordinates":[[[-72.5407597,-8.3737835],[-72.5326643,-8.3738561],[-72.5326156,-8.3684559],[-72.5407108,-8.3683834],[-72.5407597,-8.3737835]]]}},{"type":"Feature","id":"AC-Y639-X227","properties":{"id":"AC-Y639-X227","grid_x":227,"grid_y":639,"centroid":[-72.5285923,-8.3711922],"aggregation":"none","score_gradboost":0.1002042,"score_random_forest":0.0956726,"score_logistic_regression":0.2868247,"score_fuzzy_knn_k29":0.0224649},"geometry":{"type":"Polygon","coordinates":[[[-72.5326643,-8.3738561],[-72.5245689,-8.3739285],[-72.5245203,-8.3685282],[-72.5326156,-8.3684559],[-72.5326643,-8.3738561]]]}},{"type":"Feature","id":"AC-Y639-X228","properties":{"id":"AC-Y639-X228","grid_x":228,"grid_y":639,"centroid":[-72.5204969,-8.3712645],"aggregation":"none","score_gradboost":0.0512313,"score_random_forest":0.0840469,"score_logistic_regression":0.3071506,"score_fuzzy_knn_k29":0.0711546},"geometry":{"type":"Polygon","coordinates":[[[-72.5245689,-8.3739285],[-72.5164734,-8.3740007],[-72.5164249,-8.3686004],[-72.5245203,-8.3685282],[-72.5245689,-8.3739285]]]}},{"type":"Feature","id":"AC-Y640-X225","properties":{"id":"AC-Y640-X225","grid_x":225,"grid_y":640,"centroid":[-72.544734,-8.365647],"aggregation":"none","score_gradboost":0.1077749,"score_random_forest":0.0377818,"score_logistic_regression":0.3373637,"score_fuzzy_knn_k29":0.0268511},"geometry":{"type":"Polygon","coordinates":[[[-72.548806,-8.3683107],[-72.5407108,-8.3683834],[-72.540662,-8.3629832],[-72.5487571,-8.3629105],[-72.548806,-8.3683107]]]}},{"type":"Feature","id":"AC-Y640-X226","properties":{"id":"AC-Y640-X226","grid_x":226,"grid_y":640,"centroid":[-72.5366388,-8.3657195],"aggregation":"none","score_gradboost":0.0708207,"score_random_forest":0.048333,"score_logistic_regression":0.3407224,"score_fuzzy_knn_k29":0.045766},"geometry":{"type":"Polygon","coordinates":[[[-72.5407108,-8.3683834],[-72.5326156,-8.3684559],[-72.5325669,-8.3630556],[-72.540662,-8.3629832],[-72.5407108,-8.3683834]]]}},{"type":"Feature","id":"AC-Y640-X227","properties":{"id":"AC-Y640-X227","grid_x":227,"grid_y":640,"centroid":[-72.5285436,-8.3657919],"aggregation":"none","score_gradboost":0.0565251,"score_random_forest":0.066229,"score_logistic_regression":0.3230844,"score_fuzzy_knn_k29":0.0747665},"geometry":{"type":"Polygon","coordinates":[[[-72.5326156,-8.3684559],[-72.5245203,-8.3685282],[-72.5244717,-8.3631279],[-72.5325669,-8.3630556],[-72.5326156,-8.3684559]]]}},{"type":"Feature","id":"AC-Y641-X226","properties":{"id":"AC-Y641-X226","grid_x":226,"grid_y":641,"centroid":[-72.5365901,-8.3603193],"aggregation":"none","score_gradboost":0.0546108,"score_random_forest":0.0546705,"score_logistic_regression":0.3275572,"score_fuzzy_knn_k29":0.0752297},"geometry":{"type":"Polygon","coordinates":[[[-72.540662,-8.3629832],[-72.5325669,-8.3630556],[-72.5325182,-8.3576554],[-72.5406132,-8.357583],[-72.540662,-8.3629832]]]}},{"type":"Feature","id":"AC-Y642-X226","properties":{"id":"AC-Y642-X226","grid_x":226,"grid_y":642,"centroid":[-72.5365414,-8.3549191],"aggregation":"none","score_gradboost":0.0426041,"score_random_forest":0.0345237,"score_logistic_regression":0.3580368,"score_fuzzy_knn_k29":0.0925426},"geometry":{"type":"Polygon","coordinates":[[[-72.5406132,-8.357583],[-72.5325182,-8.3576554],[-72.5324696,-8.3522552],[-72.5405645,-8.3521828],[-72.5406132,-8.357583]]]}},{"type":"Feature","id":"AC-Y644-X251","properties":{"id":"AC-Y644-X251","grid_x":251,"grid_y":644,"centroid":[-72.3340534,-8.3458748],"aggregation":"none","score_gradboost":0.0150272,"score_random_forest":0.0376341,"score_logistic_regression":0.2218945,"score_fuzzy_knn_k29":0.0289556},"geometry":{"type":"Polygon","coordinates":[[[-72.3381246,-8.3485414],[-72.3300281,-8.3486096],[-72.3299823,-8.3432082],[-72.3380787,-8.34314],[-72.3381246,-8.3485414]]]}},{"type":"Feature","id":"AC-Y644-X252","properties":{"id":"AC-Y644-X252","grid_x":252,"grid_y":644,"centroid":[-72.3259569,-8.3459429],"aggregation":"none","score_gradboost":0.0181521,"score_random_forest":0.024383,"score_logistic_regression":0.2024974,"score_fuzzy_knn_k29":0.0326874},"geometry":{"type":"Polygon","coordinates":[[[-72.3300281,-8.3486096],[-72.3219315,-8.3486776],[-72.3218858,-8.3432762],[-72.3299823,-8.3432082],[-72.3300281,-8.3486096]]]}},{"type":"Feature","id":"AC-Y644-X253","properties":{"id":"AC-Y644-X253","grid_x":253,"grid_y":644,"centroid":[-72.3178603,-8.3460109],"aggregation":"none","score_gradboost":0.0114162,"score_random_forest":0.0265974,"score_logistic_regression":0.1874772,"score_fuzzy_knn_k29":0.0349758},"geometry":{"type":"Polygon","coordinates":[[[-72.3219315,-8.3486776],[-72.3138348,-8.3487455],[-72.3137892,-8.343344],[-72.3218858,-8.3432762],[-72.3219315,-8.3486776]]]}},{"type":"Feature","id":"AC-Y635-X251","properties":{"id":"AC-Y635-X251","grid_x":251,"grid_y":635,"centroid":[-72.3344674,-8.3944871],"aggregation":"none","score_gradboost":0.0094575,"score_random_forest":0.0318238,"score_logistic_regression":0.1885135,"score_fuzzy_knn_k29":0.0314212},"geometry":{"type":"Polygon","coordinates":[[[-72.3385393,-8.3971534],[-72.3304417,-8.397222],[-72.3303956,-8.3918206],[-72.3384931,-8.3917521],[-72.3385393,-8.3971534]]]}},{"type":"Feature","id":"AC-Y635-X252","properties":{"id":"AC-Y635-X252","grid_x":252,"grid_y":635,"centroid":[-72.3263699,-8.3945556],"aggregation":"none","score_gradboost":0.0205269,"score_random_forest":0.0600662,"score_logistic_regression":0.2246554,"score_fuzzy_knn_k29":0.01086},"geometry":{"type":"Polygon","coordinates":[[[-72.3304417,-8.397222],[-72.3223441,-8.3972905],[-72.3222981,-8.391889],[-72.3303956,-8.3918206],[-72.3304417,-8.397222]]]}},{"type":"Feature","id":"AC-Y636-X248","properties":{"id":"AC-Y636-X248","grid_x":248,"grid_y":636,"centroid":[-72.3587132,-8.3888793],"aggregation":"none","score_gradboost":0.0285992,"score_random_forest":0.0557172,"score_logistic_regression":0.2623099,"score_fuzzy_knn_k29":0.0240055},"geometry":{"type":"Polygon","coordinates":[[[-72.362785,-8.3915454],[-72.3546877,-8.3916144],[-72.3546414,-8.3862132],[-72.3627385,-8.3861442],[-72.362785,-8.3915454]]]}},{"type":"Feature","id":"AC-Y636-X249","properties":{"id":"AC-Y636-X249","grid_x":249,"grid_y":636,"centroid":[-72.3506159,-8.3889483],"aggregation":"none","score_gradboost":0.0195292,"score_random_forest":0.0352375,"score_logistic_regression":0.2014856,"score_fuzzy_knn_k29":0.0222356},"geometry":{"type":"Polygon","coordinates":[[[-72.3546877,-8.3916144],[-72.3465904,-8.3916833],[-72.3465442,-8.3862821],[-72.3546414,-8.3862132],[-72.3546877,-8.3916144]]]}},{"type":"Feature","id":"AC-Y636-X250","properties":{"id":"AC-Y636-X250","grid_x":250,"grid_y":636,"centroid":[-72.3425187,-8.3890171],"aggregation":"none","score_gradboost":0.0170357,"score_random_forest":0.0467786,"score_logistic_regression":0.2427245,"score_fuzzy_knn_k29":0.0127997},"geometry":{"type":"Polygon","coordinates":[[[-72.3465904,-8.3916833],[-72.3384931,-8.3917521],[-72.3384469,-8.3863507],[-72.3465442,-8.3862821],[-72.3465904,-8.3916833]]]}},{"type":"Feature","id":"AC-Y636-X251","properties":{"id":"AC-Y636-X251","grid_x":251,"grid_y":636,"centroid":[-72.3344213,-8.3890857],"aggregation":"none","score_gradboost":0.0195028,"score_random_forest":0.0447749,"score_logistic_regression":0.2005842,"score_fuzzy_knn_k29":0.018128},"geometry":{"type":"Polygon","coordinates":[[[-72.3384931,-8.3917521],[-72.3303956,-8.3918206],[-72.3303496,-8.3864193],[-72.3384469,-8.3863507],[-72.3384931,-8.3917521]]]}},{"type":"Feature","id":"AC-Y636-X252","properties":{"id":"AC-Y636-X252","grid_x":252,"grid_y":636,"centroid":[-72.3263239,-8.3891542],"aggregation":"none","score_gradboost":0.0209145,"score_random_forest":0.0434789,"score_logistic_regression":0.2081958,"score_fuzzy_knn_k29":0.0272601},"geometry":{"type":"Polygon","coordinates":[[[-72.3303956,-8.3918206],[-72.3222981,-8.391889],[-72.3222522,-8.3864876],[-72.3303496,-8.3864193],[-72.3303956,-8.3918206]]]}},{"type":"Feature","id":"AC-Y636-X253","properties":{"id":"AC-Y636-X253","grid_x":253,"grid_y":636,"centroid":[-72.3182264,-8.3892225],"aggregation":"none","score_gradboost":0.0199584,"score_random_forest":0.0597958,"score_logistic_regression":0.238549,"score_fuzzy_knn_k29":0.0203236},"geometry":{"type":"Polygon","coordinates":[[[-72.3222981,-8.391889],[-72.3142005,-8.3919573],[-72.3141547,-8.3865558],[-72.3222522,-8.3864876],[-72.3222981,-8.391889]]]}},{"type":"Feature","id":"AC-Y637-X245","properties":{"id":"AC-Y637-X245","grid_x":245,"grid_y":637,"centroid":[-72.3829576,-8.3832704],"aggregation":"none","score_gradboost":0.0299415,"score_random_forest":0.0189781,"score_logistic_regression":0.294623,"score_fuzzy_knn_k29":0.0363727},"geometry":{"type":"Polygon","coordinates":[[[-72.3870294,-8.3859361],[-72.3789325,-8.3860057],[-72.3788858,-8.3806045],[-72.3869826,-8.3805351],[-72.3870294,-8.3859361]]]}},{"type":"Feature","id":"AC-Y637-X246","properties":{"id":"AC-Y637-X246","grid_x":246,"grid_y":637,"centroid":[-72.3748607,-8.3833398],"aggregation":"none","score_gradboost":0.0158411,"score_random_forest":0.0250446,"score_logistic_regression":0.2492122,"score_fuzzy_knn_k29":0.0243279},"geometry":{"type":"Polygon","coordinates":[[[-72.3789325,-8.3860057],[-72.3708355,-8.386075],[-72.370789,-8.3806738],[-72.3788858,-8.3806045],[-72.3789325,-8.3860057]]]}},{"type":"Feature","id":"AC-Y637-X247","properties":{"id":"AC-Y637-X247","grid_x":247,"grid_y":637,"centroid":[-72.3667638,-8.383409],"aggregation":"none","score_gradboost":0.0213136,"score_random_forest":0.0491789,"score_logistic_regression":0.2610521,"score_fuzzy_knn_k29":0.0248383},"geometry":{"type":"Polygon","coordinates":[[[-72.3708355,-8.386075],[-72.3627385,-8.3861442],[-72.362692,-8.380743],[-72.370789,-8.3806738],[-72.3708355,-8.386075]]]}},{"type":"Feature","id":"AC-Y637-X248","properties":{"id":"AC-Y637-X248","grid_x":248,"grid_y":637,"centroid":[-72.3586667,-8.3834781],"aggregation":"none","score_gradboost":0.0148404,"score_random_forest":0.0303138,"score_logistic_regression":0.226332,"score_fuzzy_knn_k29":0.0345833},"geometry":{"type":"Polygon","coordinates":[[[-72.3627385,-8.3861442],[-72.3546414,-8.3862132],[-72.354595,-8.380812],[-72.362692,-8.380743],[-72.3627385,-8.3861442]]]}},{"type":"Feature","id":"AC-Y637-X249","properties":{"id":"AC-Y637-X249","grid_x":249,"grid_y":637,"centroid":[-72.3505696,-8.383547],"aggregation":"none","score_gradboost":0.0148404,"score_random_forest":0.0330607,"score_logistic_regression":0.2274352,"score_fuzzy_knn_k29":0.0332403},"geometry":{"type":"Polygon","coordinates":[[[-72.3546414,-8.3862132],[-72.3465442,-8.3862821],[-72.3464979,-8.3808808],[-72.354595,-8.380812],[-72.3546414,-8.3862132]]]}},{"type":"Feature","id":"AC-Y637-X250","properties":{"id":"AC-Y637-X250","grid_x":250,"grid_y":637,"centroid":[-72.3424725,-8.3836158],"aggregation":"none","score_gradboost":0.0126575,"score_random_forest":0.039835,"score_logistic_regression":0.2425872,"score_fuzzy_knn_k29":0.0159099},"geometry":{"type":"Polygon","coordinates":[[[-72.3465442,-8.3862821],[-72.3384469,-8.3863507],[-72.3384008,-8.3809494],[-72.3464979,-8.3808808],[-72.3465442,-8.3862821]]]}},{"type":"Feature","id":"AC-Y637-X251","properties":{"id":"AC-Y637-X251","grid_x":251,"grid_y":637,"centroid":[-72.3343752,-8.3836843],"aggregation":"none","score_gradboost":0.0089302,"score_random_forest":0.0233844,"score_logistic_regression":0.1883771,"score_fuzzy_knn_k29":0.0407674},"geometry":{"type":"Polygon","coordinates":[[[-72.3384469,-8.3863507],[-72.3303496,-8.3864193],[-72.3303036,-8.3810179],[-72.3384008,-8.3809494],[-72.3384469,-8.3863507]]]}},{"type":"Feature","id":"AC-Y637-X252","properties":{"id":"AC-Y637-X252","grid_x":252,"grid_y":637,"centroid":[-72.3262779,-8.3837528],"aggregation":"none","score_gradboost":0.0195028,"score_random_forest":0.0369165,"score_logistic_regression":0.2016172,"score_fuzzy_knn_k29":0.0195354},"geometry":{"type":"Polygon","coordinates":[[[-72.3303496,-8.3864193],[-72.3222522,-8.3864876],[-72.3222063,-8.3810862],[-72.3303036,-8.3810179],[-72.3303496,-8.3864193]]]}},{"type":"Feature","id":"AC-Y637-X253","properties":{"id":"AC-Y637-X253","grid_x":253,"grid_y":637,"centroid":[-72.3181805,-8.383821],"aggregation":"none","score_gradboost":0.0195028,"score_random_forest":0.0423854,"score_logistic_regression":0.1954913,"score_fuzzy_knn_k29":0.0331747},"geometry":{"type":"Polygon","coordinates":[[[-72.3222522,-8.3864876],[-72.3141547,-8.3865558],[-72.3141089,-8.3811543],[-72.3222063,-8.3810862],[-72.3222522,-8.3864876]]]}},{"type":"Feature","id":"AC-Y638-X241","properties":{"id":"AC-Y638-X241","grid_x":241,"grid_y":638,"centroid":[-72.4152973,-8.3775902],"aggregation":"none","score_gradboost":0.0596773,"score_random_forest":0.1472907,"score_logistic_regression":0.3502353,"score_fuzzy_knn_k29":0.3644986},"geometry":{"type":"Polygon","coordinates":[[[-72.4193692,-8.3802555],[-72.4112726,-8.3803257],[-72.4112255,-8.3749247],[-72.419322,-8.3748547],[-72.4193692,-8.3802555]]]}},{"type":"Feature","id":"AC-Y638-X242","properties":{"id":"AC-Y638-X242","grid_x":242,"grid_y":638,"centroid":[-72.4072008,-8.3776602],"aggregation":"none","score_gradboost":0.0175586,"score_random_forest":0.0329269,"score_logistic_regression":0.2370342,"score_fuzzy_knn_k29":0.0372955},"geometry":{"type":"Polygon","coordinates":[[[-72.4112726,-8.3803257],[-72.4031761,-8.3803956],[-72.4031291,-8.3749947],[-72.4112255,-8.3749247],[-72.4112726,-8.3803257]]]}},{"type":"Feature","id":"AC-Y638-X243","properties":{"id":"AC-Y638-X243","grid_x":243,"grid_y":638,"centroid":[-72.3991043,-8.3777301],"aggregation":"none","score_gradboost":0.0273429,"score_random_forest":0.0163499,"score_logistic_regression":0.3101616,"score_fuzzy_knn_k29":0.0359144},"geometry":{"type":"Polygon","coordinates":[[[-72.4031761,-8.3803956],[-72.3950794,-8.3804654],[-72.3950325,-8.3750644],[-72.4031291,-8.3749947],[-72.4031761,-8.3803956]]]}},{"type":"Feature","id":"AC-Y638-X244","properties":{"id":"AC-Y638-X244","grid_x":244,"grid_y":638,"centroid":[-72.3910076,-8.3777998],"aggregation":"none","score_gradboost":0.0296485,"score_random_forest":0.0199612,"score_logistic_regression":0.2938861,"score_fuzzy_knn_k29":0.0417075},"geometry":{"type":"Polygon","coordinates":[[[-72.3950794,-8.3804654],[-72.3869827,-8.3805351],[-72.3869359,-8.375134],[-72.3950325,-8.3750644],[-72.3950794,-8.3804654]]]}},{"type":"Feature","id":"AC-Y638-X245","properties":{"id":"AC-Y638-X245","grid_x":245,"grid_y":638,"centroid":[-72.3829109,-8.3778693],"aggregation":"none","score_gradboost":0.0175586,"score_random_forest":0.0319468,"score_logistic_regression":0.2341312,"score_fuzzy_knn_k29":0.0369343},"geometry":{"type":"Polygon","coordinates":[[[-72.3869826,-8.3805351],[-72.3788858,-8.3806045],[-72.3788392,-8.3752034],[-72.3869359,-8.375134],[-72.3869826,-8.3805351]]]}},{"type":"Feature","id":"AC-Y638-X246","properties":{"id":"AC-Y638-X246","grid_x":246,"grid_y":638,"centroid":[-72.3748141,-8.3779387],"aggregation":"none","score_gradboost":0.0208442,"score_random_forest":0.0326512,"score_logistic_regression":0.2277877,"score_fuzzy_knn_k29":0.0385476},"geometry":{"type":"Polygon","coordinates":[[[-72.3788858,-8.3806045],[-72.370789,-8.3806738],[-72.3707424,-8.3752727],[-72.3788392,-8.3752034],[-72.3788858,-8.3806045]]]}},{"type":"Feature","id":"AC-Y638-X247","properties":{"id":"AC-Y638-X247","grid_x":247,"grid_y":638,"centroid":[-72.3667173,-8.3780079],"aggregation":"none","score_gradboost":0.0175586,"score_random_forest":0.031891,"score_logistic_regression":0.2389772,"score_fuzzy_knn_k29":0.0293956},"geometry":{"type":"Polygon","coordinates":[[[-72.370789,-8.3806738],[-72.362692,-8.380743],[-72.3626456,-8.3753418],[-72.3707424,-8.3752727],[-72.370789,-8.3806738]]]}},{"type":"Feature","id":"AC-Y638-X248","properties":{"id":"AC-Y638-X248","grid_x":248,"grid_y":638,"centroid":[-72.3586203,-8.3780769],"aggregation":"none","score_gradboost":0.0218418,"score_random_forest":0.0303901,"score_logistic_regression":0.2032593,"score_fuzzy_knn_k29":0.0306964},"geometry":{"type":"Polygon","coordinates":[[[-72.362692,-8.380743],[-72.354595,-8.380812],[-72.3545487,-8.3754107],[-72.3626456,-8.3753418],[-72.362692,-8.380743]]]}},{"type":"Feature","id":"AC-Y638-X249","properties":{"id":"AC-Y638-X249","grid_x":249,"grid_y":638,"centroid":[-72.3505233,-8.3781458],"aggregation":"none","score_gradboost":0.0117003,"score_random_forest":0.0254149,"score_logistic_regression":0.2556642,"score_fuzzy_knn_k29":0.0238938},"geometry":{"type":"Polygon","coordinates":[[[-72.354595,-8.380812],[-72.3464979,-8.3808808],[-72.3464517,-8.3754795],[-72.3545487,-8.3754107],[-72.354595,-8.380812]]]}},{"type":"Feature","id":"AC-Y638-X250","properties":{"id":"AC-Y638-X250","grid_x":250,"grid_y":638,"centroid":[-72.3424263,-8.3782145],"aggregation":"none","score_gradboost":0.0126575,"score_random_forest":0.0340128,"score_logistic_regression":0.2389263,"score_fuzzy_knn_k29":0.0308176},"geometry":{"type":"Polygon","coordinates":[[[-72.3464979,-8.3808808],[-72.3384008,-8.3809494],[-72.3383547,-8.3755481],[-72.3464517,-8.3754795],[-72.3464979,-8.3808808]]]}},{"type":"Feature","id":"AC-Y638-X251","properties":{"id":"AC-Y638-X251","grid_x":251,"grid_y":638,"centroid":[-72.3343291,-8.378283],"aggregation":"none","score_gradboost":0.0148404,"score_random_forest":0.0385352,"score_logistic_regression":0.2368559,"score_fuzzy_knn_k29":0.018333},"geometry":{"type":"Polygon","coordinates":[[[-72.3384008,-8.3809494],[-72.3303036,-8.3810179],[-72.3302576,-8.3756165],[-72.3383547,-8.3755481],[-72.3384008,-8.3809494]]]}},{"type":"Feature","id":"AC-Y638-X252","properties":{"id":"AC-Y638-X252","grid_x":252,"grid_y":638,"centroid":[-72.326232,-8.3783514],"aggregation":"none","score_gradboost":0.0148404,"score_random_forest":0.0348485,"score_logistic_regression":0.2273982,"score_fuzzy_knn_k29":0.0187025},"geometry":{"type":"Polygon","coordinates":[[[-72.3303036,-8.3810179],[-72.3222063,-8.3810862],[-72.3221604,-8.3756848],[-72.3302576,-8.3756165],[-72.3303036,-8.3810179]]]}},{"type":"Feature","id":"AC-Y638-X253","properties":{"id":"AC-Y638-X253","grid_x":253,"grid_y":638,"centroid":[-72.3181347,-8.3784196],"aggregation":"none","score_gradboost":0.0089302,"score_random_forest":0.0233844,"score_logistic_regression":0.1891611,"score_fuzzy_knn_k29":0.0411919},"geometry":{"type":"Polygon","coordinates":[[[-72.3222063,-8.3810862],[-72.3141089,-8.3811543],[-72.3140631,-8.3757529],[-72.3221604,-8.3756848],[-72.3222063,-8.3810862]]]}},{"type":"Feature","id":"AC-Y639-X240","properties":{"id":"AC-Y639-X240","grid_x":240,"grid_y":639,"centroid":[-72.4233465,-8.3721191],"aggregation":"none","score_gradboost":0.0500299,"score_random_forest":0.1147916,"score_logistic_regression":0.3632229,"score_fuzzy_knn_k29":0.3926876},"geometry":{"type":"Polygon","coordinates":[[[-72.4274183,-8.3747844],[-72.419322,-8.3748547],[-72.4192748,-8.3694538],[-72.427371,-8.3693836],[-72.4274183,-8.3747844]]]}},{"type":"Feature","id":"AC-Y639-X241","properties":{"id":"AC-Y639-X241","grid_x":241,"grid_y":639,"centroid":[-72.4152502,-8.3721893],"aggregation":"none","score_gradboost":0.0343324,"score_random_forest":0.0952784,"score_logistic_regression":0.3721394,"score_fuzzy_knn_k29":0.4734296},"geometry":{"type":"Polygon","coordinates":[[[-72.419322,-8.3748547],[-72.4112255,-8.3749247],[-72.4111785,-8.3695238],[-72.4192748,-8.3694538],[-72.419322,-8.3748547]]]}},{"type":"Feature","id":"AC-Y639-X242","properties":{"id":"AC-Y639-X242","grid_x":242,"grid_y":639,"centroid":[-72.4071538,-8.3722593],"aggregation":"none","score_gradboost":0.0173586,"score_random_forest":0.0228085,"score_logistic_regression":0.2401962,"score_fuzzy_knn_k29":0.0275056},"geometry":{"type":"Polygon","coordinates":[[[-72.4112255,-8.3749247],[-72.4031291,-8.3749947],[-72.4030821,-8.3695937],[-72.4111785,-8.3695238],[-72.4112255,-8.3749247]]]}},{"type":"Feature","id":"AC-Y639-X243","properties":{"id":"AC-Y639-X243","grid_x":243,"grid_y":639,"centroid":[-72.3990573,-8.3723291],"aggregation":"none","score_gradboost":0.0296485,"score_random_forest":0.020271,"score_logistic_regression":0.2934065,"score_fuzzy_knn_k29":0.0482084},"geometry":{"type":"Polygon","coordinates":[[[-72.4031291,-8.3749947],[-72.3950325,-8.3750644],[-72.3949857,-8.3696634],[-72.4030821,-8.3695937],[-72.4031291,-8.3749947]]]}},{"type":"Feature","id":"AC-Y639-X244","properties":{"id":"AC-Y639-X244","grid_x":244,"grid_y":639,"centroid":[-72.3909608,-8.3723987],"aggregation":"none","score_gradboost":0.0375116,"score_random_forest":0.0306351,"score_logistic_regression":0.2661459,"score_fuzzy_knn_k29":0.0394474},"geometry":{"type":"Polygon","coordinates":[[[-72.3950325,-8.3750644],[-72.3869359,-8.375134],[-72.3868891,-8.3697329],[-72.3949857,-8.3696634],[-72.3950325,-8.3750644]]]}},{"type":"Feature","id":"AC-Y639-X245","properties":{"id":"AC-Y639-X245","grid_x":245,"grid_y":639,"centroid":[-72.3828642,-8.3724682],"aggregation":"none","score_gradboost":0.0208442,"score_random_forest":0.0279214,"score_logistic_regression":0.2235413,"score_fuzzy_knn_k29":0.0321072},"geometry":{"type":"Polygon","coordinates":[[[-72.3869359,-8.375134],[-72.3788392,-8.3752034],[-72.3787926,-8.3698023],[-72.3868891,-8.3697329],[-72.3869359,-8.375134]]]}},{"type":"Feature","id":"AC-Y639-X246","properties":{"id":"AC-Y639-X246","grid_x":246,"grid_y":639,"centroid":[-72.3747675,-8.3725375],"aggregation":"none","score_gradboost":0.0173586,"score_random_forest":0.0267444,"score_logistic_regression":0.2414129,"score_fuzzy_knn_k29":0.0426589},"geometry":{"type":"Polygon","coordinates":[[[-72.3788392,-8.3752034],[-72.3707424,-8.3752727],[-72.3706959,-8.3698715],[-72.3787926,-8.3698023],[-72.3788392,-8.3752034]]]}},{"type":"Feature","id":"AC-Y639-X247","properties":{"id":"AC-Y639-X247","grid_x":247,"grid_y":639,"centroid":[-72.3666708,-8.3726067],"aggregation":"none","score_gradboost":0.0245987,"score_random_forest":0.055446,"score_logistic_regression":0.2567849,"score_fuzzy_knn_k29":0.0361184},"geometry":{"type":"Polygon","coordinates":[[[-72.3707424,-8.3752727],[-72.3626456,-8.3753418],[-72.3625992,-8.3699406],[-72.3706959,-8.3698715],[-72.3707424,-8.3752727]]]}},{"type":"Feature","id":"AC-Y639-X248","properties":{"id":"AC-Y639-X248","grid_x":248,"grid_y":639,"centroid":[-72.358574,-8.3726757],"aggregation":"none","score_gradboost":0.0208442,"score_random_forest":0.0354311,"score_logistic_regression":0.2327863,"score_fuzzy_knn_k29":0.0391483},"geometry":{"type":"Polygon","coordinates":[[[-72.3626456,-8.3753418],[-72.3545487,-8.3754107],[-72.3545024,-8.3700095],[-72.3625992,-8.3699406],[-72.3626456,-8.3753418]]]}},{"type":"Feature","id":"AC-Y639-X249","properties":{"id":"AC-Y639-X249","grid_x":249,"grid_y":639,"centroid":[-72.3504771,-8.3727445],"aggregation":"none","score_gradboost":0.0214374,"score_random_forest":0.0449499,"score_logistic_regression":0.2203845,"score_fuzzy_knn_k29":0.0283819},"geometry":{"type":"Polygon","coordinates":[[[-72.3545487,-8.3754107],[-72.3464517,-8.3754795],[-72.3464055,-8.3700782],[-72.3545024,-8.3700095],[-72.3545487,-8.3754107]]]}},{"type":"Feature","id":"AC-Y639-X250","properties":{"id":"AC-Y639-X250","grid_x":250,"grid_y":639,"centroid":[-72.3423801,-8.3728131],"aggregation":"none","score_gradboost":0.0206417,"score_random_forest":0.0439727,"score_logistic_regression":0.2216567,"score_fuzzy_knn_k29":0.0263036},"geometry":{"type":"Polygon","coordinates":[[[-72.3464517,-8.3754795],[-72.3383547,-8.3755481],[-72.3383086,-8.3701467],[-72.3464055,-8.3700782],[-72.3464517,-8.3754795]]]}},{"type":"Feature","id":"AC-Y639-X251","properties":{"id":"AC-Y639-X251","grid_x":251,"grid_y":639,"centroid":[-72.3342831,-8.3728816],"aggregation":"none","score_gradboost":0.017768,"score_random_forest":0.0540687,"score_logistic_regression":0.2622391,"score_fuzzy_knn_k29":0.0244599},"geometry":{"type":"Polygon","coordinates":[[[-72.3383547,-8.3755481],[-72.3302576,-8.3756165],[-72.3302116,-8.3702151],[-72.3383086,-8.3701467],[-72.3383547,-8.3755481]]]}},{"type":"Feature","id":"AC-Y639-X252","properties":{"id":"AC-Y639-X252","grid_x":252,"grid_y":639,"centroid":[-72.326186,-8.37295],"aggregation":"none","score_gradboost":0.0148404,"score_random_forest":0.0308425,"score_logistic_regression":0.2270585,"score_fuzzy_knn_k29":0.035448},"geometry":{"type":"Polygon","coordinates":[[[-72.3302576,-8.3756165],[-72.3221604,-8.3756848],[-72.3221145,-8.3702833],[-72.3302116,-8.3702151],[-72.3302576,-8.3756165]]]}},{"type":"Feature","id":"AC-Y639-X253","properties":{"id":"AC-Y639-X253","grid_x":253,"grid_y":639,"centroid":[-72.3180889,-8.3730181],"aggregation":"none","score_gradboost":0.0155552,"score_random_forest":0.0318061,"score_logistic_regression":0.2105373,"score_fuzzy_knn_k29":0.0254468},"geometry":{"type":"Polygon","coordinates":[[[-72.3221604,-8.3756848],[-72.3140631,-8.3757529],[-72.3140174,-8.3703514],[-72.3221145,-8.3702833],[-72.3221604,-8.3756848]]]}},{"type":"Feature","id":"AC-Y640-X238","properties":{"id":"AC-Y640-X238","grid_x":238,"grid_y":640,"centroid":[-72.4394915,-8.3665776],"aggregation":"none","score_gradboost":0.0505869,"score_random_forest":0.1276475,"score_logistic_regression":0.3538569,"score_fuzzy_knn_k29":0.4106224},"geometry":{"type":"Polygon","coordinates":[[[-72.4435633,-8.3692427],[-72.4354672,-8.3693132],[-72.4354198,-8.3639124],[-72.4435158,-8.3638419],[-72.4435633,-8.3692427]]]}},{"type":"Feature","id":"AC-Y640-X239","properties":{"id":"AC-Y640-X239","grid_x":239,"grid_y":640,"centroid":[-72.4313954,-8.366648],"aggregation":"none","score_gradboost":0.0500299,"score_random_forest":0.104292,"score_logistic_regression":0.3625887,"score_fuzzy_knn_k29":0.4621359},"geometry":{"type":"Polygon","coordinates":[[[-72.4354672,-8.3693132],[-72.427371,-8.3693836],[-72.4273238,-8.3639827],[-72.4354198,-8.3639124],[-72.4354672,-8.3693132]]]}},{"type":"Feature","id":"AC-Y640-X240","properties":{"id":"AC-Y640-X240","grid_x":240,"grid_y":640,"centroid":[-72.4232993,-8.3667183],"aggregation":"none","score_gradboost":0.0596773,"score_random_forest":0.1423136,"score_logistic_regression":0.3320104,"score_fuzzy_knn_k29":0.3612139},"geometry":{"type":"Polygon","coordinates":[[[-72.427371,-8.3693836],[-72.4192748,-8.3694538],[-72.4192276,-8.3640529],[-72.4273238,-8.3639827],[-72.427371,-8.3693836]]]}},{"type":"Feature","id":"AC-Y640-X241","properties":{"id":"AC-Y640-X241","grid_x":241,"grid_y":640,"centroid":[-72.4152031,-8.3667884],"aggregation":"none","score_gradboost":0.0534666,"score_random_forest":0.0601193,"score_logistic_regression":0.4132526,"score_fuzzy_knn_k29":0.528666},"geometry":{"type":"Polygon","coordinates":[[[-72.4192748,-8.3694538],[-72.4111785,-8.3695238],[-72.4111314,-8.3641229],[-72.4192276,-8.3640529],[-72.4192748,-8.3694538]]]}},{"type":"Feature","id":"AC-Y640-X242","properties":{"id":"AC-Y640-X242","grid_x":242,"grid_y":640,"centroid":[-72.4071068,-8.3668583],"aggregation":"none","score_gradboost":0.0479195,"score_random_forest":0.0752872,"score_logistic_regression":0.3902173,"score_fuzzy_knn_k29":0.4809104},"geometry":{"type":"Polygon","coordinates":[[[-72.4111785,-8.3695238],[-72.4030821,-8.3695937],[-72.4030352,-8.3641927],[-72.4111314,-8.3641229],[-72.4111785,-8.3695238]]]}},{"type":"Feature","id":"AC-Y640-X243","properties":{"id":"AC-Y640-X243","grid_x":243,"grid_y":640,"centroid":[-72.3990105,-8.3669281],"aggregation":"none","score_gradboost":0.0296485,"score_random_forest":0.0162719,"score_logistic_regression":0.3010943,"score_fuzzy_knn_k29":0.0169365},"geometry":{"type":"Polygon","coordinates":[[[-72.4030821,-8.3695937],[-72.3949857,-8.3696634],[-72.3949388,-8.3642624],[-72.4030352,-8.3641927],[-72.4030821,-8.3695937]]]}},{"type":"Feature","id":"AC-Y640-X244","properties":{"id":"AC-Y640-X244","grid_x":244,"grid_y":640,"centroid":[-72.390914,-8.3669977],"aggregation":"none","score_gradboost":0.0361636,"score_random_forest":0.0224273,"score_logistic_regression":0.2695654,"score_fuzzy_knn_k29":0.0394945},"geometry":{"type":"Polygon","coordinates":[[[-72.3949857,-8.3696634],[-72.3868891,-8.3697329],[-72.3868424,-8.3643319],[-72.3949388,-8.3642624],[-72.3949857,-8.3696634]]]}},{"type":"Feature","id":"AC-Y640-X245","properties":{"id":"AC-Y640-X245","grid_x":245,"grid_y":640,"centroid":[-72.3828175,-8.3670671],"aggregation":"none","score_gradboost":0.0208442,"score_random_forest":0.0272764,"score_logistic_regression":0.2266029,"score_fuzzy_knn_k29":0.0315546},"geometry":{"type":"Polygon","coordinates":[[[-72.3868891,-8.3697329],[-72.3787926,-8.3698023],[-72.378746,-8.3644012],[-72.3868424,-8.3643319],[-72.3868891,-8.3697329]]]}},{"type":"Feature","id":"AC-Y640-X246","properties":{"id":"AC-Y640-X246","grid_x":246,"grid_y":640,"centroid":[-72.374721,-8.3671364],"aggregation":"none","score_gradboost":0.0162368,"score_random_forest":0.0196341,"score_logistic_regression":0.2482816,"score_fuzzy_knn_k29":0.0264419},"geometry":{"type":"Polygon","coordinates":[[[-72.3787926,-8.3698023],[-72.3706959,-8.3698715],[-72.3706494,-8.3644704],[-72.378746,-8.3644012],[-72.3787926,-8.3698023]]]}},{"type":"Feature","id":"AC-Y640-X247","properties":{"id":"AC-Y640-X247","grid_x":247,"grid_y":640,"centroid":[-72.3666243,-8.3672055],"aggregation":"none","score_gradboost":0.0162368,"score_random_forest":0.0191681,"score_logistic_regression":0.2492032,"score_fuzzy_knn_k29":0.0263402},"geometry":{"type":"Polygon","coordinates":[[[-72.3706959,-8.3698715],[-72.3625992,-8.3699406],[-72.3625528,-8.3645394],[-72.3706494,-8.3644704],[-72.3706959,-8.3698715]]]}},{"type":"Feature","id":"AC-Y640-X248","properties":{"id":"AC-Y640-X248","grid_x":248,"grid_y":640,"centroid":[-72.3585276,-8.3672744],"aggregation":"none","score_gradboost":0.0173586,"score_random_forest":0.0257271,"score_logistic_regression":0.2467348,"score_fuzzy_knn_k29":0.0437763},"geometry":{"type":"Polygon","coordinates":[[[-72.3625992,-8.3699406],[-72.3545024,-8.3700095],[-72.3544561,-8.3646082],[-72.3625528,-8.3645394],[-72.3625992,-8.3699406]]]}},{"type":"Feature","id":"AC-Y640-X249","properties":{"id":"AC-Y640-X249","grid_x":249,"grid_y":640,"centroid":[-72.3504309,-8.3673432],"aggregation":"none","score_gradboost":0.0162368,"score_random_forest":0.0235875,"score_logistic_regression":0.2553401,"score_fuzzy_knn_k29":0.0373198},"geometry":{"type":"Polygon","coordinates":[[[-72.3545024,-8.3700095],[-72.3464055,-8.3700782],[-72.3463594,-8.3646769],[-72.3544561,-8.3646082],[-72.3545024,-8.3700095]]]}},{"type":"Feature","id":"AC-Y640-X250","properties":{"id":"AC-Y640-X250","grid_x":250,"grid_y":640,"centroid":[-72.342334,-8.3674118],"aggregation":"none","score_gradboost":0.0245987,"score_random_forest":0.0543349,"score_logistic_regression":0.2605466,"score_fuzzy_knn_k29":0.0280124},"geometry":{"type":"Polygon","coordinates":[[[-72.3464055,-8.3700782],[-72.3383086,-8.3701467],[-72.3382626,-8.3647454],[-72.3463594,-8.3646769],[-72.3464055,-8.3700782]]]}},{"type":"Feature","id":"AC-Y640-X251","properties":{"id":"AC-Y640-X251","grid_x":251,"grid_y":640,"centroid":[-72.3342371,-8.3674803],"aggregation":"none","score_gradboost":0.0214374,"score_random_forest":0.0438545,"score_logistic_regression":0.2197778,"score_fuzzy_knn_k29":0.0288631},"geometry":{"type":"Polygon","coordinates":[[[-72.3383086,-8.3701467],[-72.3302116,-8.3702151],[-72.3301657,-8.3648137],[-72.3382626,-8.3647454],[-72.3383086,-8.3701467]]]}},{"type":"Feature","id":"AC-Y640-X252","properties":{"id":"AC-Y640-X252","grid_x":252,"grid_y":640,"centroid":[-72.3261401,-8.3675486],"aggregation":"none","score_gradboost":0.0200701,"score_random_forest":0.0318197,"score_logistic_regression":0.2267223,"score_fuzzy_knn_k29":0.0246204},"geometry":{"type":"Polygon","coordinates":[[[-72.3302116,-8.3702151],[-72.3221145,-8.3702833],[-72.3220687,-8.3648819],[-72.3301657,-8.3648137],[-72.3302116,-8.3702151]]]}},{"type":"Feature","id":"AC-Y640-X253","properties":{"id":"AC-Y640-X253","grid_x":253,"grid_y":640,"centroid":[-72.3180431,-8.3676167],"aggregation":"none","score_gradboost":0.0152654,"score_random_forest":0.0412645,"score_logistic_regression":0.2200401,"score_fuzzy_knn_k29":0.0263702},"geometry":{"type":"Polygon","coordinates":[[[-72.3221145,-8.3702833],[-72.3140174,-8.3703514],[-72.3139717,-8.3649499],[-72.3220687,-8.3648819],[-72.3221145,-8.3702833]]]}},{"type":"Feature","id":"AC-Y641-X237","properties":{"id":"AC-Y641-X237","grid_x":237,"grid_y":641,"centroid":[-72.44754,-8.3611063],"aggregation":"none","score_gradboost":0.0500299,"score_random_forest":0.1023723,"score_logistic_regression":0.3629429,"score_fuzzy_knn_k29":0.4197854},"geometry":{"type":"Polygon","coordinates":[[[-72.4516117,-8.3637713],[-72.4435158,-8.3638419],[-72.4434683,-8.3584412],[-72.4515641,-8.3583706],[-72.4516117,-8.3637713]]]}},{"type":"Feature","id":"AC-Y641-X238","properties":{"id":"AC-Y641-X238","grid_x":238,"grid_y":641,"centroid":[-72.4394441,-8.3611768],"aggregation":"none","score_gradboost":0.0444921,"score_random_forest":0.0740735,"score_logistic_regression":0.3942599,"score_fuzzy_knn_k29":0.4602756},"geometry":{"type":"Polygon","coordinates":[[[-72.4435158,-8.3638419],[-72.4354198,-8.3639124],[-72.4353725,-8.3585116],[-72.4434683,-8.3584412],[-72.4435158,-8.3638419]]]}},{"type":"Feature","id":"AC-Y641-X239","properties":{"id":"AC-Y641-X239","grid_x":239,"grid_y":641,"centroid":[-72.4313481,-8.3612472],"aggregation":"none","score_gradboost":0.0437388,"score_random_forest":0.1189899,"score_logistic_regression":0.3400486,"score_fuzzy_knn_k29":0.3633816},"geometry":{"type":"Polygon","coordinates":[[[-72.4354198,-8.3639124],[-72.4273238,-8.3639827],[-72.4272765,-8.3585819],[-72.4353725,-8.3585116],[-72.4354198,-8.3639124]]]}},{"type":"Feature","id":"AC-Y641-X240","properties":{"id":"AC-Y641-X240","grid_x":240,"grid_y":641,"centroid":[-72.4232521,-8.3613174],"aggregation":"none","score_gradboost":0.0369808,"score_random_forest":0.1152554,"score_logistic_regression":0.3578247,"score_fuzzy_knn_k29":0.3878061},"geometry":{"type":"Polygon","coordinates":[[[-72.4273238,-8.3639827],[-72.4192276,-8.3640529],[-72.4191805,-8.358652],[-72.4272765,-8.3585819],[-72.4273238,-8.3639827]]]}},{"type":"Feature","id":"AC-Y641-X241","properties":{"id":"AC-Y641-X241","grid_x":241,"grid_y":641,"centroid":[-72.415156,-8.3613875],"aggregation":"none","score_gradboost":0.0292493,"score_random_forest":0.0922761,"score_logistic_regression":0.3803054,"score_fuzzy_knn_k29":0.3658096},"geometry":{"type":"Polygon","coordinates":[[[-72.4192276,-8.3640529],[-72.4111314,-8.3641229],[-72.4110844,-8.358722],[-72.4191805,-8.358652],[-72.4192276,-8.3640529]]]}},{"type":"Feature","id":"AC-Y641-X242","properties":{"id":"AC-Y641-X242","grid_x":242,"grid_y":641,"centroid":[-72.4070598,-8.3614573],"aggregation":"none","score_gradboost":0.0444921,"score_random_forest":0.0753862,"score_logistic_regression":0.3943666,"score_fuzzy_knn_k29":0.3664823},"geometry":{"type":"Polygon","coordinates":[[[-72.4111314,-8.3641229],[-72.4030352,-8.3641927],[-72.4029883,-8.3587917],[-72.4110844,-8.358722],[-72.4111314,-8.3641229]]]}},{"type":"Feature","id":"AC-Y641-X243","properties":{"id":"AC-Y641-X243","grid_x":243,"grid_y":641,"centroid":[-72.3989636,-8.3615271],"aggregation":"none","score_gradboost":0.0192016,"score_random_forest":0.016199,"score_logistic_regression":0.3214494,"score_fuzzy_knn_k29":0.0281801},"geometry":{"type":"Polygon","coordinates":[[[-72.4030352,-8.3641927],[-72.3949388,-8.3642624],[-72.3948921,-8.3588614],[-72.4029883,-8.3587917],[-72.4030352,-8.3641927]]]}},{"type":"Feature","id":"AC-Y641-X244","properties":{"id":"AC-Y641-X244","grid_x":244,"grid_y":641,"centroid":[-72.3908673,-8.3615966],"aggregation":"none","score_gradboost":0.0121529,"score_random_forest":0.0223077,"score_logistic_regression":0.2397784,"score_fuzzy_knn_k29":0.0245048},"geometry":{"type":"Polygon","coordinates":[[[-72.3949388,-8.3642624],[-72.3868424,-8.3643319],[-72.3867958,-8.3589308],[-72.3948921,-8.3588614],[-72.3949388,-8.3642624]]]}},{"type":"Feature","id":"AC-Y641-X245","properties":{"id":"AC-Y641-X245","grid_x":245,"grid_y":641,"centroid":[-72.3827709,-8.361666],"aggregation":"none","score_gradboost":0.0235318,"score_random_forest":0.0200677,"score_logistic_regression":0.2851248,"score_fuzzy_knn_k29":0.0180877},"geometry":{"type":"Polygon","coordinates":[[[-72.3868424,-8.3643319],[-72.378746,-8.3644012],[-72.3786994,-8.3590001],[-72.3867958,-8.3589308],[-72.3868424,-8.3643319]]]}},{"type":"Feature","id":"AC-Y641-X246","properties":{"id":"AC-Y641-X246","grid_x":246,"grid_y":641,"centroid":[-72.3746744,-8.3617353],"aggregation":"none","score_gradboost":0.0121529,"score_random_forest":0.020799,"score_logistic_regression":0.2443867,"score_fuzzy_knn_k29":0.02531},"geometry":{"type":"Polygon","coordinates":[[[-72.378746,-8.3644012],[-72.3706494,-8.3644704],[-72.370603,-8.3590692],[-72.3786994,-8.3590001],[-72.378746,-8.3644012]]]}},{"type":"Feature","id":"AC-Y641-X247","properties":{"id":"AC-Y641-X247","grid_x":247,"grid_y":641,"centroid":[-72.3665779,-8.3618043],"aggregation":"none","score_gradboost":0.0122937,"score_random_forest":0.0242816,"score_logistic_regression":0.2347424,"score_fuzzy_knn_k29":0.0290667},"geometry":{"type":"Polygon","coordinates":[[[-72.3706494,-8.3644704],[-72.3625528,-8.3645394],[-72.3625065,-8.3591382],[-72.370603,-8.3590692],[-72.3706494,-8.3644704]]]}},{"type":"Feature","id":"AC-Y641-X248","properties":{"id":"AC-Y641-X248","grid_x":248,"grid_y":641,"centroid":[-72.3584813,-8.3618732],"aggregation":"none","score_gradboost":0.0173586,"score_random_forest":0.0185715,"score_logistic_regression":0.24298,"score_fuzzy_knn_k29":0.0284383},"geometry":{"type":"Polygon","coordinates":[[[-72.3625528,-8.3645394],[-72.3544561,-8.3646082],[-72.3544099,-8.359207],[-72.3625065,-8.3591382],[-72.3625528,-8.3645394]]]}},{"type":"Feature","id":"AC-Y641-X249","properties":{"id":"AC-Y641-X249","grid_x":249,"grid_y":641,"centroid":[-72.3503847,-8.3619419],"aggregation":"none","score_gradboost":0.0173586,"score_random_forest":0.019169,"score_logistic_regression":0.2443127,"score_fuzzy_knn_k29":0.0286684},"geometry":{"type":"Polygon","coordinates":[[[-72.3544561,-8.3646082],[-72.3463594,-8.3646769],[-72.3463133,-8.3592756],[-72.3544099,-8.359207],[-72.3544561,-8.3646082]]]}},{"type":"Feature","id":"AC-Y641-X250","properties":{"id":"AC-Y641-X250","grid_x":250,"grid_y":641,"centroid":[-72.342288,-8.3620105],"aggregation":"none","score_gradboost":0.0208442,"score_random_forest":0.0295672,"score_logistic_regression":0.2352182,"score_fuzzy_knn_k29":0.0471092},"geometry":{"type":"Polygon","coordinates":[[[-72.3463594,-8.3646769],[-72.3382626,-8.3647454],[-72.3382166,-8.3593441],[-72.3463133,-8.3592756],[-72.3463594,-8.3646769]]]}},{"type":"Feature","id":"AC-Y641-X251","properties":{"id":"AC-Y641-X251","grid_x":251,"grid_y":641,"centroid":[-72.3341912,-8.3620789],"aggregation":"none","score_gradboost":0.0208442,"score_random_forest":0.0271697,"score_logistic_regression":0.229728,"score_fuzzy_knn_k29":0.0447272},"geometry":{"type":"Polygon","coordinates":[[[-72.3382626,-8.3647454],[-72.3301657,-8.3648137],[-72.3301198,-8.3594124],[-72.3382166,-8.3593441],[-72.3382626,-8.3647454]]]}},{"type":"Feature","id":"AC-Y641-X252","properties":{"id":"AC-Y641-X252","grid_x":252,"grid_y":641,"centroid":[-72.3260943,-8.3621471],"aggregation":"none","score_gradboost":0.0218418,"score_random_forest":0.0330855,"score_logistic_regression":0.2098332,"score_fuzzy_knn_k29":0.0339838},"geometry":{"type":"Polygon","coordinates":[[[-72.3301657,-8.3648137],[-72.3220687,-8.3648819],[-72.3220229,-8.3594805],[-72.3301198,-8.3594124],[-72.3301657,-8.3648137]]]}},{"type":"Feature","id":"AC-Y641-X253","properties":{"id":"AC-Y641-X253","grid_x":253,"grid_y":641,"centroid":[-72.3179974,-8.3622152],"aggregation":"none","score_gradboost":0.0208442,"score_random_forest":0.0316755,"score_logistic_regression":0.2333045,"score_fuzzy_knn_k29":0.0361709},"geometry":{"type":"Polygon","coordinates":[[[-72.3220687,-8.3648819],[-72.3139717,-8.3649499],[-72.313926,-8.3595485],[-72.3220229,-8.3594805],[-72.3220687,-8.3648819]]]}},{"type":"Feature","id":"AC-Y642-X236","properties":{"id":"AC-Y642-X236","grid_x":236,"grid_y":642,"centroid":[-72.4555882,-8.3556349],"aggregation":"none","score_gradboost":0.0437388,"score_random_forest":0.1420779,"score_logistic_regression":0.3328263,"score_fuzzy_knn_k29":0.3611511},"geometry":{"type":"Polygon","coordinates":[[[-72.4596599,-8.3582998],[-72.4515641,-8.3583706],[-72.4515166,-8.3529699],[-72.4596122,-8.3528991],[-72.4596599,-8.3582998]]]}},{"type":"Feature","id":"AC-Y642-X237","properties":{"id":"AC-Y642-X237","grid_x":237,"grid_y":642,"centroid":[-72.4474925,-8.3557055],"aggregation":"none","score_gradboost":0.0369808,"score_random_forest":0.115908,"score_logistic_regression":0.3581271,"score_fuzzy_knn_k29":0.3764777},"geometry":{"type":"Polygon","coordinates":[[[-72.4515641,-8.3583706],[-72.4434683,-8.3584412],[-72.4434209,-8.3530404],[-72.4515166,-8.3529699],[-72.4515641,-8.3583706]]]}},{"type":"Feature","id":"AC-Y642-X238","properties":{"id":"AC-Y642-X238","grid_x":238,"grid_y":642,"centroid":[-72.4393967,-8.355776],"aggregation":"none","score_gradboost":0.0437388,"score_random_forest":0.124651,"score_logistic_regression":0.3398637,"score_fuzzy_knn_k29":0.3551637},"geometry":{"type":"Polygon","coordinates":[[[-72.4434683,-8.3584412],[-72.4353725,-8.3585116],[-72.4353252,-8.3531108],[-72.4434209,-8.3530404],[-72.4434683,-8.3584412]]]}},{"type":"Feature","id":"AC-Y642-X239","properties":{"id":"AC-Y642-X239","grid_x":239,"grid_y":642,"centroid":[-72.4313009,-8.3558464],"aggregation":"none","score_gradboost":0.0436559,"score_random_forest":0.1081396,"score_logistic_regression":0.3661625,"score_fuzzy_knn_k29":0.3584139},"geometry":{"type":"Polygon","coordinates":[[[-72.4353725,-8.3585116],[-72.4272765,-8.3585819],[-72.4272293,-8.3531811],[-72.4353252,-8.3531108],[-72.4353725,-8.3585116]]]}},{"type":"Feature","id":"AC-Y642-X240","properties":{"id":"AC-Y642-X240","grid_x":240,"grid_y":642,"centroid":[-72.423205,-8.3559165],"aggregation":"none","score_gradboost":0.0497739,"score_random_forest":0.1294668,"score_logistic_regression":0.3529132,"score_fuzzy_knn_k29":0.3727969},"geometry":{"type":"Polygon","coordinates":[[[-72.4272765,-8.3585819],[-72.4191805,-8.358652],[-72.4191334,-8.3532511],[-72.4272293,-8.3531811],[-72.4272765,-8.3585819]]]}},{"type":"Feature","id":"AC-Y642-X241","properties":{"id":"AC-Y642-X241","grid_x":241,"grid_y":642,"centroid":[-72.415109,-8.3559865],"aggregation":"none","score_gradboost":0.0337713,"score_random_forest":0.0933863,"score_logistic_regression":0.3752802,"score_fuzzy_knn_k29":0.3668435},"geometry":{"type":"Polygon","coordinates":[[[-72.4191805,-8.358652],[-72.4110844,-8.358722],[-72.4110375,-8.353321],[-72.4191334,-8.3532511],[-72.4191805,-8.358652]]]}},{"type":"Feature","id":"AC-Y642-X242","properties":{"id":"AC-Y642-X242","grid_x":242,"grid_y":642,"centroid":[-72.4070129,-8.3560564],"aggregation":"none","score_gradboost":0.0556749,"score_random_forest":0.0709487,"score_logistic_regression":0.403188,"score_fuzzy_knn_k29":0.3972544},"geometry":{"type":"Polygon","coordinates":[[[-72.4110844,-8.358722],[-72.4029883,-8.3587917],[-72.4029414,-8.3533908],[-72.4110375,-8.353321],[-72.4110844,-8.358722]]]}},{"type":"Feature","id":"AC-Y642-X243","properties":{"id":"AC-Y642-X243","grid_x":243,"grid_y":642,"centroid":[-72.3989168,-8.3561261],"aggregation":"none","score_gradboost":0.0282068,"score_random_forest":0.0155868,"score_logistic_regression":0.2921801,"score_fuzzy_knn_k29":0.0545747},"geometry":{"type":"Polygon","coordinates":[[[-72.4029883,-8.3587917],[-72.3948921,-8.3588614],[-72.3948453,-8.3534603],[-72.4029414,-8.3533908],[-72.4029883,-8.3587917]]]}},{"type":"Feature","id":"AC-Y642-X244","properties":{"id":"AC-Y642-X244","grid_x":244,"grid_y":642,"centroid":[-72.3908206,-8.3561956],"aggregation":"none","score_gradboost":0.0318262,"score_random_forest":0.0192208,"score_logistic_regression":0.2803843,"score_fuzzy_knn_k29":0.038497},"geometry":{"type":"Polygon","coordinates":[[[-72.3948921,-8.3588614],[-72.3867958,-8.3589308],[-72.3867491,-8.3535297],[-72.3948453,-8.3534603],[-72.3948921,-8.3588614]]]}},{"type":"Feature","id":"AC-Y642-X245","properties":{"id":"AC-Y642-X245","grid_x":245,"grid_y":642,"centroid":[-72.3827243,-8.3562649],"aggregation":"none","score_gradboost":0.0252382,"score_random_forest":0.0143503,"score_logistic_regression":0.2887231,"score_fuzzy_knn_k29":0.0551806},"geometry":{"type":"Polygon","coordinates":[[[-72.3867958,-8.3589308],[-72.3786994,-8.3590001],[-72.3786529,-8.353599],[-72.3867491,-8.3535297],[-72.3867958,-8.3589308]]]}},{"type":"Feature","id":"AC-Y642-X246","properties":{"id":"AC-Y642-X246","grid_x":246,"grid_y":642,"centroid":[-72.374628,-8.3563341],"aggregation":"none","score_gradboost":0.0207063,"score_random_forest":0.0464239,"score_logistic_regression":0.2586941,"score_fuzzy_knn_k29":0.0206581},"geometry":{"type":"Polygon","coordinates":[[[-72.3786994,-8.3590001],[-72.370603,-8.3590692],[-72.3705566,-8.3536681],[-72.3786529,-8.353599],[-72.3786994,-8.3590001]]]}},{"type":"Feature","id":"AC-Y642-X247","properties":{"id":"AC-Y642-X247","grid_x":247,"grid_y":642,"centroid":[-72.3665315,-8.3564031],"aggregation":"none","score_gradboost":0.0146088,"score_random_forest":0.0265444,"score_logistic_regression":0.2242411,"score_fuzzy_knn_k29":0.0264902},"geometry":{"type":"Polygon","coordinates":[[[-72.370603,-8.3590692],[-72.3625065,-8.3591382],[-72.3624602,-8.353737],[-72.3705566,-8.3536681],[-72.370603,-8.3590692]]]}},{"type":"Feature","id":"AC-Y642-X248","properties":{"id":"AC-Y642-X248","grid_x":248,"grid_y":642,"centroid":[-72.3584351,-8.356472],"aggregation":"none","score_gradboost":0.0207063,"score_random_forest":0.0464239,"score_logistic_regression":0.2610948,"score_fuzzy_knn_k29":0.0216835},"geometry":{"type":"Polygon","coordinates":[[[-72.3625065,-8.3591382],[-72.3544099,-8.359207],[-72.3543637,-8.3538057],[-72.3624602,-8.353737],[-72.3625065,-8.3591382]]]}},{"type":"Feature","id":"AC-Y642-X249","properties":{"id":"AC-Y642-X249","grid_x":249,"grid_y":642,"centroid":[-72.3503385,-8.3565407],"aggregation":"none","score_gradboost":0.0175586,"score_random_forest":0.0302785,"score_logistic_regression":0.2406516,"score_fuzzy_knn_k29":0.0286133},"geometry":{"type":"Polygon","coordinates":[[[-72.3544099,-8.359207],[-72.3463133,-8.3592756],[-72.3462672,-8.3538743],[-72.3543637,-8.3538057],[-72.3544099,-8.359207]]]}},{"type":"Feature","id":"AC-Y642-X250","properties":{"id":"AC-Y642-X250","grid_x":250,"grid_y":642,"centroid":[-72.3422419,-8.3566092],"aggregation":"none","score_gradboost":0.0204881,"score_random_forest":0.0293378,"score_logistic_regression":0.2149306,"score_fuzzy_knn_k29":0.036923},"geometry":{"type":"Polygon","coordinates":[[[-72.3463133,-8.3592756],[-72.3382166,-8.3593441],[-72.3381706,-8.3539427],[-72.3462672,-8.3538743],[-72.3463133,-8.3592756]]]}},{"type":"Feature","id":"AC-Y642-X251","properties":{"id":"AC-Y642-X251","grid_x":251,"grid_y":642,"centroid":[-72.3341452,-8.3566776],"aggregation":"none","score_gradboost":0.0214374,"score_random_forest":0.0366183,"score_logistic_regression":0.2192483,"score_fuzzy_knn_k29":0.036678},"geometry":{"type":"Polygon","coordinates":[[[-72.3382166,-8.3593441],[-72.3301198,-8.3594124],[-72.3300739,-8.354011],[-72.3381706,-8.3539427],[-72.3382166,-8.3593441]]]}},{"type":"Feature","id":"AC-Y642-X252","properties":{"id":"AC-Y642-X252","grid_x":252,"grid_y":642,"centroid":[-72.3260485,-8.3567457],"aggregation":"none","score_gradboost":0.0218418,"score_random_forest":0.029414,"score_logistic_regression":0.2094939,"score_fuzzy_knn_k29":0.0377636},"geometry":{"type":"Polygon","coordinates":[[[-72.3301198,-8.3594124],[-72.3220229,-8.3594805],[-72.3219772,-8.3540791],[-72.3300739,-8.354011],[-72.3301198,-8.3594124]]]}},{"type":"Feature","id":"AC-Y642-X253","properties":{"id":"AC-Y642-X253","grid_x":253,"grid_y":642,"centroid":[-72.3179516,-8.3568138],"aggregation":"none","score_gradboost":0.0204881,"score_random_forest":0.0286083,"score_logistic_regression":0.2161041,"score_fuzzy_knn_k29":0.0354998},"geometry":{"type":"Polygon","coordinates":[[[-72.3220229,-8.3594805],[-72.313926,-8.3595485],[-72.3138804,-8.354147],[-72.3219772,-8.3540791],[-72.3220229,-8.3594805]]]}},{"type":"Feature","id":"AC-Y643-X235","properties":{"id":"AC-Y643-X235","grid_x":235,"grid_y":643,"centroid":[-72.4636362,-8.3501634],"aggregation":"none","score_gradboost":0.0365678,"score_random_forest":0.1068708,"score_logistic_regression":0.3648427,"score_fuzzy_knn_k29":0.3697797},"geometry":{"type":"Polygon","coordinates":[[[-72.4677078,-8.3528282],[-72.4596122,-8.3528991],[-72.4595646,-8.3474985],[-72.4676601,-8.3474276],[-72.4677078,-8.3528282]]]}},{"type":"Feature","id":"AC-Y643-X236","properties":{"id":"AC-Y643-X236","grid_x":236,"grid_y":643,"centroid":[-72.4555406,-8.3502342],"aggregation":"none","score_gradboost":0.0298954,"score_random_forest":0.0978394,"score_logistic_regression":0.372399,"score_fuzzy_knn_k29":0.349606},"geometry":{"type":"Polygon","coordinates":[[[-72.4596122,-8.3528991],[-72.4515166,-8.3529699],[-72.4514691,-8.3475692],[-72.4595646,-8.3474985],[-72.4596122,-8.3528991]]]}},{"type":"Feature","id":"AC-Y643-X237","properties":{"id":"AC-Y643-X237","grid_x":237,"grid_y":643,"centroid":[-72.447445,-8.3503048],"aggregation":"none","score_gradboost":0.0471472,"score_random_forest":0.0870391,"score_logistic_regression":0.3849495,"score_fuzzy_knn_k29":0.3897366},"geometry":{"type":"Polygon","coordinates":[[[-72.4515166,-8.3529699],[-72.4434209,-8.3530404],[-72.4433735,-8.3476397],[-72.4514691,-8.3475692],[-72.4515166,-8.3529699]]]}},{"type":"Feature","id":"AC-Y643-X238","properties":{"id":"AC-Y643-X238","grid_x":238,"grid_y":643,"centroid":[-72.4393494,-8.3503753],"aggregation":"none","score_gradboost":0.0332512,"score_random_forest":0.0918507,"score_logistic_regression":0.375068,"score_fuzzy_knn_k29":0.3976959},"geometry":{"type":"Polygon","coordinates":[[[-72.4434209,-8.3530404],[-72.4353252,-8.3531108],[-72.4352779,-8.34771],[-72.4433735,-8.3476397],[-72.4434209,-8.3530404]]]}},{"type":"Feature","id":"AC-Y643-X239","properties":{"id":"AC-Y643-X239","grid_x":239,"grid_y":643,"centroid":[-72.4312536,-8.3504455],"aggregation":"none","score_gradboost":0.0464309,"score_random_forest":0.0868015,"score_logistic_regression":0.3838779,"score_fuzzy_knn_k29":0.4233975},"geometry":{"type":"Polygon","coordinates":[[[-72.4353252,-8.3531108],[-72.4272293,-8.3531811],[-72.4271822,-8.3477802],[-72.4352779,-8.34771],[-72.4353252,-8.3531108]]]}},{"type":"Feature","id":"AC-Y643-X240","properties":{"id":"AC-Y643-X240","grid_x":240,"grid_y":643,"centroid":[-72.4231578,-8.3505157],"aggregation":"none","score_gradboost":0.0578457,"score_random_forest":0.1354728,"score_logistic_regression":0.3480323,"score_fuzzy_knn_k29":0.4689556},"geometry":{"type":"Polygon","coordinates":[[[-72.4272293,-8.3531811],[-72.4191334,-8.3532511],[-72.4190864,-8.3478502],[-72.4271822,-8.3477802],[-72.4272293,-8.3531811]]]}},{"type":"Feature","id":"AC-Y643-X241","properties":{"id":"AC-Y643-X241","grid_x":241,"grid_y":643,"centroid":[-72.4150619,-8.3505856],"aggregation":"none","score_gradboost":0.0518152,"score_random_forest":0.0547613,"score_logistic_regression":0.421231,"score_fuzzy_knn_k29":0.4131772},"geometry":{"type":"Polygon","coordinates":[[[-72.4191334,-8.3532511],[-72.4110375,-8.353321],[-72.4109905,-8.3479201],[-72.4190864,-8.3478502],[-72.4191334,-8.3532511]]]}},{"type":"Feature","id":"AC-Y643-X242","properties":{"id":"AC-Y643-X242","grid_x":242,"grid_y":643,"centroid":[-72.406966,-8.3506554],"aggregation":"none","score_gradboost":0.0604122,"score_random_forest":0.0489995,"score_logistic_regression":0.4309819,"score_fuzzy_knn_k29":0.4288649},"geometry":{"type":"Polygon","coordinates":[[[-72.4110375,-8.353321],[-72.4029414,-8.3533908],[-72.4028946,-8.3479898],[-72.4109905,-8.3479201],[-72.4110375,-8.353321]]]}},{"type":"Feature","id":"AC-Y643-X243","properties":{"id":"AC-Y643-X243","grid_x":243,"grid_y":643,"centroid":[-72.39887,-8.3507251],"aggregation":"none","score_gradboost":0.028528,"score_random_forest":0.0147261,"score_logistic_regression":0.2877816,"score_fuzzy_knn_k29":0.0341967},"geometry":{"type":"Polygon","coordinates":[[[-72.4029414,-8.3533908],[-72.3948453,-8.3534603],[-72.3947986,-8.3480593],[-72.4028946,-8.3479898],[-72.4029414,-8.3533908]]]}},{"type":"Feature","id":"AC-Y643-X244","properties":{"id":"AC-Y643-X244","grid_x":244,"grid_y":643,"centroid":[-72.3907739,-8.3507945],"aggregation":"none","score_gradboost":0.028528,"score_random_forest":0.0134186,"score_logistic_regression":0.2878765,"score_fuzzy_knn_k29":0.0343631},"geometry":{"type":"Polygon","coordinates":[[[-72.3948453,-8.3534603],[-72.3867491,-8.3535297],[-72.3867025,-8.3481287],[-72.3947986,-8.3480593],[-72.3948453,-8.3534603]]]}},{"type":"Feature","id":"AC-Y643-X245","properties":{"id":"AC-Y643-X245","grid_x":245,"grid_y":643,"centroid":[-72.3826777,-8.3508638],"aggregation":"none","score_gradboost":0.0357015,"score_random_forest":0.0316648,"score_logistic_regression":0.2650836,"score_fuzzy_knn_k29":0.0544071},"geometry":{"type":"Polygon","coordinates":[[[-72.3867491,-8.3535297],[-72.3786529,-8.353599],[-72.3786064,-8.3481979],[-72.3867025,-8.3481287],[-72.3867491,-8.3535297]]]}},{"type":"Feature","id":"AC-Y643-X246","properties":{"id":"AC-Y643-X246","grid_x":246,"grid_y":643,"centroid":[-72.3745815,-8.350933],"aggregation":"none","score_gradboost":0.0280333,"score_random_forest":0.0465414,"score_logistic_regression":0.2584074,"score_fuzzy_knn_k29":0.0386192},"geometry":{"type":"Polygon","coordinates":[[[-72.3786529,-8.353599],[-72.3705566,-8.3536681],[-72.3705102,-8.3482669],[-72.3786064,-8.3481979],[-72.3786529,-8.353599]]]}},{"type":"Feature","id":"AC-Y643-X247","properties":{"id":"AC-Y643-X247","grid_x":247,"grid_y":643,"centroid":[-72.3664852,-8.3510019],"aggregation":"none","score_gradboost":0.0282068,"score_random_forest":0.0151174,"score_logistic_regression":0.2984961,"score_fuzzy_knn_k29":0.0540146},"geometry":{"type":"Polygon","coordinates":[[[-72.3705566,-8.3536681],[-72.3624602,-8.353737],[-72.3624139,-8.3483358],[-72.3705102,-8.3482669],[-72.3705566,-8.3536681]]]}},{"type":"Feature","id":"AC-Y643-X248","properties":{"id":"AC-Y643-X248","grid_x":248,"grid_y":643,"centroid":[-72.3583888,-8.3510708],"aggregation":"none","score_gradboost":0.0206859,"score_random_forest":0.0509332,"score_logistic_regression":0.2572028,"score_fuzzy_knn_k29":0.020884},"geometry":{"type":"Polygon","coordinates":[[[-72.3624602,-8.353737],[-72.3543637,-8.3538057],[-72.3543175,-8.3484045],[-72.3624139,-8.3483358],[-72.3624602,-8.353737]]]}},{"type":"Feature","id":"AC-Y643-X249","properties":{"id":"AC-Y643-X249","grid_x":249,"grid_y":643,"centroid":[-72.3502924,-8.3511394],"aggregation":"none","score_gradboost":0.0146088,"score_random_forest":0.0286348,"score_logistic_regression":0.2266976,"score_fuzzy_knn_k29":0.0271449},"geometry":{"type":"Polygon","coordinates":[[[-72.3543637,-8.3538057],[-72.3462672,-8.3538743],[-72.3462211,-8.348473],[-72.3543175,-8.3484045],[-72.3543637,-8.3538057]]]}},{"type":"Feature","id":"AC-Y643-X250","properties":{"id":"AC-Y643-X250","grid_x":250,"grid_y":643,"centroid":[-72.3421959,-8.3512079],"aggregation":"none","score_gradboost":0.0150272,"score_random_forest":0.0441064,"score_logistic_regression":0.2215738,"score_fuzzy_knn_k29":0.0321636},"geometry":{"type":"Polygon","coordinates":[[[-72.3462672,-8.3538743],[-72.3381706,-8.3539427],[-72.3381246,-8.3485414],[-72.3462211,-8.348473],[-72.3462672,-8.3538743]]]}},{"type":"Feature","id":"AC-Y643-X251","properties":{"id":"AC-Y643-X251","grid_x":251,"grid_y":643,"centroid":[-72.3340993,-8.3512762],"aggregation":"none","score_gradboost":0.0208442,"score_random_forest":0.0271069,"score_logistic_regression":0.2290123,"score_fuzzy_knn_k29":0.0329791},"geometry":{"type":"Polygon","coordinates":[[[-72.3381706,-8.3539427],[-72.3300739,-8.354011],[-72.3300281,-8.3486096],[-72.3381246,-8.3485414],[-72.3381706,-8.3539427]]]}},{"type":"Feature","id":"AC-Y643-X252","properties":{"id":"AC-Y643-X252","grid_x":252,"grid_y":643,"centroid":[-72.3260027,-8.3513443],"aggregation":"none","score_gradboost":0.0226728,"score_random_forest":0.0362336,"score_logistic_regression":0.1997008,"score_fuzzy_knn_k29":0.0384988},"geometry":{"type":"Polygon","coordinates":[[[-72.3300739,-8.354011],[-72.3219772,-8.3540791],[-72.3219315,-8.3486776],[-72.3300281,-8.3486096],[-72.3300739,-8.354011]]]}},{"type":"Feature","id":"AC-Y643-X253","properties":{"id":"AC-Y643-X253","grid_x":253,"grid_y":643,"centroid":[-72.317906,-8.3514123],"aggregation":"none","score_gradboost":0.0226728,"score_random_forest":0.0336569,"score_logistic_regression":0.1998504,"score_fuzzy_knn_k29":0.0390289},"geometry":{"type":"Polygon","coordinates":[[[-72.3219772,-8.3540791],[-72.3138804,-8.354147],[-72.3138348,-8.3487455],[-72.3219315,-8.3486776],[-72.3219772,-8.3540791]]]}},{"type":"Feature","id":"AC-Y644-X243","properties":{"id":"AC-Y644-X243","grid_x":243,"grid_y":644,"centroid":[-72.3988232,-8.3453241],"aggregation":"none","score_gradboost":0.0289577,"score_random_forest":0.0294102,"score_logistic_regression":0.2679392,"score_fuzzy_knn_k29":0.0312014},"geometry":{"type":"Polygon","coordinates":[[[-72.4028946,-8.3479898],[-72.3947986,-8.3480593],[-72.3947519,-8.3426583],[-72.4028478,-8.3425888],[-72.4028946,-8.3479898]]]}},{"type":"Feature","id":"AC-Y644-X244","properties":{"id":"AC-Y644-X244","grid_x":244,"grid_y":644,"centroid":[-72.3907272,-8.3453935],"aggregation":"none","score_gradboost":0.0300455,"score_random_forest":0.0339605,"score_logistic_regression":0.2642499,"score_fuzzy_knn_k29":0.0157114},"geometry":{"type":"Polygon","coordinates":[[[-72.3947986,-8.3480593],[-72.3867025,-8.3481287],[-72.3866559,-8.3427276],[-72.3947519,-8.3426583],[-72.3947986,-8.3480593]]]}},{"type":"Feature","id":"AC-Y644-X245","properties":{"id":"AC-Y644-X245","grid_x":245,"grid_y":644,"centroid":[-72.3826312,-8.3454627],"aggregation":"none","score_gradboost":0.0300455,"score_random_forest":0.034655,"score_logistic_regression":0.2647418,"score_fuzzy_knn_k29":0.0472926},"geometry":{"type":"Polygon","coordinates":[[[-72.3867025,-8.3481287],[-72.3786064,-8.3481979],[-72.3785599,-8.3427967],[-72.3866559,-8.3427276],[-72.3867025,-8.3481287]]]}},{"type":"Feature","id":"AC-Y644-X246","properties":{"id":"AC-Y644-X246","grid_x":246,"grid_y":644,"centroid":[-72.3745351,-8.3455318],"aggregation":"none","score_gradboost":0.026767,"score_random_forest":0.0261181,"score_logistic_regression":0.2849637,"score_fuzzy_knn_k29":0.047274},"geometry":{"type":"Polygon","coordinates":[[[-72.3786064,-8.3481979],[-72.3705102,-8.3482669],[-72.3704638,-8.3428657],[-72.3785599,-8.3427967],[-72.3786064,-8.3481979]]]}},{"type":"Feature","id":"AC-Y644-X247","properties":{"id":"AC-Y644-X247","grid_x":247,"grid_y":644,"centroid":[-72.3664389,-8.3456008],"aggregation":"none","score_gradboost":0.0283715,"score_random_forest":0.0384161,"score_logistic_regression":0.2745128,"score_fuzzy_knn_k29":0.0513279},"geometry":{"type":"Polygon","coordinates":[[[-72.3705102,-8.3482669],[-72.3624139,-8.3483358],[-72.3623676,-8.3429346],[-72.3704638,-8.3428657],[-72.3705102,-8.3482669]]]}},{"type":"Feature","id":"AC-Y644-X248","properties":{"id":"AC-Y644-X248","grid_x":248,"grid_y":644,"centroid":[-72.3583426,-8.3456695],"aggregation":"none","score_gradboost":0.0198218,"score_random_forest":0.02679,"score_logistic_regression":0.2320028,"score_fuzzy_knn_k29":0.0197951},"geometry":{"type":"Polygon","coordinates":[[[-72.3624139,-8.3483358],[-72.3543175,-8.3484045],[-72.3542714,-8.3430032],[-72.3623676,-8.3429346],[-72.3624139,-8.3483358]]]}},{"type":"Feature","id":"AC-Y644-X249","properties":{"id":"AC-Y644-X249","grid_x":249,"grid_y":644,"centroid":[-72.3502463,-8.3457381],"aggregation":"none","score_gradboost":0.0166947,"score_random_forest":0.0218119,"score_logistic_regression":0.240544,"score_fuzzy_knn_k29":0.0206898},"geometry":{"type":"Polygon","coordinates":[[[-72.3543175,-8.3484045],[-72.3462211,-8.348473],[-72.3461751,-8.3430717],[-72.3542714,-8.3430032],[-72.3543175,-8.3484045]]]}},{"type":"Feature","id":"AC-Y644-X250","properties":{"id":"AC-Y644-X250","grid_x":250,"grid_y":644,"centroid":[-72.3421499,-8.3458066],"aggregation":"none","score_gradboost":0.0113637,"score_random_forest":0.0149537,"score_logistic_regression":0.253199,"score_fuzzy_knn_k29":0.0423626},"geometry":{"type":"Polygon","coordinates":[[[-72.3462211,-8.348473],[-72.3381246,-8.3485414],[-72.3380787,-8.34314],[-72.3461751,-8.3430717],[-72.3462211,-8.348473]]]}},{"type":"Feature","id":"AC-Y592-X228","properties":{"id":"AC-Y592-X228","grid_x":228,"grid_y":592,"centroid":[-72.5228156,-8.6250767],"aggregation":"none","score_gradboost":0.0492018,"score_random_forest":0.0230873,"score_logistic_regression":0.0561082,"score_fuzzy_knn_k29":0.048036},"geometry":{"type":"Polygon","coordinates":[[[-72.526891,-8.6277395],[-72.5187902,-8.627814],[-72.5187402,-8.6224137],[-72.5268409,-8.6223393],[-72.526891,-8.6277395]]]}},{"type":"Feature","id":"AC-Y592-X229","properties":{"id":"AC-Y592-X229","grid_x":229,"grid_y":592,"centroid":[-72.5147148,-8.625151],"aggregation":"none","score_gradboost":0.0218508,"score_random_forest":0.0076561,"score_logistic_regression":0.0447931,"score_fuzzy_knn_k29":0.0763607},"geometry":{"type":"Polygon","coordinates":[[[-72.5187902,-8.627814],[-72.5106894,-8.6278883],[-72.5106394,-8.622488],[-72.5187402,-8.6224137],[-72.5187902,-8.627814]]]}},{"type":"Feature","id":"AC-Y592-X230","properties":{"id":"AC-Y592-X230","grid_x":230,"grid_y":592,"centroid":[-72.506614,-8.6252252],"aggregation":"none","score_gradboost":0.0112764,"score_random_forest":0.0032016,"score_logistic_regression":0.038002,"score_fuzzy_knn_k29":0.0657998},"geometry":{"type":"Polygon","coordinates":[[[-72.5106894,-8.6278883],[-72.5025884,-8.6279624],[-72.5025386,-8.622562],[-72.5106394,-8.622488],[-72.5106894,-8.6278883]]]}},{"type":"Feature","id":"AC-Y632-X253","properties":{"id":"AC-Y632-X253","grid_x":253,"grid_y":632,"centroid":[-72.3184102,-8.4108282],"aggregation":"none","score_gradboost":0.0162273,"score_random_forest":0.0427621,"score_logistic_regression":0.2278323,"score_fuzzy_knn_k29":0.0205408},"geometry":{"type":"Polygon","coordinates":[[[-72.3224822,-8.4134947],[-72.3143842,-8.4135631],[-72.3143382,-8.4081617],[-72.3224361,-8.4080933],[-72.3224822,-8.4134947]]]}},{"type":"Feature","id":"AC-Y592-X220","properties":{"id":"AC-Y592-X220","grid_x":220,"grid_y":592,"centroid":[-72.5876192,-8.6244757],"aggregation":"none","score_gradboost":0.0506536,"score_random_forest":0.0570736,"score_logistic_regression":0.0538766,"score_fuzzy_knn_k29":0.1735832},"geometry":{"type":"Polygon","coordinates":[[[-72.5916948,-8.6271377],[-72.5835946,-8.6272136],[-72.5835436,-8.6218137],[-72.5916437,-8.6217379],[-72.5916948,-8.6271377]]]}},{"type":"Feature","id":"AC-Y592-X221","properties":{"id":"AC-Y592-X221","grid_x":221,"grid_y":592,"centroid":[-72.579519,-8.6245515],"aggregation":"none","score_gradboost":0.3009171,"score_random_forest":0.2177799,"score_logistic_regression":0.0585542,"score_fuzzy_knn_k29":0.1710472},"geometry":{"type":"Polygon","coordinates":[[[-72.5835946,-8.6272136],[-72.5754943,-8.6272892],[-72.5754434,-8.6218893],[-72.5835436,-8.6218137],[-72.5835946,-8.6272136]]]}},{"type":"Feature","id":"AC-Y592-X222","properties":{"id":"AC-Y592-X222","grid_x":222,"grid_y":592,"centroid":[-72.5714187,-8.624627],"aggregation":"none","score_gradboost":0.131671,"score_random_forest":0.119894,"score_logistic_regression":0.053204,"score_fuzzy_knn_k29":0.1647327},"geometry":{"type":"Polygon","coordinates":[[[-72.5754943,-8.6272892],[-72.5673939,-8.6273647],[-72.5673432,-8.6219647],[-72.5754434,-8.6218893],[-72.5754943,-8.6272892]]]}},{"type":"Feature","id":"AC-Y592-X223","properties":{"id":"AC-Y592-X223","grid_x":223,"grid_y":592,"centroid":[-72.5633184,-8.6247024],"aggregation":"none","score_gradboost":0.1072802,"score_random_forest":0.1468381,"score_logistic_regression":0.054932,"score_fuzzy_knn_k29":0.1267749},"geometry":{"type":"Polygon","coordinates":[[[-72.5673939,-8.6273647],[-72.5592935,-8.62744],[-72.5592429,-8.62204],[-72.5673432,-8.6219647],[-72.5673939,-8.6273647]]]}},{"type":"Feature","id":"AC-Y592-X224","properties":{"id":"AC-Y592-X224","grid_x":224,"grid_y":592,"centroid":[-72.555218,-8.6247776],"aggregation":"none","score_gradboost":0.1232937,"score_random_forest":0.0931828,"score_logistic_regression":0.0405496,"score_fuzzy_knn_k29":0.1463367},"geometry":{"type":"Polygon","coordinates":[[[-72.5592935,-8.62744],[-72.551193,-8.6275151],[-72.5511425,-8.6221151],[-72.5592429,-8.62204],[-72.5592935,-8.62744]]]}},{"type":"Feature","id":"AC-Y592-X225","properties":{"id":"AC-Y592-X225","grid_x":225,"grid_y":592,"centroid":[-72.5471175,-8.6248526],"aggregation":"none","score_gradboost":0.0952278,"score_random_forest":0.0733382,"score_logistic_regression":0.0433776,"score_fuzzy_knn_k29":0.1424164},"geometry":{"type":"Polygon","coordinates":[[[-72.551193,-8.6275151],[-72.5430924,-8.6275901],[-72.543042,-8.62219],[-72.5511425,-8.6221151],[-72.551193,-8.6275151]]]}},{"type":"Feature","id":"AC-Y592-X226","properties":{"id":"AC-Y592-X226","grid_x":226,"grid_y":592,"centroid":[-72.5390169,-8.6249274],"aggregation":"none","score_gradboost":0.0709848,"score_random_forest":0.0546491,"score_logistic_regression":0.0443685,"score_fuzzy_knn_k29":0.0896113},"geometry":{"type":"Polygon","coordinates":[[[-72.5430924,-8.6275901],[-72.5349918,-8.6276649],[-72.5349415,-8.6222647],[-72.543042,-8.62219],[-72.5430924,-8.6275901]]]}},{"type":"Feature","id":"AC-Y592-X227","properties":{"id":"AC-Y592-X227","grid_x":227,"grid_y":592,"centroid":[-72.5309163,-8.6250021],"aggregation":"none","score_gradboost":0.0545178,"score_random_forest":0.047086,"score_logistic_regression":0.0517413,"score_fuzzy_knn_k29":0.0404618},"geometry":{"type":"Polygon","coordinates":[[[-72.5349918,-8.6276649],[-72.526891,-8.6277395],[-72.5268409,-8.6223393],[-72.5349415,-8.6222647],[-72.5349918,-8.6276649]]]}},{"type":"Feature","id":"AC-Y593-X220","properties":{"id":"AC-Y593-X220","grid_x":220,"grid_y":593,"centroid":[-72.5875682,-8.6190759],"aggregation":"none","score_gradboost":0.0570389,"score_random_forest":0.0606538,"score_logistic_regression":0.0545814,"score_fuzzy_knn_k29":0.1807886},"geometry":{"type":"Polygon","coordinates":[[[-72.5916437,-8.6217379],[-72.5835436,-8.6218137],[-72.5834927,-8.6164138],[-72.5915927,-8.6163381],[-72.5916437,-8.6217379]]]}},{"type":"Feature","id":"AC-Y593-X221","properties":{"id":"AC-Y593-X221","grid_x":221,"grid_y":593,"centroid":[-72.5794681,-8.6191516],"aggregation":"none","score_gradboost":0.1633731,"score_random_forest":0.1574543,"score_logistic_regression":0.063518,"score_fuzzy_knn_k29":0.0583818},"geometry":{"type":"Polygon","coordinates":[[[-72.5835436,-8.6218137],[-72.5754434,-8.6218893],[-72.5753926,-8.6164894],[-72.5834927,-8.6164138],[-72.5835436,-8.6218137]]]}},{"type":"Feature","id":"AC-Y593-X222","properties":{"id":"AC-Y593-X222","grid_x":222,"grid_y":593,"centroid":[-72.5713679,-8.6192271],"aggregation":"none","score_gradboost":0.2064873,"score_random_forest":0.1378977,"score_logistic_regression":0.0728709,"score_fuzzy_knn_k29":0.1064948},"geometry":{"type":"Polygon","coordinates":[[[-72.5754434,-8.6218893],[-72.5673432,-8.6219647],[-72.5672925,-8.6165648],[-72.5753926,-8.6164894],[-72.5754434,-8.6218893]]]}},{"type":"Feature","id":"AC-Y593-X223","properties":{"id":"AC-Y593-X223","grid_x":223,"grid_y":593,"centroid":[-72.5632677,-8.6193024],"aggregation":"none","score_gradboost":0.1352182,"score_random_forest":0.1232939,"score_logistic_regression":0.0585567,"score_fuzzy_knn_k29":0.0655599},"geometry":{"type":"Polygon","coordinates":[[[-72.5673432,-8.6219647],[-72.5592429,-8.62204],[-72.5591923,-8.61664],[-72.5672925,-8.6165648],[-72.5673432,-8.6219647]]]}},{"type":"Feature","id":"AC-Y593-X224","properties":{"id":"AC-Y593-X224","grid_x":224,"grid_y":593,"centroid":[-72.5551674,-8.6193775],"aggregation":"none","score_gradboost":0.1261149,"score_random_forest":0.11656,"score_logistic_regression":0.0425349,"score_fuzzy_knn_k29":0.1510799},"geometry":{"type":"Polygon","coordinates":[[[-72.5592429,-8.62204],[-72.5511425,-8.6221151],[-72.551092,-8.616715],[-72.5591923,-8.61664],[-72.5592429,-8.62204]]]}},{"type":"Feature","id":"AC-Y593-X225","properties":{"id":"AC-Y593-X225","grid_x":225,"grid_y":593,"centroid":[-72.5470671,-8.6194525],"aggregation":"none","score_gradboost":0.0598048,"score_random_forest":0.0574389,"score_logistic_regression":0.0480712,"score_fuzzy_knn_k29":0.1433444},"geometry":{"type":"Polygon","coordinates":[[[-72.5511425,-8.6221151],[-72.543042,-8.62219],[-72.5429917,-8.6167899],[-72.551092,-8.616715],[-72.5511425,-8.6221151]]]}},{"type":"Feature","id":"AC-Y593-X226","properties":{"id":"AC-Y593-X226","grid_x":226,"grid_y":593,"centroid":[-72.5389666,-8.6195273],"aggregation":"none","score_gradboost":0.0204419,"score_random_forest":0.0095521,"score_logistic_regression":0.0375123,"score_fuzzy_knn_k29":0.0431523},"geometry":{"type":"Polygon","coordinates":[[[-72.543042,-8.62219],[-72.5349415,-8.6222647],[-72.5348912,-8.6168646],[-72.5429917,-8.6167899],[-72.543042,-8.62219]]]}},{"type":"Feature","id":"AC-Y593-X227","properties":{"id":"AC-Y593-X227","grid_x":227,"grid_y":593,"centroid":[-72.5308661,-8.619602],"aggregation":"none","score_gradboost":0.0141056,"score_random_forest":0.0029133,"score_logistic_regression":0.0398582,"score_fuzzy_knn_k29":0.0158788},"geometry":{"type":"Polygon","coordinates":[[[-72.5349415,-8.6222647],[-72.5268409,-8.6223393],[-72.5267908,-8.6169391],[-72.5348912,-8.6168646],[-72.5349415,-8.6222647]]]}},{"type":"Feature","id":"AC-Y593-X228","properties":{"id":"AC-Y593-X228","grid_x":228,"grid_y":593,"centroid":[-72.5227655,-8.6196764],"aggregation":"none","score_gradboost":0.0486621,"score_random_forest":0.0234385,"score_logistic_regression":0.0580131,"score_fuzzy_knn_k29":0.0827371},"geometry":{"type":"Polygon","coordinates":[[[-72.5268409,-8.6223393],[-72.5187402,-8.6224137],[-72.5186902,-8.6170135],[-72.5267908,-8.6169391],[-72.5268409,-8.6223393]]]}},{"type":"Feature","id":"AC-Y594-X220","properties":{"id":"AC-Y594-X220","grid_x":220,"grid_y":594,"centroid":[-72.5875172,-8.6136761],"aggregation":"none","score_gradboost":0.1563107,"score_random_forest":0.0931298,"score_logistic_regression":0.0637423,"score_fuzzy_knn_k29":0.1195576},"geometry":{"type":"Polygon","coordinates":[[[-72.5915927,-8.6163381],[-72.5834927,-8.6164138],[-72.5834418,-8.611014],[-72.5915417,-8.6109383],[-72.5915927,-8.6163381]]]}},{"type":"Feature","id":"AC-Y594-X221","properties":{"id":"AC-Y594-X221","grid_x":221,"grid_y":594,"centroid":[-72.5794172,-8.6137517],"aggregation":"none","score_gradboost":0.1508701,"score_random_forest":0.1602655,"score_logistic_regression":0.0667769,"score_fuzzy_knn_k29":0.0513739},"geometry":{"type":"Polygon","coordinates":[[[-72.5834927,-8.6164138],[-72.5753926,-8.6164894],[-72.5753418,-8.6110895],[-72.5834418,-8.611014],[-72.5834927,-8.6164138]]]}},{"type":"Feature","id":"AC-Y594-X222","properties":{"id":"AC-Y594-X222","grid_x":222,"grid_y":594,"centroid":[-72.5713172,-8.6138271],"aggregation":"none","score_gradboost":0.0986019,"score_random_forest":0.0925024,"score_logistic_regression":0.066118,"score_fuzzy_knn_k29":0.1024375},"geometry":{"type":"Polygon","coordinates":[[[-72.5753926,-8.6164894],[-72.5672925,-8.6165648],[-72.5672418,-8.6111648],[-72.5753418,-8.6110895],[-72.5753926,-8.6164894]]]}},{"type":"Feature","id":"AC-Y594-X223","properties":{"id":"AC-Y594-X223","grid_x":223,"grid_y":594,"centroid":[-72.5632171,-8.6139024],"aggregation":"none","score_gradboost":0.131671,"score_random_forest":0.1061453,"score_logistic_regression":0.0504958,"score_fuzzy_knn_k29":0.1291691},"geometry":{"type":"Polygon","coordinates":[[[-72.5672925,-8.6165648],[-72.5591923,-8.61664],[-72.5591417,-8.61124],[-72.5672418,-8.6111648],[-72.5672925,-8.6165648]]]}},{"type":"Feature","id":"AC-Y594-X224","properties":{"id":"AC-Y594-X224","grid_x":224,"grid_y":594,"centroid":[-72.5551169,-8.6139775],"aggregation":"none","score_gradboost":0.1818776,"score_random_forest":0.1907753,"score_logistic_regression":0.0480838,"score_fuzzy_knn_k29":0.1577407},"geometry":{"type":"Polygon","coordinates":[[[-72.5591923,-8.61664],[-72.551092,-8.616715],[-72.5510416,-8.611315],[-72.5591417,-8.61124],[-72.5591923,-8.61664]]]}},{"type":"Feature","id":"AC-Y594-X225","properties":{"id":"AC-Y594-X225","grid_x":225,"grid_y":594,"centroid":[-72.5470167,-8.6140524],"aggregation":"none","score_gradboost":0.0706116,"score_random_forest":0.0586467,"score_logistic_regression":0.0451635,"score_fuzzy_knn_k29":0.1010161},"geometry":{"type":"Polygon","coordinates":[[[-72.551092,-8.616715],[-72.5429917,-8.6167899],[-72.5429413,-8.6113898],[-72.5510416,-8.611315],[-72.551092,-8.616715]]]}},{"type":"Feature","id":"AC-Y594-X226","properties":{"id":"AC-Y594-X226","grid_x":226,"grid_y":594,"centroid":[-72.5389163,-8.6141272],"aggregation":"none","score_gradboost":0.0290337,"score_random_forest":0.0238256,"score_logistic_regression":0.046532,"score_fuzzy_knn_k29":0.0388487},"geometry":{"type":"Polygon","coordinates":[[[-72.5429917,-8.6167899],[-72.5348912,-8.6168646],[-72.534841,-8.6114644],[-72.5429413,-8.6113898],[-72.5429917,-8.6167899]]]}},{"type":"Feature","id":"AC-Y594-X227","properties":{"id":"AC-Y594-X227","grid_x":227,"grid_y":594,"centroid":[-72.5308159,-8.6142018],"aggregation":"none","score_gradboost":0.0260675,"score_random_forest":0.012076,"score_logistic_regression":0.0436763,"score_fuzzy_knn_k29":0.0400893},"geometry":{"type":"Polygon","coordinates":[[[-72.5348912,-8.6168646],[-72.5267908,-8.6169391],[-72.5267407,-8.6115389],[-72.534841,-8.6114644],[-72.5348912,-8.6168646]]]}},{"type":"Feature","id":"AC-Y594-X228","properties":{"id":"AC-Y594-X228","grid_x":228,"grid_y":594,"centroid":[-72.5227155,-8.6142762],"aggregation":"none","score_gradboost":0.0517771,"score_random_forest":0.0225703,"score_logistic_regression":0.0558193,"score_fuzzy_knn_k29":0.1335678},"geometry":{"type":"Polygon","coordinates":[[[-72.5267908,-8.6169391],[-72.5186902,-8.6170135],[-72.5186402,-8.6116132],[-72.5267407,-8.6115389],[-72.5267908,-8.6169391]]]}},{"type":"Feature","id":"AC-Y595-X220","properties":{"id":"AC-Y595-X220","grid_x":220,"grid_y":595,"centroid":[-72.5874663,-8.6082762],"aggregation":"none","score_gradboost":0.3116012,"score_random_forest":0.2113973,"score_logistic_regression":0.0566928,"score_fuzzy_knn_k29":0.1541257},"geometry":{"type":"Polygon","coordinates":[[[-72.5915417,-8.6109383],[-72.5834418,-8.611014],[-72.5833909,-8.6056141],[-72.5914907,-8.6055385],[-72.5915417,-8.6109383]]]}},{"type":"Feature","id":"AC-Y595-X221","properties":{"id":"AC-Y595-X221","grid_x":221,"grid_y":595,"centroid":[-72.5793664,-8.6083518],"aggregation":"none","score_gradboost":0.1679041,"score_random_forest":0.1086935,"score_logistic_regression":0.0660937,"score_fuzzy_knn_k29":0.0529819},"geometry":{"type":"Polygon","coordinates":[[[-72.5834418,-8.611014],[-72.5753418,-8.6110895],[-72.5752911,-8.6056896],[-72.5833909,-8.6056141],[-72.5834418,-8.611014]]]}},{"type":"Feature","id":"AC-Y595-X222","properties":{"id":"AC-Y595-X222","grid_x":222,"grid_y":595,"centroid":[-72.5712665,-8.6084272],"aggregation":"none","score_gradboost":0.1064067,"score_random_forest":0.0898667,"score_logistic_regression":0.0505282,"score_fuzzy_knn_k29":0.1271216},"geometry":{"type":"Polygon","coordinates":[[[-72.5753418,-8.6110895],[-72.5672418,-8.6111648],[-72.5671912,-8.6057648],[-72.5752911,-8.6056896],[-72.5753418,-8.6110895]]]}},{"type":"Feature","id":"AC-Y595-X223","properties":{"id":"AC-Y595-X223","grid_x":223,"grid_y":595,"centroid":[-72.5631665,-8.6085024],"aggregation":"none","score_gradboost":0.1183418,"score_random_forest":0.1279746,"score_logistic_regression":0.0484028,"score_fuzzy_knn_k29":0.1392558},"geometry":{"type":"Polygon","coordinates":[[[-72.5672418,-8.6111648],[-72.5591417,-8.61124],[-72.5590912,-8.60584],[-72.5671912,-8.6057648],[-72.5672418,-8.6111648]]]}},{"type":"Feature","id":"AC-Y595-X224","properties":{"id":"AC-Y595-X224","grid_x":224,"grid_y":595,"centroid":[-72.5550664,-8.6085775],"aggregation":"none","score_gradboost":0.101857,"score_random_forest":0.0862769,"score_logistic_regression":0.0462316,"score_fuzzy_knn_k29":0.1477841},"geometry":{"type":"Polygon","coordinates":[[[-72.5591417,-8.61124],[-72.5510416,-8.611315],[-72.5509912,-8.6059149],[-72.5590912,-8.60584],[-72.5591417,-8.61124]]]}},{"type":"Feature","id":"AC-Y595-X225","properties":{"id":"AC-Y595-X225","grid_x":225,"grid_y":595,"centroid":[-72.5469663,-8.6086524],"aggregation":"none","score_gradboost":0.0754766,"score_random_forest":0.0917985,"score_logistic_regression":0.0510749,"score_fuzzy_knn_k29":0.0985514},"geometry":{"type":"Polygon","coordinates":[[[-72.5510416,-8.611315],[-72.5429413,-8.6113898],[-72.5428911,-8.6059897],[-72.5509912,-8.6059149],[-72.5510416,-8.611315]]]}},{"type":"Feature","id":"AC-Y595-X226","properties":{"id":"AC-Y595-X226","grid_x":226,"grid_y":595,"centroid":[-72.5388661,-8.6087271],"aggregation":"none","score_gradboost":0.0306428,"score_random_forest":0.013551,"score_logistic_regression":0.0453496,"score_fuzzy_knn_k29":0.0342392},"geometry":{"type":"Polygon","coordinates":[[[-72.5429413,-8.6113898],[-72.534841,-8.6114644],[-72.5347909,-8.6060643],[-72.5428911,-8.6059897],[-72.5429413,-8.6113898]]]}},{"type":"Feature","id":"AC-Y595-X227","properties":{"id":"AC-Y595-X227","grid_x":227,"grid_y":595,"centroid":[-72.5307658,-8.6088016],"aggregation":"none","score_gradboost":0.0492018,"score_random_forest":0.0226584,"score_logistic_regression":0.0551306,"score_fuzzy_knn_k29":0.0652834},"geometry":{"type":"Polygon","coordinates":[[[-72.534841,-8.6114644],[-72.5267407,-8.6115389],[-72.5266906,-8.6061387],[-72.5347909,-8.6060643],[-72.534841,-8.6114644]]]}},{"type":"Feature","id":"AC-Y596-X220","properties":{"id":"AC-Y596-X220","grid_x":220,"grid_y":596,"centroid":[-72.5874154,-8.6028764],"aggregation":"none","score_gradboost":0.1633731,"score_random_forest":0.1857909,"score_logistic_regression":0.05835,"score_fuzzy_knn_k29":0.1005556},"geometry":{"type":"Polygon","coordinates":[[[-72.5914907,-8.6055385],[-72.5833909,-8.6056141],[-72.5833401,-8.6002142],[-72.5914397,-8.6001387],[-72.5914907,-8.6055385]]]}},{"type":"Feature","id":"AC-Y596-X221","properties":{"id":"AC-Y596-X221","grid_x":221,"grid_y":596,"centroid":[-72.5793156,-8.6029519],"aggregation":"none","score_gradboost":0.1283405,"score_random_forest":0.1232939,"score_logistic_regression":0.0577616,"score_fuzzy_knn_k29":0.0631983},"geometry":{"type":"Polygon","coordinates":[[[-72.5833909,-8.6056141],[-72.5752911,-8.6056896],[-72.5752404,-8.6002896],[-72.5833401,-8.6002142],[-72.5833909,-8.6056141]]]}},{"type":"Feature","id":"AC-Y596-X222","properties":{"id":"AC-Y596-X222","grid_x":222,"grid_y":596,"centroid":[-72.5712158,-8.6030273],"aggregation":"none","score_gradboost":0.1862346,"score_random_forest":0.1031888,"score_logistic_regression":0.0512607,"score_fuzzy_knn_k29":0.1152549},"geometry":{"type":"Polygon","coordinates":[[[-72.5752911,-8.6056896],[-72.5671912,-8.6057648],[-72.5671406,-8.6003649],[-72.5752404,-8.6002896],[-72.5752911,-8.6056896]]]}},{"type":"Feature","id":"AC-Y596-X223","properties":{"id":"AC-Y596-X223","grid_x":223,"grid_y":596,"centroid":[-72.5631159,-8.6031024],"aggregation":"none","score_gradboost":0.2839381,"score_random_forest":0.2090763,"score_logistic_regression":0.0526671,"score_fuzzy_knn_k29":0.1242663},"geometry":{"type":"Polygon","coordinates":[[[-72.5671912,-8.6057648],[-72.5590912,-8.60584],[-72.5590407,-8.60044],[-72.5671406,-8.6003649],[-72.5671912,-8.6057648]]]}},{"type":"Feature","id":"AC-Y596-X224","properties":{"id":"AC-Y596-X224","grid_x":224,"grid_y":596,"centroid":[-72.555016,-8.6031774],"aggregation":"none","score_gradboost":0.0859292,"score_random_forest":0.0678864,"score_logistic_regression":0.0533127,"score_fuzzy_knn_k29":0.1061744},"geometry":{"type":"Polygon","coordinates":[[[-72.5590912,-8.60584],[-72.5509912,-8.6059149],[-72.5509408,-8.6005149],[-72.5590407,-8.60044],[-72.5590912,-8.60584]]]}},{"type":"Feature","id":"AC-Y596-X225","properties":{"id":"AC-Y596-X225","grid_x":225,"grid_y":596,"centroid":[-72.546916,-8.6032523],"aggregation":"none","score_gradboost":0.0517559,"score_random_forest":0.0472817,"score_logistic_regression":0.0589778,"score_fuzzy_knn_k29":0.0215136},"geometry":{"type":"Polygon","coordinates":[[[-72.5509912,-8.6059149],[-72.5428911,-8.6059897],[-72.5428408,-8.6005896],[-72.5509408,-8.6005149],[-72.5509912,-8.6059149]]]}},{"type":"Feature","id":"AC-Y596-X226","properties":{"id":"AC-Y596-X226","grid_x":226,"grid_y":596,"centroid":[-72.5388159,-8.6033269],"aggregation":"none","score_gradboost":0.038284,"score_random_forest":0.0180865,"score_logistic_regression":0.0616372,"score_fuzzy_knn_k29":0.0511216},"geometry":{"type":"Polygon","coordinates":[[[-72.5428911,-8.6059897],[-72.5347909,-8.6060643],[-72.5347407,-8.6006641],[-72.5428408,-8.6005896],[-72.5428911,-8.6059897]]]}},{"type":"Feature","id":"AC-Y597-X220","properties":{"id":"AC-Y597-X220","grid_x":220,"grid_y":597,"centroid":[-72.5873645,-8.5974765],"aggregation":"none","score_gradboost":0.1894469,"score_random_forest":0.1303384,"score_logistic_regression":0.0503435,"score_fuzzy_knn_k29":0.1532967},"geometry":{"type":"Polygon","coordinates":[[[-72.5914397,-8.6001387],[-72.5833401,-8.6002142],[-72.5832893,-8.5948144],[-72.5913888,-8.5947388],[-72.5914397,-8.6001387]]]}},{"type":"Feature","id":"AC-Y597-X221","properties":{"id":"AC-Y597-X221","grid_x":221,"grid_y":597,"centroid":[-72.5792649,-8.597552],"aggregation":"none","score_gradboost":0.1011792,"score_random_forest":0.1090429,"score_logistic_regression":0.0576801,"score_fuzzy_knn_k29":0.0676233},"geometry":{"type":"Polygon","coordinates":[[[-72.5833401,-8.6002142],[-72.5752404,-8.6002896],[-72.5751897,-8.5948897],[-72.5832893,-8.5948144],[-72.5833401,-8.6002142]]]}},{"type":"Feature","id":"AC-Y597-X222","properties":{"id":"AC-Y597-X222","grid_x":222,"grid_y":597,"centroid":[-72.5711652,-8.5976273],"aggregation":"none","score_gradboost":0.1301149,"score_random_forest":0.1028741,"score_logistic_regression":0.0480221,"score_fuzzy_knn_k29":0.105014},"geometry":{"type":"Polygon","coordinates":[[[-72.5752404,-8.6002896],[-72.5671406,-8.6003649],[-72.56709,-8.5949649],[-72.5751897,-8.5948897],[-72.5752404,-8.6002896]]]}},{"type":"Feature","id":"AC-Y597-X223","properties":{"id":"AC-Y597-X223","grid_x":223,"grid_y":597,"centroid":[-72.5630654,-8.5977024],"aggregation":"none","score_gradboost":0.1842111,"score_random_forest":0.0996795,"score_logistic_regression":0.0596319,"score_fuzzy_knn_k29":0.083467},"geometry":{"type":"Polygon","coordinates":[[[-72.5671406,-8.6003649],[-72.5590407,-8.60044],[-72.5589903,-8.5950399],[-72.56709,-8.5949649],[-72.5671406,-8.6003649]]]}},{"type":"Feature","id":"AC-Y597-X224","properties":{"id":"AC-Y597-X224","grid_x":224,"grid_y":597,"centroid":[-72.5549656,-8.5977774],"aggregation":"none","score_gradboost":0.0731672,"score_random_forest":0.0848381,"score_logistic_regression":0.0491928,"score_fuzzy_knn_k29":0.1070458},"geometry":{"type":"Polygon","coordinates":[[[-72.5590407,-8.60044],[-72.5509408,-8.6005149],[-72.5508905,-8.5951148],[-72.5589903,-8.5950399],[-72.5590407,-8.60044]]]}},{"type":"Feature","id":"AC-Y597-X225","properties":{"id":"AC-Y597-X225","grid_x":225,"grid_y":597,"centroid":[-72.5468657,-8.5978522],"aggregation":"none","score_gradboost":0.0431213,"score_random_forest":0.029077,"score_logistic_regression":0.0565777,"score_fuzzy_knn_k29":0.0339655},"geometry":{"type":"Polygon","coordinates":[[[-72.5509408,-8.6005149],[-72.5428408,-8.6005896],[-72.5427906,-8.5951895],[-72.5508905,-8.5951148],[-72.5509408,-8.6005149]]]}},{"type":"Feature","id":"AC-Y597-X226","properties":{"id":"AC-Y597-X226","grid_x":226,"grid_y":597,"centroid":[-72.5387657,-8.5979268],"aggregation":"none","score_gradboost":0.0284526,"score_random_forest":0.0174974,"score_logistic_regression":0.0458199,"score_fuzzy_knn_k29":0.0751095},"geometry":{"type":"Polygon","coordinates":[[[-72.5428408,-8.6005896],[-72.5347407,-8.6006641],[-72.5346906,-8.595264],[-72.5427906,-8.5951895],[-72.5428408,-8.6005896]]]}},{"type":"Feature","id":"AC-Y598-X220","properties":{"id":"AC-Y598-X220","grid_x":220,"grid_y":598,"centroid":[-72.5873137,-8.5920767],"aggregation":"none","score_gradboost":0.1746548,"score_random_forest":0.1534954,"score_logistic_regression":0.0510686,"score_fuzzy_knn_k29":0.1311203},"geometry":{"type":"Polygon","coordinates":[[[-72.5913888,-8.5947388],[-72.5832893,-8.5948144],[-72.5832385,-8.5894145],[-72.591338,-8.589339],[-72.5913888,-8.5947388]]]}},{"type":"Feature","id":"AC-Y598-X221","properties":{"id":"AC-Y598-X221","grid_x":221,"grid_y":598,"centroid":[-72.5792142,-8.5921521],"aggregation":"none","score_gradboost":0.0997691,"score_random_forest":0.0923447,"score_logistic_regression":0.0631258,"score_fuzzy_knn_k29":0.0896146},"geometry":{"type":"Polygon","coordinates":[[[-72.5832893,-8.5948144],[-72.5751897,-8.5948897],[-72.5751391,-8.5894898],[-72.5832385,-8.5894145],[-72.5832893,-8.5948144]]]}},{"type":"Feature","id":"AC-Y598-X222","properties":{"id":"AC-Y598-X222","grid_x":222,"grid_y":598,"centroid":[-72.5711146,-8.5922274],"aggregation":"none","score_gradboost":0.1244707,"score_random_forest":0.1612807,"score_logistic_regression":0.055866,"score_fuzzy_knn_k29":0.0426865},"geometry":{"type":"Polygon","coordinates":[[[-72.5751897,-8.5948897],[-72.56709,-8.5949649],[-72.5670395,-8.589565],[-72.5751391,-8.5894898],[-72.5751897,-8.5948897]]]}},{"type":"Feature","id":"AC-Y598-X223","properties":{"id":"AC-Y598-X223","grid_x":223,"grid_y":598,"centroid":[-72.5630149,-8.5923025],"aggregation":"none","score_gradboost":0.1625764,"score_random_forest":0.0795062,"score_logistic_regression":0.0577564,"score_fuzzy_knn_k29":0.0850143},"geometry":{"type":"Polygon","coordinates":[[[-72.56709,-8.5949649],[-72.5589903,-8.5950399],[-72.5589399,-8.5896399],[-72.5670395,-8.589565],[-72.56709,-8.5949649]]]}},{"type":"Feature","id":"AC-Y598-X224","properties":{"id":"AC-Y598-X224","grid_x":224,"grid_y":598,"centroid":[-72.5549152,-8.5923774],"aggregation":"none","score_gradboost":0.0611016,"score_random_forest":0.0850854,"score_logistic_regression":0.0630183,"score_fuzzy_knn_k29":0.0152381},"geometry":{"type":"Polygon","coordinates":[[[-72.5589903,-8.5950399],[-72.5508905,-8.5951148],[-72.5508402,-8.5897147],[-72.5589399,-8.5896399],[-72.5589903,-8.5950399]]]}},{"type":"Feature","id":"AC-Y598-X225","properties":{"id":"AC-Y598-X225","grid_x":225,"grid_y":598,"centroid":[-72.5468154,-8.5924521],"aggregation":"none","score_gradboost":0.0362598,"score_random_forest":0.0193033,"score_logistic_regression":0.0562418,"score_fuzzy_knn_k29":0.0475237},"geometry":{"type":"Polygon","coordinates":[[[-72.5508905,-8.5951148],[-72.5427906,-8.5951895],[-72.5427404,-8.5897894],[-72.5508402,-8.5897147],[-72.5508905,-8.5951148]]]}},{"type":"Feature","id":"AC-Y599-X220","properties":{"id":"AC-Y599-X220","grid_x":220,"grid_y":599,"centroid":[-72.5872629,-8.5866769],"aggregation":"none","score_gradboost":0.1697372,"score_random_forest":0.1159075,"score_logistic_regression":0.0595376,"score_fuzzy_knn_k29":0.0},"geometry":{"type":"Polygon","coordinates":[[[-72.591338,-8.589339],[-72.5832385,-8.5894145],[-72.5831878,-8.5840146],[-72.5912871,-8.5839392],[-72.591338,-8.589339]]]}},{"type":"Feature","id":"AC-Y599-X221","properties":{"id":"AC-Y599-X221","grid_x":221,"grid_y":599,"centroid":[-72.5791635,-8.5867522],"aggregation":"none","score_gradboost":0.1023734,"score_random_forest":0.1185418,"score_logistic_regression":0.0536931,"score_fuzzy_knn_k29":0.0791962},"geometry":{"type":"Polygon","coordinates":[[[-72.5832385,-8.5894145],[-72.5751391,-8.5894898],[-72.5750885,-8.5840899],[-72.5831878,-8.5840146],[-72.5832385,-8.5894145]]]}},{"type":"Feature","id":"AC-Y599-X222","properties":{"id":"AC-Y599-X222","grid_x":222,"grid_y":599,"centroid":[-72.571064,-8.5868274],"aggregation":"none","score_gradboost":0.1647431,"score_random_forest":0.1681397,"score_logistic_regression":0.0615801,"score_fuzzy_knn_k29":0.0568925},"geometry":{"type":"Polygon","coordinates":[[[-72.5751391,-8.5894898],[-72.5670395,-8.589565],[-72.566989,-8.584165],[-72.5750885,-8.5840899],[-72.5751391,-8.5894898]]]}},{"type":"Feature","id":"AC-Y599-X223","properties":{"id":"AC-Y599-X223","grid_x":223,"grid_y":599,"centroid":[-72.5629645,-8.5869025],"aggregation":"none","score_gradboost":0.101857,"score_random_forest":0.0908492,"score_logistic_regression":0.0432434,"score_fuzzy_knn_k29":0.1314845},"geometry":{"type":"Polygon","coordinates":[[[-72.5670395,-8.589565],[-72.5589399,-8.5896399],[-72.5588895,-8.5842399],[-72.566989,-8.584165],[-72.5670395,-8.589565]]]}},{"type":"Feature","id":"AC-Y599-X224","properties":{"id":"AC-Y599-X224","grid_x":224,"grid_y":599,"centroid":[-72.5548649,-8.5869773],"aggregation":"none","score_gradboost":0.0366479,"score_random_forest":0.0306625,"score_logistic_regression":0.0447183,"score_fuzzy_knn_k29":0.072989},"geometry":{"type":"Polygon","coordinates":[[[-72.5589399,-8.5896399],[-72.5508402,-8.5897147],[-72.5507899,-8.5843147],[-72.5588895,-8.5842399],[-72.5589399,-8.5896399]]]}},{"type":"Feature","id":"AC-Y599-X225","properties":{"id":"AC-Y599-X225","grid_x":225,"grid_y":599,"centroid":[-72.5467652,-8.587052],"aggregation":"none","score_gradboost":0.0269467,"score_random_forest":0.0177313,"score_logistic_regression":0.0445528,"score_fuzzy_knn_k29":0.0666053},"geometry":{"type":"Polygon","coordinates":[[[-72.5508402,-8.5897147],[-72.5427404,-8.5897894],[-72.5426902,-8.5843893],[-72.5507899,-8.5843147],[-72.5508402,-8.5897147]]]}},{"type":"Feature","id":"AC-Y600-X220","properties":{"id":"AC-Y600-X220","grid_x":220,"grid_y":600,"centroid":[-72.5872121,-8.581277],"aggregation":"none","score_gradboost":0.1334041,"score_random_forest":0.1004502,"score_logistic_regression":0.0624016,"score_fuzzy_knn_k29":0.0728235},"geometry":{"type":"Polygon","coordinates":[[[-72.5912871,-8.5839392],[-72.5831878,-8.5840146],[-72.5831371,-8.5786148],[-72.5912363,-8.5785394],[-72.5912871,-8.5839392]]]}},{"type":"Feature","id":"AC-Y600-X221","properties":{"id":"AC-Y600-X221","grid_x":221,"grid_y":600,"centroid":[-72.5791128,-8.5813523],"aggregation":"none","score_gradboost":0.1805125,"score_random_forest":0.1302689,"score_logistic_regression":0.0572842,"score_fuzzy_knn_k29":0.0239126},"geometry":{"type":"Polygon","coordinates":[[[-72.5831878,-8.5840146],[-72.5750885,-8.5840899],[-72.5750379,-8.57869],[-72.5831371,-8.5786148],[-72.5831878,-8.5840146]]]}},{"type":"Feature","id":"AC-Y600-X222","properties":{"id":"AC-Y600-X222","grid_x":222,"grid_y":600,"centroid":[-72.5710135,-8.5814275],"aggregation":"none","score_gradboost":0.2568157,"score_random_forest":0.2157152,"score_logistic_regression":0.0570593,"score_fuzzy_knn_k29":0.0715897},"geometry":{"type":"Polygon","coordinates":[[[-72.5750885,-8.5840899],[-72.566989,-8.584165],[-72.5669385,-8.578765],[-72.5750379,-8.57869],[-72.5750885,-8.5840899]]]}},{"type":"Feature","id":"AC-Y600-X223","properties":{"id":"AC-Y600-X223","grid_x":223,"grid_y":600,"centroid":[-72.5629141,-8.5815025],"aggregation":"none","score_gradboost":0.0624886,"score_random_forest":0.0574389,"score_logistic_regression":0.0453318,"score_fuzzy_knn_k29":0.119881},"geometry":{"type":"Polygon","coordinates":[[[-72.566989,-8.584165],[-72.5588895,-8.5842399],[-72.5588391,-8.5788399],[-72.5669385,-8.578765],[-72.566989,-8.584165]]]}},{"type":"Feature","id":"AC-Y600-X224","properties":{"id":"AC-Y600-X224","grid_x":224,"grid_y":600,"centroid":[-72.5548146,-8.5815773],"aggregation":"none","score_gradboost":0.0366479,"score_random_forest":0.0296218,"score_logistic_regression":0.0442364,"score_fuzzy_knn_k29":0.0654629},"geometry":{"type":"Polygon","coordinates":[[[-72.5588895,-8.5842399],[-72.5507899,-8.5843147],[-72.5507397,-8.5789146],[-72.5588391,-8.5788399],[-72.5588895,-8.5842399]]]}},{"type":"Feature","id":"AC-Y601-X220","properties":{"id":"AC-Y601-X220","grid_x":220,"grid_y":601,"centroid":[-72.5871614,-8.5758772],"aggregation":"none","score_gradboost":0.1540778,"score_random_forest":0.1586471,"score_logistic_regression":0.0702432,"score_fuzzy_knn_k29":0.0877873},"geometry":{"type":"Polygon","coordinates":[[[-72.5912363,-8.5785394],[-72.5831371,-8.5786148],[-72.5830865,-8.5732149],[-72.5911855,-8.5731395],[-72.5912363,-8.5785394]]]}},{"type":"Feature","id":"AC-Y601-X221","properties":{"id":"AC-Y601-X221","grid_x":221,"grid_y":601,"centroid":[-72.5790622,-8.5759524],"aggregation":"none","score_gradboost":0.1610894,"score_random_forest":0.141282,"score_logistic_regression":0.0646765,"score_fuzzy_knn_k29":0.0857402},"geometry":{"type":"Polygon","coordinates":[[[-72.5831371,-8.5786148],[-72.5750379,-8.57869],[-72.5749873,-8.57329],[-72.5830865,-8.5732149],[-72.5831371,-8.5786148]]]}},{"type":"Feature","id":"AC-Y601-X222","properties":{"id":"AC-Y601-X222","grid_x":222,"grid_y":601,"centroid":[-72.570963,-8.5760275],"aggregation":"none","score_gradboost":0.3798711,"score_random_forest":0.2527804,"score_logistic_regression":0.0478856,"score_fuzzy_knn_k29":0.118638},"geometry":{"type":"Polygon","coordinates":[[[-72.5750379,-8.57869],[-72.5669385,-8.578765],[-72.5668881,-8.573365],[-72.5749873,-8.57329],[-72.5750379,-8.57869]]]}},{"type":"Feature","id":"AC-Y601-X223","properties":{"id":"AC-Y601-X223","grid_x":223,"grid_y":601,"centroid":[-72.5628637,-8.5761025],"aggregation":"none","score_gradboost":0.0813776,"score_random_forest":0.074102,"score_logistic_regression":0.0504057,"score_fuzzy_knn_k29":0.0838968},"geometry":{"type":"Polygon","coordinates":[[[-72.5669385,-8.578765],[-72.5588391,-8.5788399],[-72.5587888,-8.5734399],[-72.5668881,-8.573365],[-72.5669385,-8.578765]]]}},{"type":"Feature","id":"AC-Y601-X224","properties":{"id":"AC-Y601-X224","grid_x":224,"grid_y":601,"centroid":[-72.5547643,-8.5761772],"aggregation":"none","score_gradboost":0.0545178,"score_random_forest":0.0418701,"score_logistic_regression":0.0500074,"score_fuzzy_knn_k29":0.0376915},"geometry":{"type":"Polygon","coordinates":[[[-72.5588391,-8.5788399],[-72.5507397,-8.5789146],[-72.5506895,-8.5735145],[-72.5587888,-8.5734399],[-72.5588391,-8.5788399]]]}},{"type":"Feature","id":"AC-Y602-X220","properties":{"id":"AC-Y602-X220","grid_x":220,"grid_y":602,"centroid":[-72.5871107,-8.5704773],"aggregation":"none","score_gradboost":0.1647599,"score_random_forest":0.2043363,"score_logistic_regression":0.077388,"score_fuzzy_knn_k29":0.0057854},"geometry":{"type":"Polygon","coordinates":[[[-72.5911855,-8.5731395],[-72.5830865,-8.5732149],[-72.5830358,-8.567815],[-72.5911348,-8.5677397],[-72.5911855,-8.5731395]]]}},{"type":"Feature","id":"AC-Y602-X221","properties":{"id":"AC-Y602-X221","grid_x":221,"grid_y":602,"centroid":[-72.5790116,-8.5705525],"aggregation":"none","score_gradboost":0.1874512,"score_random_forest":0.1518487,"score_logistic_regression":0.0479305,"score_fuzzy_knn_k29":0.1054415},"geometry":{"type":"Polygon","coordinates":[[[-72.5830865,-8.5732149],[-72.5749873,-8.57329],[-72.5749368,-8.5678901],[-72.5830358,-8.567815],[-72.5830865,-8.5732149]]]}},{"type":"Feature","id":"AC-Y602-X222","properties":{"id":"AC-Y602-X222","grid_x":222,"grid_y":602,"centroid":[-72.5709125,-8.5706276],"aggregation":"none","score_gradboost":0.1231067,"score_random_forest":0.0779394,"score_logistic_regression":0.0494318,"score_fuzzy_knn_k29":0.1026651},"geometry":{"type":"Polygon","coordinates":[[[-72.5749873,-8.57329],[-72.5668881,-8.573365],[-72.5668377,-8.5679651],[-72.5749368,-8.5678901],[-72.5749873,-8.57329]]]}},{"type":"Feature","id":"AC-Y602-X223","properties":{"id":"AC-Y602-X223","grid_x":223,"grid_y":602,"centroid":[-72.5628133,-8.5707025],"aggregation":"none","score_gradboost":0.0611016,"score_random_forest":0.0871337,"score_logistic_regression":0.0568226,"score_fuzzy_knn_k29":0.0183572},"geometry":{"type":"Polygon","coordinates":[[[-72.5668881,-8.573365],[-72.5587888,-8.5734399],[-72.5587385,-8.5680399],[-72.5668377,-8.5679651],[-72.5668881,-8.573365]]]}},{"type":"Feature","id":"AC-Y603-X220","properties":{"id":"AC-Y603-X220","grid_x":220,"grid_y":603,"centroid":[-72.58706,-8.5650775],"aggregation":"none","score_gradboost":0.1864412,"score_random_forest":0.1418535,"score_logistic_regression":0.0563209,"score_fuzzy_knn_k29":0.0401985},"geometry":{"type":"Polygon","coordinates":[[[-72.5911348,-8.5677397],[-72.5830358,-8.567815],[-72.5829852,-8.5624151],[-72.5910841,-8.5623399],[-72.5911348,-8.5677397]]]}},{"type":"Feature","id":"AC-Y603-X221","properties":{"id":"AC-Y603-X221","grid_x":221,"grid_y":603,"centroid":[-72.5789611,-8.5651526],"aggregation":"none","score_gradboost":0.2076937,"score_random_forest":0.2555976,"score_logistic_regression":0.0492565,"score_fuzzy_knn_k29":0.0987543},"geometry":{"type":"Polygon","coordinates":[[[-72.5830358,-8.567815],[-72.5749368,-8.5678901],[-72.5748863,-8.5624902],[-72.5829852,-8.5624151],[-72.5830358,-8.567815]]]}},{"type":"Feature","id":"AC-Y603-X222","properties":{"id":"AC-Y603-X222","grid_x":222,"grid_y":603,"centroid":[-72.5708621,-8.5652276],"aggregation":"none","score_gradboost":0.0724645,"score_random_forest":0.0606868,"score_logistic_regression":0.0558841,"score_fuzzy_knn_k29":0.055877},"geometry":{"type":"Polygon","coordinates":[[[-72.5749368,-8.5678901],[-72.5668377,-8.5679651],[-72.5667873,-8.5625651],[-72.5748863,-8.5624902],[-72.5749368,-8.5678901]]]}},{"type":"Feature","id":"AC-Y604-X220","properties":{"id":"AC-Y604-X220","grid_x":220,"grid_y":604,"centroid":[-72.5870094,-8.5596776],"aggregation":"none","score_gradboost":0.1888493,"score_random_forest":0.2365328,"score_logistic_regression":0.0495835,"score_fuzzy_knn_k29":0.0850798},"geometry":{"type":"Polygon","coordinates":[[[-72.5910841,-8.5623399],[-72.5829852,-8.5624151],[-72.5829347,-8.5570152],[-72.5910334,-8.55694],[-72.5910841,-8.5623399]]]}},{"type":"Feature","id":"AC-Y604-X221","properties":{"id":"AC-Y604-X221","grid_x":221,"grid_y":604,"centroid":[-72.5789105,-8.5597527],"aggregation":"none","score_gradboost":0.3814752,"score_random_forest":0.3205362,"score_logistic_regression":0.0498406,"score_fuzzy_knn_k29":0.0943631},"geometry":{"type":"Polygon","coordinates":[[[-72.5829852,-8.5624151],[-72.5748863,-8.5624902],[-72.5748359,-8.5570903],[-72.5829347,-8.5570152],[-72.5829852,-8.5624151]]]}},{"type":"Feature","id":"AC-Y633-X253","properties":{"id":"AC-Y633-X253","grid_x":253,"grid_y":633,"centroid":[-72.3183642,-8.4054268],"aggregation":"none","score_gradboost":0.0150042,"score_random_forest":0.0378405,"score_logistic_regression":0.2488982,"score_fuzzy_knn_k29":0.0279377},"geometry":{"type":"Polygon","coordinates":[[[-72.3224361,-8.4080933],[-72.3143382,-8.4081617],[-72.3142923,-8.4027602],[-72.3223901,-8.4026919],[-72.3224361,-8.4080933]]]}},{"type":"Feature","id":"AC-Y634-X253","properties":{"id":"AC-Y634-X253","grid_x":253,"grid_y":634,"centroid":[-72.3183182,-8.4000253],"aggregation":"none","score_gradboost":0.0162273,"score_random_forest":0.0442949,"score_logistic_regression":0.2382847,"score_fuzzy_knn_k29":0.0197715},"geometry":{"type":"Polygon","coordinates":[[[-72.3223901,-8.4026919],[-72.3142923,-8.4027602],[-72.3142464,-8.3973587],[-72.3223441,-8.3972905],[-72.3223901,-8.4026919]]]}},{"type":"Feature","id":"AC-Y635-X253","properties":{"id":"AC-Y635-X253","grid_x":253,"grid_y":635,"centroid":[-72.3182723,-8.3946239],"aggregation":"none","score_gradboost":0.0170357,"score_random_forest":0.0467992,"score_logistic_regression":0.2385319,"score_fuzzy_knn_k29":0.0199613},"geometry":{"type":"Polygon","coordinates":[[[-72.3223441,-8.3972905],[-72.3142464,-8.3973587],[-72.3142005,-8.3919573],[-72.3222981,-8.391889],[-72.3223441,-8.3972905]]]}},{"type":"Feature","id":"AC-Y593-X251","properties":{"id":"AC-Y593-X251","grid_x":251,"grid_y":593,"centroid":[-72.3364323,-8.6213423],"aggregation":"none","score_gradboost":0.0318321,"score_random_forest":0.0528769,"score_logistic_regression":0.0487362,"score_fuzzy_knn_k29":0.1658849},"geometry":{"type":"Polygon","coordinates":[[[-72.3405072,-8.6240076],[-72.3324049,-8.6240781],[-72.3323575,-8.6186768],[-72.3404597,-8.6186064],[-72.3405072,-8.6240076]]]}},{"type":"Feature","id":"AC-Y593-X252","properties":{"id":"AC-Y593-X252","grid_x":252,"grid_y":593,"centroid":[-72.32833,-8.6214126],"aggregation":"none","score_gradboost":0.0232017,"score_random_forest":0.0310559,"score_logistic_regression":0.0366053,"score_fuzzy_knn_k29":0.0370499},"geometry":{"type":"Polygon","coordinates":[[[-72.3324049,-8.6240781],[-72.3243025,-8.6241484],[-72.3242552,-8.6187471],[-72.3323575,-8.6186768],[-72.3324049,-8.6240781]]]}},{"type":"Feature","id":"AC-Y593-X253","properties":{"id":"AC-Y593-X253","grid_x":253,"grid_y":593,"centroid":[-72.3202277,-8.6214829],"aggregation":"none","score_gradboost":0.0160866,"score_random_forest":0.015467,"score_logistic_regression":0.0361556,"score_fuzzy_knn_k29":0.0195251},"geometry":{"type":"Polygon","coordinates":[[[-72.3243025,-8.6241484],[-72.3162,-8.6242186],[-72.3161529,-8.6188172],[-72.3242552,-8.6187471],[-72.3243025,-8.6241484]]]}},{"type":"Feature","id":"AC-Y593-X254","properties":{"id":"AC-Y593-X254","grid_x":254,"grid_y":593,"centroid":[-72.3121253,-8.6215529],"aggregation":"none","score_gradboost":0.0239748,"score_random_forest":0.0432974,"score_logistic_regression":0.0345341,"score_fuzzy_knn_k29":0.0184079},"geometry":{"type":"Polygon","coordinates":[[[-72.3162,-8.6242186],[-72.3080975,-8.6242886],[-72.3080505,-8.6188871],[-72.3161529,-8.6188172],[-72.3162,-8.6242186]]]}},{"type":"Feature","id":"AC-Y594-X251","properties":{"id":"AC-Y594-X251","grid_x":251,"grid_y":594,"centroid":[-72.3363849,-8.615941],"aggregation":"none","score_gradboost":0.0350508,"score_random_forest":0.0626868,"score_logistic_regression":0.0527186,"score_fuzzy_knn_k29":0.1045728},"geometry":{"type":"Polygon","coordinates":[[[-72.3404597,-8.6186064],[-72.3323575,-8.6186768],[-72.3323101,-8.6132755],[-72.3404122,-8.6132051],[-72.3404597,-8.6186064]]]}},{"type":"Feature","id":"AC-Y594-X252","properties":{"id":"AC-Y594-X252","grid_x":252,"grid_y":594,"centroid":[-72.3282827,-8.6160113],"aggregation":"none","score_gradboost":0.0145921,"score_random_forest":0.0203343,"score_logistic_regression":0.0315732,"score_fuzzy_knn_k29":0.0},"geometry":{"type":"Polygon","coordinates":[[[-72.3323575,-8.6186768],[-72.3242552,-8.6187471],[-72.324208,-8.6133457],[-72.3323101,-8.6132755],[-72.3323575,-8.6186768]]]}},{"type":"Feature","id":"AC-Y594-X253","properties":{"id":"AC-Y594-X253","grid_x":253,"grid_y":594,"centroid":[-72.3201805,-8.6160815],"aggregation":"none","score_gradboost":0.0099726,"score_random_forest":0.0138523,"score_logistic_regression":0.0406263,"score_fuzzy_knn_k29":0.0168515},"geometry":{"type":"Polygon","coordinates":[[[-72.3242552,-8.6187471],[-72.3161529,-8.6188172],[-72.3161058,-8.6134158],[-72.324208,-8.6133457],[-72.3242552,-8.6187471]]]}},{"type":"Feature","id":"AC-Y594-X254","properties":{"id":"AC-Y594-X254","grid_x":254,"grid_y":594,"centroid":[-72.3120782,-8.6161515],"aggregation":"none","score_gradboost":0.0099726,"score_random_forest":0.0185339,"score_logistic_regression":0.0316147,"score_fuzzy_knn_k29":0.0},"geometry":{"type":"Polygon","coordinates":[[[-72.3161529,-8.6188172],[-72.3080505,-8.6188871],[-72.3080035,-8.6134857],[-72.3161058,-8.6134158],[-72.3161529,-8.6188172]]]}},{"type":"Feature","id":"AC-Y595-X252","properties":{"id":"AC-Y595-X252","grid_x":252,"grid_y":595,"centroid":[-72.3282355,-8.61061],"aggregation":"none","score_gradboost":0.0147205,"score_random_forest":0.0286572,"score_logistic_regression":0.047719,"score_fuzzy_knn_k29":0.0165182},"geometry":{"type":"Polygon","coordinates":[[[-72.3323101,-8.6132755],[-72.324208,-8.6133457],[-72.3241608,-8.6079444],[-72.3322628,-8.6078742],[-72.3323101,-8.6132755]]]}},{"type":"Feature","id":"AC-Y595-X253","properties":{"id":"AC-Y595-X253","grid_x":253,"grid_y":595,"centroid":[-72.3201333,-8.6106801],"aggregation":"none","score_gradboost":0.0075682,"score_random_forest":0.0087571,"score_logistic_regression":0.035831,"score_fuzzy_knn_k29":0.0},"geometry":{"type":"Polygon","coordinates":[[[-72.324208,-8.6133457],[-72.3161058,-8.6134158],[-72.3160587,-8.6080144],[-72.3241608,-8.6079444],[-72.324208,-8.6133457]]]}},{"type":"Feature","id":"AC-Y595-X254","properties":{"id":"AC-Y595-X254","grid_x":254,"grid_y":595,"centroid":[-72.3120311,-8.6107501],"aggregation":"none","score_gradboost":0.0078933,"score_random_forest":0.0116999,"score_logistic_regression":0.045304,"score_fuzzy_knn_k29":0.0131476},"geometry":{"type":"Polygon","coordinates":[[[-72.3161058,-8.6134158],[-72.3080035,-8.6134857],[-72.3079565,-8.6080843],[-72.3160587,-8.6080144],[-72.3161058,-8.6134158]]]}},{"type":"Feature","id":"AC-Y596-X252","properties":{"id":"AC-Y596-X252","grid_x":252,"grid_y":596,"centroid":[-72.3281882,-8.6052087],"aggregation":"none","score_gradboost":0.0079951,"score_random_forest":0.0271849,"score_logistic_regression":0.0461625,"score_fuzzy_knn_k29":0.0097193},"geometry":{"type":"Polygon","coordinates":[[[-72.3322628,-8.6078742],[-72.3241608,-8.6079444],[-72.3241136,-8.6025431],[-72.3322156,-8.6024729],[-72.3322628,-8.6078742]]]}},{"type":"Feature","id":"AC-Y596-X253","properties":{"id":"AC-Y596-X253","grid_x":253,"grid_y":596,"centroid":[-72.3200862,-8.6052787],"aggregation":"none","score_gradboost":0.0070938,"score_random_forest":0.0289002,"score_logistic_regression":0.0346362,"score_fuzzy_knn_k29":0.0},"geometry":{"type":"Polygon","coordinates":[[[-72.3241608,-8.6079444],[-72.3160587,-8.6080144],[-72.3160117,-8.602613],[-72.3241136,-8.6025431],[-72.3241608,-8.6079444]]]}},{"type":"Feature","id":"AC-Y596-X254","properties":{"id":"AC-Y596-X254","grid_x":254,"grid_y":596,"centroid":[-72.3119841,-8.6053487],"aggregation":"none","score_gradboost":0.0085396,"score_random_forest":0.0023814,"score_logistic_regression":0.0319599,"score_fuzzy_knn_k29":0.0},"geometry":{"type":"Polygon","coordinates":[[[-72.3160587,-8.6080144],[-72.3079565,-8.6080843],[-72.3079096,-8.6026828],[-72.3160117,-8.602613],[-72.3160587,-8.6080144]]]}},{"type":"Feature","id":"AC-Y597-X252","properties":{"id":"AC-Y597-X252","grid_x":252,"grid_y":597,"centroid":[-72.328141,-8.5998073],"aggregation":"none","score_gradboost":0.0071854,"score_random_forest":0.048178,"score_logistic_regression":0.0385019,"score_fuzzy_knn_k29":0.0},"geometry":{"type":"Polygon","coordinates":[[[-72.3322156,-8.6024729],[-72.3241136,-8.6025431],[-72.3240665,-8.5971417],[-72.3321683,-8.5970716],[-72.3322156,-8.6024729]]]}},{"type":"Feature","id":"AC-Y597-X253","properties":{"id":"AC-Y597-X253","grid_x":253,"grid_y":597,"centroid":[-72.3200391,-8.5998774],"aggregation":"none","score_gradboost":0.0071854,"score_random_forest":0.049271,"score_logistic_regression":0.0374175,"score_fuzzy_knn_k29":0.0},"geometry":{"type":"Polygon","coordinates":[[[-72.3241136,-8.6025431],[-72.3160117,-8.602613],[-72.3159646,-8.5972116],[-72.3240665,-8.5971417],[-72.3241136,-8.6025431]]]}},{"type":"Feature","id":"AC-Y597-X254","properties":{"id":"AC-Y597-X254","grid_x":254,"grid_y":597,"centroid":[-72.3119372,-8.5999472],"aggregation":"none","score_gradboost":0.0133881,"score_random_forest":0.0851942,"score_logistic_regression":0.0521014,"score_fuzzy_knn_k29":0.0},"geometry":{"type":"Polygon","coordinates":[[[-72.3160117,-8.602613],[-72.3079096,-8.6026828],[-72.3078627,-8.5972814],[-72.3159646,-8.5972116],[-72.3160117,-8.602613]]]}},{"type":"Feature","id":"AC-Y598-X253","properties":{"id":"AC-Y598-X253","grid_x":253,"grid_y":598,"centroid":[-72.3199921,-8.594476],"aggregation":"none","score_gradboost":0.0215286,"score_random_forest":0.0704307,"score_logistic_regression":0.040438,"score_fuzzy_knn_k29":0.0},"geometry":{"type":"Polygon","coordinates":[[[-72.3240665,-8.5971417],[-72.3159646,-8.5972116],[-72.3159176,-8.5918102],[-72.3240194,-8.5917403],[-72.3240665,-8.5971417]]]}},{"type":"Feature","id":"AC-Y598-X254","properties":{"id":"AC-Y598-X254","grid_x":254,"grid_y":598,"centroid":[-72.3118902,-8.5945458],"aggregation":"none","score_gradboost":0.0079384,"score_random_forest":0.0342556,"score_logistic_regression":0.0277954,"score_fuzzy_knn_k29":0.0},"geometry":{"type":"Polygon","coordinates":[[[-72.3159646,-8.5972116],[-72.3078627,-8.5972814],[-72.3078158,-8.5918799],[-72.3159176,-8.5918102],[-72.3159646,-8.5972116]]]}},{"type":"Feature","id":"AC-Y599-X253","properties":{"id":"AC-Y599-X253","grid_x":253,"grid_y":599,"centroid":[-72.319945,-8.5890746],"aggregation":"none","score_gradboost":0.02273,"score_random_forest":0.045075,"score_logistic_regression":0.0429075,"score_fuzzy_knn_k29":0.0},"geometry":{"type":"Polygon","coordinates":[[[-72.3240194,-8.5917403],[-72.3159176,-8.5918102],[-72.3158707,-8.5864088],[-72.3239723,-8.586339],[-72.3240194,-8.5917403]]]}},{"type":"Feature","id":"AC-Y599-X254","properties":{"id":"AC-Y599-X254","grid_x":254,"grid_y":599,"centroid":[-72.3118433,-8.5891444],"aggregation":"none","score_gradboost":0.0194176,"score_random_forest":0.0335233,"score_logistic_regression":0.0391625,"score_fuzzy_knn_k29":0.0},"geometry":{"type":"Polygon","coordinates":[[[-72.3159176,-8.5918102],[-72.3078158,-8.5918799],[-72.307769,-8.5864785],[-72.3158707,-8.5864088],[-72.3159176,-8.5918102]]]}},{"type":"Feature","id":"AC-Y600-X254","properties":{"id":"AC-Y600-X254","grid_x":254,"grid_y":600,"centroid":[-72.3117964,-8.583743],"aggregation":"none","score_gradboost":0.0078804,"score_random_forest":0.0033408,"score_logistic_regression":0.0372314,"score_fuzzy_knn_k29":0.0},"geometry":{"type":"Polygon","coordinates":[[[-72.3158707,-8.5864088],[-72.307769,-8.5864785],[-72.3077222,-8.5810771],[-72.3158238,-8.5810074],[-72.3158707,-8.5864088]]]}},{"type":"Feature","id":"AC-Y601-X254","properties":{"id":"AC-Y601-X254","grid_x":254,"grid_y":601,"centroid":[-72.3117495,-8.5783415],"aggregation":"none","score_gradboost":0.0079079,"score_random_forest":0.0018592,"score_logistic_regression":0.0328374,"score_fuzzy_knn_k29":0.0},"geometry":{"type":"Polygon","coordinates":[[[-72.3158238,-8.5810074],[-72.3077222,-8.5810771],[-72.3076754,-8.5756756],[-72.3157769,-8.575606],[-72.3158238,-8.5810074]]]}},{"type":"Feature","id":"AC-Y593-X242","properties":{"id":"AC-Y593-X242","grid_x":242,"grid_y":593,"centroid":[-72.4093497,-8.6207011],"aggregation":"none","score_gradboost":0.0076157,"score_random_forest":0.0113126,"score_logistic_regression":0.0548288,"score_fuzzy_knn_k29":0.0172857},"geometry":{"type":"Polygon","coordinates":[[[-72.4134248,-8.6233655],[-72.4053231,-8.6234376],[-72.4052747,-8.6180367],[-72.4133763,-8.6179647],[-72.4134248,-8.6233655]]]}},{"type":"Feature","id":"AC-Y593-X243","properties":{"id":"AC-Y593-X243","grid_x":243,"grid_y":593,"centroid":[-72.4012481,-8.6207731],"aggregation":"none","score_gradboost":0.010397,"score_random_forest":0.0075731,"score_logistic_regression":0.0592903,"score_fuzzy_knn_k29":0.0391195},"geometry":{"type":"Polygon","coordinates":[[[-72.4053231,-8.6234376],[-72.3972214,-8.6235094],[-72.3971731,-8.6181085],[-72.4052747,-8.6180367],[-72.4053231,-8.6234376]]]}},{"type":"Feature","id":"AC-Y593-X244","properties":{"id":"AC-Y593-X244","grid_x":244,"grid_y":593,"centroid":[-72.3931464,-8.6208448],"aggregation":"none","score_gradboost":0.0493346,"score_random_forest":0.0625315,"score_logistic_regression":0.0640361,"score_fuzzy_knn_k29":0.1279396},"geometry":{"type":"Polygon","coordinates":[[[-72.3972214,-8.6235094],[-72.3891196,-8.6235811],[-72.3890714,-8.6181801],[-72.3971731,-8.6181085],[-72.3972214,-8.6235094]]]}},{"type":"Feature","id":"AC-Y593-X245","properties":{"id":"AC-Y593-X245","grid_x":245,"grid_y":593,"centroid":[-72.3850446,-8.6209164],"aggregation":"none","score_gradboost":0.1951748,"score_random_forest":0.2256292,"score_logistic_regression":0.0644937,"score_fuzzy_knn_k29":0.0547229},"geometry":{"type":"Polygon","coordinates":[[[-72.3891196,-8.6235811],[-72.3810177,-8.6236526],[-72.3809696,-8.6182516],[-72.3890714,-8.6181801],[-72.3891196,-8.6235811]]]}},{"type":"Feature","id":"AC-Y593-X246","properties":{"id":"AC-Y593-X246","grid_x":246,"grid_y":593,"centroid":[-72.3769427,-8.6209878],"aggregation":"none","score_gradboost":0.240951,"score_random_forest":0.3394385,"score_logistic_regression":0.1775602,"score_fuzzy_knn_k29":0.2774566},"geometry":{"type":"Polygon","coordinates":[[[-72.3810177,-8.6236526],[-72.3729157,-8.623724],[-72.3728678,-8.6183229],[-72.3809696,-8.6182516],[-72.3810177,-8.6236526]]]}},{"type":"Feature","id":"AC-Y593-X247","properties":{"id":"AC-Y593-X247","grid_x":247,"grid_y":593,"centroid":[-72.3688407,-8.621059],"aggregation":"none","score_gradboost":0.2863417,"score_random_forest":0.3652864,"score_logistic_regression":0.1517732,"score_fuzzy_knn_k29":0.2318551},"geometry":{"type":"Polygon","coordinates":[[[-72.3729157,-8.623724],[-72.3648137,-8.6237951],[-72.3647658,-8.618394],[-72.3728678,-8.6183229],[-72.3729157,-8.623724]]]}},{"type":"Feature","id":"AC-Y593-X248","properties":{"id":"AC-Y593-X248","grid_x":248,"grid_y":593,"centroid":[-72.3607387,-8.6211301],"aggregation":"none","score_gradboost":0.217184,"score_random_forest":0.2044504,"score_logistic_regression":0.0576479,"score_fuzzy_knn_k29":0.183072},"geometry":{"type":"Polygon","coordinates":[[[-72.3648137,-8.6237951],[-72.3567116,-8.6238661],[-72.3566639,-8.618465],[-72.3647658,-8.618394],[-72.3648137,-8.6237951]]]}},{"type":"Feature","id":"AC-Y593-X249","properties":{"id":"AC-Y593-X249","grid_x":249,"grid_y":593,"centroid":[-72.3526367,-8.621201],"aggregation":"none","score_gradboost":0.3041907,"score_random_forest":0.2826255,"score_logistic_regression":0.0567273,"score_fuzzy_knn_k29":0.2106048},"geometry":{"type":"Polygon","coordinates":[[[-72.3567116,-8.6238661],[-72.3486094,-8.623937],[-72.3485618,-8.6185358],[-72.3566639,-8.618465],[-72.3567116,-8.6238661]]]}},{"type":"Feature","id":"AC-Y593-X250","properties":{"id":"AC-Y593-X250","grid_x":250,"grid_y":593,"centroid":[-72.3445345,-8.6212717],"aggregation":"none","score_gradboost":0.2371785,"score_random_forest":0.1264148,"score_logistic_regression":0.0604249,"score_fuzzy_knn_k29":0.2722815},"geometry":{"type":"Polygon","coordinates":[[[-72.3486094,-8.623937],[-72.3405072,-8.6240076],[-72.3404597,-8.6186064],[-72.3485618,-8.6185358],[-72.3486094,-8.623937]]]}},{"type":"Feature","id":"AC-Y594-X243","properties":{"id":"AC-Y594-X243","grid_x":243,"grid_y":594,"centroid":[-72.4011997,-8.6153721],"aggregation":"none","score_gradboost":0.0145994,"score_random_forest":0.011737,"score_logistic_regression":0.0577802,"score_fuzzy_knn_k29":0.0878795},"geometry":{"type":"Polygon","coordinates":[[[-72.4052747,-8.6180367],[-72.3971731,-8.6181085],[-72.3971248,-8.6127075],[-72.4052263,-8.6126358],[-72.4052747,-8.6180367]]]}},{"type":"Feature","id":"AC-Y594-X244","properties":{"id":"AC-Y594-X244","grid_x":244,"grid_y":594,"centroid":[-72.3930981,-8.6154438],"aggregation":"none","score_gradboost":0.110519,"score_random_forest":0.0748107,"score_logistic_regression":0.061392,"score_fuzzy_knn_k29":0.1305302},"geometry":{"type":"Polygon","coordinates":[[[-72.3971731,-8.6181085],[-72.3890714,-8.6181801],[-72.3890232,-8.6127791],[-72.3971248,-8.6127075],[-72.3971731,-8.6181085]]]}},{"type":"Feature","id":"AC-Y594-X245","properties":{"id":"AC-Y594-X245","grid_x":245,"grid_y":594,"centroid":[-72.3849965,-8.6155154],"aggregation":"none","score_gradboost":0.1169553,"score_random_forest":0.1409574,"score_logistic_regression":0.0572629,"score_fuzzy_knn_k29":0.1608456},"geometry":{"type":"Polygon","coordinates":[[[-72.3890714,-8.6181801],[-72.3809696,-8.6182516],[-72.3809216,-8.6128506],[-72.3890232,-8.6127791],[-72.3890714,-8.6181801]]]}},{"type":"Feature","id":"AC-Y594-X246","properties":{"id":"AC-Y594-X246","grid_x":246,"grid_y":594,"centroid":[-72.3768947,-8.6155867],"aggregation":"none","score_gradboost":0.2906316,"score_random_forest":0.2419993,"score_logistic_regression":0.071784,"score_fuzzy_knn_k29":0.2844982},"geometry":{"type":"Polygon","coordinates":[[[-72.3809696,-8.6182516],[-72.3728678,-8.6183229],[-72.3728198,-8.6129218],[-72.3809216,-8.6128506],[-72.3809696,-8.6182516]]]}},{"type":"Feature","id":"AC-Y594-X247","properties":{"id":"AC-Y594-X247","grid_x":247,"grid_y":594,"centroid":[-72.3687929,-8.6156579],"aggregation":"none","score_gradboost":0.2539912,"score_random_forest":0.3513533,"score_logistic_regression":0.1714373,"score_fuzzy_knn_k29":0.2829743},"geometry":{"type":"Polygon","coordinates":[[[-72.3728678,-8.6183229],[-72.3647658,-8.618394],[-72.364718,-8.6129929],[-72.3728198,-8.6129218],[-72.3728678,-8.6183229]]]}},{"type":"Feature","id":"AC-Y594-X248","properties":{"id":"AC-Y594-X248","grid_x":248,"grid_y":594,"centroid":[-72.360691,-8.6157289],"aggregation":"none","score_gradboost":0.2475749,"score_random_forest":0.1089028,"score_logistic_regression":0.0513884,"score_fuzzy_knn_k29":0.2076598},"geometry":{"type":"Polygon","coordinates":[[[-72.3647658,-8.618394],[-72.3566639,-8.618465],[-72.3566162,-8.6130638],[-72.364718,-8.6129929],[-72.3647658,-8.618394]]]}},{"type":"Feature","id":"AC-Y594-X249","properties":{"id":"AC-Y594-X249","grid_x":249,"grid_y":594,"centroid":[-72.352589,-8.6157998],"aggregation":"none","score_gradboost":0.0677071,"score_random_forest":0.1125167,"score_logistic_regression":0.0453773,"score_fuzzy_knn_k29":0.135282},"geometry":{"type":"Polygon","coordinates":[[[-72.3566639,-8.618465],[-72.3485618,-8.6185358],[-72.3485142,-8.6131345],[-72.3566162,-8.6130638],[-72.3566639,-8.618465]]]}},{"type":"Feature","id":"AC-Y594-X250","properties":{"id":"AC-Y594-X250","grid_x":250,"grid_y":594,"centroid":[-72.344487,-8.6158705],"aggregation":"none","score_gradboost":0.0296958,"score_random_forest":0.0432455,"score_logistic_regression":0.045576,"score_fuzzy_knn_k29":0.0971933},"geometry":{"type":"Polygon","coordinates":[[[-72.3485618,-8.6185358],[-72.3404597,-8.6186064],[-72.3404122,-8.6132051],[-72.3485142,-8.6131345],[-72.3485618,-8.6185358]]]}},{"type":"Feature","id":"AC-Y595-X244","properties":{"id":"AC-Y595-X244","grid_x":244,"grid_y":595,"centroid":[-72.39305,-8.6100429],"aggregation":"none","score_gradboost":0.155477,"score_random_forest":0.2304921,"score_logistic_regression":0.0631367,"score_fuzzy_knn_k29":0.0122007},"geometry":{"type":"Polygon","coordinates":[[[-72.3971248,-8.6127075],[-72.3890232,-8.6127791],[-72.3889751,-8.6073781],[-72.3970766,-8.6073066],[-72.3971248,-8.6127075]]]}},{"type":"Feature","id":"AC-Y595-X245","properties":{"id":"AC-Y595-X245","grid_x":245,"grid_y":595,"centroid":[-72.3849484,-8.6101144],"aggregation":"none","score_gradboost":0.2305408,"score_random_forest":0.2514275,"score_logistic_regression":0.0661136,"score_fuzzy_knn_k29":0.1701904},"geometry":{"type":"Polygon","coordinates":[[[-72.3890232,-8.6127791],[-72.3809216,-8.6128506],[-72.3808736,-8.6074495],[-72.3889751,-8.6073781],[-72.3890232,-8.6127791]]]}},{"type":"Feature","id":"AC-Y595-X246","properties":{"id":"AC-Y595-X246","grid_x":246,"grid_y":595,"centroid":[-72.3768467,-8.6101857],"aggregation":"none","score_gradboost":0.2374394,"score_random_forest":0.2146739,"score_logistic_regression":0.0694565,"score_fuzzy_knn_k29":0.2792414},"geometry":{"type":"Polygon","coordinates":[[[-72.3809216,-8.6128506],[-72.3728198,-8.6129218],[-72.372772,-8.6075207],[-72.3808736,-8.6074495],[-72.3809216,-8.6128506]]]}},{"type":"Feature","id":"AC-Y595-X247","properties":{"id":"AC-Y595-X247","grid_x":247,"grid_y":595,"centroid":[-72.368745,-8.6102568],"aggregation":"none","score_gradboost":0.0694456,"score_random_forest":0.0721138,"score_logistic_regression":0.0451104,"score_fuzzy_knn_k29":0.0750477},"geometry":{"type":"Polygon","coordinates":[[[-72.3728198,-8.6129218],[-72.364718,-8.6129929],[-72.3646703,-8.6075918],[-72.372772,-8.6075207],[-72.3728198,-8.6129218]]]}},{"type":"Feature","id":"AC-Y595-X248","properties":{"id":"AC-Y595-X248","grid_x":248,"grid_y":595,"centroid":[-72.3606433,-8.6103278],"aggregation":"none","score_gradboost":0.3113482,"score_random_forest":0.3169289,"score_logistic_regression":0.0637238,"score_fuzzy_knn_k29":0.2038888},"geometry":{"type":"Polygon","coordinates":[[[-72.364718,-8.6129929],[-72.3566162,-8.6130638],[-72.3565685,-8.6076626],[-72.3646703,-8.6075918],[-72.364718,-8.6129929]]]}},{"type":"Feature","id":"AC-Y595-X249","properties":{"id":"AC-Y595-X249","grid_x":249,"grid_y":595,"centroid":[-72.3525414,-8.6103986],"aggregation":"none","score_gradboost":0.2553578,"score_random_forest":0.1183255,"score_logistic_regression":0.0533886,"score_fuzzy_knn_k29":0.1934806},"geometry":{"type":"Polygon","coordinates":[[[-72.3566162,-8.6130638],[-72.3485142,-8.6131345],[-72.3484667,-8.6077333],[-72.3565685,-8.6076626],[-72.3566162,-8.6130638]]]}},{"type":"Feature","id":"AC-Y595-X250","properties":{"id":"AC-Y595-X250","grid_x":250,"grid_y":595,"centroid":[-72.3444395,-8.6104692],"aggregation":"none","score_gradboost":0.0330534,"score_random_forest":0.0518129,"score_logistic_regression":0.044625,"score_fuzzy_knn_k29":0.0511534},"geometry":{"type":"Polygon","coordinates":[[[-72.3485142,-8.6131345],[-72.3404122,-8.6132051],[-72.3403648,-8.6078039],[-72.3484667,-8.6077333],[-72.3485142,-8.6131345]]]}},{"type":"Feature","id":"AC-Y595-X251","properties":{"id":"AC-Y595-X251","grid_x":251,"grid_y":595,"centroid":[-72.3363375,-8.6105397],"aggregation":"none","score_gradboost":0.0144819,"score_random_forest":0.0269371,"score_logistic_regression":0.0456417,"score_fuzzy_knn_k29":0.0184119},"geometry":{"type":"Polygon","coordinates":[[[-72.3404122,-8.6132051],[-72.3323101,-8.6132755],[-72.3322628,-8.6078742],[-72.3403648,-8.6078039],[-72.3404122,-8.6132051]]]}},{"type":"Feature","id":"AC-Y596-X245","properties":{"id":"AC-Y596-X245","grid_x":245,"grid_y":596,"centroid":[-72.3849003,-8.6047134],"aggregation":"none","score_gradboost":0.4521623,"score_random_forest":0.3744374,"score_logistic_regression":0.18512,"score_fuzzy_knn_k29":0.3207658},"geometry":{"type":"Polygon","coordinates":[[[-72.3889751,-8.6073781],[-72.3808736,-8.6074495],[-72.3808256,-8.6020485],[-72.388927,-8.6019772],[-72.3889751,-8.6073781]]]}},{"type":"Feature","id":"AC-Y596-X246","properties":{"id":"AC-Y596-X246","grid_x":246,"grid_y":596,"centroid":[-72.3767988,-8.6047846],"aggregation":"none","score_gradboost":0.0377158,"score_random_forest":0.0665885,"score_logistic_regression":0.0449092,"score_fuzzy_knn_k29":0.0154264},"geometry":{"type":"Polygon","coordinates":[[[-72.3808736,-8.6074495],[-72.372772,-8.6075207],[-72.3727241,-8.6021197],[-72.3808256,-8.6020485],[-72.3808736,-8.6074495]]]}},{"type":"Feature","id":"AC-Y596-X247","properties":{"id":"AC-Y596-X247","grid_x":247,"grid_y":596,"centroid":[-72.3686972,-8.6048557],"aggregation":"none","score_gradboost":0.0620474,"score_random_forest":0.1181155,"score_logistic_regression":0.048831,"score_fuzzy_knn_k29":0.1336654},"geometry":{"type":"Polygon","coordinates":[[[-72.372772,-8.6075207],[-72.3646703,-8.6075918],[-72.3646225,-8.6021906],[-72.3727241,-8.6021197],[-72.372772,-8.6075207]]]}},{"type":"Feature","id":"AC-Y596-X248","properties":{"id":"AC-Y596-X248","grid_x":248,"grid_y":596,"centroid":[-72.3605956,-8.6049266],"aggregation":"none","score_gradboost":0.429575,"score_random_forest":0.3308182,"score_logistic_regression":0.0626657,"score_fuzzy_knn_k29":0.1152315},"geometry":{"type":"Polygon","coordinates":[[[-72.3646703,-8.6075918],[-72.3565685,-8.6076626],[-72.3565209,-8.6022615],[-72.3646225,-8.6021906],[-72.3646703,-8.6075918]]]}},{"type":"Feature","id":"AC-Y596-X249","properties":{"id":"AC-Y596-X249","grid_x":249,"grid_y":596,"centroid":[-72.3524938,-8.6049974],"aggregation":"none","score_gradboost":0.0279825,"score_random_forest":0.0672987,"score_logistic_regression":0.0484935,"score_fuzzy_knn_k29":0.0954129},"geometry":{"type":"Polygon","coordinates":[[[-72.3565685,-8.6076626],[-72.3484667,-8.6077333],[-72.3484192,-8.6023321],[-72.3565209,-8.6022615],[-72.3565685,-8.6076626]]]}},{"type":"Feature","id":"AC-Y596-X250","properties":{"id":"AC-Y596-X250","grid_x":250,"grid_y":596,"centroid":[-72.344392,-8.605068],"aggregation":"none","score_gradboost":0.0137378,"score_random_forest":0.0442812,"score_logistic_regression":0.0405297,"score_fuzzy_knn_k29":0.0202678},"geometry":{"type":"Polygon","coordinates":[[[-72.3484667,-8.6077333],[-72.3403648,-8.6078039],[-72.3403174,-8.6024026],[-72.3484192,-8.6023321],[-72.3484667,-8.6077333]]]}},{"type":"Feature","id":"AC-Y596-X251","properties":{"id":"AC-Y596-X251","grid_x":251,"grid_y":596,"centroid":[-72.3362902,-8.6051384],"aggregation":"none","score_gradboost":0.008287,"score_random_forest":0.040482,"score_logistic_regression":0.0455012,"score_fuzzy_knn_k29":0.0154376},"geometry":{"type":"Polygon","coordinates":[[[-72.3403648,-8.6078039],[-72.3322628,-8.6078742],[-72.3322156,-8.6024729],[-72.3403174,-8.6024026],[-72.3403648,-8.6078039]]]}},{"type":"Feature","id":"AC-Y597-X244","properties":{"id":"AC-Y597-X244","grid_x":244,"grid_y":597,"centroid":[-72.3929537,-8.5992409],"aggregation":"none","score_gradboost":0.1942696,"score_random_forest":0.349996,"score_logistic_regression":0.1787555,"score_fuzzy_knn_k29":0.2705215},"geometry":{"type":"Polygon","coordinates":[[[-72.3970284,-8.6019057],[-72.388927,-8.6019772],[-72.388879,-8.5965762],[-72.3969802,-8.5965047],[-72.3970284,-8.6019057]]]}},{"type":"Feature","id":"AC-Y597-X245","properties":{"id":"AC-Y597-X245","grid_x":245,"grid_y":597,"centroid":[-72.3848523,-8.5993123],"aggregation":"none","score_gradboost":0.1008912,"score_random_forest":0.1201693,"score_logistic_regression":0.0622574,"score_fuzzy_knn_k29":0.1038914},"geometry":{"type":"Polygon","coordinates":[[[-72.388927,-8.6019772],[-72.3808256,-8.6020485],[-72.3807777,-8.5966475],[-72.388879,-8.5965762],[-72.388927,-8.6019772]]]}},{"type":"Feature","id":"AC-Y597-X246","properties":{"id":"AC-Y597-X246","grid_x":246,"grid_y":597,"centroid":[-72.3767509,-8.5993836],"aggregation":"none","score_gradboost":0.0244382,"score_random_forest":0.0596396,"score_logistic_regression":0.0502064,"score_fuzzy_knn_k29":0.1328219},"geometry":{"type":"Polygon","coordinates":[[[-72.3808256,-8.6020485],[-72.3727241,-8.6021197],[-72.3726763,-8.5967186],[-72.3807777,-8.5966475],[-72.3808256,-8.6020485]]]}},{"type":"Feature","id":"AC-Y597-X247","properties":{"id":"AC-Y597-X247","grid_x":247,"grid_y":597,"centroid":[-72.3686494,-8.5994546],"aggregation":"none","score_gradboost":0.0368514,"score_random_forest":0.1338819,"score_logistic_regression":0.0503218,"score_fuzzy_knn_k29":0.1325552},"geometry":{"type":"Polygon","coordinates":[[[-72.3727241,-8.6021197],[-72.3646225,-8.6021906],[-72.3645748,-8.5967895],[-72.3726763,-8.5967186],[-72.3727241,-8.6021197]]]}},{"type":"Feature","id":"AC-Y597-X248","properties":{"id":"AC-Y597-X248","grid_x":248,"grid_y":597,"centroid":[-72.3605479,-8.5995255],"aggregation":"none","score_gradboost":0.0220669,"score_random_forest":0.0748968,"score_logistic_regression":0.0513363,"score_fuzzy_knn_k29":0.1212445},"geometry":{"type":"Polygon","coordinates":[[[-72.3646225,-8.6021906],[-72.3565209,-8.6022615],[-72.3564733,-8.5968603],[-72.3645748,-8.5967895],[-72.3646225,-8.6021906]]]}},{"type":"Feature","id":"AC-Y597-X249","properties":{"id":"AC-Y597-X249","grid_x":249,"grid_y":597,"centroid":[-72.3524463,-8.5995962],"aggregation":"none","score_gradboost":0.015482,"score_random_forest":0.0588313,"score_logistic_regression":0.0503003,"score_fuzzy_knn_k29":0.0576398},"geometry":{"type":"Polygon","coordinates":[[[-72.3565209,-8.6022615],[-72.3484192,-8.6023321],[-72.3483717,-8.5969309],[-72.3564733,-8.5968603],[-72.3565209,-8.6022615]]]}},{"type":"Feature","id":"AC-Y597-X250","properties":{"id":"AC-Y597-X250","grid_x":250,"grid_y":597,"centroid":[-72.3443446,-8.5996668],"aggregation":"none","score_gradboost":0.0181295,"score_random_forest":0.0881942,"score_logistic_regression":0.053253,"score_fuzzy_knn_k29":0.0390347},"geometry":{"type":"Polygon","coordinates":[[[-72.3484192,-8.6023321],[-72.3403174,-8.6024026],[-72.34027,-8.5970013],[-72.3483717,-8.5969309],[-72.3484192,-8.6023321]]]}},{"type":"Feature","id":"AC-Y597-X251","properties":{"id":"AC-Y597-X251","grid_x":251,"grid_y":597,"centroid":[-72.3362428,-8.5997371],"aggregation":"none","score_gradboost":0.0076659,"score_random_forest":0.0533185,"score_logistic_regression":0.0429077,"score_fuzzy_knn_k29":0.0117514},"geometry":{"type":"Polygon","coordinates":[[[-72.3403174,-8.6024026],[-72.3322156,-8.6024729],[-72.3321683,-8.5970716],[-72.34027,-8.5970013],[-72.3403174,-8.6024026]]]}},{"type":"Feature","id":"AC-Y598-X242","properties":{"id":"AC-Y598-X242","grid_x":242,"grid_y":598,"centroid":[-72.4091078,-8.5936968],"aggregation":"none","score_gradboost":0.097701,"score_random_forest":0.0683798,"score_logistic_regression":0.066375,"score_fuzzy_knn_k29":0.1245343},"geometry":{"type":"Polygon","coordinates":[[[-72.4131825,-8.5963613],[-72.4050814,-8.5964331],[-72.4050332,-8.5910322],[-72.4131342,-8.5909604],[-72.4131825,-8.5963613]]]}},{"type":"Feature","id":"AC-Y598-X243","properties":{"id":"AC-Y598-X243","grid_x":243,"grid_y":598,"centroid":[-72.4010067,-8.5937685],"aggregation":"none","score_gradboost":0.1660815,"score_random_forest":0.1943884,"score_logistic_regression":0.0743984,"score_fuzzy_knn_k29":0.1709817},"geometry":{"type":"Polygon","coordinates":[[[-72.4050814,-8.5964331],[-72.3969802,-8.5965047],[-72.3969321,-8.5911038],[-72.4050332,-8.5910322],[-72.4050814,-8.5964331]]]}},{"type":"Feature","id":"AC-Y598-X244","properties":{"id":"AC-Y598-X244","grid_x":244,"grid_y":598,"centroid":[-72.3929056,-8.59384],"aggregation":"none","score_gradboost":0.3710627,"score_random_forest":0.435831,"score_logistic_regression":0.2202135,"score_fuzzy_knn_k29":0.4776792},"geometry":{"type":"Polygon","coordinates":[[[-72.3969802,-8.5965047],[-72.388879,-8.5965762],[-72.388831,-8.5911752],[-72.3969321,-8.5911038],[-72.3969802,-8.5965047]]]}},{"type":"Feature","id":"AC-Y598-X245","properties":{"id":"AC-Y598-X245","grid_x":245,"grid_y":598,"centroid":[-72.3848044,-8.5939113],"aggregation":"none","score_gradboost":0.0403506,"score_random_forest":0.0542723,"score_logistic_regression":0.0536116,"score_fuzzy_knn_k29":0.1545931},"geometry":{"type":"Polygon","coordinates":[[[-72.388879,-8.5965762],[-72.3807777,-8.5966475],[-72.3807298,-8.5912464],[-72.388831,-8.5911752],[-72.388879,-8.5965762]]]}},{"type":"Feature","id":"AC-Y598-X246","properties":{"id":"AC-Y598-X246","grid_x":246,"grid_y":598,"centroid":[-72.3767031,-8.5939825],"aggregation":"none","score_gradboost":0.0332735,"score_random_forest":0.0586049,"score_logistic_regression":0.0501127,"score_fuzzy_knn_k29":0.1201559},"geometry":{"type":"Polygon","coordinates":[[[-72.3807777,-8.5966475],[-72.3726763,-8.5967186],[-72.3726285,-8.5913175],[-72.3807298,-8.5912464],[-72.3807777,-8.5966475]]]}},{"type":"Feature","id":"AC-Y598-X247","properties":{"id":"AC-Y598-X247","grid_x":247,"grid_y":598,"centroid":[-72.3686017,-8.5940535],"aggregation":"none","score_gradboost":0.0218063,"score_random_forest":0.0442263,"score_logistic_regression":0.0561351,"score_fuzzy_knn_k29":0.1372337},"geometry":{"type":"Polygon","coordinates":[[[-72.3726763,-8.5967186],[-72.3645748,-8.5967895],[-72.3645272,-8.5913884],[-72.3726285,-8.5913175],[-72.3726763,-8.5967186]]]}},{"type":"Feature","id":"AC-Y598-X248","properties":{"id":"AC-Y598-X248","grid_x":248,"grid_y":598,"centroid":[-72.3605003,-8.5941243],"aggregation":"none","score_gradboost":0.0169888,"score_random_forest":0.0279385,"score_logistic_regression":0.0523527,"score_fuzzy_knn_k29":0.0595771},"geometry":{"type":"Polygon","coordinates":[[[-72.3645748,-8.5967895],[-72.3564733,-8.5968603],[-72.3564257,-8.5914591],[-72.3645272,-8.5913884],[-72.3645748,-8.5967895]]]}},{"type":"Feature","id":"AC-Y598-X249","properties":{"id":"AC-Y598-X249","grid_x":249,"grid_y":598,"centroid":[-72.3523988,-8.594195],"aggregation":"none","score_gradboost":0.0360368,"score_random_forest":0.083329,"score_logistic_regression":0.0627348,"score_fuzzy_knn_k29":0.0597257},"geometry":{"type":"Polygon","coordinates":[[[-72.3564733,-8.5968603],[-72.3483717,-8.5969309],[-72.3483243,-8.5915297],[-72.3564257,-8.5914591],[-72.3564733,-8.5968603]]]}},{"type":"Feature","id":"AC-Y598-X250","properties":{"id":"AC-Y598-X250","grid_x":250,"grid_y":598,"centroid":[-72.3442972,-8.5942655],"aggregation":"none","score_gradboost":0.0081806,"score_random_forest":0.0275265,"score_logistic_regression":0.0522032,"score_fuzzy_knn_k29":0.0174541},"geometry":{"type":"Polygon","coordinates":[[[-72.3483717,-8.5969309],[-72.34027,-8.5970013],[-72.3402227,-8.5916001],[-72.3483243,-8.5915297],[-72.3483717,-8.5969309]]]}},{"type":"Feature","id":"AC-Y598-X251","properties":{"id":"AC-Y598-X251","grid_x":251,"grid_y":598,"centroid":[-72.3361955,-8.5943358],"aggregation":"none","score_gradboost":0.0064372,"score_random_forest":0.0251251,"score_logistic_regression":0.0468674,"score_fuzzy_knn_k29":0.0},"geometry":{"type":"Polygon","coordinates":[[[-72.34027,-8.5970013],[-72.3321683,-8.5970716],[-72.3321211,-8.5916703],[-72.3402227,-8.5916001],[-72.34027,-8.5970013]]]}},{"type":"Feature","id":"AC-Y598-X252","properties":{"id":"AC-Y598-X252","grid_x":252,"grid_y":598,"centroid":[-72.3280938,-8.594406],"aggregation":"none","score_gradboost":0.0076752,"score_random_forest":0.0159826,"score_logistic_regression":0.0318524,"score_fuzzy_knn_k29":0.0},"geometry":{"type":"Polygon","coordinates":[[[-72.3321683,-8.5970716],[-72.3240665,-8.5971417],[-72.3240194,-8.5917403],[-72.3321211,-8.5916703],[-72.3321683,-8.5970716]]]}},{"type":"Feature","id":"AC-Y599-X241","properties":{"id":"AC-Y599-X241","grid_x":241,"grid_y":599,"centroid":[-72.4171604,-8.5882241],"aggregation":"none","score_gradboost":0.0331111,"score_random_forest":0.0731693,"score_logistic_regression":0.0315467,"score_fuzzy_knn_k29":0.0},"geometry":{"type":"Polygon","coordinates":[[[-72.4212351,-8.5908885],[-72.4131342,-8.5909604],[-72.4130858,-8.5855596],[-72.4211866,-8.5854877],[-72.4212351,-8.5908885]]]}},{"type":"Feature","id":"AC-Y599-X242","properties":{"id":"AC-Y599-X242","grid_x":242,"grid_y":599,"centroid":[-72.4090595,-8.5882959],"aggregation":"none","score_gradboost":0.2402846,"score_random_forest":0.2812264,"score_logistic_regression":0.0636222,"score_fuzzy_knn_k29":0.1092214},"geometry":{"type":"Polygon","coordinates":[[[-72.4131342,-8.5909604],[-72.4050332,-8.5910322],[-72.404985,-8.5856313],[-72.4130858,-8.5855596],[-72.4131342,-8.5909604]]]}},{"type":"Feature","id":"AC-Y599-X243","properties":{"id":"AC-Y599-X243","grid_x":243,"grid_y":599,"centroid":[-72.4009586,-8.5883675],"aggregation":"none","score_gradboost":0.1420745,"score_random_forest":0.3155493,"score_logistic_regression":0.1892323,"score_fuzzy_knn_k29":0.2952743},"geometry":{"type":"Polygon","coordinates":[[[-72.4050332,-8.5910322],[-72.3969321,-8.5911038],[-72.396884,-8.5857028],[-72.404985,-8.5856313],[-72.4050332,-8.5910322]]]}},{"type":"Feature","id":"AC-Y599-X244","properties":{"id":"AC-Y599-X244","grid_x":244,"grid_y":599,"centroid":[-72.3928575,-8.588439],"aggregation":"none","score_gradboost":0.1574012,"score_random_forest":0.3491204,"score_logistic_regression":0.1558062,"score_fuzzy_knn_k29":0.2834632},"geometry":{"type":"Polygon","coordinates":[[[-72.3969321,-8.5911038],[-72.388831,-8.5911752],[-72.388783,-8.5857742],[-72.396884,-8.5857028],[-72.3969321,-8.5911038]]]}},{"type":"Feature","id":"AC-Y599-X245","properties":{"id":"AC-Y599-X245","grid_x":245,"grid_y":599,"centroid":[-72.3847564,-8.5885103],"aggregation":"none","score_gradboost":0.0896146,"score_random_forest":0.0870293,"score_logistic_regression":0.056661,"score_fuzzy_knn_k29":0.1532968},"geometry":{"type":"Polygon","coordinates":[[[-72.388831,-8.5911752],[-72.3807298,-8.5912464],[-72.3806819,-8.5858454],[-72.388783,-8.5857742],[-72.388831,-8.5911752]]]}},{"type":"Feature","id":"AC-Y599-X246","properties":{"id":"AC-Y599-X246","grid_x":246,"grid_y":599,"centroid":[-72.3766552,-8.5885814],"aggregation":"none","score_gradboost":0.0451996,"score_random_forest":0.1470954,"score_logistic_regression":0.04994,"score_fuzzy_knn_k29":0.1060633},"geometry":{"type":"Polygon","coordinates":[[[-72.3807298,-8.5912464],[-72.3726285,-8.5913175],[-72.3725807,-8.5859164],[-72.3806819,-8.5858454],[-72.3807298,-8.5912464]]]}},{"type":"Feature","id":"AC-Y599-X247","properties":{"id":"AC-Y599-X247","grid_x":247,"grid_y":599,"centroid":[-72.368554,-8.5886524],"aggregation":"none","score_gradboost":0.012612,"score_random_forest":0.0120101,"score_logistic_regression":0.0521611,"score_fuzzy_knn_k29":0.059402},"geometry":{"type":"Polygon","coordinates":[[[-72.3726285,-8.5913175],[-72.3645272,-8.5913884],[-72.3644795,-8.5859873],[-72.3725807,-8.5859164],[-72.3726285,-8.5913175]]]}},{"type":"Feature","id":"AC-Y599-X248","properties":{"id":"AC-Y599-X248","grid_x":248,"grid_y":599,"centroid":[-72.3604527,-8.5887232],"aggregation":"none","score_gradboost":0.0084536,"score_random_forest":0.0086953,"score_logistic_regression":0.0418499,"score_fuzzy_knn_k29":0.0180446},"geometry":{"type":"Polygon","coordinates":[[[-72.3645272,-8.5913884],[-72.3564257,-8.5914591],[-72.3563782,-8.5860579],[-72.3644795,-8.5859873],[-72.3645272,-8.5913884]]]}},{"type":"Feature","id":"AC-Y599-X249","properties":{"id":"AC-Y599-X249","grid_x":249,"grid_y":599,"centroid":[-72.3523513,-8.5887938],"aggregation":"none","score_gradboost":0.0199546,"score_random_forest":0.0341581,"score_logistic_regression":0.066347,"score_fuzzy_knn_k29":0.0310431},"geometry":{"type":"Polygon","coordinates":[[[-72.3564257,-8.5914591],[-72.3483243,-8.5915297],[-72.3482768,-8.5861285],[-72.3563782,-8.5860579],[-72.3564257,-8.5914591]]]}},{"type":"Feature","id":"AC-Y599-X250","properties":{"id":"AC-Y599-X250","grid_x":250,"grid_y":599,"centroid":[-72.3442498,-8.5888643],"aggregation":"none","score_gradboost":0.0059919,"score_random_forest":0.0069367,"score_logistic_regression":0.0503327,"score_fuzzy_knn_k29":0.0},"geometry":{"type":"Polygon","coordinates":[[[-72.3483243,-8.5915297],[-72.3402227,-8.5916001],[-72.3401754,-8.5861988],[-72.3482768,-8.5861285],[-72.3483243,-8.5915297]]]}},{"type":"Feature","id":"AC-Y599-X251","properties":{"id":"AC-Y599-X251","grid_x":251,"grid_y":599,"centroid":[-72.3361483,-8.5889346],"aggregation":"none","score_gradboost":0.0060332,"score_random_forest":0.0065832,"score_logistic_regression":0.0503432,"score_fuzzy_knn_k29":0.0},"geometry":{"type":"Polygon","coordinates":[[[-72.3402227,-8.5916001],[-72.3321211,-8.5916703],[-72.3320739,-8.586269],[-72.3401754,-8.5861988],[-72.3402227,-8.5916001]]]}},{"type":"Feature","id":"AC-Y599-X252","properties":{"id":"AC-Y599-X252","grid_x":252,"grid_y":599,"centroid":[-72.3280467,-8.5890047],"aggregation":"none","score_gradboost":0.008428,"score_random_forest":0.0396786,"score_logistic_regression":0.0375304,"score_fuzzy_knn_k29":0.0},"geometry":{"type":"Polygon","coordinates":[[[-72.3321211,-8.5916703],[-72.3240194,-8.5917403],[-72.3239723,-8.586339],[-72.3320739,-8.586269],[-72.3321211,-8.5916703]]]}},{"type":"Feature","id":"AC-Y600-X239","properties":{"id":"AC-Y600-X239","grid_x":239,"grid_y":600,"centroid":[-72.4333134,-8.5826792],"aggregation":"none","score_gradboost":0.0136664,"score_random_forest":0.0191713,"score_logistic_regression":0.031491,"score_fuzzy_knn_k29":0.053161},"geometry":{"type":"Polygon","coordinates":[[[-72.4373881,-8.5853434],[-72.4292874,-8.5854157],[-72.4292389,-8.5800149],[-72.4373394,-8.5799427],[-72.4373881,-8.5853434]]]}},{"type":"Feature","id":"AC-Y600-X240","properties":{"id":"AC-Y600-X240","grid_x":240,"grid_y":600,"centroid":[-72.4252128,-8.5827513],"aggregation":"none","score_gradboost":0.0160238,"score_random_forest":0.0241555,"score_logistic_regression":0.0298575,"score_fuzzy_knn_k29":0.0190214},"geometry":{"type":"Polygon","coordinates":[[[-72.4292874,-8.5854157],[-72.4211866,-8.5854877],[-72.4211382,-8.5800869],[-72.4292389,-8.5800149],[-72.4292874,-8.5854157]]]}},{"type":"Feature","id":"AC-Y600-X241","properties":{"id":"AC-Y600-X241","grid_x":241,"grid_y":600,"centroid":[-72.4171121,-8.5828232],"aggregation":"none","score_gradboost":0.0258161,"score_random_forest":0.0603444,"score_logistic_regression":0.0337039,"score_fuzzy_knn_k29":0.0},"geometry":{"type":"Polygon","coordinates":[[[-72.4211866,-8.5854877],[-72.4130858,-8.5855596],[-72.4130375,-8.5801587],[-72.4211382,-8.5800869],[-72.4211866,-8.5854877]]]}},{"type":"Feature","id":"AC-Y600-X242","properties":{"id":"AC-Y600-X242","grid_x":242,"grid_y":600,"centroid":[-72.4090113,-8.582895],"aggregation":"none","score_gradboost":0.1689368,"score_random_forest":0.2160706,"score_logistic_regression":0.0742328,"score_fuzzy_knn_k29":0.1688913},"geometry":{"type":"Polygon","coordinates":[[[-72.4130858,-8.5855596],[-72.404985,-8.5856313],[-72.4049368,-8.5802304],[-72.4130375,-8.5801587],[-72.4130858,-8.5855596]]]}},{"type":"Feature","id":"AC-Y600-X243","properties":{"id":"AC-Y600-X243","grid_x":243,"grid_y":600,"centroid":[-72.4009104,-8.5829666],"aggregation":"none","score_gradboost":0.3514157,"score_random_forest":0.4577965,"score_logistic_regression":0.234388,"score_fuzzy_knn_k29":0.4049084},"geometry":{"type":"Polygon","coordinates":[[[-72.404985,-8.5856313],[-72.396884,-8.5857028],[-72.3968359,-8.5803019],[-72.4049368,-8.5802304],[-72.404985,-8.5856313]]]}},{"type":"Feature","id":"AC-Y600-X244","properties":{"id":"AC-Y600-X244","grid_x":244,"grid_y":600,"centroid":[-72.3928095,-8.583038],"aggregation":"none","score_gradboost":0.0286743,"score_random_forest":0.0390901,"score_logistic_regression":0.0470714,"score_fuzzy_knn_k29":0.0247781},"geometry":{"type":"Polygon","coordinates":[[[-72.396884,-8.5857028],[-72.388783,-8.5857742],[-72.388735,-8.5803732],[-72.3968359,-8.5803019],[-72.396884,-8.5857028]]]}},{"type":"Feature","id":"AC-Y600-X245","properties":{"id":"AC-Y600-X245","grid_x":245,"grid_y":600,"centroid":[-72.3847085,-8.5831093],"aggregation":"none","score_gradboost":0.1405124,"score_random_forest":0.1636514,"score_logistic_regression":0.0780191,"score_fuzzy_knn_k29":0.2430689},"geometry":{"type":"Polygon","coordinates":[[[-72.388783,-8.5857742],[-72.3806819,-8.5858454],[-72.3806341,-8.5804443],[-72.388735,-8.5803732],[-72.388783,-8.5857742]]]}},{"type":"Feature","id":"AC-Y600-X246","properties":{"id":"AC-Y600-X246","grid_x":246,"grid_y":600,"centroid":[-72.3766074,-8.5831804],"aggregation":"none","score_gradboost":0.012612,"score_random_forest":0.0125815,"score_logistic_regression":0.0518106,"score_fuzzy_knn_k29":0.0747998},"geometry":{"type":"Polygon","coordinates":[[[-72.3806819,-8.5858454],[-72.3725807,-8.5859164],[-72.372533,-8.5805153],[-72.3806341,-8.5804443],[-72.3806819,-8.5858454]]]}},{"type":"Feature","id":"AC-Y600-X247","properties":{"id":"AC-Y600-X247","grid_x":247,"grid_y":600,"centroid":[-72.3685063,-8.5832513],"aggregation":"none","score_gradboost":0.0139451,"score_random_forest":0.0313369,"score_logistic_regression":0.0432081,"score_fuzzy_knn_k29":0.0189574},"geometry":{"type":"Polygon","coordinates":[[[-72.3725807,-8.5859164],[-72.3644795,-8.5859873],[-72.3644319,-8.5805861],[-72.372533,-8.5805153],[-72.3725807,-8.5859164]]]}},{"type":"Feature","id":"AC-Y600-X248","properties":{"id":"AC-Y600-X248","grid_x":248,"grid_y":600,"centroid":[-72.3604051,-8.583322],"aggregation":"none","score_gradboost":0.0065414,"score_random_forest":0.0053545,"score_logistic_regression":0.0476529,"score_fuzzy_knn_k29":0.0167725},"geometry":{"type":"Polygon","coordinates":[[[-72.3644795,-8.5859873],[-72.3563782,-8.5860579],[-72.3563307,-8.5806568],[-72.3644319,-8.5805861],[-72.3644795,-8.5859873]]]}},{"type":"Feature","id":"AC-Y600-X249","properties":{"id":"AC-Y600-X249","grid_x":249,"grid_y":600,"centroid":[-72.3523038,-8.5833926],"aggregation":"none","score_gradboost":0.0076157,"score_random_forest":0.0038473,"score_logistic_regression":0.0552874,"score_fuzzy_knn_k29":0.0121108},"geometry":{"type":"Polygon","coordinates":[[[-72.3563782,-8.5860579],[-72.3482768,-8.5861285],[-72.3482295,-8.5807272],[-72.3563307,-8.5806568],[-72.3563782,-8.5860579]]]}},{"type":"Feature","id":"AC-Y600-X250","properties":{"id":"AC-Y600-X250","grid_x":250,"grid_y":600,"centroid":[-72.3442025,-8.583463],"aggregation":"none","score_gradboost":0.0075492,"score_random_forest":0.0045247,"score_logistic_regression":0.0573036,"score_fuzzy_knn_k29":0.0},"geometry":{"type":"Polygon","coordinates":[[[-72.3482768,-8.5861285],[-72.3401754,-8.5861988],[-72.3401281,-8.5807975],[-72.3482295,-8.5807272],[-72.3482768,-8.5861285]]]}},{"type":"Feature","id":"AC-Y600-X251","properties":{"id":"AC-Y600-X251","grid_x":251,"grid_y":600,"centroid":[-72.3361011,-8.5835333],"aggregation":"none","score_gradboost":0.0077323,"score_random_forest":0.0114087,"score_logistic_regression":0.0582586,"score_fuzzy_knn_k29":0.0},"geometry":{"type":"Polygon","coordinates":[[[-72.3401754,-8.5861988],[-72.3320739,-8.586269],[-72.3320267,-8.5808677],[-72.3401281,-8.5807975],[-72.3401754,-8.5861988]]]}},{"type":"Feature","id":"AC-Y600-X252","properties":{"id":"AC-Y600-X252","grid_x":252,"grid_y":600,"centroid":[-72.3279996,-8.5836033],"aggregation":"none","score_gradboost":0.0100041,"score_random_forest":0.0075935,"score_logistic_regression":0.0381327,"score_fuzzy_knn_k29":0.0},"geometry":{"type":"Polygon","coordinates":[[[-72.3320739,-8.586269],[-72.3239723,-8.586339],[-72.3239253,-8.5809376],[-72.3320267,-8.5808677],[-72.3320739,-8.586269]]]}},{"type":"Feature","id":"AC-Y600-X253","properties":{"id":"AC-Y600-X253","grid_x":253,"grid_y":600,"centroid":[-72.319898,-8.5836732],"aggregation":"none","score_gradboost":0.0099126,"score_random_forest":0.0084051,"score_logistic_regression":0.0460504,"score_fuzzy_knn_k29":0.0},"geometry":{"type":"Polygon","coordinates":[[[-72.3239723,-8.586339],[-72.3158707,-8.5864088],[-72.3158238,-8.5810074],[-72.3239253,-8.5809376],[-72.3239723,-8.586339]]]}},{"type":"Feature","id":"AC-Y601-X238","properties":{"id":"AC-Y601-X238","grid_x":238,"grid_y":601,"centroid":[-72.4413653,-8.5772062],"aggregation":"none","score_gradboost":0.0273394,"score_random_forest":0.054249,"score_logistic_regression":0.0366436,"score_fuzzy_knn_k29":0.0719101},"geometry":{"type":"Polygon","coordinates":[[[-72.4454399,-8.5798704],[-72.4373394,-8.5799427],[-72.4372908,-8.574542],[-72.4453912,-8.5744697],[-72.4454399,-8.5798704]]]}},{"type":"Feature","id":"AC-Y601-X239","properties":{"id":"AC-Y601-X239","grid_x":239,"grid_y":601,"centroid":[-72.4332649,-8.5772785],"aggregation":"none","score_gradboost":0.030498,"score_random_forest":0.0520942,"score_logistic_regression":0.0373127,"score_fuzzy_knn_k29":0.0},"geometry":{"type":"Polygon","coordinates":[[[-72.4373394,-8.5799427],[-72.4292389,-8.5800149],[-72.4291904,-8.5746141],[-72.4372908,-8.574542],[-72.4373394,-8.5799427]]]}},{"type":"Feature","id":"AC-Y601-X240","properties":{"id":"AC-Y601-X240","grid_x":240,"grid_y":601,"centroid":[-72.4251643,-8.5773505],"aggregation":"none","score_gradboost":0.0312176,"score_random_forest":0.056973,"score_logistic_regression":0.0311468,"score_fuzzy_knn_k29":0.0},"geometry":{"type":"Polygon","coordinates":[[[-72.4292389,-8.5800149],[-72.4211382,-8.5800869],[-72.4210899,-8.5746861],[-72.4291904,-8.5746141],[-72.4292389,-8.5800149]]]}},{"type":"Feature","id":"AC-Y601-X241","properties":{"id":"AC-Y601-X241","grid_x":241,"grid_y":601,"centroid":[-72.4170637,-8.5774224],"aggregation":"none","score_gradboost":0.0435832,"score_random_forest":0.0829888,"score_logistic_regression":0.0450472,"score_fuzzy_knn_k29":0.0},"geometry":{"type":"Polygon","coordinates":[[[-72.4211382,-8.5800869],[-72.4130375,-8.5801587],[-72.4129893,-8.5747579],[-72.4210899,-8.5746861],[-72.4211382,-8.5800869]]]}},{"type":"Feature","id":"AC-Y601-X242","properties":{"id":"AC-Y601-X242","grid_x":242,"grid_y":601,"centroid":[-72.4089631,-8.5774941],"aggregation":"none","score_gradboost":0.1017927,"score_random_forest":0.2083016,"score_logistic_regression":0.0377721,"score_fuzzy_knn_k29":0.0584985},"geometry":{"type":"Polygon","coordinates":[[[-72.4130375,-8.5801587],[-72.4049368,-8.5802304],[-72.4048886,-8.5748295],[-72.4129893,-8.5747579],[-72.4130375,-8.5801587]]]}},{"type":"Feature","id":"AC-Y601-X243","properties":{"id":"AC-Y601-X243","grid_x":243,"grid_y":601,"centroid":[-72.4008623,-8.5775657],"aggregation":"none","score_gradboost":0.3276902,"score_random_forest":0.4202898,"score_logistic_regression":0.2214766,"score_fuzzy_knn_k29":0.4381518},"geometry":{"type":"Polygon","coordinates":[[[-72.4049368,-8.5802304],[-72.3968359,-8.5803019],[-72.3967879,-8.5749009],[-72.4048886,-8.5748295],[-72.4049368,-8.5802304]]]}},{"type":"Feature","id":"AC-Y601-X244","properties":{"id":"AC-Y601-X244","grid_x":244,"grid_y":601,"centroid":[-72.3927615,-8.5776371],"aggregation":"none","score_gradboost":0.0352113,"score_random_forest":0.0394899,"score_logistic_regression":0.0510667,"score_fuzzy_knn_k29":0.0621666},"geometry":{"type":"Polygon","coordinates":[[[-72.3968359,-8.5803019],[-72.388735,-8.5803732],[-72.3886871,-8.5749722],[-72.3967879,-8.5749009],[-72.3968359,-8.5803019]]]}},{"type":"Feature","id":"AC-Y601-X245","properties":{"id":"AC-Y601-X245","grid_x":245,"grid_y":601,"centroid":[-72.3846606,-8.5777083],"aggregation":"none","score_gradboost":0.0359936,"score_random_forest":0.1229714,"score_logistic_regression":0.056669,"score_fuzzy_knn_k29":0.1157987},"geometry":{"type":"Polygon","coordinates":[[[-72.388735,-8.5803732],[-72.3806341,-8.5804443],[-72.3805862,-8.5750433],[-72.3886871,-8.5749722],[-72.388735,-8.5803732]]]}},{"type":"Feature","id":"AC-Y601-X246","properties":{"id":"AC-Y601-X246","grid_x":246,"grid_y":601,"centroid":[-72.3765597,-8.5777793],"aggregation":"none","score_gradboost":0.0128096,"score_random_forest":0.0142942,"score_logistic_regression":0.0605724,"score_fuzzy_knn_k29":0.1041513},"geometry":{"type":"Polygon","coordinates":[[[-72.3806341,-8.5804443],[-72.372533,-8.5805153],[-72.3724853,-8.5751142],[-72.3805862,-8.5750433],[-72.3806341,-8.5804443]]]}},{"type":"Feature","id":"AC-Y601-X247","properties":{"id":"AC-Y601-X247","grid_x":247,"grid_y":601,"centroid":[-72.3684586,-8.5778502],"aggregation":"none","score_gradboost":0.0081372,"score_random_forest":0.0027899,"score_logistic_regression":0.056873,"score_fuzzy_knn_k29":0.0263192},"geometry":{"type":"Polygon","coordinates":[[[-72.372533,-8.5805153],[-72.3644319,-8.5805861],[-72.3643843,-8.575185],[-72.3724853,-8.5751142],[-72.372533,-8.5805153]]]}},{"type":"Feature","id":"AC-Y601-X248","properties":{"id":"AC-Y601-X248","grid_x":248,"grid_y":601,"centroid":[-72.3603575,-8.5779209],"aggregation":"none","score_gradboost":0.0060825,"score_random_forest":0.0024086,"score_logistic_regression":0.0433247,"score_fuzzy_knn_k29":0.0},"geometry":{"type":"Polygon","coordinates":[[[-72.3644319,-8.5805861],[-72.3563307,-8.5806568],[-72.3562832,-8.5752556],[-72.3643843,-8.575185],[-72.3644319,-8.5805861]]]}},{"type":"Feature","id":"AC-Y601-X249","properties":{"id":"AC-Y601-X249","grid_x":249,"grid_y":601,"centroid":[-72.3522564,-8.5779914],"aggregation":"none","score_gradboost":0.0060825,"score_random_forest":0.0041947,"score_logistic_regression":0.049474,"score_fuzzy_knn_k29":0.0},"geometry":{"type":"Polygon","coordinates":[[[-72.3563307,-8.5806568],[-72.3482295,-8.5807272],[-72.3481821,-8.575326],[-72.3562832,-8.5752556],[-72.3563307,-8.5806568]]]}},{"type":"Feature","id":"AC-Y601-X250","properties":{"id":"AC-Y601-X250","grid_x":250,"grid_y":601,"centroid":[-72.3441552,-8.5780618],"aggregation":"none","score_gradboost":0.0057006,"score_random_forest":0.0031247,"score_logistic_regression":0.0460237,"score_fuzzy_knn_k29":0.0},"geometry":{"type":"Polygon","coordinates":[[[-72.3482295,-8.5807272],[-72.3401281,-8.5807975],[-72.3400809,-8.5753963],[-72.3481821,-8.575326],[-72.3482295,-8.5807272]]]}},{"type":"Feature","id":"AC-Y601-X251","properties":{"id":"AC-Y601-X251","grid_x":251,"grid_y":601,"centroid":[-72.3360539,-8.578132],"aggregation":"none","score_gradboost":0.0295851,"score_random_forest":0.0642575,"score_logistic_regression":0.0593611,"score_fuzzy_knn_k29":0.0},"geometry":{"type":"Polygon","coordinates":[[[-72.3401281,-8.5807975],[-72.3320267,-8.5808677],[-72.3319796,-8.5754664],[-72.3400809,-8.5753963],[-72.3401281,-8.5807975]]]}},{"type":"Feature","id":"AC-Y601-X252","properties":{"id":"AC-Y601-X252","grid_x":252,"grid_y":601,"centroid":[-72.3279525,-8.578202],"aggregation":"none","score_gradboost":0.0208195,"score_random_forest":0.0418374,"score_logistic_regression":0.0458545,"score_fuzzy_knn_k29":0.0},"geometry":{"type":"Polygon","coordinates":[[[-72.3320267,-8.5808677],[-72.3239253,-8.5809376],[-72.3238783,-8.5755363],[-72.3319796,-8.5754664],[-72.3320267,-8.5808677]]]}},{"type":"Feature","id":"AC-Y602-X237","properties":{"id":"AC-Y602-X237","grid_x":237,"grid_y":602,"centroid":[-72.449417,-8.5717332],"aggregation":"none","score_gradboost":0.0122155,"score_random_forest":0.016868,"score_logistic_regression":0.0364395,"score_fuzzy_knn_k29":0.0902549},"geometry":{"type":"Polygon","coordinates":[[[-72.4534915,-8.5743973],[-72.4453912,-8.5744697],[-72.4453425,-8.569069],[-72.4534427,-8.5689966],[-72.4534915,-8.5743973]]]}},{"type":"Feature","id":"AC-Y602-X238","properties":{"id":"AC-Y602-X238","grid_x":238,"grid_y":602,"centroid":[-72.4413167,-8.5718055],"aggregation":"none","score_gradboost":0.0119383,"score_random_forest":0.0217825,"score_logistic_regression":0.0355131,"score_fuzzy_knn_k29":0.0425432},"geometry":{"type":"Polygon","coordinates":[[[-72.4453912,-8.5744697],[-72.4372908,-8.574542],[-72.4372422,-8.5691413],[-72.4453425,-8.569069],[-72.4453912,-8.5744697]]]}},{"type":"Feature","id":"AC-Y602-X239","properties":{"id":"AC-Y602-X239","grid_x":239,"grid_y":602,"centroid":[-72.4332163,-8.5718777],"aggregation":"none","score_gradboost":0.0310465,"score_random_forest":0.067776,"score_logistic_regression":0.0334397,"score_fuzzy_knn_k29":0.0197187},"geometry":{"type":"Polygon","coordinates":[[[-72.4372908,-8.574542],[-72.4291904,-8.5746141],[-72.4291419,-8.5692134],[-72.4372422,-8.5691413],[-72.4372908,-8.574542]]]}},{"type":"Feature","id":"AC-Y602-X240","properties":{"id":"AC-Y602-X240","grid_x":240,"grid_y":602,"centroid":[-72.4251159,-8.5719497],"aggregation":"none","score_gradboost":0.0337015,"score_random_forest":0.0635414,"score_logistic_regression":0.0348236,"score_fuzzy_knn_k29":0.0210214},"geometry":{"type":"Polygon","coordinates":[[[-72.4291904,-8.5746141],[-72.4210899,-8.5746861],[-72.4210415,-8.5692853],[-72.4291419,-8.5692134],[-72.4291904,-8.5746141]]]}},{"type":"Feature","id":"AC-Y602-X241","properties":{"id":"AC-Y602-X241","grid_x":241,"grid_y":602,"centroid":[-72.4170154,-8.5720216],"aggregation":"none","score_gradboost":0.1214726,"score_random_forest":0.2172989,"score_logistic_regression":0.040522,"score_fuzzy_knn_k29":0.0359211},"geometry":{"type":"Polygon","coordinates":[[[-72.4210899,-8.5746861],[-72.4129893,-8.5747579],[-72.412941,-8.569357],[-72.4210415,-8.5692853],[-72.4210899,-8.5746861]]]}},{"type":"Feature","id":"AC-Y602-X242","properties":{"id":"AC-Y602-X242","grid_x":242,"grid_y":602,"centroid":[-72.4089149,-8.5720932],"aggregation":"none","score_gradboost":0.141335,"score_random_forest":0.3314103,"score_logistic_regression":0.1873049,"score_fuzzy_knn_k29":0.3474242},"geometry":{"type":"Polygon","coordinates":[[[-72.4129893,-8.5747579],[-72.4048886,-8.5748295],[-72.4048405,-8.5694286],[-72.412941,-8.569357],[-72.4129893,-8.5747579]]]}},{"type":"Feature","id":"AC-Y602-X243","properties":{"id":"AC-Y602-X243","grid_x":243,"grid_y":602,"centroid":[-72.4008142,-8.5721647],"aggregation":"none","score_gradboost":0.3107194,"score_random_forest":0.3873532,"score_logistic_regression":0.2118046,"score_fuzzy_knn_k29":0.3974506},"geometry":{"type":"Polygon","coordinates":[[[-72.4048886,-8.5748295],[-72.3967879,-8.5749009],[-72.3967399,-8.5695],[-72.4048405,-8.5694286],[-72.4048886,-8.5748295]]]}},{"type":"Feature","id":"AC-Y602-X244","properties":{"id":"AC-Y602-X244","grid_x":244,"grid_y":602,"centroid":[-72.3927135,-8.5722361],"aggregation":"none","score_gradboost":0.0691161,"score_random_forest":0.1251131,"score_logistic_regression":0.0716646,"score_fuzzy_knn_k29":0.1345304},"geometry":{"type":"Polygon","coordinates":[[[-72.3967879,-8.5749009],[-72.3886871,-8.5749722],[-72.3886392,-8.5695712],[-72.3967399,-8.5695],[-72.3967879,-8.5749009]]]}},{"type":"Feature","id":"AC-Y602-X245","properties":{"id":"AC-Y602-X245","grid_x":245,"grid_y":602,"centroid":[-72.3846128,-8.5723072],"aggregation":"none","score_gradboost":0.1780483,"score_random_forest":0.2775771,"score_logistic_regression":0.0724532,"score_fuzzy_knn_k29":0.0096871},"geometry":{"type":"Polygon","coordinates":[[[-72.3886871,-8.5749722],[-72.3805862,-8.5750433],[-72.3805385,-8.5696422],[-72.3886392,-8.5695712],[-72.3886871,-8.5749722]]]}},{"type":"Feature","id":"AC-Y602-X246","properties":{"id":"AC-Y602-X246","grid_x":246,"grid_y":602,"centroid":[-72.3765119,-8.5723782],"aggregation":"none","score_gradboost":0.0286529,"score_random_forest":0.0286738,"score_logistic_regression":0.0633515,"score_fuzzy_knn_k29":0.0804481},"geometry":{"type":"Polygon","coordinates":[[[-72.3805862,-8.5750433],[-72.3724853,-8.5751142],[-72.3724376,-8.5697131],[-72.3805385,-8.5696422],[-72.3805862,-8.5750433]]]}},{"type":"Feature","id":"AC-Y602-X247","properties":{"id":"AC-Y602-X247","grid_x":247,"grid_y":602,"centroid":[-72.368411,-8.5724491],"aggregation":"none","score_gradboost":0.0081372,"score_random_forest":0.0103917,"score_logistic_regression":0.059573,"score_fuzzy_knn_k29":0.0228941},"geometry":{"type":"Polygon","coordinates":[[[-72.3724853,-8.5751142],[-72.3643843,-8.575185],[-72.3643368,-8.5697839],[-72.3724376,-8.5697131],[-72.3724853,-8.5751142]]]}},{"type":"Feature","id":"AC-Y602-X248","properties":{"id":"AC-Y602-X248","grid_x":248,"grid_y":602,"centroid":[-72.36031,-8.5725197],"aggregation":"none","score_gradboost":0.0060825,"score_random_forest":0.0024883,"score_logistic_regression":0.0501124,"score_fuzzy_knn_k29":0.0},"geometry":{"type":"Polygon","coordinates":[[[-72.3643843,-8.575185],[-72.3562832,-8.5752556],[-72.3562358,-8.5698544],[-72.3643368,-8.5697839],[-72.3643843,-8.575185]]]}},{"type":"Feature","id":"AC-Y602-X249","properties":{"id":"AC-Y602-X249","grid_x":249,"grid_y":602,"centroid":[-72.352209,-8.5725902],"aggregation":"none","score_gradboost":0.0057006,"score_random_forest":0.0049155,"score_logistic_regression":0.045059,"score_fuzzy_knn_k29":0.0},"geometry":{"type":"Polygon","coordinates":[[[-72.3562832,-8.5752556],[-72.3481821,-8.575326],[-72.3481348,-8.5699248],[-72.3562358,-8.5698544],[-72.3562832,-8.5752556]]]}},{"type":"Feature","id":"AC-Y602-X250","properties":{"id":"AC-Y602-X250","grid_x":250,"grid_y":602,"centroid":[-72.3441079,-8.5726605],"aggregation":"none","score_gradboost":0.0187369,"score_random_forest":0.0302445,"score_logistic_regression":0.0468405,"score_fuzzy_knn_k29":0.0},"geometry":{"type":"Polygon","coordinates":[[[-72.3481821,-8.575326],[-72.3400809,-8.5753963],[-72.3400337,-8.569995],[-72.3481348,-8.5699248],[-72.3481821,-8.575326]]]}},{"type":"Feature","id":"AC-Y603-X237","properties":{"id":"AC-Y603-X237","grid_x":237,"grid_y":603,"centroid":[-72.4493682,-8.5663325],"aggregation":"none","score_gradboost":0.0250871,"score_random_forest":0.0412092,"score_logistic_regression":0.0395967,"score_fuzzy_knn_k29":0.0651615},"geometry":{"type":"Polygon","coordinates":[[[-72.4534427,-8.5689966],[-72.4453425,-8.569069],[-72.4452938,-8.5636684],[-72.4533939,-8.563596],[-72.4534427,-8.5689966]]]}},{"type":"Feature","id":"AC-Y603-X238","properties":{"id":"AC-Y603-X238","grid_x":238,"grid_y":603,"centroid":[-72.4412681,-8.5664048],"aggregation":"none","score_gradboost":0.0260708,"score_random_forest":0.0484649,"score_logistic_regression":0.0448034,"score_fuzzy_knn_k29":0.0},"geometry":{"type":"Polygon","coordinates":[[[-72.4453425,-8.569069],[-72.4372422,-8.5691413],[-72.4371937,-8.5637405],[-72.4452938,-8.5636684],[-72.4453425,-8.569069]]]}},{"type":"Feature","id":"AC-Y603-X239","properties":{"id":"AC-Y603-X239","grid_x":239,"grid_y":603,"centroid":[-72.4331678,-8.566477],"aggregation":"none","score_gradboost":0.0296103,"score_random_forest":0.0593374,"score_logistic_regression":0.0452886,"score_fuzzy_knn_k29":0.0},"geometry":{"type":"Polygon","coordinates":[[[-72.4372422,-8.5691413],[-72.4291419,-8.5692134],[-72.4290935,-8.5638126],[-72.4371937,-8.5637405],[-72.4372422,-8.5691413]]]}},{"type":"Feature","id":"AC-Y603-X240","properties":{"id":"AC-Y603-X240","grid_x":240,"grid_y":603,"centroid":[-72.4250675,-8.5665489],"aggregation":"none","score_gradboost":0.1036157,"score_random_forest":0.1968383,"score_logistic_regression":0.0427499,"score_fuzzy_knn_k29":0.0349381},"geometry":{"type":"Polygon","coordinates":[[[-72.4291419,-8.5692134],[-72.4210415,-8.5692853],[-72.4209932,-8.5638844],[-72.4290935,-8.5638126],[-72.4291419,-8.5692134]]]}},{"type":"Feature","id":"AC-Y603-X241","properties":{"id":"AC-Y603-X241","grid_x":241,"grid_y":603,"centroid":[-72.4169671,-8.5666207],"aggregation":"none","score_gradboost":0.124864,"score_random_forest":0.2254256,"score_logistic_regression":0.0537433,"score_fuzzy_knn_k29":0.0368899},"geometry":{"type":"Polygon","coordinates":[[[-72.4210415,-8.5692853],[-72.412941,-8.569357],[-72.4128928,-8.5639561],[-72.4209932,-8.5638844],[-72.4210415,-8.5692853]]]}},{"type":"Feature","id":"AC-Y603-X242","properties":{"id":"AC-Y603-X242","grid_x":242,"grid_y":603,"centroid":[-72.4088667,-8.5666924],"aggregation":"none","score_gradboost":0.1230028,"score_random_forest":0.0948906,"score_logistic_regression":0.0819208,"score_fuzzy_knn_k29":0.1898962},"geometry":{"type":"Polygon","coordinates":[[[-72.412941,-8.569357],[-72.4048405,-8.5694286],[-72.4047924,-8.5640276],[-72.4128928,-8.5639561],[-72.412941,-8.569357]]]}},{"type":"Feature","id":"AC-Y603-X243","properties":{"id":"AC-Y603-X243","grid_x":243,"grid_y":603,"centroid":[-72.4007662,-8.5667638],"aggregation":"none","score_gradboost":0.1487792,"score_random_forest":0.368762,"score_logistic_regression":0.1818914,"score_fuzzy_knn_k29":0.3907574},"geometry":{"type":"Polygon","coordinates":[[[-72.4048405,-8.5694286],[-72.3967399,-8.5695],[-72.3966919,-8.564099],[-72.4047924,-8.5640276],[-72.4048405,-8.5694286]]]}},{"type":"Feature","id":"AC-Y603-X244","properties":{"id":"AC-Y603-X244","grid_x":244,"grid_y":603,"centroid":[-72.3926656,-8.5668351],"aggregation":"none","score_gradboost":0.0737939,"score_random_forest":0.1020995,"score_logistic_regression":0.0649785,"score_fuzzy_knn_k29":0.1293365},"geometry":{"type":"Polygon","coordinates":[[[-72.3967399,-8.5695],[-72.3886392,-8.5695712],[-72.3885914,-8.5641702],[-72.3966919,-8.564099],[-72.3967399,-8.5695]]]}},{"type":"Feature","id":"AC-Y603-X245","properties":{"id":"AC-Y603-X245","grid_x":245,"grid_y":603,"centroid":[-72.3845649,-8.5669062],"aggregation":"none","score_gradboost":0.0180914,"score_random_forest":0.023352,"score_logistic_regression":0.0557747,"score_fuzzy_knn_k29":0.0694777},"geometry":{"type":"Polygon","coordinates":[[[-72.3886392,-8.5695712],[-72.3805385,-8.5696422],[-72.3804907,-8.5642412],[-72.3885913,-8.5641702],[-72.3886392,-8.5695712]]]}},{"type":"Feature","id":"AC-Y603-X246","properties":{"id":"AC-Y603-X246","grid_x":246,"grid_y":603,"centroid":[-72.3764642,-8.5669772],"aggregation":"none","score_gradboost":0.0115436,"score_random_forest":0.0307633,"score_logistic_regression":0.0495874,"score_fuzzy_knn_k29":0.018857},"geometry":{"type":"Polygon","coordinates":[[[-72.3805385,-8.5696422],[-72.3724376,-8.5697131],[-72.37239,-8.564312],[-72.3804907,-8.5642412],[-72.3805385,-8.5696422]]]}},{"type":"Feature","id":"AC-Y603-X247","properties":{"id":"AC-Y603-X247","grid_x":247,"grid_y":603,"centroid":[-72.3683634,-8.567048],"aggregation":"none","score_gradboost":0.0073462,"score_random_forest":0.0002568,"score_logistic_regression":0.0372063,"score_fuzzy_knn_k29":0.0},"geometry":{"type":"Polygon","coordinates":[[[-72.3724376,-8.5697131],[-72.3643368,-8.5697839],[-72.3642892,-8.5643827],[-72.37239,-8.564312],[-72.3724376,-8.5697131]]]}},{"type":"Feature","id":"AC-Y603-X248","properties":{"id":"AC-Y603-X248","grid_x":248,"grid_y":603,"centroid":[-72.3602626,-8.5671186],"aggregation":"none","score_gradboost":0.0060825,"score_random_forest":0.004269,"score_logistic_regression":0.0412619,"score_fuzzy_knn_k29":0.0},"geometry":{"type":"Polygon","coordinates":[[[-72.3643368,-8.5697839],[-72.3562358,-8.5698544],[-72.3561884,-8.5644532],[-72.3642892,-8.5643827],[-72.3643368,-8.5697839]]]}},{"type":"Feature","id":"AC-Y604-X236","properties":{"id":"AC-Y604-X236","grid_x":236,"grid_y":604,"centroid":[-72.4574195,-8.5608594],"aggregation":"none","score_gradboost":0.0136895,"score_random_forest":0.0112141,"score_logistic_regression":0.0352661,"score_fuzzy_knn_k29":0.0954803},"geometry":{"type":"Polygon","coordinates":[[[-72.4614939,-8.5635234],[-72.4533939,-8.563596],[-72.4533452,-8.5581953],[-72.461445,-8.5581229],[-72.4614939,-8.5635234]]]}},{"type":"Feature","id":"AC-Y604-X237","properties":{"id":"AC-Y604-X237","grid_x":237,"grid_y":604,"centroid":[-72.4493195,-8.5609319],"aggregation":"none","score_gradboost":0.0119383,"score_random_forest":0.0210343,"score_logistic_regression":0.0377638,"score_fuzzy_knn_k29":0.0432455},"geometry":{"type":"Polygon","coordinates":[[[-72.4533939,-8.563596],[-72.4452938,-8.5636684],[-72.4452452,-8.5582677],[-72.4533452,-8.5581953],[-72.4533939,-8.563596]]]}},{"type":"Feature","id":"AC-Y604-X238","properties":{"id":"AC-Y604-X238","grid_x":238,"grid_y":604,"centroid":[-72.4412195,-8.5610041],"aggregation":"none","score_gradboost":0.0337744,"score_random_forest":0.0887944,"score_logistic_regression":0.0375079,"score_fuzzy_knn_k29":0.0198639},"geometry":{"type":"Polygon","coordinates":[[[-72.4452938,-8.5636684],[-72.4371937,-8.5637405],[-72.4371452,-8.5583398],[-72.4452452,-8.5582677],[-72.4452938,-8.5636684]]]}},{"type":"Feature","id":"AC-Y604-X239","properties":{"id":"AC-Y604-X239","grid_x":239,"grid_y":604,"centroid":[-72.4331194,-8.5610762],"aggregation":"none","score_gradboost":0.0704811,"score_random_forest":0.0962228,"score_logistic_regression":0.0432581,"score_fuzzy_knn_k29":0.0340481},"geometry":{"type":"Polygon","coordinates":[[[-72.4371937,-8.5637405],[-72.4290935,-8.5638126],[-72.4290451,-8.5584118],[-72.4371452,-8.5583398],[-72.4371937,-8.5637405]]]}},{"type":"Feature","id":"AC-Y604-X240","properties":{"id":"AC-Y604-X240","grid_x":240,"grid_y":604,"centroid":[-72.4250192,-8.5611481],"aggregation":"none","score_gradboost":0.142631,"score_random_forest":0.3414386,"score_logistic_regression":0.1973072,"score_fuzzy_knn_k29":0.3556225},"geometry":{"type":"Polygon","coordinates":[[[-72.4290935,-8.5638126],[-72.4209932,-8.5638844],[-72.4209449,-8.5584836],[-72.4290451,-8.5584118],[-72.4290935,-8.5638126]]]}},{"type":"Feature","id":"AC-Y604-X241","properties":{"id":"AC-Y604-X241","grid_x":241,"grid_y":604,"centroid":[-72.4169189,-8.5612199],"aggregation":"none","score_gradboost":0.1240843,"score_random_forest":0.104291,"score_logistic_regression":0.0839321,"score_fuzzy_knn_k29":0.178726},"geometry":{"type":"Polygon","coordinates":[[[-72.4209932,-8.5638844],[-72.4128928,-8.5639561],[-72.4128447,-8.5585553],[-72.4209449,-8.5584836],[-72.4209932,-8.5638844]]]}},{"type":"Feature","id":"AC-Y604-X242","properties":{"id":"AC-Y604-X242","grid_x":242,"grid_y":604,"centroid":[-72.4088186,-8.5612915],"aggregation":"none","score_gradboost":0.3107194,"score_random_forest":0.3920082,"score_logistic_regression":0.2253905,"score_fuzzy_knn_k29":0.3989062},"geometry":{"type":"Polygon","coordinates":[[[-72.4128928,-8.5639561],[-72.4047924,-8.5640276],[-72.4047443,-8.5586267],[-72.4128447,-8.5585553],[-72.4128928,-8.5639561]]]}},{"type":"Feature","id":"AC-Y604-X243","properties":{"id":"AC-Y604-X243","grid_x":243,"grid_y":604,"centroid":[-72.4007182,-8.5613629],"aggregation":"none","score_gradboost":0.0308796,"score_random_forest":0.0396277,"score_logistic_regression":0.0555391,"score_fuzzy_knn_k29":0.0887803},"geometry":{"type":"Polygon","coordinates":[[[-72.4047924,-8.5640276],[-72.3966919,-8.564099],[-72.396644,-8.558698],[-72.4047443,-8.5586267],[-72.4047924,-8.5640276]]]}},{"type":"Feature","id":"AC-Y604-X244","properties":{"id":"AC-Y604-X244","grid_x":244,"grid_y":604,"centroid":[-72.3926177,-8.5614341],"aggregation":"none","score_gradboost":0.033873,"score_random_forest":0.0931938,"score_logistic_regression":0.0559675,"score_fuzzy_knn_k29":0.0921323},"geometry":{"type":"Polygon","coordinates":[[[-72.3966919,-8.564099],[-72.3885914,-8.5641702],[-72.3885435,-8.5587692],[-72.396644,-8.558698],[-72.3966919,-8.564099]]]}},{"type":"Feature","id":"AC-Y604-X245","properties":{"id":"AC-Y604-X245","grid_x":245,"grid_y":604,"centroid":[-72.3845172,-8.5615052],"aggregation":"none","score_gradboost":0.0268699,"score_random_forest":0.0222615,"score_logistic_regression":0.0688792,"score_fuzzy_knn_k29":0.0863104},"geometry":{"type":"Polygon","coordinates":[[[-72.3885913,-8.5641702],[-72.3804907,-8.5642412],[-72.380443,-8.5588401],[-72.3885435,-8.5587692],[-72.3885913,-8.5641702]]]}},{"type":"Feature","id":"AC-Y604-X246","properties":{"id":"AC-Y604-X246","grid_x":246,"grid_y":604,"centroid":[-72.3764165,-8.5615761],"aggregation":"none","score_gradboost":0.008328,"score_random_forest":0.0042804,"score_logistic_regression":0.052948,"score_fuzzy_knn_k29":0.0190751},"geometry":{"type":"Polygon","coordinates":[[[-72.3804907,-8.5642412],[-72.37239,-8.564312],[-72.3723424,-8.5589109],[-72.380443,-8.5588401],[-72.3804907,-8.5642412]]]}},{"type":"Feature","id":"AC-Y605-X236","properties":{"id":"AC-Y605-X236","grid_x":236,"grid_y":605,"centroid":[-72.4573707,-8.5554588],"aggregation":"none","score_gradboost":0.0250871,"score_random_forest":0.0425747,"score_logistic_regression":0.0397852,"score_fuzzy_knn_k29":0.0625986},"geometry":{"type":"Polygon","coordinates":[[[-72.461445,-8.5581229],[-72.4533452,-8.5581953],[-72.4532964,-8.5527947],[-72.4613962,-8.5527223],[-72.461445,-8.5581229]]]}},{"type":"Feature","id":"AC-Y605-X237","properties":{"id":"AC-Y605-X237","grid_x":237,"grid_y":605,"centroid":[-72.4492709,-8.5555312],"aggregation":"none","score_gradboost":0.0239952,"score_random_forest":0.0360097,"score_logistic_regression":0.0441948,"score_fuzzy_knn_k29":0.0160081},"geometry":{"type":"Polygon","coordinates":[[[-72.4533452,-8.5581953],[-72.4452452,-8.5582677],[-72.4451966,-8.552867],[-72.4532964,-8.5527947],[-72.4533452,-8.5581953]]]}},{"type":"Feature","id":"AC-Y605-X238","properties":{"id":"AC-Y605-X238","grid_x":238,"grid_y":605,"centroid":[-72.4411709,-8.5556034],"aggregation":"none","score_gradboost":0.0346475,"score_random_forest":0.0537248,"score_logistic_regression":0.1258997,"score_fuzzy_knn_k29":0.0819318},"geometry":{"type":"Polygon","coordinates":[[[-72.4452452,-8.5582677],[-72.4371452,-8.5583398],[-72.4370967,-8.5529391],[-72.4451966,-8.552867],[-72.4452452,-8.5582677]]]}},{"type":"Feature","id":"AC-Y605-X239","properties":{"id":"AC-Y605-X239","grid_x":239,"grid_y":605,"centroid":[-72.4330709,-8.5556755],"aggregation":"none","score_gradboost":0.1040746,"score_random_forest":0.1958346,"score_logistic_regression":0.0452319,"score_fuzzy_knn_k29":0.051237},"geometry":{"type":"Polygon","coordinates":[[[-72.4371452,-8.5583398],[-72.4290451,-8.5584118],[-72.4289967,-8.553011],[-72.4370967,-8.5529391],[-72.4371452,-8.5583398]]]}},{"type":"Feature","id":"AC-Y605-X240","properties":{"id":"AC-Y605-X240","grid_x":240,"grid_y":605,"centroid":[-72.4249708,-8.5557473],"aggregation":"none","score_gradboost":0.0878272,"score_random_forest":0.1187788,"score_logistic_regression":0.0476115,"score_fuzzy_knn_k29":0.0675337},"geometry":{"type":"Polygon","coordinates":[[[-72.4290451,-8.5584118],[-72.4209449,-8.5584836],[-72.4208966,-8.5530828],[-72.4289967,-8.553011],[-72.4290451,-8.5584118]]]}},{"type":"Feature","id":"AC-Y605-X241","properties":{"id":"AC-Y605-X241","grid_x":241,"grid_y":605,"centroid":[-72.4168707,-8.555819],"aggregation":"none","score_gradboost":0.3107194,"score_random_forest":0.4030449,"score_logistic_regression":0.2252889,"score_fuzzy_knn_k29":0.4273257},"geometry":{"type":"Polygon","coordinates":[[[-72.4209449,-8.5584836],[-72.4128447,-8.5585553],[-72.4127965,-8.5531544],[-72.4208966,-8.5530828],[-72.4209449,-8.5584836]]]}},{"type":"Feature","id":"AC-Y605-X242","properties":{"id":"AC-Y605-X242","grid_x":242,"grid_y":605,"centroid":[-72.4087705,-8.5558906],"aggregation":"none","score_gradboost":0.082929,"score_random_forest":0.0570751,"score_logistic_regression":0.0651608,"score_fuzzy_knn_k29":0.1481916},"geometry":{"type":"Polygon","coordinates":[[[-72.4128447,-8.5585553],[-72.4047443,-8.5586267],[-72.4046963,-8.5532258],[-72.4127965,-8.5531544],[-72.4128447,-8.5585553]]]}},{"type":"Feature","id":"AC-Y605-X243","properties":{"id":"AC-Y605-X243","grid_x":243,"grid_y":605,"centroid":[-72.4006702,-8.5559619],"aggregation":"none","score_gradboost":0.0320904,"score_random_forest":0.0882815,"score_logistic_regression":0.0587015,"score_fuzzy_knn_k29":0.0972187},"geometry":{"type":"Polygon","coordinates":[[[-72.4047443,-8.5586267],[-72.396644,-8.558698],[-72.3965961,-8.5532971],[-72.4046963,-8.5532258],[-72.4047443,-8.5586267]]]}},{"type":"Feature","id":"AC-Y605-X244","properties":{"id":"AC-Y605-X244","grid_x":244,"grid_y":605,"centroid":[-72.3925698,-8.5560331],"aggregation":"none","score_gradboost":0.024273,"score_random_forest":0.0420092,"score_logistic_regression":0.0537838,"score_fuzzy_knn_k29":0.0378247},"geometry":{"type":"Polygon","coordinates":[[[-72.396644,-8.558698],[-72.3885435,-8.5587692],[-72.3884957,-8.5533682],[-72.3965961,-8.5532971],[-72.396644,-8.558698]]]}},{"type":"Feature","id":"AC-Y606-X238","properties":{"id":"AC-Y606-X238","grid_x":238,"grid_y":606,"centroid":[-72.4411224,-8.5502027],"aggregation":"none","score_gradboost":0.0530717,"score_random_forest":0.057771,"score_logistic_regression":0.1268464,"score_fuzzy_knn_k29":0.1017091},"geometry":{"type":"Polygon","coordinates":[[[-72.4451966,-8.552867],[-72.4370967,-8.5529391],[-72.4370482,-8.5475384],[-72.445148,-8.5474663],[-72.4451966,-8.552867]]]}},{"type":"Feature","id":"AC-Y606-X239","properties":{"id":"AC-Y606-X239","grid_x":239,"grid_y":606,"centroid":[-72.4330225,-8.5502747],"aggregation":"none","score_gradboost":0.104385,"score_random_forest":0.1735442,"score_logistic_regression":0.1395721,"score_fuzzy_knn_k29":0.1402803},"geometry":{"type":"Polygon","coordinates":[[[-72.4370967,-8.5529391],[-72.4289967,-8.553011],[-72.4289484,-8.5476102],[-72.4370482,-8.5475384],[-72.4370967,-8.5529391]]]}},{"type":"Feature","id":"AC-Y606-X240","properties":{"id":"AC-Y606-X240","grid_x":240,"grid_y":606,"centroid":[-72.4249225,-8.5503465],"aggregation":"none","score_gradboost":0.3549276,"score_random_forest":0.4165467,"score_logistic_regression":0.2298501,"score_fuzzy_knn_k29":0.4190642},"geometry":{"type":"Polygon","coordinates":[[[-72.4289967,-8.553011],[-72.4208966,-8.5530828],[-72.4208484,-8.547682],[-72.4289484,-8.5476102],[-72.4289967,-8.553011]]]}},{"type":"Feature","id":"AC-Y606-X241","properties":{"id":"AC-Y606-X241","grid_x":241,"grid_y":606,"centroid":[-72.4168225,-8.5504182],"aggregation":"none","score_gradboost":0.1367295,"score_random_forest":0.123401,"score_logistic_regression":0.139791,"score_fuzzy_knn_k29":0.1268753},"geometry":{"type":"Polygon","coordinates":[[[-72.4208966,-8.5530828],[-72.4127965,-8.5531544],[-72.4127484,-8.5477535],[-72.4208484,-8.547682],[-72.4208966,-8.5530828]]]}},{"type":"Feature","id":"AC-Y606-X242","properties":{"id":"AC-Y606-X242","grid_x":242,"grid_y":606,"centroid":[-72.4087224,-8.5504897],"aggregation":"none","score_gradboost":0.0308457,"score_random_forest":0.0936769,"score_logistic_regression":0.0596428,"score_fuzzy_knn_k29":0.0952741},"geometry":{"type":"Polygon","coordinates":[[[-72.4127965,-8.5531544],[-72.4046963,-8.5532258],[-72.4046483,-8.5478249],[-72.4127484,-8.5477535],[-72.4127965,-8.5531544]]]}},{"type":"Feature","id":"AC-Y606-X243","properties":{"id":"AC-Y606-X243","grid_x":243,"grid_y":606,"centroid":[-72.4006222,-8.550561],"aggregation":"none","score_gradboost":0.0438962,"score_random_forest":0.0996806,"score_logistic_regression":0.0525147,"score_fuzzy_knn_k29":0.0228407},"geometry":{"type":"Polygon","coordinates":[[[-72.4046963,-8.5532258],[-72.3965961,-8.5532971],[-72.3965482,-8.5478961],[-72.4046483,-8.5478249],[-72.4046963,-8.5532258]]]}},{"type":"Feature","id":"AC-Y606-X244","properties":{"id":"AC-Y606-X244","grid_x":244,"grid_y":606,"centroid":[-72.392522,-8.5506322],"aggregation":"none","score_gradboost":0.0124522,"score_random_forest":0.0177854,"score_logistic_regression":0.0517719,"score_fuzzy_knn_k29":0.01251},"geometry":{"type":"Polygon","coordinates":[[[-72.3965961,-8.5532971],[-72.3884957,-8.5533682],[-72.388448,-8.5479672],[-72.3965482,-8.5478961],[-72.3965961,-8.5532971]]]}},{"type":"Feature","id":"AC-Y607-X238","properties":{"id":"AC-Y607-X238","grid_x":238,"grid_y":607,"centroid":[-72.4410739,-8.544802],"aggregation":"none","score_gradboost":0.1922929,"score_random_forest":0.2549685,"score_logistic_regression":0.1258264,"score_fuzzy_knn_k29":0.1094427},"geometry":{"type":"Polygon","coordinates":[[[-72.445148,-8.5474663],[-72.4370482,-8.5475384],[-72.4369998,-8.5421376],[-72.4450995,-8.5420656],[-72.445148,-8.5474663]]]}},{"type":"Feature","id":"AC-Y607-X239","properties":{"id":"AC-Y607-X239","grid_x":239,"grid_y":607,"centroid":[-72.4329741,-8.5448739],"aggregation":"none","score_gradboost":0.0914037,"score_random_forest":0.1108807,"score_logistic_regression":0.1551438,"score_fuzzy_knn_k29":0.1191398},"geometry":{"type":"Polygon","coordinates":[[[-72.4370482,-8.5475384],[-72.4289484,-8.5476102],[-72.4289001,-8.5422095],[-72.4369998,-8.5421376],[-72.4370482,-8.5475384]]]}},{"type":"Feature","id":"AC-Y607-X240","properties":{"id":"AC-Y607-X240","grid_x":240,"grid_y":607,"centroid":[-72.4248743,-8.5449457],"aggregation":"none","score_gradboost":0.087872,"score_random_forest":0.0949137,"score_logistic_regression":0.1550894,"score_fuzzy_knn_k29":0.1493701},"geometry":{"type":"Polygon","coordinates":[[[-72.4289484,-8.5476102],[-72.4208484,-8.547682],[-72.4208002,-8.5422811],[-72.4289001,-8.5422095],[-72.4289484,-8.5476102]]]}},{"type":"Feature","id":"AC-Y607-X241","properties":{"id":"AC-Y607-X241","grid_x":241,"grid_y":607,"centroid":[-72.4167744,-8.5450173],"aggregation":"none","score_gradboost":0.0227386,"score_random_forest":0.0475485,"score_logistic_regression":0.1077822,"score_fuzzy_knn_k29":0.0760704},"geometry":{"type":"Polygon","coordinates":[[[-72.4208484,-8.547682],[-72.4127484,-8.5477535],[-72.4127003,-8.5423527],[-72.4208002,-8.5422811],[-72.4208484,-8.547682]]]}},{"type":"Feature","id":"AC-Y607-X242","properties":{"id":"AC-Y607-X242","grid_x":242,"grid_y":607,"centroid":[-72.4086744,-8.5450888],"aggregation":"none","score_gradboost":0.0442058,"score_random_forest":0.1515774,"score_logistic_regression":0.1124242,"score_fuzzy_knn_k29":0.0593755},"geometry":{"type":"Polygon","coordinates":[[[-72.4127484,-8.5477535],[-72.4046483,-8.5478249],[-72.4046004,-8.542424],[-72.4127003,-8.5423527],[-72.4127484,-8.5477535]]]}},{"type":"Feature","id":"AC-Y607-X243","properties":{"id":"AC-Y607-X243","grid_x":243,"grid_y":607,"centroid":[-72.4005743,-8.5451601],"aggregation":"none","score_gradboost":0.0183733,"score_random_forest":0.0172844,"score_logistic_regression":0.0678099,"score_fuzzy_knn_k29":0.0631934},"geometry":{"type":"Polygon","coordinates":[[[-72.4046483,-8.5478249],[-72.3965482,-8.5478961],[-72.3965003,-8.5424952],[-72.4046004,-8.542424],[-72.4046483,-8.5478249]]]}},{"type":"Feature","id":"AC-Y608-X237","properties":{"id":"AC-Y608-X237","grid_x":237,"grid_y":608,"centroid":[-72.449125,-8.5393292],"aggregation":"none","score_gradboost":0.0452552,"score_random_forest":0.0221088,"score_logistic_regression":0.120535,"score_fuzzy_knn_k29":0.0760767},"geometry":{"type":"Polygon","coordinates":[[[-72.4531991,-8.5419934],[-72.4450995,-8.5420656],[-72.445051,-8.5366649],[-72.4531505,-8.5365928],[-72.4531991,-8.5419934]]]}},{"type":"Feature","id":"AC-Y608-X238","properties":{"id":"AC-Y608-X238","grid_x":238,"grid_y":608,"centroid":[-72.4410254,-8.5394013],"aggregation":"none","score_gradboost":0.1112448,"score_random_forest":0.1285705,"score_logistic_regression":0.1572938,"score_fuzzy_knn_k29":0.1470205},"geometry":{"type":"Polygon","coordinates":[[[-72.4450995,-8.5420656],[-72.4369998,-8.5421376],[-72.4369514,-8.5367369],[-72.445051,-8.5366649],[-72.4450995,-8.5420656]]]}},{"type":"Feature","id":"AC-Y608-X239","properties":{"id":"AC-Y608-X239","grid_x":239,"grid_y":608,"centroid":[-72.4329258,-8.5394732],"aggregation":"none","score_gradboost":0.146284,"score_random_forest":0.1451566,"score_logistic_regression":0.1617024,"score_fuzzy_knn_k29":0.1114812},"geometry":{"type":"Polygon","coordinates":[[[-72.4369998,-8.5421376],[-72.4289001,-8.5422095],[-72.4288518,-8.5368087],[-72.4369514,-8.5367369],[-72.4369998,-8.5421376]]]}},{"type":"Feature","id":"AC-Y608-X240","properties":{"id":"AC-Y608-X240","grid_x":240,"grid_y":608,"centroid":[-72.424826,-8.5395449],"aggregation":"none","score_gradboost":0.0811112,"score_random_forest":0.1032515,"score_logistic_regression":0.125381,"score_fuzzy_knn_k29":0.0533484},"geometry":{"type":"Polygon","coordinates":[[[-72.4289001,-8.5422095],[-72.4208002,-8.5422811],[-72.4207521,-8.5368803],[-72.4288518,-8.5368087],[-72.4289001,-8.5422095]]]}},{"type":"Feature","id":"AC-Y608-X241","properties":{"id":"AC-Y608-X241","grid_x":241,"grid_y":608,"centroid":[-72.4167262,-8.5396165],"aggregation":"none","score_gradboost":0.104385,"score_random_forest":0.1794505,"score_logistic_regression":0.1402436,"score_fuzzy_knn_k29":0.1300536},"geometry":{"type":"Polygon","coordinates":[[[-72.4208002,-8.5422811],[-72.4127003,-8.5423527],[-72.4126523,-8.5369518],[-72.4207521,-8.5368803],[-72.4208002,-8.5422811]]]}},{"type":"Feature","id":"AC-Y608-X242","properties":{"id":"AC-Y608-X242","grid_x":242,"grid_y":608,"centroid":[-72.4086264,-8.5396879],"aggregation":"none","score_gradboost":0.0435743,"score_random_forest":0.0278931,"score_logistic_regression":0.1200357,"score_fuzzy_knn_k29":0.0653552},"geometry":{"type":"Polygon","coordinates":[[[-72.4127003,-8.5423527],[-72.4046004,-8.542424],[-72.4045524,-8.5370231],[-72.4126523,-8.5369518],[-72.4127003,-8.5423527]]]}},{"type":"Feature","id":"AC-Y609-X238","properties":{"id":"AC-Y609-X238","grid_x":238,"grid_y":609,"centroid":[-72.440977,-8.5340006],"aggregation":"none","score_gradboost":0.0965483,"score_random_forest":0.1553296,"score_logistic_regression":0.1610092,"score_fuzzy_knn_k29":0.11643},"geometry":{"type":"Polygon","coordinates":[[[-72.445051,-8.5366649],[-72.4369514,-8.5367369],[-72.4369031,-8.5313362],[-72.4450025,-8.5312642],[-72.445051,-8.5366649]]]}},{"type":"Feature","id":"AC-Y609-X239","properties":{"id":"AC-Y609-X239","grid_x":239,"grid_y":609,"centroid":[-72.4328775,-8.5340724],"aggregation":"none","score_gradboost":0.1168678,"score_random_forest":0.097295,"score_logistic_regression":0.1360817,"score_fuzzy_knn_k29":0.0390827},"geometry":{"type":"Polygon","coordinates":[[[-72.4369514,-8.5367369],[-72.4288518,-8.5368087],[-72.4288035,-8.5314079],[-72.4369031,-8.5313362],[-72.4369514,-8.5367369]]]}},{"type":"Feature","id":"AC-Y609-X240","properties":{"id":"AC-Y609-X240","grid_x":240,"grid_y":609,"centroid":[-72.4247778,-8.5341441],"aggregation":"none","score_gradboost":0.1263162,"score_random_forest":0.1199059,"score_logistic_regression":0.1412632,"score_fuzzy_knn_k29":0.0866538},"geometry":{"type":"Polygon","coordinates":[[[-72.4288518,-8.5368087],[-72.4207521,-8.5368803],[-72.4207039,-8.5314795],[-72.4288035,-8.5314079],[-72.4288518,-8.5368087]]]}},{"type":"Feature","id":"AC-Y609-X241","properties":{"id":"AC-Y609-X241","grid_x":241,"grid_y":609,"centroid":[-72.4166781,-8.5342156],"aggregation":"none","score_gradboost":0.1440591,"score_random_forest":0.1132116,"score_logistic_regression":0.1218956,"score_fuzzy_knn_k29":0.0884888},"geometry":{"type":"Polygon","coordinates":[[[-72.4207521,-8.5368803],[-72.4126523,-8.5369518],[-72.4126043,-8.5315509],[-72.4207039,-8.5314795],[-72.4207521,-8.5368803]]]}},{"type":"Feature","id":"AC-Y610-X238","properties":{"id":"AC-Y610-X238","grid_x":238,"grid_y":610,"centroid":[-72.4409286,-8.5285999],"aggregation":"none","score_gradboost":0.5135109,"score_random_forest":0.6124422,"score_logistic_regression":0.2624636,"score_fuzzy_knn_k29":0.5045071},"geometry":{"type":"Polygon","coordinates":[[[-72.4450025,-8.5312642],[-72.4369031,-8.5313362],[-72.4368548,-8.5259354],[-72.4449541,-8.5258635],[-72.4450025,-8.5312642]]]}},{"type":"Feature","id":"AC-Y610-X239","properties":{"id":"AC-Y610-X239","grid_x":239,"grid_y":610,"centroid":[-72.4328292,-8.5286717],"aggregation":"none","score_gradboost":0.14726,"score_random_forest":0.0929489,"score_logistic_regression":0.1515779,"score_fuzzy_knn_k29":0.1046758},"geometry":{"type":"Polygon","coordinates":[[[-72.4369031,-8.5313362],[-72.4288035,-8.5314079],[-72.4287553,-8.5260071],[-72.4368548,-8.5259354],[-72.4369031,-8.5313362]]]}},{"type":"Feature","id":"AC-Y610-X240","properties":{"id":"AC-Y610-X240","grid_x":240,"grid_y":610,"centroid":[-72.4247297,-8.5287433],"aggregation":"none","score_gradboost":0.1565759,"score_random_forest":0.1468817,"score_logistic_regression":0.1387222,"score_fuzzy_knn_k29":0.1358248},"geometry":{"type":"Polygon","coordinates":[[[-72.4288035,-8.5314079],[-72.4207039,-8.5314795],[-72.4206558,-8.5260787],[-72.4287553,-8.5260071],[-72.4288035,-8.5314079]]]}},{"type":"Feature","id":"AC-Y610-X241","properties":{"id":"AC-Y610-X241","grid_x":241,"grid_y":610,"centroid":[-72.4166301,-8.5288148],"aggregation":"none","score_gradboost":0.1062191,"score_random_forest":0.0279946,"score_logistic_regression":0.1238234,"score_fuzzy_knn_k29":0.0695104},"geometry":{"type":"Polygon","coordinates":[[[-72.4207039,-8.5314795],[-72.4126043,-8.5315509],[-72.4125563,-8.52615],[-72.4206558,-8.5260787],[-72.4207039,-8.5314795]]]}},{"type":"Feature","id":"AC-Y611-X239","properties":{"id":"AC-Y611-X239","grid_x":239,"grid_y":611,"centroid":[-72.4327809,-8.5232709],"aggregation":"none","score_gradboost":0.1263931,"score_random_forest":0.105532,"score_logistic_regression":0.1414581,"score_fuzzy_knn_k29":0.071549},"geometry":{"type":"Polygon","coordinates":[[[-72.4368548,-8.5259354],[-72.4287553,-8.5260071],[-72.4287072,-8.5206063],[-72.4368065,-8.5205347],[-72.4368548,-8.5259354]]]}},{"type":"Feature","id":"AC-Y611-X240","properties":{"id":"AC-Y611-X240","grid_x":240,"grid_y":611,"centroid":[-72.4246815,-8.5233425],"aggregation":"none","score_gradboost":0.2200765,"score_random_forest":0.1963356,"score_logistic_regression":0.1426904,"score_fuzzy_knn_k29":0.1648054},"geometry":{"type":"Polygon","coordinates":[[[-72.4287553,-8.5260071],[-72.4206558,-8.5260787],[-72.4206078,-8.5206778],[-72.4287072,-8.5206063],[-72.4287553,-8.5260071]]]}},{"type":"Feature","id":"AC-Y611-X241","properties":{"id":"AC-Y611-X241","grid_x":241,"grid_y":611,"centroid":[-72.4165821,-8.5234139],"aggregation":"none","score_gradboost":0.0402092,"score_random_forest":0.0206097,"score_logistic_regression":0.13039,"score_fuzzy_knn_k29":0.0585074},"geometry":{"type":"Polygon","coordinates":[[[-72.4206558,-8.5260787],[-72.4125563,-8.52615],[-72.4125083,-8.5207491],[-72.4206078,-8.5206778],[-72.4206558,-8.5260787]]]}},{"type":"Feature","id":"AC-Y612-X239","properties":{"id":"AC-Y612-X239","grid_x":239,"grid_y":612,"centroid":[-72.4327327,-8.5178701],"aggregation":"none","score_gradboost":0.1574389,"score_random_forest":0.1682011,"score_logistic_regression":0.1404056,"score_fuzzy_knn_k29":0.1129542},"geometry":{"type":"Polygon","coordinates":[[[-72.4368065,-8.5205347],[-72.4287072,-8.5206063],[-72.428659,-8.5152055],[-72.4367582,-8.5151339],[-72.4368065,-8.5205347]]]}},{"type":"Feature","id":"AC-Y612-X240","properties":{"id":"AC-Y612-X240","grid_x":240,"grid_y":612,"centroid":[-72.4246334,-8.5179417],"aggregation":"none","score_gradboost":0.0614028,"score_random_forest":0.024139,"score_logistic_regression":0.1352795,"score_fuzzy_knn_k29":0.0927393},"geometry":{"type":"Polygon","coordinates":[[[-72.4287072,-8.5206063],[-72.4206078,-8.5206778],[-72.4205597,-8.515277],[-72.428659,-8.5152055],[-72.4287072,-8.5206063]]]}},{"type":"Feature","id":"AC-Y612-X241","properties":{"id":"AC-Y612-X241","grid_x":241,"grid_y":612,"centroid":[-72.4165341,-8.5180131],"aggregation":"none","score_gradboost":0.0383511,"score_random_forest":0.0370149,"score_logistic_regression":0.1773463,"score_fuzzy_knn_k29":0.0631159},"geometry":{"type":"Polygon","coordinates":[[[-72.4206078,-8.5206778],[-72.4125083,-8.5207491],[-72.4124604,-8.5153483],[-72.4205597,-8.515277],[-72.4206078,-8.5206778]]]}},{"type":"Feature","id":"AC-Y613-X240","properties":{"id":"AC-Y613-X240","grid_x":240,"grid_y":613,"centroid":[-72.4245854,-8.5125409],"aggregation":"none","score_gradboost":0.216662,"score_random_forest":0.2116874,"score_logistic_regression":0.1616404,"score_fuzzy_knn_k29":0.429523},"geometry":{"type":"Polygon","coordinates":[[[-72.428659,-8.5152055],[-72.4205597,-8.515277],[-72.4205117,-8.5098762],[-72.4286109,-8.5098048],[-72.428659,-8.5152055]]]}},{"type":"Feature","id":"AC-Y593-X239","properties":{"id":"AC-Y593-X239","grid_x":239,"grid_y":593,"centroid":[-72.4336543,-8.6204844],"aggregation":"none","score_gradboost":0.0213041,"score_random_forest":0.0306454,"score_logistic_regression":0.0329956,"score_fuzzy_knn_k29":0.0650097},"geometry":{"type":"Polygon","coordinates":[[[-72.4377294,-8.6231484],[-72.429628,-8.623221],[-72.4295792,-8.6178202],[-72.4376806,-8.6177477],[-72.4377294,-8.6231484]]]}},{"type":"Feature","id":"AC-Y593-X240","properties":{"id":"AC-Y593-X240","grid_x":240,"grid_y":593,"centroid":[-72.4255528,-8.6205568],"aggregation":"none","score_gradboost":0.0122605,"score_random_forest":0.0134519,"score_logistic_regression":0.0363905,"score_fuzzy_knn_k29":0.1785228},"geometry":{"type":"Polygon","coordinates":[[[-72.429628,-8.623221],[-72.4215264,-8.6232933],[-72.4214778,-8.6178925],[-72.4295792,-8.6178202],[-72.429628,-8.623221]]]}},{"type":"Feature","id":"AC-Y593-X241","properties":{"id":"AC-Y593-X241","grid_x":241,"grid_y":593,"centroid":[-72.4174513,-8.6206291],"aggregation":"none","score_gradboost":0.012526,"score_random_forest":0.0098479,"score_logistic_regression":0.0339838,"score_fuzzy_knn_k29":0.1115154},"geometry":{"type":"Polygon","coordinates":[[[-72.4215264,-8.6232933],[-72.4134248,-8.6233655],[-72.4133763,-8.6179647],[-72.4214778,-8.6178925],[-72.4215264,-8.6232933]]]}},{"type":"Feature","id":"AC-Y594-X239","properties":{"id":"AC-Y594-X239","grid_x":239,"grid_y":594,"centroid":[-72.4336055,-8.6150836],"aggregation":"none","score_gradboost":0.0481401,"score_random_forest":0.0621783,"score_logistic_regression":0.044183,"score_fuzzy_knn_k29":0.3107685},"geometry":{"type":"Polygon","coordinates":[[[-72.4376806,-8.6177477],[-72.4295792,-8.6178202],[-72.4295305,-8.6124195],[-72.4376317,-8.612347],[-72.4376806,-8.6177477]]]}},{"type":"Feature","id":"AC-Y594-X240","properties":{"id":"AC-Y594-X240","grid_x":240,"grid_y":594,"centroid":[-72.4255042,-8.615156],"aggregation":"none","score_gradboost":0.0113122,"score_random_forest":0.0169276,"score_logistic_regression":0.0389495,"score_fuzzy_knn_k29":0.1793215},"geometry":{"type":"Polygon","coordinates":[[[-72.4295792,-8.6178202],[-72.4214778,-8.6178925],[-72.4214292,-8.6124917],[-72.4295305,-8.6124195],[-72.4295792,-8.6178202]]]}},{"type":"Feature","id":"AC-Y594-X241","properties":{"id":"AC-Y594-X241","grid_x":241,"grid_y":594,"centroid":[-72.4174028,-8.6152282],"aggregation":"none","score_gradboost":0.012526,"score_random_forest":0.0110775,"score_logistic_regression":0.0330591,"score_fuzzy_knn_k29":0.0877984},"geometry":{"type":"Polygon","coordinates":[[[-72.4214778,-8.6178925],[-72.4133763,-8.6179647],[-72.4133278,-8.6125638],[-72.4214292,-8.6124917],[-72.4214778,-8.6178925]]]}},{"type":"Feature","id":"AC-Y594-X242","properties":{"id":"AC-Y594-X242","grid_x":242,"grid_y":594,"centroid":[-72.4093013,-8.6153003],"aggregation":"none","score_gradboost":0.0078668,"score_random_forest":0.0037855,"score_logistic_regression":0.0554226,"score_fuzzy_knn_k29":0.0240633},"geometry":{"type":"Polygon","coordinates":[[[-72.4133763,-8.6179647],[-72.4052747,-8.6180367],[-72.4052263,-8.6126358],[-72.4133278,-8.6125638],[-72.4133763,-8.6179647]]]}},{"type":"Feature","id":"AC-Y595-X239","properties":{"id":"AC-Y595-X239","grid_x":239,"grid_y":595,"centroid":[-72.4335567,-8.6096829],"aggregation":"none","score_gradboost":0.0069039,"score_random_forest":0.0051737,"score_logistic_regression":0.0308221,"score_fuzzy_knn_k29":0.0346241},"geometry":{"type":"Polygon","coordinates":[[[-72.4376317,-8.612347],[-72.4295305,-8.6124195],[-72.4294818,-8.6070187],[-72.4375829,-8.6069463],[-72.4376317,-8.612347]]]}},{"type":"Feature","id":"AC-Y595-X240","properties":{"id":"AC-Y595-X240","grid_x":240,"grid_y":595,"centroid":[-72.4254555,-8.6097552],"aggregation":"none","score_gradboost":0.0116515,"score_random_forest":0.0135816,"score_logistic_regression":0.0320998,"score_fuzzy_knn_k29":0.1036764},"geometry":{"type":"Polygon","coordinates":[[[-72.4295305,-8.6124195],[-72.4214292,-8.6124917],[-72.4213806,-8.6070909],[-72.4294818,-8.6070187],[-72.4295305,-8.6124195]]]}},{"type":"Feature","id":"AC-Y595-X241","properties":{"id":"AC-Y595-X241","grid_x":241,"grid_y":595,"centroid":[-72.4173542,-8.6098274],"aggregation":"none","score_gradboost":0.0216592,"score_random_forest":0.0180634,"score_logistic_regression":0.0757908,"score_fuzzy_knn_k29":0.0551959},"geometry":{"type":"Polygon","coordinates":[[[-72.4214292,-8.6124917],[-72.4133278,-8.6125638],[-72.4132793,-8.607163],[-72.4213806,-8.6070909],[-72.4214292,-8.6124917]]]}},{"type":"Feature","id":"AC-Y595-X242","properties":{"id":"AC-Y595-X242","grid_x":242,"grid_y":595,"centroid":[-72.4092529,-8.6098994],"aggregation":"none","score_gradboost":0.010397,"score_random_forest":0.007367,"score_logistic_regression":0.0580052,"score_fuzzy_knn_k29":0.0392324},"geometry":{"type":"Polygon","coordinates":[[[-72.4133278,-8.6125638],[-72.4052263,-8.6126358],[-72.405178,-8.6072349],[-72.4132793,-8.607163],[-72.4133278,-8.6125638]]]}},{"type":"Feature","id":"AC-Y595-X243","properties":{"id":"AC-Y595-X243","grid_x":243,"grid_y":595,"centroid":[-72.4011514,-8.6099712],"aggregation":"none","score_gradboost":0.0138434,"score_random_forest":0.0153122,"score_logistic_regression":0.0524144,"score_fuzzy_knn_k29":0.0868024},"geometry":{"type":"Polygon","coordinates":[[[-72.4052263,-8.6126358],[-72.3971248,-8.6127075],[-72.3970766,-8.6073066],[-72.405178,-8.6072349],[-72.4052263,-8.6126358]]]}},{"type":"Feature","id":"AC-Y596-X239","properties":{"id":"AC-Y596-X239","grid_x":239,"grid_y":596,"centroid":[-72.433508,-8.6042822],"aggregation":"none","score_gradboost":0.0069039,"score_random_forest":0.0032016,"score_logistic_regression":0.0301494,"score_fuzzy_knn_k29":0.0688615},"geometry":{"type":"Polygon","coordinates":[[[-72.4375829,-8.6069463],[-72.4294818,-8.6070187],[-72.4294332,-8.601618],[-72.4375342,-8.6015456],[-72.4375829,-8.6069463]]]}},{"type":"Feature","id":"AC-Y596-X240","properties":{"id":"AC-Y596-X240","grid_x":240,"grid_y":596,"centroid":[-72.4254069,-8.6043545],"aggregation":"none","score_gradboost":0.0136895,"score_random_forest":0.020372,"score_logistic_regression":0.0350828,"score_fuzzy_knn_k29":0.1003317},"geometry":{"type":"Polygon","coordinates":[[[-72.4294818,-8.6070187],[-72.4213806,-8.6070909],[-72.4213321,-8.6016901],[-72.4294332,-8.601618],[-72.4294818,-8.6070187]]]}},{"type":"Feature","id":"AC-Y596-X241","properties":{"id":"AC-Y596-X241","grid_x":241,"grid_y":596,"centroid":[-72.4173057,-8.6044266],"aggregation":"none","score_gradboost":0.008692,"score_random_forest":0.0083985,"score_logistic_regression":0.0584669,"score_fuzzy_knn_k29":0.0267299},"geometry":{"type":"Polygon","coordinates":[[[-72.4213806,-8.6070909],[-72.4132793,-8.607163],[-72.4132309,-8.6017621],[-72.4213321,-8.6016901],[-72.4213806,-8.6070909]]]}},{"type":"Feature","id":"AC-Y596-X242","properties":{"id":"AC-Y596-X242","grid_x":242,"grid_y":596,"centroid":[-72.4092045,-8.6044985],"aggregation":"none","score_gradboost":0.0448094,"score_random_forest":0.0321992,"score_logistic_regression":0.0691269,"score_fuzzy_knn_k29":0.111123},"geometry":{"type":"Polygon","coordinates":[[[-72.4132793,-8.607163],[-72.405178,-8.6072349],[-72.4051297,-8.601834],[-72.4132309,-8.6017621],[-72.4132793,-8.607163]]]}},{"type":"Feature","id":"AC-Y596-X243","properties":{"id":"AC-Y596-X243","grid_x":243,"grid_y":596,"centroid":[-72.4011032,-8.6045703],"aggregation":"none","score_gradboost":0.2657175,"score_random_forest":0.2523873,"score_logistic_regression":0.070663,"score_fuzzy_knn_k29":0.1447448},"geometry":{"type":"Polygon","coordinates":[[[-72.405178,-8.6072349],[-72.3970766,-8.6073066],[-72.3970284,-8.6019057],[-72.4051297,-8.601834],[-72.405178,-8.6072349]]]}},{"type":"Feature","id":"AC-Y596-X244","properties":{"id":"AC-Y596-X244","grid_x":244,"grid_y":596,"centroid":[-72.3930018,-8.6046419],"aggregation":"none","score_gradboost":0.1428698,"score_random_forest":0.2520862,"score_logistic_regression":0.0652194,"score_fuzzy_knn_k29":0.1482747},"geometry":{"type":"Polygon","coordinates":[[[-72.3970766,-8.6073066],[-72.3889751,-8.6073781],[-72.388927,-8.6019772],[-72.3970284,-8.6019057],[-72.3970766,-8.6073066]]]}},{"type":"Feature","id":"AC-Y597-X239","properties":{"id":"AC-Y597-X239","grid_x":239,"grid_y":597,"centroid":[-72.4334593,-8.5988814],"aggregation":"none","score_gradboost":0.0109524,"score_random_forest":0.0109082,"score_logistic_regression":0.0342531,"score_fuzzy_knn_k29":0.1400928},"geometry":{"type":"Polygon","coordinates":[[[-72.4375342,-8.6015456],[-72.4294332,-8.601618],[-72.4293845,-8.5962172],[-72.4374854,-8.5961449],[-72.4375342,-8.6015456]]]}},{"type":"Feature","id":"AC-Y597-X240","properties":{"id":"AC-Y597-X240","grid_x":240,"grid_y":597,"centroid":[-72.4253583,-8.5989537],"aggregation":"none","score_gradboost":0.012526,"score_random_forest":0.0110775,"score_logistic_regression":0.0324459,"score_fuzzy_knn_k29":0.0858818},"geometry":{"type":"Polygon","coordinates":[[[-72.4294332,-8.601618],[-72.4213321,-8.6016901],[-72.4212836,-8.5962893],[-72.4293845,-8.5962172],[-72.4294332,-8.601618]]]}},{"type":"Feature","id":"AC-Y597-X241","properties":{"id":"AC-Y597-X241","grid_x":241,"grid_y":597,"centroid":[-72.4172573,-8.5990257],"aggregation":"none","score_gradboost":0.0294794,"score_random_forest":0.0487827,"score_logistic_regression":0.0406756,"score_fuzzy_knn_k29":0.0},"geometry":{"type":"Polygon","coordinates":[[[-72.4213321,-8.6016901],[-72.4132309,-8.6017621],[-72.4131825,-8.5963613],[-72.4212836,-8.5962893],[-72.4213321,-8.6016901]]]}},{"type":"Feature","id":"AC-Y597-X242","properties":{"id":"AC-Y597-X242","grid_x":242,"grid_y":597,"centroid":[-72.4091561,-8.5990976],"aggregation":"none","score_gradboost":0.0329888,"score_random_forest":0.0550424,"score_logistic_regression":0.060507,"score_fuzzy_knn_k29":0.1293681},"geometry":{"type":"Polygon","coordinates":[[[-72.4132309,-8.6017621],[-72.4051297,-8.601834],[-72.4050814,-8.5964331],[-72.4131825,-8.5963613],[-72.4132309,-8.6017621]]]}},{"type":"Feature","id":"AC-Y597-X243","properties":{"id":"AC-Y597-X243","grid_x":243,"grid_y":597,"centroid":[-72.4010549,-8.5991694],"aggregation":"none","score_gradboost":0.1786916,"score_random_forest":0.25573,"score_logistic_regression":0.0607848,"score_fuzzy_knn_k29":0.0686167},"geometry":{"type":"Polygon","coordinates":[[[-72.4051297,-8.601834],[-72.3970284,-8.6019057],[-72.3969802,-8.5965047],[-72.4050814,-8.5964331],[-72.4051297,-8.601834]]]}},{"type":"Feature","id":"AC-Y598-X239","properties":{"id":"AC-Y598-X239","grid_x":239,"grid_y":598,"centroid":[-72.4334107,-8.5934807],"aggregation":"none","score_gradboost":0.012526,"score_random_forest":0.0116864,"score_logistic_regression":0.0328116,"score_fuzzy_knn_k29":0.1176278},"geometry":{"type":"Polygon","coordinates":[[[-72.4374854,-8.5961449],[-72.4293845,-8.5962172],[-72.4293359,-8.5908164],[-72.4374367,-8.5907442],[-72.4374854,-8.5961449]]]}},{"type":"Feature","id":"AC-Y598-X240","properties":{"id":"AC-Y598-X240","grid_x":240,"grid_y":598,"centroid":[-72.4253098,-8.5935529],"aggregation":"none","score_gradboost":0.0138332,"score_random_forest":0.014316,"score_logistic_regression":0.0323475,"score_fuzzy_knn_k29":0.0759587},"geometry":{"type":"Polygon","coordinates":[[[-72.4293845,-8.5962172],[-72.4212836,-8.5962893],[-72.4212351,-8.5908885],[-72.4293359,-8.5908164],[-72.4293845,-8.5962172]]]}},{"type":"Feature","id":"AC-Y598-X241","properties":{"id":"AC-Y598-X241","grid_x":241,"grid_y":598,"centroid":[-72.4172088,-8.5936249],"aggregation":"none","score_gradboost":0.021739,"score_random_forest":0.0669577,"score_logistic_regression":0.0306182,"score_fuzzy_knn_k29":0.0},"geometry":{"type":"Polygon","coordinates":[[[-72.4212836,-8.5962893],[-72.4131825,-8.5963613],[-72.4131342,-8.5909604],[-72.4212351,-8.5908885],[-72.4212836,-8.5962893]]]}},{"type":"Feature","id":"AC-Y599-X238","properties":{"id":"AC-Y599-X238","grid_x":238,"grid_y":599,"centroid":[-72.4414627,-8.5880076],"aggregation":"none","score_gradboost":0.0191476,"score_random_forest":0.0221888,"score_logistic_regression":0.0439679,"score_fuzzy_knn_k29":0.1776735},"geometry":{"type":"Polygon","coordinates":[[[-72.4455374,-8.5906717],[-72.4374367,-8.5907442],[-72.4373881,-8.5853434],[-72.4454887,-8.5852711],[-72.4455374,-8.5906717]]]}},{"type":"Feature","id":"AC-Y599-X239","properties":{"id":"AC-Y599-X239","grid_x":239,"grid_y":599,"centroid":[-72.433362,-8.5880799],"aggregation":"none","score_gradboost":0.012526,"score_random_forest":0.0143998,"score_logistic_regression":0.0313779,"score_fuzzy_knn_k29":0.0957871},"geometry":{"type":"Polygon","coordinates":[[[-72.4374367,-8.5907442],[-72.4293359,-8.5908164],[-72.4292874,-8.5854157],[-72.4373881,-8.5853434],[-72.4374367,-8.5907442]]]}},{"type":"Feature","id":"AC-Y599-X240","properties":{"id":"AC-Y599-X240","grid_x":240,"grid_y":599,"centroid":[-72.4252613,-8.5881521],"aggregation":"none","score_gradboost":0.0142863,"score_random_forest":0.031505,"score_logistic_regression":0.0321396,"score_fuzzy_knn_k29":0.047572},"geometry":{"type":"Polygon","coordinates":[[[-72.4293359,-8.5908164],[-72.4212351,-8.5908885],[-72.4211866,-8.5854877],[-72.4292874,-8.5854157],[-72.4293359,-8.5908164]]]}},{"type":"Feature","id":"AC-Y600-X238","properties":{"id":"AC-Y600-X238","grid_x":238,"grid_y":600,"centroid":[-72.441414,-8.5826069],"aggregation":"none","score_gradboost":0.0233562,"score_random_forest":0.0295837,"score_logistic_regression":0.041803,"score_fuzzy_knn_k29":0.1045335},"geometry":{"type":"Polygon","coordinates":[[[-72.4454887,-8.5852711],[-72.4373881,-8.5853434],[-72.4373394,-8.5799427],[-72.4454399,-8.5798704],[-72.4454887,-8.5852711]]]}},{"type":"Feature","id":"AC-Y606-X235","properties":{"id":"AC-Y606-X235","grid_x":235,"grid_y":606,"centroid":[-72.4654216,-8.5499857],"aggregation":"none","score_gradboost":0.0211021,"score_random_forest":0.0292972,"score_logistic_regression":0.049125,"score_fuzzy_knn_k29":0.0714205},"geometry":{"type":"Polygon","coordinates":[[[-72.4694959,-8.5526497],[-72.4613962,-8.5527223],[-72.4613474,-8.5473217],[-72.469447,-8.5472491],[-72.4694959,-8.5526497]]]}},{"type":"Feature","id":"AC-Y606-X236","properties":{"id":"AC-Y606-X236","grid_x":236,"grid_y":606,"centroid":[-72.457322,-8.5500582],"aggregation":"none","score_gradboost":0.0282068,"score_random_forest":0.0481313,"score_logistic_regression":0.0400652,"score_fuzzy_knn_k29":0.0573909},"geometry":{"type":"Polygon","coordinates":[[[-72.4613962,-8.5527223],[-72.4532964,-8.5527947],[-72.4532478,-8.5473941],[-72.4613474,-8.5473217],[-72.4613962,-8.5527223]]]}},{"type":"Feature","id":"AC-Y606-X237","properties":{"id":"AC-Y606-X237","grid_x":237,"grid_y":606,"centroid":[-72.4492222,-8.5501305],"aggregation":"none","score_gradboost":0.0280086,"score_random_forest":0.0775008,"score_logistic_regression":0.0489061,"score_fuzzy_knn_k29":0.0128376},"geometry":{"type":"Polygon","coordinates":[[[-72.4532964,-8.5527947],[-72.4451966,-8.552867],[-72.445148,-8.5474663],[-72.4532478,-8.5473941],[-72.4532964,-8.5527947]]]}},{"type":"Feature","id":"AC-Y607-X234","properties":{"id":"AC-Y607-X234","grid_x":234,"grid_y":607,"centroid":[-72.4734723,-8.5445125],"aggregation":"none","score_gradboost":0.0281476,"score_random_forest":0.0431837,"score_logistic_regression":0.0420834,"score_fuzzy_knn_k29":0.0952241},"geometry":{"type":"Polygon","coordinates":[[[-72.4775465,-8.5471764],[-72.469447,-8.5472491],[-72.4693981,-8.5418486],[-72.4774975,-8.5417759],[-72.4775465,-8.5471764]]]}},{"type":"Feature","id":"AC-Y607-X235","properties":{"id":"AC-Y607-X235","grid_x":235,"grid_y":607,"centroid":[-72.4653728,-8.5445851],"aggregation":"none","score_gradboost":0.020894,"score_random_forest":0.02953,"score_logistic_regression":0.0551996,"score_fuzzy_knn_k29":0.0493966},"geometry":{"type":"Polygon","coordinates":[[[-72.469447,-8.5472491],[-72.4613474,-8.5473217],[-72.4612987,-8.5419211],[-72.4693981,-8.5418486],[-72.469447,-8.5472491]]]}},{"type":"Feature","id":"AC-Y607-X236","properties":{"id":"AC-Y607-X236","grid_x":236,"grid_y":607,"centroid":[-72.4572732,-8.5446576],"aggregation":"none","score_gradboost":0.030498,"score_random_forest":0.0441886,"score_logistic_regression":0.0417234,"score_fuzzy_knn_k29":0.0359149},"geometry":{"type":"Polygon","coordinates":[[[-72.4613474,-8.5473217],[-72.4532478,-8.5473941],[-72.4531991,-8.5419934],[-72.4612987,-8.5419211],[-72.4613474,-8.5473217]]]}},{"type":"Feature","id":"AC-Y607-X237","properties":{"id":"AC-Y607-X237","grid_x":237,"grid_y":607,"centroid":[-72.4491736,-8.5447299],"aggregation":"none","score_gradboost":0.0296103,"score_random_forest":0.0715608,"score_logistic_regression":0.0511567,"score_fuzzy_knn_k29":0.0127885},"geometry":{"type":"Polygon","coordinates":[[[-72.4532478,-8.5473941],[-72.445148,-8.5474663],[-72.4450995,-8.5420656],[-72.4531991,-8.5419934],[-72.4532478,-8.5473941]]]}},{"type":"Feature","id":"AC-Y608-X234","properties":{"id":"AC-Y608-X234","grid_x":234,"grid_y":608,"centroid":[-72.4734234,-8.539112],"aggregation":"none","score_gradboost":0.0429412,"score_random_forest":0.1570896,"score_logistic_regression":0.0637207,"score_fuzzy_knn_k29":0.1219254},"geometry":{"type":"Polygon","coordinates":[[[-72.4774975,-8.5417759],[-72.4693981,-8.5418486],[-72.4693493,-8.536448],[-72.4774486,-8.5363754],[-72.4774975,-8.5417759]]]}},{"type":"Feature","id":"AC-Y608-X235","properties":{"id":"AC-Y608-X235","grid_x":235,"grid_y":608,"centroid":[-72.465324,-8.5391846],"aggregation":"none","score_gradboost":0.026722,"score_random_forest":0.0503987,"score_logistic_regression":0.0414561,"score_fuzzy_knn_k29":0.0547124},"geometry":{"type":"Polygon","coordinates":[[[-72.4693981,-8.5418486],[-72.4612987,-8.5419211],[-72.4612499,-8.5365205],[-72.4693493,-8.536448],[-72.4693981,-8.5418486]]]}},{"type":"Feature","id":"AC-Y608-X236","properties":{"id":"AC-Y608-X236","grid_x":236,"grid_y":608,"centroid":[-72.4572246,-8.539257],"aggregation":"none","score_gradboost":0.0326551,"score_random_forest":0.0841109,"score_logistic_regression":0.0451998,"score_fuzzy_knn_k29":0.0340695},"geometry":{"type":"Polygon","coordinates":[[[-72.4612987,-8.5419211],[-72.4531991,-8.5419934],[-72.4531505,-8.5365928],[-72.4612499,-8.5365205],[-72.4612987,-8.5419211]]]}},{"type":"Feature","id":"AC-Y609-X233","properties":{"id":"AC-Y609-X233","grid_x":233,"grid_y":609,"centroid":[-72.4814737,-8.5336387],"aggregation":"none","score_gradboost":0.0271355,"score_random_forest":0.0263294,"score_logistic_regression":0.1399239,"score_fuzzy_knn_k29":0.0},"geometry":{"type":"Polygon","coordinates":[[[-72.4855478,-8.5363026],[-72.4774486,-8.5363754],[-72.4773997,-8.5309749],[-72.4854988,-8.5309021],[-72.4855478,-8.5363026]]]}},{"type":"Feature","id":"AC-Y609-X234","properties":{"id":"AC-Y609-X234","grid_x":234,"grid_y":609,"centroid":[-72.4733745,-8.5337114],"aggregation":"none","score_gradboost":0.0220685,"score_random_forest":0.0500222,"score_logistic_regression":0.161163,"score_fuzzy_knn_k29":0.0183317},"geometry":{"type":"Polygon","coordinates":[[[-72.4774486,-8.5363754],[-72.4693493,-8.536448],[-72.4693005,-8.5310475],[-72.4773997,-8.5309749],[-72.4774486,-8.5363754]]]}},{"type":"Feature","id":"AC-Y609-X235","properties":{"id":"AC-Y609-X235","grid_x":235,"grid_y":609,"centroid":[-72.4652752,-8.533784],"aggregation":"none","score_gradboost":0.0190457,"score_random_forest":0.0126147,"score_logistic_regression":0.1269006,"score_fuzzy_knn_k29":0.0273226},"geometry":{"type":"Polygon","coordinates":[[[-72.4693493,-8.536448],[-72.4612499,-8.5365205],[-72.4612012,-8.5311199],[-72.4693005,-8.5310475],[-72.4693493,-8.536448]]]}},{"type":"Feature","id":"AC-Y609-X236","properties":{"id":"AC-Y609-X236","grid_x":236,"grid_y":609,"centroid":[-72.4571759,-8.5338563],"aggregation":"none","score_gradboost":0.0304452,"score_random_forest":0.0721455,"score_logistic_regression":0.0491428,"score_fuzzy_knn_k29":0.043562},"geometry":{"type":"Polygon","coordinates":[[[-72.4612499,-8.5365205],[-72.4531505,-8.5365928],[-72.4531019,-8.5311921],[-72.4612012,-8.5311199],[-72.4612499,-8.5365205]]]}},{"type":"Feature","id":"AC-Y609-X237","properties":{"id":"AC-Y609-X237","grid_x":237,"grid_y":609,"centroid":[-72.4490765,-8.5339285],"aggregation":"none","score_gradboost":0.1211288,"score_random_forest":0.2033908,"score_logistic_regression":0.1408691,"score_fuzzy_knn_k29":0.1524387},"geometry":{"type":"Polygon","coordinates":[[[-72.4531505,-8.5365928],[-72.445051,-8.5366649],[-72.4450025,-8.5312642],[-72.4531019,-8.5311921],[-72.4531505,-8.5365928]]]}},{"type":"Feature","id":"AC-Y610-X231","properties":{"id":"AC-Y610-X231","grid_x":231,"grid_y":610,"centroid":[-72.4976227,-8.5280924],"aggregation":"none","score_gradboost":0.0331091,"score_random_forest":0.022705,"score_logistic_regression":0.1508301,"score_fuzzy_knn_k29":0.0},"geometry":{"type":"Polygon","coordinates":[[[-72.5016968,-8.5307561],[-72.4935978,-8.5308292],[-72.4935487,-8.5254288],[-72.5016475,-8.5253557],[-72.5016968,-8.5307561]]]}},{"type":"Feature","id":"AC-Y610-X232","properties":{"id":"AC-Y610-X232","grid_x":232,"grid_y":610,"centroid":[-72.4895238,-8.5281654],"aggregation":"none","score_gradboost":0.0259881,"score_random_forest":0.0313772,"score_logistic_regression":0.1574204,"score_fuzzy_knn_k29":0.0111901},"geometry":{"type":"Polygon","coordinates":[[[-72.4935978,-8.5308292],[-72.4854988,-8.5309021],[-72.4854498,-8.5255016],[-72.4935487,-8.5254288],[-72.4935978,-8.5308292]]]}},{"type":"Feature","id":"AC-Y610-X233","properties":{"id":"AC-Y610-X233","grid_x":233,"grid_y":610,"centroid":[-72.4814248,-8.5282383],"aggregation":"none","score_gradboost":0.0259567,"score_random_forest":0.0339871,"score_logistic_regression":0.1704472,"score_fuzzy_knn_k29":0.0155916},"geometry":{"type":"Polygon","coordinates":[[[-72.4854988,-8.5309021],[-72.4773997,-8.5309749],[-72.4773508,-8.5255744],[-72.4854498,-8.5255016],[-72.4854988,-8.5309021]]]}},{"type":"Feature","id":"AC-Y610-X234","properties":{"id":"AC-Y610-X234","grid_x":234,"grid_y":610,"centroid":[-72.4733257,-8.5283109],"aggregation":"none","score_gradboost":0.0293607,"score_random_forest":0.0346026,"score_logistic_regression":0.1579139,"score_fuzzy_knn_k29":0.0182669},"geometry":{"type":"Polygon","coordinates":[[[-72.4773997,-8.5309749],[-72.4693005,-8.5310475],[-72.4692517,-8.5256469],[-72.4773508,-8.5255744],[-72.4773997,-8.5309749]]]}},{"type":"Feature","id":"AC-Y610-X235","properties":{"id":"AC-Y610-X235","grid_x":235,"grid_y":610,"centroid":[-72.4652265,-8.5283834],"aggregation":"none","score_gradboost":0.0342744,"score_random_forest":0.0286392,"score_logistic_regression":0.1395399,"score_fuzzy_knn_k29":0.0325174},"geometry":{"type":"Polygon","coordinates":[[[-72.4693005,-8.5310475],[-72.4612012,-8.5311199],[-72.4611526,-8.5257193],[-72.4692517,-8.5256469],[-72.4693005,-8.5310475]]]}},{"type":"Feature","id":"AC-Y610-X236","properties":{"id":"AC-Y610-X236","grid_x":236,"grid_y":610,"centroid":[-72.4571273,-8.5284557],"aggregation":"none","score_gradboost":0.0663517,"score_random_forest":0.0491446,"score_logistic_regression":0.1407727,"score_fuzzy_knn_k29":0.127606},"geometry":{"type":"Polygon","coordinates":[[[-72.4612012,-8.5311199],[-72.4531019,-8.5311921],[-72.4530534,-8.5257915],[-72.4611526,-8.5257193],[-72.4612012,-8.5311199]]]}},{"type":"Feature","id":"AC-Y610-X237","properties":{"id":"AC-Y610-X237","grid_x":237,"grid_y":610,"centroid":[-72.449028,-8.5285279],"aggregation":"none","score_gradboost":0.3238644,"score_random_forest":0.4674352,"score_logistic_regression":0.2086203,"score_fuzzy_knn_k29":0.4129822},"geometry":{"type":"Polygon","coordinates":[[[-72.4531019,-8.5311921],[-72.4450025,-8.5312642],[-72.4449541,-8.5258635],[-72.4530534,-8.5257915],[-72.4531019,-8.5311921]]]}},{"type":"Feature","id":"AC-Y611-X230","properties":{"id":"AC-Y611-X230","grid_x":230,"grid_y":611,"centroid":[-72.5056723,-8.5226189],"aggregation":"none","score_gradboost":0.031979,"score_random_forest":0.0197746,"score_logistic_regression":0.1321465,"score_fuzzy_knn_k29":0.0},"geometry":{"type":"Polygon","coordinates":[[[-72.5097463,-8.5252825],[-72.5016475,-8.5253557],[-72.5015983,-8.5199553],[-72.509697,-8.5198822],[-72.5097463,-8.5252825]]]}},{"type":"Feature","id":"AC-Y611-X231","properties":{"id":"AC-Y611-X231","grid_x":231,"grid_y":611,"centroid":[-72.4975735,-8.5226921],"aggregation":"none","score_gradboost":0.0344883,"score_random_forest":0.0339871,"score_logistic_regression":0.1715426,"score_fuzzy_knn_k29":0.0155324},"geometry":{"type":"Polygon","coordinates":[[[-72.5016475,-8.5253557],[-72.4935487,-8.5254288],[-72.4934996,-8.5200283],[-72.5015983,-8.5199553],[-72.5016475,-8.5253557]]]}},{"type":"Feature","id":"AC-Y611-X232","properties":{"id":"AC-Y611-X232","grid_x":232,"grid_y":611,"centroid":[-72.4894747,-8.522765],"aggregation":"none","score_gradboost":0.0311525,"score_random_forest":0.0421766,"score_logistic_regression":0.1678438,"score_fuzzy_knn_k29":0.0192505},"geometry":{"type":"Polygon","coordinates":[[[-72.4935487,-8.5254288],[-72.4854498,-8.5255016],[-72.4854008,-8.5201012],[-72.4934996,-8.5200283],[-72.4935487,-8.5254288]]]}},{"type":"Feature","id":"AC-Y611-X233","properties":{"id":"AC-Y611-X233","grid_x":233,"grid_y":611,"centroid":[-72.4813758,-8.5228378],"aggregation":"none","score_gradboost":0.0304468,"score_random_forest":0.0273103,"score_logistic_regression":0.1756935,"score_fuzzy_knn_k29":0.0247062},"geometry":{"type":"Polygon","coordinates":[[[-72.4854498,-8.5255016],[-72.4773508,-8.5255744],[-72.4773019,-8.5201738],[-72.4854008,-8.5201012],[-72.4854498,-8.5255016]]]}},{"type":"Feature","id":"AC-Y611-X234","properties":{"id":"AC-Y611-X234","grid_x":234,"grid_y":611,"centroid":[-72.4732769,-8.5229104],"aggregation":"none","score_gradboost":0.0318807,"score_random_forest":0.0158983,"score_logistic_regression":0.1459793,"score_fuzzy_knn_k29":0.0200728},"geometry":{"type":"Polygon","coordinates":[[[-72.4773508,-8.5255744],[-72.4692517,-8.5256469],[-72.469203,-8.5202463],[-72.4773019,-8.5201738],[-72.4773508,-8.5255744]]]}},{"type":"Feature","id":"AC-Y611-X235","properties":{"id":"AC-Y611-X235","grid_x":235,"grid_y":611,"centroid":[-72.4651778,-8.5229828],"aggregation":"none","score_gradboost":0.0580425,"score_random_forest":0.0631094,"score_logistic_regression":0.1779188,"score_fuzzy_knn_k29":0.0613263},"geometry":{"type":"Polygon","coordinates":[[[-72.4692517,-8.5256469],[-72.4611526,-8.5257193],[-72.4611039,-8.5203187],[-72.469203,-8.5202463],[-72.4692517,-8.5256469]]]}},{"type":"Feature","id":"AC-Y611-X236","properties":{"id":"AC-Y611-X236","grid_x":236,"grid_y":611,"centroid":[-72.4570787,-8.5230551],"aggregation":"none","score_gradboost":0.1062191,"score_random_forest":0.0285581,"score_logistic_regression":0.1312021,"score_fuzzy_knn_k29":0.0940653},"geometry":{"type":"Polygon","coordinates":[[[-72.4611526,-8.5257193],[-72.4530534,-8.5257915],[-72.4530049,-8.5203908],[-72.461104,-8.5203187],[-72.4611526,-8.5257193]]]}},{"type":"Feature","id":"AC-Y611-X237","properties":{"id":"AC-Y611-X237","grid_x":237,"grid_y":611,"centroid":[-72.4489795,-8.5231272],"aggregation":"none","score_gradboost":0.1332183,"score_random_forest":0.1754113,"score_logistic_regression":0.1436589,"score_fuzzy_knn_k29":0.1059651},"geometry":{"type":"Polygon","coordinates":[[[-72.4530534,-8.5257915],[-72.4449541,-8.5258635],[-72.4449057,-8.5204628],[-72.4530049,-8.5203908],[-72.4530534,-8.5257915]]]}},{"type":"Feature","id":"AC-Y611-X238","properties":{"id":"AC-Y611-X238","grid_x":238,"grid_y":611,"centroid":[-72.4408803,-8.5231991],"aggregation":"none","score_gradboost":0.4809652,"score_random_forest":0.5466962,"score_logistic_regression":0.2436327,"score_fuzzy_knn_k29":0.4958503},"geometry":{"type":"Polygon","coordinates":[[[-72.4449541,-8.5258635],[-72.4368548,-8.5259354],[-72.4368065,-8.5205347],[-72.4449057,-8.5204628],[-72.4449541,-8.5258635]]]}},{"type":"Feature","id":"AC-Y612-X229","properties":{"id":"AC-Y612-X229","grid_x":229,"grid_y":612,"centroid":[-72.5137216,-8.5171454],"aggregation":"none","score_gradboost":0.0358628,"score_random_forest":0.0228135,"score_logistic_regression":0.1449047,"score_fuzzy_knn_k29":0.0070723},"geometry":{"type":"Polygon","coordinates":[[[-72.5177956,-8.5198088],[-72.509697,-8.5198822],[-72.5096477,-8.5144818],[-72.5177462,-8.5144085],[-72.5177956,-8.5198088]]]}},{"type":"Feature","id":"AC-Y612-X230","properties":{"id":"AC-Y612-X230","grid_x":230,"grid_y":612,"centroid":[-72.5056231,-8.5172186],"aggregation":"none","score_gradboost":0.028432,"score_random_forest":0.015326,"score_logistic_regression":0.1484386,"score_fuzzy_knn_k29":0.0097924},"geometry":{"type":"Polygon","coordinates":[[[-72.509697,-8.5198822],[-72.5015983,-8.5199553],[-72.5015492,-8.514555],[-72.5096477,-8.5144818],[-72.509697,-8.5198822]]]}},{"type":"Feature","id":"AC-Y612-X231","properties":{"id":"AC-Y612-X231","grid_x":231,"grid_y":612,"centroid":[-72.4975244,-8.5172917],"aggregation":"none","score_gradboost":0.0304468,"score_random_forest":0.0276501,"score_logistic_regression":0.1768321,"score_fuzzy_knn_k29":0.0247009},"geometry":{"type":"Polygon","coordinates":[[[-72.5015983,-8.5199553],[-72.4934996,-8.5200283],[-72.4934506,-8.5146279],[-72.5015492,-8.514555],[-72.5015983,-8.5199553]]]}},{"type":"Feature","id":"AC-Y612-X232","properties":{"id":"AC-Y612-X232","grid_x":232,"grid_y":612,"centroid":[-72.4894257,-8.5173646],"aggregation":"none","score_gradboost":0.043977,"score_random_forest":0.0432772,"score_logistic_regression":0.1788878,"score_fuzzy_knn_k29":0.0310629},"geometry":{"type":"Polygon","coordinates":[[[-72.4934996,-8.5200283],[-72.4854008,-8.5201012],[-72.4853519,-8.5147007],[-72.4934506,-8.5146279],[-72.4934996,-8.5200283]]]}},{"type":"Feature","id":"AC-Y612-X233","properties":{"id":"AC-Y612-X233","grid_x":233,"grid_y":612,"centroid":[-72.4813269,-8.5174373],"aggregation":"none","score_gradboost":0.0342744,"score_random_forest":0.0256024,"score_logistic_regression":0.1442399,"score_fuzzy_knn_k29":0.0260866},"geometry":{"type":"Polygon","coordinates":[[[-72.4854008,-8.5201012],[-72.4773019,-8.5201738],[-72.4772531,-8.5147733],[-72.4853519,-8.5147007],[-72.4854008,-8.5201012]]]}},{"type":"Feature","id":"AC-Y612-X234","properties":{"id":"AC-Y612-X234","grid_x":234,"grid_y":612,"centroid":[-72.4732281,-8.5175099],"aggregation":"none","score_gradboost":0.0580425,"score_random_forest":0.0631094,"score_logistic_regression":0.1803092,"score_fuzzy_knn_k29":0.0590418},"geometry":{"type":"Polygon","coordinates":[[[-72.4773019,-8.5201738],[-72.469203,-8.5202463],[-72.4691543,-8.5148458],[-72.4772531,-8.5147733],[-72.4773019,-8.5201738]]]}},{"type":"Feature","id":"AC-Y612-X235","properties":{"id":"AC-Y612-X235","grid_x":235,"grid_y":612,"centroid":[-72.4651291,-8.5175822],"aggregation":"none","score_gradboost":0.0446118,"score_random_forest":0.0587618,"score_logistic_regression":0.152152,"score_fuzzy_knn_k29":0.0837605},"geometry":{"type":"Polygon","coordinates":[[[-72.469203,-8.5202463],[-72.4611039,-8.5203187],[-72.4610554,-8.5149181],[-72.4691543,-8.5148458],[-72.469203,-8.5202463]]]}},{"type":"Feature","id":"AC-Y612-X236","properties":{"id":"AC-Y612-X236","grid_x":236,"grid_y":612,"centroid":[-72.4570301,-8.5176545],"aggregation":"none","score_gradboost":0.1177784,"score_random_forest":0.0851787,"score_logistic_regression":0.1499466,"score_fuzzy_knn_k29":0.2106449},"geometry":{"type":"Polygon","coordinates":[[[-72.461104,-8.5203187],[-72.4530049,-8.5203908],[-72.4529564,-8.5149902],[-72.4610554,-8.5149181],[-72.461104,-8.5203187]]]}},{"type":"Feature","id":"AC-Y612-X237","properties":{"id":"AC-Y612-X237","grid_x":237,"grid_y":612,"centroid":[-72.4489311,-8.5177265],"aggregation":"none","score_gradboost":0.2158418,"score_random_forest":0.1891705,"score_logistic_regression":0.1909946,"score_fuzzy_knn_k29":0.1003143},"geometry":{"type":"Polygon","coordinates":[[[-72.4530049,-8.5203908],[-72.4449057,-8.5204628],[-72.4448573,-8.5150621],[-72.4529564,-8.5149902],[-72.4530049,-8.5203908]]]}},{"type":"Feature","id":"AC-Y612-X238","properties":{"id":"AC-Y612-X238","grid_x":238,"grid_y":612,"centroid":[-72.4408319,-8.5177984],"aggregation":"none","score_gradboost":0.1561163,"score_random_forest":0.1798941,"score_logistic_regression":0.1921087,"score_fuzzy_knn_k29":0.1376806},"geometry":{"type":"Polygon","coordinates":[[[-72.4449057,-8.5204628],[-72.4368065,-8.5205347],[-72.4367582,-8.5151339],[-72.4448573,-8.5150621],[-72.4449057,-8.5204628]]]}},{"type":"Feature","id":"AC-Y613-X229","properties":{"id":"AC-Y613-X229","grid_x":229,"grid_y":613,"centroid":[-72.5136723,-8.5117451],"aggregation":"none","score_gradboost":0.0320761,"score_random_forest":0.0200228,"score_logistic_regression":0.1476589,"score_fuzzy_knn_k29":0.0089761},"geometry":{"type":"Polygon","coordinates":[[[-72.5177462,-8.5144085],[-72.5096477,-8.5144818],[-72.5095985,-8.5090815],[-72.5176968,-8.5090083],[-72.5177462,-8.5144085]]]}},{"type":"Feature","id":"AC-Y613-X230","properties":{"id":"AC-Y613-X230","grid_x":230,"grid_y":613,"centroid":[-72.5055739,-8.5118182],"aggregation":"none","score_gradboost":0.0336422,"score_random_forest":0.0378625,"score_logistic_regression":0.1611453,"score_fuzzy_knn_k29":0.0221071},"geometry":{"type":"Polygon","coordinates":[[[-72.5096477,-8.5144818],[-72.5015492,-8.514555],[-72.5015,-8.5091546],[-72.5095985,-8.5090815],[-72.5096477,-8.5144818]]]}},{"type":"Feature","id":"AC-Y613-X231","properties":{"id":"AC-Y613-X231","grid_x":231,"grid_y":613,"centroid":[-72.4974753,-8.5118913],"aggregation":"none","score_gradboost":0.0342744,"score_random_forest":0.0245288,"score_logistic_regression":0.1428481,"score_fuzzy_knn_k29":0.0277482},"geometry":{"type":"Polygon","coordinates":[[[-72.5015492,-8.514555],[-72.4934506,-8.5146279],[-72.4934015,-8.5092275],[-72.5015,-8.5091546],[-72.5015492,-8.514555]]]}},{"type":"Feature","id":"AC-Y613-X232","properties":{"id":"AC-Y613-X232","grid_x":232,"grid_y":613,"centroid":[-72.4893767,-8.5119641],"aggregation":"none","score_gradboost":0.0329983,"score_random_forest":0.0395333,"score_logistic_regression":0.1598551,"score_fuzzy_knn_k29":0.0301963},"geometry":{"type":"Polygon","coordinates":[[[-72.4934506,-8.5146279],[-72.4853519,-8.5147007],[-72.485303,-8.5093002],[-72.4934015,-8.5092275],[-72.4934506,-8.5146279]]]}},{"type":"Feature","id":"AC-Y613-X233","properties":{"id":"AC-Y613-X233","grid_x":233,"grid_y":613,"centroid":[-72.4812781,-8.5120368],"aggregation":"none","score_gradboost":0.0446118,"score_random_forest":0.0549474,"score_logistic_regression":0.1538349,"score_fuzzy_knn_k29":0.0696607},"geometry":{"type":"Polygon","coordinates":[[[-72.4853519,-8.5147007],[-72.4772531,-8.5147733],[-72.4772043,-8.5093728],[-72.485303,-8.5093002],[-72.4853519,-8.5147007]]]}},{"type":"Feature","id":"AC-Y613-X234","properties":{"id":"AC-Y613-X234","grid_x":234,"grid_y":613,"centroid":[-72.4731793,-8.5121093],"aggregation":"none","score_gradboost":0.0605924,"score_random_forest":0.126551,"score_logistic_regression":0.1911427,"score_fuzzy_knn_k29":0.076664},"geometry":{"type":"Polygon","coordinates":[[[-72.4772531,-8.5147733],[-72.4691543,-8.5148458],[-72.4691056,-8.5094452],[-72.4772043,-8.5093728],[-72.4772531,-8.5147733]]]}},{"type":"Feature","id":"AC-Y613-X235","properties":{"id":"AC-Y613-X235","grid_x":235,"grid_y":613,"centroid":[-72.4650805,-8.5121817],"aggregation":"none","score_gradboost":0.152175,"score_random_forest":0.1439638,"score_logistic_regression":0.1923372,"score_fuzzy_knn_k29":0.0915652},"geometry":{"type":"Polygon","coordinates":[[[-72.4691543,-8.5148458],[-72.4610554,-8.5149181],[-72.4610068,-8.5095175],[-72.4691056,-8.5094452],[-72.4691543,-8.5148458]]]}},{"type":"Feature","id":"AC-Y613-X236","properties":{"id":"AC-Y613-X236","grid_x":236,"grid_y":613,"centroid":[-72.4569816,-8.5122538],"aggregation":"none","score_gradboost":0.2972158,"score_random_forest":0.236115,"score_logistic_regression":0.1914162,"score_fuzzy_knn_k29":0.1098695},"geometry":{"type":"Polygon","coordinates":[[[-72.4610554,-8.5149181],[-72.4529564,-8.5149902],[-72.4529079,-8.5095895],[-72.4610068,-8.5095175],[-72.4610554,-8.5149181]]]}},{"type":"Feature","id":"AC-Y613-X237","properties":{"id":"AC-Y613-X237","grid_x":237,"grid_y":613,"centroid":[-72.4488827,-8.5123259],"aggregation":"none","score_gradboost":0.2538298,"score_random_forest":0.255495,"score_logistic_regression":0.2234511,"score_fuzzy_knn_k29":0.1021154},"geometry":{"type":"Polygon","coordinates":[[[-72.4529564,-8.5149902],[-72.4448573,-8.5150621],[-72.444809,-8.5096614],[-72.4529079,-8.5095895],[-72.4529564,-8.5149902]]]}},{"type":"Feature","id":"AC-Y613-X238","properties":{"id":"AC-Y613-X238","grid_x":238,"grid_y":613,"centroid":[-72.4407836,-8.5123977],"aggregation":"none","score_gradboost":0.1884381,"score_random_forest":0.1293218,"score_logistic_regression":0.2001027,"score_fuzzy_knn_k29":0.086096},"geometry":{"type":"Polygon","coordinates":[[[-72.4448573,-8.5150621],[-72.4367582,-8.5151339],[-72.43671,-8.5097332],[-72.444809,-8.5096614],[-72.4448573,-8.5150621]]]}},{"type":"Feature","id":"AC-Y613-X239","properties":{"id":"AC-Y613-X239","grid_x":239,"grid_y":613,"centroid":[-72.4326845,-8.5124694],"aggregation":"none","score_gradboost":0.1263931,"score_random_forest":0.1073308,"score_logistic_regression":0.1467851,"score_fuzzy_knn_k29":0.0827912},"geometry":{"type":"Polygon","coordinates":[[[-72.4367582,-8.5151339],[-72.428659,-8.5152055],[-72.4286109,-8.5098048],[-72.43671,-8.5097332],[-72.4367582,-8.5151339]]]}},{"type":"Feature","id":"AC-Y614-X228","properties":{"id":"AC-Y614-X228","grid_x":228,"grid_y":614,"centroid":[-72.5217213,-8.5062714],"aggregation":"none","score_gradboost":0.0335089,"score_random_forest":0.0446026,"score_logistic_regression":0.1743028,"score_fuzzy_knn_k29":0.0145154},"geometry":{"type":"Polygon","coordinates":[[[-72.5257951,-8.5089348],[-72.5176968,-8.5090083],[-72.5176475,-8.503608],[-72.5257457,-8.5035346],[-72.5257951,-8.5089348]]]}},{"type":"Feature","id":"AC-Y614-X229","properties":{"id":"AC-Y614-X229","grid_x":229,"grid_y":614,"centroid":[-72.513623,-8.5063448],"aggregation":"none","score_gradboost":0.0349424,"score_random_forest":0.0235608,"score_logistic_regression":0.1457819,"score_fuzzy_knn_k29":0.0197242},"geometry":{"type":"Polygon","coordinates":[[[-72.5176968,-8.5090083],[-72.5095985,-8.5090815],[-72.5095493,-8.5036812],[-72.5176475,-8.503608],[-72.5176968,-8.5090083]]]}},{"type":"Feature","id":"AC-Y614-X230","properties":{"id":"AC-Y614-X230","grid_x":230,"grid_y":614,"centroid":[-72.5055247,-8.5064179],"aggregation":"none","score_gradboost":0.0329983,"score_random_forest":0.0490254,"score_logistic_regression":0.1639704,"score_fuzzy_knn_k29":0.0259493},"geometry":{"type":"Polygon","coordinates":[[[-72.5095985,-8.5090815],[-72.5015,-8.5091546],[-72.5014509,-8.5037542],[-72.5095493,-8.5036812],[-72.5095985,-8.5090815]]]}},{"type":"Feature","id":"AC-Y614-X231","properties":{"id":"AC-Y614-X231","grid_x":231,"grid_y":614,"centroid":[-72.4974263,-8.5064909],"aggregation":"none","score_gradboost":0.0472891,"score_random_forest":0.047511,"score_logistic_regression":0.1707888,"score_fuzzy_knn_k29":0.0768193},"geometry":{"type":"Polygon","coordinates":[[[-72.5015,-8.5091546],[-72.4934015,-8.5092275],[-72.4933525,-8.5038271],[-72.5014509,-8.5037542],[-72.5015,-8.5091546]]]}},{"type":"Feature","id":"AC-Y614-X232","properties":{"id":"AC-Y614-X232","grid_x":232,"grid_y":614,"centroid":[-72.4893278,-8.5065637],"aggregation":"none","score_gradboost":0.0696815,"score_random_forest":0.0751086,"score_logistic_regression":0.1820453,"score_fuzzy_knn_k29":0.1098572},"geometry":{"type":"Polygon","coordinates":[[[-72.4934015,-8.5092275],[-72.485303,-8.5093002],[-72.4852541,-8.5038998],[-72.4933525,-8.5038271],[-72.4934015,-8.5092275]]]}},{"type":"Feature","id":"AC-Y614-X233","properties":{"id":"AC-Y614-X233","grid_x":233,"grid_y":614,"centroid":[-72.4812292,-8.5066363],"aggregation":"none","score_gradboost":0.2272706,"score_random_forest":0.1547513,"score_logistic_regression":0.2066175,"score_fuzzy_knn_k29":0.0979934},"geometry":{"type":"Polygon","coordinates":[[[-72.485303,-8.5093002],[-72.4772043,-8.5093728],[-72.4771555,-8.5039723],[-72.4852541,-8.5038998],[-72.485303,-8.5093002]]]}},{"type":"Feature","id":"AC-Y614-X234","properties":{"id":"AC-Y614-X234","grid_x":234,"grid_y":614,"centroid":[-72.4731306,-8.5067088],"aggregation":"none","score_gradboost":0.4924334,"score_random_forest":0.2847559,"score_logistic_regression":0.2034455,"score_fuzzy_knn_k29":0.102804},"geometry":{"type":"Polygon","coordinates":[[[-72.4772043,-8.5093728],[-72.4691056,-8.5094452],[-72.4690569,-8.5040447],[-72.4771555,-8.5039723],[-72.4772043,-8.5093728]]]}},{"type":"Feature","id":"AC-Y614-X235","properties":{"id":"AC-Y614-X235","grid_x":235,"grid_y":614,"centroid":[-72.4650319,-8.5067811],"aggregation":"none","score_gradboost":0.3481613,"score_random_forest":0.1985071,"score_logistic_regression":0.1954292,"score_fuzzy_knn_k29":0.1196757},"geometry":{"type":"Polygon","coordinates":[[[-72.4691056,-8.5094452],[-72.4610068,-8.5095175],[-72.4609582,-8.5041169],[-72.4690569,-8.5040447],[-72.4691056,-8.5094452]]]}},{"type":"Feature","id":"AC-Y614-X236","properties":{"id":"AC-Y614-X236","grid_x":236,"grid_y":614,"centroid":[-72.4569331,-8.5068532],"aggregation":"none","score_gradboost":0.3689644,"score_random_forest":0.2231452,"score_logistic_regression":0.2042024,"score_fuzzy_knn_k29":0.0873035},"geometry":{"type":"Polygon","coordinates":[[[-72.4610068,-8.5095175],[-72.4529079,-8.5095895],[-72.4528595,-8.5041889],[-72.4609582,-8.5041169],[-72.4610068,-8.5095175]]]}},{"type":"Feature","id":"AC-Y614-X237","properties":{"id":"AC-Y614-X237","grid_x":237,"grid_y":614,"centroid":[-72.4488343,-8.5069252],"aggregation":"none","score_gradboost":0.360153,"score_random_forest":0.1460226,"score_logistic_regression":0.2076841,"score_fuzzy_knn_k29":0.071759},"geometry":{"type":"Polygon","coordinates":[[[-72.4529079,-8.5095895],[-72.444809,-8.5096614],[-72.4447607,-8.5042607],[-72.4528595,-8.5041889],[-72.4529079,-8.5095895]]]}},{"type":"Feature","id":"AC-Y614-X238","properties":{"id":"AC-Y614-X238","grid_x":238,"grid_y":614,"centroid":[-72.4407354,-8.506997],"aggregation":"none","score_gradboost":0.2193298,"score_random_forest":0.1418148,"score_logistic_regression":0.186137,"score_fuzzy_knn_k29":0.092025},"geometry":{"type":"Polygon","coordinates":[[[-72.444809,-8.5096614],[-72.43671,-8.5097332],[-72.4366618,-8.5043324],[-72.4447607,-8.5042607],[-72.444809,-8.5096614]]]}},{"type":"Feature","id":"AC-Y614-X239","properties":{"id":"AC-Y614-X239","grid_x":239,"grid_y":614,"centroid":[-72.4326364,-8.5070686],"aggregation":"none","score_gradboost":0.1496321,"score_random_forest":0.131586,"score_logistic_regression":0.1651068,"score_fuzzy_knn_k29":0.1395533},"geometry":{"type":"Polygon","coordinates":[[[-72.43671,-8.5097332],[-72.4286109,-8.5098048],[-72.4285628,-8.504404],[-72.4366618,-8.5043324],[-72.43671,-8.5097332]]]}},{"type":"Feature","id":"AC-Y615-X227","properties":{"id":"AC-Y615-X227","grid_x":227,"grid_y":615,"centroid":[-72.52977,-8.5007978],"aggregation":"none","score_gradboost":0.0318772,"score_random_forest":0.0581584,"score_logistic_regression":0.1945692,"score_fuzzy_knn_k29":0.0104566},"geometry":{"type":"Polygon","coordinates":[[[-72.5338438,-8.5034611],[-72.5257457,-8.5035346],[-72.5256963,-8.4981344],[-72.5337943,-8.4980609],[-72.5338438,-8.5034611]]]}},{"type":"Feature","id":"AC-Y615-X228","properties":{"id":"AC-Y615-X228","grid_x":228,"grid_y":615,"centroid":[-72.5216719,-8.5008712],"aggregation":"none","score_gradboost":0.026257,"score_random_forest":0.015326,"score_logistic_regression":0.1566368,"score_fuzzy_knn_k29":0.0103362},"geometry":{"type":"Polygon","coordinates":[[[-72.5257457,-8.5035346],[-72.5176475,-8.503608],[-72.5175982,-8.4982077],[-72.5256963,-8.4981344],[-72.5257457,-8.5035346]]]}},{"type":"Feature","id":"AC-Y615-X229","properties":{"id":"AC-Y615-X229","grid_x":229,"grid_y":615,"centroid":[-72.5135738,-8.5009445],"aggregation":"none","score_gradboost":0.0336313,"score_random_forest":0.0353913,"score_logistic_regression":0.1643347,"score_fuzzy_knn_k29":0.0259459},"geometry":{"type":"Polygon","coordinates":[[[-72.5176475,-8.503608],[-72.5095493,-8.5036812],[-72.5095001,-8.4982809],[-72.5175982,-8.4982077],[-72.5176475,-8.503608]]]}},{"type":"Feature","id":"AC-Y615-X230","properties":{"id":"AC-Y615-X230","grid_x":230,"grid_y":615,"centroid":[-72.5054755,-8.5010175],"aggregation":"none","score_gradboost":0.0472891,"score_random_forest":0.0605188,"score_logistic_regression":0.1698081,"score_fuzzy_knn_k29":0.0698539},"geometry":{"type":"Polygon","coordinates":[[[-72.5095493,-8.5036812],[-72.5014509,-8.5037542],[-72.5014019,-8.4983538],[-72.5095001,-8.4982809],[-72.5095493,-8.5036812]]]}},{"type":"Feature","id":"AC-Y615-X231","properties":{"id":"AC-Y615-X231","grid_x":231,"grid_y":615,"centroid":[-72.4973772,-8.5010905],"aggregation":"none","score_gradboost":0.6335807,"score_random_forest":0.6765218,"score_logistic_regression":0.2840541,"score_fuzzy_knn_k29":0.6001181},"geometry":{"type":"Polygon","coordinates":[[[-72.5014509,-8.5037542],[-72.4933525,-8.5038271],[-72.4933036,-8.4984267],[-72.5014019,-8.4983538],[-72.5014509,-8.5037542]]]}},{"type":"Feature","id":"AC-Y615-X232","properties":{"id":"AC-Y615-X232","grid_x":232,"grid_y":615,"centroid":[-72.4892789,-8.5011632],"aggregation":"none","score_gradboost":0.4924334,"score_random_forest":0.2655107,"score_logistic_regression":0.2050538,"score_fuzzy_knn_k29":0.1034201},"geometry":{"type":"Polygon","coordinates":[[[-72.4933525,-8.5038271],[-72.4852541,-8.5038998],[-72.4852052,-8.4984993],[-72.4933036,-8.4984267],[-72.4933525,-8.5038271]]]}},{"type":"Feature","id":"AC-Y615-X233","properties":{"id":"AC-Y615-X233","grid_x":233,"grid_y":615,"centroid":[-72.4811804,-8.5012358],"aggregation":"none","score_gradboost":0.3730351,"score_random_forest":0.186768,"score_logistic_regression":0.2128716,"score_fuzzy_knn_k29":0.0896776},"geometry":{"type":"Polygon","coordinates":[[[-72.4852541,-8.5038998],[-72.4771555,-8.5039723],[-72.4771068,-8.4985718],[-72.4852052,-8.4984993],[-72.4852541,-8.5038998]]]}},{"type":"Feature","id":"AC-Y615-X234","properties":{"id":"AC-Y615-X234","grid_x":234,"grid_y":615,"centroid":[-72.4730819,-8.5013082],"aggregation":"none","score_gradboost":0.3689644,"score_random_forest":0.2080012,"score_logistic_regression":0.2162345,"score_fuzzy_knn_k29":0.0857957},"geometry":{"type":"Polygon","coordinates":[[[-72.4771555,-8.5039723],[-72.4690569,-8.5040447],[-72.4690083,-8.4986441],[-72.4771068,-8.4985718],[-72.4771555,-8.5039723]]]}},{"type":"Feature","id":"AC-Y615-X235","properties":{"id":"AC-Y615-X235","grid_x":235,"grid_y":615,"centroid":[-72.4649833,-8.5013805],"aggregation":"none","score_gradboost":0.6151594,"score_random_forest":0.55866,"score_logistic_regression":0.2534084,"score_fuzzy_knn_k29":0.5115489},"geometry":{"type":"Polygon","coordinates":[[[-72.4690569,-8.5040447],[-72.4609582,-8.5041169],[-72.4609097,-8.4987163],[-72.4690083,-8.4986441],[-72.4690569,-8.5040447]]]}},{"type":"Feature","id":"AC-Y615-X236","properties":{"id":"AC-Y615-X236","grid_x":236,"grid_y":615,"centroid":[-72.4568847,-8.5014526],"aggregation":"none","score_gradboost":0.3504346,"score_random_forest":0.250401,"score_logistic_regression":0.2270321,"score_fuzzy_knn_k29":0.1205302},"geometry":{"type":"Polygon","coordinates":[[[-72.4609582,-8.5041169],[-72.4528595,-8.5041889],[-72.4528111,-8.4987882],[-72.4609097,-8.4987163],[-72.4609582,-8.5041169]]]}},{"type":"Feature","id":"AC-Y615-X237","properties":{"id":"AC-Y615-X237","grid_x":237,"grid_y":615,"centroid":[-72.4487859,-8.5015245],"aggregation":"none","score_gradboost":0.2762814,"score_random_forest":0.1860601,"score_logistic_regression":0.2196287,"score_fuzzy_knn_k29":0.1133626},"geometry":{"type":"Polygon","coordinates":[[[-72.4528595,-8.5041889],[-72.4447607,-8.5042607],[-72.4447124,-8.49886],[-72.4528111,-8.4987882],[-72.4528595,-8.5041889]]]}},{"type":"Feature","id":"AC-Y615-X238","properties":{"id":"AC-Y615-X238","grid_x":238,"grid_y":615,"centroid":[-72.4406871,-8.5015963],"aggregation":"none","score_gradboost":0.2742864,"score_random_forest":0.2156594,"score_logistic_regression":0.2113446,"score_fuzzy_knn_k29":0.1363811},"geometry":{"type":"Polygon","coordinates":[[[-72.4447607,-8.5042607],[-72.4366618,-8.5043324],[-72.4366136,-8.4989317],[-72.4447124,-8.49886],[-72.4447607,-8.5042607]]]}},{"type":"Feature","id":"AC-Y616-X226","properties":{"id":"AC-Y616-X226","grid_x":226,"grid_y":616,"centroid":[-72.5378185,-8.495324],"aggregation":"none","score_gradboost":0.0398643,"score_random_forest":0.0503782,"score_logistic_regression":0.174118,"score_fuzzy_knn_k29":0.0119891},"geometry":{"type":"Polygon","coordinates":[[[-72.5418922,-8.4979872],[-72.5337943,-8.4980609],[-72.5337448,-8.4926607],[-72.5418426,-8.4925871],[-72.5418922,-8.4979872]]]}},{"type":"Feature","id":"AC-Y616-X227","properties":{"id":"AC-Y616-X227","grid_x":227,"grid_y":616,"centroid":[-72.5297206,-8.4953976],"aggregation":"none","score_gradboost":0.0299991,"score_random_forest":0.0444467,"score_logistic_regression":0.1717985,"score_fuzzy_knn_k29":0.0159399},"geometry":{"type":"Polygon","coordinates":[[[-72.5337943,-8.4980609],[-72.5256963,-8.4981344],[-72.5256469,-8.4927341],[-72.5337448,-8.4926607],[-72.5337943,-8.4980609]]]}},{"type":"Feature","id":"AC-Y616-X228","properties":{"id":"AC-Y616-X228","grid_x":228,"grid_y":616,"centroid":[-72.5216226,-8.4954709],"aggregation":"none","score_gradboost":0.0427538,"score_random_forest":0.0433443,"score_logistic_regression":0.1900782,"score_fuzzy_knn_k29":0.0284277},"geometry":{"type":"Polygon","coordinates":[[[-72.5256963,-8.4981344],[-72.5175982,-8.4982077],[-72.517549,-8.4928074],[-72.5256469,-8.4927341],[-72.5256963,-8.4981344]]]}},{"type":"Feature","id":"AC-Y616-X229","properties":{"id":"AC-Y616-X229","grid_x":229,"grid_y":616,"centroid":[-72.5135246,-8.4955441],"aggregation":"none","score_gradboost":0.0474655,"score_random_forest":0.0380898,"score_logistic_regression":0.1654134,"score_fuzzy_knn_k29":0.0186047},"geometry":{"type":"Polygon","coordinates":[[[-72.5175982,-8.4982077],[-72.5095001,-8.4982809],[-72.5094509,-8.4928805],[-72.517549,-8.4928074],[-72.5175982,-8.4982077]]]}},{"type":"Feature","id":"AC-Y616-X230","properties":{"id":"AC-Y616-X230","grid_x":230,"grid_y":616,"centroid":[-72.5054264,-8.4956172],"aggregation":"none","score_gradboost":0.1177802,"score_random_forest":0.0609393,"score_logistic_regression":0.1733915,"score_fuzzy_knn_k29":0.2810879},"geometry":{"type":"Polygon","coordinates":[[[-72.5095001,-8.4982809],[-72.5014019,-8.4983538],[-72.5013528,-8.4929535],[-72.5094509,-8.4928805],[-72.5095001,-8.4982809]]]}},{"type":"Feature","id":"AC-Y616-X231","properties":{"id":"AC-Y616-X231","grid_x":231,"grid_y":616,"centroid":[-72.4973282,-8.4956901],"aggregation":"none","score_gradboost":0.4642846,"score_random_forest":0.5321605,"score_logistic_regression":0.2428954,"score_fuzzy_knn_k29":0.4875802},"geometry":{"type":"Polygon","coordinates":[[[-72.5014019,-8.4983538],[-72.4933036,-8.4984267],[-72.4932547,-8.4930262],[-72.5013528,-8.4929535],[-72.5014019,-8.4983538]]]}},{"type":"Feature","id":"AC-Y616-X232","properties":{"id":"AC-Y616-X232","grid_x":232,"grid_y":616,"centroid":[-72.48923,-8.4957628],"aggregation":"none","score_gradboost":0.4966614,"score_random_forest":0.320479,"score_logistic_regression":0.2415683,"score_fuzzy_knn_k29":0.1398144},"geometry":{"type":"Polygon","coordinates":[[[-72.4933036,-8.4984267],[-72.4852052,-8.4984993],[-72.4851564,-8.4930988],[-72.4932547,-8.4930262],[-72.4933036,-8.4984267]]]}},{"type":"Feature","id":"AC-Y616-X233","properties":{"id":"AC-Y616-X233","grid_x":233,"grid_y":616,"centroid":[-72.4811317,-8.4958353],"aggregation":"none","score_gradboost":0.4052382,"score_random_forest":0.2543889,"score_logistic_regression":0.2297779,"score_fuzzy_knn_k29":0.1047318},"geometry":{"type":"Polygon","coordinates":[[[-72.4852052,-8.4984993],[-72.4771068,-8.4985718],[-72.4770581,-8.4931713],[-72.4851564,-8.4930988],[-72.4852052,-8.4984993]]]}},{"type":"Feature","id":"AC-Y616-X234","properties":{"id":"AC-Y616-X234","grid_x":234,"grid_y":616,"centroid":[-72.4730332,-8.4959077],"aggregation":"none","score_gradboost":0.3871803,"score_random_forest":0.2138811,"score_logistic_regression":0.2201365,"score_fuzzy_knn_k29":0.0975374},"geometry":{"type":"Polygon","coordinates":[[[-72.4771068,-8.4985718],[-72.4690083,-8.4986441],[-72.4689597,-8.4932435],[-72.4770581,-8.4931713],[-72.4771068,-8.4985718]]]}},{"type":"Feature","id":"AC-Y616-X235","properties":{"id":"AC-Y616-X235","grid_x":235,"grid_y":616,"centroid":[-72.4649348,-8.4959799],"aggregation":"none","score_gradboost":0.2762814,"score_random_forest":0.1877491,"score_logistic_regression":0.225489,"score_fuzzy_knn_k29":0.1181506},"geometry":{"type":"Polygon","coordinates":[[[-72.4690083,-8.4986441],[-72.4609097,-8.4987163],[-72.4608613,-8.4933156],[-72.4689597,-8.4932435],[-72.4690083,-8.4986441]]]}},{"type":"Feature","id":"AC-Y617-X226","properties":{"id":"AC-Y617-X226","grid_x":226,"grid_y":617,"centroid":[-72.5377689,-8.4899238],"aggregation":"none","score_gradboost":0.04191,"score_random_forest":0.0161637,"score_logistic_regression":0.1587186,"score_fuzzy_knn_k29":0.0},"geometry":{"type":"Polygon","coordinates":[[[-72.5418426,-8.4925871],[-72.5337448,-8.4926607],[-72.5336953,-8.4872605],[-72.541793,-8.487187],[-72.5418426,-8.4925871]]]}},{"type":"Feature","id":"AC-Y617-X227","properties":{"id":"AC-Y617-X227","grid_x":227,"grid_y":617,"centroid":[-72.5296712,-8.4899973],"aggregation":"none","score_gradboost":0.0446075,"score_random_forest":0.0163478,"score_logistic_regression":0.1564759,"score_fuzzy_knn_k29":0.015559},"geometry":{"type":"Polygon","coordinates":[[[-72.5337448,-8.4926607],[-72.5256469,-8.4927341],[-72.5255976,-8.4873339],[-72.5336953,-8.4872605],[-72.5337448,-8.4926607]]]}},{"type":"Feature","id":"AC-Y617-X228","properties":{"id":"AC-Y617-X228","grid_x":228,"grid_y":617,"centroid":[-72.5215733,-8.4900707],"aggregation":"none","score_gradboost":0.0448513,"score_random_forest":0.0339474,"score_logistic_regression":0.1595837,"score_fuzzy_knn_k29":0.0378339},"geometry":{"type":"Polygon","coordinates":[[[-72.5256469,-8.4927341],[-72.517549,-8.4928074],[-72.5174997,-8.4874071],[-72.5255976,-8.4873339],[-72.5256469,-8.4927341]]]}},{"type":"Feature","id":"AC-Y617-X229","properties":{"id":"AC-Y617-X229","grid_x":229,"grid_y":617,"centroid":[-72.5134754,-8.4901438],"aggregation":"none","score_gradboost":0.1311353,"score_random_forest":0.1183511,"score_logistic_regression":0.2074422,"score_fuzzy_knn_k29":0.0771639},"geometry":{"type":"Polygon","coordinates":[[[-72.517549,-8.4928074],[-72.5094509,-8.4928805],[-72.5094018,-8.4874802],[-72.5174997,-8.4874071],[-72.517549,-8.4928074]]]}},{"type":"Feature","id":"AC-Y617-X230","properties":{"id":"AC-Y617-X230","grid_x":230,"grid_y":617,"centroid":[-72.5053774,-8.4902168],"aggregation":"none","score_gradboost":0.3828894,"score_random_forest":0.2497489,"score_logistic_regression":0.1830921,"score_fuzzy_knn_k29":0.2845672},"geometry":{"type":"Polygon","coordinates":[[[-72.5094509,-8.4928805],[-72.5013528,-8.4929535],[-72.5013038,-8.4875531],[-72.5094018,-8.4874802],[-72.5094509,-8.4928805]]]}},{"type":"Feature","id":"AC-Y617-X231","properties":{"id":"AC-Y617-X231","grid_x":231,"grid_y":617,"centroid":[-72.4972793,-8.4902897],"aggregation":"none","score_gradboost":0.3249145,"score_random_forest":0.2280791,"score_logistic_regression":0.212361,"score_fuzzy_knn_k29":0.0854111},"geometry":{"type":"Polygon","coordinates":[[[-72.5013528,-8.4929535],[-72.4932547,-8.4930262],[-72.4932058,-8.4876258],[-72.5013038,-8.4875531],[-72.5013528,-8.4929535]]]}},{"type":"Feature","id":"AC-Y617-X232","properties":{"id":"AC-Y617-X232","grid_x":232,"grid_y":617,"centroid":[-72.4891811,-8.4903623],"aggregation":"none","score_gradboost":0.6725272,"score_random_forest":0.6768544,"score_logistic_regression":0.28721,"score_fuzzy_knn_k29":0.6248672},"geometry":{"type":"Polygon","coordinates":[[[-72.4932547,-8.4930262],[-72.4851564,-8.4930988],[-72.4851076,-8.4876984],[-72.4932058,-8.4876258],[-72.4932547,-8.4930262]]]}},{"type":"Feature","id":"AC-Y617-X233","properties":{"id":"AC-Y617-X233","grid_x":233,"grid_y":617,"centroid":[-72.4810829,-8.4904348],"aggregation":"none","score_gradboost":0.443106,"score_random_forest":0.3296534,"score_logistic_regression":0.2706988,"score_fuzzy_knn_k29":0.2353332},"geometry":{"type":"Polygon","coordinates":[[[-72.4851564,-8.4930988],[-72.4770581,-8.4931713],[-72.4770094,-8.4877708],[-72.4851076,-8.4876984],[-72.4851564,-8.4930988]]]}},{"type":"Feature","id":"AC-Y617-X234","properties":{"id":"AC-Y617-X234","grid_x":234,"grid_y":617,"centroid":[-72.4729846,-8.4905072],"aggregation":"none","score_gradboost":0.2519313,"score_random_forest":0.1515041,"score_logistic_regression":0.2048562,"score_fuzzy_knn_k29":0.0883688},"geometry":{"type":"Polygon","coordinates":[[[-72.4770581,-8.4931713],[-72.4689597,-8.4932435],[-72.4689112,-8.487843],[-72.4770094,-8.4877708],[-72.4770581,-8.4931713]]]}},{"type":"Feature","id":"AC-Y618-X227","properties":{"id":"AC-Y618-X227","grid_x":227,"grid_y":618,"centroid":[-72.5296218,-8.4845971],"aggregation":"none","score_gradboost":0.0483622,"score_random_forest":0.0520245,"score_logistic_regression":0.176024,"score_fuzzy_knn_k29":0.0286151},"geometry":{"type":"Polygon","coordinates":[[[-72.5336953,-8.4872605],[-72.5255976,-8.4873339],[-72.5255483,-8.4819337],[-72.5336459,-8.4818603],[-72.5336953,-8.4872605]]]}},{"type":"Feature","id":"AC-Y618-X228","properties":{"id":"AC-Y618-X228","grid_x":228,"grid_y":618,"centroid":[-72.521524,-8.4846704],"aggregation":"none","score_gradboost":0.0701243,"score_random_forest":0.047511,"score_logistic_regression":0.1791628,"score_fuzzy_knn_k29":0.0747044},"geometry":{"type":"Polygon","coordinates":[[[-72.5255976,-8.4873339],[-72.5174997,-8.4874071],[-72.5174505,-8.4820068],[-72.5255483,-8.4819337],[-72.5255976,-8.4873339]]]}},{"type":"Feature","id":"AC-Y618-X229","properties":{"id":"AC-Y618-X229","grid_x":229,"grid_y":618,"centroid":[-72.5134262,-8.4847435],"aggregation":"none","score_gradboost":0.1155669,"score_random_forest":0.0647656,"score_logistic_regression":0.1662258,"score_fuzzy_knn_k29":0.3958747},"geometry":{"type":"Polygon","coordinates":[[[-72.5174997,-8.4874071],[-72.5094018,-8.4874802],[-72.5093527,-8.4820799],[-72.5174505,-8.4820068],[-72.5174997,-8.4874071]]]}},{"type":"Feature","id":"AC-Y618-X230","properties":{"id":"AC-Y618-X230","grid_x":230,"grid_y":618,"centroid":[-72.5053283,-8.4848165],"aggregation":"none","score_gradboost":0.4669676,"score_random_forest":0.1989796,"score_logistic_regression":0.2283033,"score_fuzzy_knn_k29":0.0912177},"geometry":{"type":"Polygon","coordinates":[[[-72.5094018,-8.4874802],[-72.5013038,-8.4875531],[-72.5012549,-8.4821527],[-72.5093527,-8.4820799],[-72.5094018,-8.4874802]]]}},{"type":"Feature","id":"AC-Y618-X231","properties":{"id":"AC-Y618-X231","grid_x":231,"grid_y":618,"centroid":[-72.4972304,-8.4848893],"aggregation":"none","score_gradboost":0.4126605,"score_random_forest":0.2501618,"score_logistic_regression":0.2272573,"score_fuzzy_knn_k29":0.101012},"geometry":{"type":"Polygon","coordinates":[[[-72.5013038,-8.4875531],[-72.4932058,-8.4876258],[-72.4931569,-8.4822254],[-72.5012549,-8.4821527],[-72.5013038,-8.4875531]]]}},{"type":"Feature","id":"AC-Y619-X228","properties":{"id":"AC-Y619-X228","grid_x":228,"grid_y":619,"centroid":[-72.5214748,-8.4792701],"aggregation":"none","score_gradboost":0.1115795,"score_random_forest":0.0758581,"score_logistic_regression":0.1715814,"score_fuzzy_knn_k29":0.2827633},"geometry":{"type":"Polygon","coordinates":[[[-72.5255483,-8.4819337],[-72.5174505,-8.4820068],[-72.5174014,-8.4766066],[-72.525499,-8.4765334],[-72.5255483,-8.4819337]]]}},{"type":"Feature","id":"AC-Y619-X229","properties":{"id":"AC-Y619-X229","grid_x":229,"grid_y":619,"centroid":[-72.5133771,-8.4793432],"aggregation":"none","score_gradboost":0.2102413,"score_random_forest":0.1846546,"score_logistic_regression":0.1981234,"score_fuzzy_knn_k29":0.0914439},"geometry":{"type":"Polygon","coordinates":[[[-72.5174505,-8.4820068],[-72.5093527,-8.4820799],[-72.5093037,-8.4766795],[-72.5174014,-8.4766066],[-72.5174505,-8.4820068]]]}},{"type":"Feature","id":"AC-Y619-X230","properties":{"id":"AC-Y619-X230","grid_x":230,"grid_y":619,"centroid":[-72.5052793,-8.4794161],"aggregation":"none","score_gradboost":0.4765476,"score_random_forest":0.31842,"score_logistic_regression":0.2498688,"score_fuzzy_knn_k29":0.1435796},"geometry":{"type":"Polygon","coordinates":[[[-72.5093527,-8.4820799],[-72.5012549,-8.4821527],[-72.5012059,-8.4767523],[-72.5093037,-8.4766795],[-72.5093527,-8.4820799]]]}},{"type":"Feature","id":"AC-Y619-X231","properties":{"id":"AC-Y619-X231","grid_x":231,"grid_y":619,"centroid":[-72.4971815,-8.4794889],"aggregation":"none","score_gradboost":0.3705476,"score_random_forest":0.2091796,"score_logistic_regression":0.2334026,"score_fuzzy_knn_k29":0.1235887},"geometry":{"type":"Polygon","coordinates":[[[-72.5012549,-8.4821527],[-72.4931569,-8.4822254],[-72.4931081,-8.476825],[-72.5012059,-8.4767523],[-72.5012549,-8.4821527]]]}},{"type":"Feature","id":"AC-Y620-X228","properties":{"id":"AC-Y620-X228","grid_x":228,"grid_y":620,"centroid":[-72.5214256,-8.4738699],"aggregation":"none","score_gradboost":0.4723301,"score_random_forest":0.2902626,"score_logistic_regression":0.2200849,"score_fuzzy_knn_k29":0.1026361},"geometry":{"type":"Polygon","coordinates":[[[-72.525499,-8.4765334],[-72.5174014,-8.4766066],[-72.5173522,-8.4712063],[-72.5254497,-8.4711332],[-72.525499,-8.4765334]]]}},{"type":"Feature","id":"AC-Y620-X229","properties":{"id":"AC-Y620-X229","grid_x":229,"grid_y":620,"centroid":[-72.513328,-8.4739429],"aggregation":"none","score_gradboost":0.373244,"score_random_forest":0.2880535,"score_logistic_regression":0.2411051,"score_fuzzy_knn_k29":0.1110855},"geometry":{"type":"Polygon","coordinates":[[[-72.5174014,-8.4766066],[-72.5093037,-8.4766795],[-72.5092547,-8.4712792],[-72.5173522,-8.4712063],[-72.5174014,-8.4766066]]]}},{"type":"Feature","id":"AC-Y620-X230","properties":{"id":"AC-Y620-X230","grid_x":230,"grid_y":620,"centroid":[-72.5052303,-8.4740158],"aggregation":"none","score_gradboost":0.7552344,"score_random_forest":0.79338,"score_logistic_regression":0.3256435,"score_fuzzy_knn_k29":0.7580582},"geometry":{"type":"Polygon","coordinates":[[[-72.5093037,-8.4766795],[-72.5012059,-8.4767523],[-72.501157,-8.4713519],[-72.5092547,-8.4712792],[-72.5093037,-8.4766795]]]}},{"type":"Feature","id":"AC-Y621-X229","properties":{"id":"AC-Y621-X229","grid_x":229,"grid_y":621,"centroid":[-72.5132789,-8.4685426],"aggregation":"none","score_gradboost":0.3838879,"score_random_forest":0.234483,"score_logistic_regression":0.2350416,"score_fuzzy_knn_k29":0.1238756},"geometry":{"type":"Polygon","coordinates":[[[-72.5173522,-8.4712063],[-72.5092547,-8.4712792],[-72.5092057,-8.4658788],[-72.5173031,-8.465806],[-72.5173522,-8.4712063]]]}},{"type":"Feature","id":"AC-Y601-X253","properties":{"id":"AC-Y601-X253","grid_x":253,"grid_y":601,"centroid":[-72.319851,-8.5782719],"aggregation":"none","score_gradboost":0.0078804,"score_random_forest":0.0025,"score_logistic_regression":0.0403186,"score_fuzzy_knn_k29":0.0},"geometry":{"type":"Polygon","coordinates":[[[-72.3239253,-8.5809376],[-72.3158238,-8.5810074],[-72.3157769,-8.575606],[-72.3238783,-8.5755363],[-72.3239253,-8.5809376]]]}},{"type":"Feature","id":"AC-Y602-X251","properties":{"id":"AC-Y602-X251","grid_x":251,"grid_y":602,"centroid":[-72.3360067,-8.5727307],"aggregation":"none","score_gradboost":0.0197856,"score_random_forest":0.0194574,"score_logistic_regression":0.0426704,"score_fuzzy_knn_k29":0.0},"geometry":{"type":"Polygon","coordinates":[[[-72.3400809,-8.5753963],[-72.3319796,-8.5754664],[-72.3319325,-8.570065],[-72.3400337,-8.569995],[-72.3400809,-8.5753963]]]}},{"type":"Feature","id":"AC-Y602-X252","properties":{"id":"AC-Y602-X252","grid_x":252,"grid_y":602,"centroid":[-72.3279054,-8.5728007],"aggregation":"none","score_gradboost":0.0099126,"score_random_forest":0.0047749,"score_logistic_regression":0.0433633,"score_fuzzy_knn_k29":0.0},"geometry":{"type":"Polygon","coordinates":[[[-72.3319796,-8.5754664],[-72.3238783,-8.5755363],[-72.3238313,-8.5701349],[-72.3319325,-8.570065],[-72.3319796,-8.5754664]]]}},{"type":"Feature","id":"AC-Y602-X253","properties":{"id":"AC-Y602-X253","grid_x":253,"grid_y":602,"centroid":[-72.3198041,-8.5728705],"aggregation":"none","score_gradboost":0.0078804,"score_random_forest":0.0,"score_logistic_regression":0.0380552,"score_fuzzy_knn_k29":0.0},"geometry":{"type":"Polygon","coordinates":[[[-72.3238783,-8.5755363],[-72.3157769,-8.575606],[-72.31573,-8.5702046],[-72.3238313,-8.5701349],[-72.3238783,-8.5755363]]]}},{"type":"Feature","id":"AC-Y602-X254","properties":{"id":"AC-Y602-X254","grid_x":254,"grid_y":602,"centroid":[-72.3117027,-8.5729401],"aggregation":"none","score_gradboost":0.005972,"score_random_forest":0.0014557,"score_logistic_regression":0.0561764,"score_fuzzy_knn_k29":0.0},"geometry":{"type":"Polygon","coordinates":[[[-72.3157769,-8.575606],[-72.3076754,-8.5756756],[-72.3076286,-8.5702742],[-72.31573,-8.5702046],[-72.3157769,-8.575606]]]}},{"type":"Feature","id":"AC-Y603-X249","properties":{"id":"AC-Y603-X249","grid_x":249,"grid_y":603,"centroid":[-72.3521616,-8.567189],"aggregation":"none","score_gradboost":0.0057006,"score_random_forest":0.0063664,"score_logistic_regression":0.0466025,"score_fuzzy_knn_k29":0.0},"geometry":{"type":"Polygon","coordinates":[[[-72.3562358,-8.5698544],[-72.3481348,-8.5699248],[-72.3480875,-8.5645236],[-72.3561884,-8.5644532],[-72.3562358,-8.5698544]]]}},{"type":"Feature","id":"AC-Y603-X250","properties":{"id":"AC-Y603-X250","grid_x":250,"grid_y":603,"centroid":[-72.3440606,-8.5672593],"aggregation":"none","score_gradboost":0.0197856,"score_random_forest":0.0193643,"score_logistic_regression":0.0426838,"score_fuzzy_knn_k29":0.0},"geometry":{"type":"Polygon","coordinates":[[[-72.3481348,-8.5699248],[-72.3400337,-8.569995],[-72.3399865,-8.5645937],[-72.3480875,-8.5645236],[-72.3481348,-8.5699248]]]}},{"type":"Feature","id":"AC-Y603-X251","properties":{"id":"AC-Y603-X251","grid_x":251,"grid_y":603,"centroid":[-72.3359595,-8.5673294],"aggregation":"none","score_gradboost":0.0099126,"score_random_forest":0.0051808,"score_logistic_regression":0.0443309,"score_fuzzy_knn_k29":0.0},"geometry":{"type":"Polygon","coordinates":[[[-72.3400337,-8.569995],[-72.3319325,-8.570065],[-72.3318855,-8.5646637],[-72.3399865,-8.5645937],[-72.3400337,-8.569995]]]}},{"type":"Feature","id":"AC-Y603-X252","properties":{"id":"AC-Y603-X252","grid_x":252,"grid_y":603,"centroid":[-72.3278584,-8.5673993],"aggregation":"none","score_gradboost":0.0065564,"score_random_forest":0.0014829,"score_logistic_regression":0.0458682,"score_fuzzy_knn_k29":0.0},"geometry":{"type":"Polygon","coordinates":[[[-72.3319325,-8.570065],[-72.3238313,-8.5701349],[-72.3237843,-8.5647336],[-72.3318855,-8.5646637],[-72.3319325,-8.570065]]]}},{"type":"Feature","id":"AC-Y603-X253","properties":{"id":"AC-Y603-X253","grid_x":253,"grid_y":603,"centroid":[-72.3197572,-8.5674691],"aggregation":"none","score_gradboost":0.0077853,"score_random_forest":0.0,"score_logistic_regression":0.04173,"score_fuzzy_knn_k29":0.0},"geometry":{"type":"Polygon","coordinates":[[[-72.3238313,-8.5701349],[-72.31573,-8.5702046],[-72.3156832,-8.5648032],[-72.3237843,-8.5647336],[-72.3238313,-8.5701349]]]}},{"type":"Feature","id":"AC-Y603-X254","properties":{"id":"AC-Y603-X254","grid_x":254,"grid_y":603,"centroid":[-72.3116559,-8.5675387],"aggregation":"none","score_gradboost":0.0096269,"score_random_forest":0.0006412,"score_logistic_regression":0.0530511,"score_fuzzy_knn_k29":0.0},"geometry":{"type":"Polygon","coordinates":[[[-72.31573,-8.5702046],[-72.3076286,-8.5702742],[-72.3075819,-8.5648727],[-72.3156832,-8.5648032],[-72.31573,-8.5702046]]]}},{"type":"Feature","id":"AC-Y604-X247","properties":{"id":"AC-Y604-X247","grid_x":247,"grid_y":604,"centroid":[-72.3683159,-8.5616468],"aggregation":"none","score_gradboost":0.0060825,"score_random_forest":0.0006226,"score_logistic_regression":0.043665,"score_fuzzy_knn_k29":0.0},"geometry":{"type":"Polygon","coordinates":[[[-72.37239,-8.564312],[-72.3642892,-8.5643827],[-72.3642418,-8.5589816],[-72.3723424,-8.5589109],[-72.37239,-8.564312]]]}},{"type":"Feature","id":"AC-Y604-X248","properties":{"id":"AC-Y604-X248","grid_x":248,"grid_y":604,"centroid":[-72.3602151,-8.5617174],"aggregation":"none","score_gradboost":0.0057006,"score_random_forest":0.0024086,"score_logistic_regression":0.0474722,"score_fuzzy_knn_k29":0.0},"geometry":{"type":"Polygon","coordinates":[[[-72.3642892,-8.5643827],[-72.3561884,-8.5644532],[-72.356141,-8.559052],[-72.3642418,-8.5589816],[-72.3642892,-8.5643827]]]}},{"type":"Feature","id":"AC-Y604-X249","properties":{"id":"AC-Y604-X249","grid_x":249,"grid_y":604,"centroid":[-72.3521143,-8.5617878],"aggregation":"none","score_gradboost":0.0123369,"score_random_forest":0.0094223,"score_logistic_regression":0.053504,"score_fuzzy_knn_k29":0.0},"geometry":{"type":"Polygon","coordinates":[[[-72.3561884,-8.5644532],[-72.3480875,-8.5645236],[-72.3480402,-8.5591223],[-72.356141,-8.559052],[-72.3561884,-8.5644532]]]}},{"type":"Feature","id":"AC-Y604-X250","properties":{"id":"AC-Y604-X250","grid_x":250,"grid_y":604,"centroid":[-72.3440134,-8.561858],"aggregation":"none","score_gradboost":0.0201748,"score_random_forest":0.0385678,"score_logistic_regression":0.0432805,"score_fuzzy_knn_k29":0.0},"geometry":{"type":"Polygon","coordinates":[[[-72.3480875,-8.5645236],[-72.3399865,-8.5645937],[-72.3399394,-8.5591925],[-72.3480402,-8.5591223],[-72.3480875,-8.5645236]]]}},{"type":"Feature","id":"AC-Y604-X251","properties":{"id":"AC-Y604-X251","grid_x":251,"grid_y":604,"centroid":[-72.3359124,-8.5619281],"aggregation":"none","score_gradboost":0.0065564,"score_random_forest":0.0006412,"score_logistic_regression":0.0552495,"score_fuzzy_knn_k29":0.0},"geometry":{"type":"Polygon","coordinates":[[[-72.3399865,-8.5645937],[-72.3318855,-8.5646637],[-72.3318384,-8.5592624],[-72.3399394,-8.5591925],[-72.3399865,-8.5645937]]]}},{"type":"Feature","id":"AC-Y604-X252","properties":{"id":"AC-Y604-X252","grid_x":252,"grid_y":604,"centroid":[-72.3278114,-8.561998],"aggregation":"none","score_gradboost":0.0073756,"score_random_forest":0.0092042,"score_logistic_regression":0.0638768,"score_fuzzy_knn_k29":0.0},"geometry":{"type":"Polygon","coordinates":[[[-72.3318855,-8.5646637],[-72.3237843,-8.5647336],[-72.3237374,-8.5593322],[-72.3318384,-8.5592624],[-72.3318855,-8.5646637]]]}},{"type":"Feature","id":"AC-Y604-X253","properties":{"id":"AC-Y604-X253","grid_x":253,"grid_y":604,"centroid":[-72.3197103,-8.5620677],"aggregation":"none","score_gradboost":0.005972,"score_random_forest":0.0020275,"score_logistic_regression":0.04929,"score_fuzzy_knn_k29":0.0},"geometry":{"type":"Polygon","coordinates":[[[-72.3237843,-8.5647336],[-72.3156832,-8.5648032],[-72.3156363,-8.5594018],[-72.3237374,-8.5593322],[-72.3237843,-8.5647336]]]}},{"type":"Feature","id":"AC-Y604-X254","properties":{"id":"AC-Y604-X254","grid_x":254,"grid_y":604,"centroid":[-72.3116092,-8.5621373],"aggregation":"none","score_gradboost":0.009349,"score_random_forest":0.0013288,"score_logistic_regression":0.0559737,"score_fuzzy_knn_k29":0.0},"geometry":{"type":"Polygon","coordinates":[[[-72.3156832,-8.5648032],[-72.3075819,-8.5648727],[-72.3075352,-8.5594712],[-72.3156363,-8.5594018],[-72.3156832,-8.5648032]]]}},{"type":"Feature","id":"AC-Y605-X245","properties":{"id":"AC-Y605-X245","grid_x":245,"grid_y":605,"centroid":[-72.3844694,-8.5561042],"aggregation":"none","score_gradboost":0.013491,"score_random_forest":0.0148934,"score_logistic_regression":0.0494133,"score_fuzzy_knn_k29":0.0146198},"geometry":{"type":"Polygon","coordinates":[[[-72.3885435,-8.5587692],[-72.380443,-8.5588401],[-72.3803953,-8.5534391],[-72.3884957,-8.5533682],[-72.3885435,-8.5587692]]]}},{"type":"Feature","id":"AC-Y605-X246","properties":{"id":"AC-Y605-X246","grid_x":246,"grid_y":605,"centroid":[-72.3763689,-8.556175],"aggregation":"none","score_gradboost":0.0066402,"score_random_forest":0.0024241,"score_logistic_regression":0.0488655,"score_fuzzy_knn_k29":0.0147318},"geometry":{"type":"Polygon","coordinates":[[[-72.380443,-8.5588401],[-72.3723424,-8.5589109],[-72.3722948,-8.5535099],[-72.3803953,-8.5534391],[-72.380443,-8.5588401]]]}},{"type":"Feature","id":"AC-Y605-X247","properties":{"id":"AC-Y605-X247","grid_x":247,"grid_y":605,"centroid":[-72.3682683,-8.5562457],"aggregation":"none","score_gradboost":0.0060825,"score_random_forest":0.0016739,"score_logistic_regression":0.0493131,"score_fuzzy_knn_k29":0.0},"geometry":{"type":"Polygon","coordinates":[[[-72.3723424,-8.5589109],[-72.3642418,-8.5589816],[-72.3641943,-8.5535804],[-72.3722948,-8.5535099],[-72.3723424,-8.5589109]]]}},{"type":"Feature","id":"AC-Y605-X248","properties":{"id":"AC-Y605-X248","grid_x":248,"grid_y":605,"centroid":[-72.3601677,-8.5563162],"aggregation":"none","score_gradboost":0.0056157,"score_random_forest":0.0024883,"score_logistic_regression":0.0556024,"score_fuzzy_knn_k29":0.0},"geometry":{"type":"Polygon","coordinates":[[[-72.3642418,-8.5589816],[-72.356141,-8.559052],[-72.3560937,-8.5536509],[-72.3641943,-8.5535804],[-72.3642418,-8.5589816]]]}},{"type":"Feature","id":"AC-Y605-X249","properties":{"id":"AC-Y605-X249","grid_x":249,"grid_y":605,"centroid":[-72.352067,-8.5563866],"aggregation":"none","score_gradboost":0.0295851,"score_random_forest":0.0459012,"score_logistic_regression":0.0661101,"score_fuzzy_knn_k29":0.0},"geometry":{"type":"Polygon","coordinates":[[[-72.356141,-8.559052],[-72.3480402,-8.5591223],[-72.347993,-8.5537211],[-72.3560937,-8.5536509],[-72.356141,-8.559052]]]}},{"type":"Feature","id":"AC-Y605-X250","properties":{"id":"AC-Y605-X250","grid_x":250,"grid_y":605,"centroid":[-72.3439662,-8.5564568],"aggregation":"none","score_gradboost":0.0099126,"score_random_forest":0.0047205,"score_logistic_regression":0.0516198,"score_fuzzy_knn_k29":0.0},"geometry":{"type":"Polygon","coordinates":[[[-72.3480402,-8.5591223],[-72.3399394,-8.5591925],[-72.3398922,-8.5537912],[-72.347993,-8.5537211],[-72.3480402,-8.5591223]]]}},{"type":"Feature","id":"AC-Y605-X251","properties":{"id":"AC-Y605-X251","grid_x":251,"grid_y":605,"centroid":[-72.3358654,-8.5565268],"aggregation":"none","score_gradboost":0.0065564,"score_random_forest":0.0037806,"score_logistic_regression":0.0474746,"score_fuzzy_knn_k29":0.0},"geometry":{"type":"Polygon","coordinates":[[[-72.3399394,-8.5591925],[-72.3318384,-8.5592624],[-72.3317914,-8.5538611],[-72.3398922,-8.5537912],[-72.3399394,-8.5591925]]]}},{"type":"Feature","id":"AC-Y605-X252","properties":{"id":"AC-Y605-X252","grid_x":252,"grid_y":605,"centroid":[-72.3277645,-8.5565966],"aggregation":"none","score_gradboost":0.005972,"score_random_forest":0.0058273,"score_logistic_regression":0.0532373,"score_fuzzy_knn_k29":0.0},"geometry":{"type":"Polygon","coordinates":[[[-72.3318384,-8.5592624],[-72.3237374,-8.5593322],[-72.3236905,-8.5539308],[-72.3317914,-8.5538611],[-72.3318384,-8.5592624]]]}},{"type":"Feature","id":"AC-Y605-X253","properties":{"id":"AC-Y605-X253","grid_x":253,"grid_y":605,"centroid":[-72.3196635,-8.5566663],"aggregation":"none","score_gradboost":0.0096269,"score_random_forest":0.0013288,"score_logistic_regression":0.0592472,"score_fuzzy_knn_k29":0.0},"geometry":{"type":"Polygon","coordinates":[[[-72.3237374,-8.5593322],[-72.3156363,-8.5594018],[-72.3155896,-8.5540004],[-72.3236905,-8.5539308],[-72.3237374,-8.5593322]]]}},{"type":"Feature","id":"AC-Y605-X254","properties":{"id":"AC-Y605-X254","grid_x":254,"grid_y":605,"centroid":[-72.3115624,-8.5567358],"aggregation":"none","score_gradboost":0.009349,"score_random_forest":0.0079087,"score_logistic_regression":0.0539261,"score_fuzzy_knn_k29":0.0},"geometry":{"type":"Polygon","coordinates":[[[-72.3156363,-8.5594018],[-72.3075352,-8.5594712],[-72.3074885,-8.5540698],[-72.3155896,-8.5540004],[-72.3156363,-8.5594018]]]}},{"type":"Feature","id":"AC-Y606-X245","properties":{"id":"AC-Y606-X245","grid_x":245,"grid_y":606,"centroid":[-72.3844217,-8.5507031],"aggregation":"none","score_gradboost":0.0087694,"score_random_forest":0.0069458,"score_logistic_regression":0.0510841,"score_fuzzy_knn_k29":0.0148932},"geometry":{"type":"Polygon","coordinates":[[[-72.3884957,-8.5533682],[-72.3803953,-8.5534391],[-72.3803477,-8.548038],[-72.388448,-8.5479672],[-72.3884957,-8.5533682]]]}},{"type":"Feature","id":"AC-Y606-X246","properties":{"id":"AC-Y606-X246","grid_x":246,"grid_y":606,"centroid":[-72.3763213,-8.550774],"aggregation":"none","score_gradboost":0.0060825,"score_random_forest":0.0019306,"score_logistic_regression":0.0514527,"score_fuzzy_knn_k29":0.0},"geometry":{"type":"Polygon","coordinates":[[[-72.3803953,-8.5534391],[-72.3722948,-8.5535099],[-72.3722473,-8.5481088],[-72.3803477,-8.548038],[-72.3803953,-8.5534391]]]}},{"type":"Feature","id":"AC-Y606-X247","properties":{"id":"AC-Y606-X247","grid_x":247,"grid_y":606,"centroid":[-72.3682208,-8.5508446],"aggregation":"none","score_gradboost":0.0059919,"score_random_forest":0.0024883,"score_logistic_regression":0.0557477,"score_fuzzy_knn_k29":0.0},"geometry":{"type":"Polygon","coordinates":[[[-72.3722948,-8.5535099],[-72.3641943,-8.5535804],[-72.3641469,-8.5481793],[-72.3722473,-8.5481088],[-72.3722948,-8.5535099]]]}},{"type":"Feature","id":"AC-Y606-X248","properties":{"id":"AC-Y606-X248","grid_x":248,"grid_y":606,"centroid":[-72.3601203,-8.5509151],"aggregation":"none","score_gradboost":0.0057006,"score_random_forest":0.0016739,"score_logistic_regression":0.0512772,"score_fuzzy_knn_k29":0.0},"geometry":{"type":"Polygon","coordinates":[[[-72.3641943,-8.5535804],[-72.3560937,-8.5536509],[-72.3560464,-8.5482497],[-72.3641469,-8.5481793],[-72.3641943,-8.5535804]]]}},{"type":"Feature","id":"AC-Y606-X249","properties":{"id":"AC-Y606-X249","grid_x":249,"grid_y":606,"centroid":[-72.3520197,-8.5509854],"aggregation":"none","score_gradboost":0.0197856,"score_random_forest":0.0203344,"score_logistic_regression":0.0577522,"score_fuzzy_knn_k29":0.0},"geometry":{"type":"Polygon","coordinates":[[[-72.3560937,-8.5536509],[-72.347993,-8.5537211],[-72.3479458,-8.5483199],[-72.3560464,-8.5482497],[-72.3560937,-8.5536509]]]}},{"type":"Feature","id":"AC-Y606-X250","properties":{"id":"AC-Y606-X250","grid_x":250,"grid_y":606,"centroid":[-72.3439191,-8.5510555],"aggregation":"none","score_gradboost":0.0065564,"score_random_forest":0.0033654,"score_logistic_regression":0.0582533,"score_fuzzy_knn_k29":0.0},"geometry":{"type":"Polygon","coordinates":[[[-72.347993,-8.5537211],[-72.3398922,-8.5537912],[-72.3398452,-8.5483899],[-72.3479458,-8.5483199],[-72.347993,-8.5537211]]]}},{"type":"Feature","id":"AC-Y606-X251","properties":{"id":"AC-Y606-X251","grid_x":251,"grid_y":606,"centroid":[-72.3358183,-8.5511255],"aggregation":"none","score_gradboost":0.0070504,"score_random_forest":0.0058273,"score_logistic_regression":0.0535776,"score_fuzzy_knn_k29":0.0},"geometry":{"type":"Polygon","coordinates":[[[-72.3398922,-8.5537912],[-72.3317914,-8.5538611],[-72.3317444,-8.5484598],[-72.3398452,-8.5483899],[-72.3398922,-8.5537912]]]}},{"type":"Feature","id":"AC-Y606-X252","properties":{"id":"AC-Y606-X252","grid_x":252,"grid_y":606,"centroid":[-72.3277175,-8.5511953],"aggregation":"none","score_gradboost":0.0096269,"score_random_forest":0.0006412,"score_logistic_regression":0.0580844,"score_fuzzy_knn_k29":0.0},"geometry":{"type":"Polygon","coordinates":[[[-72.3317914,-8.5538611],[-72.3236905,-8.5539308],[-72.3236437,-8.5485295],[-72.3317444,-8.5484598],[-72.3317914,-8.5538611]]]}},{"type":"Feature","id":"AC-Y606-X253","properties":{"id":"AC-Y606-X253","grid_x":253,"grid_y":606,"centroid":[-72.3196167,-8.5512649],"aggregation":"none","score_gradboost":0.009349,"score_random_forest":0.0027151,"score_logistic_regression":0.0531441,"score_fuzzy_knn_k29":0.0},"geometry":{"type":"Polygon","coordinates":[[[-72.3236905,-8.5539308],[-72.3155896,-8.5540004],[-72.3155428,-8.548599],[-72.3236437,-8.5485295],[-72.3236905,-8.5539308]]]}},{"type":"Feature","id":"AC-Y606-X254","properties":{"id":"AC-Y606-X254","grid_x":254,"grid_y":606,"centroid":[-72.3115157,-8.5513344],"aggregation":"none","score_gradboost":0.0124725,"score_random_forest":0.0050092,"score_logistic_regression":0.0647196,"score_fuzzy_knn_k29":0.0},"geometry":{"type":"Polygon","coordinates":[[[-72.3155896,-8.5540004],[-72.3074885,-8.5540698],[-72.3074419,-8.5486683],[-72.3155428,-8.548599],[-72.3155896,-8.5540004]]]}},{"type":"Feature","id":"AC-Y607-X244","properties":{"id":"AC-Y607-X244","grid_x":244,"grid_y":607,"centroid":[-72.3924742,-8.5452312],"aggregation":"none","score_gradboost":0.0141329,"score_random_forest":0.0250239,"score_logistic_regression":0.0680801,"score_fuzzy_knn_k29":0.0456029},"geometry":{"type":"Polygon","coordinates":[[[-72.3965482,-8.5478961],[-72.388448,-8.5479672],[-72.3884002,-8.5425662],[-72.3965003,-8.5424952],[-72.3965482,-8.5478961]]]}},{"type":"Feature","id":"AC-Y607-X245","properties":{"id":"AC-Y607-X245","grid_x":245,"grid_y":607,"centroid":[-72.384374,-8.5453021],"aggregation":"none","score_gradboost":0.0081372,"score_random_forest":0.0060435,"score_logistic_regression":0.0695186,"score_fuzzy_knn_k29":0.0217753},"geometry":{"type":"Polygon","coordinates":[[[-72.388448,-8.5479672],[-72.3803477,-8.548038],[-72.3803,-8.542637],[-72.3884002,-8.5425662],[-72.388448,-8.5479672]]]}},{"type":"Feature","id":"AC-Y607-X246","properties":{"id":"AC-Y607-X246","grid_x":246,"grid_y":607,"centroid":[-72.3762737,-8.5453729],"aggregation":"none","score_gradboost":0.0060825,"score_random_forest":0.004398,"score_logistic_regression":0.0541629,"score_fuzzy_knn_k29":0.0},"geometry":{"type":"Polygon","coordinates":[[[-72.3803477,-8.548038],[-72.3722473,-8.5481088],[-72.3721998,-8.5427077],[-72.3803,-8.542637],[-72.3803477,-8.548038]]]}},{"type":"Feature","id":"AC-Y607-X247","properties":{"id":"AC-Y607-X247","grid_x":247,"grid_y":607,"centroid":[-72.3681734,-8.5454435],"aggregation":"none","score_gradboost":0.0179109,"score_random_forest":0.0113811,"score_logistic_regression":0.0797567,"score_fuzzy_knn_k29":0.0},"geometry":{"type":"Polygon","coordinates":[[[-72.3722473,-8.5481088],[-72.3641469,-8.5481793],[-72.3640995,-8.5427781],[-72.3721998,-8.5427077],[-72.3722473,-8.5481088]]]}},{"type":"Feature","id":"AC-Y607-X248","properties":{"id":"AC-Y607-X248","grid_x":248,"grid_y":607,"centroid":[-72.360073,-8.5455139],"aggregation":"none","score_gradboost":0.0064595,"score_random_forest":0.0030574,"score_logistic_regression":0.0612324,"score_fuzzy_knn_k29":0.0},"geometry":{"type":"Polygon","coordinates":[[[-72.3641469,-8.5481793],[-72.3560464,-8.5482497],[-72.3559991,-8.5428485],[-72.3640995,-8.5427781],[-72.3641469,-8.5481793]]]}},{"type":"Feature","id":"AC-Y607-X249","properties":{"id":"AC-Y607-X249","grid_x":249,"grid_y":607,"centroid":[-72.3519725,-8.5455842],"aggregation":"none","score_gradboost":0.016646,"score_random_forest":0.0319391,"score_logistic_regression":0.061683,"score_fuzzy_knn_k29":0.0},"geometry":{"type":"Polygon","coordinates":[[[-72.3560464,-8.5482497],[-72.3479458,-8.5483199],[-72.3478986,-8.5429186],[-72.3559991,-8.5428485],[-72.3560464,-8.5482497]]]}},{"type":"Feature","id":"AC-Y607-X250","properties":{"id":"AC-Y607-X250","grid_x":250,"grid_y":607,"centroid":[-72.3438719,-8.5456543],"aggregation":"none","score_gradboost":0.0271514,"score_random_forest":0.0322173,"score_logistic_regression":0.0814512,"score_fuzzy_knn_k29":0.0},"geometry":{"type":"Polygon","coordinates":[[[-72.3479458,-8.5483199],[-72.3398452,-8.5483899],[-72.3397981,-8.5429886],[-72.3478986,-8.5429186],[-72.3479458,-8.5483199]]]}},{"type":"Feature","id":"AC-Y607-X251","properties":{"id":"AC-Y607-X251","grid_x":251,"grid_y":607,"centroid":[-72.3357713,-8.5457242],"aggregation":"none","score_gradboost":0.005883,"score_random_forest":0.0014488,"score_logistic_regression":0.0638288,"score_fuzzy_knn_k29":0.0},"geometry":{"type":"Polygon","coordinates":[[[-72.3398452,-8.5483899],[-72.3317444,-8.5484598],[-72.3316975,-8.5430584],[-72.3397981,-8.5429886],[-72.3398452,-8.5483899]]]}},{"type":"Feature","id":"AC-Y607-X252","properties":{"id":"AC-Y607-X252","grid_x":252,"grid_y":607,"centroid":[-72.3276706,-8.545794],"aggregation":"none","score_gradboost":0.0096269,"score_random_forest":0.0040529,"score_logistic_regression":0.0631489,"score_fuzzy_knn_k29":0.0},"geometry":{"type":"Polygon","coordinates":[[[-72.3317444,-8.5484598],[-72.3236437,-8.5485295],[-72.3235968,-8.5431281],[-72.3316975,-8.5430584],[-72.3317444,-8.5484598]]]}},{"type":"Feature","id":"AC-Y607-X253","properties":{"id":"AC-Y607-X253","grid_x":253,"grid_y":607,"centroid":[-72.3195699,-8.5458635],"aggregation":"none","score_gradboost":0.0124725,"score_random_forest":0.0036629,"score_logistic_regression":0.0624259,"score_fuzzy_knn_k29":0.0},"geometry":{"type":"Polygon","coordinates":[[[-72.3236437,-8.5485295],[-72.3155428,-8.548599],[-72.3154961,-8.5431976],[-72.3235968,-8.5431281],[-72.3236437,-8.5485295]]]}},{"type":"Feature","id":"AC-Y607-X254","properties":{"id":"AC-Y607-X254","grid_x":254,"grid_y":607,"centroid":[-72.311469,-8.545933],"aggregation":"none","score_gradboost":0.0166854,"score_random_forest":0.0286895,"score_logistic_regression":0.0893858,"score_fuzzy_knn_k29":0.0},"geometry":{"type":"Polygon","coordinates":[[[-72.3155428,-8.548599],[-72.3074419,-8.5486683],[-72.3073953,-8.5432669],[-72.3154961,-8.5431976],[-72.3155428,-8.548599]]]}},{"type":"Feature","id":"AC-Y608-X243","properties":{"id":"AC-Y608-X243","grid_x":243,"grid_y":608,"centroid":[-72.4005264,-8.5397591],"aggregation":"none","score_gradboost":0.0137391,"score_random_forest":0.0132362,"score_logistic_regression":0.0566901,"score_fuzzy_knn_k29":0.0126593},"geometry":{"type":"Polygon","coordinates":[[[-72.4046004,-8.542424],[-72.3965003,-8.5424952],[-72.3964525,-8.5370942],[-72.4045524,-8.5370231],[-72.4046004,-8.542424]]]}},{"type":"Feature","id":"AC-Y608-X244","properties":{"id":"AC-Y608-X244","grid_x":244,"grid_y":608,"centroid":[-72.3924264,-8.5398302],"aggregation":"none","score_gradboost":0.0254855,"score_random_forest":0.0166188,"score_logistic_regression":0.0813597,"score_fuzzy_knn_k29":0.0461461},"geometry":{"type":"Polygon","coordinates":[[[-72.3965003,-8.5424952],[-72.3884002,-8.5425662],[-72.3883525,-8.5371651],[-72.3964525,-8.5370942],[-72.3965003,-8.5424952]]]}},{"type":"Feature","id":"AC-Y608-X245","properties":{"id":"AC-Y608-X245","grid_x":245,"grid_y":608,"centroid":[-72.3843263,-8.5399011],"aggregation":"none","score_gradboost":0.0076157,"score_random_forest":0.0100603,"score_logistic_regression":0.0634918,"score_fuzzy_knn_k29":0.0},"geometry":{"type":"Polygon","coordinates":[[[-72.3884002,-8.5425662],[-72.3803,-8.542637],[-72.3802524,-8.5372359],[-72.3883525,-8.5371651],[-72.3884002,-8.5425662]]]}},{"type":"Feature","id":"AC-Y608-X246","properties":{"id":"AC-Y608-X246","grid_x":246,"grid_y":608,"centroid":[-72.3762261,-8.5399718],"aggregation":"none","score_gradboost":0.0080946,"score_random_forest":0.0040841,"score_logistic_regression":0.0710047,"score_fuzzy_knn_k29":0.0},"geometry":{"type":"Polygon","coordinates":[[[-72.3803,-8.542637],[-72.3721998,-8.5427077],[-72.3721523,-8.5373066],[-72.3802524,-8.5372359],[-72.3803,-8.542637]]]}},{"type":"Feature","id":"AC-Y608-X247","properties":{"id":"AC-Y608-X247","grid_x":247,"grid_y":608,"centroid":[-72.3681259,-8.5400424],"aggregation":"none","score_gradboost":0.0197633,"score_random_forest":0.0106465,"score_logistic_regression":0.0838161,"score_fuzzy_knn_k29":0.0},"geometry":{"type":"Polygon","coordinates":[[[-72.3721998,-8.5427077],[-72.3640995,-8.5427781],[-72.3640521,-8.537377],[-72.3721523,-8.5373066],[-72.3721998,-8.5427077]]]}},{"type":"Feature","id":"AC-Y608-X248","properties":{"id":"AC-Y608-X248","grid_x":248,"grid_y":608,"centroid":[-72.3600256,-8.5401127],"aggregation":"none","score_gradboost":0.0295851,"score_random_forest":0.0421712,"score_logistic_regression":0.0680172,"score_fuzzy_knn_k29":0.0},"geometry":{"type":"Polygon","coordinates":[[[-72.3640995,-8.5427781],[-72.3559991,-8.5428485],[-72.3559518,-8.5374473],[-72.3640521,-8.537377],[-72.3640995,-8.5427781]]]}},{"type":"Feature","id":"AC-Y608-X249","properties":{"id":"AC-Y608-X249","grid_x":249,"grid_y":608,"centroid":[-72.3519253,-8.540183],"aggregation":"none","score_gradboost":0.0097656,"score_random_forest":0.0026424,"score_logistic_regression":0.0636256,"score_fuzzy_knn_k29":0.0},"geometry":{"type":"Polygon","coordinates":[[[-72.3559991,-8.5428485],[-72.3478986,-8.5429186],[-72.3478515,-8.5375174],[-72.3559518,-8.5374473],[-72.3559991,-8.5428485]]]}},{"type":"Feature","id":"AC-Y608-X250","properties":{"id":"AC-Y608-X250","grid_x":250,"grid_y":608,"centroid":[-72.3438248,-8.540253],"aggregation":"none","score_gradboost":0.006859,"score_random_forest":0.0092042,"score_logistic_regression":0.0688567,"score_fuzzy_knn_k29":0.0},"geometry":{"type":"Polygon","coordinates":[[[-72.3478986,-8.5429186],[-72.3397981,-8.5429886],[-72.3397511,-8.5375873],[-72.3478515,-8.5375174],[-72.3478986,-8.5429186]]]}},{"type":"Feature","id":"AC-Y608-X251","properties":{"id":"AC-Y608-X251","grid_x":251,"grid_y":608,"centroid":[-72.3357243,-8.5403229],"aggregation":"none","score_gradboost":0.0088034,"score_random_forest":0.0074593,"score_logistic_regression":0.0786306,"score_fuzzy_knn_k29":0.0},"geometry":{"type":"Polygon","coordinates":[[[-72.3397981,-8.5429886],[-72.3316975,-8.5430584],[-72.3316506,-8.5376571],[-72.3397511,-8.5375873],[-72.3397981,-8.5429886]]]}},{"type":"Feature","id":"AC-Y608-X252","properties":{"id":"AC-Y608-X252","grid_x":252,"grid_y":608,"centroid":[-72.3276238,-8.5403926],"aggregation":"none","score_gradboost":0.009349,"score_random_forest":0.0013288,"score_logistic_regression":0.0626563,"score_fuzzy_knn_k29":0.0},"geometry":{"type":"Polygon","coordinates":[[[-72.3316975,-8.5430584],[-72.3235968,-8.5431281],[-72.32355,-8.5377267],[-72.3316506,-8.5376571],[-72.3316975,-8.5430584]]]}},{"type":"Feature","id":"AC-Y608-X253","properties":{"id":"AC-Y608-X253","grid_x":253,"grid_y":608,"centroid":[-72.3195231,-8.5404622],"aggregation":"none","score_gradboost":0.0080945,"score_random_forest":0.0114622,"score_logistic_regression":0.0586648,"score_fuzzy_knn_k29":0.0},"geometry":{"type":"Polygon","coordinates":[[[-72.3235968,-8.5431281],[-72.3154961,-8.5431976],[-72.3154494,-8.5377962],[-72.32355,-8.5377267],[-72.3235968,-8.5431281]]]}},{"type":"Feature","id":"AC-Y608-X254","properties":{"id":"AC-Y608-X254","grid_x":254,"grid_y":608,"centroid":[-72.3114224,-8.5405315],"aggregation":"none","score_gradboost":0.0097151,"score_random_forest":0.0155733,"score_logistic_regression":0.084628,"score_fuzzy_knn_k29":0.0},"geometry":{"type":"Polygon","coordinates":[[[-72.3154961,-8.5431976],[-72.3073953,-8.5432669],[-72.3073487,-8.5378654],[-72.3154494,-8.5377962],[-72.3154961,-8.5431976]]]}},{"type":"Feature","id":"AC-Y609-X242","properties":{"id":"AC-Y609-X242","grid_x":242,"grid_y":609,"centroid":[-72.4085784,-8.534287],"aggregation":"none","score_gradboost":0.0402092,"score_random_forest":0.0229511,"score_logistic_regression":0.123095,"score_fuzzy_knn_k29":0.0591431},"geometry":{"type":"Polygon","coordinates":[[[-72.4126523,-8.5369518],[-72.4045524,-8.5370231],[-72.4045045,-8.5316221],[-72.4126043,-8.5315509],[-72.4126523,-8.5369518]]]}},{"type":"Feature","id":"AC-Y609-X243","properties":{"id":"AC-Y609-X243","grid_x":243,"grid_y":609,"centroid":[-72.4004786,-8.5343582],"aggregation":"none","score_gradboost":0.0141935,"score_random_forest":0.009951,"score_logistic_regression":0.0717547,"score_fuzzy_knn_k29":0.0389549},"geometry":{"type":"Polygon","coordinates":[[[-72.4045524,-8.5370231],[-72.3964525,-8.5370942],[-72.3964047,-8.5316932],[-72.4045045,-8.5316221],[-72.4045524,-8.5370231]]]}},{"type":"Feature","id":"AC-Y609-X244","properties":{"id":"AC-Y609-X244","grid_x":244,"grid_y":609,"centroid":[-72.3923786,-8.5344292],"aggregation":"none","score_gradboost":0.0343501,"score_random_forest":0.0090309,"score_logistic_regression":0.0828875,"score_fuzzy_knn_k29":0.0171038},"geometry":{"type":"Polygon","coordinates":[[[-72.3964525,-8.5370942],[-72.3883525,-8.5371651],[-72.3883048,-8.5317641],[-72.3964047,-8.5316932],[-72.3964525,-8.5370942]]]}},{"type":"Feature","id":"AC-Y609-X245","properties":{"id":"AC-Y609-X245","grid_x":245,"grid_y":609,"centroid":[-72.3842787,-8.5345],"aggregation":"none","score_gradboost":0.0233368,"score_random_forest":0.0120788,"score_logistic_regression":0.0787585,"score_fuzzy_knn_k29":0.0},"geometry":{"type":"Polygon","coordinates":[[[-72.3883525,-8.5371651],[-72.3802524,-8.5372359],[-72.3802049,-8.5318349],[-72.3883048,-8.5317641],[-72.3883525,-8.5371651]]]}},{"type":"Feature","id":"AC-Y609-X246","properties":{"id":"AC-Y609-X246","grid_x":246,"grid_y":609,"centroid":[-72.3761786,-8.5345707],"aggregation":"none","score_gradboost":0.0106687,"score_random_forest":0.0030502,"score_logistic_regression":0.0696603,"score_fuzzy_knn_k29":0.0},"geometry":{"type":"Polygon","coordinates":[[[-72.3802524,-8.5372359],[-72.3721523,-8.5373066],[-72.3721049,-8.5319054],[-72.3802049,-8.5318349],[-72.3802524,-8.5372359]]]}},{"type":"Feature","id":"AC-Y609-X247","properties":{"id":"AC-Y609-X247","grid_x":247,"grid_y":609,"centroid":[-72.3680785,-8.5346412],"aggregation":"none","score_gradboost":0.0143382,"score_random_forest":0.0163925,"score_logistic_regression":0.0724937,"score_fuzzy_knn_k29":0.0},"geometry":{"type":"Polygon","coordinates":[[[-72.3721523,-8.5373066],[-72.3640521,-8.537377],[-72.3640048,-8.5319759],[-72.3721049,-8.5319054],[-72.3721523,-8.5373066]]]}},{"type":"Feature","id":"AC-Y609-X248","properties":{"id":"AC-Y609-X248","grid_x":248,"grid_y":609,"centroid":[-72.3599783,-8.5347116],"aggregation":"none","score_gradboost":0.0328837,"score_random_forest":0.0437035,"score_logistic_regression":0.0689909,"score_fuzzy_knn_k29":0.0},"geometry":{"type":"Polygon","coordinates":[[[-72.3640521,-8.537377],[-72.3559518,-8.5374473],[-72.3559046,-8.5320461],[-72.3640048,-8.5319759],[-72.3640521,-8.537377]]]}},{"type":"Feature","id":"AC-Y609-X249","properties":{"id":"AC-Y609-X249","grid_x":249,"grid_y":609,"centroid":[-72.3518781,-8.5347817],"aggregation":"none","score_gradboost":0.006859,"score_random_forest":0.0092042,"score_logistic_regression":0.0693853,"score_fuzzy_knn_k29":0.0},"geometry":{"type":"Polygon","coordinates":[[[-72.3559518,-8.5374473],[-72.3478515,-8.5375174],[-72.3478044,-8.5321162],[-72.3559046,-8.5320461],[-72.3559518,-8.5374473]]]}},{"type":"Feature","id":"AC-Y609-X250","properties":{"id":"AC-Y609-X250","grid_x":250,"grid_y":609,"centroid":[-72.3437778,-8.5348518],"aggregation":"none","score_gradboost":0.0093704,"score_random_forest":0.0006324,"score_logistic_regression":0.0763072,"score_fuzzy_knn_k29":0.0},"geometry":{"type":"Polygon","coordinates":[[[-72.3478515,-8.5375174],[-72.3397511,-8.5375873],[-72.3397041,-8.5321861],[-72.3478044,-8.5321162],[-72.3478515,-8.5375174]]]}},{"type":"Feature","id":"AC-Y609-X251","properties":{"id":"AC-Y609-X251","grid_x":251,"grid_y":609,"centroid":[-72.3356774,-8.5349216],"aggregation":"none","score_gradboost":0.0141666,"score_random_forest":0.006097,"score_logistic_regression":0.0869424,"score_fuzzy_knn_k29":0.0},"geometry":{"type":"Polygon","coordinates":[[[-72.3397511,-8.5375873],[-72.3316506,-8.5376571],[-72.3316037,-8.5322558],[-72.3397041,-8.5321861],[-72.3397511,-8.5375873]]]}},{"type":"Feature","id":"AC-Y609-X252","properties":{"id":"AC-Y609-X252","grid_x":252,"grid_y":609,"centroid":[-72.3275769,-8.5349913],"aggregation":"none","score_gradboost":0.009349,"score_random_forest":0.0033654,"score_logistic_regression":0.0668781,"score_fuzzy_knn_k29":0.0},"geometry":{"type":"Polygon","coordinates":[[[-72.3316506,-8.5376571],[-72.32355,-8.5377267],[-72.3235033,-8.5323253],[-72.3316037,-8.5322558],[-72.3316506,-8.5376571]]]}},{"type":"Feature","id":"AC-Y609-X253","properties":{"id":"AC-Y609-X253","grid_x":253,"grid_y":609,"centroid":[-72.3194764,-8.5350608],"aggregation":"none","score_gradboost":0.0071566,"score_random_forest":0.0046343,"score_logistic_regression":0.0710551,"score_fuzzy_knn_k29":0.0},"geometry":{"type":"Polygon","coordinates":[[[-72.32355,-8.5377267],[-72.3154494,-8.5377962],[-72.3154028,-8.5323947],[-72.3235033,-8.5323253],[-72.32355,-8.5377267]]]}},{"type":"Feature","id":"AC-Y609-X254","properties":{"id":"AC-Y609-X254","grid_x":254,"grid_y":609,"centroid":[-72.3113758,-8.5351301],"aggregation":"none","score_gradboost":0.0097151,"score_random_forest":0.0130719,"score_logistic_regression":0.0933975,"score_fuzzy_knn_k29":0.0},"geometry":{"type":"Polygon","coordinates":[[[-72.3154494,-8.5377962],[-72.3073487,-8.5378654],[-72.3073022,-8.532464],[-72.3154028,-8.5323947],[-72.3154494,-8.5377962]]]}},{"type":"Feature","id":"AC-Y610-X242","properties":{"id":"AC-Y610-X242","grid_x":242,"grid_y":610,"centroid":[-72.4085304,-8.5288861],"aggregation":"none","score_gradboost":0.0358162,"score_random_forest":0.0343676,"score_logistic_regression":0.147388,"score_fuzzy_knn_k29":0.0642481},"geometry":{"type":"Polygon","coordinates":[[[-72.4126043,-8.5315509],[-72.4045045,-8.5316221],[-72.4044567,-8.5262212],[-72.4125563,-8.52615],[-72.4126043,-8.5315509]]]}},{"type":"Feature","id":"AC-Y610-X243","properties":{"id":"AC-Y610-X243","grid_x":243,"grid_y":610,"centroid":[-72.4004307,-8.5289572],"aggregation":"none","score_gradboost":0.0116248,"score_random_forest":0.0038505,"score_logistic_regression":0.1257735,"score_fuzzy_knn_k29":0.0207666},"geometry":{"type":"Polygon","coordinates":[[[-72.4045045,-8.5316221],[-72.3964047,-8.5316932],[-72.396357,-8.5262923],[-72.4044567,-8.5262212],[-72.4045045,-8.5316221]]]}},{"type":"Feature","id":"AC-Y610-X244","properties":{"id":"AC-Y610-X244","grid_x":244,"grid_y":610,"centroid":[-72.3923309,-8.5290282],"aggregation":"none","score_gradboost":0.028432,"score_random_forest":0.015326,"score_logistic_regression":0.1501981,"score_fuzzy_knn_k29":0.005786},"geometry":{"type":"Polygon","coordinates":[[[-72.3964047,-8.5316932],[-72.3883048,-8.5317641],[-72.3882572,-8.5263631],[-72.396357,-8.5262923],[-72.3964047,-8.5316932]]]}},{"type":"Feature","id":"AC-Y610-X245","properties":{"id":"AC-Y610-X245","grid_x":245,"grid_y":610,"centroid":[-72.3842311,-8.529099],"aggregation":"none","score_gradboost":0.0248937,"score_random_forest":0.015983,"score_logistic_regression":0.0801517,"score_fuzzy_knn_k29":0.0},"geometry":{"type":"Polygon","coordinates":[[[-72.3883048,-8.5317641],[-72.3802049,-8.5318349],[-72.3801574,-8.5264338],[-72.3882572,-8.5263631],[-72.3883048,-8.5317641]]]}},{"type":"Feature","id":"AC-Y610-X246","properties":{"id":"AC-Y610-X246","grid_x":246,"grid_y":610,"centroid":[-72.3761311,-8.5291696],"aggregation":"none","score_gradboost":0.0109266,"score_random_forest":0.0128947,"score_logistic_regression":0.0696689,"score_fuzzy_knn_k29":0.0},"geometry":{"type":"Polygon","coordinates":[[[-72.3802049,-8.5318349],[-72.3721049,-8.5319054],[-72.3720574,-8.5265043],[-72.3801574,-8.5264338],[-72.3802049,-8.5318349]]]}},{"type":"Feature","id":"AC-Y610-X247","properties":{"id":"AC-Y610-X247","grid_x":247,"grid_y":610,"centroid":[-72.3680311,-8.5292401],"aggregation":"none","score_gradboost":0.0279368,"score_random_forest":0.0310039,"score_logistic_regression":0.0685629,"score_fuzzy_knn_k29":0.0},"geometry":{"type":"Polygon","coordinates":[[[-72.3721049,-8.5319054],[-72.3640048,-8.5319759],[-72.3639575,-8.5265747],[-72.3720574,-8.5265043],[-72.3721049,-8.5319054]]]}},{"type":"Feature","id":"AC-Y610-X248","properties":{"id":"AC-Y610-X248","grid_x":248,"grid_y":610,"centroid":[-72.3599311,-8.5293104],"aggregation":"none","score_gradboost":0.0558743,"score_random_forest":0.0308067,"score_logistic_regression":0.0883841,"score_fuzzy_knn_k29":0.0},"geometry":{"type":"Polygon","coordinates":[[[-72.3640048,-8.5319759],[-72.3559046,-8.5320461],[-72.3558574,-8.5266449],[-72.3639575,-8.5265747],[-72.3640048,-8.5319759]]]}},{"type":"Feature","id":"AC-Y610-X249","properties":{"id":"AC-Y610-X249","grid_x":249,"grid_y":610,"centroid":[-72.3518309,-8.5293805],"aggregation":"none","score_gradboost":0.033498,"score_random_forest":0.0113414,"score_logistic_regression":0.09358,"score_fuzzy_knn_k29":0.0},"geometry":{"type":"Polygon","coordinates":[[[-72.3559046,-8.5320461],[-72.3478044,-8.5321162],[-72.3477573,-8.5267149],[-72.3558574,-8.5266449],[-72.3559046,-8.5320461]]]}},{"type":"Feature","id":"AC-Y610-X250","properties":{"id":"AC-Y610-X250","grid_x":250,"grid_y":610,"centroid":[-72.3437307,-8.5294505],"aggregation":"none","score_gradboost":0.0079875,"score_random_forest":0.000297,"score_logistic_regression":0.0694749,"score_fuzzy_knn_k29":0.0},"geometry":{"type":"Polygon","coordinates":[[[-72.3478044,-8.5321162],[-72.3397041,-8.5321861],[-72.3396571,-8.5267848],[-72.3477573,-8.5267149],[-72.3478044,-8.5321162]]]}},{"type":"Feature","id":"AC-Y610-X251","properties":{"id":"AC-Y610-X251","grid_x":251,"grid_y":610,"centroid":[-72.3356305,-8.5295203],"aggregation":"none","score_gradboost":0.019177,"score_random_forest":0.0047899,"score_logistic_regression":0.086508,"score_fuzzy_knn_k29":0.0},"geometry":{"type":"Polygon","coordinates":[[[-72.3397041,-8.5321861],[-72.3316037,-8.5322558],[-72.3315569,-8.5268545],[-72.3396571,-8.5267848],[-72.3397041,-8.5321861]]]}},{"type":"Feature","id":"AC-Y610-X252","properties":{"id":"AC-Y610-X252","grid_x":252,"grid_y":610,"centroid":[-72.3275301,-8.5295899],"aggregation":"none","score_gradboost":0.0171853,"score_random_forest":0.0044705,"score_logistic_regression":0.0714457,"score_fuzzy_knn_k29":0.0},"geometry":{"type":"Polygon","coordinates":[[[-72.3316037,-8.5322558],[-72.3235033,-8.5323253],[-72.3234565,-8.526924],[-72.3315569,-8.5268545],[-72.3316037,-8.5322558]]]}},{"type":"Feature","id":"AC-Y610-X253","properties":{"id":"AC-Y610-X253","grid_x":253,"grid_y":610,"centroid":[-72.3194297,-8.5296594],"aggregation":"none","score_gradboost":0.0080314,"score_random_forest":0.0056787,"score_logistic_regression":0.0758175,"score_fuzzy_knn_k29":0.0},"geometry":{"type":"Polygon","coordinates":[[[-72.3235033,-8.5323253],[-72.3154028,-8.5323947],[-72.3153562,-8.5269933],[-72.3234565,-8.526924],[-72.3235033,-8.5323253]]]}},{"type":"Feature","id":"AC-Y610-X254","properties":{"id":"AC-Y610-X254","grid_x":254,"grid_y":610,"centroid":[-72.3113292,-8.5297286],"aggregation":"none","score_gradboost":0.0081623,"score_random_forest":0.0156724,"score_logistic_regression":0.0804428,"score_fuzzy_knn_k29":0.0},"geometry":{"type":"Polygon","coordinates":[[[-72.3154028,-8.5323947],[-72.3073022,-8.532464],[-72.3072557,-8.5270625],[-72.3153562,-8.5269933],[-72.3154028,-8.5323947]]]}},{"type":"Feature","id":"AC-Y611-X242","properties":{"id":"AC-Y611-X242","grid_x":242,"grid_y":611,"centroid":[-72.4084825,-8.5234852],"aggregation":"none","score_gradboost":0.0342744,"score_random_forest":0.0296314,"score_logistic_regression":0.1422547,"score_fuzzy_knn_k29":0.0344044},"geometry":{"type":"Polygon","coordinates":[[[-72.4125563,-8.52615],[-72.4044567,-8.5262212],[-72.4044088,-8.5208203],[-72.4125083,-8.5207491],[-72.4125563,-8.52615]]]}},{"type":"Feature","id":"AC-Y611-X243","properties":{"id":"AC-Y611-X243","grid_x":243,"grid_y":611,"centroid":[-72.4003829,-8.5235563],"aggregation":"none","score_gradboost":0.026257,"score_random_forest":0.0155828,"score_logistic_regression":0.1530314,"score_fuzzy_knn_k29":0.0154684},"geometry":{"type":"Polygon","coordinates":[[[-72.4044567,-8.5262212],[-72.396357,-8.5262923],[-72.3963092,-8.5208913],[-72.4044088,-8.5208203],[-72.4044567,-8.5262212]]]}},{"type":"Feature","id":"AC-Y611-X244","properties":{"id":"AC-Y611-X244","grid_x":244,"grid_y":611,"centroid":[-72.3922832,-8.5236272],"aggregation":"none","score_gradboost":0.0292461,"score_random_forest":0.0117197,"score_logistic_regression":0.1420549,"score_fuzzy_knn_k29":0.0082531},"geometry":{"type":"Polygon","coordinates":[[[-72.396357,-8.5262923],[-72.3882572,-8.5263631],[-72.3882096,-8.5209621],[-72.3963092,-8.5208913],[-72.396357,-8.5262923]]]}},{"type":"Feature","id":"AC-Y611-X245","properties":{"id":"AC-Y611-X245","grid_x":245,"grid_y":611,"centroid":[-72.3841835,-8.523698],"aggregation":"none","score_gradboost":0.0428851,"score_random_forest":0.0351535,"score_logistic_regression":0.1430407,"score_fuzzy_knn_k29":0.0},"geometry":{"type":"Polygon","coordinates":[[[-72.3882572,-8.5263631],[-72.3801574,-8.5264338],[-72.3801099,-8.5210328],[-72.3882096,-8.5209621],[-72.3882572,-8.5263631]]]}},{"type":"Feature","id":"AC-Y611-X246","properties":{"id":"AC-Y611-X246","grid_x":246,"grid_y":611,"centroid":[-72.3760837,-8.5237686],"aggregation":"none","score_gradboost":0.0439508,"score_random_forest":0.0477599,"score_logistic_regression":0.1385289,"score_fuzzy_knn_k29":0.0},"geometry":{"type":"Polygon","coordinates":[[[-72.3801574,-8.5264338],[-72.3720574,-8.5265043],[-72.3720101,-8.5211032],[-72.3801099,-8.5210328],[-72.3801574,-8.5264338]]]}},{"type":"Feature","id":"AC-Y611-X247","properties":{"id":"AC-Y611-X247","grid_x":247,"grid_y":611,"centroid":[-72.3679838,-8.523839],"aggregation":"none","score_gradboost":0.0324617,"score_random_forest":0.0322476,"score_logistic_regression":0.08199,"score_fuzzy_knn_k29":0.0},"geometry":{"type":"Polygon","coordinates":[[[-72.3720574,-8.5265043],[-72.3639575,-8.5265747],[-72.3639102,-8.5211735],[-72.3720101,-8.5211032],[-72.3720574,-8.5265043]]]}},{"type":"Feature","id":"AC-Y611-X248","properties":{"id":"AC-Y611-X248","grid_x":248,"grid_y":611,"centroid":[-72.3598838,-8.5239092],"aggregation":"none","score_gradboost":0.0290087,"score_random_forest":0.0066104,"score_logistic_regression":0.0997688,"score_fuzzy_knn_k29":0.0},"geometry":{"type":"Polygon","coordinates":[[[-72.3639575,-8.5265747],[-72.3558574,-8.5266449],[-72.3558103,-8.5212437],[-72.3639102,-8.5211735],[-72.3639575,-8.5265747]]]}},{"type":"Feature","id":"AC-Y611-X249","properties":{"id":"AC-Y611-X249","grid_x":249,"grid_y":611,"centroid":[-72.3517838,-8.5239793],"aggregation":"none","score_gradboost":0.0136727,"score_random_forest":0.0006324,"score_logistic_regression":0.0810033,"score_fuzzy_knn_k29":0.0},"geometry":{"type":"Polygon","coordinates":[[[-72.3558574,-8.5266449],[-72.3477573,-8.5267149],[-72.3477103,-8.5213137],[-72.3558103,-8.5212437],[-72.3558574,-8.5266449]]]}},{"type":"Feature","id":"AC-Y611-X250","properties":{"id":"AC-Y611-X250","grid_x":250,"grid_y":611,"centroid":[-72.3436837,-8.5240492],"aggregation":"none","score_gradboost":0.018624,"score_random_forest":0.0074593,"score_logistic_regression":0.0842726,"score_fuzzy_knn_k29":0.0},"geometry":{"type":"Polygon","coordinates":[[[-72.3477573,-8.5267149],[-72.3396571,-8.5267848],[-72.3396102,-8.5213835],[-72.3477103,-8.5213137],[-72.3477573,-8.5267149]]]}},{"type":"Feature","id":"AC-Y611-X251","properties":{"id":"AC-Y611-X251","grid_x":251,"grid_y":611,"centroid":[-72.3355836,-8.524119],"aggregation":"none","score_gradboost":0.0293479,"score_random_forest":0.008507,"score_logistic_regression":0.1063399,"score_fuzzy_knn_k29":0.0},"geometry":{"type":"Polygon","coordinates":[[[-72.3396571,-8.5267848],[-72.3315569,-8.5268545],[-72.33151,-8.5214531],[-72.3396102,-8.5213835],[-72.3396571,-8.5267848]]]}},{"type":"Feature","id":"AC-Y611-X252","properties":{"id":"AC-Y611-X252","grid_x":252,"grid_y":611,"centroid":[-72.3274833,-8.5241886],"aggregation":"none","score_gradboost":0.0089481,"score_random_forest":0.0050023,"score_logistic_regression":0.0736889,"score_fuzzy_knn_k29":0.0},"geometry":{"type":"Polygon","coordinates":[[[-72.3315569,-8.5268545],[-72.3234565,-8.526924],[-72.3234098,-8.5215226],[-72.33151,-8.5214531],[-72.3315569,-8.5268545]]]}},{"type":"Feature","id":"AC-Y611-X253","properties":{"id":"AC-Y611-X253","grid_x":253,"grid_y":611,"centroid":[-72.319383,-8.524258],"aggregation":"none","score_gradboost":0.0080224,"score_random_forest":0.0173901,"score_logistic_regression":0.080953,"score_fuzzy_knn_k29":0.0},"geometry":{"type":"Polygon","coordinates":[[[-72.3234565,-8.526924],[-72.3153562,-8.5269933],[-72.3153096,-8.5215919],[-72.3234098,-8.5215226],[-72.3234565,-8.526924]]]}},{"type":"Feature","id":"AC-Y612-X242","properties":{"id":"AC-Y612-X242","grid_x":242,"grid_y":612,"centroid":[-72.4084347,-8.5180843],"aggregation":"none","score_gradboost":0.04274,"score_random_forest":0.0442831,"score_logistic_regression":0.1873972,"score_fuzzy_knn_k29":0.029692},"geometry":{"type":"Polygon","coordinates":[[[-72.4125083,-8.5207491],[-72.4044088,-8.5208203],[-72.404361,-8.5154194],[-72.4124604,-8.5153483],[-72.4125083,-8.5207491]]]}},{"type":"Feature","id":"AC-Y612-X243","properties":{"id":"AC-Y612-X243","grid_x":243,"grid_y":612,"centroid":[-72.4003352,-8.5181553],"aggregation":"none","score_gradboost":0.0276196,"score_random_forest":0.015326,"score_logistic_regression":0.1551575,"score_fuzzy_knn_k29":0.0072577},"geometry":{"type":"Polygon","coordinates":[[[-72.4044088,-8.5208203],[-72.3963092,-8.5208913],[-72.3962615,-8.5154903],[-72.404361,-8.5154194],[-72.4044088,-8.5208203]]]}},{"type":"Feature","id":"AC-Y612-X244","properties":{"id":"AC-Y612-X244","grid_x":244,"grid_y":612,"centroid":[-72.3922356,-8.5182262],"aggregation":"none","score_gradboost":0.0376522,"score_random_forest":0.0342804,"score_logistic_regression":0.1640288,"score_fuzzy_knn_k29":0.0095886},"geometry":{"type":"Polygon","coordinates":[[[-72.3963092,-8.5208913],[-72.3882096,-8.5209621],[-72.388162,-8.5155611],[-72.3962615,-8.5154903],[-72.3963092,-8.5208913]]]}},{"type":"Feature","id":"AC-Y612-X245","properties":{"id":"AC-Y612-X245","grid_x":245,"grid_y":612,"centroid":[-72.384136,-8.5182969],"aggregation":"none","score_gradboost":0.0672816,"score_random_forest":0.0439078,"score_logistic_regression":0.159988,"score_fuzzy_knn_k29":0.0},"geometry":{"type":"Polygon","coordinates":[[[-72.3882096,-8.5209621],[-72.3801099,-8.5210328],[-72.3800624,-8.5156317],[-72.388162,-8.5155611],[-72.3882096,-8.5209621]]]}},{"type":"Feature","id":"AC-Y612-X246","properties":{"id":"AC-Y612-X246","grid_x":246,"grid_y":612,"centroid":[-72.3760363,-8.5183675],"aggregation":"none","score_gradboost":0.1549117,"score_random_forest":0.0704726,"score_logistic_regression":0.1798686,"score_fuzzy_knn_k29":0.0},"geometry":{"type":"Polygon","coordinates":[[[-72.3801099,-8.5210328],[-72.3720101,-8.5211032],[-72.3719627,-8.5157021],[-72.3800624,-8.5156317],[-72.3801099,-8.5210328]]]}},{"type":"Feature","id":"AC-Y612-X247","properties":{"id":"AC-Y612-X247","grid_x":247,"grid_y":612,"centroid":[-72.3679365,-8.5184378],"aggregation":"none","score_gradboost":0.035547,"score_random_forest":0.0329168,"score_logistic_regression":0.0895481,"score_fuzzy_knn_k29":0.0},"geometry":{"type":"Polygon","coordinates":[[[-72.3720101,-8.5211032],[-72.3639102,-8.5211735],[-72.363863,-8.5157724],[-72.3719627,-8.5157021],[-72.3720101,-8.5211032]]]}},{"type":"Feature","id":"AC-Y612-X248","properties":{"id":"AC-Y612-X248","grid_x":248,"grid_y":612,"centroid":[-72.3598366,-8.5185081],"aggregation":"none","score_gradboost":0.0127207,"score_random_forest":0.0006324,"score_logistic_regression":0.0820957,"score_fuzzy_knn_k29":0.0},"geometry":{"type":"Polygon","coordinates":[[[-72.3639102,-8.5211735],[-72.3558103,-8.5212437],[-72.3557631,-8.5158425],[-72.363863,-8.5157724],[-72.3639102,-8.5211735]]]}},{"type":"Feature","id":"AC-Y612-X249","properties":{"id":"AC-Y612-X249","grid_x":249,"grid_y":612,"centroid":[-72.3517367,-8.5185781],"aggregation":"none","score_gradboost":0.0115932,"score_random_forest":0.0074593,"score_logistic_regression":0.0852728,"score_fuzzy_knn_k29":0.0},"geometry":{"type":"Polygon","coordinates":[[[-72.3558103,-8.5212437],[-72.3477103,-8.5213137],[-72.3476632,-8.5159124],[-72.3557631,-8.5158425],[-72.3558103,-8.5212437]]]}},{"type":"Feature","id":"AC-Y612-X250","properties":{"id":"AC-Y612-X250","grid_x":250,"grid_y":612,"centroid":[-72.3436368,-8.518648],"aggregation":"none","score_gradboost":0.0291669,"score_random_forest":0.0061296,"score_logistic_regression":0.1074129,"score_fuzzy_knn_k29":0.0},"geometry":{"type":"Polygon","coordinates":[[[-72.3477103,-8.5213137],[-72.3396102,-8.5213835],[-72.3395633,-8.5159822],[-72.3476632,-8.5159124],[-72.3477103,-8.5213137]]]}},{"type":"Feature","id":"AC-Y612-X251","properties":{"id":"AC-Y612-X251","grid_x":251,"grid_y":612,"centroid":[-72.3355367,-8.5187177],"aggregation":"none","score_gradboost":0.0152294,"score_random_forest":0.0029849,"score_logistic_regression":0.0771369,"score_fuzzy_knn_k29":0.0},"geometry":{"type":"Polygon","coordinates":[[[-72.3396102,-8.5213835],[-72.33151,-8.5214531],[-72.3314633,-8.5160518],[-72.3395633,-8.5159822],[-72.3396102,-8.5213835]]]}},{"type":"Feature","id":"AC-Y612-X252","properties":{"id":"AC-Y612-X252","grid_x":252,"grid_y":612,"centroid":[-72.3274366,-8.5187872],"aggregation":"none","score_gradboost":0.0095461,"score_random_forest":0.0140906,"score_logistic_regression":0.0846594,"score_fuzzy_knn_k29":0.0},"geometry":{"type":"Polygon","coordinates":[[[-72.33151,-8.5214531],[-72.3234098,-8.5215226],[-72.3233632,-8.5161212],[-72.3314633,-8.5160518],[-72.33151,-8.5214531]]]}},{"type":"Feature","id":"AC-Y612-X253","properties":{"id":"AC-Y612-X253","grid_x":253,"grid_y":612,"centroid":[-72.3193364,-8.5188566],"aggregation":"none","score_gradboost":0.0088778,"score_random_forest":0.0173901,"score_logistic_regression":0.0849639,"score_fuzzy_knn_k29":0.0},"geometry":{"type":"Polygon","coordinates":[[[-72.3234098,-8.5215226],[-72.3153096,-8.5215919],[-72.315263,-8.5161905],[-72.3233632,-8.5161212],[-72.3234098,-8.5215226]]]}},{"type":"Feature","id":"AC-Y613-X241","properties":{"id":"AC-Y613-X241","grid_x":241,"grid_y":613,"centroid":[-72.4164861,-8.5126122],"aggregation":"none","score_gradboost":0.0527339,"score_random_forest":0.0285085,"score_logistic_regression":0.153575,"score_fuzzy_knn_k29":0.0530929},"geometry":{"type":"Polygon","coordinates":[[[-72.4205597,-8.515277],[-72.4124604,-8.5153483],[-72.4124125,-8.5099474],[-72.4205117,-8.5098762],[-72.4205597,-8.515277]]]}},{"type":"Feature","id":"AC-Y613-X242","properties":{"id":"AC-Y613-X242","grid_x":242,"grid_y":613,"centroid":[-72.4083868,-8.5126834],"aggregation":"none","score_gradboost":0.0512688,"score_random_forest":0.0451347,"score_logistic_regression":0.1772041,"score_fuzzy_knn_k29":0.0240983},"geometry":{"type":"Polygon","coordinates":[[[-72.4124604,-8.5153483],[-72.404361,-8.5154194],[-72.4043132,-8.5100184],[-72.4124125,-8.5099474],[-72.4124604,-8.5153483]]]}},{"type":"Feature","id":"AC-Y613-X243","properties":{"id":"AC-Y613-X243","grid_x":243,"grid_y":613,"centroid":[-72.4002874,-8.5127544],"aggregation":"none","score_gradboost":0.0482458,"score_random_forest":0.0524482,"score_logistic_regression":0.1792766,"score_fuzzy_knn_k29":0.0125427},"geometry":{"type":"Polygon","coordinates":[[[-72.404361,-8.5154194],[-72.3962615,-8.5154903],[-72.3962139,-8.5100893],[-72.4043132,-8.5100184],[-72.404361,-8.5154194]]]}},{"type":"Feature","id":"AC-Y613-X244","properties":{"id":"AC-Y613-X244","grid_x":244,"grid_y":613,"centroid":[-72.392188,-8.5128252],"aggregation":"none","score_gradboost":0.0671965,"score_random_forest":0.0471644,"score_logistic_regression":0.1888719,"score_fuzzy_knn_k29":0.0},"geometry":{"type":"Polygon","coordinates":[[[-72.3962615,-8.5154903],[-72.388162,-8.5155611],[-72.3881145,-8.5101601],[-72.3962139,-8.5100893],[-72.3962615,-8.5154903]]]}},{"type":"Feature","id":"AC-Y613-X245","properties":{"id":"AC-Y613-X245","grid_x":245,"grid_y":613,"centroid":[-72.3840885,-8.5128959],"aggregation":"none","score_gradboost":0.1998798,"score_random_forest":0.0658829,"score_logistic_regression":0.167308,"score_fuzzy_knn_k29":0.0},"geometry":{"type":"Polygon","coordinates":[[[-72.388162,-8.5155611],[-72.3800624,-8.5156317],[-72.380015,-8.5102306],[-72.3881145,-8.5101601],[-72.388162,-8.5155611]]]}},{"type":"Feature","id":"AC-Y613-X246","properties":{"id":"AC-Y613-X246","grid_x":246,"grid_y":613,"centroid":[-72.3759889,-8.5129664],"aggregation":"none","score_gradboost":0.0258352,"score_random_forest":0.0086569,"score_logistic_regression":0.0876708,"score_fuzzy_knn_k29":0.0},"geometry":{"type":"Polygon","coordinates":[[[-72.3800624,-8.5156317],[-72.3719627,-8.5157021],[-72.3719154,-8.510301],[-72.380015,-8.5102306],[-72.3800624,-8.5156317]]]}},{"type":"Feature","id":"AC-Y613-X247","properties":{"id":"AC-Y613-X247","grid_x":247,"grid_y":613,"centroid":[-72.3678892,-8.5130367],"aggregation":"none","score_gradboost":0.0171814,"score_random_forest":0.007589,"score_logistic_regression":0.0910929,"score_fuzzy_knn_k29":0.0},"geometry":{"type":"Polygon","coordinates":[[[-72.3719627,-8.5157021],[-72.363863,-8.5157724],[-72.3638157,-8.5103712],[-72.3719154,-8.510301],[-72.3719627,-8.5157021]]]}},{"type":"Feature","id":"AC-Y613-X248","properties":{"id":"AC-Y613-X248","grid_x":248,"grid_y":613,"centroid":[-72.3597895,-8.5131069],"aggregation":"none","score_gradboost":0.0222095,"score_random_forest":0.0113414,"score_logistic_regression":0.1014046,"score_fuzzy_knn_k29":0.0},"geometry":{"type":"Polygon","coordinates":[[[-72.363863,-8.5157724],[-72.3557631,-8.5158425],[-72.355716,-8.5104413],[-72.3638157,-8.5103712],[-72.363863,-8.5157724]]]}},{"type":"Feature","id":"AC-Y613-X249","properties":{"id":"AC-Y613-X249","grid_x":249,"grid_y":613,"centroid":[-72.3516897,-8.5131769],"aggregation":"none","score_gradboost":0.018624,"score_random_forest":0.0076063,"score_logistic_regression":0.0897905,"score_fuzzy_knn_k29":0.0},"geometry":{"type":"Polygon","coordinates":[[[-72.3557631,-8.5158425],[-72.3476632,-8.5159124],[-72.3476163,-8.5105112],[-72.355716,-8.5104413],[-72.3557631,-8.5158425]]]}},{"type":"Feature","id":"AC-Y613-X250","properties":{"id":"AC-Y613-X250","grid_x":250,"grid_y":613,"centroid":[-72.3435898,-8.5132467],"aggregation":"none","score_gradboost":0.0282368,"score_random_forest":0.0181756,"score_logistic_regression":0.1148461,"score_fuzzy_knn_k29":0.0},"geometry":{"type":"Polygon","coordinates":[[[-72.3476632,-8.5159124],[-72.3395633,-8.5159822],[-72.3395164,-8.5105809],[-72.3476163,-8.5105112],[-72.3476632,-8.5159124]]]}},{"type":"Feature","id":"AC-Y613-X251","properties":{"id":"AC-Y613-X251","grid_x":251,"grid_y":613,"centroid":[-72.3354899,-8.5133164],"aggregation":"none","score_gradboost":0.0202131,"score_random_forest":0.027729,"score_logistic_regression":0.1002454,"score_fuzzy_knn_k29":0.0},"geometry":{"type":"Polygon","coordinates":[[[-72.3395633,-8.5159822],[-72.3314633,-8.5160518],[-72.3314165,-8.5106505],[-72.3395164,-8.5105809],[-72.3395633,-8.5159822]]]}},{"type":"Feature","id":"AC-Y613-X252","properties":{"id":"AC-Y613-X252","grid_x":252,"grid_y":613,"centroid":[-72.3273899,-8.5133858],"aggregation":"none","score_gradboost":0.0181636,"score_random_forest":0.0276621,"score_logistic_regression":0.1023272,"score_fuzzy_knn_k29":0.0},"geometry":{"type":"Polygon","coordinates":[[[-72.3314633,-8.5160518],[-72.3233632,-8.5161212],[-72.3233165,-8.5107198],[-72.3314165,-8.5106505],[-72.3314633,-8.5160518]]]}},{"type":"Feature","id":"AC-Y613-X253","properties":{"id":"AC-Y613-X253","grid_x":253,"grid_y":613,"centroid":[-72.3192898,-8.5134552],"aggregation":"none","score_gradboost":0.0210066,"score_random_forest":0.0166144,"score_logistic_regression":0.1158589,"score_fuzzy_knn_k29":0.0},"geometry":{"type":"Polygon","coordinates":[[[-72.3233632,-8.5161212],[-72.315263,-8.5161905],[-72.3152165,-8.510789],[-72.3233165,-8.5107198],[-72.3233632,-8.5161212]]]}},{"type":"Feature","id":"AC-Y614-X241","properties":{"id":"AC-Y614-X241","grid_x":241,"grid_y":614,"centroid":[-72.4164382,-8.5072114],"aggregation":"none","score_gradboost":0.0540325,"score_random_forest":0.0514924,"score_logistic_regression":0.1696215,"score_fuzzy_knn_k29":0.0},"geometry":{"type":"Polygon","coordinates":[[[-72.4205117,-8.5098762],[-72.4124125,-8.5099474],[-72.4123647,-8.5045465],[-72.4204638,-8.5044753],[-72.4205117,-8.5098762]]]}},{"type":"Feature","id":"AC-Y614-X242","properties":{"id":"AC-Y614-X242","grid_x":242,"grid_y":614,"centroid":[-72.408339,-8.5072825],"aggregation":"none","score_gradboost":0.0700017,"score_random_forest":0.0499899,"score_logistic_regression":0.2044406,"score_fuzzy_knn_k29":0.0255675},"geometry":{"type":"Polygon","coordinates":[[[-72.4124125,-8.5099474],[-72.4043132,-8.5100184],[-72.4042655,-8.5046175],[-72.4123647,-8.5045465],[-72.4124125,-8.5099474]]]}},{"type":"Feature","id":"AC-Y614-X243","properties":{"id":"AC-Y614-X243","grid_x":243,"grid_y":614,"centroid":[-72.4002397,-8.5073534],"aggregation":"none","score_gradboost":0.0160026,"score_random_forest":0.0070948,"score_logistic_regression":0.1431993,"score_fuzzy_knn_k29":0.0},"geometry":{"type":"Polygon","coordinates":[[[-72.4043132,-8.5100184],[-72.3962139,-8.5100893],[-72.3961662,-8.5046884],[-72.4042655,-8.5046175],[-72.4043132,-8.5100184]]]}},{"type":"Feature","id":"AC-Y614-X244","properties":{"id":"AC-Y614-X244","grid_x":244,"grid_y":614,"centroid":[-72.3921404,-8.5074242],"aggregation":"none","score_gradboost":0.0884116,"score_random_forest":0.0417635,"score_logistic_regression":0.1499513,"score_fuzzy_knn_k29":0.0},"geometry":{"type":"Polygon","coordinates":[[[-72.3962139,-8.5100893],[-72.3881145,-8.5101601],[-72.3880669,-8.504759],[-72.3961662,-8.5046884],[-72.3962139,-8.5100893]]]}},{"type":"Feature","id":"AC-Y614-X245","properties":{"id":"AC-Y614-X245","grid_x":245,"grid_y":614,"centroid":[-72.384041,-8.5074948],"aggregation":"none","score_gradboost":0.2111572,"score_random_forest":0.0882862,"score_logistic_regression":0.192509,"score_fuzzy_knn_k29":0.0},"geometry":{"type":"Polygon","coordinates":[[[-72.3881145,-8.5101601],[-72.380015,-8.5102306],[-72.3799675,-8.5048296],[-72.3880669,-8.504759],[-72.3881145,-8.5101601]]]}},{"type":"Feature","id":"AC-Y614-X246","properties":{"id":"AC-Y614-X246","grid_x":246,"grid_y":614,"centroid":[-72.3759415,-8.5075653],"aggregation":"none","score_gradboost":0.0385863,"score_random_forest":0.0161561,"score_logistic_regression":0.1114896,"score_fuzzy_knn_k29":0.0},"geometry":{"type":"Polygon","coordinates":[[[-72.380015,-8.5102306],[-72.3719154,-8.510301],[-72.3718681,-8.5048999],[-72.3799675,-8.5048296],[-72.380015,-8.5102306]]]}},{"type":"Feature","id":"AC-Y614-X247","properties":{"id":"AC-Y614-X247","grid_x":247,"grid_y":614,"centroid":[-72.367842,-8.5076356],"aggregation":"none","score_gradboost":0.0436511,"score_random_forest":0.0113414,"score_logistic_regression":0.1029549,"score_fuzzy_knn_k29":0.0},"geometry":{"type":"Polygon","coordinates":[[[-72.3719154,-8.510301],[-72.3638157,-8.5103712],[-72.3637686,-8.5049701],[-72.3718681,-8.5048999],[-72.3719154,-8.510301]]]}},{"type":"Feature","id":"AC-Y614-X248","properties":{"id":"AC-Y614-X248","grid_x":248,"grid_y":614,"centroid":[-72.3597423,-8.5077057],"aggregation":"none","score_gradboost":0.0469867,"score_random_forest":0.0211618,"score_logistic_regression":0.0995686,"score_fuzzy_knn_k29":0.0},"geometry":{"type":"Polygon","coordinates":[[[-72.3638157,-8.5103712],[-72.355716,-8.5104413],[-72.355669,-8.5050401],[-72.3637686,-8.5049701],[-72.3638157,-8.5103712]]]}},{"type":"Feature","id":"AC-Y614-X249","properties":{"id":"AC-Y614-X249","grid_x":249,"grid_y":614,"centroid":[-72.3516427,-8.5077756],"aggregation":"none","score_gradboost":0.0379295,"score_random_forest":0.0189762,"score_logistic_regression":0.1185027,"score_fuzzy_knn_k29":0.0},"geometry":{"type":"Polygon","coordinates":[[[-72.355716,-8.5104413],[-72.3476163,-8.5105112],[-72.3475693,-8.5051099],[-72.355669,-8.5050401],[-72.355716,-8.5104413]]]}},{"type":"Feature","id":"AC-Y614-X250","properties":{"id":"AC-Y614-X250","grid_x":250,"grid_y":614,"centroid":[-72.3435429,-8.5078454],"aggregation":"none","score_gradboost":0.053988,"score_random_forest":0.0176289,"score_logistic_regression":0.1146454,"score_fuzzy_knn_k29":0.0},"geometry":{"type":"Polygon","coordinates":[[[-72.3476163,-8.5105112],[-72.3395164,-8.5105809],[-72.3394696,-8.5051796],[-72.3475693,-8.5051099],[-72.3476163,-8.5105112]]]}},{"type":"Feature","id":"AC-Y614-X251","properties":{"id":"AC-Y614-X251","grid_x":251,"grid_y":614,"centroid":[-72.3354431,-8.507915],"aggregation":"none","score_gradboost":0.02301,"score_random_forest":0.0187531,"score_logistic_regression":0.1148694,"score_fuzzy_knn_k29":0.0},"geometry":{"type":"Polygon","coordinates":[[[-72.3395164,-8.5105809],[-72.3314165,-8.5106505],[-72.3313698,-8.5052491],[-72.3394696,-8.5051796],[-72.3395164,-8.5105809]]]}},{"type":"Feature","id":"AC-Y614-X252","properties":{"id":"AC-Y614-X252","grid_x":252,"grid_y":614,"centroid":[-72.3273432,-8.5079845],"aggregation":"none","score_gradboost":0.0175195,"score_random_forest":0.028621,"score_logistic_regression":0.1386854,"score_fuzzy_knn_k29":0.0},"geometry":{"type":"Polygon","coordinates":[[[-72.3314165,-8.5106505],[-72.3233165,-8.5107198],[-72.3232699,-8.5053185],[-72.3313698,-8.5052491],[-72.3314165,-8.5106505]]]}},{"type":"Feature","id":"AC-Y614-X253","properties":{"id":"AC-Y614-X253","grid_x":253,"grid_y":614,"centroid":[-72.3192432,-8.5080538],"aggregation":"none","score_gradboost":0.0207069,"score_random_forest":0.0208361,"score_logistic_regression":0.1115168,"score_fuzzy_knn_k29":0.0},"geometry":{"type":"Polygon","coordinates":[[[-72.3233165,-8.5107198],[-72.3152165,-8.510789],[-72.31517,-8.5053876],[-72.3232699,-8.5053185],[-72.3233165,-8.5107198]]]}},{"type":"Feature","id":"AC-Y615-X241","properties":{"id":"AC-Y615-X241","grid_x":241,"grid_y":615,"centroid":[-72.4163903,-8.5018105],"aggregation":"none","score_gradboost":0.0423461,"score_random_forest":0.0183687,"score_logistic_regression":0.1498712,"score_fuzzy_knn_k29":0.0301365},"geometry":{"type":"Polygon","coordinates":[[[-72.4204638,-8.5044753],[-72.4123647,-8.5045465],[-72.4123168,-8.4991456],[-72.4204158,-8.4990745],[-72.4204638,-8.5044753]]]}},{"type":"Feature","id":"AC-Y615-X242","properties":{"id":"AC-Y615-X242","grid_x":242,"grid_y":615,"centroid":[-72.4082912,-8.5018816],"aggregation":"none","score_gradboost":0.0411109,"score_random_forest":0.0361286,"score_logistic_regression":0.1728235,"score_fuzzy_knn_k29":0.0189468},"geometry":{"type":"Polygon","coordinates":[[[-72.4123647,-8.5045465],[-72.4042655,-8.5046175],[-72.4042178,-8.4992166],[-72.4123168,-8.4991456],[-72.4123647,-8.5045465]]]}},{"type":"Feature","id":"AC-Y615-X243","properties":{"id":"AC-Y615-X243","grid_x":243,"grid_y":615,"centroid":[-72.400192,-8.5019525],"aggregation":"none","score_gradboost":0.0543156,"score_random_forest":0.0424469,"score_logistic_regression":0.1923907,"score_fuzzy_knn_k29":0.0111213},"geometry":{"type":"Polygon","coordinates":[[[-72.4042655,-8.5046175],[-72.3961662,-8.5046884],[-72.3961186,-8.4992874],[-72.4042178,-8.4992166],[-72.4042655,-8.5046175]]]}},{"type":"Feature","id":"AC-Y615-X244","properties":{"id":"AC-Y615-X244","grid_x":244,"grid_y":615,"centroid":[-72.3920928,-8.5020232],"aggregation":"none","score_gradboost":0.0855489,"score_random_forest":0.046382,"score_logistic_regression":0.158157,"score_fuzzy_knn_k29":0.0},"geometry":{"type":"Polygon","coordinates":[[[-72.3961662,-8.5046884],[-72.3880669,-8.504759],[-72.3880194,-8.499358],[-72.3961186,-8.4992874],[-72.3961662,-8.5046884]]]}},{"type":"Feature","id":"AC-Y615-X245","properties":{"id":"AC-Y615-X245","grid_x":245,"grid_y":615,"centroid":[-72.3839935,-8.5020938],"aggregation":"none","score_gradboost":0.1343928,"score_random_forest":0.058714,"score_logistic_regression":0.212689,"score_fuzzy_knn_k29":0.0094213},"geometry":{"type":"Polygon","coordinates":[[[-72.3880669,-8.504759],[-72.3799675,-8.5048296],[-72.3799202,-8.4994285],[-72.3880194,-8.499358],[-72.3880669,-8.504759]]]}},{"type":"Feature","id":"AC-Y615-X246","properties":{"id":"AC-Y615-X246","grid_x":246,"grid_y":615,"centroid":[-72.3758942,-8.5021642],"aggregation":"none","score_gradboost":0.0375368,"score_random_forest":0.0164345,"score_logistic_regression":0.1230905,"score_fuzzy_knn_k29":0.0},"geometry":{"type":"Polygon","coordinates":[[[-72.3799675,-8.5048296],[-72.3718681,-8.5048999],[-72.3718208,-8.4994988],[-72.3799202,-8.4994285],[-72.3799675,-8.5048296]]]}},{"type":"Feature","id":"AC-Y615-X247","properties":{"id":"AC-Y615-X247","grid_x":247,"grid_y":615,"centroid":[-72.3677947,-8.5022344],"aggregation":"none","score_gradboost":0.0259693,"score_random_forest":0.0164489,"score_logistic_regression":0.1177043,"score_fuzzy_knn_k29":0.0},"geometry":{"type":"Polygon","coordinates":[[[-72.3718681,-8.5048999],[-72.3637686,-8.5049701],[-72.3637214,-8.4995689],[-72.3718208,-8.4994988],[-72.3718681,-8.5048999]]]}},{"type":"Feature","id":"AC-Y615-X248","properties":{"id":"AC-Y615-X248","grid_x":248,"grid_y":615,"centroid":[-72.3596952,-8.5023045],"aggregation":"none","score_gradboost":0.0366313,"score_random_forest":0.0052824,"score_logistic_regression":0.1354875,"score_fuzzy_knn_k29":0.0},"geometry":{"type":"Polygon","coordinates":[[[-72.3637686,-8.5049701],[-72.355669,-8.5050401],[-72.3556219,-8.4996389],[-72.3637214,-8.4995689],[-72.3637686,-8.5049701]]]}},{"type":"Feature","id":"AC-Y615-X249","properties":{"id":"AC-Y615-X249","grid_x":249,"grid_y":615,"centroid":[-72.3515957,-8.5023744],"aggregation":"none","score_gradboost":0.0354724,"score_random_forest":0.0180891,"score_logistic_regression":0.1333781,"score_fuzzy_knn_k29":0.0},"geometry":{"type":"Polygon","coordinates":[[[-72.355669,-8.5050401],[-72.3475693,-8.5051099],[-72.3475224,-8.4997087],[-72.3556219,-8.4996389],[-72.355669,-8.5050401]]]}},{"type":"Feature","id":"AC-Y615-X250","properties":{"id":"AC-Y615-X250","grid_x":250,"grid_y":615,"centroid":[-72.343496,-8.5024442],"aggregation":"none","score_gradboost":0.0226823,"score_random_forest":0.0226478,"score_logistic_regression":0.1106521,"score_fuzzy_knn_k29":0.0},"geometry":{"type":"Polygon","coordinates":[[[-72.3475693,-8.5051099],[-72.3394696,-8.5051796],[-72.3394228,-8.4997783],[-72.3475224,-8.4997087],[-72.3475693,-8.5051099]]]}},{"type":"Feature","id":"AC-Y615-X251","properties":{"id":"AC-Y615-X251","grid_x":251,"grid_y":615,"centroid":[-72.3353963,-8.5025137],"aggregation":"none","score_gradboost":0.0226823,"score_random_forest":0.0253121,"score_logistic_regression":0.1126967,"score_fuzzy_knn_k29":0.0},"geometry":{"type":"Polygon","coordinates":[[[-72.3394696,-8.5051796],[-72.3313698,-8.5052491],[-72.3313231,-8.4998478],[-72.3394228,-8.4997783],[-72.3394696,-8.5051796]]]}},{"type":"Feature","id":"AC-Y615-X252","properties":{"id":"AC-Y615-X252","grid_x":252,"grid_y":615,"centroid":[-72.3272965,-8.5025831],"aggregation":"none","score_gradboost":0.0131795,"score_random_forest":0.0029535,"score_logistic_regression":0.0948637,"score_fuzzy_knn_k29":0.0},"geometry":{"type":"Polygon","coordinates":[[[-72.3313698,-8.5052491],[-72.3232699,-8.5053185],[-72.3232233,-8.4999171],[-72.3313231,-8.4998478],[-72.3313698,-8.5052491]]]}},{"type":"Feature","id":"AC-Y615-X253","properties":{"id":"AC-Y615-X253","grid_x":253,"grid_y":615,"centroid":[-72.3191967,-8.5026524],"aggregation":"none","score_gradboost":0.0153922,"score_random_forest":0.0124171,"score_logistic_regression":0.1274126,"score_fuzzy_knn_k29":0.0},"geometry":{"type":"Polygon","coordinates":[[[-72.3232699,-8.5053185],[-72.31517,-8.5053876],[-72.3151235,-8.4999862],[-72.3232233,-8.4999171],[-72.3232699,-8.5053185]]]}},{"type":"Feature","id":"AC-Y616-X242","properties":{"id":"AC-Y616-X242","grid_x":242,"grid_y":616,"centroid":[-72.4082435,-8.4964807],"aggregation":"none","score_gradboost":0.0400906,"score_random_forest":0.0162105,"score_logistic_regression":0.1505671,"score_fuzzy_knn_k29":0.0071419},"geometry":{"type":"Polygon","coordinates":[[[-72.4123168,-8.4991456],[-72.4042178,-8.4992166],[-72.4041701,-8.4938156],[-72.4122691,-8.4937447],[-72.4123168,-8.4991456]]]}},{"type":"Feature","id":"AC-Y616-X243","properties":{"id":"AC-Y616-X243","grid_x":243,"grid_y":616,"centroid":[-72.4001444,-8.4965515],"aggregation":"none","score_gradboost":0.0530331,"score_random_forest":0.0278783,"score_logistic_regression":0.1599354,"score_fuzzy_knn_k29":0.0},"geometry":{"type":"Polygon","coordinates":[[[-72.4042178,-8.4992166],[-72.3961186,-8.4992874],[-72.3960711,-8.4938864],[-72.4041701,-8.4938156],[-72.4042178,-8.4992166]]]}},{"type":"Feature","id":"AC-Y616-X244","properties":{"id":"AC-Y616-X244","grid_x":244,"grid_y":616,"centroid":[-72.3920453,-8.4966222],"aggregation":"none","score_gradboost":0.2040215,"score_random_forest":0.0873518,"score_logistic_regression":0.1898029,"score_fuzzy_knn_k29":0.0},"geometry":{"type":"Polygon","coordinates":[[[-72.3961186,-8.4992874],[-72.3880194,-8.499358],[-72.387972,-8.493957],[-72.3960711,-8.4938864],[-72.3961186,-8.4992874]]]}},{"type":"Feature","id":"AC-Y616-X245","properties":{"id":"AC-Y616-X245","grid_x":245,"grid_y":616,"centroid":[-72.3839461,-8.4966928],"aggregation":"none","score_gradboost":0.1942468,"score_random_forest":0.065857,"score_logistic_regression":0.1801339,"score_fuzzy_knn_k29":0.0142426},"geometry":{"type":"Polygon","coordinates":[[[-72.3880194,-8.499358],[-72.3799202,-8.4994285],[-72.3798728,-8.4940274],[-72.387972,-8.493957],[-72.3880194,-8.499358]]]}},{"type":"Feature","id":"AC-Y616-X246","properties":{"id":"AC-Y616-X246","grid_x":246,"grid_y":616,"centroid":[-72.3758469,-8.4967631],"aggregation":"none","score_gradboost":0.0381494,"score_random_forest":0.0153742,"score_logistic_regression":0.1301893,"score_fuzzy_knn_k29":0.0},"geometry":{"type":"Polygon","coordinates":[[[-72.3799202,-8.4994285],[-72.3718208,-8.4994988],[-72.3717736,-8.4940977],[-72.3798728,-8.4940274],[-72.3799202,-8.4994285]]]}},{"type":"Feature","id":"AC-Y616-X247","properties":{"id":"AC-Y616-X247","grid_x":247,"grid_y":616,"centroid":[-72.3677475,-8.4968333],"aggregation":"none","score_gradboost":0.0387946,"score_random_forest":0.0126319,"score_logistic_regression":0.1188975,"score_fuzzy_knn_k29":0.0},"geometry":{"type":"Polygon","coordinates":[[[-72.3718208,-8.4994988],[-72.3637214,-8.4995689],[-72.3636743,-8.4941678],[-72.3717736,-8.4940977],[-72.3718208,-8.4994988]]]}},{"type":"Feature","id":"AC-Y616-X248","properties":{"id":"AC-Y616-X248","grid_x":248,"grid_y":616,"centroid":[-72.3596482,-8.4969033],"aggregation":"none","score_gradboost":0.0338732,"score_random_forest":0.0077919,"score_logistic_regression":0.1396716,"score_fuzzy_knn_k29":0.0},"geometry":{"type":"Polygon","coordinates":[[[-72.3637214,-8.4995689],[-72.3556219,-8.4996389],[-72.3555749,-8.4942377],[-72.3636743,-8.4941678],[-72.3637214,-8.4995689]]]}},{"type":"Feature","id":"AC-Y616-X249","properties":{"id":"AC-Y616-X249","grid_x":249,"grid_y":616,"centroid":[-72.3515487,-8.4969732],"aggregation":"none","score_gradboost":0.014743,"score_random_forest":0.0109283,"score_logistic_regression":0.1049281,"score_fuzzy_knn_k29":0.0},"geometry":{"type":"Polygon","coordinates":[[[-72.3556219,-8.4996389],[-72.3475224,-8.4997087],[-72.3474755,-8.4943074],[-72.3555749,-8.4942377],[-72.3556219,-8.4996389]]]}},{"type":"Feature","id":"AC-Y616-X250","properties":{"id":"AC-Y616-X250","grid_x":250,"grid_y":616,"centroid":[-72.3434492,-8.4970429],"aggregation":"none","score_gradboost":0.0119471,"score_random_forest":0.0064549,"score_logistic_regression":0.0962426,"score_fuzzy_knn_k29":0.0},"geometry":{"type":"Polygon","coordinates":[[[-72.3475224,-8.4997087],[-72.3394228,-8.4997783],[-72.339376,-8.494377],[-72.3474755,-8.4943074],[-72.3475224,-8.4997087]]]}},{"type":"Feature","id":"AC-Y616-X251","properties":{"id":"AC-Y616-X251","grid_x":251,"grid_y":616,"centroid":[-72.3353496,-8.4971124],"aggregation":"none","score_gradboost":0.0146044,"score_random_forest":0.0140745,"score_logistic_regression":0.1032156,"score_fuzzy_knn_k29":0.0},"geometry":{"type":"Polygon","coordinates":[[[-72.3394228,-8.4997783],[-72.3313231,-8.4998478],[-72.3312764,-8.4944464],[-72.339376,-8.494377],[-72.3394228,-8.4997783]]]}},{"type":"Feature","id":"AC-Y616-X252","properties":{"id":"AC-Y616-X252","grid_x":252,"grid_y":616,"centroid":[-72.3272499,-8.4971818],"aggregation":"none","score_gradboost":0.0146044,"score_random_forest":0.0020093,"score_logistic_regression":0.1015257,"score_fuzzy_knn_k29":0.0},"geometry":{"type":"Polygon","coordinates":[[[-72.3313231,-8.4998478],[-72.3232233,-8.4999171],[-72.3231768,-8.4945157],[-72.3312764,-8.4944464],[-72.3313231,-8.4998478]]]}},{"type":"Feature","id":"AC-Y616-X253","properties":{"id":"AC-Y616-X253","grid_x":253,"grid_y":616,"centroid":[-72.3191502,-8.4972509],"aggregation":"none","score_gradboost":0.0107484,"score_random_forest":0.0033196,"score_logistic_regression":0.1034214,"score_fuzzy_knn_k29":0.0},"geometry":{"type":"Polygon","coordinates":[[[-72.3232233,-8.4999171],[-72.3151235,-8.4999862],[-72.3150771,-8.4945848],[-72.3231768,-8.4945157],[-72.3232233,-8.4999171]]]}},{"type":"Feature","id":"AC-Y617-X242","properties":{"id":"AC-Y617-X242","grid_x":242,"grid_y":617,"centroid":[-72.4081957,-8.4910798],"aggregation":"none","score_gradboost":0.04214,"score_random_forest":0.0203185,"score_logistic_regression":0.1522606,"score_fuzzy_knn_k29":0.0037555},"geometry":{"type":"Polygon","coordinates":[[[-72.4122691,-8.4937447],[-72.4041701,-8.4938156],[-72.4041225,-8.4884147],[-72.4122213,-8.4883438],[-72.4122691,-8.4937447]]]}},{"type":"Feature","id":"AC-Y617-X243","properties":{"id":"AC-Y617-X243","grid_x":243,"grid_y":617,"centroid":[-72.4000968,-8.4911506],"aggregation":"none","score_gradboost":0.0583023,"score_random_forest":0.0345353,"score_logistic_regression":0.1667774,"score_fuzzy_knn_k29":0.0},"geometry":{"type":"Polygon","coordinates":[[[-72.4041701,-8.4938156],[-72.3960711,-8.4938864],[-72.3960235,-8.4884854],[-72.4041225,-8.4884147],[-72.4041701,-8.4938156]]]}},{"type":"Feature","id":"AC-Y617-X244","properties":{"id":"AC-Y617-X244","grid_x":244,"grid_y":617,"centroid":[-72.3919978,-8.4912212],"aggregation":"none","score_gradboost":0.0629075,"score_random_forest":0.0452661,"score_logistic_regression":0.1502956,"score_fuzzy_knn_k29":0.0},"geometry":{"type":"Polygon","coordinates":[[[-72.3960711,-8.4938864],[-72.387972,-8.493957],[-72.3879246,-8.488556],[-72.3960235,-8.4884854],[-72.3960711,-8.4938864]]]}},{"type":"Feature","id":"AC-Y617-X245","properties":{"id":"AC-Y617-X245","grid_x":245,"grid_y":617,"centroid":[-72.3838987,-8.4912917],"aggregation":"none","score_gradboost":0.0304943,"score_random_forest":0.0235382,"score_logistic_regression":0.1421537,"score_fuzzy_knn_k29":0.0306327},"geometry":{"type":"Polygon","coordinates":[[[-72.387972,-8.493957],[-72.3798728,-8.4940274],[-72.3798255,-8.4886263],[-72.3879246,-8.488556],[-72.387972,-8.493957]]]}},{"type":"Feature","id":"AC-Y617-X246","properties":{"id":"AC-Y617-X246","grid_x":246,"grid_y":617,"centroid":[-72.3757996,-8.491362],"aggregation":"none","score_gradboost":0.0251668,"score_random_forest":0.0185953,"score_logistic_regression":0.1611736,"score_fuzzy_knn_k29":0.054427},"geometry":{"type":"Polygon","coordinates":[[[-72.3798728,-8.4940274],[-72.3717736,-8.4940977],[-72.3717264,-8.4886966],[-72.3798255,-8.4886263],[-72.3798728,-8.4940274]]]}},{"type":"Feature","id":"AC-Y617-X247","properties":{"id":"AC-Y617-X247","grid_x":247,"grid_y":617,"centroid":[-72.3677004,-8.4914322],"aggregation":"none","score_gradboost":0.0251021,"score_random_forest":0.0076063,"score_logistic_regression":0.0972341,"score_fuzzy_knn_k29":0.0},"geometry":{"type":"Polygon","coordinates":[[[-72.3717736,-8.4940977],[-72.3636743,-8.4941678],[-72.3636272,-8.4887666],[-72.3717264,-8.4886966],[-72.3717736,-8.4940977]]]}},{"type":"Feature","id":"AC-Y617-X248","properties":{"id":"AC-Y617-X248","grid_x":248,"grid_y":617,"centroid":[-72.3596011,-8.4915022],"aggregation":"none","score_gradboost":0.0243885,"score_random_forest":0.0079001,"score_logistic_regression":0.0982649,"score_fuzzy_knn_k29":0.0},"geometry":{"type":"Polygon","coordinates":[[[-72.3636743,-8.4941678],[-72.3555749,-8.4942377],[-72.355528,-8.4888365],[-72.3636272,-8.4887666],[-72.3636743,-8.4941678]]]}},{"type":"Feature","id":"AC-Y617-X249","properties":{"id":"AC-Y617-X249","grid_x":249,"grid_y":617,"centroid":[-72.3515018,-8.491572],"aggregation":"none","score_gradboost":0.0132406,"score_random_forest":0.0103459,"score_logistic_regression":0.106422,"score_fuzzy_knn_k29":0.0},"geometry":{"type":"Polygon","coordinates":[[[-72.3555749,-8.4942377],[-72.3474755,-8.4943074],[-72.3474286,-8.4889062],[-72.355528,-8.4888365],[-72.3555749,-8.4942377]]]}},{"type":"Feature","id":"AC-Y617-X250","properties":{"id":"AC-Y617-X250","grid_x":250,"grid_y":617,"centroid":[-72.3434023,-8.4916416],"aggregation":"none","score_gradboost":0.02301,"score_random_forest":0.019919,"score_logistic_regression":0.1224905,"score_fuzzy_knn_k29":0.0},"geometry":{"type":"Polygon","coordinates":[[[-72.3474755,-8.4943074],[-72.339376,-8.494377],[-72.3393292,-8.4889757],[-72.3474286,-8.4889062],[-72.3474755,-8.4943074]]]}},{"type":"Feature","id":"AC-Y617-X251","properties":{"id":"AC-Y617-X251","grid_x":251,"grid_y":617,"centroid":[-72.3353029,-8.4917111],"aggregation":"none","score_gradboost":0.0131795,"score_random_forest":0.0096451,"score_logistic_regression":0.0978744,"score_fuzzy_knn_k29":0.0},"geometry":{"type":"Polygon","coordinates":[[[-72.339376,-8.494377],[-72.3312764,-8.4944464],[-72.3312298,-8.4890451],[-72.3393292,-8.4889757],[-72.339376,-8.494377]]]}},{"type":"Feature","id":"AC-Y617-X252","properties":{"id":"AC-Y617-X252","grid_x":252,"grid_y":617,"centroid":[-72.3272033,-8.4917804],"aggregation":"none","score_gradboost":0.0107484,"score_random_forest":0.010677,"score_logistic_regression":0.1086379,"score_fuzzy_knn_k29":0.0},"geometry":{"type":"Polygon","coordinates":[[[-72.3312764,-8.4944464],[-72.3231768,-8.4945157],[-72.3231303,-8.4891143],[-72.3312298,-8.4890451],[-72.3312764,-8.4944464]]]}},{"type":"Feature","id":"AC-Y617-X253","properties":{"id":"AC-Y617-X253","grid_x":253,"grid_y":617,"centroid":[-72.3191037,-8.4918495],"aggregation":"none","score_gradboost":0.0138242,"score_random_forest":0.0038821,"score_logistic_regression":0.1068396,"score_fuzzy_knn_k29":0.0},"geometry":{"type":"Polygon","coordinates":[[[-72.3231768,-8.4945157],[-72.3150771,-8.4945848],[-72.3150307,-8.4891833],[-72.3231303,-8.4891143],[-72.3231768,-8.4945157]]]}},{"type":"Feature","id":"AC-Y618-X243","properties":{"id":"AC-Y618-X243","grid_x":243,"grid_y":618,"centroid":[-72.4000492,-8.4857496],"aggregation":"none","score_gradboost":0.0669221,"score_random_forest":0.0432993,"score_logistic_regression":0.1606708,"score_fuzzy_knn_k29":0.0},"geometry":{"type":"Polygon","coordinates":[[[-72.4041225,-8.4884147],[-72.3960235,-8.4884854],[-72.395976,-8.4830844],[-72.4040748,-8.4830138],[-72.4041225,-8.4884147]]]}},{"type":"Feature","id":"AC-Y618-X244","properties":{"id":"AC-Y618-X244","grid_x":244,"grid_y":618,"centroid":[-72.3919503,-8.4858202],"aggregation":"none","score_gradboost":0.0672368,"score_random_forest":0.0365172,"score_logistic_regression":0.1620963,"score_fuzzy_knn_k29":0.0},"geometry":{"type":"Polygon","coordinates":[[[-72.3960235,-8.4884854],[-72.3879246,-8.488556],[-72.3878772,-8.4831549],[-72.395976,-8.4830844],[-72.3960235,-8.4884854]]]}},{"type":"Feature","id":"AC-Y618-X245","properties":{"id":"AC-Y618-X245","grid_x":245,"grid_y":618,"centroid":[-72.3838514,-8.4858907],"aggregation":"none","score_gradboost":0.0215331,"score_random_forest":0.0125384,"score_logistic_regression":0.150764,"score_fuzzy_knn_k29":0.031894},"geometry":{"type":"Polygon","coordinates":[[[-72.3879246,-8.488556],[-72.3798255,-8.4886263],[-72.3797782,-8.4832253],[-72.3878772,-8.4831549],[-72.3879246,-8.488556]]]}},{"type":"Feature","id":"AC-Y618-X246","properties":{"id":"AC-Y618-X246","grid_x":246,"grid_y":618,"centroid":[-72.3757524,-8.4859609],"aggregation":"none","score_gradboost":0.0700955,"score_random_forest":0.0506312,"score_logistic_regression":0.1847176,"score_fuzzy_knn_k29":0.0749161},"geometry":{"type":"Polygon","coordinates":[[[-72.3798255,-8.4886263],[-72.3717264,-8.4886966],[-72.3716792,-8.4832954],[-72.3797782,-8.4832253],[-72.3798255,-8.4886263]]]}},{"type":"Feature","id":"AC-Y618-X247","properties":{"id":"AC-Y618-X247","grid_x":247,"grid_y":618,"centroid":[-72.3676533,-8.486031],"aggregation":"none","score_gradboost":0.0469867,"score_random_forest":0.0145439,"score_logistic_regression":0.1106859,"score_fuzzy_knn_k29":0.0},"geometry":{"type":"Polygon","coordinates":[[[-72.3717264,-8.4886966],[-72.3636272,-8.4887666],[-72.3635802,-8.4833654],[-72.3716792,-8.4832954],[-72.3717264,-8.4886966]]]}},{"type":"Feature","id":"AC-Y618-X248","properties":{"id":"AC-Y618-X248","grid_x":248,"grid_y":618,"centroid":[-72.3595541,-8.486101],"aggregation":"none","score_gradboost":0.0305299,"score_random_forest":0.0076468,"score_logistic_regression":0.1079799,"score_fuzzy_knn_k29":0.0},"geometry":{"type":"Polygon","coordinates":[[[-72.3636272,-8.4887666],[-72.355528,-8.4888365],[-72.355481,-8.4834353],[-72.3635802,-8.4833654],[-72.3636272,-8.4887666]]]}},{"type":"Feature","id":"AC-Y618-X249","properties":{"id":"AC-Y618-X249","grid_x":249,"grid_y":618,"centroid":[-72.3514549,-8.4861707],"aggregation":"none","score_gradboost":0.0182368,"score_random_forest":0.0196207,"score_logistic_regression":0.1360137,"score_fuzzy_knn_k29":0.0},"geometry":{"type":"Polygon","coordinates":[[[-72.355528,-8.4888365],[-72.3474286,-8.4889062],[-72.3473818,-8.4835049],[-72.355481,-8.4834353],[-72.355528,-8.4888365]]]}},{"type":"Feature","id":"AC-Y618-X250","properties":{"id":"AC-Y618-X250","grid_x":250,"grid_y":618,"centroid":[-72.3433556,-8.4862403],"aggregation":"none","score_gradboost":0.0131795,"score_random_forest":0.0071006,"score_logistic_regression":0.1026496,"score_fuzzy_knn_k29":0.0},"geometry":{"type":"Polygon","coordinates":[[[-72.3474286,-8.4889062],[-72.3393292,-8.4889757],[-72.3392825,-8.4835744],[-72.3473818,-8.4835049],[-72.3474286,-8.4889062]]]}},{"type":"Feature","id":"AC-Y618-X251","properties":{"id":"AC-Y618-X251","grid_x":251,"grid_y":618,"centroid":[-72.3352562,-8.4863098],"aggregation":"none","score_gradboost":0.0221024,"score_random_forest":0.0271806,"score_logistic_regression":0.1183351,"score_fuzzy_knn_k29":0.0},"geometry":{"type":"Polygon","coordinates":[[[-72.3393292,-8.4889757],[-72.3312298,-8.4890451],[-72.3311832,-8.4836437],[-72.3392825,-8.4835744],[-72.3393292,-8.4889757]]]}},{"type":"Feature","id":"AC-Y618-X252","properties":{"id":"AC-Y618-X252","grid_x":252,"grid_y":618,"centroid":[-72.3271567,-8.486379],"aggregation":"none","score_gradboost":0.0076034,"score_random_forest":0.0118915,"score_logistic_regression":0.0994846,"score_fuzzy_knn_k29":0.0},"geometry":{"type":"Polygon","coordinates":[[[-72.3312298,-8.4890451],[-72.3231303,-8.4891143],[-72.3230838,-8.4837129],[-72.3311832,-8.4836437],[-72.3312298,-8.4890451]]]}},{"type":"Feature","id":"AC-Y618-X253","properties":{"id":"AC-Y618-X253","grid_x":253,"grid_y":618,"centroid":[-72.3190572,-8.4864481],"aggregation":"none","score_gradboost":0.0138242,"score_random_forest":0.0038821,"score_logistic_regression":0.1103796,"score_fuzzy_knn_k29":0.0182553},"geometry":{"type":"Polygon","coordinates":[[[-72.3231303,-8.4891143],[-72.3150307,-8.4891833],[-72.3149843,-8.4837819],[-72.3230838,-8.4837129],[-72.3231303,-8.4891143]]]}},{"type":"Feature","id":"AC-Y619-X243","properties":{"id":"AC-Y619-X243","grid_x":243,"grid_y":619,"centroid":[-72.4000017,-8.4803487],"aggregation":"none","score_gradboost":0.0629075,"score_random_forest":0.0546862,"score_logistic_regression":0.1627724,"score_fuzzy_knn_k29":0.0},"geometry":{"type":"Polygon","coordinates":[[[-72.4040748,-8.4830138],[-72.395976,-8.4830844],[-72.3959286,-8.4776835],[-72.4040272,-8.4776128],[-72.4040748,-8.4830138]]]}},{"type":"Feature","id":"AC-Y619-X244","properties":{"id":"AC-Y619-X244","grid_x":244,"grid_y":619,"centroid":[-72.3919029,-8.4804192],"aggregation":"none","score_gradboost":0.2118111,"score_random_forest":0.0609883,"score_logistic_regression":0.1721102,"score_fuzzy_knn_k29":0.016757},"geometry":{"type":"Polygon","coordinates":[[[-72.395976,-8.4830844],[-72.3878772,-8.4831549],[-72.3878298,-8.4777539],[-72.3959286,-8.4776835],[-72.395976,-8.4830844]]]}},{"type":"Feature","id":"AC-Y619-X245","properties":{"id":"AC-Y619-X245","grid_x":245,"grid_y":619,"centroid":[-72.3838041,-8.4804896],"aggregation":"none","score_gradboost":0.090768,"score_random_forest":0.0386103,"score_logistic_regression":0.176299,"score_fuzzy_knn_k29":0.0475591},"geometry":{"type":"Polygon","coordinates":[[[-72.3878772,-8.4831549],[-72.3797782,-8.4832253],[-72.379731,-8.4778242],[-72.3878298,-8.4777539],[-72.3878772,-8.4831549]]]}},{"type":"Feature","id":"AC-Y619-X246","properties":{"id":"AC-Y619-X246","grid_x":246,"grid_y":619,"centroid":[-72.3757051,-8.4805598],"aggregation":"none","score_gradboost":0.0737845,"score_random_forest":0.0435366,"score_logistic_regression":0.1835077,"score_fuzzy_knn_k29":0.096114},"geometry":{"type":"Polygon","coordinates":[[[-72.3797782,-8.4832253],[-72.3716792,-8.4832954],[-72.3716321,-8.4778943],[-72.379731,-8.4778242],[-72.3797782,-8.4832253]]]}},{"type":"Feature","id":"AC-Y619-X247","properties":{"id":"AC-Y619-X247","grid_x":247,"grid_y":619,"centroid":[-72.3676062,-8.4806299],"aggregation":"none","score_gradboost":0.0469867,"score_random_forest":0.0145439,"score_logistic_regression":0.1136498,"score_fuzzy_knn_k29":0.0},"geometry":{"type":"Polygon","coordinates":[[[-72.3716792,-8.4832954],[-72.3635802,-8.4833654],[-72.3635331,-8.4779643],[-72.3716321,-8.4778943],[-72.3716792,-8.4832954]]]}},{"type":"Feature","id":"AC-Y619-X248","properties":{"id":"AC-Y619-X248","grid_x":248,"grid_y":619,"centroid":[-72.3595071,-8.4806998],"aggregation":"none","score_gradboost":0.020048,"score_random_forest":0.0052991,"score_logistic_regression":0.0914651,"score_fuzzy_knn_k29":0.0},"geometry":{"type":"Polygon","coordinates":[[[-72.3635802,-8.4833654],[-72.355481,-8.4834353],[-72.3554341,-8.4780341],[-72.3635331,-8.4779643],[-72.3635802,-8.4833654]]]}},{"type":"Feature","id":"AC-Y619-X249","properties":{"id":"AC-Y619-X249","grid_x":249,"grid_y":619,"centroid":[-72.351408,-8.4807695],"aggregation":"none","score_gradboost":0.0226823,"score_random_forest":0.0262651,"score_logistic_regression":0.1156965,"score_fuzzy_knn_k29":0.0},"geometry":{"type":"Polygon","coordinates":[[[-72.355481,-8.4834353],[-72.3473818,-8.4835049],[-72.347335,-8.4781037],[-72.3554341,-8.4780341],[-72.355481,-8.4834353]]]}},{"type":"Feature","id":"AC-Y619-X250","properties":{"id":"AC-Y619-X250","grid_x":250,"grid_y":619,"centroid":[-72.3433088,-8.4808391],"aggregation":"none","score_gradboost":0.0131795,"score_random_forest":0.0101769,"score_logistic_regression":0.1016289,"score_fuzzy_knn_k29":0.0},"geometry":{"type":"Polygon","coordinates":[[[-72.3473818,-8.4835049],[-72.3392825,-8.4835744],[-72.3392358,-8.4781731],[-72.347335,-8.4781037],[-72.3473818,-8.4835049]]]}},{"type":"Feature","id":"AC-Y619-X251","properties":{"id":"AC-Y619-X251","grid_x":251,"grid_y":619,"centroid":[-72.3352095,-8.4809084],"aggregation":"none","score_gradboost":0.0107484,"score_random_forest":0.009551,"score_logistic_regression":0.1117513,"score_fuzzy_knn_k29":0.0},"geometry":{"type":"Polygon","coordinates":[[[-72.3392825,-8.4835744],[-72.3311832,-8.4836437],[-72.3311366,-8.4782424],[-72.3392358,-8.4781731],[-72.3392825,-8.4835744]]]}},{"type":"Feature","id":"AC-Y619-X252","properties":{"id":"AC-Y619-X252","grid_x":252,"grid_y":619,"centroid":[-72.3271102,-8.4809777],"aggregation":"none","score_gradboost":0.0097992,"score_random_forest":0.0037694,"score_logistic_regression":0.1011683,"score_fuzzy_knn_k29":0.0170209},"geometry":{"type":"Polygon","coordinates":[[[-72.3311832,-8.4836437],[-72.3230838,-8.4837129],[-72.3230373,-8.4783115],[-72.3311366,-8.4782424],[-72.3311832,-8.4836437]]]}},{"type":"Feature","id":"AC-Y619-X253","properties":{"id":"AC-Y619-X253","grid_x":253,"grid_y":619,"centroid":[-72.3190108,-8.4810467],"aggregation":"none","score_gradboost":0.0097992,"score_random_forest":0.006039,"score_logistic_regression":0.1010646,"score_fuzzy_knn_k29":0.0194828},"geometry":{"type":"Polygon","coordinates":[[[-72.3230838,-8.4837129],[-72.3149843,-8.4837819],[-72.3149379,-8.4783805],[-72.3230373,-8.4783115],[-72.3230838,-8.4837129]]]}},{"type":"Feature","id":"AC-Y620-X244","properties":{"id":"AC-Y620-X244","grid_x":244,"grid_y":620,"centroid":[-72.3918555,-8.4750182],"aggregation":"none","score_gradboost":0.0282701,"score_random_forest":0.0196712,"score_logistic_regression":0.1506076,"score_fuzzy_knn_k29":0.029011},"geometry":{"type":"Polygon","coordinates":[[[-72.3959286,-8.4776835],[-72.3878298,-8.4777539],[-72.3877825,-8.4723529],[-72.3958811,-8.4722825],[-72.3959286,-8.4776835]]]}},{"type":"Feature","id":"AC-Y620-X245","properties":{"id":"AC-Y620-X245","grid_x":245,"grid_y":620,"centroid":[-72.3837568,-8.4750886],"aggregation":"none","score_gradboost":0.0233218,"score_random_forest":0.0168298,"score_logistic_regression":0.1672515,"score_fuzzy_knn_k29":0.0500181},"geometry":{"type":"Polygon","coordinates":[[[-72.3878298,-8.4777539],[-72.379731,-8.4778242],[-72.3796838,-8.4724231],[-72.3877825,-8.4723529],[-72.3878298,-8.4777539]]]}},{"type":"Feature","id":"AC-Y620-X246","properties":{"id":"AC-Y620-X246","grid_x":246,"grid_y":620,"centroid":[-72.375658,-8.4751587],"aggregation":"none","score_gradboost":0.0351708,"score_random_forest":0.0126319,"score_logistic_regression":0.1283425,"score_fuzzy_knn_k29":0.0},"geometry":{"type":"Polygon","coordinates":[[[-72.379731,-8.4778242],[-72.3716321,-8.4778943],[-72.371585,-8.4724932],[-72.3796838,-8.4724231],[-72.379731,-8.4778242]]]}},{"type":"Feature","id":"AC-Y620-X247","properties":{"id":"AC-Y620-X247","grid_x":247,"grid_y":620,"centroid":[-72.3675591,-8.4752287],"aggregation":"none","score_gradboost":0.0145973,"score_random_forest":0.0098918,"score_logistic_regression":0.0932239,"score_fuzzy_knn_k29":0.0},"geometry":{"type":"Polygon","coordinates":[[[-72.3716321,-8.4778943],[-72.3635331,-8.4779643],[-72.3634861,-8.4725631],[-72.371585,-8.4724932],[-72.3716321,-8.4778943]]]}},{"type":"Feature","id":"AC-Y620-X248","properties":{"id":"AC-Y620-X248","grid_x":248,"grid_y":620,"centroid":[-72.3594602,-8.4752986],"aggregation":"none","score_gradboost":0.0115919,"score_random_forest":0.0131985,"score_logistic_regression":0.0973667,"score_fuzzy_knn_k29":0.0},"geometry":{"type":"Polygon","coordinates":[[[-72.3635331,-8.4779643],[-72.3554341,-8.4780341],[-72.3553872,-8.4726328],[-72.3634861,-8.4725631],[-72.3635331,-8.4779643]]]}},{"type":"Feature","id":"AC-Y620-X249","properties":{"id":"AC-Y620-X249","grid_x":249,"grid_y":620,"centroid":[-72.3513612,-8.4753683],"aggregation":"none","score_gradboost":0.0212584,"score_random_forest":0.0286285,"score_logistic_regression":0.1187477,"score_fuzzy_knn_k29":0.0},"geometry":{"type":"Polygon","coordinates":[[[-72.3554341,-8.4780341],[-72.347335,-8.4781037],[-72.3472882,-8.4727024],[-72.3553872,-8.4726328],[-72.3554341,-8.4780341]]]}},{"type":"Feature","id":"AC-Y620-X250","properties":{"id":"AC-Y620-X250","grid_x":250,"grid_y":620,"centroid":[-72.3432621,-8.4754378],"aggregation":"none","score_gradboost":0.0234284,"score_random_forest":0.0188582,"score_logistic_regression":0.1259594,"score_fuzzy_knn_k29":0.0},"geometry":{"type":"Polygon","coordinates":[[[-72.347335,-8.4781037],[-72.3392358,-8.4781731],[-72.3391892,-8.4727718],[-72.3472882,-8.4727024],[-72.347335,-8.4781037]]]}},{"type":"Feature","id":"AC-Y620-X251","properties":{"id":"AC-Y620-X251","grid_x":251,"grid_y":620,"centroid":[-72.3351629,-8.4755071],"aggregation":"none","score_gradboost":0.009696,"score_random_forest":0.003732,"score_logistic_regression":0.1088107,"score_fuzzy_knn_k29":0.0},"geometry":{"type":"Polygon","coordinates":[[[-72.3392358,-8.4781731],[-72.3311366,-8.4782424],[-72.3310901,-8.4728411],[-72.3391892,-8.4727718],[-72.3392358,-8.4781731]]]}},{"type":"Feature","id":"AC-Y620-X252","properties":{"id":"AC-Y620-X252","grid_x":252,"grid_y":620,"centroid":[-72.3270637,-8.4755763],"aggregation":"none","score_gradboost":0.0138242,"score_random_forest":0.0101135,"score_logistic_regression":0.1174285,"score_fuzzy_knn_k29":0.0199839},"geometry":{"type":"Polygon","coordinates":[[[-72.3311366,-8.4782424],[-72.3230373,-8.4783115],[-72.3229909,-8.4729101],[-72.3310901,-8.4728411],[-72.3311366,-8.4782424]]]}},{"type":"Feature","id":"AC-Y620-X253","properties":{"id":"AC-Y620-X253","grid_x":253,"grid_y":620,"centroid":[-72.3189644,-8.4756453],"aggregation":"none","score_gradboost":0.0093631,"score_random_forest":0.0101752,"score_logistic_regression":0.0974978,"score_fuzzy_knn_k29":0.0378619},"geometry":{"type":"Polygon","coordinates":[[[-72.3230373,-8.4783115],[-72.3149379,-8.4783805],[-72.3148916,-8.472979],[-72.3229909,-8.4729101],[-72.3230373,-8.4783115]]]}},{"type":"Feature","id":"AC-Y621-X244","properties":{"id":"AC-Y621-X244","grid_x":244,"grid_y":621,"centroid":[-72.3918081,-8.4696172],"aggregation":"none","score_gradboost":0.0199491,"score_random_forest":0.0135343,"score_logistic_regression":0.1604495,"score_fuzzy_knn_k29":0.0283247},"geometry":{"type":"Polygon","coordinates":[[[-72.3958811,-8.4722825],[-72.3877825,-8.4723529],[-72.3877352,-8.4669518],[-72.3958337,-8.4668815],[-72.3958811,-8.4722825]]]}},{"type":"Feature","id":"AC-Y621-X245","properties":{"id":"AC-Y621-X245","grid_x":245,"grid_y":621,"centroid":[-72.3837095,-8.4696875],"aggregation":"none","score_gradboost":0.0214304,"score_random_forest":0.0175122,"score_logistic_regression":0.1640109,"score_fuzzy_knn_k29":0.0550178},"geometry":{"type":"Polygon","coordinates":[[[-72.3877825,-8.4723529],[-72.3796838,-8.4724231],[-72.3796366,-8.467022],[-72.3877352,-8.4669518],[-72.3877825,-8.4723529]]]}},{"type":"Feature","id":"AC-Y621-X246","properties":{"id":"AC-Y621-X246","grid_x":246,"grid_y":621,"centroid":[-72.3756108,-8.4697576],"aggregation":"none","score_gradboost":0.0219418,"score_random_forest":0.0067846,"score_logistic_regression":0.1114381,"score_fuzzy_knn_k29":0.0},"geometry":{"type":"Polygon","coordinates":[[[-72.3796838,-8.4724231],[-72.371585,-8.4724932],[-72.3715379,-8.4670921],[-72.3796366,-8.467022],[-72.3796838,-8.4724231]]]}},{"type":"Feature","id":"AC-Y621-X247","properties":{"id":"AC-Y621-X247","grid_x":247,"grid_y":621,"centroid":[-72.3675121,-8.4698276],"aggregation":"none","score_gradboost":0.0400354,"score_random_forest":0.015236,"score_logistic_regression":0.1202131,"score_fuzzy_knn_k29":0.0},"geometry":{"type":"Polygon","coordinates":[[[-72.371585,-8.4724932],[-72.3634861,-8.4725631],[-72.3634392,-8.4671619],[-72.3715379,-8.4670921],[-72.371585,-8.4724932]]]}},{"type":"Feature","id":"AC-Y621-X248","properties":{"id":"AC-Y621-X248","grid_x":248,"grid_y":621,"centroid":[-72.3594132,-8.4698974],"aggregation":"none","score_gradboost":0.0124018,"score_random_forest":0.0081497,"score_logistic_regression":0.1130838,"score_fuzzy_knn_k29":0.0},"geometry":{"type":"Polygon","coordinates":[[[-72.3634861,-8.4725631],[-72.3553872,-8.4726328],[-72.3553404,-8.4672316],[-72.3634392,-8.4671619],[-72.3634861,-8.4725631]]]}},{"type":"Feature","id":"AC-Y621-X249","properties":{"id":"AC-Y621-X249","grid_x":249,"grid_y":621,"centroid":[-72.3513143,-8.469967],"aggregation":"none","score_gradboost":0.0087773,"score_random_forest":0.0173901,"score_logistic_regression":0.1009253,"score_fuzzy_knn_k29":0.0},"geometry":{"type":"Polygon","coordinates":[[[-72.3553872,-8.4726328],[-72.3472882,-8.4727024],[-72.3472415,-8.4673012],[-72.3553404,-8.4672316],[-72.3553872,-8.4726328]]]}},{"type":"Feature","id":"AC-Y621-X250","properties":{"id":"AC-Y621-X250","grid_x":250,"grid_y":621,"centroid":[-72.3432154,-8.4700365],"aggregation":"none","score_gradboost":0.0196222,"score_random_forest":0.0129033,"score_logistic_regression":0.1337165,"score_fuzzy_knn_k29":0.0},"geometry":{"type":"Polygon","coordinates":[[[-72.3472882,-8.4727024],[-72.3391892,-8.4727718],[-72.3391426,-8.4673705],[-72.3472415,-8.4673012],[-72.3472882,-8.4727024]]]}},{"type":"Feature","id":"AC-Y621-X251","properties":{"id":"AC-Y621-X251","grid_x":251,"grid_y":621,"centroid":[-72.3351163,-8.4701058],"aggregation":"none","score_gradboost":0.0071192,"score_random_forest":0.0118915,"score_logistic_regression":0.1060362,"score_fuzzy_knn_k29":0.0166079},"geometry":{"type":"Polygon","coordinates":[[[-72.3391892,-8.4727718],[-72.3310901,-8.4728411],[-72.3310436,-8.4674397],[-72.3391426,-8.4673705],[-72.3391892,-8.4727718]]]}},{"type":"Feature","id":"AC-Y621-X252","properties":{"id":"AC-Y621-X252","grid_x":252,"grid_y":621,"centroid":[-72.3270172,-8.4701749],"aggregation":"none","score_gradboost":0.0091764,"score_random_forest":0.0034159,"score_logistic_regression":0.1049405,"score_fuzzy_knn_k29":0.0201445},"geometry":{"type":"Polygon","coordinates":[[[-72.3310901,-8.4728411],[-72.3229909,-8.4729101],[-72.3229445,-8.4675087],[-72.3310436,-8.4674397],[-72.3310901,-8.4728411]]]}},{"type":"Feature","id":"AC-Y621-X253","properties":{"id":"AC-Y621-X253","grid_x":253,"grid_y":621,"centroid":[-72.3189181,-8.4702439],"aggregation":"none","score_gradboost":0.009166,"score_random_forest":0.0146444,"score_logistic_regression":0.1112647,"score_fuzzy_knn_k29":0.0221308},"geometry":{"type":"Polygon","coordinates":[[[-72.3229909,-8.4729101],[-72.3148916,-8.472979],[-72.3148453,-8.4675776],[-72.3229445,-8.4675087],[-72.3229909,-8.4729101]]]}},{"type":"Feature","id":"AC-Y622-X245","properties":{"id":"AC-Y622-X245","grid_x":245,"grid_y":622,"centroid":[-72.3836623,-8.4642864],"aggregation":"none","score_gradboost":0.013676,"score_random_forest":0.0074593,"score_logistic_regression":0.1048144,"score_fuzzy_knn_k29":0.0},"geometry":{"type":"Polygon","coordinates":[[[-72.3877352,-8.4669518],[-72.3796366,-8.467022],[-72.3795894,-8.461621],[-72.3876879,-8.4615508],[-72.3877352,-8.4669518]]]}},{"type":"Feature","id":"AC-Y622-X246","properties":{"id":"AC-Y622-X246","grid_x":246,"grid_y":622,"centroid":[-72.3755637,-8.4643565],"aggregation":"none","score_gradboost":0.0213161,"score_random_forest":0.0081469,"score_logistic_regression":0.1072595,"score_fuzzy_knn_k29":0.0},"geometry":{"type":"Polygon","coordinates":[[[-72.3796366,-8.467022],[-72.3715379,-8.4670921],[-72.3714909,-8.4616909],[-72.3795894,-8.461621],[-72.3796366,-8.467022]]]}},{"type":"Feature","id":"AC-Y622-X247","properties":{"id":"AC-Y622-X247","grid_x":247,"grid_y":622,"centroid":[-72.3674651,-8.4644265],"aggregation":"none","score_gradboost":0.0564028,"score_random_forest":0.0253034,"score_logistic_regression":0.1238042,"score_fuzzy_knn_k29":0.0},"geometry":{"type":"Polygon","coordinates":[[[-72.3715379,-8.4670921],[-72.3634392,-8.4671619],[-72.3633923,-8.4617608],[-72.3714909,-8.4616909],[-72.3715379,-8.4670921]]]}},{"type":"Feature","id":"AC-Y622-X248","properties":{"id":"AC-Y622-X248","grid_x":248,"grid_y":622,"centroid":[-72.3593664,-8.4644962],"aggregation":"none","score_gradboost":0.0212584,"score_random_forest":0.0215287,"score_logistic_regression":0.1267388,"score_fuzzy_knn_k29":0.0},"geometry":{"type":"Polygon","coordinates":[[[-72.3634392,-8.4671619],[-72.3553404,-8.4672316],[-72.3552936,-8.4618304],[-72.3633923,-8.4617608],[-72.3634392,-8.4671619]]]}},{"type":"Feature","id":"AC-Y622-X249","properties":{"id":"AC-Y622-X249","grid_x":249,"grid_y":622,"centroid":[-72.3512676,-8.4645658],"aggregation":"none","score_gradboost":0.0096968,"score_random_forest":0.0071969,"score_logistic_regression":0.0985506,"score_fuzzy_knn_k29":0.0},"geometry":{"type":"Polygon","coordinates":[[[-72.3553404,-8.4672316],[-72.3472415,-8.4673012],[-72.3471948,-8.4618999],[-72.3552936,-8.4618304],[-72.3553404,-8.4672316]]]}},{"type":"Feature","id":"AC-Y622-X250","properties":{"id":"AC-Y622-X250","grid_x":250,"grid_y":622,"centroid":[-72.3431687,-8.4646352],"aggregation":"none","score_gradboost":0.0100659,"score_random_forest":0.0029473,"score_logistic_regression":0.1159393,"score_fuzzy_knn_k29":0.0},"geometry":{"type":"Polygon","coordinates":[[[-72.3472415,-8.4673012],[-72.3391426,-8.4673705],[-72.339096,-8.4619692],[-72.3471948,-8.4618999],[-72.3472415,-8.4673012]]]}},{"type":"Feature","id":"AC-Y622-X251","properties":{"id":"AC-Y622-X251","grid_x":251,"grid_y":622,"centroid":[-72.3350698,-8.4647045],"aggregation":"none","score_gradboost":0.0116836,"score_random_forest":0.0042945,"score_logistic_regression":0.1147104,"score_fuzzy_knn_k29":0.0192298},"geometry":{"type":"Polygon","coordinates":[[[-72.3391426,-8.4673705],[-72.3310436,-8.4674397],[-72.3309971,-8.4620384],[-72.339096,-8.4619692],[-72.3391426,-8.4673705]]]}},{"type":"Feature","id":"AC-Y622-X252","properties":{"id":"AC-Y622-X252","grid_x":252,"grid_y":622,"centroid":[-72.3269708,-8.4647736],"aggregation":"none","score_gradboost":0.0116836,"score_random_forest":0.0069176,"score_logistic_regression":0.1174312,"score_fuzzy_knn_k29":0.0216945},"geometry":{"type":"Polygon","coordinates":[[[-72.3310436,-8.4674397],[-72.3229445,-8.4675087],[-72.3228981,-8.4621073],[-72.3309971,-8.4620384],[-72.3310436,-8.4674397]]]}},{"type":"Feature","id":"AC-Y622-X253","properties":{"id":"AC-Y622-X253","grid_x":253,"grid_y":622,"centroid":[-72.3188718,-8.4648425],"aggregation":"none","score_gradboost":0.0116836,"score_random_forest":0.0070475,"score_logistic_regression":0.1201779,"score_fuzzy_knn_k29":0.0226175},"geometry":{"type":"Polygon","coordinates":[[[-72.3229445,-8.4675087],[-72.3148453,-8.4675776],[-72.3147991,-8.4621761],[-72.3228981,-8.4621073],[-72.3229445,-8.4675087]]]}},{"type":"Feature","id":"AC-Y623-X246","properties":{"id":"AC-Y623-X246","grid_x":246,"grid_y":623,"centroid":[-72.3755166,-8.4589554],"aggregation":"none","score_gradboost":0.0192491,"score_random_forest":0.0030692,"score_logistic_regression":0.1069655,"score_fuzzy_knn_k29":0.0},"geometry":{"type":"Polygon","coordinates":[[[-72.3795894,-8.461621],[-72.3714909,-8.4616909],[-72.3714439,-8.4562898],[-72.3795423,-8.4562199],[-72.3795894,-8.461621]]]}},{"type":"Feature","id":"AC-Y623-X247","properties":{"id":"AC-Y623-X247","grid_x":247,"grid_y":623,"centroid":[-72.3674181,-8.4590253],"aggregation":"none","score_gradboost":0.0111894,"score_random_forest":0.0062548,"score_logistic_regression":0.1094067,"score_fuzzy_knn_k29":0.0},"geometry":{"type":"Polygon","coordinates":[[[-72.3714909,-8.4616909],[-72.3633923,-8.4617608],[-72.3633454,-8.4563596],[-72.3714439,-8.4562898],[-72.3714909,-8.4616909]]]}},{"type":"Feature","id":"AC-Y623-X248","properties":{"id":"AC-Y623-X248","grid_x":248,"grid_y":623,"centroid":[-72.3593195,-8.459095],"aggregation":"none","score_gradboost":0.0124018,"score_random_forest":0.0112353,"score_logistic_regression":0.1138849,"score_fuzzy_knn_k29":0.0},"geometry":{"type":"Polygon","coordinates":[[[-72.3633923,-8.4617608],[-72.3552936,-8.4618304],[-72.3552468,-8.4564292],[-72.3633454,-8.4563596],[-72.3633923,-8.4617608]]]}},{"type":"Feature","id":"AC-Y623-X249","properties":{"id":"AC-Y623-X249","grid_x":249,"grid_y":623,"centroid":[-72.3512208,-8.4591646],"aggregation":"none","score_gradboost":0.0136804,"score_random_forest":0.0040054,"score_logistic_regression":0.1165363,"score_fuzzy_knn_k29":0.0},"geometry":{"type":"Polygon","coordinates":[[[-72.3552936,-8.4618304],[-72.3471948,-8.4618999],[-72.3471481,-8.4564986],[-72.3552468,-8.4564292],[-72.3552936,-8.4618304]]]}},{"type":"Feature","id":"AC-Y623-X250","properties":{"id":"AC-Y623-X250","grid_x":250,"grid_y":623,"centroid":[-72.3431221,-8.4592339],"aggregation":"none","score_gradboost":0.0100659,"score_random_forest":0.0091734,"score_logistic_regression":0.1298122,"score_fuzzy_knn_k29":0.0},"geometry":{"type":"Polygon","coordinates":[[[-72.3471948,-8.4618999],[-72.339096,-8.4619692],[-72.3390494,-8.4565679],[-72.3471481,-8.4564986],[-72.3471948,-8.4618999]]]}},{"type":"Feature","id":"AC-Y623-X251","properties":{"id":"AC-Y623-X251","grid_x":251,"grid_y":623,"centroid":[-72.3350233,-8.4593031],"aggregation":"none","score_gradboost":0.0129489,"score_random_forest":0.0101135,"score_logistic_regression":0.1240965,"score_fuzzy_knn_k29":0.0215263},"geometry":{"type":"Polygon","coordinates":[[[-72.339096,-8.4619692],[-72.3309971,-8.4620384],[-72.3309506,-8.456637],[-72.3390494,-8.4565679],[-72.339096,-8.4619692]]]}},{"type":"Feature","id":"AC-Y623-X252","properties":{"id":"AC-Y623-X252","grid_x":252,"grid_y":623,"centroid":[-72.3269244,-8.4593722],"aggregation":"none","score_gradboost":0.0116836,"score_random_forest":0.0079854,"score_logistic_regression":0.1206243,"score_fuzzy_knn_k29":0.0223551},"geometry":{"type":"Polygon","coordinates":[[[-72.3309971,-8.4620384],[-72.3228981,-8.4621073],[-72.3228518,-8.4567059],[-72.3309506,-8.456637],[-72.3309971,-8.4620384]]]}},{"type":"Feature","id":"AC-Y623-X253","properties":{"id":"AC-Y623-X253","grid_x":253,"grid_y":623,"centroid":[-72.3188255,-8.4594411],"aggregation":"none","score_gradboost":0.009166,"score_random_forest":0.0146444,"score_logistic_regression":0.1172128,"score_fuzzy_knn_k29":0.0236522},"geometry":{"type":"Polygon","coordinates":[[[-72.3228981,-8.4621073],[-72.3147991,-8.4621761],[-72.3147528,-8.4567747],[-72.3228518,-8.4567059],[-72.3228981,-8.4621073]]]}},{"type":"Feature","id":"AC-Y624-X246","properties":{"id":"AC-Y624-X246","grid_x":246,"grid_y":624,"centroid":[-72.3754696,-8.4535543],"aggregation":"none","score_gradboost":0.0213934,"score_random_forest":0.0063821,"score_logistic_regression":0.1105158,"score_fuzzy_knn_k29":0.0},"geometry":{"type":"Polygon","coordinates":[[[-72.3795423,-8.4562199],[-72.3714439,-8.4562898],[-72.3713969,-8.4508887],[-72.3794952,-8.4508188],[-72.3795423,-8.4562199]]]}},{"type":"Feature","id":"AC-Y624-X247","properties":{"id":"AC-Y624-X247","grid_x":247,"grid_y":624,"centroid":[-72.3673712,-8.4536241],"aggregation":"none","score_gradboost":0.0195711,"score_random_forest":0.0252952,"score_logistic_regression":0.129411,"score_fuzzy_knn_k29":0.0},"geometry":{"type":"Polygon","coordinates":[[[-72.3714439,-8.4562898],[-72.3633454,-8.4563596],[-72.3632985,-8.4509584],[-72.3713969,-8.4508887],[-72.3714439,-8.4562898]]]}},{"type":"Feature","id":"AC-Y624-X248","properties":{"id":"AC-Y624-X248","grid_x":248,"grid_y":624,"centroid":[-72.3592727,-8.4536938],"aggregation":"none","score_gradboost":0.0222605,"score_random_forest":0.0271501,"score_logistic_regression":0.1300161,"score_fuzzy_knn_k29":0.0},"geometry":{"type":"Polygon","coordinates":[[[-72.3633454,-8.4563596],[-72.3552468,-8.4564292],[-72.3552,-8.451028],[-72.3632985,-8.4509584],[-72.3633454,-8.4563596]]]}},{"type":"Feature","id":"AC-Y624-X249","properties":{"id":"AC-Y624-X249","grid_x":249,"grid_y":624,"centroid":[-72.3511741,-8.4537633],"aggregation":"none","score_gradboost":0.0186404,"score_random_forest":0.0143058,"score_logistic_regression":0.1420732,"score_fuzzy_knn_k29":0.0},"geometry":{"type":"Polygon","coordinates":[[[-72.3552468,-8.4564292],[-72.3471481,-8.4564986],[-72.3471015,-8.4510974],[-72.3552,-8.451028],[-72.3552468,-8.4564292]]]}},{"type":"Feature","id":"AC-Y624-X250","properties":{"id":"AC-Y624-X250","grid_x":250,"grid_y":624,"centroid":[-72.3430755,-8.4538326],"aggregation":"none","score_gradboost":0.0086208,"score_random_forest":0.0049548,"score_logistic_regression":0.1186149,"score_fuzzy_knn_k29":0.0194867},"geometry":{"type":"Polygon","coordinates":[[[-72.3471481,-8.4564986],[-72.3390494,-8.4565679],[-72.3390029,-8.4511666],[-72.3471015,-8.4510974],[-72.3471481,-8.4564986]]]}},{"type":"Feature","id":"AC-Y624-X251","properties":{"id":"AC-Y624-X251","grid_x":251,"grid_y":624,"centroid":[-72.3349768,-8.4539018],"aggregation":"none","score_gradboost":0.0203765,"score_random_forest":0.0235628,"score_logistic_regression":0.1610094,"score_fuzzy_knn_k29":0.0232085},"geometry":{"type":"Polygon","coordinates":[[[-72.3390494,-8.4565679],[-72.3309506,-8.456637],[-72.3309042,-8.4512356],[-72.3390029,-8.4511666],[-72.3390494,-8.4565679]]]}},{"type":"Feature","id":"AC-Y624-X252","properties":{"id":"AC-Y624-X252","grid_x":252,"grid_y":624,"centroid":[-72.326878,-8.4539708],"aggregation":"none","score_gradboost":0.0129489,"score_random_forest":0.0150493,"score_logistic_regression":0.1371813,"score_fuzzy_knn_k29":0.0232899},"geometry":{"type":"Polygon","coordinates":[[[-72.3309506,-8.456637],[-72.3228518,-8.4567059],[-72.3228055,-8.4513045],[-72.3309042,-8.4512356],[-72.3309506,-8.456637]]]}},{"type":"Feature","id":"AC-Y624-X253","properties":{"id":"AC-Y624-X253","grid_x":253,"grid_y":624,"centroid":[-72.3187792,-8.4540396],"aggregation":"none","score_gradboost":0.0089524,"score_random_forest":0.0144089,"score_logistic_regression":0.1425137,"score_fuzzy_knn_k29":0.023724},"geometry":{"type":"Polygon","coordinates":[[[-72.3228518,-8.4567059],[-72.3147528,-8.4567747],[-72.3147067,-8.4513733],[-72.3228055,-8.4513045],[-72.3228518,-8.4567059]]]}},{"type":"Feature","id":"AC-Y625-X247","properties":{"id":"AC-Y625-X247","grid_x":247,"grid_y":625,"centroid":[-72.3673242,-8.448223],"aggregation":"none","score_gradboost":0.0161754,"score_random_forest":0.0279163,"score_logistic_regression":0.1525559,"score_fuzzy_knn_k29":0.0},"geometry":{"type":"Polygon","coordinates":[[[-72.3713969,-8.4508887],[-72.3632985,-8.4509584],[-72.3632517,-8.4455572],[-72.3713499,-8.4454876],[-72.3713969,-8.4508887]]]}},{"type":"Feature","id":"AC-Y625-X248","properties":{"id":"AC-Y625-X248","grid_x":248,"grid_y":625,"centroid":[-72.3592259,-8.4482926],"aggregation":"none","score_gradboost":0.0222605,"score_random_forest":0.0195186,"score_logistic_regression":0.1386343,"score_fuzzy_knn_k29":0.0},"geometry":{"type":"Polygon","coordinates":[[[-72.3632985,-8.4509584],[-72.3552,-8.451028],[-72.3551533,-8.4456268],[-72.3632517,-8.4455572],[-72.3632985,-8.4509584]]]}},{"type":"Feature","id":"AC-Y625-X249","properties":{"id":"AC-Y625-X249","grid_x":249,"grid_y":625,"centroid":[-72.3511274,-8.4483621],"aggregation":"none","score_gradboost":0.0136941,"score_random_forest":0.011261,"score_logistic_regression":0.1562771,"score_fuzzy_knn_k29":0.0},"geometry":{"type":"Polygon","coordinates":[[[-72.3552,-8.451028],[-72.3471015,-8.4510974],[-72.3470549,-8.4456961],[-72.3551533,-8.4456268],[-72.3552,-8.451028]]]}},{"type":"Feature","id":"AC-Y625-X250","properties":{"id":"AC-Y625-X250","grid_x":250,"grid_y":625,"centroid":[-72.3430289,-8.4484314],"aggregation":"none","score_gradboost":0.0122969,"score_random_forest":0.0118998,"score_logistic_regression":0.1307332,"score_fuzzy_knn_k29":0.022546},"geometry":{"type":"Polygon","coordinates":[[[-72.3471015,-8.4510974],[-72.3390029,-8.4511666],[-72.3389564,-8.4457653],[-72.3470549,-8.4456961],[-72.3471015,-8.4510974]]]}},{"type":"Feature","id":"AC-Y625-X251","properties":{"id":"AC-Y625-X251","grid_x":251,"grid_y":625,"centroid":[-72.3349303,-8.4485005],"aggregation":"none","score_gradboost":0.0122969,"score_random_forest":0.0126457,"score_logistic_regression":0.138089,"score_fuzzy_knn_k29":0.0239324},"geometry":{"type":"Polygon","coordinates":[[[-72.3390029,-8.4511666],[-72.3309042,-8.4512356],[-72.3308578,-8.4458343],[-72.3389564,-8.4457653],[-72.3390029,-8.4511666]]]}},{"type":"Feature","id":"AC-Y625-X252","properties":{"id":"AC-Y625-X252","grid_x":252,"grid_y":625,"centroid":[-72.3268317,-8.4485694],"aggregation":"none","score_gradboost":0.0205422,"score_random_forest":0.0237445,"score_logistic_regression":0.1506809,"score_fuzzy_knn_k29":0.0241312},"geometry":{"type":"Polygon","coordinates":[[[-72.3309042,-8.4512356],[-72.3228055,-8.4513045],[-72.3227592,-8.4459031],[-72.3308578,-8.4458343],[-72.3309042,-8.4512356]]]}},{"type":"Feature","id":"AC-Y625-X253","properties":{"id":"AC-Y625-X253","grid_x":253,"grid_y":625,"centroid":[-72.318733,-8.4486382],"aggregation":"none","score_gradboost":0.0142359,"score_random_forest":0.0237445,"score_logistic_regression":0.1538133,"score_fuzzy_knn_k29":0.0236959},"geometry":{"type":"Polygon","coordinates":[[[-72.3228055,-8.4513045],[-72.3147067,-8.4513733],[-72.3146605,-8.4459718],[-72.3227592,-8.4459031],[-72.3228055,-8.4513045]]]}},{"type":"Feature","id":"AC-Y626-X247","properties":{"id":"AC-Y626-X247","grid_x":247,"grid_y":626,"centroid":[-72.3672774,-8.4428218],"aggregation":"none","score_gradboost":0.0185869,"score_random_forest":0.015123,"score_logistic_regression":0.1523416,"score_fuzzy_knn_k29":0.0},"geometry":{"type":"Polygon","coordinates":[[[-72.3713499,-8.4454876],[-72.3632517,-8.4455572],[-72.3632048,-8.4401561],[-72.371303,-8.4400864],[-72.3713499,-8.4454876]]]}},{"type":"Feature","id":"AC-Y626-X248","properties":{"id":"AC-Y626-X248","grid_x":248,"grid_y":626,"centroid":[-72.3591791,-8.4428914],"aggregation":"none","score_gradboost":0.0136612,"score_random_forest":0.0157958,"score_logistic_regression":0.1853794,"score_fuzzy_knn_k29":0.0},"geometry":{"type":"Polygon","coordinates":[[[-72.3632517,-8.4455572],[-72.3551533,-8.4456268],[-72.3551066,-8.4402255],[-72.3632048,-8.4401561],[-72.3632517,-8.4455572]]]}},{"type":"Feature","id":"AC-Y626-X249","properties":{"id":"AC-Y626-X249","grid_x":249,"grid_y":626,"centroid":[-72.3510808,-8.4429608],"aggregation":"none","score_gradboost":0.0095576,"score_random_forest":0.0108696,"score_logistic_regression":0.1387755,"score_fuzzy_knn_k29":0.0220287},"geometry":{"type":"Polygon","coordinates":[[[-72.3551533,-8.4456268],[-72.3470549,-8.4456961],[-72.3470083,-8.4402948],[-72.3551066,-8.4402255],[-72.3551533,-8.4456268]]]}},{"type":"Feature","id":"AC-Y626-X250","properties":{"id":"AC-Y626-X250","grid_x":250,"grid_y":626,"centroid":[-72.3429824,-8.4430301],"aggregation":"none","score_gradboost":0.0110945,"score_random_forest":0.0045425,"score_logistic_regression":0.1280486,"score_fuzzy_knn_k29":0.023615},"geometry":{"type":"Polygon","coordinates":[[[-72.3470549,-8.4456961],[-72.3389564,-8.4457653],[-72.3389099,-8.440364],[-72.3470083,-8.4402948],[-72.3470549,-8.4456961]]]}},{"type":"Feature","id":"AC-Y626-X251","properties":{"id":"AC-Y626-X251","grid_x":251,"grid_y":626,"centroid":[-72.3348839,-8.4430991],"aggregation":"none","score_gradboost":0.0195469,"score_random_forest":0.0171055,"score_logistic_regression":0.1647614,"score_fuzzy_knn_k29":0.0248612},"geometry":{"type":"Polygon","coordinates":[[[-72.3389564,-8.4457653],[-72.3308578,-8.4458343],[-72.3308115,-8.4404329],[-72.3389099,-8.440364],[-72.3389564,-8.4457653]]]}},{"type":"Feature","id":"AC-Y626-X252","properties":{"id":"AC-Y626-X252","grid_x":252,"grid_y":626,"centroid":[-72.3267854,-8.443168],"aggregation":"none","score_gradboost":0.0205422,"score_random_forest":0.0231867,"score_logistic_regression":0.1574792,"score_fuzzy_knn_k29":0.0244694},"geometry":{"type":"Polygon","coordinates":[[[-72.3308578,-8.4458343],[-72.3227592,-8.4459031],[-72.3227129,-8.4405017],[-72.3308115,-8.4404329],[-72.3308578,-8.4458343]]]}},{"type":"Feature","id":"AC-Y626-X253","properties":{"id":"AC-Y626-X253","grid_x":253,"grid_y":626,"centroid":[-72.3186867,-8.4432368],"aggregation":"none","score_gradboost":0.0135419,"score_random_forest":0.0165762,"score_logistic_regression":0.1741407,"score_fuzzy_knn_k29":0.0213817},"geometry":{"type":"Polygon","coordinates":[[[-72.3227592,-8.4459031],[-72.3146605,-8.4459718],[-72.3146144,-8.4405704],[-72.3227129,-8.4405017],[-72.3227592,-8.4459031]]]}},{"type":"Feature","id":"AC-Y627-X248","properties":{"id":"AC-Y627-X248","grid_x":248,"grid_y":627,"centroid":[-72.3591324,-8.4374902],"aggregation":"none","score_gradboost":0.0115171,"score_random_forest":0.0251964,"score_logistic_regression":0.1850846,"score_fuzzy_knn_k29":0.0},"geometry":{"type":"Polygon","coordinates":[[[-72.3632048,-8.4401561],[-72.3551066,-8.4402255],[-72.3550599,-8.4348243],[-72.3631581,-8.4347549],[-72.3632048,-8.4401561]]]}},{"type":"Feature","id":"AC-Y627-X249","properties":{"id":"AC-Y627-X249","grid_x":249,"grid_y":627,"centroid":[-72.3510341,-8.4375596],"aggregation":"none","score_gradboost":0.0205422,"score_random_forest":0.0201216,"score_logistic_regression":0.1529008,"score_fuzzy_knn_k29":0.0247899},"geometry":{"type":"Polygon","coordinates":[[[-72.3551066,-8.4402255],[-72.3470083,-8.4402948],[-72.3469617,-8.4348936],[-72.3550599,-8.4348243],[-72.3551066,-8.4402255]]]}},{"type":"Feature","id":"AC-Y627-X250","properties":{"id":"AC-Y627-X250","grid_x":250,"grid_y":627,"centroid":[-72.3429359,-8.4376288],"aggregation":"none","score_gradboost":0.0122969,"score_random_forest":0.0144652,"score_logistic_regression":0.1459235,"score_fuzzy_knn_k29":0.0252601},"geometry":{"type":"Polygon","coordinates":[[[-72.3470083,-8.4402948],[-72.3389099,-8.440364],[-72.3388635,-8.4349627],[-72.3469617,-8.4348936],[-72.3470083,-8.4402948]]]}},{"type":"Feature","id":"AC-Y627-X251","properties":{"id":"AC-Y627-X251","grid_x":251,"grid_y":627,"centroid":[-72.3348375,-8.4376978],"aggregation":"none","score_gradboost":0.0162673,"score_random_forest":0.0188239,"score_logistic_regression":0.198597,"score_fuzzy_knn_k29":0.0205139},"geometry":{"type":"Polygon","coordinates":[[[-72.3389099,-8.440364],[-72.3308115,-8.4404329],[-72.3307651,-8.4350316],[-72.3388635,-8.4349627],[-72.3389099,-8.440364]]]}},{"type":"Feature","id":"AC-Y627-X252","properties":{"id":"AC-Y627-X252","grid_x":252,"grid_y":627,"centroid":[-72.3267391,-8.4377667],"aggregation":"none","score_gradboost":0.0084999,"score_random_forest":0.0122895,"score_logistic_regression":0.1492395,"score_fuzzy_knn_k29":0.0250318},"geometry":{"type":"Polygon","coordinates":[[[-72.3308115,-8.4404329],[-72.3227129,-8.4405017],[-72.3226667,-8.4351003],[-72.3307651,-8.4350316],[-72.3308115,-8.4404329]]]}},{"type":"Feature","id":"AC-Y627-X253","properties":{"id":"AC-Y627-X253","grid_x":253,"grid_y":627,"centroid":[-72.3186406,-8.4378354],"aggregation":"none","score_gradboost":0.0130361,"score_random_forest":0.02795,"score_logistic_regression":0.193589,"score_fuzzy_knn_k29":0.0180431},"geometry":{"type":"Polygon","coordinates":[[[-72.3227129,-8.4405017],[-72.3146144,-8.4405704],[-72.3145683,-8.4351689],[-72.3226667,-8.4351003],[-72.3227129,-8.4405017]]]}},{"type":"Feature","id":"AC-Y628-X248","properties":{"id":"AC-Y628-X248","grid_x":248,"grid_y":628,"centroid":[-72.3590857,-8.432089],"aggregation":"none","score_gradboost":0.0105978,"score_random_forest":0.0165386,"score_logistic_regression":0.1968596,"score_fuzzy_knn_k29":0.0},"geometry":{"type":"Polygon","coordinates":[[[-72.3631581,-8.4347549],[-72.3550599,-8.4348243],[-72.3550133,-8.4294231],[-72.3631113,-8.4293537],[-72.3631581,-8.4347549]]]}},{"type":"Feature","id":"AC-Y628-X249","properties":{"id":"AC-Y628-X249","grid_x":249,"grid_y":628,"centroid":[-72.3509876,-8.4321583],"aggregation":"none","score_gradboost":0.0186915,"score_random_forest":0.0174118,"score_logistic_regression":0.1794093,"score_fuzzy_knn_k29":0.0252403},"geometry":{"type":"Polygon","coordinates":[[[-72.3550599,-8.4348243],[-72.3469617,-8.4348936],[-72.3469152,-8.4294923],[-72.3550133,-8.4294231],[-72.3550599,-8.4348243]]]}},{"type":"Feature","id":"AC-Y628-X250","properties":{"id":"AC-Y628-X250","grid_x":250,"grid_y":628,"centroid":[-72.3428894,-8.4322275],"aggregation":"none","score_gradboost":0.0122117,"score_random_forest":0.0147494,"score_logistic_regression":0.1455407,"score_fuzzy_knn_k29":0.0240695},"geometry":{"type":"Polygon","coordinates":[[[-72.3469617,-8.4348936],[-72.3388635,-8.4349627],[-72.3388171,-8.4295613],[-72.3469152,-8.4294923],[-72.3469617,-8.4348936]]]}},{"type":"Feature","id":"AC-Y628-X251","properties":{"id":"AC-Y628-X251","grid_x":251,"grid_y":628,"centroid":[-72.3347911,-8.4322965],"aggregation":"none","score_gradboost":0.0192246,"score_random_forest":0.0298841,"score_logistic_regression":0.1830349,"score_fuzzy_knn_k29":0.0236138},"geometry":{"type":"Polygon","coordinates":[[[-72.3388635,-8.4349627],[-72.3307651,-8.4350316],[-72.3307188,-8.4296302],[-72.3388171,-8.4295613],[-72.3388635,-8.4349627]]]}},{"type":"Feature","id":"AC-Y628-X252","properties":{"id":"AC-Y628-X252","grid_x":252,"grid_y":628,"centroid":[-72.3266928,-8.4323653],"aggregation":"none","score_gradboost":0.0135419,"score_random_forest":0.0160696,"score_logistic_regression":0.1777092,"score_fuzzy_knn_k29":0.0227463},"geometry":{"type":"Polygon","coordinates":[[[-72.3307651,-8.4350316],[-72.3226667,-8.4351003],[-72.3226205,-8.4296989],[-72.3307188,-8.4296302],[-72.3307651,-8.4350316]]]}},{"type":"Feature","id":"AC-Y628-X253","properties":{"id":"AC-Y628-X253","grid_x":253,"grid_y":628,"centroid":[-72.3185944,-8.4324339],"aggregation":"none","score_gradboost":0.0134101,"score_random_forest":0.0298841,"score_logistic_regression":0.1897516,"score_fuzzy_knn_k29":0.0179128},"geometry":{"type":"Polygon","coordinates":[[[-72.3226667,-8.4351003],[-72.3145683,-8.4351689],[-72.3145222,-8.4297675],[-72.3226205,-8.4296989],[-72.3226667,-8.4351003]]]}},{"type":"Feature","id":"AC-Y629-X247","properties":{"id":"AC-Y629-X247","grid_x":247,"grid_y":629,"centroid":[-72.3671369,-8.4266184],"aggregation":"none","score_gradboost":0.0141875,"score_random_forest":0.0191947,"score_logistic_regression":0.1817219,"score_fuzzy_knn_k29":0.0},"geometry":{"type":"Polygon","coordinates":[[[-72.3712093,-8.4292842],[-72.3631113,-8.4293537],[-72.3630646,-8.4239525],[-72.3711625,-8.423883],[-72.3712093,-8.4292842]]]}},{"type":"Feature","id":"AC-Y629-X248","properties":{"id":"AC-Y629-X248","grid_x":248,"grid_y":629,"centroid":[-72.359039,-8.4266878],"aggregation":"none","score_gradboost":0.016413,"score_random_forest":0.0207594,"score_logistic_regression":0.20294,"score_fuzzy_knn_k29":0.0225265},"geometry":{"type":"Polygon","coordinates":[[[-72.3631113,-8.4293537],[-72.3550133,-8.4294231],[-72.3549667,-8.4240218],[-72.3630646,-8.4239525],[-72.3631113,-8.4293537]]]}},{"type":"Feature","id":"AC-Y629-X249","properties":{"id":"AC-Y629-X249","grid_x":249,"grid_y":629,"centroid":[-72.350941,-8.4267571],"aggregation":"none","score_gradboost":0.0208234,"score_random_forest":0.031154,"score_logistic_regression":0.1820383,"score_fuzzy_knn_k29":0.0261022},"geometry":{"type":"Polygon","coordinates":[[[-72.3550133,-8.4294231],[-72.3469152,-8.4294923],[-72.3468687,-8.424091],[-72.3549667,-8.4240218],[-72.3550133,-8.4294231]]]}},{"type":"Feature","id":"AC-Y629-X250","properties":{"id":"AC-Y629-X250","grid_x":250,"grid_y":629,"centroid":[-72.3428429,-8.4268262],"aggregation":"none","score_gradboost":0.0166022,"score_random_forest":0.0302218,"score_logistic_regression":0.2002558,"score_fuzzy_knn_k29":0.0218078},"geometry":{"type":"Polygon","coordinates":[[[-72.3469152,-8.4294923],[-72.3388171,-8.4295613],[-72.3387707,-8.42416],[-72.3468687,-8.424091],[-72.3469152,-8.4294923]]]}},{"type":"Feature","id":"AC-Y629-X251","properties":{"id":"AC-Y629-X251","grid_x":251,"grid_y":629,"centroid":[-72.3347448,-8.4268951],"aggregation":"none","score_gradboost":0.0145738,"score_random_forest":0.0178781,"score_logistic_regression":0.1825453,"score_fuzzy_knn_k29":0.0238224},"geometry":{"type":"Polygon","coordinates":[[[-72.3388171,-8.4295613],[-72.3307188,-8.4296302],[-72.3306726,-8.4242289],[-72.3387707,-8.42416],[-72.3388171,-8.4295613]]]}},{"type":"Feature","id":"AC-Y629-X252","properties":{"id":"AC-Y629-X252","grid_x":252,"grid_y":629,"centroid":[-72.3266466,-8.4269639],"aggregation":"none","score_gradboost":0.0141375,"score_random_forest":0.0295885,"score_logistic_regression":0.1660966,"score_fuzzy_knn_k29":0.0240539},"geometry":{"type":"Polygon","coordinates":[[[-72.3307188,-8.4296302],[-72.3226205,-8.4296989],[-72.3225744,-8.4242975],[-72.3306726,-8.4242289],[-72.3307188,-8.4296302]]]}},{"type":"Feature","id":"AC-Y614-X240","properties":{"id":"AC-Y614-X240","grid_x":240,"grid_y":614,"centroid":[-72.4245373,-8.5071401],"aggregation":"none","score_gradboost":0.216662,"score_random_forest":0.1822203,"score_logistic_regression":0.1672984,"score_fuzzy_knn_k29":0.5882696},"geometry":{"type":"Polygon","coordinates":[[[-72.4286109,-8.5098048],[-72.4205117,-8.5098762],[-72.4204638,-8.5044753],[-72.4285628,-8.504404],[-72.4286109,-8.5098048]]]}},{"type":"Feature","id":"AC-Y615-X239","properties":{"id":"AC-Y615-X239","grid_x":239,"grid_y":615,"centroid":[-72.4325882,-8.5016678],"aggregation":"none","score_gradboost":0.2151562,"score_random_forest":0.1529493,"score_logistic_regression":0.1963403,"score_fuzzy_knn_k29":0.086071},"geometry":{"type":"Polygon","coordinates":[[[-72.4366618,-8.5043324],[-72.4285628,-8.504404],[-72.4285148,-8.4990032],[-72.4366136,-8.4989317],[-72.4366618,-8.5043324]]]}},{"type":"Feature","id":"AC-Y615-X240","properties":{"id":"AC-Y615-X240","grid_x":240,"grid_y":615,"centroid":[-72.4244893,-8.5017392],"aggregation":"none","score_gradboost":0.167677,"score_random_forest":0.0880208,"score_logistic_regression":0.1857608,"score_fuzzy_knn_k29":0.2327892},"geometry":{"type":"Polygon","coordinates":[[[-72.4285628,-8.504404],[-72.4204638,-8.5044753],[-72.4204158,-8.4990745],[-72.4285148,-8.4990032],[-72.4285628,-8.504404]]]}},{"type":"Feature","id":"AC-Y616-X236","properties":{"id":"AC-Y616-X236","grid_x":236,"grid_y":616,"centroid":[-72.4568362,-8.4960519],"aggregation":"none","score_gradboost":0.5733854,"score_random_forest":0.5412164,"score_logistic_regression":0.2554095,"score_fuzzy_knn_k29":0.5634767},"geometry":{"type":"Polygon","coordinates":[[[-72.4609097,-8.4987163],[-72.4528111,-8.4987882],[-72.4527627,-8.4933876],[-72.4608613,-8.4933156],[-72.4609097,-8.4987163]]]}},{"type":"Feature","id":"AC-Y616-X237","properties":{"id":"AC-Y616-X237","grid_x":237,"grid_y":616,"centroid":[-72.4487376,-8.4961238],"aggregation":"none","score_gradboost":0.1733953,"score_random_forest":0.1278672,"score_logistic_regression":0.1817238,"score_fuzzy_knn_k29":0.0927897},"geometry":{"type":"Polygon","coordinates":[[[-72.4528111,-8.4987882],[-72.4447124,-8.49886],[-72.4446641,-8.4934593],[-72.4527627,-8.4933876],[-72.4528111,-8.4987882]]]}},{"type":"Feature","id":"AC-Y616-X238","properties":{"id":"AC-Y616-X238","grid_x":238,"grid_y":616,"centroid":[-72.4406389,-8.4961955],"aggregation":"none","score_gradboost":0.6952569,"score_random_forest":0.625192,"score_logistic_regression":0.2710902,"score_fuzzy_knn_k29":0.5406661},"geometry":{"type":"Polygon","coordinates":[[[-72.4447124,-8.49886],[-72.4366136,-8.4989317],[-72.4365655,-8.4935309],[-72.4446642,-8.4934593],[-72.4447124,-8.49886]]]}},{"type":"Feature","id":"AC-Y616-X239","properties":{"id":"AC-Y616-X239","grid_x":239,"grid_y":616,"centroid":[-72.4325402,-8.4962671],"aggregation":"none","score_gradboost":0.1699145,"score_random_forest":0.0365752,"score_logistic_regression":0.137873,"score_fuzzy_knn_k29":0.0669015},"geometry":{"type":"Polygon","coordinates":[[[-72.4366136,-8.4989317],[-72.4285148,-8.4990032],[-72.4284667,-8.4936024],[-72.4365655,-8.4935309],[-72.4366136,-8.4989317]]]}},{"type":"Feature","id":"AC-Y616-X240","properties":{"id":"AC-Y616-X240","grid_x":240,"grid_y":616,"centroid":[-72.4244413,-8.4963384],"aggregation":"none","score_gradboost":0.072614,"score_random_forest":0.0550155,"score_logistic_regression":0.1527029,"score_fuzzy_knn_k29":0.0745436},"geometry":{"type":"Polygon","coordinates":[[[-72.4285148,-8.4990032],[-72.4204158,-8.4990745],[-72.4203679,-8.4936736],[-72.4284667,-8.4936024],[-72.4285148,-8.4990032]]]}},{"type":"Feature","id":"AC-Y616-X241","properties":{"id":"AC-Y616-X241","grid_x":241,"grid_y":616,"centroid":[-72.4163424,-8.4964096],"aggregation":"none","score_gradboost":0.0621484,"score_random_forest":0.0911246,"score_logistic_regression":0.2050966,"score_fuzzy_knn_k29":0.0272711},"geometry":{"type":"Polygon","coordinates":[[[-72.4204158,-8.4990745],[-72.4123168,-8.4991456],[-72.4122691,-8.4937447],[-72.4203679,-8.4936736],[-72.4204158,-8.4990745]]]}},{"type":"Feature","id":"AC-Y617-X235","properties":{"id":"AC-Y617-X235","grid_x":235,"grid_y":617,"centroid":[-72.4648863,-8.4905793],"aggregation":"none","score_gradboost":0.1232562,"score_random_forest":0.0345241,"score_logistic_regression":0.1370424,"score_fuzzy_knn_k29":0.0567769},"geometry":{"type":"Polygon","coordinates":[[[-72.4689597,-8.4932435],[-72.4608613,-8.4933156],[-72.4608128,-8.487915],[-72.4689112,-8.487843],[-72.4689597,-8.4932435]]]}},{"type":"Feature","id":"AC-Y617-X236","properties":{"id":"AC-Y617-X236","grid_x":236,"grid_y":617,"centroid":[-72.4567878,-8.4906513],"aggregation":"none","score_gradboost":0.1448411,"score_random_forest":0.1329657,"score_logistic_regression":0.1465638,"score_fuzzy_knn_k29":0.0866948},"geometry":{"type":"Polygon","coordinates":[[[-72.4608613,-8.4933156],[-72.4527627,-8.4933876],[-72.4527144,-8.4879869],[-72.4608128,-8.487915],[-72.4608613,-8.4933156]]]}},{"type":"Feature","id":"AC-Y617-X237","properties":{"id":"AC-Y617-X237","grid_x":237,"grid_y":617,"centroid":[-72.4486893,-8.4907231],"aggregation":"none","score_gradboost":0.1454072,"score_random_forest":0.1558149,"score_logistic_regression":0.154741,"score_fuzzy_knn_k29":0.1082979},"geometry":{"type":"Polygon","coordinates":[[[-72.4527627,-8.4933876],[-72.4446641,-8.4934593],[-72.4446159,-8.4880586],[-72.4527144,-8.4879869],[-72.4527627,-8.4933876]]]}},{"type":"Feature","id":"AC-Y617-X238","properties":{"id":"AC-Y617-X238","grid_x":238,"grid_y":617,"centroid":[-72.4405907,-8.4907948],"aggregation":"none","score_gradboost":0.2971251,"score_random_forest":0.2369552,"score_logistic_regression":0.1531607,"score_fuzzy_knn_k29":0.148809},"geometry":{"type":"Polygon","coordinates":[[[-72.4446642,-8.4934593],[-72.4365655,-8.4935309],[-72.4365174,-8.4881302],[-72.4446159,-8.4880586],[-72.4446642,-8.4934593]]]}},{"type":"Feature","id":"AC-Y617-X239","properties":{"id":"AC-Y617-X239","grid_x":239,"grid_y":617,"centroid":[-72.4324921,-8.4908663],"aggregation":"none","score_gradboost":0.0787604,"score_random_forest":0.0641057,"score_logistic_regression":0.1846209,"score_fuzzy_knn_k29":0.1648866},"geometry":{"type":"Polygon","coordinates":[[[-72.4365655,-8.4935309],[-72.4284667,-8.4936024],[-72.4284188,-8.4882016],[-72.4365174,-8.4881302],[-72.4365655,-8.4935309]]]}},{"type":"Feature","id":"AC-Y617-X240","properties":{"id":"AC-Y617-X240","grid_x":240,"grid_y":617,"centroid":[-72.4243934,-8.4909376],"aggregation":"none","score_gradboost":0.0423461,"score_random_forest":0.0225834,"score_logistic_regression":0.1552514,"score_fuzzy_knn_k29":0.0295344},"geometry":{"type":"Polygon","coordinates":[[[-72.4284667,-8.4936024],[-72.4203679,-8.4936736],[-72.4203201,-8.4882728],[-72.4284188,-8.4882016],[-72.4284667,-8.4936024]]]}},{"type":"Feature","id":"AC-Y617-X241","properties":{"id":"AC-Y617-X241","grid_x":241,"grid_y":617,"centroid":[-72.4162946,-8.4910088],"aggregation":"none","score_gradboost":0.0501309,"score_random_forest":0.0389418,"score_logistic_regression":0.1982842,"score_fuzzy_knn_k29":0.0253796},"geometry":{"type":"Polygon","coordinates":[[[-72.4203679,-8.4936736],[-72.4122691,-8.4937447],[-72.4122213,-8.4883438],[-72.4203201,-8.4882728],[-72.4203679,-8.4936736]]]}},{"type":"Feature","id":"AC-Y618-X232","properties":{"id":"AC-Y618-X232","grid_x":232,"grid_y":618,"centroid":[-72.4891323,-8.4849619],"aggregation":"none","score_gradboost":0.1953749,"score_random_forest":0.2588956,"score_logistic_regression":0.2205693,"score_fuzzy_knn_k29":0.1811024},"geometry":{"type":"Polygon","coordinates":[[[-72.4932058,-8.4876258],[-72.4851076,-8.4876984],[-72.4850589,-8.4822979],[-72.4931569,-8.4822254],[-72.4932058,-8.4876258]]]}},{"type":"Feature","id":"AC-Y618-X233","properties":{"id":"AC-Y618-X233","grid_x":233,"grid_y":618,"centroid":[-72.4810342,-8.4850343],"aggregation":"none","score_gradboost":0.1563009,"score_random_forest":0.1085383,"score_logistic_regression":0.1628101,"score_fuzzy_knn_k29":0.0738387},"geometry":{"type":"Polygon","coordinates":[[[-72.4851076,-8.4876984],[-72.4770094,-8.4877708],[-72.4769608,-8.4823702],[-72.4850589,-8.4822979],[-72.4851076,-8.4876984]]]}},{"type":"Feature","id":"AC-Y618-X234","properties":{"id":"AC-Y618-X234","grid_x":234,"grid_y":618,"centroid":[-72.472936,-8.4851066],"aggregation":"none","score_gradboost":0.2012785,"score_random_forest":0.1300084,"score_logistic_regression":0.1704779,"score_fuzzy_knn_k29":0.1150779},"geometry":{"type":"Polygon","coordinates":[[[-72.4770094,-8.4877708],[-72.4689112,-8.487843],[-72.4688627,-8.4824424],[-72.4769608,-8.4823702],[-72.4770094,-8.4877708]]]}},{"type":"Feature","id":"AC-Y618-X235","properties":{"id":"AC-Y618-X235","grid_x":235,"grid_y":618,"centroid":[-72.4648378,-8.4851787],"aggregation":"none","score_gradboost":0.1603139,"score_random_forest":0.187318,"score_logistic_regression":0.1699639,"score_fuzzy_knn_k29":0.1767875},"geometry":{"type":"Polygon","coordinates":[[[-72.4689112,-8.487843],[-72.4608128,-8.487915],[-72.4607644,-8.4825144],[-72.4688627,-8.4824424],[-72.4689112,-8.487843]]]}},{"type":"Feature","id":"AC-Y618-X236","properties":{"id":"AC-Y618-X236","grid_x":236,"grid_y":618,"centroid":[-72.4567395,-8.4852507],"aggregation":"none","score_gradboost":0.2640629,"score_random_forest":0.2139101,"score_logistic_regression":0.1622691,"score_fuzzy_knn_k29":0.2327079},"geometry":{"type":"Polygon","coordinates":[[[-72.4608128,-8.487915],[-72.4527144,-8.4879869],[-72.4526661,-8.4825863],[-72.4607644,-8.4825144],[-72.4608128,-8.487915]]]}},{"type":"Feature","id":"AC-Y618-X237","properties":{"id":"AC-Y618-X237","grid_x":237,"grid_y":618,"centroid":[-72.4486411,-8.4853225],"aggregation":"none","score_gradboost":0.2640629,"score_random_forest":0.2139926,"score_logistic_regression":0.1578012,"score_fuzzy_knn_k29":0.1694132},"geometry":{"type":"Polygon","coordinates":[[[-72.4527144,-8.4879869],[-72.4446159,-8.4880586],[-72.4445678,-8.4826579],[-72.4526661,-8.4825863],[-72.4527144,-8.4879869]]]}},{"type":"Feature","id":"AC-Y618-X238","properties":{"id":"AC-Y618-X238","grid_x":238,"grid_y":618,"centroid":[-72.4405426,-8.4853941],"aggregation":"none","score_gradboost":0.1012685,"score_random_forest":0.0303065,"score_logistic_regression":0.15307,"score_fuzzy_knn_k29":0.0964152},"geometry":{"type":"Polygon","coordinates":[[[-72.4446159,-8.4880586],[-72.4365174,-8.4881302],[-72.4364693,-8.4827294],[-72.4445678,-8.4826579],[-72.4446159,-8.4880586]]]}},{"type":"Feature","id":"AC-Y618-X239","properties":{"id":"AC-Y618-X239","grid_x":239,"grid_y":618,"centroid":[-72.4324441,-8.4854655],"aggregation":"none","score_gradboost":0.0500918,"score_random_forest":0.0215074,"score_logistic_regression":0.1516802,"score_fuzzy_knn_k29":0.0324475},"geometry":{"type":"Polygon","coordinates":[[[-72.4365174,-8.4881302],[-72.4284188,-8.4882016],[-72.4283708,-8.4828008],[-72.4364693,-8.4827294],[-72.4365174,-8.4881302]]]}},{"type":"Feature","id":"AC-Y618-X240","properties":{"id":"AC-Y618-X240","grid_x":240,"grid_y":618,"centroid":[-72.4243455,-8.4855368],"aggregation":"none","score_gradboost":0.0431504,"score_random_forest":0.0180736,"score_logistic_regression":0.1504687,"score_fuzzy_knn_k29":0.0035102},"geometry":{"type":"Polygon","coordinates":[[[-72.4284188,-8.4882016],[-72.4203201,-8.4882728],[-72.4202722,-8.4828719],[-72.4283708,-8.4828008],[-72.4284188,-8.4882016]]]}},{"type":"Feature","id":"AC-Y618-X241","properties":{"id":"AC-Y618-X241","grid_x":241,"grid_y":618,"centroid":[-72.4162468,-8.4856079],"aggregation":"none","score_gradboost":0.0378845,"score_random_forest":0.0197835,"score_logistic_regression":0.17185,"score_fuzzy_knn_k29":0.0128017},"geometry":{"type":"Polygon","coordinates":[[[-72.4203201,-8.4882728],[-72.4122213,-8.4883438],[-72.4121736,-8.4829429],[-72.4202722,-8.4828719],[-72.4203201,-8.4882728]]]}},{"type":"Feature","id":"AC-Y618-X242","properties":{"id":"AC-Y618-X242","grid_x":242,"grid_y":618,"centroid":[-72.408148,-8.4856788],"aggregation":"none","score_gradboost":0.0475361,"score_random_forest":0.0205398,"score_logistic_regression":0.159418,"score_fuzzy_knn_k29":0.0},"geometry":{"type":"Polygon","coordinates":[[[-72.4122213,-8.4883438],[-72.4041225,-8.4884147],[-72.4040748,-8.4830138],[-72.4121736,-8.4829429],[-72.4122213,-8.4883438]]]}},{"type":"Feature","id":"AC-Y619-X232","properties":{"id":"AC-Y619-X232","grid_x":232,"grid_y":619,"centroid":[-72.4890835,-8.4795614],"aggregation":"none","score_gradboost":0.2065312,"score_random_forest":0.0846762,"score_logistic_regression":0.1791057,"score_fuzzy_knn_k29":0.0954618},"geometry":{"type":"Polygon","coordinates":[[[-72.4931569,-8.4822254],[-72.4850589,-8.4822979],[-72.4850102,-8.4768974],[-72.4931081,-8.476825],[-72.4931569,-8.4822254]]]}},{"type":"Feature","id":"AC-Y619-X233","properties":{"id":"AC-Y619-X233","grid_x":233,"grid_y":619,"centroid":[-72.4809855,-8.4796338],"aggregation":"none","score_gradboost":0.1928394,"score_random_forest":0.1567747,"score_logistic_regression":0.1978188,"score_fuzzy_knn_k29":0.1041018},"geometry":{"type":"Polygon","coordinates":[[[-72.4850589,-8.4822979],[-72.4769608,-8.4823702],[-72.4769122,-8.4769697],[-72.4850102,-8.4768974],[-72.4850589,-8.4822979]]]}},{"type":"Feature","id":"AC-Y619-X234","properties":{"id":"AC-Y619-X234","grid_x":234,"grid_y":619,"centroid":[-72.4728875,-8.4797061],"aggregation":"none","score_gradboost":0.1955692,"score_random_forest":0.185891,"score_logistic_regression":0.197469,"score_fuzzy_knn_k29":0.1524831},"geometry":{"type":"Polygon","coordinates":[[[-72.4769608,-8.4823702],[-72.4688627,-8.4824424],[-72.4688142,-8.4770418],[-72.4769122,-8.4769697],[-72.4769608,-8.4823702]]]}},{"type":"Feature","id":"AC-Y619-X235","properties":{"id":"AC-Y619-X235","grid_x":235,"grid_y":619,"centroid":[-72.4647893,-8.4797781],"aggregation":"none","score_gradboost":0.2706435,"score_random_forest":0.2212967,"score_logistic_regression":0.1757964,"score_fuzzy_knn_k29":0.5716091},"geometry":{"type":"Polygon","coordinates":[[[-72.4688627,-8.4824424],[-72.4607644,-8.4825144],[-72.4607161,-8.4771138],[-72.4688142,-8.4770418],[-72.4688627,-8.4824424]]]}},{"type":"Feature","id":"AC-Y619-X236","properties":{"id":"AC-Y619-X236","grid_x":236,"grid_y":619,"centroid":[-72.4566911,-8.47985],"aggregation":"none","score_gradboost":0.1090573,"score_random_forest":0.0504193,"score_logistic_regression":0.1654121,"score_fuzzy_knn_k29":0.1598004},"geometry":{"type":"Polygon","coordinates":[[[-72.4607644,-8.4825144],[-72.4526661,-8.4825863],[-72.4526179,-8.4771856],[-72.4607161,-8.4771138],[-72.4607644,-8.4825144]]]}},{"type":"Feature","id":"AC-Y619-X237","properties":{"id":"AC-Y619-X237","grid_x":237,"grid_y":619,"centroid":[-72.4485928,-8.4799218],"aggregation":"none","score_gradboost":0.1115795,"score_random_forest":0.0793584,"score_logistic_regression":0.1831198,"score_fuzzy_knn_k29":0.325252},"geometry":{"type":"Polygon","coordinates":[[[-72.4526661,-8.4825863],[-72.4445678,-8.4826579],[-72.4445196,-8.4772572],[-72.4526179,-8.4771856],[-72.4526661,-8.4825863]]]}},{"type":"Feature","id":"AC-Y619-X238","properties":{"id":"AC-Y619-X238","grid_x":238,"grid_y":619,"centroid":[-72.4404945,-8.4799933],"aggregation":"none","score_gradboost":0.0598404,"score_random_forest":0.0236025,"score_logistic_regression":0.1531598,"score_fuzzy_knn_k29":0.0385205},"geometry":{"type":"Polygon","coordinates":[[[-72.4445678,-8.4826579],[-72.4364693,-8.4827294],[-72.4364213,-8.4773287],[-72.4445196,-8.4772572],[-72.4445678,-8.4826579]]]}},{"type":"Feature","id":"AC-Y619-X239","properties":{"id":"AC-Y619-X239","grid_x":239,"grid_y":619,"centroid":[-72.4323961,-8.4800647],"aggregation":"none","score_gradboost":0.0423461,"score_random_forest":0.0204164,"score_logistic_regression":0.1514046,"score_fuzzy_knn_k29":0.0154355},"geometry":{"type":"Polygon","coordinates":[[[-72.4364693,-8.4827294],[-72.4283708,-8.4828008],[-72.4283229,-8.4774],[-72.4364213,-8.4773287],[-72.4364693,-8.4827294]]]}},{"type":"Feature","id":"AC-Y619-X240","properties":{"id":"AC-Y619-X240","grid_x":240,"grid_y":619,"centroid":[-72.4242976,-8.480136],"aggregation":"none","score_gradboost":0.0152042,"score_random_forest":0.004141,"score_logistic_regression":0.1452633,"score_fuzzy_knn_k29":0.0090933},"geometry":{"type":"Polygon","coordinates":[[[-72.4283708,-8.4828008],[-72.4202722,-8.4828719],[-72.4202244,-8.4774711],[-72.4283229,-8.4774],[-72.4283708,-8.4828008]]]}},{"type":"Feature","id":"AC-Y619-X241","properties":{"id":"AC-Y619-X241","grid_x":241,"grid_y":619,"centroid":[-72.416199,-8.480207],"aggregation":"none","score_gradboost":0.04214,"score_random_forest":0.0139549,"score_logistic_regression":0.1638073,"score_fuzzy_knn_k29":0.0086144},"geometry":{"type":"Polygon","coordinates":[[[-72.4202722,-8.4828719],[-72.4121736,-8.4829429],[-72.4121259,-8.477542],[-72.4202244,-8.4774711],[-72.4202722,-8.4828719]]]}},{"type":"Feature","id":"AC-Y619-X242","properties":{"id":"AC-Y619-X242","grid_x":242,"grid_y":619,"centroid":[-72.4081004,-8.4802779],"aggregation":"none","score_gradboost":0.0610832,"score_random_forest":0.0278723,"score_logistic_regression":0.1839471,"score_fuzzy_knn_k29":0.0},"geometry":{"type":"Polygon","coordinates":[[[-72.4121736,-8.4829429],[-72.4040748,-8.4830138],[-72.4040272,-8.4776128],[-72.4121259,-8.477542],[-72.4121736,-8.4829429]]]}},{"type":"Feature","id":"AC-Y620-X231","properties":{"id":"AC-Y620-X231","grid_x":231,"grid_y":620,"centroid":[-72.4971326,-8.4740885],"aggregation":"none","score_gradboost":0.2863379,"score_random_forest":0.2226164,"score_logistic_regression":0.2455734,"score_fuzzy_knn_k29":0.1959644},"geometry":{"type":"Polygon","coordinates":[[[-72.5012059,-8.4767523],[-72.4931081,-8.476825],[-72.4930593,-8.4714245],[-72.501157,-8.4713519],[-72.5012059,-8.4767523]]]}},{"type":"Feature","id":"AC-Y620-X232","properties":{"id":"AC-Y620-X232","grid_x":232,"grid_y":620,"centroid":[-72.4890348,-8.474161],"aggregation":"none","score_gradboost":0.1949911,"score_random_forest":0.0989389,"score_logistic_regression":0.1802424,"score_fuzzy_knn_k29":0.1163394},"geometry":{"type":"Polygon","coordinates":[[[-72.4931081,-8.476825],[-72.4850102,-8.4768974],[-72.4849615,-8.4714969],[-72.4930593,-8.4714245],[-72.4931081,-8.476825]]]}},{"type":"Feature","id":"AC-Y620-X233","properties":{"id":"AC-Y620-X233","grid_x":233,"grid_y":620,"centroid":[-72.4809369,-8.4742333],"aggregation":"none","score_gradboost":0.3257486,"score_random_forest":0.2185358,"score_logistic_regression":0.1746745,"score_fuzzy_knn_k29":0.492746},"geometry":{"type":"Polygon","coordinates":[[[-72.4850102,-8.4768974],[-72.4769122,-8.4769697],[-72.4768636,-8.4715692],[-72.4849615,-8.4714969],[-72.4850102,-8.4768974]]]}},{"type":"Feature","id":"AC-Y620-X234","properties":{"id":"AC-Y620-X234","grid_x":234,"grid_y":620,"centroid":[-72.4728389,-8.4743055],"aggregation":"none","score_gradboost":0.1090573,"score_random_forest":0.0471311,"score_logistic_regression":0.1639232,"score_fuzzy_knn_k29":0.1428828},"geometry":{"type":"Polygon","coordinates":[[[-72.4769122,-8.4769697],[-72.4688142,-8.4770418],[-72.4687657,-8.4716413],[-72.4768636,-8.4715692],[-72.4769122,-8.4769697]]]}},{"type":"Feature","id":"AC-Y620-X235","properties":{"id":"AC-Y620-X235","grid_x":235,"grid_y":620,"centroid":[-72.4647409,-8.4743775],"aggregation":"none","score_gradboost":0.0387779,"score_random_forest":0.0147382,"score_logistic_regression":0.1403219,"score_fuzzy_knn_k29":0.0348005},"geometry":{"type":"Polygon","coordinates":[[[-72.4688142,-8.4770418],[-72.4607161,-8.4771138],[-72.4606677,-8.4717132],[-72.4687657,-8.4716413],[-72.4688142,-8.4770418]]]}},{"type":"Feature","id":"AC-Y620-X236","properties":{"id":"AC-Y620-X236","grid_x":236,"grid_y":620,"centroid":[-72.4566428,-8.4744494],"aggregation":"none","score_gradboost":0.0524575,"score_random_forest":0.0343348,"score_logistic_regression":0.1657037,"score_fuzzy_knn_k29":0.0508109},"geometry":{"type":"Polygon","coordinates":[[[-72.4607161,-8.4771138],[-72.4526179,-8.4771856],[-72.4525696,-8.4717849],[-72.4606677,-8.4717132],[-72.4607161,-8.4771138]]]}},{"type":"Feature","id":"AC-Y620-X237","properties":{"id":"AC-Y620-X237","grid_x":237,"grid_y":620,"centroid":[-72.4485447,-8.4745211],"aggregation":"none","score_gradboost":0.0457017,"score_random_forest":0.0242263,"score_logistic_regression":0.1617389,"score_fuzzy_knn_k29":0.0357012},"geometry":{"type":"Polygon","coordinates":[[[-72.4526179,-8.4771856],[-72.4445196,-8.4772572],[-72.4444715,-8.4718565],[-72.4525696,-8.4717849],[-72.4526179,-8.4771856]]]}},{"type":"Feature","id":"AC-Y620-X238","properties":{"id":"AC-Y620-X238","grid_x":238,"grid_y":620,"centroid":[-72.4404464,-8.4745926],"aggregation":"none","score_gradboost":0.0468077,"score_random_forest":0.0402099,"score_logistic_regression":0.1982279,"score_fuzzy_knn_k29":0.0283938},"geometry":{"type":"Polygon","coordinates":[[[-72.4445196,-8.4772572],[-72.4364213,-8.4773287],[-72.4363733,-8.4719279],[-72.4444715,-8.4718565],[-72.4445196,-8.4772572]]]}},{"type":"Feature","id":"AC-Y620-X239","properties":{"id":"AC-Y620-X239","grid_x":239,"grid_y":620,"centroid":[-72.4323481,-8.474664],"aggregation":"none","score_gradboost":0.0482489,"score_random_forest":0.0271181,"score_logistic_regression":0.1724764,"score_fuzzy_knn_k29":0.0164515},"geometry":{"type":"Polygon","coordinates":[[[-72.4364213,-8.4773287],[-72.4283229,-8.4774],[-72.428275,-8.4719992],[-72.4363733,-8.4719279],[-72.4364213,-8.4773287]]]}},{"type":"Feature","id":"AC-Y620-X240","properties":{"id":"AC-Y620-X240","grid_x":240,"grid_y":620,"centroid":[-72.4242497,-8.4747351],"aggregation":"none","score_gradboost":0.0383819,"score_random_forest":0.017256,"score_logistic_regression":0.1706357,"score_fuzzy_knn_k29":0.0103317},"geometry":{"type":"Polygon","coordinates":[[[-72.4283229,-8.4774],[-72.4202244,-8.4774711],[-72.4201766,-8.4720702],[-72.428275,-8.4719992],[-72.4283229,-8.4774]]]}},{"type":"Feature","id":"AC-Y620-X241","properties":{"id":"AC-Y620-X241","grid_x":241,"grid_y":620,"centroid":[-72.4161513,-8.4748062],"aggregation":"none","score_gradboost":0.0172611,"score_random_forest":0.0121067,"score_logistic_regression":0.1535216,"score_fuzzy_knn_k29":0.0},"geometry":{"type":"Polygon","coordinates":[[[-72.4202244,-8.4774711],[-72.4121259,-8.477542],[-72.4120782,-8.4721412],[-72.4201766,-8.4720702],[-72.4202244,-8.4774711]]]}},{"type":"Feature","id":"AC-Y620-X242","properties":{"id":"AC-Y620-X242","grid_x":242,"grid_y":620,"centroid":[-72.4080528,-8.474877],"aggregation":"none","score_gradboost":0.0211672,"score_random_forest":0.0184513,"score_logistic_regression":0.1591405,"score_fuzzy_knn_k29":0.0},"geometry":{"type":"Polygon","coordinates":[[[-72.4121259,-8.477542],[-72.4040272,-8.4776128],[-72.4039797,-8.4722119],[-72.4120782,-8.4721412],[-72.4121259,-8.477542]]]}},{"type":"Feature","id":"AC-Y620-X243","properties":{"id":"AC-Y620-X243","grid_x":243,"grid_y":620,"centroid":[-72.3999542,-8.4749477],"aggregation":"none","score_gradboost":0.2205119,"score_random_forest":0.0699893,"score_logistic_regression":0.1760918,"score_fuzzy_knn_k29":0.0},"geometry":{"type":"Polygon","coordinates":[[[-72.4040272,-8.4776128],[-72.3959286,-8.4776835],[-72.3958811,-8.4722825],[-72.4039797,-8.4722119],[-72.4040272,-8.4776128]]]}},{"type":"Feature","id":"AC-Y621-X230","properties":{"id":"AC-Y621-X230","grid_x":230,"grid_y":621,"centroid":[-72.5051814,-8.4686154],"aggregation":"none","score_gradboost":0.5636775,"score_random_forest":0.556767,"score_logistic_regression":0.2794118,"score_fuzzy_knn_k29":0.6344569},"geometry":{"type":"Polygon","coordinates":[[[-72.5092547,-8.4712792],[-72.501157,-8.4713519],[-72.5011081,-8.4659516],[-72.5092057,-8.4658788],[-72.5092547,-8.4712792]]]}},{"type":"Feature","id":"AC-Y621-X231","properties":{"id":"AC-Y621-X231","grid_x":231,"grid_y":621,"centroid":[-72.4970838,-8.468688],"aggregation":"none","score_gradboost":0.2084376,"score_random_forest":0.1305371,"score_logistic_regression":0.1648315,"score_fuzzy_knn_k29":0.0817561},"geometry":{"type":"Polygon","coordinates":[[[-72.501157,-8.4713519],[-72.4930593,-8.4714245],[-72.4930105,-8.4660241],[-72.5011081,-8.4659516],[-72.501157,-8.4713519]]]}},{"type":"Feature","id":"AC-Y621-X232","properties":{"id":"AC-Y621-X232","grid_x":232,"grid_y":621,"centroid":[-72.4889861,-8.4687605],"aggregation":"none","score_gradboost":0.1928394,"score_random_forest":0.1802701,"score_logistic_regression":0.2005801,"score_fuzzy_knn_k29":0.1269344},"geometry":{"type":"Polygon","coordinates":[[[-72.4930593,-8.4714245],[-72.4849615,-8.4714969],[-72.4849129,-8.4660965],[-72.4930105,-8.4660241],[-72.4930593,-8.4714245]]]}},{"type":"Feature","id":"AC-Y621-X233","properties":{"id":"AC-Y621-X233","grid_x":233,"grid_y":621,"centroid":[-72.4808883,-8.4688328],"aggregation":"none","score_gradboost":0.235163,"score_random_forest":0.1043125,"score_logistic_regression":0.2125369,"score_fuzzy_knn_k29":0.1075116},"geometry":{"type":"Polygon","coordinates":[[[-72.4849615,-8.4714969],[-72.4768636,-8.4715692],[-72.4768151,-8.4661687],[-72.4849129,-8.4660965],[-72.4849615,-8.4714969]]]}},{"type":"Feature","id":"AC-Y621-X234","properties":{"id":"AC-Y621-X234","grid_x":234,"grid_y":621,"centroid":[-72.4727904,-8.468905],"aggregation":"none","score_gradboost":0.0911633,"score_random_forest":0.0687108,"score_logistic_regression":0.2180423,"score_fuzzy_knn_k29":0.0314468},"geometry":{"type":"Polygon","coordinates":[[[-72.4768636,-8.4715692],[-72.4687657,-8.4716413],[-72.4687173,-8.4662407],[-72.4768151,-8.4661687],[-72.4768636,-8.4715692]]]}},{"type":"Feature","id":"AC-Y621-X235","properties":{"id":"AC-Y621-X235","grid_x":235,"grid_y":621,"centroid":[-72.4646925,-8.4689769],"aggregation":"none","score_gradboost":0.0506163,"score_random_forest":0.0450868,"score_logistic_regression":0.1976933,"score_fuzzy_knn_k29":0.0395852},"geometry":{"type":"Polygon","coordinates":[[[-72.4687657,-8.4716413],[-72.4606677,-8.4717132],[-72.4606194,-8.4663126],[-72.4687173,-8.4662407],[-72.4687657,-8.4716413]]]}},{"type":"Feature","id":"AC-Y621-X236","properties":{"id":"AC-Y621-X236","grid_x":236,"grid_y":621,"centroid":[-72.4565945,-8.4690488],"aggregation":"none","score_gradboost":0.0455995,"score_random_forest":0.0510109,"score_logistic_regression":0.1826464,"score_fuzzy_knn_k29":0.031685},"geometry":{"type":"Polygon","coordinates":[[[-72.4606677,-8.4717132],[-72.4525696,-8.4717849],[-72.4525214,-8.4663843],[-72.4606194,-8.4663126],[-72.4606677,-8.4717132]]]}},{"type":"Feature","id":"AC-Y621-X237","properties":{"id":"AC-Y621-X237","grid_x":237,"grid_y":621,"centroid":[-72.4484965,-8.4691204],"aggregation":"none","score_gradboost":0.0428349,"score_random_forest":0.0189884,"score_logistic_regression":0.1760938,"score_fuzzy_knn_k29":0.0221218},"geometry":{"type":"Polygon","coordinates":[[[-72.4525696,-8.4717849],[-72.4444715,-8.4718565],[-72.4444234,-8.4664558],[-72.4525214,-8.4663843],[-72.4525696,-8.4717849]]]}},{"type":"Feature","id":"AC-Y621-X238","properties":{"id":"AC-Y621-X238","grid_x":238,"grid_y":621,"centroid":[-72.4403984,-8.4691919],"aggregation":"none","score_gradboost":0.04146,"score_random_forest":0.0193278,"score_logistic_regression":0.1697007,"score_fuzzy_knn_k29":0.0129445},"geometry":{"type":"Polygon","coordinates":[[[-72.4444715,-8.4718565],[-72.4363733,-8.4719279],[-72.4363253,-8.4665272],[-72.4444234,-8.4664558],[-72.4444715,-8.4718565]]]}},{"type":"Feature","id":"AC-Y621-X239","properties":{"id":"AC-Y621-X239","grid_x":239,"grid_y":621,"centroid":[-72.4323002,-8.4692632],"aggregation":"none","score_gradboost":0.0148193,"score_random_forest":0.0033908,"score_logistic_regression":0.1565931,"score_fuzzy_knn_k29":0.0065889},"geometry":{"type":"Polygon","coordinates":[[[-72.4363733,-8.4719279],[-72.428275,-8.4719992],[-72.4282271,-8.4665984],[-72.4363253,-8.4665272],[-72.4363733,-8.4719279]]]}},{"type":"Feature","id":"AC-Y621-X240","properties":{"id":"AC-Y621-X240","grid_x":240,"grid_y":621,"centroid":[-72.4242019,-8.4693343],"aggregation":"none","score_gradboost":0.0456712,"score_random_forest":0.0238465,"score_logistic_regression":0.1651094,"score_fuzzy_knn_k29":0.0},"geometry":{"type":"Polygon","coordinates":[[[-72.428275,-8.4719992],[-72.4201766,-8.4720702],[-72.4201289,-8.4666694],[-72.4282271,-8.4665984],[-72.428275,-8.4719992]]]}},{"type":"Feature","id":"AC-Y621-X241","properties":{"id":"AC-Y621-X241","grid_x":241,"grid_y":621,"centroid":[-72.4161036,-8.4694053],"aggregation":"none","score_gradboost":0.0176755,"score_random_forest":0.0164699,"score_logistic_regression":0.1634451,"score_fuzzy_knn_k29":0.0},"geometry":{"type":"Polygon","coordinates":[[[-72.4201766,-8.4720702],[-72.4120782,-8.4721412],[-72.4120306,-8.4667403],[-72.4201289,-8.4666694],[-72.4201766,-8.4720702]]]}},{"type":"Feature","id":"AC-Y621-X242","properties":{"id":"AC-Y621-X242","grid_x":242,"grid_y":621,"centroid":[-72.4080052,-8.4694761],"aggregation":"none","score_gradboost":0.053778,"score_random_forest":0.0404132,"score_logistic_regression":0.1491337,"score_fuzzy_knn_k29":0.0},"geometry":{"type":"Polygon","coordinates":[[[-72.4120782,-8.4721412],[-72.4039797,-8.4722119],[-72.4039322,-8.466811],[-72.4120306,-8.4667403],[-72.4120782,-8.4721412]]]}},{"type":"Feature","id":"AC-Y621-X243","properties":{"id":"AC-Y621-X243","grid_x":243,"grid_y":621,"centroid":[-72.3999067,-8.4695467],"aggregation":"none","score_gradboost":0.0553392,"score_random_forest":0.024514,"score_logistic_regression":0.1704032,"score_fuzzy_knn_k29":0.0182989},"geometry":{"type":"Polygon","coordinates":[[[-72.4039797,-8.4722119],[-72.3958811,-8.4722825],[-72.3958337,-8.4668815],[-72.4039322,-8.466811],[-72.4039797,-8.4722119]]]}},{"type":"Feature","id":"AC-Y622-X230","properties":{"id":"AC-Y622-X230","grid_x":230,"grid_y":622,"centroid":[-72.5051325,-8.463215],"aggregation":"none","score_gradboost":0.2061459,"score_random_forest":0.1429879,"score_logistic_regression":0.2115905,"score_fuzzy_knn_k29":0.1035748},"geometry":{"type":"Polygon","coordinates":[[[-72.5092057,-8.4658788],[-72.5011081,-8.4659516],[-72.5010593,-8.4605512],[-72.5091567,-8.4604785],[-72.5092057,-8.4658788]]]}},{"type":"Feature","id":"AC-Y622-X231","properties":{"id":"AC-Y622-X231","grid_x":231,"grid_y":622,"centroid":[-72.497035,-8.4632876],"aggregation":"none","score_gradboost":0.1734074,"score_random_forest":0.1530783,"score_logistic_regression":0.2093508,"score_fuzzy_knn_k29":0.1027341},"geometry":{"type":"Polygon","coordinates":[[[-72.5011081,-8.4659516],[-72.4930105,-8.4660241],[-72.4929618,-8.4606237],[-72.5010593,-8.4605512],[-72.5011081,-8.4659516]]]}},{"type":"Feature","id":"AC-Y622-X232","properties":{"id":"AC-Y622-X232","grid_x":232,"grid_y":622,"centroid":[-72.4889374,-8.4633601],"aggregation":"none","score_gradboost":0.2520528,"score_random_forest":0.2136042,"score_logistic_regression":0.1822015,"score_fuzzy_knn_k29":0.4626576},"geometry":{"type":"Polygon","coordinates":[[[-72.4930105,-8.4660241],[-72.4849129,-8.4660965],[-72.4848642,-8.460696],[-72.4929618,-8.4606237],[-72.4930105,-8.4660241]]]}},{"type":"Feature","id":"AC-Y622-X233","properties":{"id":"AC-Y622-X233","grid_x":233,"grid_y":622,"centroid":[-72.4808397,-8.4634323],"aggregation":"none","score_gradboost":0.0680695,"score_random_forest":0.0657422,"score_logistic_regression":0.1871678,"score_fuzzy_knn_k29":0.1730773},"geometry":{"type":"Polygon","coordinates":[[[-72.4849129,-8.4660965],[-72.4768151,-8.4661687],[-72.4767666,-8.4607681],[-72.4848642,-8.460696],[-72.4849129,-8.4660965]]]}},{"type":"Feature","id":"AC-Y622-X234","properties":{"id":"AC-Y622-X234","grid_x":234,"grid_y":622,"centroid":[-72.472742,-8.4635044],"aggregation":"none","score_gradboost":0.0455995,"score_random_forest":0.0428884,"score_logistic_regression":0.1894062,"score_fuzzy_knn_k29":0.0355006},"geometry":{"type":"Polygon","coordinates":[[[-72.4768151,-8.4661687],[-72.4687173,-8.4662407],[-72.4686689,-8.4608401],[-72.4767666,-8.4607681],[-72.4768151,-8.4661687]]]}},{"type":"Feature","id":"AC-Y622-X235","properties":{"id":"AC-Y622-X235","grid_x":235,"grid_y":622,"centroid":[-72.4646442,-8.4635763],"aggregation":"none","score_gradboost":0.0400412,"score_random_forest":0.013499,"score_logistic_regression":0.1640465,"score_fuzzy_knn_k29":0.0122465},"geometry":{"type":"Polygon","coordinates":[[[-72.4687173,-8.4662407],[-72.4606194,-8.4663126],[-72.4605711,-8.4609119],[-72.4686689,-8.4608401],[-72.4687173,-8.4662407]]]}},{"type":"Feature","id":"AC-Y622-X236","properties":{"id":"AC-Y622-X236","grid_x":236,"grid_y":622,"centroid":[-72.4565463,-8.4636481],"aggregation":"none","score_gradboost":0.0464775,"score_random_forest":0.0392649,"score_logistic_regression":0.191941,"score_fuzzy_knn_k29":0.0214629},"geometry":{"type":"Polygon","coordinates":[[[-72.4606194,-8.4663126],[-72.4525214,-8.4663843],[-72.4524733,-8.4609836],[-72.4605711,-8.4609119],[-72.4606194,-8.4663126]]]}},{"type":"Feature","id":"AC-Y622-X237","properties":{"id":"AC-Y622-X237","grid_x":237,"grid_y":622,"centroid":[-72.4484484,-8.4637197],"aggregation":"none","score_gradboost":0.0372925,"score_random_forest":0.0342422,"score_logistic_regression":0.1884667,"score_fuzzy_knn_k29":0.0159803},"geometry":{"type":"Polygon","coordinates":[[[-72.4525214,-8.4663843],[-72.4444234,-8.4664558],[-72.4443753,-8.4610551],[-72.4524733,-8.4609836],[-72.4525214,-8.4663843]]]}},{"type":"Feature","id":"AC-Y622-X238","properties":{"id":"AC-Y622-X238","grid_x":238,"grid_y":622,"centroid":[-72.4403504,-8.4637911],"aggregation":"none","score_gradboost":0.0391006,"score_random_forest":0.0142708,"score_logistic_regression":0.1702958,"score_fuzzy_knn_k29":0.0100321},"geometry":{"type":"Polygon","coordinates":[[[-72.4444234,-8.4664558],[-72.4363253,-8.4665272],[-72.4362774,-8.4611264],[-72.4443753,-8.4610551],[-72.4444234,-8.4664558]]]}},{"type":"Feature","id":"AC-Y622-X239","properties":{"id":"AC-Y622-X239","grid_x":239,"grid_y":622,"centroid":[-72.4322523,-8.4638624],"aggregation":"none","score_gradboost":0.0415108,"score_random_forest":0.0164106,"score_logistic_regression":0.1728625,"score_fuzzy_knn_k29":0.0},"geometry":{"type":"Polygon","coordinates":[[[-72.4363253,-8.4665272],[-72.4282271,-8.4665984],[-72.4281793,-8.4611976],[-72.4362774,-8.4611264],[-72.4363253,-8.4665272]]]}},{"type":"Feature","id":"AC-Y622-X240","properties":{"id":"AC-Y622-X240","grid_x":240,"grid_y":622,"centroid":[-72.4241541,-8.4639335],"aggregation":"none","score_gradboost":0.0570651,"score_random_forest":0.0316802,"score_logistic_regression":0.1733614,"score_fuzzy_knn_k29":0.0},"geometry":{"type":"Polygon","coordinates":[[[-72.4282271,-8.4665984],[-72.4201289,-8.4666694],[-72.4200812,-8.4612685],[-72.4281793,-8.4611976],[-72.4282271,-8.4665984]]]}},{"type":"Feature","id":"AC-Y622-X241","properties":{"id":"AC-Y622-X241","grid_x":241,"grid_y":622,"centroid":[-72.4160559,-8.4640044],"aggregation":"none","score_gradboost":0.1913416,"score_random_forest":0.0834069,"score_logistic_regression":0.1855514,"score_fuzzy_knn_k29":0.0},"geometry":{"type":"Polygon","coordinates":[[[-72.4201289,-8.4666694],[-72.4120306,-8.4667403],[-72.4119829,-8.4613394],[-72.4200812,-8.4612685],[-72.4201289,-8.4666694]]]}},{"type":"Feature","id":"AC-Y622-X242","properties":{"id":"AC-Y622-X242","grid_x":242,"grid_y":622,"centroid":[-72.4079576,-8.4640752],"aggregation":"none","score_gradboost":0.0553392,"score_random_forest":0.0394732,"score_logistic_regression":0.1642679,"score_fuzzy_knn_k29":0.0},"geometry":{"type":"Polygon","coordinates":[[[-72.4120306,-8.4667403],[-72.4039322,-8.466811],[-72.4038847,-8.46141],[-72.4119829,-8.4613394],[-72.4120306,-8.4667403]]]}},{"type":"Feature","id":"AC-Y622-X243","properties":{"id":"AC-Y622-X243","grid_x":243,"grid_y":622,"centroid":[-72.3998592,-8.4641458],"aggregation":"none","score_gradboost":0.0185661,"score_random_forest":0.0190197,"score_logistic_regression":0.1545892,"score_fuzzy_knn_k29":0.0211879},"geometry":{"type":"Polygon","coordinates":[[[-72.4039322,-8.466811],[-72.3958337,-8.4668815],[-72.3957863,-8.4614805],[-72.4038847,-8.46141],[-72.4039322,-8.466811]]]}},{"type":"Feature","id":"AC-Y622-X244","properties":{"id":"AC-Y622-X244","grid_x":244,"grid_y":622,"centroid":[-72.3917608,-8.4642162],"aggregation":"none","score_gradboost":0.0125953,"score_random_forest":0.0092042,"score_logistic_regression":0.0939298,"score_fuzzy_knn_k29":0.0},"geometry":{"type":"Polygon","coordinates":[[[-72.3958337,-8.4668815],[-72.3877352,-8.4669518],[-72.3876879,-8.4615508],[-72.3957863,-8.4614805],[-72.3958337,-8.4668815]]]}},{"type":"Feature","id":"AC-Y623-X231","properties":{"id":"AC-Y623-X231","grid_x":231,"grid_y":623,"centroid":[-72.4969862,-8.4578872],"aggregation":"none","score_gradboost":0.3704456,"score_random_forest":0.2741803,"score_logistic_regression":0.1912772,"score_fuzzy_knn_k29":0.585789},"geometry":{"type":"Polygon","coordinates":[[[-72.5010593,-8.4605512],[-72.4929618,-8.4606237],[-72.4929131,-8.4552232],[-72.5010105,-8.4551508],[-72.5010593,-8.4605512]]]}},{"type":"Feature","id":"AC-Y623-X232","properties":{"id":"AC-Y623-X232","grid_x":232,"grid_y":623,"centroid":[-72.4888887,-8.4579596],"aggregation":"none","score_gradboost":0.1600337,"score_random_forest":0.0937995,"score_logistic_regression":0.2164855,"score_fuzzy_knn_k29":0.1053874},"geometry":{"type":"Polygon","coordinates":[[[-72.4929618,-8.4606237],[-72.4848642,-8.460696],[-72.4848157,-8.4552955],[-72.4929131,-8.4552232],[-72.4929618,-8.4606237]]]}},{"type":"Feature","id":"AC-Y623-X233","properties":{"id":"AC-Y623-X233","grid_x":233,"grid_y":623,"centroid":[-72.4807912,-8.4580318],"aggregation":"none","score_gradboost":0.0762302,"score_random_forest":0.0831956,"score_logistic_regression":0.2212497,"score_fuzzy_knn_k29":0.0113033},"geometry":{"type":"Polygon","coordinates":[[[-72.4848642,-8.460696],[-72.4767666,-8.4607681],[-72.4767181,-8.4553676],[-72.4848157,-8.4552955],[-72.4848642,-8.460696]]]}},{"type":"Feature","id":"AC-Y623-X234","properties":{"id":"AC-Y623-X234","grid_x":234,"grid_y":623,"centroid":[-72.4726935,-8.4581039],"aggregation":"none","score_gradboost":0.0439011,"score_random_forest":0.0340364,"score_logistic_regression":0.1858406,"score_fuzzy_knn_k29":0.0247905},"geometry":{"type":"Polygon","coordinates":[[[-72.4767666,-8.4607681],[-72.4686689,-8.4608401],[-72.4686205,-8.4554395],[-72.4767181,-8.4553676],[-72.4767666,-8.4607681]]]}},{"type":"Feature","id":"AC-Y623-X235","properties":{"id":"AC-Y623-X235","grid_x":235,"grid_y":623,"centroid":[-72.4645959,-8.4581757],"aggregation":"none","score_gradboost":0.0371933,"score_random_forest":0.0145902,"score_logistic_regression":0.1729233,"score_fuzzy_knn_k29":0.0118777},"geometry":{"type":"Polygon","coordinates":[[[-72.4686689,-8.4608401],[-72.4605711,-8.4609119],[-72.4605229,-8.4555113],[-72.4686205,-8.4554395],[-72.4686689,-8.4608401]]]}},{"type":"Feature","id":"AC-Y623-X236","properties":{"id":"AC-Y623-X236","grid_x":236,"grid_y":623,"centroid":[-72.4564981,-8.4582475],"aggregation":"none","score_gradboost":0.0391006,"score_random_forest":0.0145902,"score_logistic_regression":0.1750679,"score_fuzzy_knn_k29":0.0110684},"geometry":{"type":"Polygon","coordinates":[[[-72.4605711,-8.4609119],[-72.4524733,-8.4609836],[-72.4524251,-8.4555829],[-72.4605229,-8.4555113],[-72.4605711,-8.4609119]]]}},{"type":"Feature","id":"AC-Y623-X237","properties":{"id":"AC-Y623-X237","grid_x":237,"grid_y":623,"centroid":[-72.4484003,-8.458319],"aggregation":"none","score_gradboost":0.0463506,"score_random_forest":0.0495575,"score_logistic_regression":0.2078188,"score_fuzzy_knn_k29":0.0},"geometry":{"type":"Polygon","coordinates":[[[-72.4524733,-8.4609836],[-72.4443753,-8.4610551],[-72.4443273,-8.4556544],[-72.4524251,-8.4555829],[-72.4524733,-8.4609836]]]}},{"type":"Feature","id":"AC-Y623-X238","properties":{"id":"AC-Y623-X238","grid_x":238,"grid_y":623,"centroid":[-72.4403024,-8.4583904],"aggregation":"none","score_gradboost":0.0551834,"score_random_forest":0.0560491,"score_logistic_regression":0.216181,"score_fuzzy_knn_k29":0.0},"geometry":{"type":"Polygon","coordinates":[[[-72.4443753,-8.4610551],[-72.4362774,-8.4611264],[-72.4362294,-8.4557256],[-72.4443273,-8.4556544],[-72.4443753,-8.4610551]]]}},{"type":"Feature","id":"AC-Y623-X239","properties":{"id":"AC-Y623-X239","grid_x":239,"grid_y":623,"centroid":[-72.4322044,-8.4584616],"aggregation":"none","score_gradboost":0.063598,"score_random_forest":0.0489017,"score_logistic_regression":0.2059834,"score_fuzzy_knn_k29":0.0},"geometry":{"type":"Polygon","coordinates":[[[-72.4362774,-8.4611264],[-72.4281793,-8.4611976],[-72.4281315,-8.4557967],[-72.4362294,-8.4557256],[-72.4362774,-8.4611264]]]}},{"type":"Feature","id":"AC-Y623-X240","properties":{"id":"AC-Y623-X240","grid_x":240,"grid_y":623,"centroid":[-72.4241064,-8.4585327],"aggregation":"none","score_gradboost":0.1522353,"score_random_forest":0.0499029,"score_logistic_regression":0.1938176,"score_fuzzy_knn_k29":0.0},"geometry":{"type":"Polygon","coordinates":[[[-72.4281793,-8.4611976],[-72.4200812,-8.4612685],[-72.4200335,-8.4558677],[-72.4281315,-8.4557967],[-72.4281793,-8.4611976]]]}},{"type":"Feature","id":"AC-Y623-X241","properties":{"id":"AC-Y623-X241","grid_x":241,"grid_y":623,"centroid":[-72.4160082,-8.4586035],"aggregation":"none","score_gradboost":0.2099662,"score_random_forest":0.0878146,"score_logistic_regression":0.2101124,"score_fuzzy_knn_k29":0.0},"geometry":{"type":"Polygon","coordinates":[[[-72.4200812,-8.4612685],[-72.4119829,-8.4613394],[-72.4119354,-8.4559385],[-72.4200335,-8.4558677],[-72.4200812,-8.4612685]]]}},{"type":"Feature","id":"AC-Y623-X242","properties":{"id":"AC-Y623-X242","grid_x":242,"grid_y":623,"centroid":[-72.4079101,-8.4586742],"aggregation":"none","score_gradboost":0.0330023,"score_random_forest":0.0175323,"score_logistic_regression":0.1805795,"score_fuzzy_knn_k29":0.0370909},"geometry":{"type":"Polygon","coordinates":[[[-72.4119829,-8.4613394],[-72.4038847,-8.46141],[-72.4038372,-8.4560091],[-72.4119354,-8.4559385],[-72.4119829,-8.4613394]]]}},{"type":"Feature","id":"AC-Y623-X243","properties":{"id":"AC-Y623-X243","grid_x":243,"grid_y":623,"centroid":[-72.3998118,-8.4587448],"aggregation":"none","score_gradboost":0.0233218,"score_random_forest":0.0182312,"score_logistic_regression":0.1845762,"score_fuzzy_knn_k29":0.0568397},"geometry":{"type":"Polygon","coordinates":[[[-72.4038847,-8.46141],[-72.3957863,-8.4614805],[-72.395739,-8.4560795],[-72.4038372,-8.4560091],[-72.4038847,-8.46141]]]}},{"type":"Feature","id":"AC-Y623-X244","properties":{"id":"AC-Y623-X244","grid_x":244,"grid_y":623,"centroid":[-72.3917135,-8.4588152],"aggregation":"none","score_gradboost":0.013676,"score_random_forest":0.0060984,"score_logistic_regression":0.1117347,"score_fuzzy_knn_k29":0.0},"geometry":{"type":"Polygon","coordinates":[[[-72.3957863,-8.4614805],[-72.3876879,-8.4615508],[-72.3876407,-8.4561498],[-72.395739,-8.4560795],[-72.3957863,-8.4614805]]]}},{"type":"Feature","id":"AC-Y623-X245","properties":{"id":"AC-Y623-X245","grid_x":245,"grid_y":623,"centroid":[-72.3836151,-8.4588854],"aggregation":"none","score_gradboost":0.0198154,"score_random_forest":0.0037284,"score_logistic_regression":0.1028403,"score_fuzzy_knn_k29":0.0},"geometry":{"type":"Polygon","coordinates":[[[-72.3876879,-8.4615508],[-72.3795894,-8.461621],[-72.3795423,-8.4562199],[-72.3876407,-8.4561498],[-72.3876879,-8.4615508]]]}},{"type":"Feature","id":"AC-Y624-X232","properties":{"id":"AC-Y624-X232","grid_x":232,"grid_y":624,"centroid":[-72.4888401,-8.4525591],"aggregation":"none","score_gradboost":0.049315,"score_random_forest":0.0400886,"score_logistic_regression":0.1918558,"score_fuzzy_knn_k29":0.0552138},"geometry":{"type":"Polygon","coordinates":[[[-72.4929131,-8.4552232],[-72.4848157,-8.4552955],[-72.4847671,-8.449895],[-72.4928644,-8.4498228],[-72.4929131,-8.4552232]]]}},{"type":"Feature","id":"AC-Y624-X233","properties":{"id":"AC-Y624-X233","grid_x":233,"grid_y":624,"centroid":[-72.4807427,-8.4526313],"aggregation":"none","score_gradboost":0.0685698,"score_random_forest":0.0679934,"score_logistic_regression":0.2348244,"score_fuzzy_knn_k29":0.0324021},"geometry":{"type":"Polygon","coordinates":[[[-72.4848157,-8.4552955],[-72.4767181,-8.4553676],[-72.4766697,-8.4499671],[-72.4847671,-8.449895],[-72.4848157,-8.4552955]]]}},{"type":"Feature","id":"AC-Y624-X234","properties":{"id":"AC-Y624-X234","grid_x":234,"grid_y":624,"centroid":[-72.4726451,-8.4527033],"aggregation":"none","score_gradboost":0.0394844,"score_random_forest":0.0387148,"score_logistic_regression":0.1973728,"score_fuzzy_knn_k29":0.0199622},"geometry":{"type":"Polygon","coordinates":[[[-72.4767181,-8.4553676],[-72.4686205,-8.4554395],[-72.4685722,-8.450039],[-72.4766697,-8.4499671],[-72.4767181,-8.4553676]]]}},{"type":"Feature","id":"AC-Y624-X235","properties":{"id":"AC-Y624-X235","grid_x":235,"grid_y":624,"centroid":[-72.4645476,-8.4527751],"aggregation":"none","score_gradboost":0.0453418,"score_random_forest":0.0268556,"score_logistic_regression":0.1874144,"score_fuzzy_knn_k29":0.0},"geometry":{"type":"Polygon","coordinates":[[[-72.4686205,-8.4554395],[-72.4605229,-8.4555113],[-72.4604747,-8.4501107],[-72.4685722,-8.450039],[-72.4686205,-8.4554395]]]}},{"type":"Feature","id":"AC-Y624-X236","properties":{"id":"AC-Y624-X236","grid_x":236,"grid_y":624,"centroid":[-72.4564499,-8.4528468],"aggregation":"none","score_gradboost":0.0483524,"score_random_forest":0.0282901,"score_logistic_regression":0.1842391,"score_fuzzy_knn_k29":0.0},"geometry":{"type":"Polygon","coordinates":[[[-72.4605229,-8.4555113],[-72.4524251,-8.4555829],[-72.452377,-8.4501823],[-72.4604747,-8.4501107],[-72.4605229,-8.4555113]]]}},{"type":"Feature","id":"AC-Y624-X237","properties":{"id":"AC-Y624-X237","grid_x":237,"grid_y":624,"centroid":[-72.4483522,-8.4529183],"aggregation":"none","score_gradboost":0.0377248,"score_random_forest":0.0308663,"score_logistic_regression":0.1812818,"score_fuzzy_knn_k29":0.0},"geometry":{"type":"Polygon","coordinates":[[[-72.4524251,-8.4555829],[-72.4443273,-8.4556544],[-72.4442793,-8.4502536],[-72.452377,-8.4501823],[-72.4524251,-8.4555829]]]}},{"type":"Feature","id":"AC-Y624-X238","properties":{"id":"AC-Y624-X238","grid_x":238,"grid_y":624,"centroid":[-72.4402544,-8.4529897],"aggregation":"none","score_gradboost":0.0409746,"score_random_forest":0.0405091,"score_logistic_regression":0.2009819,"score_fuzzy_knn_k29":0.0},"geometry":{"type":"Polygon","coordinates":[[[-72.4443273,-8.4556544],[-72.4362294,-8.4557256],[-72.4361816,-8.4503249],[-72.4442793,-8.4502536],[-72.4443273,-8.4556544]]]}},{"type":"Feature","id":"AC-Y624-X239","properties":{"id":"AC-Y624-X239","grid_x":239,"grid_y":624,"centroid":[-72.4321566,-8.4530608],"aggregation":"none","score_gradboost":0.14245,"score_random_forest":0.0811379,"score_logistic_regression":0.2002744,"score_fuzzy_knn_k29":0.0},"geometry":{"type":"Polygon","coordinates":[[[-72.4362294,-8.4557256],[-72.4281315,-8.4557967],[-72.4280837,-8.4503959],[-72.4361816,-8.4503249],[-72.4362294,-8.4557256]]]}},{"type":"Feature","id":"AC-Y624-X240","properties":{"id":"AC-Y624-X240","grid_x":240,"grid_y":624,"centroid":[-72.4240586,-8.4531318],"aggregation":"none","score_gradboost":0.0509773,"score_random_forest":0.0373061,"score_logistic_regression":0.1709798,"score_fuzzy_knn_k29":0.0},"geometry":{"type":"Polygon","coordinates":[[[-72.4281315,-8.4557967],[-72.4200335,-8.4558677],[-72.4199858,-8.4504668],[-72.4280837,-8.4503959],[-72.4281315,-8.4557967]]]}},{"type":"Feature","id":"AC-Y624-X241","properties":{"id":"AC-Y624-X241","grid_x":241,"grid_y":624,"centroid":[-72.4159606,-8.4532027],"aggregation":"none","score_gradboost":0.0918088,"score_random_forest":0.0509155,"score_logistic_regression":0.1856166,"score_fuzzy_knn_k29":0.0190529},"geometry":{"type":"Polygon","coordinates":[[[-72.4200335,-8.4558677],[-72.4119354,-8.4559385],[-72.4118878,-8.4505376],[-72.4199858,-8.4504668],[-72.4200335,-8.4558677]]]}},{"type":"Feature","id":"AC-Y624-X242","properties":{"id":"AC-Y624-X242","grid_x":242,"grid_y":624,"centroid":[-72.4078626,-8.4532733],"aggregation":"none","score_gradboost":0.018875,"score_random_forest":0.0160545,"score_logistic_regression":0.1720178,"score_fuzzy_knn_k29":0.0340591},"geometry":{"type":"Polygon","coordinates":[[[-72.4119354,-8.4559385],[-72.4038372,-8.4560091],[-72.4037898,-8.4506081],[-72.4118878,-8.4505376],[-72.4119354,-8.4559385]]]}},{"type":"Feature","id":"AC-Y624-X243","properties":{"id":"AC-Y624-X243","grid_x":243,"grid_y":624,"centroid":[-72.3997644,-8.4533438],"aggregation":"none","score_gradboost":0.0223512,"score_random_forest":0.0232404,"score_logistic_regression":0.1190729,"score_fuzzy_knn_k29":0.0},"geometry":{"type":"Polygon","coordinates":[[[-72.4038372,-8.4560091],[-72.395739,-8.4560795],[-72.3956917,-8.4506785],[-72.4037898,-8.4506081],[-72.4038372,-8.4560091]]]}},{"type":"Feature","id":"AC-Y624-X244","properties":{"id":"AC-Y624-X244","grid_x":244,"grid_y":624,"centroid":[-72.3916662,-8.4534142],"aggregation":"none","score_gradboost":0.0346364,"score_random_forest":0.0239582,"score_logistic_regression":0.1196959,"score_fuzzy_knn_k29":0.0},"geometry":{"type":"Polygon","coordinates":[[[-72.395739,-8.4560795],[-72.3876407,-8.4561498],[-72.3875935,-8.4507487],[-72.3956917,-8.4506785],[-72.395739,-8.4560795]]]}},{"type":"Feature","id":"AC-Y624-X245","properties":{"id":"AC-Y624-X245","grid_x":245,"grid_y":624,"centroid":[-72.3835679,-8.4534843],"aggregation":"none","score_gradboost":0.0341389,"score_random_forest":0.0125064,"score_logistic_regression":0.1328316,"score_fuzzy_knn_k29":0.0},"geometry":{"type":"Polygon","coordinates":[[[-72.3876407,-8.4561498],[-72.3795423,-8.4562199],[-72.3794952,-8.4508188],[-72.3875935,-8.4507487],[-72.3876407,-8.4561498]]]}},{"type":"Feature","id":"AC-Y625-X233","properties":{"id":"AC-Y625-X233","grid_x":233,"grid_y":625,"centroid":[-72.4806942,-8.4472308],"aggregation":"none","score_gradboost":0.0314815,"score_random_forest":0.0522451,"score_logistic_regression":0.2051638,"score_fuzzy_knn_k29":0.022262},"geometry":{"type":"Polygon","coordinates":[[[-72.4847671,-8.449895],[-72.4766697,-8.4499671],[-72.4766213,-8.4445665],[-72.4847186,-8.4444945],[-72.4847671,-8.449895]]]}},{"type":"Feature","id":"AC-Y625-X234","properties":{"id":"AC-Y625-X234","grid_x":234,"grid_y":625,"centroid":[-72.4725968,-8.4473028],"aggregation":"none","score_gradboost":0.0262906,"score_random_forest":0.0384921,"score_logistic_regression":0.2436243,"score_fuzzy_knn_k29":0.0140671},"geometry":{"type":"Polygon","coordinates":[[[-72.4766697,-8.4499671],[-72.4685722,-8.450039],[-72.4685239,-8.4446384],[-72.4766213,-8.4445665],[-72.4766697,-8.4499671]]]}},{"type":"Feature","id":"AC-Y625-X235","properties":{"id":"AC-Y625-X235","grid_x":235,"grid_y":625,"centroid":[-72.4644993,-8.4473745],"aggregation":"none","score_gradboost":0.0236225,"score_random_forest":0.0311194,"score_logistic_regression":0.238726,"score_fuzzy_knn_k29":0.0},"geometry":{"type":"Polygon","coordinates":[[[-72.4685722,-8.450039],[-72.4604747,-8.4501107],[-72.4604265,-8.4447101],[-72.4685239,-8.4446384],[-72.4685722,-8.450039]]]}},{"type":"Feature","id":"AC-Y625-X236","properties":{"id":"AC-Y625-X236","grid_x":236,"grid_y":625,"centroid":[-72.4564018,-8.4474462],"aggregation":"none","score_gradboost":0.04615,"score_random_forest":0.0458064,"score_logistic_regression":0.1938344,"score_fuzzy_knn_k29":0.0},"geometry":{"type":"Polygon","coordinates":[[[-72.4604747,-8.4501107],[-72.452377,-8.4501823],[-72.452329,-8.4447816],[-72.4604265,-8.4447101],[-72.4604747,-8.4501107]]]}},{"type":"Feature","id":"AC-Y625-X237","properties":{"id":"AC-Y625-X237","grid_x":237,"grid_y":625,"centroid":[-72.4483042,-8.4475176],"aggregation":"none","score_gradboost":0.1456183,"score_random_forest":0.0842585,"score_logistic_regression":0.2189272,"score_fuzzy_knn_k29":0.0},"geometry":{"type":"Polygon","coordinates":[[[-72.452377,-8.4501823],[-72.4442793,-8.4502536],[-72.4442314,-8.4448529],[-72.452329,-8.4447816],[-72.452377,-8.4501823]]]}},{"type":"Feature","id":"AC-Y625-X238","properties":{"id":"AC-Y625-X238","grid_x":238,"grid_y":625,"centroid":[-72.4402065,-8.4475889],"aggregation":"none","score_gradboost":0.1556301,"score_random_forest":0.0910037,"score_logistic_regression":0.2145591,"score_fuzzy_knn_k29":0.0},"geometry":{"type":"Polygon","coordinates":[[[-72.4442793,-8.4502536],[-72.4361816,-8.4503249],[-72.4361337,-8.4449241],[-72.4442314,-8.4448529],[-72.4442793,-8.4502536]]]}},{"type":"Feature","id":"AC-Y625-X239","properties":{"id":"AC-Y625-X239","grid_x":239,"grid_y":625,"centroid":[-72.4321088,-8.44766],"aggregation":"none","score_gradboost":0.1640134,"score_random_forest":0.0698136,"score_logistic_regression":0.1917326,"score_fuzzy_knn_k29":0.0},"geometry":{"type":"Polygon","coordinates":[[[-72.4361816,-8.4503249],[-72.4280837,-8.4503959],[-72.428036,-8.4449951],[-72.4361337,-8.4449241],[-72.4361816,-8.4503249]]]}},{"type":"Feature","id":"AC-Y625-X240","properties":{"id":"AC-Y625-X240","grid_x":240,"grid_y":625,"centroid":[-72.4240109,-8.447731],"aggregation":"none","score_gradboost":0.0930328,"score_random_forest":0.0591453,"score_logistic_regression":0.2069347,"score_fuzzy_knn_k29":0.015515},"geometry":{"type":"Polygon","coordinates":[[[-72.4280837,-8.4503959],[-72.4199858,-8.4504668],[-72.4199382,-8.445066],[-72.428036,-8.4449951],[-72.4280837,-8.4503959]]]}},{"type":"Feature","id":"AC-Y625-X241","properties":{"id":"AC-Y625-X241","grid_x":241,"grid_y":625,"centroid":[-72.415913,-8.4478018],"aggregation":"none","score_gradboost":0.018875,"score_random_forest":0.0149699,"score_logistic_regression":0.1857646,"score_fuzzy_knn_k29":0.0444151},"geometry":{"type":"Polygon","coordinates":[[[-72.4199858,-8.4504668],[-72.4118878,-8.4505376],[-72.4118403,-8.4451367],[-72.4199382,-8.445066],[-72.4199858,-8.4504668]]]}},{"type":"Feature","id":"AC-Y625-X242","properties":{"id":"AC-Y625-X242","grid_x":242,"grid_y":625,"centroid":[-72.4078151,-8.4478724],"aggregation":"none","score_gradboost":0.018875,"score_random_forest":0.0165509,"score_logistic_regression":0.1862908,"score_fuzzy_knn_k29":0.0636109},"geometry":{"type":"Polygon","coordinates":[[[-72.4118878,-8.4505376],[-72.4037898,-8.4506081],[-72.4037424,-8.4452072],[-72.4118403,-8.4451367],[-72.4118878,-8.4505376]]]}},{"type":"Feature","id":"AC-Y625-X243","properties":{"id":"AC-Y625-X243","grid_x":243,"grid_y":625,"centroid":[-72.3997171,-8.4479428],"aggregation":"none","score_gradboost":0.0173378,"score_random_forest":0.0258893,"score_logistic_regression":0.1726778,"score_fuzzy_knn_k29":0.1016624},"geometry":{"type":"Polygon","coordinates":[[[-72.4037898,-8.4506081],[-72.3956917,-8.4506785],[-72.3956444,-8.4452775],[-72.4037424,-8.4452072],[-72.4037898,-8.4506081]]]}},{"type":"Feature","id":"AC-Y625-X244","properties":{"id":"AC-Y625-X244","grid_x":244,"grid_y":625,"centroid":[-72.391619,-8.4480131],"aggregation":"none","score_gradboost":0.0172449,"score_random_forest":0.0019803,"score_logistic_regression":0.1116244,"score_fuzzy_knn_k29":0.0},"geometry":{"type":"Polygon","coordinates":[[[-72.3956917,-8.4506785],[-72.3875935,-8.4507487],[-72.3875463,-8.4453477],[-72.3956444,-8.4452775],[-72.3956917,-8.4506785]]]}},{"type":"Feature","id":"AC-Y625-X245","properties":{"id":"AC-Y625-X245","grid_x":245,"grid_y":625,"centroid":[-72.3835208,-8.4480833],"aggregation":"none","score_gradboost":0.0451064,"score_random_forest":0.0218955,"score_logistic_regression":0.135058,"score_fuzzy_knn_k29":0.0},"geometry":{"type":"Polygon","coordinates":[[[-72.3875935,-8.4507487],[-72.3794952,-8.4508188],[-72.3794482,-8.4454177],[-72.3875463,-8.4453477],[-72.3875935,-8.4507487]]]}},{"type":"Feature","id":"AC-Y625-X246","properties":{"id":"AC-Y625-X246","grid_x":246,"grid_y":625,"centroid":[-72.3754226,-8.4481532],"aggregation":"none","score_gradboost":0.0114093,"score_random_forest":0.0088101,"score_logistic_regression":0.1223382,"score_fuzzy_knn_k29":0.0},"geometry":{"type":"Polygon","coordinates":[[[-72.3794952,-8.4508188],[-72.3713969,-8.4508887],[-72.3713499,-8.4454876],[-72.3794482,-8.4454177],[-72.3794952,-8.4508188]]]}},{"type":"Feature","id":"AC-Y626-X233","properties":{"id":"AC-Y626-X233","grid_x":233,"grid_y":626,"centroid":[-72.4806457,-8.4418303],"aggregation":"none","score_gradboost":0.0277436,"score_random_forest":0.0138563,"score_logistic_regression":0.1814036,"score_fuzzy_knn_k29":0.0123244},"geometry":{"type":"Polygon","coordinates":[[[-72.4847186,-8.4444945],[-72.4766213,-8.4445665],[-72.4765729,-8.439166],[-72.4846701,-8.439094],[-72.4847186,-8.4444945]]]}},{"type":"Feature","id":"AC-Y626-X234","properties":{"id":"AC-Y626-X234","grid_x":234,"grid_y":626,"centroid":[-72.4725484,-8.4419022],"aggregation":"none","score_gradboost":0.0324701,"score_random_forest":0.0440712,"score_logistic_regression":0.2129381,"score_fuzzy_knn_k29":0.0},"geometry":{"type":"Polygon","coordinates":[[[-72.4766213,-8.4445665],[-72.4685239,-8.4446384],[-72.4684756,-8.4392378],[-72.4765729,-8.439166],[-72.4766213,-8.4445665]]]}},{"type":"Feature","id":"AC-Y626-X235","properties":{"id":"AC-Y626-X235","grid_x":235,"grid_y":626,"centroid":[-72.4644511,-8.4419739],"aggregation":"none","score_gradboost":0.0361518,"score_random_forest":0.0472329,"score_logistic_regression":0.2313581,"score_fuzzy_knn_k29":0.0},"geometry":{"type":"Polygon","coordinates":[[[-72.4685239,-8.4446384],[-72.4604265,-8.4447101],[-72.4603783,-8.4393094],[-72.4684756,-8.4392378],[-72.4685239,-8.4446384]]]}},{"type":"Feature","id":"AC-Y626-X236","properties":{"id":"AC-Y626-X236","grid_x":236,"grid_y":626,"centroid":[-72.4563537,-8.4420455],"aggregation":"none","score_gradboost":0.0817748,"score_random_forest":0.0515834,"score_logistic_regression":0.2513384,"score_fuzzy_knn_k29":0.0},"geometry":{"type":"Polygon","coordinates":[[[-72.4604265,-8.4447101],[-72.452329,-8.4447816],[-72.4522809,-8.4393809],[-72.4603783,-8.4393094],[-72.4604265,-8.4447101]]]}},{"type":"Feature","id":"AC-Y626-X237","properties":{"id":"AC-Y626-X237","grid_x":237,"grid_y":626,"centroid":[-72.4482562,-8.4421169],"aggregation":"none","score_gradboost":0.1317503,"score_random_forest":0.0715457,"score_logistic_regression":0.240123,"score_fuzzy_knn_k29":0.0},"geometry":{"type":"Polygon","coordinates":[[[-72.452329,-8.4447816],[-72.4442314,-8.4448529],[-72.4441834,-8.4394522],[-72.4522809,-8.4393809],[-72.452329,-8.4447816]]]}},{"type":"Feature","id":"AC-Y626-X238","properties":{"id":"AC-Y626-X238","grid_x":238,"grid_y":626,"centroid":[-72.4401586,-8.4421882],"aggregation":"none","score_gradboost":0.1412445,"score_random_forest":0.0800085,"score_logistic_regression":0.2254144,"score_fuzzy_knn_k29":0.0103438},"geometry":{"type":"Polygon","coordinates":[[[-72.4442314,-8.4448529],[-72.4361337,-8.4449241],[-72.4360859,-8.4395233],[-72.4441834,-8.4394522],[-72.4442314,-8.4448529]]]}},{"type":"Feature","id":"AC-Y626-X239","properties":{"id":"AC-Y626-X239","grid_x":239,"grid_y":626,"centroid":[-72.432061,-8.4422592],"aggregation":"none","score_gradboost":0.0930328,"score_random_forest":0.0532775,"score_logistic_regression":0.2079128,"score_fuzzy_knn_k29":0.0330092},"geometry":{"type":"Polygon","coordinates":[[[-72.4361337,-8.4449241],[-72.428036,-8.4449951],[-72.4279883,-8.4395943],[-72.4360859,-8.4395233],[-72.4361337,-8.4449241]]]}},{"type":"Feature","id":"AC-Y626-X240","properties":{"id":"AC-Y626-X240","grid_x":240,"grid_y":626,"centroid":[-72.4239633,-8.4423302],"aggregation":"none","score_gradboost":0.0601827,"score_random_forest":0.0398966,"score_logistic_regression":0.2011361,"score_fuzzy_knn_k29":0.0470523},"geometry":{"type":"Polygon","coordinates":[[[-72.428036,-8.4449951],[-72.4199382,-8.445066],[-72.4198906,-8.4396651],[-72.4279883,-8.4395943],[-72.428036,-8.4449951]]]}},{"type":"Feature","id":"AC-Y626-X241","properties":{"id":"AC-Y626-X241","grid_x":241,"grid_y":626,"centroid":[-72.4158655,-8.4424009],"aggregation":"none","score_gradboost":0.018875,"score_random_forest":0.0173011,"score_logistic_regression":0.1860237,"score_fuzzy_knn_k29":0.0569607},"geometry":{"type":"Polygon","coordinates":[[[-72.4199382,-8.445066],[-72.4118403,-8.4451367],[-72.4117928,-8.4397357],[-72.4198906,-8.4396651],[-72.4199382,-8.445066]]]}},{"type":"Feature","id":"AC-Y626-X242","properties":{"id":"AC-Y626-X242","grid_x":242,"grid_y":626,"centroid":[-72.4077676,-8.4424715],"aggregation":"none","score_gradboost":0.0202782,"score_random_forest":0.0206144,"score_logistic_regression":0.1953741,"score_fuzzy_knn_k29":0.1245088},"geometry":{"type":"Polygon","coordinates":[[[-72.4118403,-8.4451367],[-72.4037424,-8.4452072],[-72.403695,-8.4398062],[-72.4117928,-8.4397357],[-72.4118403,-8.4451367]]]}},{"type":"Feature","id":"AC-Y626-X243","properties":{"id":"AC-Y626-X243","grid_x":243,"grid_y":626,"centroid":[-72.3996697,-8.4425419],"aggregation":"none","score_gradboost":0.0824541,"score_random_forest":0.0534489,"score_logistic_regression":0.21489,"score_fuzzy_knn_k29":0.2897902},"geometry":{"type":"Polygon","coordinates":[[[-72.4037424,-8.4452072],[-72.3956444,-8.4452775],[-72.3955971,-8.4398765],[-72.403695,-8.4398062],[-72.4037424,-8.4452072]]]}},{"type":"Feature","id":"AC-Y626-X244","properties":{"id":"AC-Y626-X244","grid_x":244,"grid_y":626,"centroid":[-72.3915717,-8.4426121],"aggregation":"none","score_gradboost":0.0278878,"score_random_forest":0.021057,"score_logistic_regression":0.1509877,"score_fuzzy_knn_k29":0.0},"geometry":{"type":"Polygon","coordinates":[[[-72.3956444,-8.4452775],[-72.3875463,-8.4453477],[-72.3874992,-8.4399467],[-72.3955971,-8.4398765],[-72.3956444,-8.4452775]]]}},{"type":"Feature","id":"AC-Y626-X245","properties":{"id":"AC-Y626-X245","grid_x":245,"grid_y":626,"centroid":[-72.3834737,-8.4426822],"aggregation":"none","score_gradboost":0.0206293,"score_random_forest":0.0187091,"score_logistic_regression":0.1396414,"score_fuzzy_knn_k29":0.0},"geometry":{"type":"Polygon","coordinates":[[[-72.3875463,-8.4453477],[-72.3794482,-8.4454177],[-72.3794011,-8.4400166],[-72.3874992,-8.4399467],[-72.3875463,-8.4453477]]]}},{"type":"Feature","id":"AC-Y626-X246","properties":{"id":"AC-Y626-X246","grid_x":246,"grid_y":626,"centroid":[-72.3753756,-8.4427521],"aggregation":"none","score_gradboost":0.0198547,"score_random_forest":0.019092,"score_logistic_regression":0.144651,"score_fuzzy_knn_k29":0.0},"geometry":{"type":"Polygon","coordinates":[[[-72.3794482,-8.4454177],[-72.3713499,-8.4454876],[-72.371303,-8.4400864],[-72.3794011,-8.4400166],[-72.3794482,-8.4454177]]]}},{"type":"Feature","id":"AC-Y627-X234","properties":{"id":"AC-Y627-X234","grid_x":234,"grid_y":627,"centroid":[-72.4725001,-8.4365016],"aggregation":"none","score_gradboost":0.0388384,"score_random_forest":0.0328496,"score_logistic_regression":0.2035624,"score_fuzzy_knn_k29":0.0},"geometry":{"type":"Polygon","coordinates":[[[-72.4765729,-8.439166],[-72.4684756,-8.4392378],[-72.4684274,-8.4338372],[-72.4765246,-8.4337655],[-72.4765729,-8.439166]]]}},{"type":"Feature","id":"AC-Y627-X235","properties":{"id":"AC-Y627-X235","grid_x":235,"grid_y":627,"centroid":[-72.4644029,-8.4365733],"aggregation":"none","score_gradboost":0.1433188,"score_random_forest":0.083345,"score_logistic_regression":0.195496,"score_fuzzy_knn_k29":0.0},"geometry":{"type":"Polygon","coordinates":[[[-72.4684756,-8.4392378],[-72.4603783,-8.4393094],[-72.4603302,-8.4339088],[-72.4684274,-8.4338372],[-72.4684756,-8.4392378]]]}},{"type":"Feature","id":"AC-Y627-X236","properties":{"id":"AC-Y627-X236","grid_x":236,"grid_y":627,"centroid":[-72.4563056,-8.4366449],"aggregation":"none","score_gradboost":0.1244821,"score_random_forest":0.0608573,"score_logistic_regression":0.2508507,"score_fuzzy_knn_k29":0.0085877},"geometry":{"type":"Polygon","coordinates":[[[-72.4603783,-8.4393094],[-72.4522809,-8.4393809],[-72.4522329,-8.4339802],[-72.4603302,-8.4339088],[-72.4603783,-8.4393094]]]}},{"type":"Feature","id":"AC-Y627-X237","properties":{"id":"AC-Y627-X237","grid_x":237,"grid_y":627,"centroid":[-72.4482082,-8.4367162],"aggregation":"none","score_gradboost":0.0758138,"score_random_forest":0.0787689,"score_logistic_regression":0.2443932,"score_fuzzy_knn_k29":0.0140827},"geometry":{"type":"Polygon","coordinates":[[[-72.4522809,-8.4393809],[-72.4441834,-8.4394522],[-72.4441355,-8.4340515],[-72.4522329,-8.4339802],[-72.4522809,-8.4393809]]]}},{"type":"Feature","id":"AC-Y627-X238","properties":{"id":"AC-Y627-X238","grid_x":238,"grid_y":627,"centroid":[-72.4401108,-8.4367874],"aggregation":"none","score_gradboost":0.018875,"score_random_forest":0.0166502,"score_logistic_regression":0.1941813,"score_fuzzy_knn_k29":0.0466217},"geometry":{"type":"Polygon","coordinates":[[[-72.4441834,-8.4394522],[-72.4360859,-8.4395233],[-72.4360381,-8.4341226],[-72.4441355,-8.4340515],[-72.4441834,-8.4394522]]]}},{"type":"Feature","id":"AC-Y627-X239","properties":{"id":"AC-Y627-X239","grid_x":239,"grid_y":627,"centroid":[-72.4320132,-8.4368585],"aggregation":"none","score_gradboost":0.0631118,"score_random_forest":0.0536819,"score_logistic_regression":0.2151375,"score_fuzzy_knn_k29":0.0536415},"geometry":{"type":"Polygon","coordinates":[[[-72.4360859,-8.4395233],[-72.4279883,-8.4395943],[-72.4279406,-8.4341935],[-72.4360381,-8.4341226],[-72.4360859,-8.4395233]]]}},{"type":"Feature","id":"AC-Y627-X240","properties":{"id":"AC-Y627-X240","grid_x":240,"grid_y":627,"centroid":[-72.4239156,-8.4369293],"aggregation":"none","score_gradboost":0.0601827,"score_random_forest":0.0409467,"score_logistic_regression":0.2048395,"score_fuzzy_knn_k29":0.0769697},"geometry":{"type":"Polygon","coordinates":[[[-72.4279883,-8.4395943],[-72.4198906,-8.4396651],[-72.419843,-8.4342643],[-72.4279406,-8.4341935],[-72.4279883,-8.4395943]]]}},{"type":"Feature","id":"AC-Y627-X241","properties":{"id":"AC-Y627-X241","grid_x":241,"grid_y":627,"centroid":[-72.415818,-8.437],"aggregation":"none","score_gradboost":0.0172183,"score_random_forest":0.0185478,"score_logistic_regression":0.1834504,"score_fuzzy_knn_k29":0.0987606},"geometry":{"type":"Polygon","coordinates":[[[-72.4198906,-8.4396651],[-72.4117928,-8.4397357],[-72.4117454,-8.4343348],[-72.419843,-8.4342643],[-72.4198906,-8.4396651]]]}},{"type":"Feature","id":"AC-Y627-X242","properties":{"id":"AC-Y627-X242","grid_x":242,"grid_y":627,"centroid":[-72.4077202,-8.4370705],"aggregation":"none","score_gradboost":0.0321834,"score_random_forest":0.0243188,"score_logistic_regression":0.198607,"score_fuzzy_knn_k29":0.2208326},"geometry":{"type":"Polygon","coordinates":[[[-72.4117928,-8.4397357],[-72.403695,-8.4398062],[-72.4036477,-8.4344053],[-72.4117454,-8.4343348],[-72.4117928,-8.4397357]]]}},{"type":"Feature","id":"AC-Y627-X243","properties":{"id":"AC-Y627-X243","grid_x":243,"grid_y":627,"centroid":[-72.3996224,-8.4371409],"aggregation":"none","score_gradboost":0.078069,"score_random_forest":0.1083814,"score_logistic_regression":0.2422803,"score_fuzzy_knn_k29":0.5816129},"geometry":{"type":"Polygon","coordinates":[[[-72.403695,-8.4398062],[-72.3955971,-8.4398765],[-72.3955499,-8.4344755],[-72.4036477,-8.4344053],[-72.403695,-8.4398062]]]}},{"type":"Feature","id":"AC-Y627-X244","properties":{"id":"AC-Y627-X244","grid_x":244,"grid_y":627,"centroid":[-72.3915246,-8.4372111],"aggregation":"none","score_gradboost":0.0290374,"score_random_forest":0.0340153,"score_logistic_regression":0.1718491,"score_fuzzy_knn_k29":0.0},"geometry":{"type":"Polygon","coordinates":[[[-72.3955971,-8.4398765],[-72.3874992,-8.4399467],[-72.387452,-8.4345456],[-72.3955499,-8.4344755],[-72.3955971,-8.4398765]]]}},{"type":"Feature","id":"AC-Y627-X245","properties":{"id":"AC-Y627-X245","grid_x":245,"grid_y":627,"centroid":[-72.3834266,-8.4372811],"aggregation":"none","score_gradboost":0.0156169,"score_random_forest":0.0319566,"score_logistic_regression":0.1697311,"score_fuzzy_knn_k29":0.0},"geometry":{"type":"Polygon","coordinates":[[[-72.3874992,-8.4399467],[-72.3794011,-8.4400166],[-72.3793541,-8.4346155],[-72.387452,-8.4345456],[-72.3874992,-8.4399467]]]}},{"type":"Feature","id":"AC-Y627-X246","properties":{"id":"AC-Y627-X246","grid_x":246,"grid_y":627,"centroid":[-72.3753286,-8.437351],"aggregation":"none","score_gradboost":0.0162212,"score_random_forest":0.0156296,"score_logistic_regression":0.157061,"score_fuzzy_knn_k29":0.0},"geometry":{"type":"Polygon","coordinates":[[[-72.3794011,-8.4400166],[-72.371303,-8.4400864],[-72.3712561,-8.4346853],[-72.3793541,-8.4346155],[-72.3794011,-8.4400166]]]}},{"type":"Feature","id":"AC-Y627-X247","properties":{"id":"AC-Y627-X247","grid_x":247,"grid_y":627,"centroid":[-72.3672305,-8.4374207],"aggregation":"none","score_gradboost":0.0222605,"score_random_forest":0.0236606,"score_logistic_regression":0.1424732,"score_fuzzy_knn_k29":0.0},"geometry":{"type":"Polygon","coordinates":[[[-72.371303,-8.4400864],[-72.3632048,-8.4401561],[-72.3631581,-8.4347549],[-72.3712561,-8.4346853],[-72.371303,-8.4400864]]]}},{"type":"Feature","id":"AC-Y628-X234","properties":{"id":"AC-Y628-X234","grid_x":234,"grid_y":628,"centroid":[-72.4724519,-8.4311011],"aggregation":"none","score_gradboost":0.043798,"score_random_forest":0.0486144,"score_logistic_regression":0.1770398,"score_fuzzy_knn_k29":0.0},"geometry":{"type":"Polygon","coordinates":[[[-72.4765246,-8.4337655],[-72.4684274,-8.4338372],[-72.4683792,-8.4284366],[-72.4764763,-8.4283649],[-72.4765246,-8.4337655]]]}},{"type":"Feature","id":"AC-Y628-X235","properties":{"id":"AC-Y628-X235","grid_x":235,"grid_y":628,"centroid":[-72.4643547,-8.4311727],"aggregation":"none","score_gradboost":0.1556301,"score_random_forest":0.0866979,"score_logistic_regression":0.2244711,"score_fuzzy_knn_k29":0.0},"geometry":{"type":"Polygon","coordinates":[[[-72.4684274,-8.4338372],[-72.4603302,-8.4339088],[-72.4602821,-8.4285082],[-72.4683792,-8.4284366],[-72.4684274,-8.4338372]]]}},{"type":"Feature","id":"AC-Y628-X236","properties":{"id":"AC-Y628-X236","grid_x":236,"grid_y":628,"centroid":[-72.4562575,-8.4312442],"aggregation":"none","score_gradboost":0.0826043,"score_random_forest":0.049944,"score_logistic_regression":0.2192736,"score_fuzzy_knn_k29":0.0292116},"geometry":{"type":"Polygon","coordinates":[[[-72.4603302,-8.4339088],[-72.4522329,-8.4339802],[-72.4521849,-8.4285795],[-72.4602821,-8.4285082],[-72.4603302,-8.4339088]]]}},{"type":"Feature","id":"AC-Y628-X237","properties":{"id":"AC-Y628-X237","grid_x":237,"grid_y":628,"centroid":[-72.4481603,-8.4313155],"aggregation":"none","score_gradboost":0.057201,"score_random_forest":0.0707526,"score_logistic_regression":0.241591,"score_fuzzy_knn_k29":0.0377848},"geometry":{"type":"Polygon","coordinates":[[[-72.4522329,-8.4339802],[-72.4441355,-8.4340515],[-72.4440877,-8.4286508],[-72.4521849,-8.4285795],[-72.4522329,-8.4339802]]]}},{"type":"Feature","id":"AC-Y628-X238","properties":{"id":"AC-Y628-X238","grid_x":238,"grid_y":628,"centroid":[-72.4400629,-8.4313867],"aggregation":"none","score_gradboost":0.0429922,"score_random_forest":0.0514573,"score_logistic_regression":0.2630887,"score_fuzzy_knn_k29":0.0648271},"geometry":{"type":"Polygon","coordinates":[[[-72.4441355,-8.4340515],[-72.4360381,-8.4341226],[-72.4359904,-8.4287218],[-72.4440877,-8.4286508],[-72.4441355,-8.4340515]]]}},{"type":"Feature","id":"AC-Y628-X239","properties":{"id":"AC-Y628-X239","grid_x":239,"grid_y":628,"centroid":[-72.4319655,-8.4314577],"aggregation":"none","score_gradboost":0.0541643,"score_random_forest":0.0832278,"score_logistic_regression":0.2433539,"score_fuzzy_knn_k29":0.1193255},"geometry":{"type":"Polygon","coordinates":[[[-72.4360381,-8.4341226],[-72.4279406,-8.4341935],[-72.427893,-8.4287927],[-72.4359904,-8.4287218],[-72.4360381,-8.4341226]]]}},{"type":"Feature","id":"AC-Y628-X240","properties":{"id":"AC-Y628-X240","grid_x":240,"grid_y":628,"centroid":[-72.423868,-8.4315285],"aggregation":"none","score_gradboost":0.0541643,"score_random_forest":0.0772972,"score_logistic_regression":0.2389255,"score_fuzzy_knn_k29":0.1823882},"geometry":{"type":"Polygon","coordinates":[[[-72.4279406,-8.4341935],[-72.419843,-8.4342643],[-72.4197955,-8.4288634],[-72.427893,-8.4287927],[-72.4279406,-8.4341935]]]}},{"type":"Feature","id":"AC-Y628-X241","properties":{"id":"AC-Y628-X241","grid_x":241,"grid_y":628,"centroid":[-72.4157705,-8.4315991],"aggregation":"none","score_gradboost":0.088267,"score_random_forest":0.05399,"score_logistic_regression":0.2180487,"score_fuzzy_knn_k29":0.2749866},"geometry":{"type":"Polygon","coordinates":[[[-72.419843,-8.4342643],[-72.4117454,-8.4343348],[-72.411698,-8.4289339],[-72.4197955,-8.4288634],[-72.419843,-8.4342643]]]}},{"type":"Feature","id":"AC-Y628-X242","properties":{"id":"AC-Y628-X242","grid_x":242,"grid_y":628,"centroid":[-72.4076729,-8.4316696],"aggregation":"none","score_gradboost":0.0887896,"score_random_forest":0.0746671,"score_logistic_regression":0.2147669,"score_fuzzy_knn_k29":0.363941},"geometry":{"type":"Polygon","coordinates":[[[-72.4117454,-8.4343348],[-72.4036477,-8.4344053],[-72.4036004,-8.4290043],[-72.411698,-8.4289339],[-72.4117454,-8.4343348]]]}},{"type":"Feature","id":"AC-Y628-X243","properties":{"id":"AC-Y628-X243","grid_x":243,"grid_y":628,"centroid":[-72.3995752,-8.4317399],"aggregation":"none","score_gradboost":0.0443466,"score_random_forest":0.0556584,"score_logistic_regression":0.2118129,"score_fuzzy_knn_k29":0.4473315},"geometry":{"type":"Polygon","coordinates":[[[-72.4036477,-8.4344053],[-72.3955499,-8.4344755],[-72.3955027,-8.4290745],[-72.4036004,-8.4290043],[-72.4036477,-8.4344053]]]}},{"type":"Feature","id":"AC-Y628-X244","properties":{"id":"AC-Y628-X244","grid_x":244,"grid_y":628,"centroid":[-72.3914774,-8.4318101],"aggregation":"none","score_gradboost":0.0169209,"score_random_forest":0.0345811,"score_logistic_regression":0.1718329,"score_fuzzy_knn_k29":0.0},"geometry":{"type":"Polygon","coordinates":[[[-72.3955499,-8.4344755],[-72.387452,-8.4345456],[-72.387405,-8.4291446],[-72.3955027,-8.4290745],[-72.3955499,-8.4344755]]]}},{"type":"Feature","id":"AC-Y628-X245","properties":{"id":"AC-Y628-X245","grid_x":245,"grid_y":628,"centroid":[-72.3833796,-8.4318801],"aggregation":"none","score_gradboost":0.0174044,"score_random_forest":0.0302541,"score_logistic_regression":0.16153,"score_fuzzy_knn_k29":0.0},"geometry":{"type":"Polygon","coordinates":[[[-72.387452,-8.4345456],[-72.3793541,-8.4346155],[-72.3793072,-8.4292144],[-72.387405,-8.4291446],[-72.387452,-8.4345456]]]}},{"type":"Feature","id":"AC-Y628-X246","properties":{"id":"AC-Y628-X246","grid_x":246,"grid_y":628,"centroid":[-72.3752817,-8.4319499],"aggregation":"none","score_gradboost":0.0198021,"score_random_forest":0.0237882,"score_logistic_regression":0.1647451,"score_fuzzy_knn_k29":0.0},"geometry":{"type":"Polygon","coordinates":[[[-72.3793541,-8.4346155],[-72.3712561,-8.4346853],[-72.3712093,-8.4292842],[-72.3793072,-8.4292144],[-72.3793541,-8.4346155]]]}},{"type":"Feature","id":"AC-Y628-X247","properties":{"id":"AC-Y628-X247","grid_x":247,"grid_y":628,"centroid":[-72.3671837,-8.4320195],"aggregation":"none","score_gradboost":0.013467,"score_random_forest":0.0231568,"score_logistic_regression":0.1677864,"score_fuzzy_knn_k29":0.0},"geometry":{"type":"Polygon","coordinates":[[[-72.3712561,-8.4346853],[-72.3631581,-8.4347549],[-72.3631113,-8.4293537],[-72.3712093,-8.4292842],[-72.3712561,-8.4346853]]]}},{"type":"Feature","id":"AC-Y629-X235","properties":{"id":"AC-Y629-X235","grid_x":235,"grid_y":629,"centroid":[-72.4643066,-8.4257721],"aggregation":"none","score_gradboost":0.0845728,"score_random_forest":0.0833362,"score_logistic_regression":0.242027,"score_fuzzy_knn_k29":0.0176401},"geometry":{"type":"Polygon","coordinates":[[[-72.4683792,-8.4284366],[-72.4602821,-8.4285082],[-72.4602341,-8.4231075],[-72.468331,-8.423036],[-72.4683792,-8.4284366]]]}},{"type":"Feature","id":"AC-Y629-X236","properties":{"id":"AC-Y629-X236","grid_x":236,"grid_y":629,"centroid":[-72.4562095,-8.4258436],"aggregation":"none","score_gradboost":0.0676616,"score_random_forest":0.0552481,"score_logistic_regression":0.2192255,"score_fuzzy_knn_k29":0.0468021},"geometry":{"type":"Polygon","coordinates":[[[-72.4602821,-8.4285082],[-72.4521849,-8.4285795],[-72.452137,-8.4231789],[-72.4602341,-8.4231075],[-72.4602821,-8.4285082]]]}},{"type":"Feature","id":"AC-Y629-X237","properties":{"id":"AC-Y629-X237","grid_x":237,"grid_y":629,"centroid":[-72.4481124,-8.4259148],"aggregation":"none","score_gradboost":0.0601092,"score_random_forest":0.0467602,"score_logistic_regression":0.2174764,"score_fuzzy_knn_k29":0.1060121},"geometry":{"type":"Polygon","coordinates":[[[-72.4521849,-8.4285795],[-72.4440877,-8.4286508],[-72.4440398,-8.42325],[-72.452137,-8.4231789],[-72.4521849,-8.4285795]]]}},{"type":"Feature","id":"AC-Y629-X238","properties":{"id":"AC-Y629-X238","grid_x":238,"grid_y":629,"centroid":[-72.4400151,-8.4259859],"aggregation":"none","score_gradboost":0.0584956,"score_random_forest":0.0928924,"score_logistic_regression":0.2564623,"score_fuzzy_knn_k29":0.1815058},"geometry":{"type":"Polygon","coordinates":[[[-72.4440877,-8.4286508],[-72.4359904,-8.4287218],[-72.4359426,-8.423321],[-72.4440398,-8.42325],[-72.4440877,-8.4286508]]]}},{"type":"Feature","id":"AC-Y629-X239","properties":{"id":"AC-Y629-X239","grid_x":239,"grid_y":629,"centroid":[-72.4319178,-8.4260569],"aggregation":"none","score_gradboost":0.0924285,"score_random_forest":0.0665566,"score_logistic_regression":0.2302201,"score_fuzzy_knn_k29":0.2677272},"geometry":{"type":"Polygon","coordinates":[[[-72.4359904,-8.4287218],[-72.427893,-8.4287927],[-72.4278454,-8.4233919],[-72.4359426,-8.423321],[-72.4359904,-8.4287218]]]}},{"type":"Feature","id":"AC-Y629-X240","properties":{"id":"AC-Y629-X240","grid_x":240,"grid_y":629,"centroid":[-72.4238205,-8.4261276],"aggregation":"none","score_gradboost":0.088267,"score_random_forest":0.0564549,"score_logistic_regression":0.2224559,"score_fuzzy_knn_k29":0.340121},"geometry":{"type":"Polygon","coordinates":[[[-72.427893,-8.4287927],[-72.4197955,-8.4288634],[-72.419748,-8.4234625],[-72.4278454,-8.4233919],[-72.427893,-8.4287927]]]}},{"type":"Feature","id":"AC-Y629-X241","properties":{"id":"AC-Y629-X241","grid_x":241,"grid_y":629,"centroid":[-72.415723,-8.4261982],"aggregation":"none","score_gradboost":0.0312748,"score_random_forest":0.0438854,"score_logistic_regression":0.2088185,"score_fuzzy_knn_k29":0.341829},"geometry":{"type":"Polygon","coordinates":[[[-72.4197955,-8.4288634],[-72.411698,-8.4289339],[-72.4116506,-8.423533],[-72.419748,-8.4234625],[-72.4197955,-8.4288634]]]}},{"type":"Feature","id":"AC-Y629-X242","properties":{"id":"AC-Y629-X242","grid_x":242,"grid_y":629,"centroid":[-72.4076255,-8.4262687],"aggregation":"none","score_gradboost":0.0443466,"score_random_forest":0.0559774,"score_logistic_regression":0.202324,"score_fuzzy_knn_k29":0.3840903},"geometry":{"type":"Polygon","coordinates":[[[-72.411698,-8.4289339],[-72.4036004,-8.4290043],[-72.4035531,-8.4236034],[-72.4116506,-8.423533],[-72.411698,-8.4289339]]]}},{"type":"Feature","id":"AC-Y629-X243","properties":{"id":"AC-Y629-X243","grid_x":243,"grid_y":629,"centroid":[-72.3995279,-8.4263389],"aggregation":"none","score_gradboost":0.0210525,"score_random_forest":0.0269315,"score_logistic_regression":0.1410197,"score_fuzzy_knn_k29":0.0},"geometry":{"type":"Polygon","coordinates":[[[-72.4036004,-8.4290043],[-72.3955027,-8.4290745],[-72.3954555,-8.4236735],[-72.4035531,-8.4236034],[-72.4036004,-8.4290043]]]}},{"type":"Feature","id":"AC-Y629-X244","properties":{"id":"AC-Y629-X244","grid_x":244,"grid_y":629,"centroid":[-72.3914303,-8.4264091],"aggregation":"none","score_gradboost":0.0213572,"score_random_forest":0.0224148,"score_logistic_regression":0.1559695,"score_fuzzy_knn_k29":0.0},"geometry":{"type":"Polygon","coordinates":[[[-72.3955027,-8.4290745],[-72.387405,-8.4291446],[-72.3873579,-8.4237435],[-72.3954555,-8.4236735],[-72.3955027,-8.4290745]]]}},{"type":"Feature","id":"AC-Y629-X245","properties":{"id":"AC-Y629-X245","grid_x":245,"grid_y":629,"centroid":[-72.3833326,-8.426479],"aggregation":"none","score_gradboost":0.0157846,"score_random_forest":0.0318505,"score_logistic_regression":0.186502,"score_fuzzy_knn_k29":0.0},"geometry":{"type":"Polygon","coordinates":[[[-72.387405,-8.4291446],[-72.3793072,-8.4292144],[-72.3792602,-8.4238134],[-72.3873579,-8.4237435],[-72.387405,-8.4291446]]]}},{"type":"Feature","id":"AC-Y629-X246","properties":{"id":"AC-Y629-X246","grid_x":246,"grid_y":629,"centroid":[-72.3752348,-8.4265488],"aggregation":"none","score_gradboost":0.0214745,"score_random_forest":0.0171501,"score_logistic_regression":0.1618906,"score_fuzzy_knn_k29":0.0},"geometry":{"type":"Polygon","coordinates":[[[-72.3793072,-8.4292144],[-72.3712093,-8.4292842],[-72.3711624,-8.423883],[-72.3792602,-8.4238134],[-72.3793072,-8.4292144]]]}},{"type":"Feature","id":"AC-Y629-X253","properties":{"id":"AC-Y629-X253","grid_x":253,"grid_y":629,"centroid":[-72.3185483,-8.4270325],"aggregation":"none","score_gradboost":0.0129459,"score_random_forest":0.0224169,"score_logistic_regression":0.1980968,"score_fuzzy_knn_k29":0.0156917},"geometry":{"type":"Polygon","coordinates":[[[-72.3226205,-8.4296989],[-72.3145222,-8.4297675],[-72.3144761,-8.424366],[-72.3225744,-8.4242975],[-72.3226205,-8.4296989]]]}},{"type":"Feature","id":"AC-Y630-X235","properties":{"id":"AC-Y630-X235","grid_x":235,"grid_y":630,"centroid":[-72.4642585,-8.4203715],"aggregation":"none","score_gradboost":0.064536,"score_random_forest":0.0439276,"score_logistic_regression":0.2117893,"score_fuzzy_knn_k29":0.0492153},"geometry":{"type":"Polygon","coordinates":[[[-72.468331,-8.423036],[-72.4602341,-8.4231075],[-72.460186,-8.4177069],[-72.4682829,-8.4176355],[-72.468331,-8.423036]]]}},{"type":"Feature","id":"AC-Y630-X236","properties":{"id":"AC-Y630-X236","grid_x":236,"grid_y":630,"centroid":[-72.4561615,-8.4204429],"aggregation":"none","score_gradboost":0.064536,"score_random_forest":0.0444427,"score_logistic_regression":0.2160197,"score_fuzzy_knn_k29":0.0790096},"geometry":{"type":"Polygon","coordinates":[[[-72.4602341,-8.4231075],[-72.452137,-8.4231789],[-72.4520891,-8.4177782],[-72.460186,-8.4177069],[-72.4602341,-8.4231075]]]}},{"type":"Feature","id":"AC-Y630-X237","properties":{"id":"AC-Y630-X237","grid_x":237,"grid_y":630,"centroid":[-72.4480645,-8.4205141],"aggregation":"none","score_gradboost":0.0584956,"score_random_forest":0.0985482,"score_logistic_regression":0.248486,"score_fuzzy_knn_k29":0.1888891},"geometry":{"type":"Polygon","coordinates":[[[-72.452137,-8.4231789],[-72.4440398,-8.42325],[-72.443992,-8.4178493],[-72.4520891,-8.4177782],[-72.452137,-8.4231789]]]}},{"type":"Feature","id":"AC-Y630-X238","properties":{"id":"AC-Y630-X238","grid_x":238,"grid_y":630,"centroid":[-72.4399674,-8.4205852],"aggregation":"none","score_gradboost":0.1053872,"score_random_forest":0.0596268,"score_logistic_regression":0.2286867,"score_fuzzy_knn_k29":0.3710117},"geometry":{"type":"Polygon","coordinates":[[[-72.4440398,-8.42325],[-72.4359426,-8.423321],[-72.435895,-8.4179203],[-72.443992,-8.4178493],[-72.4440398,-8.42325]]]}},{"type":"Feature","id":"AC-Y630-X239","properties":{"id":"AC-Y630-X239","grid_x":239,"grid_y":630,"centroid":[-72.4318702,-8.4206561],"aggregation":"none","score_gradboost":0.0333158,"score_random_forest":0.050117,"score_logistic_regression":0.2176014,"score_fuzzy_knn_k29":0.3539592},"geometry":{"type":"Polygon","coordinates":[[[-72.4359426,-8.423321],[-72.4278454,-8.4233919],[-72.4277978,-8.417991],[-72.435895,-8.4179203],[-72.4359426,-8.423321]]]}},{"type":"Feature","id":"AC-Y630-X240","properties":{"id":"AC-Y630-X240","grid_x":240,"grid_y":630,"centroid":[-72.4237729,-8.4207268],"aggregation":"none","score_gradboost":0.1129422,"score_random_forest":0.1029898,"score_logistic_regression":0.240466,"score_fuzzy_knn_k29":0.6470846},"geometry":{"type":"Polygon","coordinates":[[[-72.4278454,-8.4233919],[-72.419748,-8.4234625],[-72.4197005,-8.4180617],[-72.4277978,-8.417991],[-72.4278454,-8.4233919]]]}},{"type":"Feature","id":"AC-Y630-X241","properties":{"id":"AC-Y630-X241","grid_x":241,"grid_y":630,"centroid":[-72.4156756,-8.4207973],"aggregation":"none","score_gradboost":0.1503167,"score_random_forest":0.1136013,"score_logistic_regression":0.2397504,"score_fuzzy_knn_k29":0.6533891},"geometry":{"type":"Polygon","coordinates":[[[-72.419748,-8.4234625],[-72.4116506,-8.423533],[-72.4116032,-8.4181321],[-72.4197005,-8.4180617],[-72.419748,-8.4234625]]]}},{"type":"Feature","id":"AC-Y630-X242","properties":{"id":"AC-Y630-X242","grid_x":242,"grid_y":630,"centroid":[-72.4075782,-8.4208677],"aggregation":"none","score_gradboost":0.0647929,"score_random_forest":0.1436649,"score_logistic_regression":0.2612212,"score_fuzzy_knn_k29":0.7328858},"geometry":{"type":"Polygon","coordinates":[[[-72.4116506,-8.423533],[-72.4035531,-8.4236034],[-72.4035059,-8.4182024],[-72.4116032,-8.4181321],[-72.4116506,-8.423533]]]}},{"type":"Feature","id":"AC-Y630-X243","properties":{"id":"AC-Y630-X243","grid_x":243,"grid_y":630,"centroid":[-72.3994807,-8.420938],"aggregation":"none","score_gradboost":0.0255005,"score_random_forest":0.0297523,"score_logistic_regression":0.1484162,"score_fuzzy_knn_k29":0.0},"geometry":{"type":"Polygon","coordinates":[[[-72.4035531,-8.4236034],[-72.3954555,-8.4236735],[-72.3954084,-8.4182725],[-72.4035059,-8.4182024],[-72.4035531,-8.4236034]]]}},{"type":"Feature","id":"AC-Y630-X244","properties":{"id":"AC-Y630-X244","grid_x":244,"grid_y":630,"centroid":[-72.3913832,-8.421008],"aggregation":"none","score_gradboost":0.0289806,"score_random_forest":0.0294192,"score_logistic_regression":0.1535252,"score_fuzzy_knn_k29":0.0},"geometry":{"type":"Polygon","coordinates":[[[-72.3954555,-8.4236735],[-72.3873579,-8.4237435],[-72.3873109,-8.4183425],[-72.3954084,-8.4182725],[-72.3954555,-8.4236735]]]}},{"type":"Feature","id":"AC-Y630-X245","properties":{"id":"AC-Y630-X245","grid_x":245,"grid_y":630,"centroid":[-72.3832856,-8.4210779],"aggregation":"none","score_gradboost":0.0357824,"score_random_forest":0.0736889,"score_logistic_regression":0.2111983,"score_fuzzy_knn_k29":0.0},"geometry":{"type":"Polygon","coordinates":[[[-72.3873579,-8.4237435],[-72.3792602,-8.4238134],[-72.3792133,-8.4184123],[-72.3873109,-8.4183425],[-72.3873579,-8.4237435]]]}},{"type":"Feature","id":"AC-Y630-X246","properties":{"id":"AC-Y630-X246","grid_x":246,"grid_y":630,"centroid":[-72.3751879,-8.4211476],"aggregation":"none","score_gradboost":0.014574,"score_random_forest":0.0302561,"score_logistic_regression":0.2051746,"score_fuzzy_knn_k29":0.0},"geometry":{"type":"Polygon","coordinates":[[[-72.3792602,-8.4238134],[-72.3711624,-8.423883],[-72.3711157,-8.4184819],[-72.3792133,-8.4184123],[-72.3792602,-8.4238134]]]}},{"type":"Feature","id":"AC-Y630-X247","properties":{"id":"AC-Y630-X247","grid_x":247,"grid_y":630,"centroid":[-72.3670902,-8.4212172],"aggregation":"none","score_gradboost":0.0207949,"score_random_forest":0.0308186,"score_logistic_regression":0.2088282,"score_fuzzy_knn_k29":0.0221328},"geometry":{"type":"Polygon","coordinates":[[[-72.3711625,-8.423883],[-72.3630646,-8.4239525],[-72.3630179,-8.4185513],[-72.3711157,-8.4184819],[-72.3711625,-8.423883]]]}},{"type":"Feature","id":"AC-Y630-X248","properties":{"id":"AC-Y630-X248","grid_x":248,"grid_y":630,"centroid":[-72.3589924,-8.4212866],"aggregation":"none","score_gradboost":0.0375965,"score_random_forest":0.0692327,"score_logistic_regression":0.2223623,"score_fuzzy_knn_k29":0.0202149},"geometry":{"type":"Polygon","coordinates":[[[-72.3630646,-8.4239525],[-72.3549667,-8.4240218],[-72.3549201,-8.4186206],[-72.3630179,-8.4185513],[-72.3630646,-8.4239525]]]}},{"type":"Feature","id":"AC-Y630-X249","properties":{"id":"AC-Y630-X249","grid_x":249,"grid_y":630,"centroid":[-72.3508945,-8.4213558],"aggregation":"none","score_gradboost":0.0269136,"score_random_forest":0.0192401,"score_logistic_regression":0.1790074,"score_fuzzy_knn_k29":0.0269646},"geometry":{"type":"Polygon","coordinates":[[[-72.3549667,-8.4240218],[-72.3468687,-8.424091],[-72.3468223,-8.4186897],[-72.3549201,-8.4186206],[-72.3549667,-8.4240218]]]}},{"type":"Feature","id":"AC-Y630-X250","properties":{"id":"AC-Y630-X250","grid_x":250,"grid_y":630,"centroid":[-72.3427965,-8.4214249],"aggregation":"none","score_gradboost":0.0189795,"score_random_forest":0.0305068,"score_logistic_regression":0.1999481,"score_fuzzy_knn_k29":0.0219219},"geometry":{"type":"Polygon","coordinates":[[[-72.3468687,-8.424091],[-72.3387707,-8.42416],[-72.3387243,-8.4187587],[-72.3468223,-8.4186897],[-72.3468687,-8.424091]]]}},{"type":"Feature","id":"AC-Y630-X251","properties":{"id":"AC-Y630-X251","grid_x":251,"grid_y":630,"centroid":[-72.3346985,-8.4214938],"aggregation":"none","score_gradboost":0.0119648,"score_random_forest":0.0325481,"score_logistic_regression":0.2128187,"score_fuzzy_knn_k29":0.0179758},"geometry":{"type":"Polygon","coordinates":[[[-72.3387707,-8.42416],[-72.3306726,-8.4242289],[-72.3306263,-8.4188275],[-72.3387243,-8.4187587],[-72.3387707,-8.42416]]]}},{"type":"Feature","id":"AC-Y630-X252","properties":{"id":"AC-Y630-X252","grid_x":252,"grid_y":630,"centroid":[-72.3266004,-8.4215625],"aggregation":"none","score_gradboost":0.0155429,"score_random_forest":0.0209446,"score_logistic_regression":0.185231,"score_fuzzy_knn_k29":0.0200278},"geometry":{"type":"Polygon","coordinates":[[[-72.3306726,-8.4242289],[-72.3225744,-8.4242975],[-72.3225283,-8.4188961],[-72.3306263,-8.4188275],[-72.3306726,-8.4242289]]]}},{"type":"Feature","id":"AC-Y630-X253","properties":{"id":"AC-Y630-X253","grid_x":253,"grid_y":630,"centroid":[-72.3185022,-8.4216311],"aggregation":"none","score_gradboost":0.01403,"score_random_forest":0.035016,"score_logistic_regression":0.2132415,"score_fuzzy_knn_k29":0.0128179},"geometry":{"type":"Polygon","coordinates":[[[-72.3225744,-8.4242975],[-72.3144761,-8.424366],[-72.3144301,-8.4189646],[-72.3225283,-8.4188961],[-72.3225744,-8.4242975]]]}},{"type":"Feature","id":"AC-Y631-X236","properties":{"id":"AC-Y631-X236","grid_x":236,"grid_y":631,"centroid":[-72.4561136,-8.4150422],"aggregation":"none","score_gradboost":0.0780259,"score_random_forest":0.1065496,"score_logistic_regression":0.2508902,"score_fuzzy_knn_k29":0.171719},"geometry":{"type":"Polygon","coordinates":[[[-72.460186,-8.4177069],[-72.4520891,-8.4177782],[-72.4520412,-8.4123775],[-72.460138,-8.4123063],[-72.460186,-8.4177069]]]}},{"type":"Feature","id":"AC-Y631-X237","properties":{"id":"AC-Y631-X237","grid_x":237,"grid_y":631,"centroid":[-72.4480167,-8.4151134],"aggregation":"none","score_gradboost":0.0342815,"score_random_forest":0.036125,"score_logistic_regression":0.2173484,"score_fuzzy_knn_k29":0.2736646},"geometry":{"type":"Polygon","coordinates":[[[-72.4520891,-8.4177782],[-72.443992,-8.4178493],[-72.4439443,-8.4124486],[-72.4520412,-8.4123775],[-72.4520891,-8.4177782]]]}},{"type":"Feature","id":"AC-Y631-X238","properties":{"id":"AC-Y631-X238","grid_x":238,"grid_y":631,"centroid":[-72.4399196,-8.4151844],"aggregation":"none","score_gradboost":0.1129422,"score_random_forest":0.1039376,"score_logistic_regression":0.2463876,"score_fuzzy_knn_k29":0.6859665},"geometry":{"type":"Polygon","coordinates":[[[-72.443992,-8.4178493],[-72.435895,-8.4179203],[-72.4358473,-8.4125195],[-72.4439443,-8.4124486],[-72.443992,-8.4178493]]]}},{"type":"Feature","id":"AC-Y631-X239","properties":{"id":"AC-Y631-X239","grid_x":239,"grid_y":631,"centroid":[-72.4318226,-8.4152553],"aggregation":"none","score_gradboost":0.047199,"score_random_forest":0.061664,"score_logistic_regression":0.2217882,"score_fuzzy_knn_k29":0.4698398},"geometry":{"type":"Polygon","coordinates":[[[-72.435895,-8.4179203],[-72.4277978,-8.417991],[-72.4277502,-8.4125902],[-72.4358473,-8.4125195],[-72.435895,-8.4179203]]]}},{"type":"Feature","id":"AC-Y631-X240","properties":{"id":"AC-Y631-X240","grid_x":240,"grid_y":631,"centroid":[-72.4237254,-8.4153259],"aggregation":"none","score_gradboost":0.0717197,"score_random_forest":0.1588913,"score_logistic_regression":0.2708151,"score_fuzzy_knn_k29":0.8495381},"geometry":{"type":"Polygon","coordinates":[[[-72.4277978,-8.417991],[-72.4197005,-8.4180617],[-72.4196531,-8.4126608],[-72.4277502,-8.4125902],[-72.4277978,-8.417991]]]}},{"type":"Feature","id":"AC-Y631-X241","properties":{"id":"AC-Y631-X241","grid_x":241,"grid_y":631,"centroid":[-72.4156282,-8.4153965],"aggregation":"none","score_gradboost":0.0600052,"score_random_forest":0.1212369,"score_logistic_regression":0.2585882,"score_fuzzy_knn_k29":0.6588065},"geometry":{"type":"Polygon","coordinates":[[[-72.4197005,-8.4180617],[-72.4116032,-8.4181321],[-72.4115559,-8.4127312],[-72.4196531,-8.4126608],[-72.4197005,-8.4180617]]]}},{"type":"Feature","id":"AC-Y631-X242","properties":{"id":"AC-Y631-X242","grid_x":242,"grid_y":631,"centroid":[-72.4075309,-8.4154668],"aggregation":"none","score_gradboost":0.0615937,"score_random_forest":0.0984088,"score_logistic_regression":0.2364183,"score_fuzzy_knn_k29":0.4511801},"geometry":{"type":"Polygon","coordinates":[[[-72.4116032,-8.4181321],[-72.4035059,-8.4182024],[-72.4034587,-8.4128014],[-72.4115559,-8.4127312],[-72.4116032,-8.4181321]]]}},{"type":"Feature","id":"AC-Y631-X243","properties":{"id":"AC-Y631-X243","grid_x":243,"grid_y":631,"centroid":[-72.3994336,-8.415537],"aggregation":"none","score_gradboost":0.0256013,"score_random_forest":0.0253268,"score_logistic_regression":0.1666842,"score_fuzzy_knn_k29":0.0},"geometry":{"type":"Polygon","coordinates":[[[-72.4035059,-8.4182024],[-72.3954084,-8.4182725],[-72.3953613,-8.4128715],[-72.4034587,-8.4128014],[-72.4035059,-8.4182024]]]}},{"type":"Feature","id":"AC-Y631-X244","properties":{"id":"AC-Y631-X244","grid_x":244,"grid_y":631,"centroid":[-72.3913361,-8.415607],"aggregation":"none","score_gradboost":0.0260438,"score_random_forest":0.0304384,"score_logistic_regression":0.1834992,"score_fuzzy_knn_k29":0.0},"geometry":{"type":"Polygon","coordinates":[[[-72.3954084,-8.4182725],[-72.3873109,-8.4183425],[-72.3872639,-8.4129414],[-72.3953613,-8.4128715],[-72.3954084,-8.4182725]]]}},{"type":"Feature","id":"AC-Y631-X245","properties":{"id":"AC-Y631-X245","grid_x":245,"grid_y":631,"centroid":[-72.3832386,-8.4156768],"aggregation":"none","score_gradboost":0.030568,"score_random_forest":0.0531286,"score_logistic_regression":0.2313345,"score_fuzzy_knn_k29":0.0},"geometry":{"type":"Polygon","coordinates":[[[-72.3873109,-8.4183425],[-72.3792133,-8.4184123],[-72.3791664,-8.4130112],[-72.3872639,-8.4129414],[-72.3873109,-8.4183425]]]}},{"type":"Feature","id":"AC-Y631-X246","properties":{"id":"AC-Y631-X246","grid_x":246,"grid_y":631,"centroid":[-72.3751411,-8.4157465],"aggregation":"none","score_gradboost":0.0197746,"score_random_forest":0.0422847,"score_logistic_regression":0.1838763,"score_fuzzy_knn_k29":0.0260011},"geometry":{"type":"Polygon","coordinates":[[[-72.3792133,-8.4184123],[-72.3711157,-8.4184819],[-72.3710689,-8.4130807],[-72.3791664,-8.4130112],[-72.3792133,-8.4184123]]]}},{"type":"Feature","id":"AC-Y631-X247","properties":{"id":"AC-Y631-X247","grid_x":247,"grid_y":631,"centroid":[-72.3670434,-8.415816],"aggregation":"none","score_gradboost":0.0273782,"score_random_forest":0.0378784,"score_logistic_regression":0.1961147,"score_fuzzy_knn_k29":0.0262658},"geometry":{"type":"Polygon","coordinates":[[[-72.3711157,-8.4184819],[-72.3630179,-8.4185513],[-72.3629713,-8.4131501],[-72.3710689,-8.4130807],[-72.3711157,-8.4184819]]]}},{"type":"Feature","id":"AC-Y631-X248","properties":{"id":"AC-Y631-X248","grid_x":248,"grid_y":631,"centroid":[-72.3589457,-8.4158854],"aggregation":"none","score_gradboost":0.0314292,"score_random_forest":0.0831585,"score_logistic_regression":0.2255178,"score_fuzzy_knn_k29":0.0197223},"geometry":{"type":"Polygon","coordinates":[[[-72.3630179,-8.4185513],[-72.3549201,-8.4186206],[-72.3548736,-8.4132194],[-72.3629713,-8.4131501],[-72.3630179,-8.4185513]]]}},{"type":"Feature","id":"AC-Y631-X249","properties":{"id":"AC-Y631-X249","grid_x":249,"grid_y":631,"centroid":[-72.350848,-8.4159546],"aggregation":"none","score_gradboost":0.0375965,"score_random_forest":0.0484224,"score_logistic_regression":0.2360085,"score_fuzzy_knn_k29":0.0298225},"geometry":{"type":"Polygon","coordinates":[[[-72.3549201,-8.4186206],[-72.3468223,-8.4186897],[-72.3467758,-8.4132885],[-72.3548736,-8.4132194],[-72.3549201,-8.4186206]]]}},{"type":"Feature","id":"AC-Y631-X250","properties":{"id":"AC-Y631-X250","grid_x":250,"grid_y":631,"centroid":[-72.3427501,-8.4160236],"aggregation":"none","score_gradboost":0.0272573,"score_random_forest":0.0733701,"score_logistic_regression":0.2359974,"score_fuzzy_knn_k29":0.028465},"geometry":{"type":"Polygon","coordinates":[[[-72.3468223,-8.4186897],[-72.3387243,-8.4187587],[-72.338678,-8.4133574],[-72.3467758,-8.4132885],[-72.3468223,-8.4186897]]]}},{"type":"Feature","id":"AC-Y631-X251","properties":{"id":"AC-Y631-X251","grid_x":251,"grid_y":631,"centroid":[-72.3346522,-8.4160924],"aggregation":"none","score_gradboost":0.0162273,"score_random_forest":0.043029,"score_logistic_regression":0.2190114,"score_fuzzy_knn_k29":0.0164318},"geometry":{"type":"Polygon","coordinates":[[[-72.3387243,-8.4187587],[-72.3306263,-8.4188275],[-72.3305801,-8.4134261],[-72.338678,-8.4133574],[-72.3387243,-8.4187587]]]}},{"type":"Feature","id":"AC-Y631-X252","properties":{"id":"AC-Y631-X252","grid_x":252,"grid_y":631,"centroid":[-72.3265542,-8.4161611],"aggregation":"none","score_gradboost":0.0162273,"score_random_forest":0.0410589,"score_logistic_regression":0.2224265,"score_fuzzy_knn_k29":0.0132659},"geometry":{"type":"Polygon","coordinates":[[[-72.3306263,-8.4188275],[-72.3225283,-8.4188961],[-72.3224822,-8.4134947],[-72.3305801,-8.4134261],[-72.3306263,-8.4188275]]]}},{"type":"Feature","id":"AC-Y631-X253","properties":{"id":"AC-Y631-X253","grid_x":253,"grid_y":631,"centroid":[-72.3184562,-8.4162296],"aggregation":"none","score_gradboost":0.0145738,"score_random_forest":0.0186894,"score_logistic_regression":0.1968455,"score_fuzzy_knn_k29":0.0139469},"geometry":{"type":"Polygon","coordinates":[[[-72.3225283,-8.4188961],[-72.3144301,-8.4189646],[-72.3143842,-8.4135631],[-72.3224822,-8.4134947],[-72.3225283,-8.4188961]]]}},{"type":"Feature","id":"AC-Y632-X237","properties":{"id":"AC-Y632-X237","grid_x":237,"grid_y":632,"centroid":[-72.4479688,-8.4097127],"aggregation":"none","score_gradboost":0.0349639,"score_random_forest":0.0499645,"score_logistic_regression":0.2174669,"score_fuzzy_knn_k29":0.3572239},"geometry":{"type":"Polygon","coordinates":[[[-72.4520412,-8.4123775],[-72.4439443,-8.4124486],[-72.4438965,-8.4070478],[-72.4519933,-8.4069768],[-72.4520412,-8.4123775]]]}},{"type":"Feature","id":"AC-Y632-X238","properties":{"id":"AC-Y632-X238","grid_x":238,"grid_y":632,"centroid":[-72.439872,-8.4097837],"aggregation":"none","score_gradboost":0.1529912,"score_random_forest":0.1265406,"score_logistic_regression":0.2572699,"score_fuzzy_knn_k29":0.8199872},"geometry":{"type":"Polygon","coordinates":[[[-72.4439443,-8.4124486],[-72.4358473,-8.4125195],[-72.4357997,-8.4071187],[-72.4438965,-8.4070478],[-72.4439443,-8.4124486]]]}},{"type":"Feature","id":"AC-Y632-X239","properties":{"id":"AC-Y632-X239","grid_x":239,"grid_y":632,"centroid":[-72.431775,-8.4098545],"aggregation":"none","score_gradboost":0.0214271,"score_random_forest":0.0665591,"score_logistic_regression":0.2329041,"score_fuzzy_knn_k29":0.4927158},"geometry":{"type":"Polygon","coordinates":[[[-72.4358473,-8.4125195],[-72.4277502,-8.4125902],[-72.4277027,-8.4071894],[-72.4357997,-8.4071187],[-72.4358473,-8.4125195]]]}},{"type":"Feature","id":"AC-Y632-X240","properties":{"id":"AC-Y632-X240","grid_x":240,"grid_y":632,"centroid":[-72.423678,-8.4099251],"aggregation":"none","score_gradboost":0.0615937,"score_random_forest":0.0963323,"score_logistic_regression":0.2421484,"score_fuzzy_knn_k29":0.487108},"geometry":{"type":"Polygon","coordinates":[[[-72.4277502,-8.4125902],[-72.4196531,-8.4126608],[-72.4196057,-8.4072599],[-72.4277027,-8.4071894],[-72.4277502,-8.4125902]]]}},{"type":"Feature","id":"AC-Y632-X241","properties":{"id":"AC-Y632-X241","grid_x":241,"grid_y":632,"centroid":[-72.4155808,-8.4099956],"aggregation":"none","score_gradboost":0.0615937,"score_random_forest":0.1002379,"score_logistic_regression":0.2483416,"score_fuzzy_knn_k29":0.4578432},"geometry":{"type":"Polygon","coordinates":[[[-72.4196531,-8.4126608],[-72.4115559,-8.4127312],[-72.4115086,-8.4073303],[-72.4196057,-8.4072599],[-72.4196531,-8.4126608]]]}},{"type":"Feature","id":"AC-Y632-X242","properties":{"id":"AC-Y632-X242","grid_x":242,"grid_y":632,"centroid":[-72.4074837,-8.4100659],"aggregation":"none","score_gradboost":0.0732324,"score_random_forest":0.1695137,"score_logistic_regression":0.2816091,"score_fuzzy_knn_k29":0.4433915},"geometry":{"type":"Polygon","coordinates":[[[-72.4115559,-8.4127312],[-72.4034587,-8.4128014],[-72.4034115,-8.4074005],[-72.4115086,-8.4073303],[-72.4115559,-8.4127312]]]}},{"type":"Feature","id":"AC-Y632-X243","properties":{"id":"AC-Y632-X243","grid_x":243,"grid_y":632,"centroid":[-72.3993864,-8.410136],"aggregation":"none","score_gradboost":0.0213785,"score_random_forest":0.0392724,"score_logistic_regression":0.1988326,"score_fuzzy_knn_k29":0.0},"geometry":{"type":"Polygon","coordinates":[[[-72.4034587,-8.4128014],[-72.3953613,-8.4128715],[-72.3953143,-8.4074705],[-72.4034115,-8.4074005],[-72.4034587,-8.4128014]]]}},{"type":"Feature","id":"AC-Y632-X244","properties":{"id":"AC-Y632-X244","grid_x":244,"grid_y":632,"centroid":[-72.3912891,-8.410206],"aggregation":"none","score_gradboost":0.0192265,"score_random_forest":0.0309095,"score_logistic_regression":0.1896196,"score_fuzzy_knn_k29":0.0},"geometry":{"type":"Polygon","coordinates":[[[-72.3953613,-8.4128715],[-72.3872639,-8.4129414],[-72.387217,-8.4075404],[-72.3953143,-8.4074705],[-72.3953613,-8.4128715]]]}},{"type":"Feature","id":"AC-Y632-X245","properties":{"id":"AC-Y632-X245","grid_x":245,"grid_y":632,"centroid":[-72.3831917,-8.4102758],"aggregation":"none","score_gradboost":0.0220987,"score_random_forest":0.0733279,"score_logistic_regression":0.221273,"score_fuzzy_knn_k29":0.020961},"geometry":{"type":"Polygon","coordinates":[[[-72.3872639,-8.4129414],[-72.3791664,-8.4130112],[-72.3791196,-8.4076101],[-72.387217,-8.4075404],[-72.3872639,-8.4129414]]]}},{"type":"Feature","id":"AC-Y632-X246","properties":{"id":"AC-Y632-X246","grid_x":246,"grid_y":632,"centroid":[-72.3750943,-8.4103454],"aggregation":"none","score_gradboost":0.0273782,"score_random_forest":0.0295523,"score_logistic_regression":0.195831,"score_fuzzy_knn_k29":0.0273039},"geometry":{"type":"Polygon","coordinates":[[[-72.3791664,-8.4130112],[-72.3710689,-8.4130807],[-72.3710222,-8.4076796],[-72.3791196,-8.4076101],[-72.3791664,-8.4130112]]]}},{"type":"Feature","id":"AC-Y632-X247","properties":{"id":"AC-Y632-X247","grid_x":247,"grid_y":632,"centroid":[-72.3669968,-8.4104149],"aggregation":"none","score_gradboost":0.0375965,"score_random_forest":0.0430925,"score_logistic_regression":0.2352778,"score_fuzzy_knn_k29":0.0193964},"geometry":{"type":"Polygon","coordinates":[[[-72.3710689,-8.4130807],[-72.3629713,-8.4131501],[-72.3629247,-8.407749],[-72.3710222,-8.4076796],[-72.3710689,-8.4130807]]]}},{"type":"Feature","id":"AC-Y632-X248","properties":{"id":"AC-Y632-X248","grid_x":248,"grid_y":632,"centroid":[-72.3588992,-8.4104842],"aggregation":"none","score_gradboost":0.0375965,"score_random_forest":0.0649139,"score_logistic_regression":0.2355708,"score_fuzzy_knn_k29":0.0311134},"geometry":{"type":"Polygon","coordinates":[[[-72.3629713,-8.4131501],[-72.3548736,-8.4132194],[-72.3548271,-8.4078182],[-72.3629247,-8.407749],[-72.3629713,-8.4131501]]]}},{"type":"Feature","id":"AC-Y632-X249","properties":{"id":"AC-Y632-X249","grid_x":249,"grid_y":632,"centroid":[-72.3508015,-8.4105533],"aggregation":"none","score_gradboost":0.0150042,"score_random_forest":0.0319593,"score_logistic_regression":0.2290056,"score_fuzzy_knn_k29":0.0296668},"geometry":{"type":"Polygon","coordinates":[[[-72.3548736,-8.4132194],[-72.3467758,-8.4132885],[-72.3467294,-8.4078872],[-72.3548271,-8.4078182],[-72.3548736,-8.4132194]]]}},{"type":"Feature","id":"AC-Y632-X250","properties":{"id":"AC-Y632-X250","grid_x":250,"grid_y":632,"centroid":[-72.3427038,-8.4106223],"aggregation":"none","score_gradboost":0.0150042,"score_random_forest":0.0319593,"score_logistic_regression":0.2323492,"score_fuzzy_knn_k29":0.0156759},"geometry":{"type":"Polygon","coordinates":[[[-72.3467758,-8.4132885],[-72.338678,-8.4133574],[-72.3386317,-8.4079561],[-72.3467294,-8.4078872],[-72.3467758,-8.4132885]]]}},{"type":"Feature","id":"AC-Y632-X251","properties":{"id":"AC-Y632-X251","grid_x":251,"grid_y":632,"centroid":[-72.334606,-8.4106911],"aggregation":"none","score_gradboost":0.0160422,"score_random_forest":0.0362476,"score_logistic_regression":0.232259,"score_fuzzy_knn_k29":0.013448},"geometry":{"type":"Polygon","coordinates":[[[-72.338678,-8.4133574],[-72.3305801,-8.4134261],[-72.330534,-8.4080248],[-72.3386317,-8.4079561],[-72.338678,-8.4133574]]]}},{"type":"Feature","id":"AC-Y632-X252","properties":{"id":"AC-Y632-X252","grid_x":252,"grid_y":632,"centroid":[-72.3265081,-8.4107597],"aggregation":"none","score_gradboost":0.0334697,"score_random_forest":0.0487465,"score_logistic_regression":0.2610025,"score_fuzzy_knn_k29":0.0},"geometry":{"type":"Polygon","coordinates":[[[-72.3305801,-8.4134261],[-72.3224822,-8.4134947],[-72.3224361,-8.4080933],[-72.330534,-8.4080248],[-72.3305801,-8.4134261]]]}},{"type":"Feature","id":"AC-Y633-X237","properties":{"id":"AC-Y633-X237","grid_x":237,"grid_y":633,"centroid":[-72.4479211,-8.404312],"aggregation":"none","score_gradboost":0.1234763,"score_random_forest":0.1403274,"score_logistic_regression":0.302955,"score_fuzzy_knn_k29":0.7576959},"geometry":{"type":"Polygon","coordinates":[[[-72.4519933,-8.4069768],[-72.4438965,-8.4070478],[-72.4438488,-8.4016471],[-72.4519455,-8.4015761],[-72.4519933,-8.4069768]]]}},{"type":"Feature","id":"AC-Y633-X238","properties":{"id":"AC-Y633-X238","grid_x":238,"grid_y":633,"centroid":[-72.4398243,-8.4043829],"aggregation":"none","score_gradboost":0.0615937,"score_random_forest":0.1016692,"score_logistic_regression":0.2392294,"score_fuzzy_knn_k29":0.5192148},"geometry":{"type":"Polygon","coordinates":[[[-72.4438965,-8.4070478],[-72.4357997,-8.4071187],[-72.4357521,-8.4017179],[-72.4438488,-8.4016471],[-72.4438965,-8.4070478]]]}},{"type":"Feature","id":"AC-Y633-X239","properties":{"id":"AC-Y633-X239","grid_x":239,"grid_y":633,"centroid":[-72.4317274,-8.4044537],"aggregation":"none","score_gradboost":0.0615937,"score_random_forest":0.1059909,"score_logistic_regression":0.2513172,"score_fuzzy_knn_k29":0.4609986},"geometry":{"type":"Polygon","coordinates":[[[-72.4357997,-8.4071187],[-72.4277027,-8.4071894],[-72.4276552,-8.4017886],[-72.4357521,-8.4017179],[-72.4357997,-8.4071187]]]}},{"type":"Feature","id":"AC-Y633-X240","properties":{"id":"AC-Y633-X240","grid_x":240,"grid_y":633,"centroid":[-72.4236305,-8.4045243],"aggregation":"none","score_gradboost":0.0696475,"score_random_forest":0.1046367,"score_logistic_regression":0.2575804,"score_fuzzy_knn_k29":0.4293703},"geometry":{"type":"Polygon","coordinates":[[[-72.4277027,-8.4071894],[-72.4196057,-8.4072599],[-72.4195583,-8.401859],[-72.4276552,-8.4017886],[-72.4277027,-8.4071894]]]}},{"type":"Feature","id":"AC-Y633-X241","properties":{"id":"AC-Y633-X241","grid_x":241,"grid_y":633,"centroid":[-72.4155335,-8.4045947],"aggregation":"none","score_gradboost":0.0678664,"score_random_forest":0.1275325,"score_logistic_regression":0.2792562,"score_fuzzy_knn_k29":0.4280648},"geometry":{"type":"Polygon","coordinates":[[[-72.4196057,-8.4072599],[-72.4115086,-8.4073303],[-72.4114614,-8.4019294],[-72.4195583,-8.401859],[-72.4196057,-8.4072599]]]}},{"type":"Feature","id":"AC-Y633-X242","properties":{"id":"AC-Y633-X242","grid_x":242,"grid_y":633,"centroid":[-72.4074365,-8.4046649],"aggregation":"none","score_gradboost":0.0267809,"score_random_forest":0.0376293,"score_logistic_regression":0.1817638,"score_fuzzy_knn_k29":0.0},"geometry":{"type":"Polygon","coordinates":[[[-72.4115086,-8.4073303],[-72.4034115,-8.4074005],[-72.4033643,-8.4019995],[-72.4114614,-8.4019294],[-72.4115086,-8.4073303]]]}},{"type":"Feature","id":"AC-Y633-X243","properties":{"id":"AC-Y633-X243","grid_x":243,"grid_y":633,"centroid":[-72.3993393,-8.404735],"aggregation":"none","score_gradboost":0.0192265,"score_random_forest":0.032335,"score_logistic_regression":0.1931555,"score_fuzzy_knn_k29":0.0},"geometry":{"type":"Polygon","coordinates":[[[-72.4034115,-8.4074005],[-72.3953143,-8.4074705],[-72.3952672,-8.4020695],[-72.4033643,-8.4019995],[-72.4034115,-8.4074005]]]}},{"type":"Feature","id":"AC-Y633-X244","properties":{"id":"AC-Y633-X244","grid_x":244,"grid_y":633,"centroid":[-72.3912421,-8.4048049],"aggregation":"none","score_gradboost":0.0155827,"score_random_forest":0.0313462,"score_logistic_regression":0.2149361,"score_fuzzy_knn_k29":0.0229311},"geometry":{"type":"Polygon","coordinates":[[[-72.3953143,-8.4074705],[-72.387217,-8.4075404],[-72.38717,-8.4021393],[-72.3952672,-8.4020695],[-72.3953143,-8.4074705]]]}},{"type":"Feature","id":"AC-Y633-X245","properties":{"id":"AC-Y633-X245","grid_x":245,"grid_y":633,"centroid":[-72.3831448,-8.4048747],"aggregation":"none","score_gradboost":0.0224793,"score_random_forest":0.0394003,"score_logistic_regression":0.208382,"score_fuzzy_knn_k29":0.0261358},"geometry":{"type":"Polygon","coordinates":[[[-72.387217,-8.4075404],[-72.3791196,-8.4076101],[-72.3790728,-8.402209],[-72.38717,-8.4021393],[-72.387217,-8.4075404]]]}},{"type":"Feature","id":"AC-Y633-X246","properties":{"id":"AC-Y633-X246","grid_x":246,"grid_y":633,"centroid":[-72.3750475,-8.4049443],"aggregation":"none","score_gradboost":0.0222245,"score_random_forest":0.0333115,"score_logistic_regression":0.2181921,"score_fuzzy_knn_k29":0.0242945},"geometry":{"type":"Polygon","coordinates":[[[-72.3791196,-8.4076101],[-72.3710222,-8.4076796],[-72.3709755,-8.4022784],[-72.3790728,-8.402209],[-72.3791196,-8.4076101]]]}},{"type":"Feature","id":"AC-Y633-X247","properties":{"id":"AC-Y633-X247","grid_x":247,"grid_y":633,"centroid":[-72.3669501,-8.4050137],"aggregation":"none","score_gradboost":0.0207949,"score_random_forest":0.0352816,"score_logistic_regression":0.231775,"score_fuzzy_knn_k29":0.0189953},"geometry":{"type":"Polygon","coordinates":[[[-72.3710222,-8.4076796],[-72.3629247,-8.407749],[-72.3628781,-8.4023478],[-72.3709755,-8.4022784],[-72.3710222,-8.4076796]]]}},{"type":"Feature","id":"AC-Y633-X248","properties":{"id":"AC-Y633-X248","grid_x":248,"grid_y":633,"centroid":[-72.3588526,-8.405083],"aggregation":"none","score_gradboost":0.0413012,"score_random_forest":0.0313055,"score_logistic_regression":0.2682347,"score_fuzzy_knn_k29":0.0259141},"geometry":{"type":"Polygon","coordinates":[[[-72.3629247,-8.407749],[-72.3548271,-8.4078182],[-72.3547806,-8.4024169],[-72.3628781,-8.4023478],[-72.3629247,-8.407749]]]}},{"type":"Feature","id":"AC-Y633-X249","properties":{"id":"AC-Y633-X249","grid_x":249,"grid_y":633,"centroid":[-72.3507551,-8.4051521],"aggregation":"none","score_gradboost":0.0272573,"score_random_forest":0.0459207,"score_logistic_regression":0.2498585,"score_fuzzy_knn_k29":0.0270033},"geometry":{"type":"Polygon","coordinates":[[[-72.3548271,-8.4078182],[-72.3467294,-8.4078872],[-72.3466831,-8.4024859],[-72.3547806,-8.4024169],[-72.3548271,-8.4078182]]]}},{"type":"Feature","id":"AC-Y633-X250","properties":{"id":"AC-Y633-X250","grid_x":250,"grid_y":633,"centroid":[-72.3426574,-8.405221],"aggregation":"none","score_gradboost":0.0186887,"score_random_forest":0.0282972,"score_logistic_regression":0.1994839,"score_fuzzy_knn_k29":0.0202485},"geometry":{"type":"Polygon","coordinates":[[[-72.3467294,-8.4078872],[-72.3386317,-8.4079561],[-72.3385855,-8.4025547],[-72.3466831,-8.4024859],[-72.3467294,-8.4078872]]]}},{"type":"Feature","id":"AC-Y633-X251","properties":{"id":"AC-Y633-X251","grid_x":251,"grid_y":633,"centroid":[-72.3345598,-8.4052897],"aggregation":"none","score_gradboost":0.0162273,"score_random_forest":0.0420381,"score_logistic_regression":0.2320307,"score_fuzzy_knn_k29":0.0121661},"geometry":{"type":"Polygon","coordinates":[[[-72.3386317,-8.4079561],[-72.330534,-8.4080248],[-72.3304878,-8.4026234],[-72.3385855,-8.4025547],[-72.3386317,-8.4079561]]]}},{"type":"Feature","id":"AC-Y633-X252","properties":{"id":"AC-Y633-X252","grid_x":252,"grid_y":633,"centroid":[-72.326462,-8.4053583],"aggregation":"none","score_gradboost":0.0150042,"score_random_forest":0.0327025,"score_logistic_regression":0.2459483,"score_fuzzy_knn_k29":0.0190873},"geometry":{"type":"Polygon","coordinates":[[[-72.330534,-8.4080248],[-72.3224361,-8.4080933],[-72.3223901,-8.4026919],[-72.3304878,-8.4026234],[-72.330534,-8.4080248]]]}},{"type":"Feature","id":"AC-Y634-X238","properties":{"id":"AC-Y634-X238","grid_x":238,"grid_y":634,"centroid":[-72.4397767,-8.3989822],"aggregation":"none","score_gradboost":0.0717734,"score_random_forest":0.1437728,"score_logistic_regression":0.2687474,"score_fuzzy_knn_k29":0.531622},"geometry":{"type":"Polygon","coordinates":[[[-72.4438488,-8.4016471],[-72.4357521,-8.4017179],[-72.4357045,-8.3963171],[-72.4438012,-8.3962464],[-72.4438488,-8.4016471]]]}},{"type":"Feature","id":"AC-Y634-X239","properties":{"id":"AC-Y634-X239","grid_x":239,"grid_y":634,"centroid":[-72.4316799,-8.3990529],"aggregation":"none","score_gradboost":0.0758876,"score_random_forest":0.1195789,"score_logistic_regression":0.2549585,"score_fuzzy_knn_k29":0.416795},"geometry":{"type":"Polygon","coordinates":[[[-72.4357521,-8.4017179],[-72.4276552,-8.4017886],[-72.4276078,-8.3963877],[-72.4357045,-8.3963171],[-72.4357521,-8.4017179]]]}},{"type":"Feature","id":"AC-Y634-X240","properties":{"id":"AC-Y634-X240","grid_x":240,"grid_y":634,"centroid":[-72.4235831,-8.3991234],"aggregation":"none","score_gradboost":0.0797661,"score_random_forest":0.1959395,"score_logistic_regression":0.2933475,"score_fuzzy_knn_k29":0.4113272},"geometry":{"type":"Polygon","coordinates":[[[-72.4276552,-8.4017886],[-72.4195583,-8.401859],[-72.419511,-8.3964582],[-72.4276078,-8.3963877],[-72.4276552,-8.4017886]]]}},{"type":"Feature","id":"AC-Y634-X241","properties":{"id":"AC-Y634-X241","grid_x":241,"grid_y":634,"centroid":[-72.4154862,-8.3991938],"aggregation":"none","score_gradboost":0.0657852,"score_random_forest":0.1490408,"score_logistic_regression":0.2880237,"score_fuzzy_knn_k29":0.3570438},"geometry":{"type":"Polygon","coordinates":[[[-72.4195583,-8.401859],[-72.4114614,-8.4019294],[-72.4114141,-8.3965284],[-72.419511,-8.3964582],[-72.4195583,-8.401859]]]}},{"type":"Feature","id":"AC-Y634-X242","properties":{"id":"AC-Y634-X242","grid_x":242,"grid_y":634,"centroid":[-72.4073893,-8.399264],"aggregation":"none","score_gradboost":0.0231927,"score_random_forest":0.073591,"score_logistic_regression":0.2263132,"score_fuzzy_knn_k29":0.0},"geometry":{"type":"Polygon","coordinates":[[[-72.4114614,-8.4019294],[-72.4033643,-8.4019995],[-72.4033172,-8.3965985],[-72.4114141,-8.3965284],[-72.4114614,-8.4019294]]]}},{"type":"Feature","id":"AC-Y634-X243","properties":{"id":"AC-Y634-X243","grid_x":243,"grid_y":634,"centroid":[-72.3992922,-8.399334],"aggregation":"none","score_gradboost":0.0207559,"score_random_forest":0.0609312,"score_logistic_regression":0.1936295,"score_fuzzy_knn_k29":0.0274482},"geometry":{"type":"Polygon","coordinates":[[[-72.4033643,-8.4019995],[-72.3952672,-8.4020695],[-72.3952202,-8.3966685],[-72.4033172,-8.3965985],[-72.4033643,-8.4019995]]]}},{"type":"Feature","id":"AC-Y634-X244","properties":{"id":"AC-Y634-X244","grid_x":244,"grid_y":634,"centroid":[-72.3911952,-8.3994039],"aggregation":"none","score_gradboost":0.0329694,"score_random_forest":0.0742349,"score_logistic_regression":0.2321536,"score_fuzzy_knn_k29":0.0224906},"geometry":{"type":"Polygon","coordinates":[[[-72.3952672,-8.4020695],[-72.38717,-8.4021393],[-72.3871231,-8.3967383],[-72.3952202,-8.3966685],[-72.3952672,-8.4020695]]]}},{"type":"Feature","id":"AC-Y634-X245","properties":{"id":"AC-Y634-X245","grid_x":245,"grid_y":634,"centroid":[-72.383098,-8.3994736],"aggregation":"none","score_gradboost":0.0394266,"score_random_forest":0.0663382,"score_logistic_regression":0.2389045,"score_fuzzy_knn_k29":0.0211619},"geometry":{"type":"Polygon","coordinates":[[[-72.38717,-8.4021393],[-72.3790728,-8.402209],[-72.379026,-8.3968079],[-72.3871231,-8.3967383],[-72.38717,-8.4021393]]]}},{"type":"Feature","id":"AC-Y634-X246","properties":{"id":"AC-Y634-X246","grid_x":246,"grid_y":634,"centroid":[-72.3750008,-8.3995432],"aggregation":"none","score_gradboost":0.0394266,"score_random_forest":0.0426008,"score_logistic_regression":0.2459363,"score_fuzzy_knn_k29":0.0328668},"geometry":{"type":"Polygon","coordinates":[[[-72.3790728,-8.402209],[-72.3709755,-8.4022784],[-72.3709288,-8.3968773],[-72.379026,-8.3968079],[-72.3790728,-8.402209]]]}},{"type":"Feature","id":"AC-Y634-X247","properties":{"id":"AC-Y634-X247","grid_x":247,"grid_y":634,"centroid":[-72.3669035,-8.3996125],"aggregation":"none","score_gradboost":0.0394266,"score_random_forest":0.0667305,"score_logistic_regression":0.2459183,"score_fuzzy_knn_k29":0.0276913},"geometry":{"type":"Polygon","coordinates":[[[-72.3709755,-8.4022784],[-72.3628781,-8.4023478],[-72.3628315,-8.3969466],[-72.3709288,-8.3968773],[-72.3709755,-8.4022784]]]}},{"type":"Feature","id":"AC-Y634-X248","properties":{"id":"AC-Y634-X248","grid_x":248,"grid_y":634,"centroid":[-72.3588061,-8.3996818],"aggregation":"none","score_gradboost":0.0285992,"score_random_forest":0.0468892,"score_logistic_regression":0.2531885,"score_fuzzy_knn_k29":0.0269909},"geometry":{"type":"Polygon","coordinates":[[[-72.3628781,-8.4023478],[-72.3547806,-8.4024169],[-72.3547342,-8.3970157],[-72.3628315,-8.3969466],[-72.3628781,-8.4023478]]]}},{"type":"Feature","id":"AC-Y634-X249","properties":{"id":"AC-Y634-X249","grid_x":249,"grid_y":634,"centroid":[-72.3507087,-8.3997508],"aggregation":"none","score_gradboost":0.0199584,"score_random_forest":0.0408423,"score_logistic_regression":0.2183747,"score_fuzzy_knn_k29":0.018684},"geometry":{"type":"Polygon","coordinates":[[[-72.3547806,-8.4024169],[-72.3466831,-8.4024859],[-72.3466367,-8.3970846],[-72.3547342,-8.3970157],[-72.3547806,-8.4024169]]]}},{"type":"Feature","id":"AC-Y634-X250","properties":{"id":"AC-Y634-X250","grid_x":250,"grid_y":634,"centroid":[-72.3426111,-8.3998197],"aggregation":"none","score_gradboost":0.0185796,"score_random_forest":0.0412812,"score_logistic_regression":0.1871853,"score_fuzzy_knn_k29":0.0210226},"geometry":{"type":"Polygon","coordinates":[[[-72.3466831,-8.4024859],[-72.3385855,-8.4025547],[-72.3385393,-8.3971534],[-72.3466367,-8.3970846],[-72.3466831,-8.4024859]]]}},{"type":"Feature","id":"AC-Y634-X251","properties":{"id":"AC-Y634-X251","grid_x":251,"grid_y":634,"centroid":[-72.3345136,-8.3998884],"aggregation":"none","score_gradboost":0.0186887,"score_random_forest":0.0291134,"score_logistic_regression":0.2118027,"score_fuzzy_knn_k29":0.013544},"geometry":{"type":"Polygon","coordinates":[[[-72.3385855,-8.4025547],[-72.3304878,-8.4026234],[-72.3304417,-8.397222],[-72.3385393,-8.3971534],[-72.3385855,-8.4025547]]]}},{"type":"Feature","id":"AC-Y634-X252","properties":{"id":"AC-Y634-X252","grid_x":252,"grid_y":634,"centroid":[-72.3264159,-8.399957],"aggregation":"none","score_gradboost":0.0186887,"score_random_forest":0.0286069,"score_logistic_regression":0.2115122,"score_fuzzy_knn_k29":0.0233353},"geometry":{"type":"Polygon","coordinates":[[[-72.3304878,-8.4026234],[-72.3223901,-8.4026919],[-72.3223441,-8.3972905],[-72.3304417,-8.397222],[-72.3304878,-8.4026234]]]}},{"type":"Feature","id":"AC-Y635-X238","properties":{"id":"AC-Y635-X238","grid_x":238,"grid_y":635,"centroid":[-72.4397291,-8.3935814],"aggregation":"none","score_gradboost":0.0810434,"score_random_forest":0.155429,"score_logistic_regression":0.2766946,"score_fuzzy_knn_k29":0.4323851},"geometry":{"type":"Polygon","coordinates":[[[-72.4438012,-8.3962464],[-72.4357045,-8.3963171],[-72.435657,-8.3909164],[-72.4437535,-8.3908456],[-72.4438012,-8.3962464]]]}},{"type":"Feature","id":"AC-Y635-X239","properties":{"id":"AC-Y635-X239","grid_x":239,"grid_y":635,"centroid":[-72.4316324,-8.3936521],"aggregation":"none","score_gradboost":0.0759845,"score_random_forest":0.1305548,"score_logistic_regression":0.2738899,"score_fuzzy_knn_k29":0.396851},"geometry":{"type":"Polygon","coordinates":[[[-72.4357045,-8.3963171],[-72.4276078,-8.3963877],[-72.4275604,-8.3909869],[-72.435657,-8.3909164],[-72.4357045,-8.3963171]]]}},{"type":"Feature","id":"AC-Y635-X240","properties":{"id":"AC-Y635-X240","grid_x":240,"grid_y":635,"centroid":[-72.4235357,-8.3937226],"aggregation":"none","score_gradboost":0.0597489,"score_random_forest":0.1999229,"score_logistic_regression":0.3191006,"score_fuzzy_knn_k29":0.347329},"geometry":{"type":"Polygon","coordinates":[[[-72.4276078,-8.3963877],[-72.419511,-8.3964582],[-72.4194637,-8.3910573],[-72.4275604,-8.3909869],[-72.4276078,-8.3963877]]]}},{"type":"Feature","id":"AC-Y635-X241","properties":{"id":"AC-Y635-X241","grid_x":241,"grid_y":635,"centroid":[-72.415439,-8.3937929],"aggregation":"none","score_gradboost":0.0553119,"score_random_forest":0.1380053,"score_logistic_regression":0.2929507,"score_fuzzy_knn_k29":0.3024713},"geometry":{"type":"Polygon","coordinates":[[[-72.419511,-8.3964582],[-72.4114141,-8.3965284],[-72.4113669,-8.3911275],[-72.4194637,-8.3910573],[-72.419511,-8.3964582]]]}},{"type":"Feature","id":"AC-Y635-X242","properties":{"id":"AC-Y635-X242","grid_x":242,"grid_y":635,"centroid":[-72.4073421,-8.393863],"aggregation":"none","score_gradboost":0.0329694,"score_random_forest":0.0640967,"score_logistic_regression":0.2338807,"score_fuzzy_knn_k29":0.0223184},"geometry":{"type":"Polygon","coordinates":[[[-72.4114141,-8.3965284],[-72.4033172,-8.3965985],[-72.4032701,-8.3911976],[-72.4113669,-8.3911275],[-72.4114141,-8.3965284]]]}},{"type":"Feature","id":"AC-Y635-X243","properties":{"id":"AC-Y635-X243","grid_x":243,"grid_y":635,"centroid":[-72.3992452,-8.393933],"aggregation":"none","score_gradboost":0.0287258,"score_random_forest":0.0410654,"score_logistic_regression":0.2034068,"score_fuzzy_knn_k29":0.029956},"geometry":{"type":"Polygon","coordinates":[[[-72.4033172,-8.3965985],[-72.3952202,-8.3966685],[-72.3951732,-8.3912675],[-72.4032701,-8.3911976],[-72.4033172,-8.3965985]]]}},{"type":"Feature","id":"AC-Y635-X244","properties":{"id":"AC-Y635-X244","grid_x":244,"grid_y":635,"centroid":[-72.3911482,-8.3940029],"aggregation":"none","score_gradboost":0.0233245,"score_random_forest":0.0409851,"score_logistic_regression":0.2291723,"score_fuzzy_knn_k29":0.024439},"geometry":{"type":"Polygon","coordinates":[[[-72.3952202,-8.3966685],[-72.3871231,-8.3967383],[-72.3870763,-8.3913372],[-72.3951732,-8.3912675],[-72.3952202,-8.3966685]]]}},{"type":"Feature","id":"AC-Y635-X245","properties":{"id":"AC-Y635-X245","grid_x":245,"grid_y":635,"centroid":[-72.3830512,-8.3940725],"aggregation":"none","score_gradboost":0.0482749,"score_random_forest":0.0332223,"score_logistic_regression":0.2573297,"score_fuzzy_knn_k29":0.0323882},"geometry":{"type":"Polygon","coordinates":[[[-72.3871231,-8.3967383],[-72.379026,-8.3968079],[-72.3789793,-8.3914068],[-72.3870763,-8.3913372],[-72.3871231,-8.3967383]]]}},{"type":"Feature","id":"AC-Y635-X246","properties":{"id":"AC-Y635-X246","grid_x":246,"grid_y":635,"centroid":[-72.3749541,-8.394142],"aggregation":"none","score_gradboost":0.0482749,"score_random_forest":0.0362453,"score_logistic_regression":0.2608129,"score_fuzzy_knn_k29":0.0275206},"geometry":{"type":"Polygon","coordinates":[[[-72.379026,-8.3968079],[-72.3709288,-8.3968773],[-72.3708822,-8.3914762],[-72.3789793,-8.3914068],[-72.379026,-8.3968079]]]}},{"type":"Feature","id":"AC-Y635-X247","properties":{"id":"AC-Y635-X247","grid_x":247,"grid_y":635,"centroid":[-72.3668569,-8.3942114],"aggregation":"none","score_gradboost":0.0168415,"score_random_forest":0.046513,"score_logistic_regression":0.238901,"score_fuzzy_knn_k29":0.0284068},"geometry":{"type":"Polygon","coordinates":[[[-72.3709288,-8.3968773],[-72.3628315,-8.3969466],[-72.362785,-8.3915454],[-72.3708822,-8.3914762],[-72.3709288,-8.3968773]]]}},{"type":"Feature","id":"AC-Y635-X248","properties":{"id":"AC-Y635-X248","grid_x":248,"grid_y":635,"centroid":[-72.3587596,-8.3942805],"aggregation":"none","score_gradboost":0.0199584,"score_random_forest":0.0488257,"score_logistic_regression":0.2216139,"score_fuzzy_knn_k29":0.0197051},"geometry":{"type":"Polygon","coordinates":[[[-72.3628315,-8.3969466],[-72.3547342,-8.3970157],[-72.3546877,-8.3916144],[-72.362785,-8.3915454],[-72.3628315,-8.3969466]]]}},{"type":"Feature","id":"AC-Y635-X249","properties":{"id":"AC-Y635-X249","grid_x":249,"grid_y":635,"centroid":[-72.3506623,-8.3943495],"aggregation":"none","score_gradboost":0.0199584,"score_random_forest":0.0510077,"score_logistic_regression":0.2215558,"score_fuzzy_knn_k29":0.0165465},"geometry":{"type":"Polygon","coordinates":[[[-72.3547342,-8.3970157],[-72.3466367,-8.3970846],[-72.3465904,-8.3916833],[-72.3546877,-8.3916144],[-72.3547342,-8.3970157]]]}},{"type":"Feature","id":"AC-Y635-X250","properties":{"id":"AC-Y635-X250","grid_x":250,"grid_y":635,"centroid":[-72.3425649,-8.3944184],"aggregation":"none","score_gradboost":0.0195028,"score_random_forest":0.0429799,"score_logistic_regression":0.195947,"score_fuzzy_knn_k29":0.0313323},"geometry":{"type":"Polygon","coordinates":[[[-72.3466367,-8.3970846],[-72.3385393,-8.3971534],[-72.3384931,-8.3917521],[-72.3465904,-8.3916833],[-72.3466367,-8.3970846]]]}},{"type":"Feature","id":"AC-Y636-X239","properties":{"id":"AC-Y636-X239","grid_x":239,"grid_y":636,"centroid":[-72.431585,-8.3882512],"aggregation":"none","score_gradboost":0.0568577,"score_random_forest":0.1103477,"score_logistic_regression":0.2818508,"score_fuzzy_knn_k29":0.3260288},"geometry":{"type":"Polygon","coordinates":[[[-72.435657,-8.3909164],[-72.4275604,-8.3909869],[-72.427513,-8.3855861],[-72.4356095,-8.3855156],[-72.435657,-8.3909164]]]}},{"type":"Feature","id":"AC-Y636-X240","properties":{"id":"AC-Y636-X240","grid_x":240,"grid_y":636,"centroid":[-72.4234884,-8.3883217],"aggregation":"none","score_gradboost":0.0437388,"score_random_forest":0.1629614,"score_logistic_regression":0.311274,"score_fuzzy_knn_k29":0.3566967},"geometry":{"type":"Polygon","coordinates":[[[-72.4275604,-8.3909869],[-72.4194637,-8.3910573],[-72.4194164,-8.3856564],[-72.427513,-8.3855861],[-72.4275604,-8.3909869]]]}},{"type":"Feature","id":"AC-Y636-X241","properties":{"id":"AC-Y636-X241","grid_x":241,"grid_y":636,"centroid":[-72.4153917,-8.388392],"aggregation":"none","score_gradboost":0.0596773,"score_random_forest":0.1434519,"score_logistic_regression":0.3186203,"score_fuzzy_knn_k29":0.3673632},"geometry":{"type":"Polygon","coordinates":[[[-72.4194637,-8.3910573],[-72.4113669,-8.3911275],[-72.4113198,-8.3857266],[-72.4194164,-8.3856564],[-72.4194637,-8.3910573]]]}},{"type":"Feature","id":"AC-Y636-X242","properties":{"id":"AC-Y636-X242","grid_x":242,"grid_y":636,"centroid":[-72.407295,-8.3884621],"aggregation":"none","score_gradboost":0.0354369,"score_random_forest":0.0381798,"score_logistic_regression":0.259862,"score_fuzzy_knn_k29":0.0369157},"geometry":{"type":"Polygon","coordinates":[[[-72.4113669,-8.3911275],[-72.4032701,-8.3911976],[-72.4032231,-8.3857966],[-72.4113198,-8.3857266],[-72.4113669,-8.3911275]]]}},{"type":"Feature","id":"AC-Y636-X243","properties":{"id":"AC-Y636-X243","grid_x":243,"grid_y":636,"centroid":[-72.3991982,-8.388532],"aggregation":"none","score_gradboost":0.0162368,"score_random_forest":0.0267985,"score_logistic_regression":0.2372661,"score_fuzzy_knn_k29":0.039959},"geometry":{"type":"Polygon","coordinates":[[[-72.4032701,-8.3911976],[-72.3951732,-8.3912675],[-72.3951263,-8.3858665],[-72.4032231,-8.3857966],[-72.4032701,-8.3911976]]]}},{"type":"Feature","id":"AC-Y636-X244","properties":{"id":"AC-Y636-X244","grid_x":244,"grid_y":636,"centroid":[-72.3911013,-8.3886018],"aggregation":"none","score_gradboost":0.0162368,"score_random_forest":0.0267985,"score_logistic_regression":0.2401306,"score_fuzzy_knn_k29":0.0340062},"geometry":{"type":"Polygon","coordinates":[[[-72.3951732,-8.3912675],[-72.3870763,-8.3913372],[-72.3870294,-8.3859361],[-72.3951263,-8.3858665],[-72.3951732,-8.3912675]]]}},{"type":"Feature","id":"AC-Y636-X245","properties":{"id":"AC-Y636-X245","grid_x":245,"grid_y":636,"centroid":[-72.3830044,-8.3886715],"aggregation":"none","score_gradboost":0.0294665,"score_random_forest":0.0283587,"score_logistic_regression":0.2577436,"score_fuzzy_knn_k29":0.0261284},"geometry":{"type":"Polygon","coordinates":[[[-72.3870763,-8.3913372],[-72.3789793,-8.3914068],[-72.3789325,-8.3860057],[-72.3870294,-8.3859361],[-72.3870763,-8.3913372]]]}},{"type":"Feature","id":"AC-Y636-X246","properties":{"id":"AC-Y636-X246","grid_x":246,"grid_y":636,"centroid":[-72.3749074,-8.3887409],"aggregation":"none","score_gradboost":0.0250662,"score_random_forest":0.0262126,"score_logistic_regression":0.2841508,"score_fuzzy_knn_k29":0.0259813},"geometry":{"type":"Polygon","coordinates":[[[-72.3789793,-8.3914068],[-72.3708822,-8.3914762],[-72.3708355,-8.386075],[-72.3789325,-8.3860057],[-72.3789793,-8.3914068]]]}},{"type":"Feature","id":"AC-Y636-X247","properties":{"id":"AC-Y636-X247","grid_x":247,"grid_y":636,"centroid":[-72.3668103,-8.3888102],"aggregation":"none","score_gradboost":0.0117003,"score_random_forest":0.0261546,"score_logistic_regression":0.2497717,"score_fuzzy_knn_k29":0.0272754},"geometry":{"type":"Polygon","coordinates":[[[-72.3708822,-8.3914762],[-72.362785,-8.3915454],[-72.3627385,-8.3861442],[-72.3708355,-8.386075],[-72.3708822,-8.3914762]]]}},{"type":"Feature","id":"AC-Y637-X239","properties":{"id":"AC-Y637-X239","grid_x":239,"grid_y":637,"centroid":[-72.4315375,-8.3828504],"aggregation":"none","score_gradboost":0.0437388,"score_random_forest":0.144956,"score_logistic_regression":0.3272403,"score_fuzzy_knn_k29":0.360773},"geometry":{"type":"Polygon","coordinates":[[[-72.4356095,-8.3855156],[-72.427513,-8.3855861],[-72.4274656,-8.3801852],[-72.435562,-8.3801148],[-72.4356095,-8.3855156]]]}},{"type":"Feature","id":"AC-Y637-X240","properties":{"id":"AC-Y637-X240","grid_x":240,"grid_y":637,"centroid":[-72.4234411,-8.3829208],"aggregation":"none","score_gradboost":0.0552453,"score_random_forest":0.1220421,"score_logistic_regression":0.3113924,"score_fuzzy_knn_k29":0.35852},"geometry":{"type":"Polygon","coordinates":[[[-72.427513,-8.3855861],[-72.4194164,-8.3856564],[-72.4193692,-8.3802555],[-72.4274656,-8.3801852],[-72.427513,-8.3855861]]]}},{"type":"Feature","id":"AC-Y637-X241","properties":{"id":"AC-Y637-X241","grid_x":241,"grid_y":637,"centroid":[-72.4153445,-8.3829911],"aggregation":"none","score_gradboost":0.0343324,"score_random_forest":0.1048968,"score_logistic_regression":0.3632058,"score_fuzzy_knn_k29":0.4537187},"geometry":{"type":"Polygon","coordinates":[[[-72.4194164,-8.3856564],[-72.4113198,-8.3857266],[-72.4112726,-8.3803257],[-72.4193692,-8.3802555],[-72.4194164,-8.3856564]]]}},{"type":"Feature","id":"AC-Y637-X242","properties":{"id":"AC-Y637-X242","grid_x":242,"grid_y":637,"centroid":[-72.4072479,-8.3830612],"aggregation":"none","score_gradboost":0.0334466,"score_random_forest":0.0271957,"score_logistic_regression":0.2797962,"score_fuzzy_knn_k29":0.031853},"geometry":{"type":"Polygon","coordinates":[[[-72.4113198,-8.3857266],[-72.4032231,-8.3857966],[-72.4031761,-8.3803956],[-72.4112726,-8.3803257],[-72.4113198,-8.3857266]]]}},{"type":"Feature","id":"AC-Y637-X243","properties":{"id":"AC-Y637-X243","grid_x":243,"grid_y":637,"centroid":[-72.3991512,-8.3831311],"aggregation":"none","score_gradboost":0.0346037,"score_random_forest":0.0243776,"score_logistic_regression":0.2748564,"score_fuzzy_knn_k29":0.0299476},"geometry":{"type":"Polygon","coordinates":[[[-72.4032231,-8.3857966],[-72.3951263,-8.3858665],[-72.3950794,-8.3804654],[-72.4031761,-8.3803956],[-72.4032231,-8.3857966]]]}},{"type":"Feature","id":"AC-Y637-X244","properties":{"id":"AC-Y637-X244","grid_x":244,"grid_y":637,"centroid":[-72.3910545,-8.3832008],"aggregation":"none","score_gradboost":0.0346037,"score_random_forest":0.0251494,"score_logistic_regression":0.2778864,"score_fuzzy_knn_k29":0.0268052},"geometry":{"type":"Polygon","coordinates":[[[-72.3951263,-8.3858665],[-72.3870294,-8.3859361],[-72.3869827,-8.3805351],[-72.3950794,-8.3804654],[-72.3951263,-8.3858665]]]}},{"type":"Feature","id":"AC-Y638-X240","properties":{"id":"AC-Y638-X240","grid_x":240,"grid_y":638,"centroid":[-72.4233938,-8.37752],"aggregation":"none","score_gradboost":0.0596773,"score_random_forest":0.1385652,"score_logistic_regression":0.3414322,"score_fuzzy_knn_k29":0.3106868},"geometry":{"type":"Polygon","coordinates":[[[-72.4274656,-8.3801852],[-72.4193692,-8.3802555],[-72.419322,-8.3748547],[-72.4274183,-8.3747844],[-72.4274656,-8.3801852]]]}},{"type":"Feature","id":"AC-Y618-X226","properties":{"id":"AC-Y618-X226","grid_x":226,"grid_y":618,"centroid":[-72.5377195,-8.4845237],"aggregation":"none","score_gradboost":0.0411109,"score_random_forest":0.0444467,"score_logistic_regression":0.1750831,"score_fuzzy_knn_k29":0.0190569},"geometry":{"type":"Polygon","coordinates":[[[-72.541793,-8.487187],[-72.5336953,-8.4872605],[-72.5336459,-8.4818603],[-72.5417435,-8.4817868],[-72.541793,-8.487187]]]}},{"type":"Feature","id":"AC-Y619-X226","properties":{"id":"AC-Y619-X226","grid_x":226,"grid_y":619,"centroid":[-72.53767,-8.4791235],"aggregation":"none","score_gradboost":0.0512524,"score_random_forest":0.0462575,"score_logistic_regression":0.1811133,"score_fuzzy_knn_k29":0.0277463},"geometry":{"type":"Polygon","coordinates":[[[-72.5417435,-8.4817868],[-72.5336459,-8.4818603],[-72.5335965,-8.4764601],[-72.541694,-8.4763867],[-72.5417435,-8.4817868]]]}},{"type":"Feature","id":"AC-Y619-X227","properties":{"id":"AC-Y619-X227","grid_x":227,"grid_y":619,"centroid":[-72.5295724,-8.4791969],"aggregation":"none","score_gradboost":0.0540325,"score_random_forest":0.0699761,"score_logistic_regression":0.1656763,"score_fuzzy_knn_k29":0.0316833},"geometry":{"type":"Polygon","coordinates":[[[-72.5336459,-8.4818603],[-72.5255483,-8.4819337],[-72.525499,-8.4765334],[-72.5335965,-8.4764601],[-72.5336459,-8.4818603]]]}},{"type":"Feature","id":"AC-Y620-X227","properties":{"id":"AC-Y620-X227","grid_x":227,"grid_y":620,"centroid":[-72.5295231,-8.4737967],"aggregation":"none","score_gradboost":0.0744407,"score_random_forest":0.0629632,"score_logistic_regression":0.1712222,"score_fuzzy_knn_k29":0.1499684},"geometry":{"type":"Polygon","coordinates":[[[-72.5335965,-8.4764601],[-72.525499,-8.4765334],[-72.5254497,-8.4711332],[-72.5335472,-8.4710599],[-72.5335965,-8.4764601]]]}},{"type":"Feature","id":"AC-Y621-X227","properties":{"id":"AC-Y621-X227","grid_x":227,"grid_y":621,"centroid":[-72.5294738,-8.4683965],"aggregation":"none","score_gradboost":0.1869554,"score_random_forest":0.0900821,"score_logistic_regression":0.1716966,"score_fuzzy_knn_k29":0.5062665},"geometry":{"type":"Polygon","coordinates":[[[-72.5335472,-8.4710599],[-72.5254497,-8.4711332],[-72.5254005,-8.4657329],[-72.5334978,-8.4656597],[-72.5335472,-8.4710599]]]}},{"type":"Feature","id":"AC-Y621-X228","properties":{"id":"AC-Y621-X228","grid_x":228,"grid_y":621,"centroid":[-72.5213764,-8.4684696],"aggregation":"none","score_gradboost":0.3619791,"score_random_forest":0.2008187,"score_logistic_regression":0.2411504,"score_fuzzy_knn_k29":0.1103835},"geometry":{"type":"Polygon","coordinates":[[[-72.5254497,-8.4711332],[-72.5173522,-8.4712063],[-72.5173031,-8.465806],[-72.5254005,-8.4657329],[-72.5254497,-8.4711332]]]}},{"type":"Feature","id":"AC-Y622-X228","properties":{"id":"AC-Y622-X228","grid_x":228,"grid_y":622,"centroid":[-72.5213273,-8.4630693],"aggregation":"none","score_gradboost":0.526689,"score_random_forest":0.295312,"score_logistic_regression":0.2631181,"score_fuzzy_knn_k29":0.2114067},"geometry":{"type":"Polygon","coordinates":[[[-72.5254005,-8.4657329],[-72.5173031,-8.465806],[-72.5172541,-8.4604057],[-72.5253513,-8.4603327],[-72.5254005,-8.4657329]]]}},{"type":"Feature","id":"AC-Y622-X229","properties":{"id":"AC-Y622-X229","grid_x":229,"grid_y":622,"centroid":[-72.5132299,-8.4631423],"aggregation":"none","score_gradboost":0.3287315,"score_random_forest":0.2473892,"score_logistic_regression":0.2517305,"score_fuzzy_knn_k29":0.1572275},"geometry":{"type":"Polygon","coordinates":[[[-72.5173031,-8.465806],[-72.5092057,-8.4658788],[-72.5091567,-8.4604785],[-72.5172541,-8.4604057],[-72.5173031,-8.465806]]]}},{"type":"Feature","id":"AC-Y623-X228","properties":{"id":"AC-Y623-X228","grid_x":228,"grid_y":623,"centroid":[-72.5212782,-8.4576691],"aggregation":"none","score_gradboost":0.4477999,"score_random_forest":0.2878167,"score_logistic_regression":0.2691737,"score_fuzzy_knn_k29":0.2547204},"geometry":{"type":"Polygon","coordinates":[[[-72.5253513,-8.4603327],[-72.5172541,-8.4604057],[-72.517205,-8.4550054],[-72.5253022,-8.4549324],[-72.5253513,-8.4603327]]]}},{"type":"Feature","id":"AC-Y629-X234","properties":{"id":"AC-Y629-X234","grid_x":234,"grid_y":629,"centroid":[-72.4724036,-8.4257005],"aggregation":"none","score_gradboost":0.0506378,"score_random_forest":0.0358368,"score_logistic_regression":0.1826281,"score_fuzzy_knn_k29":0.0},"geometry":{"type":"Polygon","coordinates":[[[-72.4764763,-8.4283649],[-72.4683792,-8.4284366],[-72.468331,-8.423036],[-72.476428,-8.4229644],[-72.4764763,-8.4283649]]]}},{"type":"Feature","id":"AC-Y630-X234","properties":{"id":"AC-Y630-X234","grid_x":234,"grid_y":630,"centroid":[-72.4723554,-8.4202999],"aggregation":"none","score_gradboost":0.0447673,"score_random_forest":0.0264189,"score_logistic_regression":0.1973394,"score_fuzzy_knn_k29":0.0189229},"geometry":{"type":"Polygon","coordinates":[[[-72.476428,-8.4229644],[-72.468331,-8.423036],[-72.4682829,-8.4176355],[-72.4763797,-8.4175638],[-72.476428,-8.4229644]]]}},{"type":"Feature","id":"AC-Y631-X235","properties":{"id":"AC-Y631-X235","grid_x":235,"grid_y":631,"centroid":[-72.4642105,-8.4149709],"aggregation":"none","score_gradboost":0.0854658,"score_random_forest":0.06471,"score_logistic_regression":0.2282277,"score_fuzzy_knn_k29":0.0862153},"geometry":{"type":"Polygon","coordinates":[[[-72.4682829,-8.4176355],[-72.460186,-8.4177069],[-72.460138,-8.4123063],[-72.4682348,-8.4122349],[-72.4682829,-8.4176355]]]}},{"type":"Feature","id":"AC-Y632-X235","properties":{"id":"AC-Y632-X235","grid_x":235,"grid_y":632,"centroid":[-72.4641624,-8.4095703],"aggregation":"none","score_gradboost":0.0797257,"score_random_forest":0.0714921,"score_logistic_regression":0.2384917,"score_fuzzy_knn_k29":0.1556648},"geometry":{"type":"Polygon","coordinates":[[[-72.4682348,-8.4122349],[-72.460138,-8.4123063],[-72.4600901,-8.4069056],[-72.4681867,-8.4068343],[-72.4682348,-8.4122349]]]}},{"type":"Feature","id":"AC-Y632-X236","properties":{"id":"AC-Y632-X236","grid_x":236,"grid_y":632,"centroid":[-72.4560657,-8.4096416],"aggregation":"none","score_gradboost":0.1103925,"score_random_forest":0.0802387,"score_logistic_regression":0.2512155,"score_fuzzy_knn_k29":0.3708269},"geometry":{"type":"Polygon","coordinates":[[[-72.460138,-8.4123063],[-72.4520412,-8.4123775],[-72.4519933,-8.4069768],[-72.4600901,-8.4069056],[-72.460138,-8.4123063]]]}},{"type":"Feature","id":"AC-Y633-X235","properties":{"id":"AC-Y633-X235","grid_x":235,"grid_y":633,"centroid":[-72.4641144,-8.4041697],"aggregation":"none","score_gradboost":0.1103925,"score_random_forest":0.0773165,"score_logistic_regression":0.2528624,"score_fuzzy_knn_k29":0.2930301},"geometry":{"type":"Polygon","coordinates":[[[-72.4681867,-8.4068343],[-72.4600901,-8.4069056],[-72.4600421,-8.401505],[-72.4681387,-8.4014337],[-72.4681867,-8.4068343]]]}},{"type":"Feature","id":"AC-Y633-X236","properties":{"id":"AC-Y633-X236","grid_x":236,"grid_y":633,"centroid":[-72.4560178,-8.4042409],"aggregation":"none","score_gradboost":0.1108307,"score_random_forest":0.0875581,"score_logistic_regression":0.2297626,"score_fuzzy_knn_k29":0.4202559},"geometry":{"type":"Polygon","coordinates":[[[-72.4600901,-8.4069056],[-72.4519933,-8.4069768],[-72.4519455,-8.4015761],[-72.4600421,-8.401505],[-72.4600901,-8.4069056]]]}},{"type":"Feature","id":"AC-Y634-X235","properties":{"id":"AC-Y634-X235","grid_x":235,"grid_y":634,"centroid":[-72.4640664,-8.398769],"aggregation":"none","score_gradboost":0.0863709,"score_random_forest":0.1058371,"score_logistic_regression":0.2994199,"score_fuzzy_knn_k29":0.4248021},"geometry":{"type":"Polygon","coordinates":[[[-72.4681387,-8.4014337],[-72.4600421,-8.401505],[-72.4599942,-8.3961043],[-72.4680907,-8.3960331],[-72.4681387,-8.4014337]]]}},{"type":"Feature","id":"AC-Y634-X236","properties":{"id":"AC-Y634-X236","grid_x":236,"grid_y":634,"centroid":[-72.4559699,-8.3988402],"aggregation":"none","score_gradboost":0.1639044,"score_random_forest":0.1888522,"score_logistic_regression":0.2734071,"score_fuzzy_knn_k29":0.9922463},"geometry":{"type":"Polygon","coordinates":[[[-72.4600421,-8.401505],[-72.4519455,-8.4015761],[-72.4518977,-8.3961754],[-72.4599942,-8.3961043],[-72.4600421,-8.401505]]]}},{"type":"Feature","id":"AC-Y634-X237","properties":{"id":"AC-Y634-X237","grid_x":237,"grid_y":634,"centroid":[-72.4478733,-8.3989113],"aggregation":"none","score_gradboost":0.0654421,"score_random_forest":0.1381353,"score_logistic_regression":0.267647,"score_fuzzy_knn_k29":0.7151089},"geometry":{"type":"Polygon","coordinates":[[[-72.4519455,-8.4015761],[-72.4438488,-8.4016471],[-72.4438012,-8.3962464],[-72.4518977,-8.3961754],[-72.4519455,-8.4015761]]]}},{"type":"Feature","id":"AC-Y635-X234","properties":{"id":"AC-Y635-X234","grid_x":234,"grid_y":635,"centroid":[-72.4721149,-8.3932971],"aggregation":"none","score_gradboost":0.1313573,"score_random_forest":0.1300743,"score_logistic_regression":0.2663417,"score_fuzzy_knn_k29":0.5428278},"geometry":{"type":"Polygon","coordinates":[[[-72.4761871,-8.3959616],[-72.4680907,-8.3960331],[-72.4680427,-8.3906325],[-72.476139,-8.3905611],[-72.4761871,-8.3959616]]]}},{"type":"Feature","id":"AC-Y635-X235","properties":{"id":"AC-Y635-X235","grid_x":235,"grid_y":635,"centroid":[-72.4640185,-8.3933684],"aggregation":"none","score_gradboost":0.1653162,"score_random_forest":0.2009921,"score_logistic_regression":0.2916018,"score_fuzzy_knn_k29":0.8552266},"geometry":{"type":"Polygon","coordinates":[[[-72.4680907,-8.3960331],[-72.4599942,-8.3961043],[-72.4599464,-8.3907037],[-72.4680427,-8.3906325],[-72.4680907,-8.3960331]]]}},{"type":"Feature","id":"AC-Y635-X236","properties":{"id":"AC-Y635-X236","grid_x":236,"grid_y":635,"centroid":[-72.4559221,-8.3934396],"aggregation":"none","score_gradboost":0.0529998,"score_random_forest":0.1359488,"score_logistic_regression":0.3305419,"score_fuzzy_knn_k29":0.5737086},"geometry":{"type":"Polygon","coordinates":[[[-72.4599942,-8.3961043],[-72.4518977,-8.3961754],[-72.45185,-8.3907747],[-72.4599464,-8.3907037],[-72.4599942,-8.3961043]]]}},{"type":"Feature","id":"AC-Y635-X237","properties":{"id":"AC-Y635-X237","grid_x":237,"grid_y":635,"centroid":[-72.4478256,-8.3935106],"aggregation":"none","score_gradboost":0.0671642,"score_random_forest":0.1298645,"score_logistic_regression":0.2599666,"score_fuzzy_knn_k29":0.5088957},"geometry":{"type":"Polygon","coordinates":[[[-72.4518977,-8.3961754],[-72.4438012,-8.3962464],[-72.4437535,-8.3908456],[-72.45185,-8.3907747],[-72.4518977,-8.3961754]]]}},{"type":"Feature","id":"AC-Y636-X234","properties":{"id":"AC-Y636-X234","grid_x":234,"grid_y":636,"centroid":[-72.4720668,-8.3878965],"aggregation":"none","score_gradboost":0.0660859,"score_random_forest":0.1121011,"score_logistic_regression":0.3313529,"score_fuzzy_knn_k29":0.436171},"geometry":{"type":"Polygon","coordinates":[[[-72.476139,-8.3905611],[-72.4680427,-8.3906325],[-72.4679948,-8.3852319],[-72.4760909,-8.3851605],[-72.476139,-8.3905611]]]}},{"type":"Feature","id":"AC-Y636-X235","properties":{"id":"AC-Y636-X235","grid_x":235,"grid_y":636,"centroid":[-72.4639706,-8.3879678],"aggregation":"none","score_gradboost":0.058745,"score_random_forest":0.1324382,"score_logistic_regression":0.3332441,"score_fuzzy_knn_k29":0.5751198},"geometry":{"type":"Polygon","coordinates":[[[-72.4680427,-8.3906325],[-72.4599464,-8.3907037],[-72.4598986,-8.3853031],[-72.4679948,-8.3852319],[-72.4680427,-8.3906325]]]}},{"type":"Feature","id":"AC-Y636-X236","properties":{"id":"AC-Y636-X236","grid_x":236,"grid_y":636,"centroid":[-72.4558743,-8.3880389],"aggregation":"none","score_gradboost":0.0717734,"score_random_forest":0.1500512,"score_logistic_regression":0.2736026,"score_fuzzy_knn_k29":0.5812712},"geometry":{"type":"Polygon","coordinates":[[[-72.4599464,-8.3907037],[-72.45185,-8.3907747],[-72.4518023,-8.3853741],[-72.4598986,-8.3853031],[-72.4599464,-8.3907037]]]}},{"type":"Feature","id":"AC-Y636-X237","properties":{"id":"AC-Y636-X237","grid_x":237,"grid_y":636,"centroid":[-72.4477779,-8.3881099],"aggregation":"none","score_gradboost":0.070631,"score_random_forest":0.1651635,"score_logistic_regression":0.2908666,"score_fuzzy_knn_k29":0.487989},"geometry":{"type":"Polygon","coordinates":[[[-72.45185,-8.3907747],[-72.4437535,-8.3908456],[-72.4437059,-8.3854449],[-72.4518023,-8.3853741],[-72.45185,-8.3907747]]]}},{"type":"Feature","id":"AC-Y636-X238","properties":{"id":"AC-Y636-X238","grid_x":238,"grid_y":636,"centroid":[-72.4396815,-8.3881806],"aggregation":"none","score_gradboost":0.0810434,"score_random_forest":0.1249887,"score_logistic_regression":0.2807503,"score_fuzzy_knn_k29":0.4054328},"geometry":{"type":"Polygon","coordinates":[[[-72.4437535,-8.3908456],[-72.435657,-8.3909164],[-72.4356095,-8.3855156],[-72.4437059,-8.3854449],[-72.4437535,-8.3908456]]]}},{"type":"Feature","id":"AC-Y637-X234","properties":{"id":"AC-Y637-X234","grid_x":234,"grid_y":637,"centroid":[-72.4720189,-8.3824959],"aggregation":"none","score_gradboost":0.0781298,"score_random_forest":0.1931266,"score_logistic_regression":0.302302,"score_fuzzy_knn_k29":0.9800009},"geometry":{"type":"Polygon","coordinates":[[[-72.4760909,-8.3851605],[-72.4679948,-8.3852319],[-72.4679469,-8.3798313],[-72.4760429,-8.37976],[-72.4760909,-8.3851605]]]}},{"type":"Feature","id":"AC-Y637-X235","properties":{"id":"AC-Y637-X235","grid_x":235,"grid_y":637,"centroid":[-72.4639227,-8.3825672],"aggregation":"none","score_gradboost":0.0415191,"score_random_forest":0.1404091,"score_logistic_regression":0.3205597,"score_fuzzy_knn_k29":0.6563176},"geometry":{"type":"Polygon","coordinates":[[[-72.4679948,-8.3852319],[-72.4598986,-8.3853031],[-72.4598508,-8.3799024],[-72.4679469,-8.3798313],[-72.4679948,-8.3852319]]]}},{"type":"Feature","id":"AC-Y637-X236","properties":{"id":"AC-Y637-X236","grid_x":236,"grid_y":637,"centroid":[-72.4558265,-8.3826382],"aggregation":"none","score_gradboost":0.0527219,"score_random_forest":0.1347412,"score_logistic_regression":0.2777221,"score_fuzzy_knn_k29":0.4580843},"geometry":{"type":"Polygon","coordinates":[[[-72.4598986,-8.3853031],[-72.4518023,-8.3853741],[-72.4517546,-8.3799734],[-72.4598508,-8.3799024],[-72.4598986,-8.3853031]]]}},{"type":"Feature","id":"AC-Y637-X237","properties":{"id":"AC-Y637-X237","grid_x":237,"grid_y":637,"centroid":[-72.4477303,-8.3827091],"aggregation":"none","score_gradboost":0.0543617,"score_random_forest":0.1314178,"score_logistic_regression":0.2949624,"score_fuzzy_knn_k29":0.4472943},"geometry":{"type":"Polygon","coordinates":[[[-72.4518023,-8.3853741],[-72.4437059,-8.3854449],[-72.4436583,-8.3800442],[-72.4517546,-8.3799734],[-72.4518023,-8.3853741]]]}},{"type":"Feature","id":"AC-Y637-X238","properties":{"id":"AC-Y637-X238","grid_x":238,"grid_y":637,"centroid":[-72.4396339,-8.3827799],"aggregation":"none","score_gradboost":0.0404395,"score_random_forest":0.1212376,"score_logistic_regression":0.2965785,"score_fuzzy_knn_k29":0.3368961},"geometry":{"type":"Polygon","coordinates":[[[-72.4437059,-8.3854449],[-72.4356095,-8.3855156],[-72.435562,-8.3801148],[-72.4436583,-8.3800442],[-72.4437059,-8.3854449]]]}},{"type":"Feature","id":"AC-Y638-X235","properties":{"id":"AC-Y638-X235","grid_x":235,"grid_y":638,"centroid":[-72.4638749,-8.3771665],"aggregation":"none","score_gradboost":0.0415191,"score_random_forest":0.1287017,"score_logistic_regression":0.3335817,"score_fuzzy_knn_k29":0.4906667},"geometry":{"type":"Polygon","coordinates":[[[-72.4679469,-8.3798313],[-72.4598508,-8.3799024],[-72.459803,-8.3745018],[-72.467899,-8.3744307],[-72.4679469,-8.3798313]]]}},{"type":"Feature","id":"AC-Y638-X236","properties":{"id":"AC-Y638-X236","grid_x":236,"grid_y":638,"centroid":[-72.4557788,-8.3772376],"aggregation":"none","score_gradboost":0.0543617,"score_random_forest":0.1264444,"score_logistic_regression":0.2936015,"score_fuzzy_knn_k29":0.4537301},"geometry":{"type":"Polygon","coordinates":[[[-72.4598508,-8.3799024],[-72.4517546,-8.3799734],[-72.4517069,-8.3745727],[-72.459803,-8.3745018],[-72.4598508,-8.3799024]]]}},{"type":"Feature","id":"AC-Y638-X237","properties":{"id":"AC-Y638-X237","grid_x":237,"grid_y":638,"centroid":[-72.4476827,-8.3773084],"aggregation":"none","score_gradboost":0.0461792,"score_random_forest":0.1052225,"score_logistic_regression":0.2871382,"score_fuzzy_knn_k29":0.365416},"geometry":{"type":"Polygon","coordinates":[[[-72.4517546,-8.3799734],[-72.4436583,-8.3800442],[-72.4436108,-8.3746434],[-72.4517069,-8.3745727],[-72.4517546,-8.3799734]]]}},{"type":"Feature","id":"AC-Y638-X238","properties":{"id":"AC-Y638-X238","grid_x":238,"grid_y":638,"centroid":[-72.4395864,-8.3773791],"aggregation":"none","score_gradboost":0.0404395,"score_random_forest":0.1207497,"score_logistic_regression":0.3088689,"score_fuzzy_knn_k29":0.3191801},"geometry":{"type":"Polygon","coordinates":[[[-72.4436583,-8.3800442],[-72.435562,-8.3801148],[-72.4355146,-8.374714],[-72.4436108,-8.3746434],[-72.4436583,-8.3800442]]]}},{"type":"Feature","id":"AC-Y638-X239","properties":{"id":"AC-Y638-X239","grid_x":239,"grid_y":638,"centroid":[-72.4314901,-8.3774496],"aggregation":"none","score_gradboost":0.0500299,"score_random_forest":0.1172517,"score_logistic_regression":0.3579039,"score_fuzzy_knn_k29":0.4461748},"geometry":{"type":"Polygon","coordinates":[[[-72.435562,-8.3801148],[-72.4274656,-8.3801852],[-72.4274183,-8.3747844],[-72.4355146,-8.374714],[-72.435562,-8.3801148]]]}},{"type":"Feature","id":"AC-Y639-X236","properties":{"id":"AC-Y639-X236","grid_x":236,"grid_y":639,"centroid":[-72.4557311,-8.3718369],"aggregation":"none","score_gradboost":0.0436559,"score_random_forest":0.1177365,"score_logistic_regression":0.3485863,"score_fuzzy_knn_k29":0.3641627},"geometry":{"type":"Polygon","coordinates":[[[-72.459803,-8.3745018],[-72.4517069,-8.3745727],[-72.4516593,-8.369172],[-72.4597552,-8.3691011],[-72.459803,-8.3745018]]]}},{"type":"Feature","id":"AC-Y639-X237","properties":{"id":"AC-Y639-X237","grid_x":237,"grid_y":639,"centroid":[-72.4476351,-8.3719077],"aggregation":"none","score_gradboost":0.0437388,"score_random_forest":0.140866,"score_logistic_regression":0.3159767,"score_fuzzy_knn_k29":0.3230579},"geometry":{"type":"Polygon","coordinates":[[[-72.4517069,-8.3745727],[-72.4436108,-8.3746434],[-72.4435633,-8.3692427],[-72.4516593,-8.369172],[-72.4517069,-8.3745727]]]}},{"type":"Feature","id":"AC-Y639-X238","properties":{"id":"AC-Y639-X238","grid_x":238,"grid_y":639,"centroid":[-72.439539,-8.3719783],"aggregation":"none","score_gradboost":0.0596773,"score_random_forest":0.1350856,"score_logistic_regression":0.3343564,"score_fuzzy_knn_k29":0.3652528},"geometry":{"type":"Polygon","coordinates":[[[-72.4436108,-8.3746434],[-72.4355146,-8.374714],[-72.4354672,-8.3693132],[-72.4435633,-8.3692427],[-72.4436108,-8.3746434]]]}},{"type":"Feature","id":"AC-Y639-X239","properties":{"id":"AC-Y639-X239","grid_x":239,"grid_y":639,"centroid":[-72.4314428,-8.3720488],"aggregation":"none","score_gradboost":0.0500299,"score_random_forest":0.1138364,"score_logistic_regression":0.3668141,"score_fuzzy_knn_k29":0.4705579},"geometry":{"type":"Polygon","coordinates":[[[-72.4355146,-8.374714],[-72.4274183,-8.3747844],[-72.427371,-8.3693836],[-72.4354672,-8.3693132],[-72.4355146,-8.374714]]]}},{"type":"Feature","id":"AC-Y640-X236","properties":{"id":"AC-Y640-X236","grid_x":236,"grid_y":640,"centroid":[-72.4556834,-8.3664362],"aggregation":"none","score_gradboost":0.0437388,"score_random_forest":0.1473109,"score_logistic_regression":0.3228859,"score_fuzzy_knn_k29":0.3267951},"geometry":{"type":"Polygon","coordinates":[[[-72.4597552,-8.3691011],[-72.4516593,-8.369172],[-72.4516117,-8.3637713],[-72.4597075,-8.3637004],[-72.4597552,-8.3691011]]]}},{"type":"Feature","id":"AC-Y640-X237","properties":{"id":"AC-Y640-X237","grid_x":237,"grid_y":640,"centroid":[-72.4475875,-8.366507],"aggregation":"none","score_gradboost":0.0596773,"score_random_forest":0.1473109,"score_logistic_regression":0.3287627,"score_fuzzy_knn_k29":0.3646598},"geometry":{"type":"Polygon","coordinates":[[[-72.4516593,-8.369172],[-72.4435633,-8.3692427],[-72.4435158,-8.3638419],[-72.4516117,-8.3637713],[-72.4516593,-8.369172]]]}},{"type":"Feature","id":"AC-Y623-X229","properties":{"id":"AC-Y623-X229","grid_x":229,"grid_y":623,"centroid":[-72.5131809,-8.457742],"aggregation":"none","score_gradboost":0.2077602,"score_random_forest":0.1562653,"score_logistic_regression":0.2189349,"score_fuzzy_knn_k29":0.0841859},"geometry":{"type":"Polygon","coordinates":[[[-72.5172541,-8.4604057],[-72.5091567,-8.4604785],[-72.5091078,-8.4550782],[-72.517205,-8.4550054],[-72.5172541,-8.4604057]]]}},{"type":"Feature","id":"AC-Y623-X230","properties":{"id":"AC-Y623-X230","grid_x":230,"grid_y":623,"centroid":[-72.5050836,-8.4578147],"aggregation":"none","score_gradboost":0.1444461,"score_random_forest":0.1315115,"score_logistic_regression":0.2194882,"score_fuzzy_knn_k29":0.074},"geometry":{"type":"Polygon","coordinates":[[[-72.5091567,-8.4604785],[-72.5010593,-8.4605512],[-72.5010105,-8.4551508],[-72.5091078,-8.4550782],[-72.5091567,-8.4604785]]]}},{"type":"Feature","id":"AC-Y624-X228","properties":{"id":"AC-Y624-X228","grid_x":228,"grid_y":624,"centroid":[-72.5212291,-8.4522688],"aggregation":"none","score_gradboost":0.1607297,"score_random_forest":0.1590407,"score_logistic_regression":0.2203937,"score_fuzzy_knn_k29":0.1021181},"geometry":{"type":"Polygon","coordinates":[[[-72.5253022,-8.4549324],[-72.517205,-8.4550054],[-72.517156,-8.4496051],[-72.5252531,-8.4495322],[-72.5253022,-8.4549324]]]}},{"type":"Feature","id":"AC-Y624-X229","properties":{"id":"AC-Y624-X229","grid_x":229,"grid_y":624,"centroid":[-72.513132,-8.4523416],"aggregation":"none","score_gradboost":0.1300923,"score_random_forest":0.1261529,"score_logistic_regression":0.180971,"score_fuzzy_knn_k29":0.1325888},"geometry":{"type":"Polygon","coordinates":[[[-72.517205,-8.4550054],[-72.5091078,-8.4550782],[-72.5090589,-8.4496778],[-72.517156,-8.4496051],[-72.517205,-8.4550054]]]}},{"type":"Feature","id":"AC-Y624-X230","properties":{"id":"AC-Y624-X230","grid_x":230,"grid_y":624,"centroid":[-72.5050347,-8.4524143],"aggregation":"none","score_gradboost":0.187673,"score_random_forest":0.1464435,"score_logistic_regression":0.1938067,"score_fuzzy_knn_k29":0.2913255},"geometry":{"type":"Polygon","coordinates":[[[-72.5091078,-8.4550782],[-72.5010105,-8.4551508],[-72.5009617,-8.4497504],[-72.5090589,-8.4496778],[-72.5091078,-8.4550782]]]}},{"type":"Feature","id":"AC-Y624-X231","properties":{"id":"AC-Y624-X231","grid_x":231,"grid_y":624,"centroid":[-72.4969374,-8.4524868],"aggregation":"none","score_gradboost":0.1049285,"score_random_forest":0.0556812,"score_logistic_regression":0.1991397,"score_fuzzy_knn_k29":0.281526},"geometry":{"type":"Polygon","coordinates":[[[-72.5010105,-8.4551508],[-72.4929131,-8.4552232],[-72.4928644,-8.4498228],[-72.5009617,-8.4497504],[-72.5010105,-8.4551508]]]}},{"type":"Feature","id":"AC-Y625-X229","properties":{"id":"AC-Y625-X229","grid_x":229,"grid_y":625,"centroid":[-72.513083,-8.4469413],"aggregation":"none","score_gradboost":0.1790475,"score_random_forest":0.1467633,"score_logistic_regression":0.1747141,"score_fuzzy_knn_k29":0.1594411},"geometry":{"type":"Polygon","coordinates":[[[-72.517156,-8.4496051],[-72.5090589,-8.4496778],[-72.5090101,-8.4442775],[-72.5171071,-8.4442048],[-72.517156,-8.4496051]]]}},{"type":"Feature","id":"AC-Y625-X230","properties":{"id":"AC-Y625-X230","grid_x":230,"grid_y":625,"centroid":[-72.5049859,-8.4470139],"aggregation":"none","score_gradboost":0.1680145,"score_random_forest":0.0622687,"score_logistic_regression":0.179506,"score_fuzzy_knn_k29":0.1589339},"geometry":{"type":"Polygon","coordinates":[[[-72.5090589,-8.4496778],[-72.5009617,-8.4497504],[-72.500913,-8.44435],[-72.5090101,-8.4442775],[-72.5090589,-8.4496778]]]}},{"type":"Feature","id":"AC-Y625-X231","properties":{"id":"AC-Y625-X231","grid_x":231,"grid_y":625,"centroid":[-72.4968887,-8.4470864],"aggregation":"none","score_gradboost":0.0621066,"score_random_forest":0.0474454,"score_logistic_regression":0.2048435,"score_fuzzy_knn_k29":0.0775064},"geometry":{"type":"Polygon","coordinates":[[[-72.5009617,-8.4497504],[-72.4928644,-8.4498228],[-72.4928158,-8.4444223],[-72.500913,-8.44435],[-72.5009617,-8.4497504]]]}},{"type":"Feature","id":"AC-Y625-X232","properties":{"id":"AC-Y625-X232","grid_x":232,"grid_y":625,"centroid":[-72.4887915,-8.4471587],"aggregation":"none","score_gradboost":0.0388662,"score_random_forest":0.0363374,"score_logistic_regression":0.1889364,"score_fuzzy_knn_k29":0.0287236},"geometry":{"type":"Polygon","coordinates":[[[-72.4928644,-8.4498228],[-72.4847671,-8.449895],[-72.4847186,-8.4444945],[-72.4928158,-8.4444223],[-72.4928644,-8.4498228]]]}},{"type":"Feature","id":"AC-Y626-X229","properties":{"id":"AC-Y626-X229","grid_x":229,"grid_y":626,"centroid":[-72.5130341,-8.441541],"aggregation":"none","score_gradboost":0.2101744,"score_random_forest":0.1121861,"score_logistic_regression":0.1985208,"score_fuzzy_knn_k29":0.3464753},"geometry":{"type":"Polygon","coordinates":[[[-72.5171071,-8.4442048],[-72.5090101,-8.4442775],[-72.5089612,-8.4388771],[-72.5170581,-8.4388045],[-72.5171071,-8.4442048]]]}},{"type":"Feature","id":"AC-Y626-X230","properties":{"id":"AC-Y626-X230","grid_x":230,"grid_y":626,"centroid":[-72.5049371,-8.4416136],"aggregation":"none","score_gradboost":0.0680695,"score_random_forest":0.0511381,"score_logistic_regression":0.1910273,"score_fuzzy_knn_k29":0.0882267},"geometry":{"type":"Polygon","coordinates":[[[-72.5090101,-8.4442775],[-72.500913,-8.44435],[-72.5008643,-8.4389496],[-72.5089612,-8.4388771],[-72.5090101,-8.4442775]]]}},{"type":"Feature","id":"AC-Y626-X231","properties":{"id":"AC-Y626-X231","grid_x":231,"grid_y":626,"centroid":[-72.4968401,-8.441686],"aggregation":"none","score_gradboost":0.0320745,"score_random_forest":0.0280564,"score_logistic_regression":0.1778618,"score_fuzzy_knn_k29":0.0283367},"geometry":{"type":"Polygon","coordinates":[[[-72.500913,-8.44435],[-72.4928158,-8.4444223],[-72.4927672,-8.4390219],[-72.5008643,-8.4389496],[-72.500913,-8.44435]]]}},{"type":"Feature","id":"AC-Y626-X232","properties":{"id":"AC-Y626-X232","grid_x":232,"grid_y":626,"centroid":[-72.4887429,-8.4417582],"aggregation":"none","score_gradboost":0.0314815,"score_random_forest":0.042425,"score_logistic_regression":0.2004835,"score_fuzzy_knn_k29":0.0227337},"geometry":{"type":"Polygon","coordinates":[[[-72.4928158,-8.4444223],[-72.4847186,-8.4444945],[-72.4846701,-8.439094],[-72.4927672,-8.4390219],[-72.4928158,-8.4444223]]]}},{"type":"Feature","id":"AC-Y627-X229","properties":{"id":"AC-Y627-X229","grid_x":229,"grid_y":627,"centroid":[-72.5129853,-8.4361407],"aggregation":"none","score_gradboost":0.0607698,"score_random_forest":0.0847477,"score_logistic_regression":0.2283261,"score_fuzzy_knn_k29":0.0324987},"geometry":{"type":"Polygon","coordinates":[[[-72.5170581,-8.4388045],[-72.5089612,-8.4388771],[-72.5089124,-8.4334768],[-72.5170092,-8.4334042],[-72.5170581,-8.4388045]]]}},{"type":"Feature","id":"AC-Y627-X230","properties":{"id":"AC-Y627-X230","grid_x":230,"grid_y":627,"centroid":[-72.5048884,-8.4362132],"aggregation":"none","score_gradboost":0.0292249,"score_random_forest":0.0457461,"score_logistic_regression":0.2193084,"score_fuzzy_knn_k29":0.0219704},"geometry":{"type":"Polygon","coordinates":[[[-72.5089612,-8.4388771],[-72.5008643,-8.4389496],[-72.5008156,-8.4335492],[-72.5089124,-8.4334768],[-72.5089612,-8.4388771]]]}},{"type":"Feature","id":"AC-Y627-X231","properties":{"id":"AC-Y627-X231","grid_x":231,"grid_y":627,"centroid":[-72.4967914,-8.4362856],"aggregation":"none","score_gradboost":0.0314713,"score_random_forest":0.0596525,"score_logistic_regression":0.211499,"score_fuzzy_knn_k29":0.0242105},"geometry":{"type":"Polygon","coordinates":[[[-72.5008643,-8.4389496],[-72.4927672,-8.4390219],[-72.4927186,-8.4336214],[-72.5008156,-8.4335492],[-72.5008643,-8.4389496]]]}},{"type":"Feature","id":"AC-Y627-X232","properties":{"id":"AC-Y627-X232","grid_x":232,"grid_y":627,"centroid":[-72.4886944,-8.4363577],"aggregation":"none","score_gradboost":0.0263751,"score_random_forest":0.0138563,"score_logistic_regression":0.1822684,"score_fuzzy_knn_k29":0.013364},"geometry":{"type":"Polygon","coordinates":[[[-72.4927672,-8.4390219],[-72.4846701,-8.439094],[-72.4846216,-8.4336935],[-72.4927186,-8.4336214],[-72.4927672,-8.4390219]]]}},{"type":"Feature","id":"AC-Y627-X233","properties":{"id":"AC-Y627-X233","grid_x":233,"grid_y":627,"centroid":[-72.4805973,-8.4364298],"aggregation":"none","score_gradboost":0.0284963,"score_random_forest":0.0227094,"score_logistic_regression":0.1901282,"score_fuzzy_knn_k29":0.0},"geometry":{"type":"Polygon","coordinates":[[[-72.4846701,-8.439094],[-72.4765729,-8.439166],[-72.4765246,-8.4337655],[-72.4846216,-8.4336935],[-72.4846701,-8.439094]]]}},{"type":"Feature","id":"AC-Y628-X230","properties":{"id":"AC-Y628-X230","grid_x":230,"grid_y":628,"centroid":[-72.5048397,-8.4308128],"aggregation":"none","score_gradboost":0.0314713,"score_random_forest":0.0495416,"score_logistic_regression":0.2097076,"score_fuzzy_knn_k29":0.0249576},"geometry":{"type":"Polygon","coordinates":[[[-72.5089124,-8.4334768],[-72.5008156,-8.4335492],[-72.5007669,-8.4281488],[-72.5088637,-8.4280764],[-72.5089124,-8.4334768]]]}},{"type":"Feature","id":"AC-Y628-X231","properties":{"id":"AC-Y628-X231","grid_x":231,"grid_y":628,"centroid":[-72.4967428,-8.4308851],"aggregation":"none","score_gradboost":0.0263751,"score_random_forest":0.0135369,"score_logistic_regression":0.1808924,"score_fuzzy_knn_k29":0.0133618},"geometry":{"type":"Polygon","coordinates":[[[-72.5008156,-8.4335492],[-72.4927186,-8.4336214],[-72.4926701,-8.428221],[-72.5007669,-8.4281488],[-72.5008156,-8.4335492]]]}},{"type":"Feature","id":"AC-Y628-X232","properties":{"id":"AC-Y628-X232","grid_x":232,"grid_y":628,"centroid":[-72.4886459,-8.4309573],"aggregation":"none","score_gradboost":0.0277436,"score_random_forest":0.0135405,"score_logistic_regression":0.1881558,"score_fuzzy_knn_k29":0.0},"geometry":{"type":"Polygon","coordinates":[[[-72.4927186,-8.4336214],[-72.4846216,-8.4336935],[-72.4845732,-8.428293],[-72.4926701,-8.428221],[-72.4927186,-8.4336214]]]}},{"type":"Feature","id":"AC-Y628-X233","properties":{"id":"AC-Y628-X233","grid_x":233,"grid_y":628,"centroid":[-72.4805489,-8.4310293],"aggregation":"none","score_gradboost":0.0388384,"score_random_forest":0.0297625,"score_logistic_regression":0.2083325,"score_fuzzy_knn_k29":0.0},"geometry":{"type":"Polygon","coordinates":[[[-72.4846216,-8.4336935],[-72.4765246,-8.4337655],[-72.4764763,-8.4283649],[-72.4845732,-8.428293],[-72.4846216,-8.4336935]]]}},{"type":"Feature","id":"AC-Y629-X230","properties":{"id":"AC-Y629-X230","grid_x":230,"grid_y":629,"centroid":[-72.504791,-8.4254124],"aggregation":"none","score_gradboost":0.0280192,"score_random_forest":0.0571925,"score_logistic_regression":0.2199129,"score_fuzzy_knn_k29":0.0178042},"geometry":{"type":"Polygon","coordinates":[[[-72.5088637,-8.4280764],[-72.5007669,-8.4281488],[-72.5007183,-8.4227484],[-72.5088149,-8.4226761],[-72.5088637,-8.4280764]]]}},{"type":"Feature","id":"AC-Y629-X231","properties":{"id":"AC-Y629-X231","grid_x":231,"grid_y":629,"centroid":[-72.4966942,-8.4254847],"aggregation":"none","score_gradboost":0.0277436,"score_random_forest":0.0144961,"score_logistic_regression":0.1837448,"score_fuzzy_knn_k29":0.0},"geometry":{"type":"Polygon","coordinates":[[[-72.5007669,-8.4281488],[-72.4926701,-8.428221],[-72.4926216,-8.4228206],[-72.5007183,-8.4227484],[-72.5007669,-8.4281488]]]}},{"type":"Feature","id":"AC-Y629-X232","properties":{"id":"AC-Y629-X232","grid_x":232,"grid_y":629,"centroid":[-72.4885974,-8.4255568],"aggregation":"none","score_gradboost":0.01336,"score_random_forest":0.013722,"score_logistic_regression":0.1825113,"score_fuzzy_knn_k29":0.0},"geometry":{"type":"Polygon","coordinates":[[[-72.4926701,-8.428221],[-72.4845732,-8.428293],[-72.4845248,-8.4228926],[-72.4926216,-8.4228206],[-72.4926701,-8.428221]]]}},{"type":"Feature","id":"AC-Y629-X233","properties":{"id":"AC-Y629-X233","grid_x":233,"grid_y":629,"centroid":[-72.4805006,-8.4256287],"aggregation":"none","score_gradboost":0.0149925,"score_random_forest":0.0201316,"score_logistic_regression":0.1867258,"score_fuzzy_knn_k29":0.0},"geometry":{"type":"Polygon","coordinates":[[[-72.4845732,-8.428293],[-72.4764763,-8.4283649],[-72.476428,-8.4229644],[-72.4845248,-8.4228926],[-72.4845732,-8.428293]]]}},{"type":"Feature","id":"AC-Y630-X230","properties":{"id":"AC-Y630-X230","grid_x":230,"grid_y":630,"centroid":[-72.5047423,-8.4200121],"aggregation":"none","score_gradboost":0.0231493,"score_random_forest":0.0490662,"score_logistic_regression":0.2555336,"score_fuzzy_knn_k29":0.0},"geometry":{"type":"Polygon","coordinates":[[[-72.5088149,-8.4226761],[-72.5007183,-8.4227484],[-72.5006697,-8.417348],[-72.5087663,-8.4172757],[-72.5088149,-8.4226761]]]}},{"type":"Feature","id":"AC-Y630-X231","properties":{"id":"AC-Y630-X231","grid_x":231,"grid_y":630,"centroid":[-72.4966457,-8.4200843],"aggregation":"none","score_gradboost":0.0201545,"score_random_forest":0.0336656,"score_logistic_regression":0.2492904,"score_fuzzy_knn_k29":0.0},"geometry":{"type":"Polygon","coordinates":[[[-72.5007183,-8.4227484],[-72.4926216,-8.4228206],[-72.4925731,-8.4174201],[-72.5006697,-8.417348],[-72.5007183,-8.4227484]]]}},{"type":"Feature","id":"AC-Y630-X232","properties":{"id":"AC-Y630-X232","grid_x":232,"grid_y":630,"centroid":[-72.488549,-8.4201563],"aggregation":"none","score_gradboost":0.039386,"score_random_forest":0.0504709,"score_logistic_regression":0.2197734,"score_fuzzy_knn_k29":0.0},"geometry":{"type":"Polygon","coordinates":[[[-72.4926216,-8.4228206],[-72.4845248,-8.4228926],[-72.4844765,-8.4174921],[-72.4925731,-8.4174201],[-72.4926216,-8.4228206]]]}},{"type":"Feature","id":"AC-Y630-X233","properties":{"id":"AC-Y630-X233","grid_x":233,"grid_y":630,"centroid":[-72.4804523,-8.4202282],"aggregation":"none","score_gradboost":0.17172,"score_random_forest":0.0701462,"score_logistic_regression":0.2082874,"score_fuzzy_knn_k29":0.0},"geometry":{"type":"Polygon","coordinates":[[[-72.4845248,-8.4228926],[-72.476428,-8.4229644],[-72.4763797,-8.4175638],[-72.4844765,-8.4174921],[-72.4845248,-8.4228926]]]}},{"type":"Feature","id":"AC-Y631-X231","properties":{"id":"AC-Y631-X231","grid_x":231,"grid_y":631,"centroid":[-72.4965972,-8.4146839],"aggregation":"none","score_gradboost":0.0415531,"score_random_forest":0.0408617,"score_logistic_regression":0.2183941,"score_fuzzy_knn_k29":0.0},"geometry":{"type":"Polygon","coordinates":[[[-72.5006697,-8.417348],[-72.4925731,-8.4174201],[-72.4925247,-8.4120197],[-72.5006212,-8.4119476],[-72.5006697,-8.417348]]]}},{"type":"Feature","id":"AC-Y631-X232","properties":{"id":"AC-Y631-X232","grid_x":232,"grid_y":631,"centroid":[-72.4885006,-8.4147559],"aggregation":"none","score_gradboost":0.1551313,"score_random_forest":0.0748533,"score_logistic_regression":0.2265017,"score_fuzzy_knn_k29":0.0},"geometry":{"type":"Polygon","coordinates":[[[-72.4925731,-8.4174201],[-72.4844765,-8.4174921],[-72.4844281,-8.4120916],[-72.4925247,-8.4120197],[-72.4925731,-8.4174201]]]}},{"type":"Feature","id":"AC-Y631-X233","properties":{"id":"AC-Y631-X233","grid_x":233,"grid_y":631,"centroid":[-72.480404,-8.4148277],"aggregation":"none","score_gradboost":0.1540906,"score_random_forest":0.0641166,"score_logistic_regression":0.2149689,"score_fuzzy_knn_k29":0.0158495},"geometry":{"type":"Polygon","coordinates":[[[-72.4844765,-8.4174921],[-72.4763797,-8.4175638],[-72.4763315,-8.4121633],[-72.4844281,-8.4120916],[-72.4844765,-8.4174921]]]}},{"type":"Feature","id":"AC-Y631-X234","properties":{"id":"AC-Y631-X234","grid_x":234,"grid_y":631,"centroid":[-72.4723072,-8.4148994],"aggregation":"none","score_gradboost":0.0774443,"score_random_forest":0.0476186,"score_logistic_regression":0.2098673,"score_fuzzy_knn_k29":0.0439117},"geometry":{"type":"Polygon","coordinates":[[[-72.4763797,-8.4175638],[-72.4682829,-8.4176355],[-72.4682348,-8.4122349],[-72.4763315,-8.4121633],[-72.4763797,-8.4175638]]]}},{"type":"Feature","id":"AC-Y632-X231","properties":{"id":"AC-Y632-X231","grid_x":231,"grid_y":632,"centroid":[-72.4965487,-8.4092834],"aggregation":"none","score_gradboost":0.1656704,"score_random_forest":0.0990554,"score_logistic_regression":0.246483,"score_fuzzy_knn_k29":0.0},"geometry":{"type":"Polygon","coordinates":[[[-72.5006212,-8.4119476],[-72.4925247,-8.4120197],[-72.4924763,-8.4066192],[-72.5005727,-8.4065472],[-72.5006212,-8.4119476]]]}},{"type":"Feature","id":"AC-Y632-X232","properties":{"id":"AC-Y632-X232","grid_x":232,"grid_y":632,"centroid":[-72.4884522,-8.4093554],"aggregation":"none","score_gradboost":0.1766707,"score_random_forest":0.0737268,"score_logistic_regression":0.2133587,"score_fuzzy_knn_k29":0.0157501},"geometry":{"type":"Polygon","coordinates":[[[-72.4925247,-8.4120197],[-72.4844281,-8.4120916],[-72.4843798,-8.4066911],[-72.4924763,-8.4066192],[-72.4925247,-8.4120197]]]}},{"type":"Feature","id":"AC-Y632-X233","properties":{"id":"AC-Y632-X233","grid_x":233,"grid_y":632,"centroid":[-72.4803557,-8.4094272],"aggregation":"none","score_gradboost":0.0854658,"score_random_forest":0.0606934,"score_logistic_regression":0.2249359,"score_fuzzy_knn_k29":0.0376453},"geometry":{"type":"Polygon","coordinates":[[[-72.4844281,-8.4120916],[-72.4763315,-8.4121633],[-72.4762833,-8.4067627],[-72.4843798,-8.4066911],[-72.4844281,-8.4120916]]]}},{"type":"Feature","id":"AC-Y632-X234","properties":{"id":"AC-Y632-X234","grid_x":234,"grid_y":632,"centroid":[-72.4722591,-8.4094988],"aggregation":"none","score_gradboost":0.080155,"score_random_forest":0.0577609,"score_logistic_regression":0.2264927,"score_fuzzy_knn_k29":0.0643121},"geometry":{"type":"Polygon","coordinates":[[[-72.4763315,-8.4121633],[-72.4682348,-8.4122349],[-72.4681867,-8.4068343],[-72.4762833,-8.4067627],[-72.4763315,-8.4121633]]]}},{"type":"Feature","id":"AC-Y633-X232","properties":{"id":"AC-Y633-X232","grid_x":232,"grid_y":633,"centroid":[-72.4884039,-8.4039549],"aggregation":"none","score_gradboost":0.082284,"score_random_forest":0.0836159,"score_logistic_regression":0.2480043,"score_fuzzy_knn_k29":0.0328745},"geometry":{"type":"Polygon","coordinates":[[[-72.4924763,-8.4066192],[-72.4843798,-8.4066911],[-72.4843316,-8.4012906],[-72.4924279,-8.4012187],[-72.4924763,-8.4066192]]]}},{"type":"Feature","id":"AC-Y633-X233","properties":{"id":"AC-Y633-X233","grid_x":233,"grid_y":633,"centroid":[-72.4803075,-8.4040267],"aggregation":"none","score_gradboost":0.0810922,"score_random_forest":0.0511892,"score_logistic_regression":0.2249765,"score_fuzzy_knn_k29":0.0608926},"geometry":{"type":"Polygon","coordinates":[[[-72.4843798,-8.4066911],[-72.4762833,-8.4067627],[-72.4762352,-8.4013622],[-72.4843316,-8.4012906],[-72.4843798,-8.4066911]]]}},{"type":"Feature","id":"AC-Y633-X234","properties":{"id":"AC-Y633-X234","grid_x":234,"grid_y":633,"centroid":[-72.472211,-8.4040982],"aggregation":"none","score_gradboost":0.0816988,"score_random_forest":0.1127754,"score_logistic_regression":0.2550459,"score_fuzzy_knn_k29":0.1374868},"geometry":{"type":"Polygon","coordinates":[[[-72.4762833,-8.4067627],[-72.4681867,-8.4068343],[-72.4681387,-8.4014337],[-72.4762352,-8.4013622],[-72.4762833,-8.4067627]]]}},{"type":"Feature","id":"AC-Y634-X232","properties":{"id":"AC-Y634-X232","grid_x":232,"grid_y":634,"centroid":[-72.4883556,-8.3985544],"aggregation":"none","score_gradboost":0.070386,"score_random_forest":0.0973091,"score_logistic_regression":0.2707544,"score_fuzzy_knn_k29":0.0455937},"geometry":{"type":"Polygon","coordinates":[[[-72.4924279,-8.4012187],[-72.4843316,-8.4012906],[-72.4842833,-8.3958901],[-72.4923796,-8.3958183],[-72.4924279,-8.4012187]]]}},{"type":"Feature","id":"AC-Y634-X233","properties":{"id":"AC-Y634-X233","grid_x":233,"grid_y":634,"centroid":[-72.4802593,-8.3986261],"aggregation":"none","score_gradboost":0.0756216,"score_random_forest":0.0589032,"score_logistic_regression":0.2251388,"score_fuzzy_knn_k29":0.1352255},"geometry":{"type":"Polygon","coordinates":[[[-72.4843316,-8.4012906],[-72.4762352,-8.4013622],[-72.4761871,-8.3959616],[-72.4842833,-8.3958901],[-72.4843316,-8.4012906]]]}},{"type":"Feature","id":"AC-Y634-X234","properties":{"id":"AC-Y634-X234","grid_x":234,"grid_y":634,"centroid":[-72.4721629,-8.3986977],"aggregation":"none","score_gradboost":0.0906785,"score_random_forest":0.0757942,"score_logistic_regression":0.2936084,"score_fuzzy_knn_k29":0.2137698},"geometry":{"type":"Polygon","coordinates":[[[-72.4762352,-8.4013622],[-72.4681387,-8.4014337],[-72.4680907,-8.3960331],[-72.4761871,-8.3959616],[-72.4762352,-8.4013622]]]}},{"type":"Feature","id":"AC-Y635-X233","properties":{"id":"AC-Y635-X233","grid_x":233,"grid_y":635,"centroid":[-72.4802111,-8.3932256],"aggregation":"none","score_gradboost":0.1186929,"score_random_forest":0.105279,"score_logistic_regression":0.2610391,"score_fuzzy_knn_k29":0.2625784},"geometry":{"type":"Polygon","coordinates":[[[-72.4842833,-8.3958901],[-72.4761871,-8.3959616],[-72.476139,-8.3905611],[-72.4842351,-8.3904895],[-72.4842833,-8.3958901]]]}}]}